Name,Position,Nation,overall,pace,shooting,passing,dribbling,defending,physical,acceleration,sprint_speed,agility,balance,ball_control,reactions,strength,stamina,jumping,standing_tackle,sliding_tackle,def_awareness,interceptions,heading_accuracy,shot_power,primary_pos,pos_group,att_cluster
Kylian Mbappé,ST,France,0.91,0.97,0.9,0.8,0.92,0.36,0.78,0.97,0.97,0.93,0.82,0.92,0.93,0.77,0.88,0.88,0.34,0.32,0.26,0.38,0.73,0.9,ST,ATT,3
Erling Haaland,ST,Norway,0.91,0.88,0.92,0.7,0.81,0.45,0.88,0.8,0.94,0.77,0.69,0.83,0.94,0.93,0.76,0.92,0.47,0.29,0.38,0.43,0.83,0.94,ST,ATT,3
Vini Jr.,LW,Brazil,0.9,0.95,0.84,0.81,0.91,0.29,0.69,0.95,0.95,0.94,0.84,0.9,0.86,0.65,0.84,0.74,0.25,0.18,0.32,0.26,0.5,0.81,LW,ATT,3
Harry Kane,ST,England,0.9,0.65,0.93,0.84,0.83,0.49,0.82,0.64,0.66,0.66,0.73,0.87,0.94,0.86,0.75,0.87,0.46,0.38,0.46,0.42,0.91,0.94,ST,ATT,3
Lautaro Martínez,ST,Argentina,0.89,0.82,0.88,0.75,0.87,0.54,0.85,0.84,0.8,0.89,0.92,0.89,0.92,0.85,0.83,0.93,0.51,0.44,0.55,0.48,0.86,0.87,ST,ATT,3
Mohamed Salah,RW,Egypt,0.89,0.89,0.87,0.82,0.88,0.45,0.75,0.89,0.89,0.89,0.91,0.86,0.93,0.73,0.87,0.79,0.43,0.41,0.38,0.55,0.59,0.82,RW,ATT,3
Phil Foden,RW,England,0.88,0.86,0.86,0.85,0.9,0.57,0.63,0.89,0.83,0.92,0.92,0.91,0.85,0.53,0.83,0.66,0.59,0.47,0.6,0.59,0.47,0.89,RW,ATT,3
Lionel Messi,RW,Argentina,0.88,0.79,0.85,0.87,0.92,0.33,0.64,0.86,0.73,0.9,0.95,0.93,0.85,0.68,0.7,0.71,0.35,0.24,0.2,0.4,0.6,0.83,RW,ATT,3
Antoine Griezmann,ST,France,0.88,0.8,0.88,0.87,0.89,0.59,0.75,0.81,0.8,0.89,0.84,0.91,0.9,0.69,0.86,0.85,0.63,0.64,0.45,0.59,0.85,0.85,ST,ATT,3
Robert Lewandowski,ST,Poland,0.88,0.75,0.88,0.79,0.86,0.44,0.84,0.76,0.75,0.77,0.83,0.9,0.89,0.89,0.76,0.92,0.42,0.19,0.35,0.49,0.88,0.89,ST,ATT,3
Victor Osimhen,ST,Nigeria,0.87,0.89,0.84,0.65,0.81,0.42,0.82,0.85,0.92,0.78,0.67,0.84,0.89,0.86,0.81,0.94,0.45,0.22,0.36,0.34,0.86,0.86,ST,ATT,3
Bukayo Saka,RW,England,0.87,0.85,0.83,0.81,0.88,0.6,0.7,0.88,0.83,0.85,0.88,0.88,0.85,0.63,0.86,0.71,0.62,0.6,0.6,0.62,0.49,0.79,RW,ATT,3
Neymar Jr,LW,Brazil,0.87,0.85,0.79,0.84,0.92,0.37,0.6,0.86,0.84,0.9,0.83,0.93,0.78,0.52,0.73,0.72,0.32,0.29,0.35,0.37,0.63,0.77,LW,ATT,3
Heung Min Son,ST,Korea Republic,0.87,0.87,0.89,0.81,0.85,0.42,0.73,0.86,0.88,0.81,0.74,0.85,0.9,0.69,0.88,0.82,0.34,0.33,0.45,0.39,0.72,0.89,ST,ATT,3
Cristiano Ronaldo,ST,Portugal,0.86,0.77,0.88,0.77,0.8,0.34,0.77,0.73,0.8,0.76,0.61,0.86,0.87,0.79,0.8,0.94,0.32,0.24,0.24,0.29,0.87,0.92,ST,ATT,3
Rodrygo,RW,Brazil,0.86,0.89,0.81,0.79,0.88,0.31,0.64,0.9,0.88,0.87,0.84,0.87,0.84,0.59,0.81,0.77,0.34,0.3,0.24,0.21,0.67,0.76,RW,ATT,3
Rafael Leão,LW,Portugal,0.86,0.94,0.79,0.8,0.87,0.28,0.77,0.94,0.94,0.85,0.84,0.87,0.84,0.83,0.75,0.9,0.24,0.21,0.22,0.24,0.72,0.8,LW,ATT,3
Ousmane Dembélé,RW,France,0.86,0.92,0.75,0.82,0.88,0.41,0.57,0.94,0.91,0.94,0.81,0.87,0.82,0.52,0.69,0.65,0.42,0.34,0.42,0.38,0.43,0.83,RW,ATT,3
Karim Benzema,ST,France,0.86,0.77,0.85,0.81,0.84,0.38,0.77,0.76,0.77,0.77,0.72,0.87,0.84,0.81,0.8,0.84,0.24,0.18,0.43,0.39,0.87,0.87,ST,ATT,3
Alexander Isak,ST,Sweden,0.85,0.85,0.84,0.73,0.86,0.39,0.74,0.83,0.87,0.8,0.69,0.87,0.85,0.77,0.78,0.88,0.34,0.29,0.35,0.38,0.78,0.82,ST,ATT,3
Khvicha Kvaratskhelia,LW,Georgia,0.85,0.86,0.79,0.8,0.86,0.41,0.71,0.85,0.86,0.86,0.75,0.87,0.84,0.7,0.77,0.78,0.39,0.34,0.38,0.4,0.62,0.78,LW,ATT,3
Loïs Openda,ST,Belgium,0.85,0.93,0.84,0.69,0.81,0.31,0.79,0.94,0.92,0.82,0.85,0.83,0.84,0.8,0.79,0.93,0.23,0.19,0.29,0.26,0.79,0.85,ST,ATT,3
Diogo Jota,ST,Portugal,0.85,0.82,0.82,0.75,0.84,0.57,0.79,0.85,0.8,0.86,0.87,0.85,0.88,0.75,0.8,0.91,0.57,0.45,0.53,0.56,0.86,0.86,ST,ATT,3
Ollie Watkins,ST,England,0.85,0.85,0.83,0.73,0.8,0.5,0.83,0.79,0.89,0.79,0.76,0.79,0.85,0.82,0.88,0.91,0.46,0.36,0.45,0.55,0.84,0.84,ST,ATT,3
Julián Álvarez,ST,Argentina,0.84,0.85,0.84,0.8,0.85,0.57,0.78,0.86,0.85,0.87,0.87,0.86,0.86,0.7,0.85,0.83,0.55,0.46,0.6,0.52,0.72,0.88,ST,ATT,3
Iago Aspas,ST,Spain,0.84,0.81,0.86,0.79,0.86,0.35,0.65,0.78,0.83,0.84,0.72,0.87,0.86,0.61,0.69,0.8,0.21,0.18,0.39,0.39,0.77,0.82,ST,ATT,3
Federico Chiesa,RW,Italy,0.84,0.93,0.83,0.76,0.86,0.52,0.75,0.92,0.93,0.9,0.84,0.83,0.84,0.7,0.84,0.76,0.51,0.48,0.51,0.54,0.53,0.86,RW,ATT,3
Raphinha,RW,Brazil,0.84,0.91,0.79,0.78,0.86,0.53,0.73,0.9,0.91,0.88,0.79,0.85,0.84,0.65,0.86,0.83,0.54,0.38,0.47,0.55,0.74,0.83,RW,ATT,3
Luis Díaz,LW,Colombia,0.84,0.9,0.8,0.75,0.87,0.39,0.75,0.91,0.9,0.88,0.77,0.87,0.83,0.69,0.87,0.8,0.42,0.34,0.35,0.28,0.64,0.84,LW,ATT,3
Artem Dovbyk,ST,Ukraine,0.84,0.84,0.85,0.69,0.79,0.34,0.81,0.81,0.86,0.74,0.72,0.79,0.8,0.86,0.75,0.95,0.28,0.23,0.32,0.25,0.86,0.89,ST,ATT,3
Jack Grealish,LW,England,0.84,0.76,0.76,0.82,0.88,0.53,0.73,0.78,0.75,0.84,0.85,0.9,0.82,0.71,0.83,0.7,0.54,0.48,0.58,0.49,0.48,0.76,LW,ATT,3
Serhou Guirassy,ST,Guinea,0.84,0.69,0.86,0.71,0.8,0.39,0.79,0.66,0.71,0.67,0.77,0.84,0.85,0.85,0.71,0.87,0.29,0.34,0.42,0.29,0.83,0.87,ST,ATT,3
Viktor Gyökeres,ST,Sweden,0.84,0.9,0.83,0.67,0.8,0.36,0.91,0.88,0.92,0.77,0.77,0.82,0.84,0.91,0.93,0.95,0.34,0.16,0.34,0.28,0.81,0.85,ST,ATT,3
Dušan Vlahović,ST,Serbia,0.84,0.78,0.84,0.69,0.79,0.29,0.83,0.76,0.79,0.63,0.53,0.84,0.86,0.87,0.77,0.92,0.26,0.24,0.19,0.24,0.83,0.84,ST,ATT,3
Domenico Berardi,RW,Italy,0.83,0.79,0.81,0.78,0.85,0.36,0.7,0.8,0.79,0.92,0.86,0.84,0.84,0.61,0.76,0.73,0.3,0.3,0.42,0.25,0.62,0.8,RW,ATT,3
Yannick Carrasco,LW,Belgium,0.83,0.88,0.81,0.8,0.85,0.59,0.67,0.87,0.88,0.86,0.7,0.84,0.8,0.63,0.76,0.74,0.64,0.61,0.54,0.57,0.56,0.84,LW,ATT,3
Youssef En-Nesyri,ST,Morocco,0.83,0.82,0.82,0.63,0.77,0.36,0.8,0.8,0.84,0.67,0.39,0.82,0.82,0.79,0.83,0.93,0.31,0.27,0.27,0.33,0.9,0.83,ST,ATT,3
Cody Gakpo,ST,Holland,0.83,0.82,0.83,0.78,0.83,0.48,0.75,0.84,0.81,0.75,0.67,0.85,0.81,0.78,0.76,0.91,0.48,0.31,0.46,0.45,0.81,0.86,ST,ATT,3
Olivier Giroud,ST,France,0.83,0.45,0.84,0.74,0.75,0.42,0.81,0.42,0.48,0.55,0.53,0.86,0.86,0.93,0.61,0.84,0.37,0.2,0.37,0.42,0.89,0.88,ST,ATT,1
Kai Havertz,ST,Germany,0.83,0.77,0.81,0.8,0.82,0.49,0.72,0.74,0.79,0.75,0.54,0.86,0.84,0.75,0.77,0.86,0.47,0.41,0.45,0.43,0.83,0.79,ST,ATT,3
Mauro Icardi,ST,Argentina,0.83,0.68,0.83,0.71,0.76,0.4,0.75,0.66,0.69,0.68,0.71,0.81,0.84,0.79,0.71,0.87,0.37,0.2,0.4,0.29,0.9,0.85,ST,ATT,3
Gabriel Martinelli,LW,Brazil,0.83,0.89,0.78,0.75,0.85,0.46,0.72,0.91,0.88,0.87,0.81,0.84,0.82,0.63,0.82,0.82,0.44,0.43,0.44,0.39,0.72,0.77,LW,ATT,3
Morata,ST,Spain,0.83,0.82,0.81,0.73,0.8,0.31,0.79,0.81,0.83,0.74,0.63,0.83,0.84,0.81,0.79,0.94,0.14,0.2,0.37,0.26,0.87,0.83,ST,ATT,3
Gerard Moreno,ST,Spain,0.83,0.77,0.85,0.77,0.81,0.46,0.72,0.77,0.77,0.77,0.72,0.82,0.82,0.73,0.77,0.87,0.41,0.41,0.44,0.42,0.82,0.82,ST,ATT,3
Pedro Gonçalves,LW,Portugal,0.83,0.78,0.82,0.84,0.84,0.63,0.68,0.8,0.76,0.85,0.87,0.84,0.84,0.62,0.84,0.72,0.65,0.48,0.63,0.71,0.59,0.78,LW,ATT,3
Christian Pulisic,RW,United States,0.83,0.88,0.82,0.78,0.86,0.37,0.63,0.91,0.85,0.9,0.86,0.86,0.84,0.54,0.76,0.69,0.32,0.48,0.38,0.33,0.5,0.81,RW,ATT,3
Marcus Thuram,ST,France,0.83,0.87,0.81,0.77,0.82,0.5,0.84,0.84,0.89,0.78,0.66,0.8,0.85,0.88,0.83,0.94,0.49,0.42,0.44,0.5,0.8,0.84,ST,ATT,3
Leandro Trossard,LW,Belgium,0.83,0.82,0.81,0.8,0.85,0.3,0.61,0.87,0.77,0.92,0.85,0.84,0.8,0.57,0.76,0.75,0.31,0.18,0.3,0.18,0.65,0.81,LW,ATT,3
Mattia Zaccagni,LW,Italy,0.83,0.87,0.77,0.75,0.88,0.57,0.66,0.9,0.85,0.93,0.87,0.87,0.83,0.63,0.75,0.79,0.58,0.52,0.55,0.58,0.66,0.78,LW,ATT,3
Duván Zapata,ST,Colombia,0.83,0.73,0.82,0.64,0.78,0.35,0.88,0.75,0.71,0.67,0.59,0.81,0.78,0.95,0.78,0.95,0.24,0.22,0.44,0.2,0.87,0.88,ST,ATT,3
Pierre-Emerick Aubameyang,ST,Gabon,0.82,0.84,0.83,0.72,0.78,0.35,0.63,0.8,0.87,0.7,0.67,0.82,0.83,0.7,0.62,0.83,0.29,0.36,0.2,0.44,0.76,0.82,ST,ATT,3
Victor Boniface,ST,Nigeria,0.82,0.73,0.83,0.66,0.8,0.38,0.82,0.7,0.75,0.68,0.6,0.82,0.78,0.9,0.67,0.88,0.31,0.26,0.38,0.33,0.78,0.91,ST,ATT,3
Ángel Correa,ST,Argentina,0.82,0.85,0.84,0.77,0.86,0.5,0.75,0.86,0.85,0.9,0.89,0.85,0.82,0.68,0.84,0.82,0.53,0.44,0.42,0.48,0.71,0.83,ST,ATT,3
Edin Džeko,ST,Bosnia and Herzegovina,0.82,0.57,0.82,0.73,0.76,0.45,0.76,0.53,0.6,0.62,0.55,0.81,0.83,0.84,0.68,0.77,0.28,0.16,0.54,0.5,0.86,0.85,ST,ATT,3
Gabriel Jesus,ST,Brazil,0.82,0.83,0.8,0.75,0.88,0.39,0.77,0.86,0.81,0.92,0.9,0.87,0.88,0.72,0.81,0.88,0.3,0.28,0.45,0.32,0.77,0.83,ST,ATT,3
Niclas Füllkrug,ST,Germany,0.82,0.63,0.84,0.71,0.75,0.43,0.81,0.63,0.63,0.64,0.67,0.79,0.83,0.86,0.68,0.89,0.46,0.3,0.41,0.24,0.89,0.89,ST,ATT,3
Anthony Gordon,LW,England,0.82,0.91,0.78,0.76,0.81,0.49,0.71,0.89,0.92,0.79,0.7,0.81,0.83,0.61,0.87,0.75,0.55,0.48,0.48,0.39,0.59,0.78,LW,ATT,3
Ciro Immobile,ST,Italy,0.82,0.82,0.83,0.67,0.78,0.39,0.73,0.8,0.83,0.73,0.83,0.79,0.82,0.73,0.69,0.86,0.33,0.32,0.34,0.4,0.8,0.85,ST,ATT,3
Randal Kolo Muani,ST,France,0.82,0.9,0.8,0.71,0.81,0.38,0.67,0.9,0.9,0.84,0.73,0.81,0.8,0.74,0.73,0.9,0.33,0.32,0.32,0.38,0.8,0.83,ST,ATT,3
Alexandre Lacazette,ST,France,0.82,0.7,0.84,0.76,0.83,0.44,0.75,0.68,0.72,0.8,0.83,0.84,0.83,0.79,0.68,0.83,0.45,0.32,0.39,0.42,0.76,0.85,ST,ATT,3
Ademola Lookman,ST,Nigeria,0.82,0.84,0.81,0.71,0.86,0.31,0.66,0.88,0.81,0.91,0.85,0.86,0.85,0.64,0.69,0.79,0.23,0.24,0.27,0.32,0.67,0.81,ST,ATT,3
Romelu Lukaku,ST,Belgium,0.82,0.79,0.82,0.73,0.74,0.38,0.82,0.71,0.86,0.59,0.52,0.75,0.8,0.94,0.64,0.93,0.4,0.3,0.3,0.27,0.82,0.86,ST,ATT,3
Aleksandar Mitrović,ST,Serbia,0.82,0.64,0.82,0.62,0.73,0.28,0.88,0.62,0.66,0.6,0.6,0.8,0.82,0.91,0.79,0.91,0.24,0.13,0.25,0.14,0.9,0.86,ST,ATT,4
Savinho,LW,Brazil,0.82,0.88,0.72,0.77,0.84,0.3,0.53,0.9,0.87,0.9,0.76,0.83,0.77,0.45,0.73,0.62,0.3,0.36,0.26,0.25,0.45,0.69,LW,ATT,7
Darwin Núñez,ST,Uruguay,0.82,0.9,0.8,0.72,0.78,0.46,0.86,0.88,0.92,0.74,0.66,0.79,0.82,0.85,0.88,0.94,0.47,0.36,0.39,0.44,0.8,0.86,ST,ATT,3
Oyarzabal,ST,Spain,0.82,0.77,0.83,0.81,0.82,0.42,0.63,0.78,0.76,0.77,0.77,0.84,0.82,0.57,0.79,0.77,0.32,0.3,0.55,0.29,0.75,0.84,ST,ATT,3
Patrik Schick,ST,Czech Republic,0.82,0.74,0.81,0.71,0.81,0.37,0.76,0.74,0.74,0.82,0.67,0.82,0.83,0.83,0.68,0.9,0.29,0.19,0.44,0.25,0.84,0.82,ST,ATT,3
Alexander Sørloth,ST,Norway,0.82,0.79,0.82,0.7,0.76,0.36,0.85,0.74,0.83,0.57,0.55,0.82,0.8,0.9,0.82,0.92,0.23,0.21,0.39,0.36,0.82,0.82,ST,ATT,3
Luis Suárez,ST,Uruguay,0.82,0.64,0.85,0.78,0.77,0.41,0.75,0.64,0.64,0.66,0.71,0.8,0.85,0.81,0.53,0.79,0.38,0.35,0.35,0.35,0.83,0.85,ST,ATT,3
Marco Asensio,RW,Spain,0.81,0.76,0.79,0.81,0.83,0.43,0.63,0.78,0.74,0.78,0.76,0.86,0.8,0.63,0.74,0.71,0.42,0.39,0.4,0.45,0.57,0.81,RW,ATT,3
Jonathan David,ST,Canada,0.81,0.82,0.81,0.71,0.78,0.34,0.75,0.8,0.84,0.75,0.71,0.8,0.82,0.77,0.85,0.88,0.29,0.19,0.29,0.33,0.77,0.79,ST,ATT,3
Richarlison,ST,Brazil,0.81,0.77,0.8,0.73,0.8,0.53,0.78,0.79,0.76,0.82,0.65,0.82,0.81,0.75,0.78,0.89,0.58,0.48,0.43,0.46,0.84,0.83,ST,ATT,3
Luuk de Jong,ST,Holland,0.81,0.44,0.8,0.73,0.73,0.57,0.8,0.48,0.4,0.52,0.55,0.83,0.84,0.85,0.79,0.92,0.55,0.47,0.59,0.45,0.93,0.83,ST,ATT,3
Andrej Kramarić,ST,Croatia,0.81,0.71,0.83,0.79,0.84,0.33,0.73,0.73,0.7,0.83,0.84,0.85,0.84,0.69,0.82,0.75,0.25,0.26,0.35,0.29,0.69,0.82,ST,ATT,3
Takefusa Kubo,RW,Japan,0.81,0.84,0.76,0.76,0.83,0.4,0.6,0.89,0.79,0.86,0.83,0.84,0.79,0.58,0.74,0.69,0.43,0.46,0.4,0.28,0.49,0.73,RW,ATT,3
Arkadiusz Milik,ST,Poland,0.81,0.56,0.82,0.72,0.77,0.4,0.72,0.48,0.62,0.69,0.62,0.83,0.82,0.8,0.58,0.8,0.34,0.32,0.35,0.36,0.85,0.84,ST,ATT,3
Dominic Solanke,ST,England,0.81,0.75,0.81,0.66,0.78,0.29,0.83,0.69,0.79,0.67,0.68,0.79,0.82,0.83,0.87,0.89,0.25,0.22,0.22,0.22,0.85,0.82,ST,ATT,4
Deniz Undav,ST,Germany,0.81,0.67,0.82,0.75,0.8,0.33,0.78,0.67,0.67,0.72,0.87,0.83,0.84,0.8,0.74,0.81,0.37,0.29,0.25,0.18,0.75,0.84,ST,ATT,3
Callum Wilson,ST,England,0.81,0.78,0.82,0.67,0.79,0.42,0.75,0.77,0.79,0.75,0.72,0.83,0.85,0.76,0.7,0.87,0.4,0.27,0.39,0.4,0.79,0.8,ST,ATT,3
Lamine Yamal,RW,Spain,0.81,0.82,0.75,0.76,0.82,0.23,0.48,0.84,0.81,0.87,0.74,0.82,0.79,0.45,0.57,0.55,0.2,0.28,0.23,0.18,0.33,0.77,RW,ATT,7
Marko Arnautović,ST,Austria,0.8,0.7,0.79,0.78,0.79,0.44,0.78,0.7,0.7,0.69,0.78,0.84,0.77,0.82,0.71,0.86,0.42,0.39,0.4,0.38,0.79,0.8,ST,ATT,3
Simon Banza,ST,Congo DR,0.8,0.75,0.8,0.56,0.76,0.36,0.77,0.73,0.76,0.71,0.66,0.82,0.8,0.81,0.73,0.9,0.23,0.18,0.42,0.3,0.84,0.8,ST,ATT,3
Bradley Barcola,LW,France,0.8,0.88,0.74,0.75,0.81,0.34,0.64,0.87,0.88,0.86,0.64,0.8,0.79,0.59,0.73,0.77,0.37,0.28,0.25,0.29,0.69,0.74,LW,ATT,3
Harvey Barnes,LW,England,0.8,0.85,0.78,0.75,0.81,0.43,0.68,0.84,0.85,0.78,0.77,0.82,0.83,0.71,0.74,0.72,0.43,0.4,0.44,0.43,0.46,0.82,LW,ATT,3
Denis Bouanga,LW,Gabon,0.8,0.85,0.81,0.74,0.79,0.38,0.79,0.83,0.86,0.85,0.71,0.78,0.82,0.81,0.83,0.88,0.25,0.23,0.46,0.38,0.71,0.85,LW,ATT,3
Samuel Chukwueze,RW,Nigeria,0.8,0.88,0.74,0.74,0.83,0.36,0.61,0.91,0.86,0.85,0.83,0.82,0.77,0.62,0.67,0.68,0.32,0.33,0.4,0.33,0.44,0.78,RW,ATT,3
Evanilson,ST,Brazil,0.8,0.76,0.78,0.65,0.78,0.37,0.8,0.77,0.76,0.69,0.69,0.81,0.83,0.81,0.8,0.89,0.41,0.26,0.22,0.37,0.76,0.77,ST,ATT,3
Jérémy Doku,LW,Belgium,0.8,0.92,0.72,0.73,0.86,0.3,0.68,0.95,0.89,0.93,0.92,0.81,0.77,0.73,0.63,0.72,0.28,0.25,0.4,0.18,0.37,0.77,LW,ATT,7
João Félix,LW,Portugal,0.8,0.8,0.78,0.77,0.84,0.4,0.67,0.82,0.79,0.88,0.84,0.82,0.8,0.62,0.75,0.77,0.42,0.35,0.3,0.4,0.69,0.8,LW,ATT,3
Nicolás González,RW,Argentina,0.8,0.85,0.76,0.73,0.83,0.45,0.62,0.83,0.86,0.8,0.78,0.85,0.76,0.52,0.73,0.79,0.46,0.39,0.38,0.39,0.8,0.75,RW,ATT,3
Albert Guðmundsson,ST,Iceland,0.8,0.87,0.79,0.7,0.83,0.37,0.72,0.86,0.87,0.83,0.78,0.83,0.79,0.75,0.77,0.87,0.39,0.43,0.25,0.29,0.74,0.79,ST,ATT,3
Bryan Mbeumo,RW,Cameroon,0.8,0.84,0.8,0.74,0.8,0.49,0.76,0.87,0.82,0.9,0.79,0.78,0.76,0.71,0.8,0.81,0.41,0.37,0.53,0.52,0.63,0.83,RW,ATT,3
Vedat Muriqi,ST,Kosovo,0.8,0.53,0.82,0.63,0.73,0.29,0.82,0.4,0.64,0.42,0.34,0.83,0.82,0.91,0.71,0.82,0.25,0.22,0.23,0.18,0.84,0.82,ST,ATT,1
Vangelis Pavlidis,ST,Greece,0.8,0.75,0.82,0.67,0.78,0.44,0.82,0.76,0.75,0.71,0.77,0.78,0.79,0.81,0.86,0.82,0.44,0.37,0.44,0.3,0.77,0.83,ST,ATT,3
Matteo Politano,RW,Italy,0.8,0.8,0.78,0.78,0.83,0.42,0.54,0.81,0.79,0.89,0.88,0.83,0.81,0.4,0.75,0.53,0.29,0.29,0.63,0.38,0.4,0.78,RW,ATT,3
Mehdi Taremi,ST,Iran,0.8,0.78,0.79,0.75,0.81,0.38,0.73,0.79,0.77,0.74,0.65,0.84,0.82,0.8,0.8,0.8,0.41,0.25,0.38,0.23,0.75,0.75,ST,ATT,3
Ivan Toney,ST,England,0.8,0.77,0.81,0.71,0.75,0.51,0.81,0.76,0.78,0.74,0.67,0.78,0.78,0.81,0.76,0.91,0.51,0.39,0.45,0.52,0.81,0.82,ST,ATT,3
Ferran Torres,LW,Spain,0.8,0.84,0.78,0.76,0.81,0.35,0.68,0.87,0.81,0.84,0.78,0.8,0.82,0.69,0.72,0.85,0.24,0.28,0.35,0.34,0.75,0.79,LW,ATT,3
André Silva,ST,Portugal,0.8,0.74,0.8,0.71,0.81,0.46,0.77,0.76,0.72,0.77,0.75,0.83,0.83,0.77,0.77,0.9,0.4,0.34,0.36,0.59,0.83,0.82,ST,ATT,3
Ezequiel Ávila,ST,Argentina,0.79,0.77,0.8,0.65,0.77,0.45,0.85,0.74,0.79,0.71,0.86,0.77,0.78,0.86,0.76,0.92,0.46,0.41,0.38,0.38,0.82,0.85,ST,ATT,3
Johan Bakayoko,RW,Belgium,0.79,0.86,0.71,0.7,0.82,0.33,0.63,0.88,0.85,0.86,0.69,0.81,0.78,0.69,0.67,0.7,0.35,0.27,0.24,0.33,0.58,0.7,RW,ATT,3
Steven Berghuis,RW,Holland,0.79,0.72,0.8,0.82,0.79,0.39,0.66,0.79,0.66,0.82,0.75,0.82,0.77,0.63,0.69,0.6,0.37,0.3,0.43,0.37,0.48,0.82,RW,ATT,3
Steven Bergwijn,LW,Holland,0.79,0.8,0.76,0.74,0.82,0.41,0.7,0.82,0.78,0.76,0.9,0.82,0.79,0.79,0.62,0.75,0.36,0.32,0.47,0.33,0.6,0.83,LW,ATT,3
Brian Brobbey,ST,Holland,0.79,0.85,0.76,0.57,0.73,0.3,0.8,0.82,0.88,0.65,0.88,0.78,0.79,0.92,0.6,0.92,0.23,0.24,0.28,0.26,0.71,0.79,ST,ATT,4
Matheus Cunha,ST,Brazil,0.79,0.84,0.78,0.76,0.83,0.44,0.75,0.82,0.86,0.83,0.74,0.83,0.79,0.73,0.8,0.81,0.41,0.39,0.43,0.42,0.68,0.82,ST,ATT,3
Valentin Castellanos,ST,Argentina,0.79,0.72,0.79,0.69,0.75,0.42,0.77,0.73,0.72,0.7,0.66,0.77,0.79,0.68,0.86,0.84,0.37,0.39,0.43,0.29,0.82,0.79,ST,ATT,3
Romain Del Castillo,RW,France,0.79,0.84,0.76,0.78,0.81,0.42,0.65,0.79,0.88,0.9,0.81,0.8,0.72,0.62,0.66,0.74,0.48,0.45,0.32,0.35,0.63,0.78,RW,ATT,3
Ermedin Demirović,ST,Bosnia and Herzegovina,0.79,0.69,0.81,0.72,0.77,0.41,0.79,0.69,0.69,0.7,0.72,0.8,0.81,0.77,0.86,0.78,0.39,0.42,0.38,0.36,0.69,0.84,ST,ATT,3
Boulaye Dia,ST,Senegal,0.79,0.81,0.8,0.62,0.77,0.27,0.75,0.78,0.83,0.73,0.7,0.77,0.78,0.81,0.7,0.87,0.17,0.14,0.28,0.23,0.74,0.84,ST,ATT,4
Hugo Duro,ST,Spain,0.79,0.73,0.79,0.67,0.76,0.47,0.75,0.72,0.74,0.69,0.69,0.77,0.79,0.77,0.75,0.88,0.4,0.4,0.44,0.5,0.82,0.79,ST,ATT,3
Marcus Edwards,RW,England,0.79,0.85,0.7,0.72,0.85,0.3,0.48,0.87,0.84,0.92,0.9,0.84,0.78,0.39,0.73,0.53,0.28,0.24,0.32,0.3,0.37,0.7,RW,ATT,7
Santiago Giménez,ST,Mexico,0.79,0.79,0.8,0.7,0.76,0.49,0.75,0.77,0.8,0.75,0.7,0.77,0.74,0.76,0.68,0.81,0.39,0.22,0.55,0.51,0.8,0.83,ST,ATT,3
Guruzeta,ST,Spain,0.79,0.75,0.79,0.71,0.78,0.42,0.8,0.75,0.75,0.77,0.73,0.81,0.79,0.82,0.8,0.89,0.35,0.36,0.42,0.37,0.8,0.82,ST,ATT,3
Sébastien Haller,ST,Côte d'Ivoire,0.79,0.56,0.79,0.63,0.75,0.51,0.73,0.54,0.57,0.66,0.59,0.81,0.82,0.84,0.54,0.84,0.61,0.56,0.4,0.36,0.83,0.83,ST,ATT,3
Nicolas Jackson,ST,Senegal,0.79,0.83,0.78,0.65,0.8,0.4,0.73,0.82,0.84,0.75,0.77,0.79,0.77,0.76,0.76,0.89,0.37,0.33,0.35,0.35,0.77,0.78,ST,ATT,3
Luka Jović,ST,Serbia,0.79,0.75,0.79,0.68,0.79,0.3,0.72,0.76,0.74,0.74,0.81,0.8,0.8,0.79,0.63,0.9,0.26,0.16,0.25,0.23,0.82,0.81,ST,ATT,4
İrfan Can Kahveci,RW,Turkey,0.79,0.73,0.79,0.79,0.8,0.58,0.66,0.74,0.73,0.77,0.82,0.81,0.74,0.64,0.68,0.6,0.61,0.56,0.56,0.62,0.52,0.81,RW,ATT,3
Erik Lamela,RW,Argentina,0.79,0.76,0.77,0.78,0.82,0.54,0.68,0.77,0.76,0.8,0.75,0.83,0.78,0.61,0.67,0.72,0.52,0.54,0.52,0.55,0.6,0.81,RW,ATT,3
Noa Lang,LW,Holland,0.79,0.82,0.75,0.72,0.84,0.5,0.7,0.86,0.79,0.88,0.84,0.84,0.78,0.65,0.8,0.71,0.51,0.43,0.47,0.57,0.49,0.72,LW,ATT,3
Pedro Neto,RW,Portugal,0.79,0.88,0.74,0.72,0.83,0.31,0.59,0.89,0.87,0.9,0.9,0.81,0.74,0.55,0.7,0.68,0.23,0.17,0.32,0.41,0.49,0.77,RW,ATT,7
Dodi Lukébakio,RW,Belgium,0.79,0.84,0.78,0.7,0.82,0.31,0.59,0.82,0.86,0.77,0.71,0.83,0.74,0.68,0.64,0.74,0.29,0.24,0.31,0.26,0.55,0.83,RW,ATT,3
Omar Marmoush,ST,Egypt,0.79,0.89,0.78,0.66,0.83,0.32,0.71,0.86,0.91,0.9,0.82,0.82,0.76,0.68,0.75,0.8,0.3,0.21,0.26,0.34,0.67,0.79,ST,ATT,3
Jean-Philippe Mateta,ST,France,0.79,0.76,0.78,0.63,0.73,0.39,0.82,0.68,0.83,0.54,0.48,0.77,0.76,0.89,0.66,0.87,0.34,0.26,0.35,0.41,0.76,0.82,ST,ATT,3
Borja Mayoral,ST,Spain,0.79,0.71,0.8,0.71,0.77,0.39,0.67,0.7,0.72,0.73,0.74,0.8,0.77,0.72,0.66,0.85,0.29,0.24,0.4,0.37,0.84,0.8,ST,ATT,3
Gonçalo Ramos,ST,Portugal,0.79,0.76,0.77,0.64,0.77,0.47,0.81,0.77,0.75,0.77,0.75,0.78,0.81,0.79,0.85,0.89,0.47,0.34,0.43,0.44,0.8,0.82,ST,ATT,3
Gianluca Scamacca,ST,Italy,0.79,0.65,0.81,0.67,0.74,0.36,0.74,0.61,0.69,0.61,0.59,0.8,0.76,0.85,0.61,0.87,0.28,0.2,0.4,0.26,0.83,0.83,ST,ATT,4
Benjamin Šeško,ST,Slovenia,0.79,0.85,0.78,0.63,0.77,0.46,0.78,0.79,0.89,0.74,0.69,0.79,0.71,0.83,0.78,0.93,0.42,0.35,0.45,0.39,0.81,0.81,ST,ATT,3
Martin Terrier,ST,France,0.79,0.82,0.8,0.75,0.79,0.36,0.72,0.81,0.83,0.72,0.71,0.82,0.76,0.75,0.75,0.86,0.31,0.34,0.34,0.27,0.75,0.79,ST,ATT,3
Yoane Wissa,LW,Congo DR,0.79,0.85,0.79,0.7,0.79,0.29,0.71,0.83,0.87,0.83,0.73,0.8,0.76,0.68,0.78,0.78,0.24,0.19,0.25,0.31,0.66,0.76,LW,ATT,3
Joshua Zirkzee,ST,Holland,0.79,0.73,0.77,0.72,0.83,0.37,0.73,0.74,0.73,0.84,0.61,0.86,0.78,0.82,0.69,0.85,0.3,0.28,0.4,0.28,0.73,0.76,ST,ATT,3
Tammy Abraham,ST,England,0.78,0.78,0.76,0.65,0.75,0.36,0.77,0.75,0.81,0.61,0.53,0.78,0.8,0.85,0.66,0.92,0.29,0.2,0.4,0.25,0.81,0.8,ST,ATT,4
Amine Adli,ST,Morocco,0.78,0.83,0.76,0.69,0.82,0.42,0.74,0.87,0.8,0.86,0.83,0.82,0.76,0.7,0.79,0.92,0.38,0.35,0.44,0.3,0.74,0.79,ST,ATT,3
Miguel Almirón,RW,Paraguay,0.78,0.87,0.75,0.73,0.8,0.57,0.65,0.89,0.86,0.86,0.69,0.79,0.77,0.52,0.88,0.62,0.59,0.49,0.62,0.59,0.43,0.78,RW,ATT,3
Michail Antonio,ST,Jamaica,0.78,0.77,0.74,0.72,0.76,0.54,0.82,0.74,0.79,0.65,0.74,0.76,0.81,0.86,0.7,0.93,0.56,0.53,0.48,0.45,0.84,0.78,ST,ATT,3
Cristian Arango,ST,Colombia,0.78,0.75,0.79,0.71,0.77,0.36,0.74,0.77,0.74,0.75,0.68,0.79,0.78,0.76,0.74,0.88,0.28,0.16,0.44,0.23,0.77,0.78,ST,ATT,3
Maximilian Beier,ST,Germany,0.78,0.89,0.79,0.65,0.79,0.26,0.6,0.88,0.89,0.83,0.77,0.79,0.79,0.52,0.83,0.74,0.21,0.17,0.22,0.22,0.67,0.8,ST,ATT,4
Andrea Belotti,ST,Italy,0.78,0.69,0.77,0.58,0.75,0.38,0.8,0.66,0.71,0.72,0.77,0.75,0.79,0.81,0.72,0.88,0.23,0.32,0.44,0.31,0.84,0.8,ST,ATT,3
Saïd Benrahma,LW,Algeria,0.78,0.73,0.75,0.75,0.82,0.4,0.57,0.78,0.69,0.85,0.83,0.82,0.75,0.53,0.7,0.61,0.35,0.36,0.45,0.4,0.47,0.85,LW,ATT,3
Mergim Berisha,ST,Germany,0.78,0.71,0.79,0.72,0.75,0.37,0.72,0.73,0.69,0.69,0.66,0.78,0.78,0.76,0.66,0.83,0.32,0.26,0.38,0.32,0.73,0.83,ST,ATT,3
Veljko Birmančević,RW,Serbia,0.78,0.78,0.73,0.74,0.81,0.38,0.59,0.81,0.76,0.88,0.78,0.79,0.77,0.57,0.76,0.65,0.35,0.38,0.36,0.39,0.47,0.7,RW,ATT,3
Ante Budimir,ST,Croatia,0.78,0.59,0.79,0.52,0.74,0.35,0.77,0.54,0.63,0.53,0.33,0.81,0.75,0.83,0.63,0.86,0.35,0.27,0.29,0.24,0.87,0.77,ST,ATT,1
Ayoub El Kaabi,ST,Morocco,0.78,0.8,0.8,0.61,0.74,0.46,0.7,0.78,0.82,0.73,0.72,0.77,0.69,0.75,0.68,0.88,0.44,0.42,0.4,0.41,0.8,0.8,ST,ATT,3
Levi García,ST,Trinidad and Tobago,0.78,0.89,0.77,0.71,0.81,0.35,0.82,0.88,0.89,0.79,0.85,0.8,0.73,0.87,0.78,0.95,0.3,0.28,0.31,0.3,0.77,0.78,ST,ATT,3
Ryan Gauld,LW,Scotland,0.78,0.84,0.67,0.77,0.82,0.51,0.54,0.84,0.84,0.9,0.92,0.79,0.78,0.38,0.87,0.64,0.55,0.4,0.45,0.55,0.62,0.69,LW,ATT,3
Michael Gregoritsch,ST,Austria,0.78,0.53,0.79,0.7,0.7,0.42,0.76,0.54,0.53,0.53,0.52,0.78,0.81,0.85,0.71,0.85,0.4,0.38,0.36,0.33,0.85,0.84,ST,ATT,1
Abderrazak Hamdallah,ST,Morocco,0.78,0.61,0.79,0.7,0.75,0.31,0.79,0.55,0.66,0.74,0.46,0.74,0.82,0.8,0.83,0.75,0.25,0.2,0.3,0.2,0.81,0.78,ST,ATT,4
Lukáš Haraslín,LW,Slovakia,0.78,0.8,0.74,0.73,0.81,0.4,0.59,0.79,0.81,0.87,0.83,0.8,0.77,0.61,0.68,0.72,0.41,0.48,0.33,0.33,0.59,0.74,LW,ATT,3
Cucho Hernández,ST,Colombia,0.78,0.83,0.77,0.73,0.78,0.42,0.77,0.86,0.8,0.79,0.8,0.78,0.76,0.75,0.79,0.87,0.43,0.4,0.44,0.23,0.74,0.75,ST,ATT,3
Rasmus Højlund,ST,Denmark,0.78,0.85,0.77,0.59,0.74,0.33,0.84,0.84,0.86,0.64,0.62,0.76,0.77,0.87,0.78,0.91,0.28,0.19,0.32,0.28,0.71,0.84,ST,ATT,4
Hwang Hee Chan,ST,Korea Republic,0.78,0.84,0.77,0.7,0.78,0.39,0.74,0.88,0.81,0.87,0.76,0.76,0.8,0.74,0.77,0.84,0.36,0.25,0.39,0.37,0.68,0.78,ST,ATT,3
Borja Iglesias,ST,Spain,0.78,0.62,0.8,0.66,0.74,0.4,0.77,0.61,0.63,0.56,0.67,0.79,0.8,0.84,0.65,0.85,0.36,0.27,0.4,0.32,0.8,0.83,ST,ATT,3
Lorenzo Insigne,LW,Italy,0.78,0.79,0.77,0.79,0.81,0.36,0.44,0.83,0.76,0.84,0.9,0.81,0.73,0.34,0.67,0.6,0.2,0.22,0.52,0.3,0.59,0.79,LW,ATT,7
Moise Kean,ST,Italy,0.78,0.84,0.76,0.58,0.76,0.4,0.75,0.82,0.85,0.78,0.79,0.75,0.72,0.78,0.77,0.91,0.36,0.3,0.4,0.31,0.79,0.84,ST,ATT,3
Kodjo Fo-Doh Laba,ST,Togo,0.78,0.77,0.78,0.64,0.7,0.25,0.83,0.77,0.77,0.76,0.65,0.71,0.78,0.85,0.87,0.94,0.15,0.21,0.21,0.19,0.82,0.78,ST,ATT,4
Gaëtan Laborde,RW,France,0.78,0.7,0.79,0.76,0.79,0.4,0.79,0.71,0.7,0.79,0.63,0.81,0.78,0.76,0.88,0.88,0.34,0.23,0.38,0.36,0.84,0.82,RW,ATT,3
Armand Laurienté,LW,France,0.78,0.8,0.76,0.75,0.8,0.35,0.61,0.78,0.82,0.72,0.87,0.79,0.78,0.59,0.75,0.64,0.4,0.43,0.28,0.27,0.45,0.81,LW,ATT,3
Hirving Lozano,RW,Mexico,0.78,0.88,0.75,0.71,0.8,0.41,0.58,0.89,0.87,0.85,0.82,0.78,0.81,0.54,0.6,0.73,0.35,0.29,0.42,0.45,0.62,0.75,RW,ATT,3
Arthur Cabral,ST,Brazil,0.78,0.71,0.78,0.64,0.76,0.32,0.79,0.68,0.74,0.71,0.68,0.79,0.76,0.87,0.74,0.88,0.27,0.25,0.27,0.24,0.8,0.78,ST,ATT,4
Luis Muriel,ST,Colombia,0.78,0.85,0.78,0.73,0.82,0.29,0.67,0.84,0.85,0.84,0.84,0.81,0.78,0.72,0.69,0.82,0.27,0.25,0.29,0.16,0.69,0.79,ST,ATT,3
M'Bala Nzola,ST,Angola,0.78,0.88,0.74,0.6,0.75,0.29,0.82,0.86,0.9,0.65,0.63,0.78,0.78,0.9,0.75,0.93,0.24,0.28,0.2,0.29,0.72,0.78,ST,ATT,4
Noah Okafor,ST,Switzerland,0.78,0.88,0.77,0.72,0.83,0.31,0.73,0.89,0.87,0.87,0.71,0.83,0.76,0.82,0.68,0.86,0.25,0.2,0.38,0.2,0.63,0.75,ST,ATT,3
Julian Quiñones,ST,Mexico,0.78,0.88,0.78,0.7,0.78,0.36,0.83,0.88,0.88,0.83,0.68,0.78,0.69,0.89,0.88,0.95,0.46,0.28,0.25,0.21,0.76,0.8,ST,ATT,3
Trincão,RW,Portugal,0.78,0.78,0.77,0.72,0.83,0.39,0.59,0.77,0.78,0.84,0.74,0.84,0.73,0.57,0.69,0.72,0.36,0.34,0.37,0.35,0.66,0.75,RW,ATT,3
Enes Ünal,ST,Turkey,0.78,0.67,0.8,0.68,0.77,0.4,0.8,0.68,0.67,0.68,0.64,0.8,0.77,0.82,0.77,0.86,0.43,0.34,0.34,0.29,0.8,0.81,ST,ATT,3
Jonas Wind,ST,Denmark,0.78,0.48,0.79,0.72,0.77,0.37,0.78,0.66,0.34,0.71,0.69,0.81,0.82,0.82,0.78,0.87,0.29,0.22,0.35,0.35,0.82,0.8,ST,ATT,3
Andrija Živković,RW,Serbia,0.78,0.82,0.74,0.74,0.81,0.57,0.62,0.84,0.8,0.8,0.88,0.81,0.74,0.54,0.74,0.64,0.61,0.53,0.54,0.64,0.47,0.78,RW,ATT,3
Vincent Aboubakar,ST,Cameroon,0.77,0.7,0.79,0.71,0.77,0.36,0.78,0.67,0.72,0.77,0.73,0.76,0.72,0.83,0.7,0.79,0.23,0.19,0.44,0.33,0.77,0.82,ST,ATT,3
Folarin Balogun,ST,United States,0.77,0.84,0.77,0.62,0.77,0.23,0.69,0.82,0.85,0.76,0.76,0.77,0.76,0.73,0.66,0.86,0.15,0.16,0.18,0.18,0.75,0.79,ST,ATT,4
Igor Paixão,LW,Brazil,0.77,0.85,0.73,0.72,0.79,0.32,0.66,0.86,0.84,0.83,0.86,0.79,0.78,0.64,0.75,0.9,0.37,0.29,0.21,0.22,0.74,0.68,LW,ATT,3
Michy Batshuayi,ST,Belgium,0.77,0.78,0.78,0.64,0.75,0.36,0.79,0.76,0.79,0.76,0.71,0.75,0.77,0.84,0.75,0.87,0.31,0.22,0.37,0.29,0.71,0.85,ST,ATT,3
Federico Bernardeschi,RW,Italy,0.77,0.76,0.73,0.77,0.81,0.54,0.67,0.76,0.76,0.82,0.76,0.83,0.69,0.69,0.74,0.71,0.52,0.52,0.57,0.56,0.53,0.8,RW,ATT,3
Jérémie Boga,LW,Côte d'Ivoire,0.77,0.85,0.7,0.72,0.82,0.39,0.64,0.9,0.8,0.88,0.82,0.81,0.68,0.64,0.67,0.77,0.44,0.34,0.28,0.41,0.59,0.8,LW,ATT,3
Dominic Calvert-Lewin,ST,England,0.77,0.75,0.74,0.63,0.73,0.39,0.76,0.68,0.8,0.66,0.64,0.78,0.76,0.82,0.62,0.9,0.31,0.23,0.38,0.35,0.86,0.8,ST,ATT,3
Edinson Cavani,ST,Uruguay,0.77,0.52,0.8,0.68,0.71,0.51,0.71,0.5,0.53,0.61,0.57,0.75,0.82,0.74,0.57,0.79,0.48,0.39,0.45,0.54,0.83,0.83,ST,ATT,3
Thijs Dallinga,ST,Holland,0.77,0.72,0.77,0.65,0.72,0.3,0.67,0.69,0.74,0.53,0.65,0.79,0.78,0.7,0.76,0.82,0.24,0.23,0.23,0.29,0.82,0.75,ST,ATT,4
Arnaut Danjuma,ST,Holland,0.77,0.83,0.75,0.74,0.8,0.44,0.67,0.8,0.86,0.83,0.75,0.79,0.83,0.72,0.63,0.84,0.52,0.47,0.35,0.32,0.72,0.76,ST,ATT,3
Raúl De Tomás,ST,Spain,0.77,0.74,0.76,0.76,0.78,0.4,0.72,0.75,0.73,0.8,0.75,0.78,0.81,0.72,0.67,0.85,0.35,0.32,0.36,0.35,0.8,0.77,ST,ATT,3
Anders Dreyer,RW,Denmark,0.77,0.78,0.78,0.74,0.77,0.42,0.65,0.84,0.73,0.87,0.87,0.75,0.76,0.61,0.8,0.7,0.41,0.4,0.42,0.39,0.5,0.84,RW,ATT,3
Marvin Ducksch,ST,Germany,0.77,0.63,0.78,0.77,0.75,0.35,0.66,0.66,0.6,0.65,0.65,0.81,0.81,0.7,0.64,0.79,0.35,0.22,0.27,0.31,0.76,0.78,ST,ATT,3
Breel Embolo,ST,Switzerland,0.77,0.78,0.77,0.7,0.74,0.51,0.8,0.73,0.82,0.67,0.66,0.75,0.75,0.85,0.68,0.87,0.63,0.38,0.4,0.44,0.73,0.84,ST,ATT,3
Kyogo Furuhashi,ST,Japan,0.77,0.84,0.78,0.67,0.75,0.49,0.65,0.86,0.83,0.91,0.9,0.76,0.81,0.53,0.85,0.77,0.51,0.49,0.45,0.41,0.73,0.8,ST,ATT,3
Gonçalo Guedes,ST,Portugal,0.77,0.83,0.79,0.71,0.81,0.37,0.68,0.82,0.83,0.81,0.75,0.81,0.77,0.71,0.64,0.74,0.34,0.3,0.24,0.5,0.7,0.87,ST,ATT,3
Beto,ST,Portugal,0.77,0.79,0.76,0.58,0.7,0.25,0.85,0.75,0.82,0.54,0.4,0.71,0.79,0.92,0.78,0.92,0.2,0.21,0.17,0.18,0.77,0.82,ST,ATT,4
Thorgan Hazard,LW,Belgium,0.77,0.71,0.74,0.78,0.82,0.53,0.66,0.78,0.65,0.86,0.87,0.82,0.78,0.64,0.76,0.64,0.45,0.53,0.58,0.63,0.42,0.77,LW,ATT,3
Jonathan Ikoné,RW,France,0.77,0.89,0.67,0.72,0.83,0.35,0.58,0.9,0.88,0.93,0.82,0.79,0.73,0.5,0.69,0.61,0.36,0.36,0.32,0.34,0.39,0.73,RW,ATT,7
Fotis Ioannidis,ST,Greece,0.77,0.75,0.76,0.6,0.76,0.25,0.74,0.72,0.77,0.69,0.66,0.78,0.74,0.79,0.72,0.87,0.23,0.24,0.13,0.19,0.77,0.75,ST,ATT,4
Vincent Janssen,ST,Holland,0.77,0.69,0.76,0.69,0.72,0.48,0.88,0.68,0.69,0.63,0.61,0.76,0.81,0.91,0.84,0.86,0.47,0.47,0.45,0.42,0.73,0.82,ST,ATT,3
João Pedro,ST,Brazil,0.77,0.77,0.77,0.67,0.79,0.28,0.62,0.78,0.76,0.8,0.64,0.77,0.76,0.64,0.73,0.82,0.27,0.23,0.2,0.2,0.76,0.78,ST,ATT,4
Saša Kalajdžić,ST,Austria,0.77,0.51,0.75,0.68,0.71,0.46,0.68,0.53,0.49,0.47,0.45,0.78,0.78,0.83,0.53,0.86,0.46,0.47,0.39,0.34,0.87,0.74,ST,ATT,1
Arnaud Kalimuendo,ST,France,0.77,0.8,0.76,0.6,0.78,0.29,0.67,0.82,0.78,0.75,0.86,0.78,0.77,0.72,0.57,0.85,0.21,0.17,0.32,0.23,0.72,0.76,ST,ATT,4
Tim Kleindienst,ST,Germany,0.77,0.67,0.79,0.56,0.68,0.39,0.87,0.59,0.73,0.51,0.52,0.77,0.78,0.86,0.92,0.85,0.34,0.25,0.36,0.35,0.8,0.78,ST,ATT,4
Georges Mikautadze,ST,Georgia,0.77,0.81,0.78,0.72,0.8,0.4,0.71,0.81,0.81,0.87,0.79,0.79,0.76,0.69,0.76,0.77,0.4,0.4,0.39,0.28,0.62,0.77,ST,ATT,3
Rafa Mir,ST,Spain,0.77,0.76,0.77,0.66,0.72,0.45,0.79,0.73,0.79,0.67,0.64,0.74,0.74,0.85,0.74,0.92,0.43,0.35,0.42,0.39,0.81,0.82,ST,ATT,3
Terem Moffi,ST,Nigeria,0.77,0.91,0.77,0.54,0.72,0.26,0.77,0.89,0.93,0.58,0.55,0.75,0.69,0.88,0.66,0.94,0.24,0.2,0.19,0.16,0.74,0.8,ST,ATT,4
Endrick,ST,Brazil,0.77,0.89,0.76,0.61,0.78,0.3,0.64,0.91,0.88,0.86,0.77,0.76,0.77,0.71,0.66,0.85,0.3,0.31,0.24,0.2,0.7,0.79,ST,ATT,4
Youssoufa Moukoko,ST,Germany,0.77,0.77,0.76,0.59,0.8,0.34,0.67,0.82,0.72,0.85,0.85,0.81,0.77,0.69,0.72,0.8,0.31,0.25,0.3,0.32,0.69,0.78,ST,ATT,3
Lukas Nmecha,ST,Germany,0.77,0.76,0.77,0.66,0.77,0.4,0.77,0.76,0.76,0.73,0.72,0.8,0.75,0.79,0.74,0.86,0.33,0.27,0.43,0.37,0.74,0.79,ST,ATT,3
Bruno Petković,ST,Croatia,0.77,0.72,0.74,0.78,0.78,0.4,0.76,0.69,0.75,0.73,0.47,0.84,0.69,0.9,0.68,0.9,0.41,0.29,0.41,0.25,0.79,0.84,ST,ATT,3
Alassane Plea,ST,France,0.77,0.66,0.77,0.79,0.79,0.39,0.71,0.75,0.58,0.8,0.79,0.8,0.78,0.73,0.69,0.82,0.4,0.3,0.29,0.39,0.73,0.79,ST,ATT,3
Yussuf Poulsen,ST,Denmark,0.77,0.72,0.71,0.67,0.74,0.56,0.8,0.77,0.68,0.67,0.54,0.77,0.79,0.8,0.76,0.93,0.59,0.34,0.53,0.54,0.86,0.73,ST,ATT,3
Jonathan Rodríguez,ST,Uruguay,0.77,0.87,0.77,0.65,0.79,0.38,0.76,0.89,0.85,0.86,0.72,0.79,0.79,0.77,0.79,0.89,0.4,0.45,0.23,0.35,0.71,0.8,ST,ATT,3
Umar Sadiq,ST,Nigeria,0.77,0.83,0.76,0.6,0.72,0.3,0.76,0.8,0.86,0.66,0.43,0.75,0.7,0.9,0.71,0.92,0.2,0.19,0.37,0.19,0.74,0.81,ST,ATT,4
Antonio Sanabria,ST,Paraguay,0.77,0.75,0.75,0.69,0.8,0.32,0.6,0.78,0.73,0.82,0.76,0.8,0.75,0.67,0.6,0.83,0.2,0.15,0.42,0.21,0.76,0.78,ST,ATT,4
Marcos Leonardo,ST,Brazil,0.77,0.76,0.77,0.53,0.74,0.26,0.67,0.78,0.75,0.78,0.63,0.76,0.8,0.75,0.75,0.84,0.17,0.2,0.22,0.26,0.73,0.78,ST,ATT,4
Giovanni Simeone,ST,Argentina,0.77,0.71,0.79,0.63,0.73,0.41,0.74,0.73,0.69,0.7,0.72,0.76,0.77,0.74,0.68,0.85,0.38,0.36,0.44,0.24,0.77,0.83,ST,ATT,3
Florian Sotoca,ST,France,0.77,0.73,0.75,0.75,0.73,0.5,0.81,0.69,0.76,0.7,0.51,0.77,0.81,0.8,0.87,0.86,0.46,0.44,0.47,0.49,0.79,0.76,ST,ATT,3
Mathys Tel,ST,France,0.77,0.86,0.8,0.64,0.77,0.29,0.64,0.85,0.87,0.79,0.77,0.77,0.64,0.67,0.67,0.8,0.27,0.32,0.22,0.18,0.7,0.88,ST,ATT,4
Jamie Vardy,ST,England,0.77,0.74,0.78,0.69,0.72,0.52,0.66,0.77,0.71,0.69,0.66,0.76,0.76,0.61,0.61,0.82,0.51,0.53,0.45,0.49,0.78,0.81,ST,ATT,3
Elye Wahi,ST,France,0.77,0.84,0.79,0.67,0.79,0.31,0.67,0.84,0.84,0.8,0.82,0.78,0.75,0.69,0.7,0.8,0.29,0.23,0.25,0.28,0.67,0.8,ST,ATT,3
Wout Weghorst,ST,Holland,0.77,0.59,0.76,0.61,0.68,0.58,0.86,0.51,0.66,0.53,0.4,0.8,0.81,0.9,0.75,0.87,0.64,0.52,0.48,0.54,0.86,0.84,ST,ATT,3
Chuba Akpom,ST,England,0.76,0.77,0.75,0.59,0.71,0.32,0.74,0.77,0.77,0.75,0.66,0.72,0.78,0.78,0.71,0.87,0.31,0.22,0.23,0.29,0.75,0.78,ST,ATT,4
Taiwo Awoniyi,ST,Nigeria,0.76,0.75,0.76,0.6,0.69,0.32,0.79,0.69,0.79,0.55,0.62,0.7,0.76,0.88,0.62,0.88,0.27,0.23,0.25,0.33,0.76,0.82,ST,ATT,4
Carlos Bacca,ST,Colombia,0.76,0.61,0.79,0.64,0.75,0.32,0.62,0.64,0.59,0.66,0.7,0.79,0.72,0.69,0.48,0.76,0.16,0.14,0.4,0.34,0.74,0.84,ST,ATT,4
Musa Barrow,LW,Gambia,0.76,0.84,0.73,0.68,0.76,0.31,0.64,0.82,0.85,0.78,0.57,0.77,0.76,0.69,0.72,0.78,0.2,0.16,0.45,0.2,0.63,0.76,LW,ATT,4
Ihlas Bebou,ST,Togo,0.76,0.85,0.74,0.68,0.78,0.34,0.65,0.86,0.85,0.78,0.74,0.77,0.77,0.69,0.74,0.8,0.35,0.33,0.26,0.31,0.64,0.77,ST,ATT,3
Sheraldo Becker,ST,Suriname,0.76,0.93,0.74,0.7,0.78,0.35,0.69,0.91,0.94,0.78,0.8,0.78,0.78,0.73,0.73,0.84,0.32,0.33,0.21,0.45,0.65,0.77,ST,ATT,3
Miguel Borja,ST,Colombia,0.76,0.77,0.76,0.66,0.71,0.41,0.82,0.75,0.78,0.69,0.56,0.72,0.75,0.88,0.76,0.84,0.39,0.36,0.4,0.32,0.76,0.8,ST,ATT,3
Lucas Boyé,ST,Argentina,0.76,0.69,0.75,0.64,0.78,0.49,0.81,0.68,0.7,0.71,0.68,0.8,0.75,0.88,0.69,0.88,0.45,0.41,0.45,0.52,0.77,0.75,ST,ATT,3
Jonathan Burkardt,ST,Germany,0.76,0.75,0.75,0.67,0.78,0.43,0.76,0.82,0.69,0.76,0.76,0.77,0.76,0.76,0.77,0.84,0.38,0.33,0.45,0.4,0.68,0.76,ST,ATT,3
Hugo Cuypers,ST,Belgium,0.76,0.75,0.76,0.68,0.71,0.44,0.78,0.73,0.77,0.66,0.66,0.74,0.78,0.75,0.9,0.85,0.41,0.36,0.42,0.41,0.76,0.8,ST,ATT,3
Davidson,LW,Brazil,0.76,0.82,0.74,0.7,0.8,0.41,0.73,0.82,0.82,0.84,0.8,0.74,0.74,0.65,0.9,0.77,0.44,0.41,0.37,0.32,0.63,0.77,LW,ATT,3
Kévin Denkey,ST,Togo,0.76,0.75,0.77,0.54,0.72,0.29,0.83,0.73,0.76,0.6,0.66,0.74,0.71,0.89,0.81,0.88,0.22,0.17,0.33,0.18,0.71,0.83,ST,ATT,4
Sofiane Diop,LW,Morocco,0.76,0.7,0.7,0.75,0.81,0.54,0.53,0.73,0.68,0.81,0.84,0.81,0.74,0.37,0.76,0.47,0.58,0.46,0.55,0.56,0.39,0.76,LW,ATT,2
Kasper Dolberg,ST,Denmark,0.76,0.73,0.78,0.66,0.71,0.3,0.68,0.67,0.77,0.7,0.62,0.75,0.72,0.8,0.67,0.82,0.24,0.19,0.28,0.23,0.74,0.8,ST,ATT,4
Hugo Ekitike,ST,France,0.76,0.84,0.75,0.61,0.77,0.25,0.67,0.82,0.86,0.73,0.69,0.8,0.73,0.69,0.66,0.84,0.17,0.16,0.24,0.18,0.74,0.76,ST,ATT,4
Abdul Fatawu,RW,Ghana,0.76,0.84,0.73,0.74,0.78,0.44,0.64,0.87,0.82,0.86,0.86,0.77,0.73,0.59,0.69,0.74,0.48,0.45,0.38,0.39,0.59,0.84,RW,ATT,3
Demarai Gray,LW,Jamaica,0.76,0.85,0.73,0.69,0.8,0.38,0.58,0.86,0.85,0.8,0.76,0.8,0.65,0.59,0.71,0.61,0.45,0.33,0.42,0.25,0.32,0.82,LW,ATT,7
Adam Hložek,ST,Czech Republic,0.76,0.75,0.76,0.72,0.76,0.31,0.77,0.77,0.74,0.69,0.76,0.78,0.76,0.83,0.68,0.88,0.32,0.23,0.23,0.23,0.74,0.78,ST,ATT,4
Gustav Isaksen,RW,Denmark,0.76,0.88,0.72,0.67,0.78,0.4,0.49,0.84,0.92,0.82,0.8,0.77,0.73,0.32,0.79,0.59,0.4,0.29,0.42,0.35,0.55,0.75,RW,ATT,7
Luka Ivanušec,LW,Croatia,0.76,0.65,0.73,0.72,0.83,0.58,0.73,0.8,0.52,0.83,0.91,0.81,0.77,0.7,0.8,0.72,0.6,0.49,0.6,0.59,0.53,0.75,LW,ATT,3
Adnan Januzaj,RW,Belgium,0.76,0.76,0.69,0.77,0.8,0.3,0.56,0.78,0.75,0.84,0.75,0.8,0.7,0.59,0.6,0.61,0.23,0.22,0.3,0.36,0.42,0.75,RW,ATT,7
Jesper Karlsson,LW,Sweden,0.76,0.77,0.74,0.71,0.8,0.35,0.55,0.79,0.76,0.84,0.83,0.8,0.73,0.46,0.72,0.63,0.36,0.34,0.32,0.35,0.44,0.77,LW,ATT,7
Ryan Kent,LW,England,0.76,0.89,0.69,0.72,0.81,0.42,0.69,0.9,0.88,0.91,0.87,0.77,0.71,0.62,0.81,0.73,0.41,0.33,0.41,0.43,0.51,0.79,LW,ATT,3
Christian Kouamé,ST,Côte d'Ivoire,0.76,0.79,0.72,0.68,0.77,0.4,0.7,0.76,0.82,0.76,0.68,0.77,0.78,0.68,0.71,0.83,0.38,0.32,0.34,0.36,0.77,0.75,ST,ATT,3
Rey Manaj,ST,Albania,0.76,0.68,0.78,0.63,0.73,0.31,0.7,0.67,0.69,0.6,0.75,0.77,0.76,0.75,0.63,0.79,0.21,0.29,0.42,0.12,0.71,0.84,ST,ATT,4
Adrián Martínez,ST,Argentina,0.76,0.68,0.76,0.58,0.7,0.41,0.82,0.71,0.66,0.64,0.4,0.76,0.74,0.89,0.73,0.84,0.44,0.33,0.27,0.41,0.8,0.77,ST,ATT,4
Stephy Mavididi,LW,England,0.76,0.88,0.75,0.69,0.76,0.28,0.74,0.9,0.86,0.74,0.72,0.76,0.74,0.75,0.73,0.86,0.18,0.2,0.3,0.24,0.7,0.78,LW,ATT,4
Miguel Ángel Merentiel,ST,Uruguay,0.76,0.77,0.75,0.56,0.73,0.37,0.77,0.77,0.77,0.72,0.77,0.73,0.77,0.78,0.81,0.78,0.34,0.22,0.44,0.2,0.71,0.75,ST,ATT,4
Morales,ST,Spain,0.76,0.78,0.8,0.74,0.78,0.52,0.67,0.77,0.78,0.78,0.79,0.77,0.77,0.69,0.68,0.75,0.54,0.45,0.44,0.58,0.6,0.81,ST,ATT,3
Dany Mota,ST,Portugal,0.76,0.78,0.76,0.66,0.78,0.31,0.63,0.76,0.8,0.71,0.74,0.8,0.76,0.67,0.7,0.8,0.28,0.28,0.26,0.22,0.72,0.75,ST,ATT,4
Steve Mounié,ST,Benin,0.76,0.63,0.75,0.64,0.71,0.45,0.79,0.53,0.72,0.57,0.49,0.77,0.72,0.86,0.66,0.87,0.41,0.36,0.39,0.42,0.87,0.78,ST,ATT,3
Jacob Murphy,RW,England,0.76,0.82,0.7,0.71,0.78,0.61,0.69,0.83,0.82,0.74,0.75,0.78,0.76,0.68,0.8,0.69,0.65,0.55,0.61,0.65,0.45,0.83,RW,ATT,3
Petar Musa,ST,Croatia,0.76,0.82,0.75,0.62,0.71,0.41,0.81,0.81,0.83,0.65,0.62,0.74,0.77,0.86,0.76,0.84,0.41,0.31,0.34,0.38,0.73,0.79,ST,ATT,3
Fran Navarro,ST,Spain,0.76,0.75,0.77,0.57,0.73,0.41,0.76,0.74,0.76,0.72,0.64,0.76,0.72,0.76,0.8,0.84,0.37,0.33,0.38,0.37,0.74,0.79,ST,ATT,3
Eddie Nketiah,ST,England,0.76,0.79,0.74,0.58,0.78,0.25,0.66,0.83,0.76,0.79,0.72,0.78,0.78,0.65,0.71,0.79,0.19,0.15,0.24,0.2,0.7,0.75,ST,ATT,4
Anthony Nwakaeme,ST,Nigeria,0.76,0.74,0.76,0.73,0.78,0.39,0.79,0.73,0.75,0.76,0.66,0.8,0.74,0.9,0.8,0.77,0.53,0.34,0.27,0.23,0.67,0.81,ST,ATT,3
Paul Ebere Onuachu,ST,Nigeria,0.76,0.6,0.77,0.59,0.65,0.45,0.82,0.54,0.65,0.38,0.32,0.73,0.76,0.92,0.66,0.82,0.48,0.36,0.33,0.41,0.87,0.79,ST,ATT,1
Cryzan,ST,Brazil,0.76,0.81,0.76,0.69,0.75,0.25,0.79,0.83,0.8,0.8,0.7,0.74,0.68,0.83,0.75,0.91,0.21,0.16,0.2,0.19,0.73,0.78,ST,ATT,4
Mateo Retegui,ST,Italy,0.76,0.72,0.76,0.64,0.7,0.35,0.77,0.69,0.75,0.62,0.58,0.76,0.75,0.84,0.74,0.79,0.29,0.25,0.34,0.32,0.76,0.76,ST,ATT,4
Igor Thiago,ST,Brazil,0.76,0.73,0.75,0.54,0.69,0.37,0.86,0.69,0.76,0.58,0.55,0.74,0.72,0.9,0.8,0.9,0.38,0.23,0.36,0.23,0.8,0.85,ST,ATT,4
Pedro,RW,Spain,0.76,0.64,0.72,0.74,0.84,0.36,0.5,0.73,0.56,0.88,0.94,0.84,0.77,0.4,0.67,0.48,0.29,0.26,0.41,0.42,0.39,0.73,RW,ATT,7
Vitor Roque,ST,Brazil,0.76,0.85,0.79,0.59,0.8,0.2,0.64,0.88,0.83,0.85,0.8,0.77,0.7,0.75,0.66,0.83,0.15,0.11,0.18,0.15,0.62,0.8,ST,ATT,4
Abel Ruiz,ST,Spain,0.76,0.77,0.76,0.7,0.76,0.39,0.71,0.76,0.78,0.75,0.72,0.77,0.76,0.74,0.82,0.83,0.38,0.2,0.45,0.24,0.72,0.77,ST,ATT,3
Fashion Sakala,ST,Zambia,0.76,0.91,0.76,0.63,0.75,0.32,0.66,0.94,0.89,0.86,0.73,0.72,0.74,0.61,0.81,0.91,0.29,0.28,0.2,0.35,0.71,0.81,ST,ATT,3
Michael Santos,ST,Uruguay,0.76,0.76,0.77,0.66,0.76,0.41,0.76,0.75,0.76,0.74,0.8,0.77,0.7,0.73,0.75,0.82,0.34,0.28,0.43,0.39,0.71,0.76,ST,ATT,3
Ismaïla Sarr,RW,Senegal,0.76,0.91,0.76,0.66,0.79,0.22,0.68,0.88,0.93,0.78,0.74,0.77,0.73,0.71,0.72,0.71,0.16,0.21,0.25,0.17,0.44,0.82,RW,ATT,4
Riccardo Sottil,LW,Italy,0.76,0.88,0.66,0.69,0.77,0.34,0.48,0.9,0.87,0.75,0.74,0.79,0.72,0.44,0.53,0.57,0.35,0.39,0.32,0.3,0.42,0.68,LW,ATT,7
Gabriel Strefezza,RW,Brazil,0.76,0.87,0.66,0.73,0.77,0.31,0.49,0.92,0.83,0.91,0.85,0.75,0.72,0.32,0.8,0.5,0.25,0.28,0.36,0.34,0.31,0.62,RW,ATT,7
Cristhian Stuani,ST,Uruguay,0.76,0.66,0.79,0.69,0.7,0.48,0.84,0.65,0.67,0.63,0.59,0.73,0.7,0.89,0.78,0.89,0.49,0.42,0.45,0.36,0.8,0.8,ST,ATT,3
Bertrand Traoré,RW,Burkina Faso,0.76,0.76,0.72,0.72,0.81,0.45,0.62,0.75,0.77,0.85,0.59,0.85,0.68,0.65,0.54,0.74,0.4,0.37,0.4,0.54,0.66,0.73,RW,ATT,3
Cengiz Ünder,RW,Turkey,0.76,0.77,0.75,0.76,0.78,0.38,0.58,0.79,0.76,0.78,0.81,0.8,0.7,0.6,0.66,0.73,0.33,0.3,0.43,0.29,0.6,0.8,RW,ATT,3
Myrto Uzuni,ST,Albania,0.76,0.81,0.76,0.7,0.8,0.32,0.66,0.79,0.82,0.82,0.74,0.79,0.75,0.63,0.67,0.79,0.22,0.19,0.22,0.49,0.71,0.77,ST,ATT,3
Kevin Volland,ST,Germany,0.76,0.7,0.78,0.76,0.76,0.46,0.79,0.69,0.7,0.73,0.77,0.78,0.74,0.8,0.76,0.82,0.5,0.38,0.36,0.45,0.73,0.85,ST,ATT,3
Danny Welbeck,ST,England,0.76,0.54,0.76,0.7,0.76,0.42,0.71,0.54,0.54,0.67,0.64,0.81,0.78,0.73,0.62,0.77,0.39,0.33,0.43,0.32,0.77,0.79,ST,ATT,3
Chris Wood,ST,New Zealand,0.76,0.49,0.78,0.61,0.68,0.4,0.79,0.45,0.52,0.49,0.33,0.75,0.78,0.87,0.63,0.84,0.3,0.29,0.39,0.4,0.85,0.83,ST,ATT,1
Ché Adams,ST,Scotland,0.75,0.79,0.76,0.62,0.74,0.4,0.76,0.77,0.8,0.78,0.73,0.76,0.74,0.76,0.78,0.8,0.42,0.36,0.33,0.36,0.63,0.86,ST,ATT,3
Elijah Adebayo,ST,England,0.75,0.74,0.72,0.53,0.7,0.45,0.8,0.7,0.78,0.53,0.46,0.74,0.73,0.85,0.77,0.89,0.43,0.34,0.42,0.42,0.79,0.76,ST,ATT,3
Firas Al Birekan,ST,Saudi Arabia,0.75,0.76,0.73,0.54,0.7,0.3,0.72,0.69,0.82,0.69,0.63,0.72,0.79,0.73,0.87,0.79,0.24,0.29,0.28,0.22,0.73,0.7,ST,ATT,4
Mohamed Amoura,ST,Algeria,0.75,0.93,0.77,0.62,0.77,0.46,0.55,0.94,0.92,0.92,0.93,0.74,0.76,0.41,0.71,0.75,0.48,0.53,0.45,0.34,0.63,0.79,ST,ATT,3
Cameron Archer,ST,England,0.75,0.77,0.75,0.59,0.74,0.25,0.68,0.77,0.77,0.76,0.83,0.73,0.75,0.72,0.63,0.79,0.18,0.21,0.22,0.22,0.67,0.76,ST,ATT,4
Adam Armstrong,ST,England,0.75,0.77,0.76,0.66,0.73,0.35,0.68,0.84,0.71,0.79,0.79,0.72,0.76,0.63,0.68,0.79,0.23,0.25,0.36,0.41,0.69,0.79,ST,ATT,3
Jordan Ayew,RW,Ghana,0.75,0.71,0.73,0.71,0.78,0.57,0.74,0.7,0.71,0.79,0.76,0.77,0.78,0.73,0.74,0.8,0.58,0.49,0.55,0.52,0.74,0.75,RW,ATT,3
Cédric Bakambu,ST,Congo DR,0.75,0.77,0.74,0.66,0.72,0.36,0.62,0.76,0.77,0.75,0.68,0.73,0.73,0.69,0.61,0.82,0.29,0.21,0.32,0.39,0.75,0.76,ST,ATT,4
Adam Bareiro,ST,Paraguay,0.75,0.71,0.73,0.57,0.72,0.39,0.78,0.7,0.72,0.66,0.64,0.75,0.75,0.83,0.73,0.87,0.39,0.3,0.4,0.25,0.76,0.74,ST,ATT,4
Barrenetxea,LW,Spain,0.75,0.78,0.72,0.69,0.78,0.24,0.46,0.8,0.76,0.85,0.84,0.77,0.75,0.42,0.58,0.61,0.12,0.14,0.33,0.17,0.58,0.75,LW,ATT,7
Lucas Beltrán,ST,Argentina,0.75,0.72,0.76,0.68,0.76,0.46,0.77,0.76,0.68,0.78,0.8,0.76,0.75,0.78,0.7,0.82,0.46,0.44,0.42,0.41,0.68,0.74,ST,ATT,3
Fabio Borini,LW,Italy,0.75,0.72,0.75,0.72,0.76,0.46,0.71,0.75,0.7,0.81,0.77,0.74,0.77,0.67,0.76,0.8,0.3,0.26,0.68,0.3,0.75,0.76,LW,ATT,3
Vitinha,ST,Portugal,0.75,0.73,0.75,0.63,0.75,0.32,0.79,0.76,0.71,0.75,0.79,0.74,0.75,0.76,0.77,0.85,0.29,0.22,0.23,0.36,0.73,0.78,ST,ATT,4
Fedor Chalov,ST,Russia,0.75,0.76,0.75,0.7,0.74,0.33,0.63,0.78,0.74,0.75,0.74,0.76,0.77,0.67,0.74,0.77,0.26,0.23,0.23,0.44,0.69,0.75,ST,ATT,3
Massimo Coda,ST,Italy,0.75,0.57,0.76,0.6,0.71,0.25,0.66,0.67,0.48,0.6,0.68,0.75,0.75,0.75,0.57,0.8,0.17,0.16,0.18,0.26,0.75,0.78,ST,ATT,1
Tomáš Čvančara,ST,Czech Republic,0.75,0.77,0.73,0.66,0.72,0.25,0.77,0.74,0.79,0.68,0.58,0.75,0.75,0.83,0.68,0.82,0.2,0.19,0.21,0.17,0.76,0.72,ST,ATT,4
Moussa Dembélé,ST,France,0.75,0.71,0.74,0.62,0.71,0.3,0.8,0.68,0.74,0.65,0.65,0.74,0.75,0.86,0.72,0.89,0.14,0.16,0.39,0.22,0.8,0.78,ST,ATT,4
Federico Di Francesco,LW,Italy,0.75,0.8,0.69,0.73,0.77,0.52,0.7,0.84,0.76,0.83,0.81,0.76,0.69,0.68,0.79,0.72,0.48,0.46,0.57,0.55,0.5,0.71,LW,ATT,3
Mateus,RW,Brazil,0.75,0.82,0.74,0.71,0.76,0.53,0.69,0.86,0.78,0.8,0.82,0.74,0.66,0.62,0.81,0.71,0.61,0.56,0.42,0.58,0.5,0.79,RW,ATT,3
Odsonne Edouard,ST,France,0.75,0.73,0.75,0.67,0.76,0.45,0.69,0.69,0.76,0.69,0.67,0.78,0.7,0.74,0.68,0.79,0.46,0.28,0.44,0.39,0.71,0.76,ST,ATT,3
Jesus Ferreira,ST,United States,0.75,0.84,0.73,0.71,0.76,0.45,0.67,0.76,0.9,0.82,0.86,0.78,0.8,0.6,0.84,0.78,0.53,0.39,0.4,0.31,0.71,0.77,ST,ATT,3
Cristo González,ST,Spain,0.75,0.83,0.73,0.68,0.8,0.37,0.73,0.85,0.82,0.84,0.76,0.82,0.71,0.7,0.77,0.79,0.39,0.26,0.34,0.29,0.63,0.78,ST,ATT,3
Odion Ighalo,ST,Nigeria,0.75,0.61,0.77,0.64,0.71,0.43,0.83,0.59,0.62,0.59,0.74,0.74,0.75,0.85,0.87,0.85,0.45,0.41,0.37,0.32,0.79,0.79,ST,ATT,3
Stanislav Iljutcenko,ST,Russia,0.75,0.68,0.77,0.58,0.68,0.37,0.84,0.69,0.67,0.59,0.59,0.75,0.69,0.91,0.78,0.87,0.44,0.22,0.21,0.38,0.75,0.79,ST,ATT,4
Nikola Krstović,ST,Montenegro,0.75,0.66,0.75,0.57,0.71,0.26,0.74,0.65,0.67,0.61,0.6,0.74,0.76,0.81,0.69,0.86,0.18,0.25,0.2,0.18,0.8,0.76,ST,ATT,4
Jan Kuchta,ST,Czech Republic,0.75,0.79,0.73,0.66,0.72,0.35,0.82,0.79,0.79,0.75,0.76,0.73,0.74,0.81,0.77,0.91,0.35,0.28,0.27,0.31,0.76,0.75,ST,ATT,4
Cyle Larin,ST,Canada,0.75,0.71,0.75,0.65,0.69,0.28,0.78,0.67,0.74,0.63,0.48,0.7,0.73,0.88,0.72,0.86,0.25,0.2,0.21,0.22,0.75,0.8,ST,ATT,4
Jørgen Strand Larsen,ST,Norway,0.75,0.77,0.75,0.58,0.69,0.32,0.82,0.73,0.8,0.66,0.6,0.73,0.74,0.85,0.84,0.88,0.27,0.23,0.29,0.26,0.75,0.74,ST,ATT,4
Jérémy Le Douaron,ST,France,0.75,0.66,0.73,0.69,0.74,0.5,0.73,0.67,0.65,0.65,0.57,0.78,0.78,0.74,0.71,0.82,0.48,0.41,0.44,0.52,0.77,0.76,ST,ATT,3
Marko Livaja,ST,Croatia,0.75,0.72,0.76,0.71,0.77,0.38,0.79,0.74,0.71,0.61,0.8,0.81,0.67,0.84,0.64,0.87,0.39,0.2,0.39,0.27,0.73,0.82,ST,ATT,3
Leonardo,ST,Brazil,0.75,0.78,0.75,0.59,0.73,0.36,0.73,0.79,0.77,0.83,0.76,0.75,0.76,0.74,0.75,0.84,0.32,0.26,0.32,0.34,0.71,0.74,ST,ATT,3
Toni Martínez,ST,Spain,0.75,0.68,0.76,0.6,0.72,0.24,0.78,0.67,0.68,0.67,0.56,0.74,0.76,0.83,0.74,0.83,0.14,0.23,0.2,0.23,0.73,0.8,ST,ATT,4
Mostafa Mohamed,ST,Egypt,0.75,0.72,0.76,0.58,0.69,0.37,0.79,0.69,0.75,0.68,0.62,0.71,0.67,0.86,0.74,0.89,0.31,0.27,0.33,0.38,0.79,0.81,ST,ATT,4
Rodrigo Muniz,ST,Brazil,0.75,0.73,0.74,0.59,0.71,0.42,0.77,0.7,0.75,0.74,0.71,0.72,0.75,0.79,0.69,0.85,0.42,0.31,0.36,0.38,0.77,0.79,ST,ATT,3
Iliman Ndiaye,ST,Senegal,0.75,0.84,0.72,0.63,0.82,0.4,0.62,0.83,0.85,0.84,0.77,0.82,0.78,0.65,0.66,0.75,0.28,0.26,0.44,0.49,0.59,0.74,ST,ATT,3
Reiss Nelson,RW,England,0.75,0.85,0.67,0.71,0.78,0.36,0.55,0.86,0.85,0.82,0.8,0.79,0.68,0.53,0.7,0.6,0.37,0.37,0.31,0.42,0.39,0.69,RW,ATT,7
Tijjani Noslin,ST,Holland,0.75,0.8,0.73,0.66,0.78,0.43,0.74,0.81,0.79,0.77,0.7,0.79,0.68,0.76,0.72,0.88,0.42,0.39,0.35,0.42,0.74,0.78,ST,ATT,3
Sebastián Palacios,RW,Argentina,0.75,0.81,0.73,0.71,0.77,0.44,0.66,0.82,0.81,0.9,0.84,0.75,0.72,0.6,0.76,0.7,0.49,0.45,0.35,0.45,0.53,0.73,RW,ATT,3
Mathias Pereira Lage,LW,Portugal,0.75,0.86,0.72,0.74,0.74,0.61,0.67,0.79,0.91,0.77,0.72,0.74,0.69,0.64,0.88,0.76,0.59,0.55,0.61,0.64,0.67,0.77,LW,ATT,3
Lucas Pérez,ST,Spain,0.75,0.74,0.76,0.75,0.72,0.3,0.7,0.73,0.75,0.7,0.68,0.74,0.78,0.72,0.67,0.77,0.2,0.24,0.25,0.38,0.67,0.75,ST,ATT,4
Joel Pohjanpalo,ST,Finland,0.75,0.68,0.76,0.63,0.72,0.38,0.76,0.64,0.71,0.71,0.7,0.72,0.74,0.81,0.73,0.85,0.4,0.28,0.29,0.32,0.76,0.79,ST,ATT,4
Ezequiel Ponce,ST,Argentina,0.75,0.75,0.75,0.61,0.73,0.38,0.75,0.76,0.74,0.73,0.83,0.71,0.76,0.8,0.7,0.93,0.3,0.28,0.39,0.29,0.83,0.75,ST,ATT,3
Sandro,ST,Spain,0.75,0.78,0.76,0.67,0.76,0.31,0.63,0.79,0.77,0.78,0.72,0.77,0.71,0.68,0.52,0.81,0.25,0.24,0.25,0.33,0.72,0.85,ST,ATT,4
Chris Ramos,ST,Spain,0.75,0.8,0.73,0.64,0.73,0.35,0.68,0.77,0.82,0.71,0.46,0.75,0.65,0.79,0.65,0.92,0.24,0.25,0.39,0.26,0.82,0.72,ST,ATT,4
Matías Rojas,RW,Paraguay,0.75,0.76,0.76,0.74,0.77,0.56,0.59,0.73,0.78,0.75,0.61,0.8,0.71,0.59,0.63,0.68,0.65,0.51,0.52,0.51,0.59,0.88,RW,ATT,3
Wesley Saïd,ST,France,0.75,0.76,0.75,0.67,0.78,0.3,0.58,0.76,0.76,0.83,0.86,0.76,0.76,0.59,0.65,0.73,0.25,0.23,0.28,0.23,0.69,0.77,ST,ATT,4
Eduardo Salvio,RW,Argentina,0.75,0.77,0.72,0.72,0.79,0.54,0.66,0.76,0.78,0.79,0.78,0.79,0.74,0.62,0.69,0.78,0.55,0.55,0.45,0.58,0.72,0.77,RW,ATT,3
Martín Satriano,ST,Uruguay,0.75,0.67,0.74,0.62,0.73,0.34,0.69,0.66,0.68,0.58,0.57,0.78,0.75,0.73,0.66,0.78,0.36,0.31,0.27,0.22,0.73,0.73,ST,ATT,4
Lawrence Shankland,ST,Scotland,0.75,0.63,0.78,0.64,0.74,0.28,0.8,0.65,0.62,0.73,0.77,0.77,0.71,0.82,0.82,0.83,0.23,0.2,0.26,0.19,0.75,0.78,ST,ATT,4
Renato Steffen,RW,Switzerland,0.75,0.86,0.7,0.71,0.77,0.53,0.66,0.88,0.85,0.87,0.93,0.74,0.75,0.57,0.78,0.77,0.51,0.58,0.52,0.46,0.69,0.75,RW,ATT,3
Luis Javier Suárez,ST,Colombia,0.75,0.8,0.77,0.65,0.71,0.38,0.75,0.79,0.8,0.72,0.75,0.69,0.76,0.73,0.76,0.81,0.41,0.25,0.26,0.42,0.69,0.81,ST,ATT,3
Tarik Tissoudali,ST,Morocco,0.75,0.73,0.75,0.69,0.8,0.37,0.6,0.75,0.71,0.86,0.78,0.8,0.77,0.69,0.59,0.74,0.4,0.3,0.3,0.35,0.6,0.74,ST,ATT,3
Barnabás Varga,ST,Hungary,0.75,0.7,0.77,0.56,0.7,0.2,0.72,0.68,0.72,0.7,0.69,0.72,0.79,0.71,0.7,0.82,0.15,0.13,0.11,0.15,0.79,0.75,ST,ATT,4
Alejo Veliz,ST,Argentina,0.75,0.71,0.74,0.54,0.7,0.25,0.73,0.7,0.72,0.6,0.69,0.75,0.75,0.72,0.68,0.85,0.23,0.21,0.17,0.15,0.83,0.76,ST,ATT,4
Steven Zuber,ST,Switzerland,0.75,0.77,0.74,0.73,0.75,0.65,0.76,0.77,0.77,0.73,0.73,0.75,0.78,0.79,0.74,0.83,0.66,0.63,0.62,0.68,0.68,0.79,ST,ATT,3
Robert Žulj,ST,Austria,0.75,0.6,0.77,0.76,0.74,0.38,0.75,0.54,0.64,0.59,0.66,0.79,0.72,0.81,0.76,0.78,0.29,0.35,0.45,0.28,0.71,0.78,ST,ATT,3
Liel Abada,RW,Israel,0.74,0.87,0.72,0.67,0.73,0.41,0.59,0.89,0.85,0.92,0.91,0.73,0.74,0.49,0.72,0.73,0.46,0.41,0.4,0.22,0.69,0.74,RW,ATT,3
Akor Jerome Adams,ST,Nigeria,0.74,0.81,0.73,0.56,0.7,0.29,0.76,0.79,0.82,0.67,0.65,0.73,0.73,0.83,0.74,0.86,0.25,0.24,0.26,0.24,0.69,0.76,ST,ATT,4
Ludovic Ajorque,ST,France,0.74,0.52,0.75,0.62,0.66,0.45,0.84,0.43,0.59,0.47,0.31,0.73,0.76,0.94,0.67,0.75,0.45,0.35,0.43,0.39,0.77,0.77,ST,ATT,1
Vinícius,ST,Brazil,0.74,0.7,0.75,0.6,0.69,0.41,0.79,0.63,0.75,0.66,0.44,0.71,0.75,0.83,0.69,0.79,0.33,0.25,0.44,0.41,0.7,0.83,ST,ATT,4
Gabriel Ávalos,ST,Paraguay,0.74,0.67,0.74,0.61,0.73,0.46,0.82,0.68,0.66,0.71,0.67,0.75,0.69,0.86,0.81,0.88,0.54,0.29,0.42,0.33,0.77,0.8,ST,ATT,3
Patrick Bamford,ST,England,0.74,0.74,0.72,0.68,0.71,0.41,0.74,0.74,0.74,0.67,0.65,0.73,0.73,0.76,0.76,0.84,0.27,0.2,0.47,0.47,0.74,0.76,ST,ATT,3
Nahuel Barrios,LW,Argentina,0.74,0.9,0.66,0.67,0.79,0.37,0.46,0.92,0.88,0.9,0.94,0.75,0.67,0.32,0.66,0.56,0.4,0.47,0.37,0.25,0.45,0.65,LW,ATT,7
Christian Benteke,ST,Belgium,0.74,0.46,0.75,0.62,0.67,0.32,0.77,0.49,0.44,0.59,0.43,0.74,0.74,0.9,0.52,0.87,0.25,0.18,0.28,0.29,0.85,0.8,ST,ATT,1
Matteo Brunori,ST,Italy,0.74,0.79,0.73,0.63,0.75,0.42,0.74,0.82,0.77,0.8,0.79,0.75,0.7,0.74,0.79,0.82,0.42,0.33,0.38,0.4,0.67,0.75,ST,ATT,3
Adam Buksa,ST,Poland,0.74,0.63,0.74,0.57,0.68,0.32,0.77,0.65,0.62,0.68,0.47,0.71,0.74,0.82,0.72,0.88,0.23,0.31,0.31,0.24,0.81,0.75,ST,ATT,4
Nicolò Cambiaghi,LW,Italy,0.74,0.77,0.72,0.65,0.77,0.38,0.68,0.76,0.77,0.76,0.78,0.76,0.75,0.65,0.71,0.74,0.41,0.32,0.27,0.38,0.63,0.79,LW,ATT,3
Leonardo Castro,ST,Colombia,0.74,0.8,0.76,0.62,0.71,0.32,0.64,0.81,0.8,0.83,0.73,0.72,0.7,0.68,0.69,0.79,0.16,0.1,0.43,0.32,0.69,0.72,ST,ATT,4
Walid Cheddira,ST,Morocco,0.74,0.8,0.73,0.64,0.68,0.41,0.76,0.79,0.81,0.69,0.49,0.7,0.7,0.86,0.7,0.87,0.41,0.34,0.41,0.29,0.68,0.75,ST,ATT,4
Mohamed-Ali Cho,RW,France,0.74,0.8,0.69,0.64,0.76,0.26,0.56,0.82,0.79,0.71,0.68,0.76,0.66,0.62,0.59,0.77,0.22,0.2,0.23,0.21,0.65,0.7,RW,ATT,4
Tomáš Chorý,ST,Czech Republic,0.74,0.5,0.74,0.6,0.63,0.32,0.87,0.47,0.52,0.38,0.32,0.72,0.73,0.95,0.7,0.88,0.26,0.31,0.27,0.22,0.86,0.77,ST,ATT,1
Mojmír Chytil,ST,Czech Republic,0.74,0.73,0.72,0.55,0.68,0.29,0.81,0.71,0.75,0.58,0.75,0.73,0.73,0.88,0.74,0.91,0.24,0.23,0.23,0.24,0.78,0.74,ST,ATT,4
Facundo Colidio,ST,Argentina,0.74,0.8,0.71,0.67,0.79,0.43,0.69,0.81,0.8,0.87,0.74,0.78,0.73,0.7,0.74,0.83,0.39,0.34,0.43,0.41,0.72,0.68,ST,ATT,3
Tomás Conechny,LW,Argentina,0.74,0.9,0.73,0.65,0.76,0.33,0.65,0.9,0.9,0.89,0.85,0.75,0.65,0.59,0.76,0.93,0.34,0.32,0.24,0.23,0.78,0.72,LW,ATT,4
Joaquín Correa,ST,Argentina,0.74,0.65,0.73,0.73,0.78,0.4,0.64,0.65,0.65,0.83,0.67,0.8,0.7,0.66,0.7,0.71,0.37,0.26,0.39,0.36,0.69,0.79,ST,ATT,3
Patrick Cutrone,ST,Italy,0.74,0.72,0.73,0.59,0.74,0.29,0.71,0.7,0.74,0.63,0.78,0.76,0.74,0.75,0.67,0.81,0.2,0.18,0.36,0.14,0.74,0.74,ST,ATT,4
Patson Daka,ST,Zambia,0.74,0.89,0.73,0.58,0.74,0.26,0.69,0.87,0.9,0.79,0.72,0.74,0.77,0.69,0.73,0.8,0.28,0.16,0.18,0.2,0.63,0.75,ST,ATT,4
Pedro De la Vega,RW,Argentina,0.74,0.82,0.73,0.69,0.75,0.5,0.72,0.81,0.83,0.83,0.77,0.73,0.76,0.66,0.8,0.82,0.47,0.49,0.46,0.5,0.71,0.77,RW,ATT,3
Habib Diallo,ST,Senegal,0.74,0.7,0.74,0.59,0.71,0.22,0.74,0.69,0.7,0.66,0.69,0.74,0.72,0.8,0.71,0.86,0.17,0.17,0.13,0.19,0.79,0.78,ST,ATT,4
Ismael Díaz,LW,Panama,0.74,0.87,0.7,0.62,0.75,0.34,0.75,0.9,0.85,0.81,0.65,0.74,0.75,0.8,0.71,0.86,0.2,0.17,0.45,0.33,0.62,0.72,LW,ATT,4
Leandro Díaz,ST,Argentina,0.74,0.64,0.75,0.63,0.69,0.27,0.76,0.66,0.62,0.73,0.59,0.72,0.68,0.84,0.72,0.87,0.23,0.16,0.21,0.22,0.78,0.77,ST,ATT,4
Tasos Douvikas,ST,Greece,0.74,0.81,0.72,0.62,0.73,0.34,0.73,0.83,0.79,0.74,0.69,0.74,0.7,0.74,0.8,0.83,0.28,0.27,0.28,0.38,0.69,0.74,ST,ATT,4
Jhon Durán,ST,Colombia,0.74,0.78,0.75,0.58,0.71,0.32,0.77,0.74,0.81,0.68,0.69,0.73,0.71,0.79,0.69,0.8,0.33,0.22,0.26,0.28,0.64,0.85,ST,ATT,4
Rafiu Durosinmi,ST,Nigeria,0.74,0.76,0.71,0.6,0.71,0.27,0.76,0.74,0.78,0.66,0.69,0.73,0.68,0.84,0.64,0.91,0.2,0.17,0.19,0.29,0.8,0.73,ST,ATT,4
Meschack Elia,ST,Congo DR,0.74,0.92,0.72,0.67,0.78,0.26,0.71,0.93,0.92,0.9,0.87,0.78,0.69,0.71,0.8,0.79,0.26,0.22,0.22,0.21,0.54,0.73,ST,ATT,7
Facundo Farías,ST,Argentina,0.74,0.85,0.72,0.68,0.8,0.39,0.7,0.89,0.81,0.89,0.89,0.78,0.72,0.69,0.7,0.73,0.43,0.37,0.33,0.29,0.64,0.82,ST,ATT,3
Evan Ferguson,ST,Republic of Ireland,0.74,0.72,0.76,0.6,0.71,0.2,0.7,0.69,0.74,0.66,0.66,0.73,0.72,0.75,0.66,0.8,0.13,0.13,0.18,0.13,0.71,0.75,ST,ATT,4
Nicolás Fernández,ST,Argentina,0.74,0.86,0.74,0.63,0.77,0.39,0.66,0.9,0.82,0.85,0.87,0.75,0.75,0.57,0.76,0.81,0.39,0.25,0.32,0.38,0.72,0.71,ST,ATT,3
Zian Flemming,ST,Holland,0.74,0.7,0.75,0.72,0.73,0.57,0.79,0.65,0.74,0.67,0.7,0.75,0.73,0.78,0.82,0.81,0.59,0.52,0.58,0.49,0.73,0.78,ST,ATT,3
James Forrest,RW,Scotland,0.74,0.77,0.72,0.7,0.74,0.49,0.54,0.75,0.78,0.79,0.86,0.74,0.79,0.52,0.54,0.59,0.47,0.44,0.54,0.5,0.47,0.74,RW,ATT,2
Gabriel Pec,RW,Brazil,0.74,0.85,0.69,0.65,0.77,0.34,0.7,0.84,0.86,0.84,0.76,0.76,0.74,0.64,0.83,0.64,0.35,0.34,0.35,0.3,0.38,0.67,RW,ATT,7
Raúl García,ST,Spain,0.74,0.7,0.74,0.62,0.71,0.25,0.68,0.66,0.73,0.6,0.44,0.76,0.68,0.74,0.6,0.83,0.17,0.28,0.19,0.15,0.79,0.74,ST,ATT,4
Kike García,ST,Spain,0.74,0.52,0.75,0.64,0.72,0.44,0.72,0.53,0.51,0.61,0.46,0.75,0.73,0.78,0.6,0.79,0.34,0.21,0.45,0.52,0.76,0.76,ST,ATT,1
Robert Glatzel,ST,Germany,0.74,0.63,0.74,0.48,0.66,0.3,0.79,0.64,0.62,0.53,0.41,0.73,0.75,0.85,0.82,0.89,0.28,0.25,0.2,0.24,0.81,0.77,ST,ATT,1
Evann Guessand,ST,Côte d'Ivoire,0.74,0.8,0.72,0.56,0.7,0.27,0.7,0.73,0.85,0.66,0.58,0.73,0.7,0.77,0.61,0.85,0.21,0.18,0.28,0.15,0.75,0.75,ST,ATT,4
Rafik Guitane,RW,Algeria,0.74,0.76,0.66,0.68,0.8,0.31,0.53,0.75,0.77,0.87,0.9,0.78,0.65,0.51,0.62,0.54,0.34,0.33,0.28,0.26,0.39,0.67,RW,ATT,7
Kelechi Iheanacho,ST,Nigeria,0.74,0.71,0.74,0.69,0.75,0.38,0.71,0.71,0.71,0.71,0.67,0.77,0.74,0.74,0.66,0.77,0.36,0.32,0.39,0.3,0.65,0.77,ST,ATT,3
Danny Ings,ST,England,0.74,0.59,0.77,0.69,0.73,0.45,0.61,0.66,0.54,0.66,0.68,0.75,0.78,0.65,0.47,0.75,0.45,0.34,0.38,0.46,0.74,0.79,ST,ATT,3
Raúl Jiménez,ST,Mexico,0.74,0.54,0.76,0.73,0.73,0.45,0.78,0.53,0.54,0.67,0.66,0.73,0.75,0.81,0.71,0.81,0.38,0.3,0.43,0.52,0.77,0.82,ST,ATT,3
Joo Min Kyu,ST,Korea Republic,0.74,0.69,0.76,0.56,0.69,0.44,0.81,0.67,0.7,0.66,0.8,0.76,0.68,0.89,0.74,0.86,0.45,0.38,0.33,0.47,0.74,0.76,ST,ATT,3
Václav Jurečka,ST,Czech Republic,0.74,0.74,0.74,0.66,0.71,0.49,0.76,0.72,0.75,0.71,0.7,0.73,0.74,0.74,0.86,0.79,0.48,0.41,0.5,0.41,0.7,0.74,ST,ATT,3
Jutglà,ST,Spain,0.74,0.76,0.74,0.65,0.77,0.29,0.76,0.79,0.74,0.79,0.84,0.77,0.77,0.78,0.73,0.82,0.29,0.25,0.22,0.21,0.65,0.75,ST,ATT,4
Klauss,ST,Brazil,0.74,0.64,0.74,0.62,0.66,0.36,0.85,0.57,0.7,0.57,0.43,0.72,0.73,0.9,0.83,0.86,0.26,0.22,0.39,0.33,0.78,0.78,ST,ATT,1
Sam Lammers,ST,Holland,0.74,0.66,0.74,0.65,0.76,0.36,0.69,0.76,0.57,0.74,0.68,0.77,0.75,0.71,0.77,0.72,0.28,0.24,0.37,0.36,0.69,0.76,ST,ATT,3
Daizen Maeda,LW,Japan,0.74,0.93,0.71,0.65,0.75,0.6,0.74,0.92,0.93,0.9,0.86,0.7,0.77,0.62,0.94,0.85,0.59,0.55,0.62,0.55,0.73,0.76,LW,ATT,3
Neal Maupay,ST,France,0.74,0.69,0.75,0.67,0.72,0.41,0.72,0.76,0.63,0.76,0.81,0.75,0.78,0.67,0.74,0.81,0.55,0.33,0.3,0.26,0.73,0.8,ST,ATT,3
Bojan Miovski,ST,North Macedonia,0.74,0.73,0.76,0.58,0.71,0.29,0.73,0.72,0.74,0.68,0.74,0.68,0.76,0.72,0.79,0.82,0.26,0.21,0.21,0.24,0.75,0.79,ST,ATT,4
Alfredo Morelos,ST,Colombia,0.74,0.7,0.73,0.66,0.71,0.43,0.81,0.69,0.71,0.58,0.87,0.74,0.68,0.84,0.7,0.85,0.43,0.29,0.42,0.33,0.75,0.82,ST,ATT,3
Carlton Morris,ST,England,0.74,0.73,0.74,0.58,0.69,0.34,0.77,0.7,0.76,0.66,0.6,0.72,0.75,0.84,0.69,0.85,0.25,0.28,0.28,0.39,0.74,0.79,ST,ATT,4
Faris Pemi Moumbagna,ST,Cameroon,0.74,0.89,0.72,0.57,0.68,0.29,0.81,0.86,0.92,0.7,0.75,0.7,0.65,0.88,0.75,0.87,0.25,0.21,0.23,0.25,0.73,0.77,ST,ATT,4
Ernest Nuamah,RW,Ghana,0.74,0.85,0.67,0.63,0.79,0.24,0.62,0.88,0.82,0.86,0.86,0.78,0.69,0.68,0.64,0.67,0.21,0.23,0.29,0.17,0.37,0.72,RW,ATT,7
David Okereke,ST,Nigeria,0.74,0.83,0.71,0.56,0.76,0.26,0.65,0.79,0.87,0.84,0.68,0.75,0.7,0.67,0.7,0.81,0.17,0.15,0.31,0.17,0.71,0.73,ST,ATT,4
Gift Orban,ST,Nigeria,0.74,0.77,0.79,0.62,0.73,0.18,0.62,0.76,0.78,0.73,0.77,0.71,0.75,0.68,0.6,0.73,0.17,0.1,0.1,0.17,0.58,0.83,ST,ATT,4
Juan Ferney Otero,ST,Colombia,0.74,0.91,0.73,0.67,0.75,0.31,0.75,0.91,0.91,0.86,0.73,0.74,0.63,0.83,0.81,0.89,0.3,0.25,0.21,0.35,0.64,0.85,ST,ATT,4
Luis Palma,LW,Honduras,0.74,0.77,0.74,0.75,0.75,0.32,0.63,0.73,0.8,0.72,0.77,0.74,0.67,0.61,0.67,0.68,0.35,0.32,0.3,0.2,0.56,0.8,LW,ATT,7
Amahl Pellegrino,LW,Norway,0.74,0.84,0.74,0.68,0.73,0.4,0.6,0.83,0.84,0.84,0.4,0.74,0.72,0.54,0.82,0.71,0.33,0.4,0.38,0.41,0.62,0.76,LW,ATT,3
Danilo,ST,Brazil,0.74,0.74,0.74,0.61,0.74,0.25,0.7,0.79,0.7,0.77,0.8,0.75,0.7,0.7,0.83,0.75,0.18,0.14,0.21,0.23,0.74,0.7,ST,ATT,4
Krzysztof Piątek,ST,Poland,0.74,0.7,0.75,0.56,0.72,0.36,0.71,0.66,0.73,0.69,0.63,0.75,0.75,0.76,0.71,0.81,0.34,0.24,0.33,0.32,0.75,0.76,ST,ATT,4
Joël Piroe,ST,Holland,0.74,0.64,0.75,0.63,0.71,0.29,0.71,0.6,0.68,0.65,0.63,0.75,0.74,0.82,0.69,0.78,0.29,0.27,0.2,0.21,0.7,0.79,ST,ATT,4
Teemu Pukki,ST,Finland,0.74,0.75,0.75,0.63,0.72,0.36,0.72,0.76,0.75,0.74,0.72,0.73,0.8,0.71,0.81,0.78,0.29,0.16,0.3,0.54,0.63,0.75,ST,ATT,3
Rochinha,LW,Portugal,0.74,0.84,0.65,0.67,0.78,0.4,0.53,0.85,0.83,0.81,0.82,0.79,0.72,0.42,0.71,0.52,0.34,0.3,0.59,0.3,0.35,0.64,LW,ATT,7
Raúl Ruidíaz,ST,Peru,0.74,0.71,0.77,0.65,0.76,0.32,0.65,0.71,0.71,0.76,0.75,0.77,0.8,0.6,0.67,0.71,0.23,0.23,0.36,0.28,0.65,0.79,ST,ATT,4
Josh Sargent,ST,United States,0.74,0.72,0.73,0.63,0.69,0.48,0.79,0.73,0.72,0.76,0.65,0.69,0.73,0.81,0.75,0.86,0.45,0.33,0.45,0.52,0.74,0.8,ST,ATT,3
Danylo Sikan,ST,Ukraine,0.74,0.79,0.72,0.56,0.69,0.28,0.67,0.78,0.79,0.68,0.67,0.68,0.77,0.69,0.62,0.85,0.25,0.16,0.2,0.28,0.77,0.71,ST,ATT,4
Cesinha,ST,Brazil,0.74,0.82,0.75,0.71,0.75,0.31,0.74,0.8,0.83,0.77,0.76,0.77,0.69,0.77,0.76,0.81,0.18,0.2,0.42,0.26,0.62,0.77,ST,ATT,4
Pablo Solari,ST,Argentina,0.74,0.86,0.75,0.65,0.76,0.36,0.69,0.85,0.86,0.82,0.73,0.76,0.73,0.72,0.69,0.74,0.37,0.35,0.35,0.21,0.63,0.77,ST,ATT,3
Phillip Tietz,ST,Germany,0.74,0.65,0.74,0.56,0.68,0.33,0.79,0.64,0.66,0.63,0.56,0.73,0.75,0.84,0.77,0.83,0.36,0.23,0.26,0.25,0.74,0.78,ST,ATT,4
Karl Toko Ekambi,LW,Cameroon,0.74,0.83,0.74,0.69,0.75,0.24,0.7,0.82,0.83,0.78,0.7,0.75,0.71,0.73,0.78,0.83,0.14,0.18,0.23,0.21,0.7,0.77,LW,ATT,4
Cenk Tosun,ST,Turkey,0.74,0.66,0.75,0.67,0.71,0.36,0.72,0.65,0.67,0.66,0.66,0.74,0.75,0.72,0.66,0.82,0.34,0.15,0.33,0.31,0.79,0.77,ST,ATT,4
Adama Traoré,RW,Mali,0.74,0.87,0.71,0.65,0.75,0.23,0.6,0.86,0.88,0.78,0.74,0.74,0.73,0.63,0.68,0.76,0.14,0.18,0.22,0.22,0.59,0.69,RW,ATT,4
Gennaro Tutino,ST,Italy,0.74,0.81,0.76,0.68,0.74,0.38,0.66,0.78,0.84,0.83,0.75,0.74,0.67,0.67,0.68,0.78,0.34,0.34,0.36,0.33,0.7,0.76,ST,ATT,3
Ayase Ueda,ST,Japan,0.74,0.75,0.75,0.57,0.68,0.28,0.7,0.78,0.72,0.76,0.64,0.69,0.76,0.7,0.75,0.93,0.22,0.22,0.22,0.23,0.77,0.73,ST,ATT,4
Ricky van Wolfswinkel,ST,Holland,0.74,0.66,0.74,0.69,0.7,0.48,0.73,0.6,0.71,0.62,0.65,0.74,0.77,0.76,0.69,0.82,0.42,0.26,0.5,0.51,0.79,0.75,ST,ATT,3
Vladyslav Vanat,ST,Ukraine,0.74,0.79,0.74,0.59,0.73,0.26,0.64,0.78,0.79,0.72,0.68,0.7,0.79,0.61,0.67,0.73,0.23,0.2,0.19,0.24,0.61,0.75,ST,ATT,4
Yorbe Vertessen,ST,Belgium,0.74,0.89,0.73,0.66,0.74,0.34,0.7,0.94,0.84,0.75,0.73,0.74,0.72,0.72,0.7,0.78,0.27,0.23,0.45,0.19,0.66,0.83,ST,ATT,4
Morgan Whittaker,RW,England,0.74,0.78,0.73,0.67,0.74,0.38,0.65,0.76,0.79,0.74,0.68,0.74,0.73,0.63,0.77,0.68,0.38,0.27,0.36,0.39,0.51,0.75,RW,ATT,3
Roman Yaremchuk,ST,Ukraine,0.74,0.73,0.72,0.68,0.69,0.44,0.75,0.7,0.76,0.66,0.49,0.7,0.75,0.79,0.71,0.83,0.48,0.34,0.38,0.39,0.74,0.76,ST,ATT,3
Fernando Zampedri,ST,Argentina,0.74,0.58,0.78,0.56,0.68,0.29,0.75,0.52,0.63,0.62,0.51,0.69,0.68,0.83,0.52,0.82,0.19,0.22,0.34,0.15,0.77,0.81,ST,ATT,1
Ragnar Ache,ST,Germany,0.73,0.84,0.7,0.52,0.69,0.29,0.76,0.81,0.86,0.67,0.71,0.69,0.66,0.81,0.7,0.86,0.19,0.22,0.31,0.17,0.79,0.75,ST,ATT,4
Elias Achouri,LW,Tunisia,0.73,0.86,0.66,0.66,0.75,0.3,0.56,0.87,0.86,0.79,0.76,0.74,0.7,0.52,0.67,0.64,0.32,0.28,0.25,0.26,0.46,0.68,LW,ATT,7
Ilias,RW,Morocco,0.73,0.74,0.7,0.68,0.74,0.28,0.57,0.75,0.74,0.75,0.69,0.75,0.63,0.55,0.64,0.56,0.3,0.35,0.25,0.23,0.38,0.66,RW,ATT,7
Chadrac Akolo,ST,Congo DR,0.73,0.89,0.73,0.63,0.77,0.29,0.71,0.9,0.89,0.91,0.89,0.74,0.73,0.7,0.78,0.75,0.27,0.26,0.26,0.26,0.51,0.72,ST,ATT,7
Zeki Amdouni,ST,Switzerland,0.73,0.69,0.74,0.69,0.75,0.46,0.7,0.68,0.7,0.73,0.68,0.77,0.73,0.73,0.72,0.74,0.42,0.45,0.43,0.47,0.65,0.74,ST,ATT,3
Alex Arce,ST,Paraguay,0.73,0.59,0.77,0.48,0.69,0.22,0.64,0.58,0.59,0.57,0.73,0.74,0.61,0.78,0.65,0.82,0.16,0.19,0.18,0.13,0.77,0.76,ST,ATT,1
Tiago Tomás,ST,Portugal,0.73,0.83,0.7,0.58,0.76,0.39,0.69,0.83,0.83,0.77,0.79,0.76,0.72,0.67,0.77,0.79,0.37,0.29,0.35,0.4,0.67,0.74,ST,ATT,3
Mama Baldé,ST,Guinea-Bissau,0.73,0.85,0.71,0.65,0.72,0.49,0.76,0.83,0.87,0.8,0.75,0.69,0.72,0.76,0.76,0.89,0.52,0.48,0.41,0.47,0.73,0.77,ST,ATT,3
Mohamed Bamba,ST,Côte d'Ivoire,0.73,0.79,0.74,0.56,0.72,0.28,0.72,0.79,0.79,0.76,0.7,0.72,0.66,0.74,0.71,0.82,0.25,0.21,0.23,0.21,0.7,0.72,ST,ATT,4
Mohamed Bayo,ST,Guinea,0.73,0.67,0.75,0.6,0.72,0.26,0.65,0.68,0.66,0.67,0.53,0.74,0.72,0.75,0.64,0.77,0.19,0.16,0.24,0.23,0.7,0.78,ST,ATT,4
Kevin Behrens,ST,Germany,0.73,0.67,0.72,0.51,0.66,0.42,0.85,0.68,0.66,0.64,0.67,0.67,0.73,0.85,0.79,0.93,0.49,0.35,0.3,0.28,0.87,0.76,ST,ATT,4
Yoan Bonny,ST,France,0.73,0.87,0.73,0.67,0.76,0.32,0.7,0.83,0.91,0.8,0.67,0.74,0.67,0.78,0.68,0.84,0.27,0.23,0.34,0.23,0.64,0.71,ST,ATT,4
Ben Brereton Díaz,LW,Chile,0.73,0.8,0.73,0.66,0.73,0.41,0.78,0.8,0.8,0.68,0.65,0.73,0.74,0.8,0.78,0.85,0.44,0.37,0.34,0.36,0.7,0.75,LW,ATT,3
Armando Broja,ST,Albania,0.73,0.74,0.73,0.53,0.72,0.3,0.75,0.61,0.84,0.64,0.63,0.73,0.7,0.82,0.69,0.78,0.35,0.2,0.2,0.2,0.7,0.8,ST,ATT,4
Nahuel Bustos,ST,Argentina,0.73,0.83,0.73,0.67,0.76,0.33,0.69,0.8,0.85,0.82,0.86,0.73,0.73,0.68,0.76,0.77,0.29,0.31,0.33,0.27,0.63,0.76,ST,ATT,3
Sergio Camello,ST,Spain,0.73,0.7,0.74,0.65,0.75,0.28,0.56,0.69,0.71,0.68,0.72,0.77,0.78,0.56,0.66,0.69,0.18,0.13,0.33,0.23,0.7,0.73,ST,ATT,4
Irvin Cardona,ST,France,0.73,0.84,0.72,0.66,0.72,0.28,0.64,0.76,0.9,0.69,0.65,0.74,0.7,0.71,0.68,0.78,0.17,0.2,0.29,0.26,0.65,0.78,ST,ATT,4
Julián Carranza,ST,Argentina,0.73,0.71,0.73,0.6,0.71,0.42,0.76,0.7,0.71,0.68,0.68,0.75,0.76,0.73,0.78,0.76,0.37,0.3,0.43,0.43,0.68,0.73,ST,ATT,3
Guido Carrillo,ST,Argentina,0.73,0.42,0.75,0.56,0.7,0.45,0.78,0.32,0.5,0.6,0.51,0.75,0.72,0.82,0.74,0.78,0.44,0.39,0.43,0.34,0.81,0.76,ST,ATT,1
Santiago Castro,ST,Argentina,0.73,0.79,0.73,0.59,0.73,0.4,0.65,0.8,0.79,0.77,0.77,0.72,0.66,0.69,0.45,0.83,0.39,0.41,0.29,0.38,0.75,0.76,ST,ATT,3
Lorenzo Colombo,ST,Italy,0.73,0.68,0.75,0.51,0.7,0.29,0.72,0.64,0.72,0.65,0.68,0.72,0.69,0.74,0.64,0.78,0.3,0.2,0.23,0.18,0.72,0.81,ST,ATT,4
Gustavo,ST,Brazil,0.73,0.75,0.73,0.51,0.66,0.24,0.8,0.72,0.77,0.59,0.55,0.71,0.68,0.88,0.6,0.91,0.21,0.24,0.14,0.18,0.76,0.75,ST,ATT,4
Zeca,ST,Brazil,0.73,0.79,0.72,0.56,0.68,0.27,0.77,0.73,0.84,0.64,0.63,0.72,0.66,0.87,0.67,0.88,0.23,0.18,0.21,0.22,0.71,0.74,ST,ATT,4
Miguel,ST,Spain,0.73,0.71,0.73,0.54,0.73,0.31,0.77,0.71,0.71,0.73,0.69,0.75,0.68,0.83,0.74,0.86,0.24,0.22,0.38,0.15,0.72,0.75,ST,ATT,4
Felipe Silva,ST,Brazil,0.73,0.75,0.71,0.59,0.68,0.28,0.85,0.76,0.75,0.63,0.62,0.72,0.68,0.9,0.81,0.94,0.26,0.18,0.19,0.23,0.76,0.76,ST,ATT,4
Cyriel Dessers,ST,Nigeria,0.73,0.69,0.73,0.56,0.68,0.29,0.74,0.65,0.72,0.69,0.64,0.69,0.75,0.82,0.72,0.75,0.16,0.14,0.42,0.17,0.71,0.79,ST,ATT,4
Juninho Vieira,ST,Brazil,0.73,0.86,0.74,0.61,0.7,0.3,0.63,0.86,0.86,0.75,0.67,0.7,0.68,0.66,0.68,0.76,0.22,0.2,0.26,0.3,0.71,0.78,ST,ATT,4
Fernando,ST,Brazil,0.73,0.89,0.74,0.66,0.78,0.37,0.64,0.87,0.91,0.86,0.76,0.76,0.74,0.62,0.66,0.7,0.42,0.36,0.38,0.22,0.49,0.76,ST,ATT,7
Youssef El Arabi,ST,Morocco,0.73,0.59,0.76,0.65,0.72,0.37,0.64,0.58,0.6,0.7,0.58,0.75,0.72,0.75,0.5,0.76,0.3,0.42,0.25,0.44,0.72,0.74,ST,ATT,1
Mohamed Elyounoussi,LW,Norway,0.73,0.72,0.7,0.7,0.75,0.6,0.72,0.7,0.74,0.74,0.76,0.75,0.72,0.65,0.86,0.71,0.65,0.58,0.6,0.52,0.65,0.71,LW,ATT,2
Emanuel Emegha,ST,Holland,0.73,0.81,0.71,0.56,0.69,0.3,0.74,0.75,0.85,0.68,0.45,0.73,0.69,0.8,0.68,0.82,0.21,0.23,0.26,0.35,0.7,0.74,ST,ATT,4
Samuel Essende,ST,France,0.73,0.74,0.71,0.49,0.67,0.26,0.82,0.73,0.74,0.62,0.54,0.71,0.66,0.89,0.82,0.89,0.22,0.18,0.22,0.18,0.74,0.7,ST,ATT,4
Carlos Fernández,ST,Spain,0.73,0.67,0.75,0.64,0.73,0.27,0.67,0.61,0.71,0.7,0.48,0.76,0.72,0.72,0.5,0.77,0.21,0.22,0.21,0.22,0.73,0.77,ST,ATT,4
Fábio Abreu,ST,Angola,0.73,0.78,0.73,0.55,0.69,0.26,0.76,0.78,0.78,0.72,0.66,0.71,0.69,0.8,0.83,0.91,0.17,0.2,0.29,0.14,0.77,0.77,ST,ATT,4
Derlis González,ST,Paraguay,0.73,0.81,0.75,0.71,0.76,0.44,0.64,0.84,0.78,0.85,0.81,0.75,0.73,0.59,0.81,0.73,0.51,0.33,0.42,0.34,0.59,0.73,ST,ATT,3
Yeremay,LW,Spain,0.73,0.77,0.64,0.69,0.75,0.22,0.48,0.78,0.77,0.72,0.72,0.73,0.69,0.48,0.65,0.51,0.2,0.18,0.22,0.24,0.32,0.65,LW,ATT,7
Philipp Hofmann,ST,Germany,0.73,0.51,0.72,0.55,0.65,0.37,0.8,0.37,0.63,0.45,0.35,0.73,0.75,0.92,0.55,0.83,0.4,0.33,0.26,0.3,0.82,0.83,ST,ATT,1
Lucas Höler,ST,Germany,0.73,0.69,0.73,0.54,0.63,0.51,0.79,0.63,0.73,0.65,0.63,0.59,0.78,0.8,0.82,0.85,0.54,0.39,0.49,0.41,0.79,0.78,ST,ATT,3
Adam Idah,ST,Republic of Ireland,0.73,0.8,0.72,0.57,0.69,0.24,0.78,0.74,0.85,0.71,0.62,0.68,0.73,0.85,0.67,0.88,0.17,0.11,0.18,0.23,0.74,0.74,ST,ATT,4
Marcus Ingvartsen,ST,Denmark,0.73,0.62,0.77,0.67,0.73,0.38,0.72,0.68,0.57,0.68,0.71,0.74,0.75,0.74,0.77,0.76,0.38,0.3,0.35,0.29,0.68,0.79,ST,ATT,3
Cedric Itten,ST,Switzerland,0.73,0.69,0.73,0.62,0.67,0.36,0.8,0.68,0.7,0.64,0.63,0.68,0.74,0.85,0.72,0.88,0.35,0.36,0.28,0.29,0.77,0.78,ST,ATT,4
Dejan Joveljić,ST,Serbia,0.73,0.74,0.72,0.61,0.7,0.32,0.73,0.76,0.73,0.74,0.69,0.71,0.71,0.78,0.71,0.86,0.31,0.29,0.22,0.28,0.72,0.75,ST,ATT,4
Matěj Jurásek,RW,Czech Republic,0.73,0.81,0.71,0.67,0.74,0.54,0.7,0.8,0.82,0.76,0.72,0.74,0.69,0.7,0.73,0.74,0.53,0.5,0.57,0.51,0.55,0.74,RW,ATT,2
Karim Konaté,ST,Côte d'Ivoire,0.73,0.86,0.7,0.56,0.75,0.4,0.65,0.85,0.86,0.74,0.72,0.74,0.66,0.64,0.75,0.86,0.38,0.3,0.36,0.33,0.77,0.7,ST,ATT,4
Nicolas Kühn,RW,Germany,0.73,0.88,0.67,0.66,0.76,0.25,0.66,0.85,0.9,0.89,0.79,0.72,0.75,0.68,0.73,0.73,0.22,0.19,0.22,0.22,0.51,0.72,RW,ATT,7
Gianluca Lapadula,ST,Peru,0.73,0.68,0.73,0.61,0.72,0.39,0.71,0.67,0.68,0.77,0.81,0.72,0.74,0.68,0.66,0.76,0.39,0.38,0.35,0.29,0.73,0.76,ST,ATT,3
Latasa,ST,Spain,0.73,0.69,0.73,0.55,0.67,0.22,0.68,0.65,0.72,0.52,0.45,0.69,0.71,0.8,0.68,0.85,0.15,0.19,0.17,0.12,0.78,0.74,ST,ATT,4
Keane Lewis-Potter,LW,England,0.73,0.78,0.67,0.65,0.76,0.44,0.65,0.82,0.74,0.85,0.82,0.74,0.67,0.59,0.73,0.74,0.44,0.39,0.41,0.39,0.64,0.67,LW,ATT,2
Roger Martí,ST,Spain,0.73,0.72,0.73,0.62,0.73,0.42,0.7,0.71,0.73,0.71,0.73,0.72,0.75,0.71,0.69,0.77,0.38,0.4,0.42,0.35,0.69,0.75,ST,ATT,3
Roger Martínez,ST,Colombia,0.73,0.73,0.73,0.66,0.76,0.41,0.78,0.79,0.68,0.77,0.8,0.75,0.72,0.81,0.75,0.84,0.4,0.38,0.4,0.31,0.65,0.77,ST,ATT,3
Mata,ST,Spain,0.73,0.61,0.72,0.63,0.7,0.38,0.72,0.55,0.65,0.61,0.35,0.74,0.78,0.74,0.63,0.76,0.38,0.32,0.34,0.29,0.73,0.79,ST,ATT,1
Oli McBurnie,ST,Scotland,0.73,0.54,0.72,0.58,0.68,0.34,0.81,0.54,0.54,0.51,0.54,0.76,0.72,0.84,0.72,0.83,0.29,0.2,0.32,0.28,0.76,0.79,ST,ATT,1
Lorenzo Melgarejo,ST,Paraguay,0.73,0.83,0.72,0.65,0.76,0.56,0.69,0.82,0.83,0.78,0.77,0.75,0.66,0.65,0.76,0.83,0.62,0.62,0.41,0.57,0.75,0.79,ST,ATT,3
João Mendes,LW,Portugal,0.73,0.7,0.72,0.72,0.73,0.57,0.7,0.68,0.72,0.64,0.62,0.76,0.75,0.74,0.74,0.66,0.61,0.58,0.51,0.63,0.48,0.81,LW,ATT,2
Alexandre Mendy,ST,Guinea-Bissau,0.73,0.72,0.73,0.52,0.66,0.25,0.82,0.71,0.73,0.72,0.57,0.69,0.68,0.9,0.77,0.92,0.17,0.17,0.16,0.29,0.76,0.76,ST,ATT,4
Pere Milla,ST,Spain,0.73,0.73,0.73,0.7,0.73,0.51,0.66,0.74,0.72,0.75,0.64,0.74,0.72,0.6,0.81,0.77,0.54,0.34,0.45,0.54,0.74,0.75,ST,ATT,3
Lewis Morgan,ST,Scotland,0.73,0.82,0.74,0.71,0.75,0.55,0.68,0.82,0.82,0.81,0.76,0.75,0.72,0.62,0.8,0.83,0.64,0.61,0.43,0.54,0.6,0.76,ST,ATT,3
Stefan Mugoša,ST,Montenegro,0.73,0.64,0.75,0.53,0.67,0.24,0.78,0.63,0.65,0.62,0.51,0.75,0.66,0.89,0.75,0.85,0.22,0.19,0.16,0.18,0.75,0.74,ST,ATT,4
Gustaf Nilsson,ST,Sweden,0.73,0.7,0.75,0.57,0.62,0.32,0.76,0.63,0.76,0.37,0.41,0.66,0.73,0.81,0.72,0.85,0.32,0.22,0.27,0.22,0.78,0.76,ST,ATT,1
Justin Njinmah,ST,Germany,0.73,0.9,0.75,0.62,0.73,0.3,0.59,0.9,0.9,0.78,0.78,0.72,0.74,0.6,0.74,0.75,0.25,0.18,0.27,0.33,0.56,0.87,ST,ATT,4
Jens Odgaard,ST,Denmark,0.73,0.73,0.73,0.68,0.72,0.42,0.77,0.72,0.73,0.67,0.65,0.72,0.74,0.79,0.82,0.84,0.39,0.28,0.45,0.32,0.72,0.78,ST,ATT,3
Samu,ST,Spain,0.73,0.7,0.73,0.52,0.68,0.22,0.68,0.65,0.74,0.55,0.44,0.72,0.69,0.83,0.65,0.84,0.12,0.13,0.2,0.16,0.74,0.71,ST,ATT,4
Karim Onisiwo,ST,Austria,0.73,0.75,0.71,0.63,0.71,0.5,0.83,0.74,0.75,0.64,0.62,0.71,0.74,0.85,0.77,0.88,0.53,0.4,0.44,0.49,0.73,0.8,ST,ATT,3
Divock Origi,ST,Belgium,0.73,0.71,0.72,0.66,0.72,0.27,0.72,0.65,0.76,0.66,0.52,0.75,0.74,0.77,0.63,0.81,0.24,0.18,0.16,0.28,0.73,0.79,ST,ATT,4
Ricardo Pepi,ST,United States,0.73,0.7,0.74,0.57,0.7,0.41,0.71,0.71,0.69,0.66,0.67,0.74,0.7,0.72,0.75,0.7,0.4,0.34,0.34,0.41,0.69,0.74,ST,ATT,3
João Pedro,ST,Brazil,0.73,0.65,0.75,0.53,0.67,0.25,0.8,0.64,0.66,0.68,0.61,0.66,0.74,0.84,0.74,0.84,0.2,0.22,0.19,0.17,0.75,0.79,ST,ATT,4
Aleksandar Pešić,ST,Serbia,0.73,0.68,0.73,0.62,0.67,0.45,0.78,0.69,0.68,0.62,0.4,0.72,0.69,0.84,0.69,0.85,0.48,0.46,0.43,0.3,0.74,0.74,ST,ATT,3
Andrea Petagna,ST,Italy,0.73,0.47,0.73,0.67,0.72,0.35,0.78,0.35,0.56,0.42,0.67,0.8,0.69,0.93,0.61,0.77,0.3,0.21,0.4,0.24,0.73,0.79,ST,ATT,1
Andrea Pinamonti,ST,Italy,0.73,0.7,0.75,0.53,0.71,0.27,0.71,0.71,0.69,0.68,0.73,0.75,0.72,0.73,0.79,0.82,0.3,0.24,0.15,0.16,0.75,0.79,ST,ATT,4
Marko Pjaca,LW,Croatia,0.73,0.75,0.7,0.7,0.78,0.38,0.67,0.75,0.75,0.77,0.67,0.78,0.7,0.79,0.6,0.82,0.36,0.34,0.36,0.3,0.68,0.79,LW,ATT,3
Abdón Prats,ST,Spain,0.73,0.68,0.75,0.61,0.73,0.29,0.67,0.65,0.7,0.77,0.66,0.74,0.67,0.76,0.68,0.76,0.23,0.18,0.29,0.25,0.67,0.75,ST,ATT,4
Patricio Rodríguez,LW,Argentina,0.73,0.82,0.68,0.7,0.77,0.29,0.39,0.83,0.81,0.85,0.82,0.72,0.65,0.34,0.56,0.5,0.31,0.29,0.16,0.42,0.4,0.65,LW,ATT,7
Silvio Romero,ST,Argentina,0.73,0.63,0.74,0.71,0.74,0.46,0.74,0.69,0.58,0.73,0.74,0.75,0.72,0.76,0.79,0.82,0.53,0.43,0.34,0.41,0.73,0.79,ST,ATT,3
Isaac,ST,Spain,0.73,0.71,0.73,0.69,0.7,0.23,0.62,0.69,0.73,0.65,0.56,0.73,0.71,0.68,0.65,0.77,0.12,0.1,0.23,0.22,0.74,0.71,ST,ATT,4
Jeffrey Schlupp,LW,Ghana,0.73,0.75,0.71,0.68,0.74,0.7,0.69,0.73,0.77,0.73,0.73,0.75,0.74,0.69,0.66,0.73,0.73,0.72,0.7,0.7,0.61,0.79,LW,ATT,2
Zito Luvumbo,ST,Angola,0.73,0.87,0.7,0.66,0.78,0.46,0.66,0.92,0.83,0.89,0.89,0.75,0.75,0.62,0.66,0.77,0.45,0.44,0.44,0.46,0.58,0.76,ST,ATT,3
Davie Selke,ST,Germany,0.73,0.77,0.72,0.54,0.67,0.37,0.77,0.69,0.84,0.67,0.59,0.66,0.74,0.79,0.62,0.86,0.39,0.2,0.33,0.29,0.79,0.75,ST,ATT,4
Jordan Siebatcheu,ST,United States,0.73,0.55,0.72,0.61,0.71,0.39,0.76,0.54,0.55,0.64,0.62,0.74,0.74,0.87,0.72,0.84,0.44,0.24,0.27,0.36,0.76,0.74,ST,ATT,1
Tim Skarke,ST,Germany,0.73,0.85,0.74,0.63,0.75,0.47,0.68,0.86,0.84,0.78,0.79,0.74,0.72,0.69,0.77,0.74,0.49,0.43,0.45,0.47,0.52,0.85,ST,ATT,3
Fábio Silva,ST,Portugal,0.73,0.74,0.73,0.58,0.74,0.31,0.72,0.73,0.75,0.7,0.65,0.76,0.74,0.74,0.7,0.78,0.28,0.26,0.32,0.18,0.66,0.73,ST,ATT,4
Marquinhos,LW,Brazil,0.73,0.85,0.68,0.66,0.74,0.26,0.56,0.86,0.85,0.72,0.79,0.76,0.68,0.49,0.69,0.68,0.27,0.22,0.18,0.23,0.59,0.68,LW,ATT,7
Karol Świderski,ST,Poland,0.73,0.64,0.74,0.62,0.71,0.32,0.71,0.66,0.63,0.71,0.63,0.75,0.71,0.74,0.71,0.8,0.21,0.19,0.31,0.33,0.75,0.73,ST,ATT,4
Haris Tabaković,ST,Bosnia and Herzegovina,0.73,0.63,0.73,0.52,0.65,0.29,0.8,0.51,0.72,0.6,0.55,0.65,0.79,0.87,0.78,0.84,0.18,0.17,0.32,0.2,0.79,0.75,ST,ATT,1
Brandon Thomas,ST,Spain,0.73,0.78,0.74,0.64,0.74,0.41,0.72,0.79,0.78,0.87,0.89,0.7,0.73,0.69,0.83,0.77,0.36,0.33,0.35,0.48,0.65,0.75,ST,ATT,3
Lassina Traoré,ST,Burkina Faso,0.73,0.78,0.71,0.58,0.69,0.3,0.76,0.76,0.79,0.69,0.68,0.69,0.69,0.85,0.64,0.93,0.22,0.25,0.22,0.31,0.79,0.8,ST,ATT,4
Zlatko Tripić,LW,Norway,0.73,0.84,0.75,0.68,0.73,0.49,0.79,0.85,0.84,0.75,0.7,0.7,0.63,0.76,0.81,0.81,0.45,0.46,0.57,0.4,0.56,0.81,LW,ATT,3
Mikael Uhre,ST,Denmark,0.73,0.85,0.71,0.52,0.68,0.37,0.77,0.86,0.84,0.75,0.47,0.69,0.77,0.81,0.77,0.87,0.35,0.3,0.4,0.25,0.65,0.75,ST,ATT,4
Sebastián Villa,LW,Colombia,0.73,0.86,0.71,0.68,0.74,0.32,0.64,0.84,0.87,0.82,0.74,0.72,0.67,0.6,0.78,0.62,0.25,0.26,0.45,0.26,0.35,0.76,LW,ATT,7
Villalibre,ST,Spain,0.73,0.74,0.74,0.56,0.7,0.39,0.81,0.73,0.74,0.71,0.65,0.72,0.64,0.92,0.7,0.91,0.32,0.3,0.41,0.31,0.75,0.84,ST,ATT,4
Haji Wright,ST,United States,0.73,0.82,0.73,0.57,0.69,0.33,0.78,0.73,0.89,0.65,0.49,0.69,0.7,0.83,0.73,0.79,0.2,0.18,0.38,0.34,0.73,0.78,ST,ATT,4
Frank Acheampong,ST,Ghana,0.72,0.91,0.72,0.67,0.78,0.44,0.77,0.9,0.92,0.92,0.9,0.73,0.74,0.76,0.9,0.8,0.48,0.42,0.4,0.42,0.53,0.74,ST,ATT,3
Dapo Afolayan,RW,England,0.72,0.8,0.69,0.65,0.73,0.48,0.71,0.84,0.76,0.78,0.76,0.7,0.71,0.64,0.81,0.74,0.5,0.4,0.5,0.4,0.56,0.67,RW,ATT,2
Ai Kesen,LW,China PR,0.72,0.8,0.75,0.67,0.74,0.48,0.79,0.79,0.81,0.81,0.87,0.75,0.71,0.82,0.8,0.86,0.45,0.35,0.43,0.56,0.7,0.77,LW,ATT,3
Francis Amuzu,LW,Belgium,0.72,0.92,0.65,0.65,0.75,0.37,0.6,0.92,0.92,0.93,0.86,0.72,0.68,0.56,0.73,0.65,0.41,0.46,0.33,0.28,0.42,0.7,LW,ATT,7
Toluwalase Arokodare,ST,Nigeria,0.72,0.73,0.69,0.5,0.64,0.3,0.8,0.67,0.78,0.54,0.35,0.7,0.69,0.91,0.69,0.9,0.35,0.21,0.22,0.15,0.77,0.73,ST,ATT,4
Yáser Asprilla,RW,Colombia,0.72,0.77,0.68,0.69,0.75,0.5,0.62,0.78,0.76,0.82,0.67,0.75,0.65,0.63,0.68,0.63,0.55,0.45,0.52,0.44,0.42,0.74,RW,ATT,2
Lameck Banda,LW,Zambia,0.72,0.88,0.66,0.6,0.77,0.3,0.43,0.88,0.88,0.76,0.86,0.72,0.7,0.35,0.58,0.56,0.35,0.28,0.22,0.25,0.48,0.66,LW,ATT,7
Hernán Barcos,ST,Argentina,0.72,0.49,0.74,0.66,0.65,0.46,0.76,0.49,0.49,0.41,0.46,0.75,0.65,0.87,0.61,0.83,0.4,0.38,0.41,0.52,0.78,0.76,ST,ATT,1
Jean-David Beauguel,ST,France,0.72,0.63,0.73,0.52,0.64,0.31,0.79,0.64,0.62,0.52,0.34,0.68,0.62,0.92,0.62,0.82,0.28,0.23,0.2,0.34,0.79,0.76,ST,ATT,1
Dion Drena Beljo,ST,Croatia,0.72,0.59,0.71,0.49,0.68,0.31,0.73,0.55,0.63,0.52,0.39,0.72,0.69,0.82,0.63,0.83,0.31,0.23,0.23,0.25,0.76,0.77,ST,ATT,1
Myron Boadu,ST,Holland,0.72,0.81,0.72,0.61,0.74,0.28,0.64,0.82,0.8,0.84,0.74,0.73,0.72,0.67,0.67,0.78,0.22,0.18,0.29,0.23,0.63,0.76,ST,ATT,4
Oscar Bobb,RW,Norway,0.72,0.8,0.62,0.71,0.79,0.33,0.41,0.84,0.76,0.81,0.8,0.79,0.62,0.34,0.5,0.46,0.34,0.31,0.32,0.24,0.48,0.66,RW,ATT,7
Walter Bou,ST,Argentina,0.72,0.68,0.74,0.62,0.72,0.49,0.7,0.69,0.67,0.75,0.8,0.71,0.74,0.66,0.79,0.72,0.55,0.5,0.33,0.53,0.67,0.77,ST,ATT,3
Róbert Boženík,ST,Slovakia,0.72,0.74,0.72,0.63,0.67,0.32,0.74,0.74,0.74,0.66,0.63,0.7,0.69,0.76,0.74,0.81,0.27,0.25,0.32,0.24,0.69,0.77,ST,ATT,4
Gianni Bruno,ST,Belgium,0.72,0.7,0.74,0.66,0.71,0.39,0.66,0.73,0.67,0.71,0.7,0.7,0.69,0.67,0.66,0.75,0.36,0.26,0.38,0.36,0.69,0.72,ST,ATT,4
Osman Bukari,RW,Ghana,0.72,0.85,0.67,0.61,0.75,0.37,0.65,0.87,0.83,0.85,0.83,0.72,0.66,0.63,0.73,0.69,0.56,0.38,0.21,0.28,0.46,0.67,RW,ATT,7
Guido Burgstaller,ST,Austria,0.72,0.53,0.74,0.66,0.69,0.39,0.81,0.53,0.53,0.67,0.62,0.72,0.74,0.82,0.79,0.79,0.39,0.21,0.35,0.34,0.74,0.8,ST,ATT,1
Matteo Cancellieri,LW,Italy,0.72,0.79,0.69,0.69,0.77,0.38,0.59,0.76,0.81,0.81,0.8,0.77,0.66,0.64,0.48,0.71,0.42,0.41,0.31,0.33,0.55,0.74,LW,ATT,7
Johan Carbonero,LW,Colombia,0.72,0.85,0.65,0.63,0.78,0.37,0.6,0.88,0.82,0.87,0.78,0.73,0.69,0.56,0.8,0.63,0.32,0.34,0.36,0.44,0.41,0.68,LW,ATT,7
Óscar Cardozo,ST,Paraguay,0.72,0.39,0.78,0.64,0.63,0.27,0.67,0.41,0.38,0.41,0.3,0.72,0.63,0.82,0.31,0.71,0.28,0.2,0.22,0.12,0.79,0.8,ST,ATT,1
Yago Cariello,ST,Brazil,0.72,0.7,0.74,0.53,0.65,0.24,0.8,0.77,0.64,0.68,0.54,0.7,0.71,0.85,0.74,0.9,0.19,0.22,0.18,0.14,0.74,0.75,ST,ATT,4
Cho Gue Sung,ST,Korea Republic,0.72,0.78,0.71,0.52,0.68,0.3,0.79,0.75,0.8,0.8,0.58,0.69,0.73,0.83,0.79,0.87,0.23,0.2,0.3,0.23,0.72,0.71,ST,ATT,4
Matías Cóccaro,ST,Uruguay,0.72,0.72,0.72,0.48,0.7,0.4,0.72,0.73,0.72,0.73,0.69,0.73,0.7,0.73,0.77,0.82,0.32,0.27,0.44,0.35,0.71,0.74,ST,ATT,4
Rodrigo Contreras,ST,Argentina,0.72,0.71,0.73,0.61,0.69,0.34,0.79,0.69,0.73,0.73,0.67,0.68,0.67,0.86,0.77,0.86,0.25,0.21,0.32,0.36,0.72,0.77,ST,ATT,4
Marco D'Alessandro,LW,Italy,0.72,0.84,0.58,0.68,0.79,0.44,0.43,0.87,0.82,0.9,0.84,0.79,0.65,0.33,0.65,0.52,0.36,0.29,0.66,0.31,0.44,0.68,LW,ATT,7
Nuno da Costa,ST,Cape Verde Islands,0.72,0.82,0.69,0.63,0.72,0.27,0.65,0.8,0.83,0.76,0.76,0.73,0.66,0.68,0.69,0.85,0.17,0.2,0.15,0.37,0.76,0.75,ST,ATT,4
Oumar Diakité,ST,Côte d'Ivoire,0.72,0.79,0.71,0.57,0.7,0.21,0.69,0.77,0.8,0.68,0.68,0.7,0.69,0.74,0.59,0.81,0.19,0.12,0.13,0.15,0.7,0.75,ST,ATT,4
Bamba Dieng,ST,Senegal,0.72,0.79,0.73,0.6,0.7,0.33,0.6,0.8,0.79,0.67,0.71,0.71,0.69,0.66,0.6,0.78,0.31,0.27,0.24,0.32,0.7,0.84,ST,ATT,4
Loïs Diony,ST,France,0.72,0.66,0.73,0.64,0.7,0.26,0.73,0.67,0.66,0.63,0.72,0.71,0.68,0.77,0.66,0.81,0.24,0.16,0.18,0.21,0.72,0.76,ST,ATT,4
Jean-Luc Dompé,LW,France,0.72,0.76,0.7,0.7,0.77,0.38,0.54,0.81,0.72,0.9,0.89,0.72,0.67,0.5,0.73,0.56,0.44,0.42,0.31,0.39,0.36,0.8,LW,ATT,7
Sebastiano Esposito,ST,Italy,0.72,0.73,0.73,0.72,0.74,0.35,0.63,0.75,0.71,0.76,0.7,0.76,0.65,0.67,0.66,0.75,0.4,0.35,0.24,0.3,0.65,0.75,ST,ATT,4
Håkon Evjen,RW,Norway,0.72,0.86,0.62,0.67,0.75,0.56,0.64,0.89,0.83,0.92,0.75,0.74,0.66,0.55,0.86,0.62,0.63,0.55,0.59,0.48,0.39,0.61,RW,ATT,2
Gerso,LW,Guinea-Bissau,0.72,0.9,0.65,0.62,0.75,0.41,0.64,0.89,0.91,0.9,0.91,0.68,0.68,0.58,0.77,0.68,0.42,0.39,0.43,0.34,0.48,0.67,LW,ATT,7
Malick Fofana,LW,Belgium,0.72,0.87,0.62,0.64,0.79,0.35,0.42,0.86,0.87,0.88,0.9,0.74,0.69,0.35,0.61,0.48,0.38,0.37,0.31,0.35,0.32,0.58,LW,ATT,7
David Datro Fofana,ST,Côte d'Ivoire,0.72,0.83,0.7,0.6,0.75,0.25,0.73,0.87,0.79,0.79,0.71,0.73,0.7,0.78,0.67,0.86,0.22,0.17,0.22,0.17,0.65,0.73,ST,ATT,4
Lyle Foster,ST,South Africa,0.72,0.79,0.72,0.61,0.69,0.36,0.73,0.77,0.8,0.65,0.66,0.71,0.68,0.76,0.69,0.83,0.33,0.31,0.36,0.24,0.69,0.76,ST,ATT,4
Ryan Fraser,LW,Scotland,0.72,0.76,0.68,0.69,0.75,0.48,0.59,0.84,0.69,0.86,0.9,0.72,0.68,0.55,0.59,0.58,0.56,0.45,0.48,0.45,0.3,0.71,LW,ATT,2
Ignatius Ganago,ST,Cameroon,0.72,0.8,0.71,0.61,0.74,0.34,0.65,0.79,0.8,0.77,0.79,0.74,0.67,0.75,0.56,0.81,0.17,0.14,0.39,0.45,0.65,0.79,ST,ATT,4
Valère Germain,ST,France,0.72,0.57,0.72,0.69,0.72,0.43,0.73,0.59,0.55,0.76,0.7,0.75,0.74,0.7,0.82,0.75,0.37,0.35,0.43,0.42,0.74,0.73,ST,ATT,3
Matías Giménez,ST,Argentina,0.72,0.73,0.7,0.65,0.74,0.31,0.67,0.75,0.72,0.72,0.64,0.74,0.71,0.7,0.67,0.74,0.3,0.27,0.22,0.34,0.6,0.7,ST,ATT,4
Rodrigo Gomes,RW,Portugal,0.72,0.81,0.67,0.64,0.74,0.52,0.51,0.8,0.81,0.82,0.76,0.73,0.74,0.42,0.68,0.57,0.49,0.51,0.54,0.54,0.52,0.69,RW,ATT,2
Morgan Guilavogui,ST,Guinea,0.72,0.8,0.7,0.66,0.71,0.32,0.7,0.78,0.81,0.84,0.37,0.73,0.72,0.74,0.69,0.82,0.33,0.21,0.23,0.28,0.7,0.69,ST,ATT,4
Benedict Hollerbach,ST,Germany,0.72,0.84,0.72,0.62,0.74,0.27,0.72,0.87,0.81,0.8,0.79,0.72,0.69,0.69,0.81,0.77,0.24,0.22,0.24,0.25,0.57,0.76,ST,ATT,4
Hwang Ui Jo,ST,Korea Republic,0.72,0.77,0.73,0.64,0.73,0.42,0.71,0.76,0.77,0.72,0.65,0.73,0.7,0.71,0.75,0.79,0.42,0.35,0.33,0.44,0.68,0.79,ST,ATT,3
Michael Johnston,LW,Republic of Ireland,0.72,0.85,0.69,0.64,0.75,0.29,0.48,0.88,0.83,0.89,0.86,0.72,0.7,0.46,0.65,0.62,0.27,0.25,0.32,0.2,0.49,0.75,LW,ATT,7
Tino Kadewere,ST,Zimbabwe,0.72,0.73,0.72,0.66,0.72,0.38,0.67,0.72,0.73,0.78,0.66,0.73,0.71,0.71,0.63,0.78,0.39,0.35,0.34,0.3,0.69,0.76,ST,ATT,3
Wilfried Kanga,ST,Côte d'Ivoire,0.72,0.71,0.69,0.57,0.65,0.25,0.84,0.68,0.74,0.57,0.44,0.68,0.69,0.91,0.8,0.87,0.15,0.18,0.19,0.28,0.73,0.79,ST,ATT,4
Wahbi Khazri,ST,Tunisia,0.72,0.63,0.75,0.73,0.75,0.43,0.7,0.63,0.63,0.75,0.76,0.75,0.73,0.7,0.66,0.68,0.46,0.3,0.31,0.53,0.58,0.84,ST,ATT,3
Semih Kılıçsoy,ST,Turkey,0.72,0.78,0.74,0.6,0.75,0.31,0.71,0.77,0.79,0.75,0.74,0.76,0.67,0.72,0.66,0.76,0.29,0.26,0.29,0.26,0.59,0.8,ST,ATT,4
Kenan Kodro,ST,Bosnia and Herzegovina,0.72,0.54,0.72,0.62,0.67,0.4,0.71,0.49,0.58,0.5,0.55,0.76,0.75,0.77,0.64,0.75,0.39,0.35,0.38,0.3,0.72,0.74,ST,ATT,1
Damir Kreilach,ST,Croatia,0.72,0.42,0.72,0.7,0.72,0.64,0.8,0.47,0.37,0.63,0.62,0.74,0.79,0.85,0.71,0.9,0.63,0.55,0.65,0.59,0.8,0.76,ST,ATT,3
Tobias Lauritsen,ST,Norway,0.72,0.6,0.7,0.53,0.62,0.42,0.77,0.63,0.57,0.56,0.53,0.67,0.71,0.85,0.72,0.92,0.4,0.36,0.33,0.37,0.87,0.71,ST,ATT,1
Amor Layouni,RW,Tunisia,0.72,0.92,0.71,0.64,0.7,0.41,0.77,0.9,0.93,0.73,0.6,0.71,0.67,0.8,0.78,0.84,0.4,0.39,0.39,0.37,0.56,0.73,RW,ATT,3
Marin Ljubičić,ST,Croatia,0.72,0.77,0.72,0.58,0.71,0.24,0.74,0.74,0.79,0.77,0.61,0.72,0.72,0.72,0.75,0.78,0.16,0.13,0.24,0.21,0.68,0.72,ST,ATT,4
Lorenzo Lucca,ST,Italy,0.72,0.57,0.73,0.59,0.64,0.32,0.8,0.43,0.68,0.36,0.34,0.71,0.68,0.91,0.63,0.79,0.31,0.18,0.29,0.25,0.74,0.85,ST,ATT,1
Frank Magri,ST,Cameroon,0.72,0.77,0.72,0.59,0.73,0.21,0.63,0.78,0.77,0.73,0.74,0.75,0.65,0.69,0.72,0.78,0.19,0.16,0.15,0.14,0.68,0.73,ST,ATT,4
Oscar Taty Maritu,ST,Congo DR,0.72,0.85,0.71,0.55,0.71,0.26,0.66,0.81,0.89,0.77,0.58,0.68,0.74,0.74,0.74,0.81,0.18,0.21,0.25,0.23,0.63,0.72,ST,ATT,4
Josef Martínez,ST,Venezuela,0.72,0.8,0.72,0.6,0.73,0.23,0.65,0.81,0.79,0.78,0.84,0.72,0.72,0.71,0.5,0.85,0.21,0.15,0.15,0.18,0.71,0.79,ST,ATT,4
Kieffer Moore,ST,Wales,0.72,0.62,0.69,0.56,0.65,0.46,0.8,0.52,0.71,0.52,0.44,0.71,0.71,0.9,0.62,0.88,0.44,0.39,0.39,0.42,0.84,0.76,ST,ATT,1
Patrick Mortensen,ST,Denmark,0.72,0.57,0.73,0.6,0.69,0.33,0.84,0.59,0.55,0.6,0.63,0.72,0.75,0.88,0.85,0.86,0.3,0.25,0.28,0.26,0.76,0.71,ST,ATT,1
Kerim Mrabti,LW,Sweden,0.72,0.8,0.71,0.69,0.72,0.52,0.74,0.83,0.77,0.81,0.88,0.72,0.67,0.71,0.81,0.79,0.59,0.54,0.45,0.45,0.59,0.72,LW,ATT,2
Umut Nayir,ST,Turkey,0.72,0.63,0.7,0.53,0.66,0.31,0.8,0.59,0.66,0.62,0.47,0.71,0.71,0.86,0.72,0.87,0.24,0.27,0.27,0.26,0.8,0.74,ST,ATT,1
Victor Olatunji,ST,Nigeria,0.72,0.77,0.67,0.55,0.66,0.24,0.78,0.73,0.81,0.63,0.45,0.7,0.72,0.86,0.63,0.92,0.18,0.16,0.16,0.21,0.77,0.67,ST,ATT,4
Rémi Oudin,RW,France,0.72,0.63,0.7,0.72,0.74,0.33,0.63,0.64,0.63,0.74,0.67,0.75,0.74,0.67,0.72,0.7,0.27,0.23,0.37,0.26,0.66,0.73,RW,ATT,4
Rômulo,RW,Brazil,0.72,0.8,0.69,0.71,0.72,0.52,0.69,0.77,0.83,0.82,0.81,0.72,0.65,0.62,0.86,0.68,0.59,0.56,0.5,0.45,0.51,0.73,RW,ATT,2
Carlos Palacios,LW,Chile,0.72,0.78,0.66,0.69,0.75,0.27,0.66,0.81,0.75,0.79,0.76,0.77,0.6,0.72,0.7,0.68,0.29,0.33,0.2,0.26,0.42,0.72,LW,ATT,7
Lucas Passerini,ST,Argentina,0.72,0.44,0.75,0.48,0.63,0.28,0.79,0.51,0.38,0.32,0.33,0.74,0.69,0.91,0.54,0.81,0.27,0.25,0.2,0.19,0.71,0.77,ST,ATT,1
Marco Pérez,ST,Colombia,0.72,0.78,0.75,0.61,0.64,0.31,0.75,0.77,0.79,0.76,0.58,0.65,0.7,0.86,0.7,0.85,0.2,0.18,0.42,0.2,0.64,0.72,ST,ATT,4
Jakub Pešek,RW,Czech Republic,0.72,0.86,0.66,0.68,0.73,0.28,0.46,0.87,0.86,0.86,0.83,0.72,0.65,0.38,0.65,0.53,0.23,0.24,0.3,0.25,0.44,0.68,RW,ATT,7
Marvin Pieringer,ST,Germany,0.72,0.69,0.7,0.58,0.68,0.3,0.78,0.63,0.74,0.69,0.6,0.72,0.72,0.82,0.77,0.83,0.27,0.23,0.26,0.22,0.73,0.75,ST,ATT,4
Alan Pulido,ST,Mexico,0.72,0.73,0.72,0.66,0.72,0.37,0.71,0.71,0.74,0.73,0.64,0.72,0.72,0.76,0.65,0.8,0.35,0.22,0.34,0.37,0.7,0.73,ST,ATT,4
Adrián Ramos,ST,Colombia,0.72,0.66,0.72,0.65,0.67,0.42,0.7,0.65,0.67,0.64,0.67,0.71,0.7,0.73,0.67,0.79,0.33,0.28,0.44,0.43,0.74,0.8,ST,ATT,4
Kiko Bondoso,LW,Portugal,0.72,0.76,0.69,0.69,0.75,0.33,0.53,0.77,0.76,0.7,0.83,0.74,0.7,0.47,0.7,0.65,0.32,0.26,0.28,0.3,0.61,0.69,LW,ATT,7
Luis Miguel Rodríguez,ST,Argentina,0.72,0.58,0.76,0.73,0.76,0.43,0.63,0.6,0.57,0.71,0.85,0.78,0.73,0.62,0.6,0.67,0.48,0.42,0.32,0.4,0.63,0.76,ST,ATT,3
Ángel,ST,Spain,0.72,0.75,0.72,0.6,0.72,0.36,0.67,0.77,0.74,0.75,0.75,0.74,0.72,0.68,0.6,0.77,0.27,0.25,0.42,0.32,0.68,0.72,ST,ATT,4
Fabricio,ST,Brazil,0.72,0.81,0.71,0.63,0.72,0.36,0.68,0.78,0.83,0.74,0.7,0.74,0.67,0.72,0.74,0.79,0.28,0.26,0.33,0.42,0.65,0.73,ST,ATT,4
Albion Rrahmani,ST,Kosovo,0.72,0.72,0.73,0.56,0.68,0.28,0.7,0.71,0.73,0.67,0.6,0.7,0.68,0.74,0.7,0.82,0.28,0.24,0.2,0.21,0.74,0.71,ST,ATT,4
Diego Rubio,ST,Chile,0.72,0.68,0.72,0.65,0.71,0.48,0.71,0.67,0.68,0.74,0.73,0.72,0.71,0.69,0.74,0.77,0.59,0.49,0.44,0.23,0.74,0.76,ST,ATT,3
Johnny Russell,RW,Scotland,0.72,0.75,0.72,0.7,0.74,0.5,0.78,0.76,0.74,0.77,0.76,0.73,0.69,0.76,0.76,0.82,0.56,0.38,0.42,0.5,0.68,0.77,RW,ATT,3
Maximiliano Salas,ST,Argentina,0.72,0.72,0.74,0.67,0.73,0.27,0.66,0.74,0.71,0.72,0.69,0.74,0.67,0.77,0.69,0.77,0.13,0.19,0.4,0.16,0.58,0.81,ST,ATT,4
Dániel Sallói,LW,Hungary,0.72,0.75,0.72,0.69,0.72,0.35,0.7,0.76,0.75,0.72,0.67,0.73,0.73,0.66,0.79,0.74,0.3,0.28,0.38,0.27,0.6,0.76,LW,ATT,4
Mbwana Ally Samatta,ST,Tanzania,0.72,0.75,0.71,0.63,0.69,0.37,0.73,0.73,0.77,0.71,0.7,0.68,0.69,0.75,0.7,0.83,0.34,0.33,0.34,0.28,0.74,0.77,ST,ATT,4
Manprit Sarkaria,ST,Austria,0.72,0.82,0.72,0.71,0.74,0.36,0.71,0.84,0.81,0.84,0.72,0.73,0.67,0.73,0.79,0.81,0.33,0.33,0.3,0.37,0.61,0.74,ST,ATT,3
Kevin Schade,LW,Germany,0.72,0.94,0.65,0.59,0.73,0.29,0.64,0.93,0.94,0.78,0.78,0.7,0.65,0.64,0.58,0.82,0.3,0.23,0.2,0.23,0.69,0.68,LW,ATT,7
Andreas Schjelderup,LW,Norway,0.72,0.78,0.66,0.65,0.77,0.35,0.54,0.83,0.73,0.84,0.86,0.74,0.69,0.5,0.66,0.57,0.35,0.35,0.35,0.35,0.39,0.66,LW,ATT,7
Eldor Shomurodov,ST,Uzbekistan,0.72,0.76,0.7,0.64,0.73,0.39,0.66,0.8,0.72,0.75,0.7,0.75,0.65,0.69,0.63,0.82,0.34,0.31,0.37,0.39,0.72,0.73,ST,ATT,4
André Luís,ST,Brazil,0.72,0.75,0.71,0.6,0.69,0.24,0.71,0.76,0.74,0.75,0.7,0.68,0.7,0.68,0.73,0.82,0.16,0.21,0.21,0.17,0.75,0.73,ST,ATT,4
Maximiliano Silvera,ST,Uruguay,0.72,0.69,0.73,0.56,0.7,0.27,0.7,0.67,0.71,0.77,0.72,0.74,0.7,0.73,0.76,0.74,0.25,0.22,0.21,0.24,0.64,0.71,ST,ATT,4
Giuliano Simeone,ST,Argentina,0.72,0.82,0.69,0.58,0.7,0.26,0.79,0.83,0.82,0.79,0.82,0.7,0.72,0.81,0.78,0.87,0.2,0.24,0.18,0.25,0.69,0.68,ST,ATT,4
Ibrahim Sissoko,ST,Mali,0.72,0.73,0.74,0.55,0.66,0.32,0.74,0.68,0.77,0.61,0.36,0.7,0.61,0.83,0.76,0.84,0.24,0.22,0.41,0.15,0.73,0.8,ST,ATT,4
Steven Skrzybski,ST,Germany,0.72,0.77,0.74,0.65,0.73,0.37,0.66,0.77,0.77,0.76,0.76,0.73,0.73,0.58,0.83,0.69,0.37,0.28,0.33,0.37,0.56,0.78,ST,ATT,3
Brenner,ST,Brazil,0.72,0.77,0.71,0.63,0.76,0.32,0.54,0.75,0.78,0.78,0.75,0.77,0.72,0.55,0.63,0.7,0.32,0.22,0.29,0.24,0.65,0.7,ST,ATT,7
Ali Sowe,ST,Gambia,0.72,0.75,0.69,0.6,0.72,0.32,0.77,0.73,0.77,0.68,0.7,0.72,0.72,0.84,0.68,0.87,0.21,0.13,0.43,0.19,0.72,0.74,ST,ATT,4
Andraž Šporar,ST,Slovenia,0.72,0.75,0.72,0.65,0.7,0.19,0.67,0.73,0.76,0.75,0.66,0.72,0.7,0.75,0.7,0.79,0.11,0.18,0.15,0.11,0.7,0.75,ST,ATT,4
Mamadou Sylla,ST,Senegal,0.72,0.77,0.71,0.62,0.7,0.37,0.75,0.76,0.77,0.74,0.66,0.68,0.66,0.79,0.76,0.87,0.42,0.37,0.21,0.36,0.72,0.72,ST,ATT,4
Chiquinho,LW,Portugal,0.72,0.87,0.66,0.65,0.75,0.34,0.58,0.86,0.87,0.79,0.74,0.75,0.64,0.64,0.62,0.73,0.3,0.32,0.36,0.31,0.52,0.7,LW,ATT,7
Casper Tengstedt,ST,Denmark,0.72,0.83,0.7,0.63,0.68,0.36,0.71,0.82,0.83,0.77,0.74,0.68,0.73,0.75,0.74,0.83,0.28,0.28,0.38,0.34,0.66,0.72,ST,ATT,4
Florian Thauvin,ST,France,0.72,0.64,0.75,0.73,0.77,0.45,0.65,0.71,0.58,0.8,0.72,0.78,0.69,0.67,0.67,0.74,0.4,0.38,0.43,0.48,0.68,0.82,ST,ATT,3
El Bilal Touré,ST,Mali,0.72,0.71,0.72,0.61,0.71,0.23,0.63,0.69,0.73,0.68,0.64,0.73,0.7,0.7,0.57,0.78,0.14,0.19,0.19,0.17,0.73,0.73,ST,ATT,4
Alex Valera,ST,Peru,0.72,0.67,0.72,0.52,0.68,0.28,0.75,0.66,0.67,0.63,0.71,0.72,0.69,0.82,0.69,0.84,0.15,0.15,0.12,0.57,0.74,0.74,ST,ATT,4
Dante Vanzeir,ST,Belgium,0.72,0.84,0.7,0.69,0.73,0.38,0.72,0.86,0.82,0.76,0.79,0.73,0.73,0.7,0.79,0.81,0.28,0.32,0.39,0.38,0.66,0.73,ST,ATT,3
Benjamin Verbič,LW,Slovenia,0.72,0.81,0.7,0.66,0.75,0.44,0.68,0.83,0.79,0.78,0.78,0.75,0.69,0.67,0.65,0.79,0.4,0.35,0.48,0.36,0.65,0.72,LW,ATT,3
Matěj Vydra,ST,Czech Republic,0.72,0.76,0.73,0.65,0.71,0.36,0.63,0.78,0.74,0.72,0.73,0.71,0.72,0.67,0.61,0.76,0.26,0.32,0.4,0.31,0.64,0.76,ST,ATT,4
Luca Waldschmidt,ST,Germany,0.72,0.73,0.76,0.7,0.76,0.29,0.61,0.77,0.69,0.77,0.76,0.75,0.73,0.64,0.67,0.72,0.19,0.18,0.33,0.28,0.56,0.81,ST,ATT,4
Diego Zabala,RW,Uruguay,0.72,0.69,0.72,0.73,0.74,0.39,0.58,0.69,0.69,0.75,0.73,0.74,0.63,0.67,0.66,0.69,0.37,0.38,0.39,0.3,0.59,0.74,RW,ATT,3
Arbër Zeneli,LW,Kosovo,0.72,0.69,0.7,0.72,0.75,0.35,0.57,0.7,0.69,0.75,0.75,0.75,0.69,0.53,0.61,0.58,0.33,0.24,0.33,0.39,0.5,0.74,LW,ATT,7
Matthis Abline,ST,France,0.71,0.77,0.72,0.56,0.72,0.24,0.55,0.79,0.75,0.76,0.74,0.73,0.59,0.62,0.55,0.76,0.22,0.18,0.2,0.14,0.68,0.72,ST,ATT,4
Barış Atik,LW,Turkey,0.71,0.71,0.68,0.68,0.76,0.39,0.55,0.79,0.64,0.92,0.88,0.74,0.62,0.44,0.85,0.48,0.36,0.33,0.5,0.33,0.33,0.67,LW,ATT,7
Adrián Balboa,ST,Uruguay,0.71,0.57,0.73,0.52,0.65,0.28,0.76,0.54,0.59,0.63,0.41,0.66,0.67,0.88,0.63,0.85,0.17,0.16,0.27,0.27,0.76,0.79,ST,ATT,1
Ashley Barnes,ST,England,0.71,0.47,0.72,0.69,0.69,0.47,0.79,0.5,0.44,0.66,0.66,0.71,0.77,0.81,0.66,0.78,0.46,0.39,0.44,0.41,0.74,0.75,ST,ATT,1
Chris Bedia,ST,Côte d'Ivoire,0.71,0.68,0.71,0.54,0.67,0.33,0.78,0.67,0.69,0.69,0.6,0.67,0.7,0.82,0.67,0.8,0.36,0.27,0.19,0.32,0.69,0.73,ST,ATT,4
Mohamed Belloumi,RW,Algeria,0.71,0.77,0.66,0.67,0.73,0.39,0.54,0.79,0.76,0.78,0.71,0.74,0.66,0.46,0.72,0.53,0.45,0.4,0.36,0.33,0.4,0.67,RW,ATT,7
Robert Berić,ST,Slovenia,0.71,0.56,0.71,0.63,0.66,0.38,0.79,0.63,0.51,0.58,0.51,0.7,0.74,0.86,0.73,0.85,0.3,0.23,0.38,0.38,0.74,0.73,ST,ATT,1
Federico Bonazzoli,ST,Italy,0.71,0.65,0.71,0.62,0.71,0.28,0.59,0.68,0.63,0.69,0.55,0.73,0.7,0.67,0.53,0.73,0.22,0.29,0.21,0.26,0.7,0.73,ST,ATT,4
Umut Bozok,ST,Turkey,0.71,0.75,0.71,0.64,0.72,0.33,0.66,0.74,0.76,0.77,0.75,0.71,0.71,0.66,0.7,0.75,0.26,0.24,0.35,0.28,0.67,0.73,ST,ATT,4
Marc Cardona,ST,Spain,0.71,0.79,0.69,0.62,0.7,0.27,0.69,0.8,0.78,0.76,0.6,0.71,0.71,0.66,0.81,0.81,0.17,0.12,0.28,0.24,0.71,0.7,ST,ATT,4
Gonzalo Carneiro,ST,Uruguay,0.71,0.71,0.72,0.59,0.69,0.26,0.72,0.63,0.78,0.69,0.61,0.7,0.64,0.8,0.65,0.77,0.23,0.48,0.12,0.18,0.69,0.7,ST,ATT,4
Giuseppe Caso,LW,Italy,0.71,0.79,0.68,0.63,0.75,0.27,0.41,0.8,0.79,0.82,0.85,0.73,0.7,0.36,0.39,0.52,0.28,0.27,0.23,0.24,0.45,0.72,LW,ATT,7
Nélson Oliveira,ST,Portugal,0.71,0.67,0.72,0.64,0.69,0.37,0.74,0.65,0.68,0.68,0.68,0.71,0.71,0.77,0.68,0.73,0.4,0.29,0.27,0.36,0.71,0.77,ST,ATT,4
Žan Celar,ST,Slovenia,0.71,0.74,0.72,0.57,0.69,0.27,0.75,0.76,0.73,0.7,0.65,0.71,0.59,0.77,0.74,0.83,0.21,0.22,0.24,0.23,0.7,0.75,ST,ATT,4
Youssef Chermiti,ST,Portugal,0.71,0.67,0.68,0.55,0.69,0.33,0.71,0.66,0.67,0.67,0.52,0.71,0.72,0.79,0.61,0.74,0.25,0.25,0.29,0.33,0.74,0.71,ST,ATT,4
Antonio Čolak,ST,Croatia,0.71,0.66,0.73,0.57,0.69,0.34,0.78,0.65,0.67,0.69,0.64,0.72,0.68,0.79,0.79,0.82,0.31,0.2,0.32,0.28,0.73,0.72,ST,ATT,4
Enzo Copetti,ST,Argentina,0.71,0.79,0.68,0.63,0.68,0.49,0.78,0.78,0.79,0.66,0.84,0.68,0.72,0.74,0.79,0.86,0.5,0.47,0.41,0.47,0.74,0.75,ST,ATT,3
Fábio Ronaldo,LW,Portugal,0.71,0.84,0.68,0.63,0.74,0.62,0.63,0.86,0.83,0.83,0.75,0.72,0.63,0.62,0.77,0.75,0.6,0.64,0.62,0.66,0.58,0.76,LW,ATT,2
Enzo Crivelli,ST,France,0.71,0.64,0.7,0.61,0.65,0.35,0.84,0.53,0.73,0.63,0.5,0.67,0.72,0.9,0.73,0.82,0.34,0.23,0.34,0.25,0.74,0.78,ST,ATT,1
Edgar,ST,Brazil,0.71,0.56,0.72,0.61,0.64,0.31,0.77,0.57,0.56,0.4,0.57,0.71,0.66,0.87,0.57,0.86,0.27,0.25,0.26,0.25,0.77,0.75,ST,ATT,1
Oday Dabbagh,ST,Palestine,0.71,0.73,0.72,0.58,0.67,0.35,0.75,0.72,0.74,0.6,0.63,0.7,0.66,0.81,0.69,0.86,0.31,0.26,0.3,0.33,0.72,0.76,ST,ATT,4
Keinan Davis,ST,England,0.71,0.64,0.69,0.54,0.71,0.43,0.81,0.61,0.67,0.65,0.67,0.72,0.67,0.91,0.62,0.86,0.38,0.23,0.44,0.44,0.74,0.72,ST,ATT,1
Rúben Lameiras,RW,Portugal,0.71,0.74,0.68,0.69,0.74,0.42,0.62,0.75,0.74,0.81,0.8,0.74,0.73,0.57,0.69,0.57,0.48,0.49,0.29,0.48,0.4,0.7,RW,ATT,2
Liam Delap,ST,England,0.71,0.76,0.7,0.58,0.7,0.29,0.74,0.74,0.77,0.73,0.61,0.71,0.65,0.79,0.69,0.82,0.23,0.21,0.28,0.22,0.69,0.76,ST,ATT,4
Francesco Di Mariano,LW,Italy,0.71,0.77,0.67,0.65,0.74,0.56,0.64,0.79,0.75,0.79,0.79,0.73,0.7,0.63,0.63,0.74,0.54,0.52,0.55,0.58,0.6,0.7,LW,ATT,2
Dimitris Diamantakos,ST,Greece,0.71,0.74,0.73,0.59,0.66,0.29,0.76,0.77,0.72,0.7,0.71,0.63,0.66,0.78,0.72,0.88,0.26,0.29,0.25,0.19,0.74,0.72,ST,ATT,4
Denis Drăguș,ST,Romania,0.71,0.8,0.7,0.56,0.75,0.19,0.71,0.78,0.81,0.78,0.74,0.75,0.62,0.71,0.72,0.84,0.1,0.19,0.16,0.12,0.71,0.62,ST,ATT,4
Jeremy Ebobisse,ST,Cameroon,0.71,0.77,0.67,0.61,0.68,0.34,0.8,0.76,0.78,0.77,0.7,0.69,0.72,0.82,0.83,0.89,0.32,0.28,0.24,0.35,0.72,0.71,ST,ATT,4
Maximilian Entrup,ST,Austria,0.71,0.71,0.73,0.55,0.67,0.28,0.71,0.7,0.72,0.74,0.64,0.7,0.63,0.72,0.72,0.8,0.2,0.23,0.25,0.24,0.72,0.74,ST,ATT,4
Mamadou Fall,ST,Senegal,0.71,0.88,0.67,0.61,0.69,0.37,0.74,0.83,0.92,0.78,0.67,0.67,0.63,0.78,0.76,0.86,0.35,0.23,0.42,0.26,0.68,0.74,ST,ATT,4
Joca,RW,Portugal,0.71,0.77,0.7,0.66,0.76,0.54,0.46,0.76,0.77,0.89,0.92,0.73,0.67,0.33,0.69,0.54,0.55,0.51,0.54,0.58,0.41,0.76,RW,ATT,2
Paolo Fernandes,RW,Spain,0.71,0.77,0.68,0.64,0.78,0.36,0.59,0.81,0.74,0.85,0.83,0.77,0.66,0.55,0.68,0.59,0.34,0.26,0.42,0.36,0.38,0.7,RW,ATT,7
Clayton,ST,Brazil,0.71,0.71,0.74,0.61,0.65,0.24,0.7,0.7,0.71,0.66,0.6,0.62,0.68,0.78,0.66,0.82,0.14,0.15,0.2,0.25,0.71,0.72,ST,ATT,4
Sebastián Fernández,ST,Uruguay,0.71,0.71,0.72,0.67,0.67,0.4,0.46,0.76,0.67,0.78,0.84,0.71,0.76,0.39,0.52,0.7,0.2,0.43,0.45,0.44,0.77,0.62,ST,ATT,7
Facundo Ferreyra,ST,Argentina,0.71,0.5,0.72,0.58,0.73,0.3,0.68,0.49,0.51,0.75,0.64,0.75,0.7,0.77,0.57,0.76,0.29,0.26,0.22,0.23,0.74,0.74,ST,ATT,1
Daniel Fila,ST,Czech Republic,0.71,0.72,0.71,0.52,0.7,0.28,0.72,0.69,0.74,0.61,0.59,0.74,0.67,0.78,0.6,0.79,0.22,0.23,0.27,0.19,0.69,0.7,ST,ATT,4
Edison Flores,LW,Peru,0.71,0.77,0.69,0.67,0.72,0.37,0.59,0.76,0.78,0.79,0.79,0.71,0.67,0.65,0.7,0.66,0.38,0.25,0.38,0.36,0.46,0.68,LW,ATT,7
Nicholas Gioacchini,ST,United States,0.71,0.81,0.71,0.57,0.71,0.29,0.72,0.78,0.84,0.65,0.65,0.74,0.68,0.74,0.73,0.8,0.24,0.17,0.27,0.26,0.63,0.7,ST,ATT,4
Santiago Giordana,ST,Argentina,0.71,0.67,0.72,0.58,0.67,0.29,0.67,0.66,0.67,0.72,0.71,0.68,0.69,0.7,0.7,0.73,0.29,0.29,0.17,0.27,0.7,0.66,ST,ATT,4
Mario González,ST,Spain,0.71,0.68,0.7,0.64,0.71,0.22,0.68,0.65,0.71,0.73,0.68,0.73,0.68,0.75,0.75,0.79,0.15,0.18,0.18,0.16,0.72,0.7,ST,ATT,4
Jens Petter Hauge,LW,Norway,0.71,0.78,0.67,0.65,0.74,0.4,0.64,0.83,0.74,0.8,0.76,0.73,0.66,0.67,0.75,0.7,0.37,0.32,0.43,0.39,0.49,0.69,LW,ATT,2
Thomas Henry,ST,France,0.71,0.47,0.73,0.64,0.64,0.39,0.79,0.39,0.53,0.53,0.44,0.73,0.72,0.86,0.6,0.79,0.39,0.29,0.39,0.25,0.76,0.8,ST,ATT,1
George Hirst,ST,England,0.71,0.76,0.7,0.55,0.67,0.41,0.76,0.74,0.78,0.65,0.69,0.7,0.68,0.81,0.73,0.87,0.38,0.32,0.35,0.42,0.73,0.72,ST,ATT,4
Pietro Iemmello,ST,Italy,0.71,0.82,0.7,0.55,0.71,0.22,0.68,0.8,0.83,0.8,0.77,0.71,0.66,0.73,0.85,0.8,0.14,0.12,0.17,0.24,0.64,0.69,ST,ATT,4
Roberto Insigne,RW,Italy,0.71,0.85,0.67,0.71,0.72,0.29,0.57,0.88,0.82,0.85,0.84,0.7,0.65,0.59,0.61,0.77,0.23,0.22,0.3,0.22,0.66,0.7,RW,ATT,7
Mikael Ishak,ST,Sweden,0.71,0.72,0.71,0.57,0.64,0.38,0.8,0.69,0.74,0.62,0.67,0.66,0.66,0.9,0.71,0.84,0.43,0.46,0.24,0.3,0.7,0.73,ST,ATT,4
Franco Jara,ST,Argentina,0.71,0.61,0.74,0.64,0.69,0.3,0.67,0.54,0.66,0.74,0.61,0.68,0.67,0.76,0.52,0.72,0.29,0.29,0.19,0.28,0.66,0.75,ST,ATT,1
Bakery Jatta,RW,Gambia,0.71,0.83,0.68,0.66,0.67,0.46,0.77,0.84,0.83,0.67,0.59,0.65,0.64,0.78,0.87,0.82,0.57,0.37,0.39,0.39,0.58,0.73,RW,ATT,2
Alexander Jeremejeff,ST,Sweden,0.71,0.67,0.7,0.61,0.63,0.29,0.7,0.65,0.69,0.54,0.4,0.68,0.69,0.83,0.68,0.84,0.21,0.17,0.33,0.18,0.74,0.66,ST,ATT,1
Dennis Johnsen,ST,Norway,0.71,0.92,0.7,0.67,0.73,0.39,0.69,0.91,0.92,0.85,0.73,0.71,0.7,0.73,0.77,0.78,0.35,0.33,0.4,0.4,0.5,0.73,ST,ATT,3
Adam Karabec,RW,Czech Republic,0.71,0.73,0.65,0.69,0.74,0.34,0.62,0.74,0.73,0.8,0.71,0.72,0.68,0.64,0.67,0.65,0.32,0.38,0.33,0.29,0.49,0.66,RW,ATT,7
Sinan Karweina,ST,Germany,0.71,0.81,0.72,0.65,0.71,0.41,0.69,0.82,0.8,0.82,0.85,0.72,0.64,0.67,0.72,0.79,0.43,0.38,0.34,0.37,0.68,0.73,ST,ATT,3
Dawid Kownacki,ST,Poland,0.71,0.74,0.72,0.63,0.72,0.34,0.68,0.76,0.73,0.75,0.68,0.72,0.68,0.68,0.69,0.77,0.25,0.23,0.3,0.43,0.67,0.77,ST,ATT,4
Jean-Philippe Krasso,ST,Côte d'Ivoire,0.71,0.66,0.71,0.63,0.71,0.21,0.69,0.68,0.65,0.64,0.53,0.74,0.67,0.83,0.69,0.8,0.18,0.14,0.16,0.12,0.68,0.71,ST,ATT,4
Grejohn Kyei,ST,France,0.71,0.62,0.7,0.54,0.7,0.27,0.78,0.56,0.66,0.64,0.63,0.71,0.69,0.87,0.68,0.86,0.23,0.18,0.24,0.19,0.77,0.72,ST,ATT,1
Jordan Larsson,RW,Sweden,0.71,0.81,0.7,0.68,0.72,0.34,0.7,0.84,0.79,0.8,0.82,0.71,0.72,0.64,0.73,0.78,0.25,0.28,0.32,0.36,0.64,0.72,RW,ATT,4
Emmanuel Latte Lath,ST,Côte d'Ivoire,0.71,0.91,0.69,0.59,0.73,0.37,0.65,0.92,0.91,0.91,0.81,0.71,0.69,0.63,0.71,0.82,0.41,0.45,0.26,0.25,0.69,0.71,ST,ATT,7
Danny Loader,ST,England,0.71,0.79,0.7,0.61,0.75,0.23,0.68,0.79,0.79,0.8,0.73,0.76,0.71,0.76,0.72,0.78,0.15,0.19,0.23,0.2,0.56,0.71,ST,ATT,4
Saba Lobjanidze,RW,Georgia,0.71,0.82,0.66,0.66,0.74,0.25,0.55,0.78,0.86,0.86,0.79,0.7,0.64,0.46,0.71,0.59,0.22,0.23,0.23,0.2,0.51,0.7,RW,ATT,7
Renzo López,ST,Uruguay,0.71,0.61,0.72,0.53,0.67,0.26,0.77,0.59,0.62,0.56,0.45,0.73,0.66,0.82,0.74,0.84,0.22,0.23,0.18,0.2,0.76,0.72,ST,ATT,1
Augusto Lotti,ST,Argentina,0.71,0.76,0.71,0.58,0.7,0.3,0.71,0.74,0.78,0.69,0.72,0.73,0.64,0.79,0.73,0.81,0.35,0.31,0.19,0.19,0.67,0.75,ST,ATT,4
Josh Maja,ST,Nigeria,0.71,0.76,0.72,0.62,0.71,0.28,0.63,0.74,0.77,0.71,0.72,0.72,0.7,0.68,0.71,0.75,0.22,0.23,0.33,0.14,0.65,0.73,ST,ATT,4
Antonio Marchesano,ST,Switzerland,0.71,0.69,0.74,0.7,0.76,0.45,0.6,0.73,0.66,0.88,0.91,0.78,0.73,0.49,0.8,0.64,0.46,0.52,0.44,0.35,0.62,0.72,ST,ATT,3
João Marques,LW,Portugal,0.71,0.7,0.69,0.69,0.73,0.41,0.54,0.74,0.67,0.76,0.68,0.73,0.68,0.5,0.64,0.58,0.45,0.42,0.43,0.28,0.48,0.69,LW,ATT,7
Federico Martínez,ST,Uruguay,0.71,0.76,0.68,0.68,0.75,0.41,0.73,0.74,0.77,0.82,0.74,0.73,0.68,0.76,0.72,0.8,0.48,0.27,0.34,0.37,0.66,0.73,ST,ATT,3
Barbero,ST,Spain,0.71,0.67,0.71,0.56,0.66,0.22,0.67,0.65,0.69,0.5,0.46,0.7,0.7,0.78,0.65,0.81,0.19,0.1,0.15,0.17,0.71,0.68,ST,ATT,1
Igor Matanović,ST,Germany,0.71,0.63,0.69,0.53,0.67,0.34,0.77,0.62,0.64,0.54,0.47,0.72,0.69,0.8,0.81,0.81,0.24,0.27,0.34,0.32,0.72,0.73,ST,ATT,1
Kasey McAteer,RW,England,0.71,0.81,0.67,0.66,0.71,0.53,0.64,0.83,0.8,0.74,0.76,0.73,0.67,0.61,0.68,0.74,0.57,0.49,0.56,0.43,0.58,0.68,RW,ATT,2
Yorleys Mena,ST,Colombia,0.71,0.66,0.73,0.5,0.67,0.35,0.67,0.67,0.66,0.7,0.49,0.68,0.65,0.78,0.7,0.82,0.33,0.25,0.42,0.12,0.72,0.73,ST,ATT,4
Mauro Méndez,ST,Uruguay,0.71,0.7,0.7,0.67,0.69,0.37,0.7,0.71,0.7,0.53,0.77,0.72,0.69,0.8,0.61,0.85,0.29,0.51,0.32,0.31,0.71,0.72,ST,ATT,4
Sven Michel,ST,Germany,0.71,0.69,0.73,0.66,0.74,0.34,0.72,0.76,0.63,0.76,0.75,0.74,0.74,0.71,0.76,0.73,0.31,0.22,0.34,0.32,0.54,0.78,ST,ATT,4
Martin Minchev,ST,Bulgaria,0.71,0.82,0.69,0.63,0.69,0.34,0.74,0.8,0.83,0.68,0.65,0.7,0.67,0.76,0.62,0.83,0.31,0.39,0.27,0.3,0.68,0.73,ST,ATT,4
Pedro Mendes,ST,Portugal,0.71,0.72,0.74,0.56,0.68,0.34,0.76,0.69,0.74,0.8,0.65,0.68,0.66,0.84,0.61,0.81,0.38,0.26,0.26,0.28,0.7,0.77,ST,ATT,4
Tomás Molina,ST,Argentina,0.71,0.81,0.7,0.56,0.67,0.24,0.68,0.81,0.81,0.71,0.67,0.67,0.68,0.8,0.71,0.86,0.16,0.15,0.25,0.17,0.68,0.67,ST,ATT,4
Felipe Mora,ST,Chile,0.71,0.72,0.71,0.55,0.7,0.26,0.61,0.73,0.72,0.74,0.69,0.7,0.68,0.67,0.61,0.75,0.23,0.18,0.22,0.21,0.69,0.72,ST,ATT,4
Jordan Morris,ST,United States,0.71,0.82,0.66,0.61,0.66,0.38,0.78,0.82,0.82,0.68,0.69,0.65,0.7,0.8,0.72,0.9,0.3,0.27,0.42,0.33,0.73,0.78,ST,ATT,4
Jessic Ngankam,ST,Germany,0.71,0.82,0.7,0.61,0.72,0.27,0.73,0.8,0.84,0.7,0.75,0.7,0.67,0.78,0.7,0.82,0.36,0.19,0.17,0.15,0.62,0.75,ST,ATT,4
Kevin Nisbet,ST,Scotland,0.71,0.65,0.73,0.62,0.69,0.37,0.71,0.66,0.64,0.71,0.7,0.7,0.7,0.73,0.74,0.75,0.33,0.32,0.3,0.4,0.7,0.74,ST,ATT,4
Jean-Pierre Nsame,ST,Cameroon,0.71,0.66,0.71,0.53,0.71,0.27,0.8,0.63,0.68,0.58,0.67,0.74,0.67,0.87,0.75,0.88,0.19,0.15,0.28,0.18,0.78,0.76,ST,ATT,4
Randy Nteka,ST,France,0.71,0.72,0.7,0.64,0.71,0.54,0.83,0.74,0.71,0.77,0.78,0.71,0.68,0.88,0.78,0.89,0.55,0.54,0.41,0.63,0.71,0.74,ST,ATT,3
Jonathan Okita,LW,Congo DR,0.71,0.83,0.69,0.67,0.71,0.33,0.68,0.82,0.84,0.82,0.76,0.7,0.68,0.71,0.74,0.78,0.38,0.36,0.25,0.26,0.57,0.69,LW,ATT,4
Cristian Olivera,RW,Uruguay,0.71,0.85,0.65,0.62,0.76,0.36,0.48,0.86,0.85,0.84,0.82,0.75,0.53,0.42,0.59,0.53,0.31,0.32,0.44,0.32,0.4,0.65,RW,ATT,7
Estanis,RW,Spain,0.71,0.78,0.67,0.66,0.75,0.23,0.49,0.75,0.8,0.77,0.65,0.75,0.59,0.47,0.56,0.58,0.16,0.16,0.21,0.24,0.53,0.7,RW,ATT,7
Jorge Pereyra Díaz,ST,Argentina,0.71,0.76,0.71,0.63,0.7,0.42,0.62,0.78,0.74,0.73,0.61,0.72,0.73,0.56,0.72,0.73,0.33,0.38,0.44,0.39,0.68,0.69,ST,ATT,2
Maximilian Philipp,ST,Germany,0.71,0.72,0.73,0.69,0.76,0.42,0.58,0.73,0.72,0.75,0.75,0.77,0.74,0.65,0.61,0.67,0.48,0.34,0.39,0.39,0.5,0.76,ST,ATT,3
Roberto Piccoli,ST,Italy,0.71,0.67,0.72,0.54,0.65,0.34,0.66,0.62,0.71,0.55,0.57,0.7,0.75,0.7,0.56,0.76,0.38,0.34,0.23,0.25,0.74,0.73,ST,ATT,1
Lucas Pratto,ST,Argentina,0.71,0.53,0.72,0.69,0.69,0.55,0.77,0.51,0.55,0.5,0.39,0.75,0.7,0.87,0.52,0.77,0.57,0.65,0.45,0.55,0.7,0.77,ST,ATT,1
Jesurun Rak-Sakyi,RW,England,0.71,0.83,0.69,0.63,0.75,0.24,0.51,0.81,0.85,0.81,0.84,0.74,0.63,0.49,0.66,0.56,0.22,0.21,0.22,0.21,0.42,0.7,RW,ATT,7
Benito Raman,ST,Belgium,0.71,0.88,0.7,0.66,0.72,0.33,0.62,0.87,0.88,0.89,0.86,0.68,0.72,0.56,0.74,0.76,0.33,0.31,0.25,0.31,0.67,0.73,ST,ATT,7
Ignacio Ramírez,ST,Uruguay,0.71,0.7,0.72,0.52,0.65,0.25,0.64,0.69,0.7,0.76,0.7,0.69,0.7,0.75,0.55,0.8,0.16,0.17,0.25,0.17,0.72,0.72,ST,ATT,4
Emil Riis,ST,Denmark,0.71,0.73,0.73,0.54,0.67,0.28,0.71,0.65,0.79,0.65,0.56,0.66,0.7,0.75,0.69,0.74,0.25,0.26,0.21,0.24,0.65,0.83,ST,ATT,4
Braian Romero,ST,Argentina,0.71,0.84,0.69,0.63,0.75,0.54,0.75,0.85,0.83,0.89,0.82,0.7,0.69,0.7,0.85,0.81,0.61,0.58,0.44,0.51,0.69,0.71,ST,ATT,2
Maximiliano Romero,ST,Argentina,0.71,0.75,0.68,0.59,0.66,0.46,0.73,0.75,0.75,0.67,0.6,0.69,0.68,0.77,0.71,0.85,0.42,0.41,0.45,0.4,0.73,0.74,ST,ATT,2
Elias Saad,LW,Tunisia,0.71,0.74,0.65,0.65,0.77,0.33,0.56,0.82,0.67,0.85,0.8,0.74,0.68,0.58,0.71,0.65,0.36,0.38,0.28,0.25,0.47,0.69,LW,ATT,7
Pablo Sabbag,ST,Syria,0.71,0.61,0.76,0.5,0.64,0.32,0.7,0.6,0.61,0.59,0.53,0.69,0.64,0.83,0.62,0.78,0.12,0.19,0.41,0.38,0.7,0.78,ST,ATT,1
Curro Sánchez,ST,Spain,0.71,0.77,0.74,0.7,0.72,0.41,0.51,0.81,0.74,0.81,0.82,0.7,0.68,0.43,0.71,0.65,0.38,0.37,0.36,0.4,0.68,0.69,ST,ATT,7
Armindo Sieb,ST,Germany,0.71,0.82,0.71,0.57,0.77,0.26,0.68,0.84,0.8,0.85,0.81,0.76,0.7,0.67,0.8,0.76,0.18,0.11,0.31,0.24,0.57,0.72,ST,ATT,4
Reis,LW,Brazil,0.71,0.81,0.66,0.64,0.74,0.33,0.6,0.83,0.8,0.84,0.82,0.71,0.67,0.56,0.78,0.7,0.22,0.17,0.45,0.27,0.55,0.64,LW,ATT,7
Ellis Simms,ST,England,0.71,0.74,0.71,0.53,0.66,0.34,0.77,0.67,0.8,0.64,0.67,0.63,0.66,0.84,0.67,0.84,0.27,0.23,0.4,0.21,0.71,0.74,ST,ATT,4
Yira Sor,ST,Nigeria,0.71,0.9,0.7,0.63,0.75,0.37,0.58,0.93,0.88,0.87,0.92,0.72,0.68,0.5,0.61,0.74,0.38,0.32,0.31,0.32,0.66,0.73,ST,ATT,7
Ross Stewart,ST,Scotland,0.71,0.73,0.71,0.57,0.64,0.3,0.78,0.76,0.7,0.55,0.49,0.67,0.67,0.81,0.82,0.89,0.24,0.27,0.26,0.23,0.74,0.72,ST,ATT,4
Carlos Strandberg,ST,Sweden,0.71,0.82,0.72,0.54,0.63,0.25,0.8,0.73,0.89,0.42,0.5,0.66,0.68,0.9,0.76,0.84,0.26,0.16,0.23,0.13,0.62,0.79,ST,ATT,4
Kamaldeen Sulemana,LW,Ghana,0.71,0.93,0.65,0.63,0.75,0.28,0.6,0.92,0.94,0.88,0.87,0.72,0.64,0.6,0.65,0.67,0.25,0.25,0.3,0.26,0.42,0.67,LW,ATT,7
Sam Surridge,ST,England,0.71,0.64,0.71,0.56,0.68,0.28,0.7,0.6,0.67,0.63,0.6,0.7,0.67,0.77,0.65,0.79,0.26,0.23,0.22,0.21,0.71,0.72,ST,ATT,4
Cristian Tarragona,ST,Argentina,0.71,0.76,0.72,0.58,0.67,0.43,0.74,0.75,0.76,0.8,0.81,0.69,0.72,0.71,0.72,0.79,0.39,0.35,0.43,0.37,0.7,0.76,ST,ATT,3
Robert Taylor,LW,Finland,0.71,0.82,0.68,0.7,0.71,0.49,0.67,0.79,0.85,0.8,0.62,0.69,0.59,0.63,0.76,0.62,0.51,0.52,0.54,0.43,0.4,0.74,LW,ATT,2
Cedric Teuchert,ST,Germany,0.71,0.7,0.72,0.6,0.73,0.35,0.65,0.69,0.71,0.71,0.69,0.73,0.7,0.65,0.74,0.71,0.27,0.2,0.35,0.4,0.67,0.71,ST,ATT,4
Isaac Kiese Thelin,ST,Sweden,0.71,0.59,0.72,0.59,0.65,0.37,0.82,0.47,0.68,0.63,0.51,0.66,0.74,0.88,0.75,0.79,0.25,0.2,0.45,0.32,0.73,0.71,ST,ATT,1
Jonatan Torres,ST,Argentina,0.71,0.58,0.71,0.54,0.67,0.23,0.7,0.57,0.58,0.64,0.63,0.74,0.7,0.76,0.75,0.82,0.17,0.15,0.17,0.18,0.79,0.75,ST,ATT,1
Aiyegun Tosin,ST,Benin,0.71,0.89,0.71,0.61,0.72,0.38,0.75,0.88,0.89,0.83,0.75,0.68,0.72,0.74,0.75,0.84,0.37,0.39,0.31,0.37,0.64,0.74,ST,ATT,3
Mattéo Tramoni,LW,France,0.71,0.87,0.64,0.66,0.73,0.48,0.64,0.85,0.89,0.92,0.81,0.69,0.67,0.63,0.7,0.75,0.53,0.5,0.44,0.4,0.59,0.58,LW,ATT,2
Sydney van Hooijdonk,ST,Holland,0.71,0.74,0.72,0.57,0.65,0.27,0.73,0.72,0.75,0.63,0.54,0.65,0.69,0.78,0.67,0.81,0.22,0.17,0.27,0.17,0.68,0.76,ST,ATT,4
Gastón Verón,ST,Argentina,0.71,0.72,0.69,0.64,0.72,0.42,0.67,0.74,0.7,0.75,0.56,0.73,0.7,0.71,0.62,0.78,0.38,0.32,0.43,0.39,0.69,0.72,ST,ATT,3
Andrés Vombergar,ST,Slovenia,0.71,0.71,0.68,0.6,0.64,0.33,0.78,0.65,0.75,0.54,0.61,0.69,0.69,0.84,0.69,0.87,0.18,0.35,0.32,0.34,0.77,0.75,ST,ATT,4
Patrik Wålemark,RW,Sweden,0.71,0.73,0.66,0.67,0.73,0.32,0.63,0.77,0.7,0.84,0.69,0.73,0.63,0.64,0.74,0.53,0.29,0.23,0.33,0.35,0.36,0.68,RW,ATT,7
Shon Weissman,ST,Israel,0.71,0.7,0.72,0.63,0.67,0.37,0.73,0.68,0.72,0.68,0.75,0.7,0.72,0.76,0.73,0.77,0.3,0.25,0.43,0.28,0.68,0.76,ST,ATT,4
Brian White,ST,United States,0.71,0.75,0.7,0.55,0.7,0.47,0.72,0.75,0.75,0.71,0.68,0.71,0.71,0.75,0.75,0.8,0.47,0.43,0.42,0.48,0.68,0.72,ST,ATT,2
Kelvin Yeboah,ST,Italy,0.71,0.88,0.69,0.57,0.71,0.24,0.69,0.91,0.85,0.81,0.71,0.69,0.74,0.7,0.74,0.8,0.21,0.17,0.19,0.2,0.59,0.71,ST,ATT,4
Alessio Zerbin,LW,Italy,0.71,0.69,0.67,0.67,0.74,0.36,0.63,0.67,0.71,0.71,0.6,0.78,0.64,0.67,0.68,0.62,0.38,0.31,0.33,0.32,0.48,0.65,LW,ATT,7
A Lan,ST,China PR,0.7,0.8,0.68,0.63,0.73,0.32,0.72,0.82,0.78,0.82,0.75,0.71,0.65,0.75,0.79,0.83,0.2,0.22,0.35,0.33,0.67,0.7,ST,ATT,4
Ramón Ábila,ST,Argentina,0.7,0.57,0.7,0.61,0.69,0.32,0.79,0.59,0.55,0.68,0.72,0.7,0.65,0.92,0.54,0.77,0.32,0.22,0.29,0.19,0.73,0.81,ST,ATT,1
Junior Adamu,ST,Austria,0.7,0.79,0.69,0.52,0.7,0.22,0.67,0.8,0.78,0.79,0.73,0.66,0.66,0.74,0.66,0.82,0.13,0.12,0.18,0.21,0.69,0.72,ST,ATT,4
Denis Alibec,ST,Romania,0.7,0.69,0.73,0.68,0.71,0.24,0.78,0.71,0.68,0.68,0.65,0.74,0.66,0.8,0.68,0.73,0.23,0.18,0.2,0.19,0.51,0.78,ST,ATT,4
Nabil Alioui,LW,France,0.7,0.69,0.69,0.66,0.73,0.27,0.55,0.68,0.7,0.8,0.77,0.7,0.64,0.56,0.62,0.63,0.22,0.21,0.27,0.25,0.55,0.72,LW,ATT,7
Agustín Álvarez,ST,Uruguay,0.7,0.7,0.71,0.61,0.69,0.36,0.69,0.74,0.67,0.74,0.78,0.72,0.68,0.74,0.73,0.83,0.33,0.3,0.31,0.31,0.72,0.73,ST,ATT,4
Pedro Henrique,ST,Brazil,0.7,0.58,0.7,0.48,0.66,0.34,0.72,0.59,0.57,0.5,0.48,0.72,0.68,0.78,0.61,0.8,0.34,0.31,0.27,0.24,0.75,0.68,ST,ATT,1
Kikas,ST,Portugal,0.7,0.75,0.69,0.53,0.68,0.22,0.65,0.76,0.75,0.75,0.75,0.69,0.68,0.66,0.73,0.75,0.18,0.17,0.19,0.12,0.63,0.75,ST,ATT,4
Thierry Ambrose,ST,France,0.7,0.81,0.7,0.6,0.72,0.29,0.62,0.8,0.81,0.72,0.76,0.72,0.62,0.74,0.56,0.81,0.21,0.29,0.3,0.2,0.64,0.75,ST,ATT,4
Giorgi Arabidze,RW,Georgia,0.7,0.8,0.65,0.64,0.75,0.3,0.41,0.81,0.79,0.86,0.87,0.73,0.67,0.32,0.63,0.46,0.36,0.29,0.22,0.31,0.37,0.68,RW,ATT,7
Thierno Ballo,LW,Austria,0.7,0.86,0.62,0.62,0.76,0.5,0.49,0.88,0.84,0.87,0.83,0.74,0.62,0.31,0.75,0.5,0.54,0.48,0.46,0.54,0.42,0.62,LW,ATT,2
Lucas Barcelos,LW,Brazil,0.7,0.76,0.71,0.57,0.71,0.23,0.73,0.76,0.76,0.73,0.61,0.69,0.73,0.74,0.79,0.76,0.16,0.18,0.19,0.23,0.57,0.72,LW,ATT,4
Roony Bardghji,RW,Sweden,0.7,0.75,0.68,0.63,0.74,0.3,0.53,0.77,0.74,0.87,0.88,0.71,0.67,0.49,0.64,0.48,0.3,0.29,0.32,0.28,0.24,0.7,RW,ATT,7
Tai Baribo,ST,Israel,0.7,0.72,0.72,0.51,0.67,0.25,0.7,0.72,0.72,0.72,0.69,0.66,0.68,0.71,0.73,0.77,0.31,0.2,0.17,0.12,0.66,0.73,ST,ATT,4
Jorge Benítez,ST,Paraguay,0.7,0.68,0.71,0.57,0.69,0.24,0.7,0.69,0.68,0.67,0.58,0.69,0.7,0.77,0.71,0.79,0.16,0.16,0.23,0.19,0.7,0.73,ST,ATT,4
Rubén Bentancourt,ST,Uruguay,0.7,0.75,0.72,0.54,0.63,0.33,0.68,0.77,0.74,0.79,0.57,0.68,0.59,0.69,0.74,0.86,0.14,0.12,0.35,0.46,0.77,0.71,ST,ATT,4
Mateusz Bogusz,ST,Poland,0.7,0.71,0.74,0.67,0.7,0.57,0.65,0.72,0.7,0.73,0.72,0.72,0.66,0.68,0.7,0.7,0.63,0.6,0.51,0.55,0.55,0.76,ST,ATT,2
Erik Botheim,ST,Norway,0.7,0.71,0.69,0.58,0.67,0.38,0.74,0.7,0.71,0.71,0.73,0.64,0.71,0.78,0.73,0.79,0.33,0.24,0.38,0.36,0.7,0.69,ST,ATT,4
Mohamed Bouldini,ST,Morocco,0.7,0.78,0.68,0.51,0.65,0.36,0.78,0.75,0.8,0.75,0.66,0.65,0.64,0.84,0.77,0.89,0.26,0.28,0.33,0.39,0.74,0.75,ST,ATT,4
Tom Bradshaw,ST,Wales,0.7,0.77,0.7,0.51,0.68,0.3,0.69,0.76,0.78,0.82,0.82,0.68,0.73,0.7,0.8,0.78,0.24,0.31,0.3,0.2,0.69,0.68,ST,ATT,4
Billal Brahimi,RW,Algeria,0.7,0.76,0.67,0.67,0.73,0.27,0.63,0.75,0.76,0.69,0.69,0.72,0.6,0.7,0.56,0.69,0.29,0.26,0.19,0.22,0.51,0.73,RW,ATT,4
Norberto Briasco,ST,Armenia,0.7,0.78,0.66,0.63,0.71,0.36,0.73,0.77,0.79,0.74,0.54,0.7,0.72,0.75,0.68,0.82,0.35,0.21,0.4,0.2,0.69,0.72,ST,ATT,4
Leonardo Campana,ST,Ecuador,0.7,0.65,0.7,0.48,0.65,0.3,0.67,0.65,0.65,0.65,0.65,0.69,0.7,0.7,0.71,0.83,0.25,0.22,0.26,0.24,0.81,0.7,ST,ATT,4
Luigi Canotto,RW,Italy,0.7,0.74,0.64,0.66,0.72,0.41,0.54,0.75,0.73,0.79,0.82,0.69,0.66,0.45,0.62,0.51,0.42,0.38,0.41,0.38,0.43,0.66,RW,ATT,7
Cristian Colmán,ST,Paraguay,0.7,0.73,0.69,0.57,0.64,0.32,0.74,0.65,0.79,0.73,0.55,0.68,0.7,0.8,0.56,0.85,0.23,0.3,0.35,0.2,0.76,0.7,ST,ATT,4
Andrea Compagno,ST,Italy,0.7,0.61,0.7,0.5,0.61,0.33,0.79,0.53,0.67,0.53,0.36,0.68,0.7,0.84,0.76,0.83,0.3,0.22,0.29,0.27,0.76,0.71,ST,ATT,1
Rui Pedro,ST,Portugal,0.7,0.72,0.68,0.6,0.72,0.3,0.7,0.7,0.74,0.73,0.62,0.73,0.68,0.7,0.72,0.72,0.2,0.18,0.34,0.31,0.62,0.74,ST,ATT,4
Kryštof Daněk,RW,Czech Republic,0.7,0.69,0.61,0.69,0.73,0.26,0.59,0.71,0.68,0.74,0.72,0.73,0.69,0.6,0.58,0.55,0.23,0.33,0.28,0.23,0.31,0.58,RW,ATT,7
Lukas Daschner,ST,Germany,0.7,0.72,0.69,0.65,0.73,0.47,0.66,0.77,0.68,0.78,0.77,0.72,0.69,0.66,0.68,0.76,0.4,0.34,0.45,0.6,0.65,0.7,ST,ATT,2
Marcos André,ST,Brazil,0.7,0.72,0.71,0.59,0.68,0.37,0.71,0.74,0.71,0.68,0.71,0.7,0.58,0.78,0.63,0.82,0.36,0.31,0.33,0.33,0.7,0.75,ST,ATT,4
Karamoko Dembélé,RW,England,0.7,0.83,0.64,0.64,0.74,0.43,0.43,0.86,0.81,0.91,0.92,0.7,0.65,0.33,0.64,0.47,0.48,0.39,0.43,0.45,0.32,0.65,RW,ATT,7
Davide Diaw,ST,Italy,0.7,0.84,0.67,0.55,0.7,0.27,0.73,0.83,0.84,0.72,0.74,0.72,0.67,0.79,0.71,0.85,0.22,0.2,0.26,0.19,0.65,0.69,ST,ATT,4
Daryl Dike,ST,United States,0.7,0.65,0.7,0.47,0.62,0.2,0.79,0.59,0.7,0.53,0.46,0.66,0.67,0.95,0.62,0.86,0.15,0.1,0.15,0.15,0.74,0.83,ST,ATT,1
Franculino,ST,Guinea-Bissau,0.7,0.77,0.68,0.62,0.7,0.36,0.68,0.74,0.8,0.77,0.73,0.69,0.67,0.75,0.66,0.79,0.29,0.24,0.4,0.28,0.68,0.68,ST,ATT,4
Bruno Nazario,ST,Brazil,0.7,0.77,0.69,0.7,0.73,0.45,0.56,0.72,0.81,0.79,0.72,0.7,0.73,0.58,0.68,0.66,0.58,0.39,0.37,0.34,0.55,0.69,ST,ATT,2
Couhaib Driouech,LW,Morocco,0.7,0.93,0.59,0.57,0.73,0.26,0.67,0.91,0.94,0.83,0.76,0.69,0.68,0.61,0.86,0.58,0.24,0.32,0.22,0.23,0.4,0.65,LW,ATT,7
Milan Đurić,ST,Bosnia and Herzegovina,0.7,0.32,0.71,0.55,0.61,0.32,0.81,0.32,0.32,0.31,0.32,0.75,0.74,0.92,0.59,0.85,0.24,0.2,0.28,0.3,0.88,0.78,ST,ATT,1
Serdar Dursun,ST,Turkey,0.7,0.56,0.71,0.59,0.66,0.4,0.74,0.53,0.58,0.65,0.54,0.69,0.71,0.74,0.72,0.71,0.36,0.3,0.39,0.31,0.78,0.77,ST,ATT,1
Dennis Eckert Ayensa,ST,Germany,0.7,0.74,0.71,0.5,0.69,0.27,0.61,0.71,0.77,0.67,0.66,0.7,0.63,0.73,0.62,0.78,0.15,0.16,0.35,0.18,0.7,0.67,ST,ATT,4
Samuel Edozie,LW,England,0.7,0.81,0.61,0.63,0.73,0.28,0.52,0.82,0.81,0.75,0.76,0.71,0.66,0.5,0.66,0.56,0.31,0.36,0.22,0.23,0.37,0.62,LW,ATT,7
Victor Edvardsen,ST,Sweden,0.7,0.79,0.69,0.63,0.69,0.27,0.79,0.76,0.82,0.67,0.7,0.68,0.64,0.83,0.74,0.73,0.4,0.27,0.15,0.12,0.56,0.72,ST,ATT,4
Johannes Eggestein,ST,Germany,0.7,0.62,0.7,0.69,0.72,0.37,0.62,0.7,0.56,0.74,0.71,0.73,0.69,0.68,0.67,0.73,0.24,0.2,0.44,0.37,0.67,0.73,ST,ATT,4
Caleb Ekuban,ST,Ghana,0.7,0.81,0.69,0.64,0.68,0.28,0.8,0.79,0.82,0.71,0.64,0.67,0.64,0.83,0.81,0.86,0.22,0.19,0.22,0.29,0.67,0.7,ST,ATT,4
Ramiro Enrique,ST,Argentina,0.7,0.81,0.69,0.62,0.71,0.27,0.65,0.83,0.8,0.79,0.81,0.71,0.68,0.6,0.83,0.77,0.23,0.22,0.2,0.24,0.67,0.76,ST,ATT,4
Michael Estrada,ST,Ecuador,0.7,0.76,0.65,0.51,0.67,0.24,0.73,0.75,0.76,0.71,0.52,0.65,0.62,0.8,0.54,0.9,0.23,0.17,0.14,0.16,0.78,0.64,ST,ATT,5
José Fajardo,ST,Panama,0.7,0.67,0.7,0.57,0.66,0.33,0.68,0.66,0.68,0.66,0.67,0.7,0.62,0.72,0.65,0.79,0.26,0.23,0.35,0.26,0.74,0.64,ST,ATT,4
Sebastián Ferreira,ST,Paraguay,0.7,0.71,0.7,0.57,0.72,0.38,0.62,0.72,0.7,0.79,0.57,0.71,0.72,0.62,0.69,0.73,0.37,0.33,0.33,0.35,0.68,0.76,ST,ATT,4
Bård Finne,ST,Norway,0.7,0.77,0.7,0.61,0.71,0.27,0.64,0.8,0.74,0.84,0.84,0.7,0.69,0.6,0.79,0.74,0.16,0.18,0.32,0.22,0.61,0.7,ST,ATT,4
Carlos Forbs,LW,Portugal,0.7,0.9,0.67,0.62,0.7,0.36,0.54,0.92,0.88,0.83,0.85,0.66,0.68,0.45,0.65,0.65,0.33,0.24,0.33,0.42,0.53,0.66,LW,ATT,7
Marcus Forss,ST,Finland,0.7,0.74,0.7,0.54,0.67,0.39,0.69,0.75,0.73,0.6,0.72,0.69,0.7,0.7,0.65,0.75,0.48,0.5,0.23,0.34,0.62,0.74,ST,ATT,2
Michael Frey,ST,Switzerland,0.7,0.57,0.71,0.62,0.61,0.41,0.86,0.53,0.6,0.4,0.37,0.64,0.7,0.91,0.77,0.83,0.41,0.4,0.36,0.34,0.75,0.79,ST,ATT,1
Enric Gallego,ST,Spain,0.7,0.54,0.71,0.58,0.64,0.25,0.74,0.54,0.54,0.49,0.52,0.7,0.72,0.85,0.62,0.81,0.17,0.18,0.22,0.21,0.74,0.73,ST,ATT,1
Lucas Gamba,ST,Argentina,0.7,0.76,0.69,0.69,0.74,0.28,0.64,0.85,0.69,0.91,0.87,0.72,0.68,0.75,0.67,0.83,0.23,0.22,0.28,0.23,0.62,0.67,ST,ATT,4
Diego García,ST,Spain,0.7,0.75,0.7,0.51,0.67,0.23,0.57,0.76,0.74,0.58,0.58,0.72,0.66,0.63,0.59,0.79,0.22,0.21,0.16,0.14,0.71,0.69,ST,ATT,5
Willem Geubbels,ST,France,0.7,0.79,0.69,0.59,0.71,0.26,0.67,0.77,0.81,0.72,0.66,0.7,0.67,0.7,0.73,0.74,0.21,0.19,0.27,0.21,0.59,0.71,ST,ATT,4
Josh Ginnelly,ST,England,0.7,0.91,0.69,0.61,0.74,0.46,0.63,0.92,0.9,0.87,0.8,0.71,0.64,0.59,0.79,0.77,0.46,0.38,0.44,0.43,0.61,0.71,ST,ATT,2
Federico Girotti,ST,Argentina,0.7,0.61,0.7,0.57,0.65,0.36,0.74,0.64,0.59,0.69,0.52,0.66,0.67,0.83,0.66,0.84,0.35,0.34,0.3,0.28,0.73,0.72,ST,ATT,1
Makhtar Gueye,ST,Senegal,0.7,0.63,0.69,0.55,0.6,0.32,0.85,0.53,0.71,0.47,0.33,0.62,0.66,0.91,0.75,0.89,0.29,0.21,0.28,0.25,0.81,0.73,ST,ATT,1
Jérémy Guillemenot,ST,Switzerland,0.7,0.79,0.69,0.65,0.67,0.38,0.68,0.77,0.8,0.67,0.7,0.69,0.67,0.66,0.73,0.77,0.42,0.36,0.3,0.32,0.67,0.68,ST,ATT,4
Fredrik Gulbrandsen,ST,Norway,0.7,0.84,0.69,0.6,0.72,0.4,0.77,0.82,0.86,0.85,0.83,0.7,0.66,0.76,0.83,0.83,0.36,0.32,0.4,0.38,0.61,0.74,ST,ATT,3
Christian Gytkjær,ST,Denmark,0.7,0.5,0.73,0.57,0.68,0.33,0.66,0.51,0.5,0.68,0.66,0.7,0.73,0.78,0.39,0.77,0.16,0.19,0.42,0.32,0.73,0.77,ST,ATT,1
Geoffry Hairemans,RW,Belgium,0.7,0.41,0.73,0.79,0.72,0.47,0.67,0.46,0.37,0.59,0.65,0.78,0.71,0.64,0.77,0.57,0.46,0.38,0.43,0.55,0.54,0.77,RW,ATT,1
Ryan Hardie,ST,Scotland,0.7,0.85,0.68,0.48,0.69,0.25,0.63,0.81,0.88,0.78,0.69,0.69,0.66,0.7,0.73,0.8,0.21,0.18,0.22,0.18,0.66,0.69,ST,ATT,4
Gabriel Hauche,RW,Argentina,0.7,0.69,0.68,0.69,0.72,0.46,0.68,0.71,0.67,0.75,0.76,0.72,0.69,0.7,0.58,0.71,0.55,0.41,0.53,0.2,0.58,0.72,RW,ATT,2
Simon Hedlund,RW,Sweden,0.7,0.88,0.6,0.65,0.7,0.29,0.69,0.87,0.89,0.84,0.84,0.67,0.71,0.61,0.81,0.69,0.21,0.24,0.31,0.33,0.46,0.65,RW,ATT,7
Diego Herazo,ST,Colombia,0.7,0.72,0.74,0.58,0.68,0.27,0.67,0.75,0.7,0.73,0.61,0.68,0.59,0.75,0.72,0.76,0.17,0.11,0.41,0.14,0.59,0.76,ST,ATT,4
Leonardo Heredia,ST,Argentina,0.7,0.65,0.69,0.67,0.7,0.43,0.72,0.69,0.61,0.67,0.62,0.71,0.69,0.75,0.71,0.8,0.44,0.49,0.32,0.41,0.72,0.72,ST,ATT,2
Michael Hoyos,ST,Argentina,0.7,0.78,0.69,0.66,0.71,0.37,0.7,0.77,0.79,0.76,0.8,0.7,0.71,0.72,0.73,0.8,0.22,0.21,0.45,0.43,0.66,0.7,ST,ATT,4
George Ilenikhena,ST,France,0.7,0.81,0.71,0.56,0.69,0.26,0.61,0.8,0.82,0.76,0.65,0.68,0.6,0.72,0.62,0.81,0.28,0.26,0.16,0.17,0.67,0.72,ST,ATT,4
Takuro Kaneko,RW,Japan,0.7,0.8,0.64,0.67,0.72,0.54,0.63,0.88,0.73,0.79,0.7,0.69,0.7,0.61,0.7,0.72,0.59,0.57,0.52,0.49,0.52,0.69,RW,ATT,2
Mikkel Kaufmann,ST,Denmark,0.7,0.8,0.68,0.54,0.66,0.25,0.68,0.79,0.8,0.67,0.57,0.69,0.68,0.77,0.66,0.83,0.22,0.17,0.23,0.18,0.66,0.73,ST,ATT,4
Will Keane,ST,Republic of Ireland,0.7,0.62,0.7,0.62,0.69,0.47,0.75,0.58,0.65,0.67,0.64,0.7,0.68,0.75,0.86,0.77,0.47,0.34,0.45,0.41,0.74,0.72,ST,ATT,2
Kim Hyeon Ug,RW,Korea Republic,0.7,0.79,0.69,0.64,0.73,0.48,0.6,0.8,0.78,0.9,0.92,0.68,0.72,0.47,0.87,0.49,0.45,0.38,0.62,0.48,0.27,0.74,RW,ATT,2
Ermal Krasniqi,LW,Kosovo,0.7,0.81,0.68,0.61,0.71,0.25,0.61,0.82,0.81,0.74,0.68,0.72,0.66,0.61,0.74,0.63,0.2,0.24,0.23,0.29,0.4,0.72,LW,ATT,7
Kevin Lasagna,ST,Italy,0.7,0.8,0.7,0.62,0.7,0.37,0.68,0.81,0.79,0.74,0.72,0.68,0.7,0.71,0.72,0.8,0.3,0.28,0.36,0.39,0.61,0.8,ST,ATT,4
Brayan León,ST,Colombia,0.7,0.8,0.69,0.52,0.67,0.2,0.61,0.83,0.78,0.73,0.76,0.68,0.75,0.58,0.75,0.8,0.16,0.11,0.14,0.11,0.72,0.69,ST,ATT,4
Gastón Lezcano,ST,Argentina,0.7,0.69,0.71,0.64,0.74,0.24,0.63,0.7,0.69,0.75,0.74,0.76,0.63,0.67,0.57,0.71,0.18,0.18,0.18,0.23,0.63,0.71,ST,ATT,4
Leandro Andrade,RW,Cape Verde Islands,0.7,0.75,0.68,0.63,0.73,0.29,0.6,0.77,0.74,0.76,0.73,0.74,0.68,0.58,0.65,0.72,0.27,0.23,0.24,0.26,0.62,0.71,RW,ATT,4
Lisandro López,ST,Argentina,0.7,0.52,0.72,0.7,0.72,0.53,0.6,0.53,0.52,0.69,0.73,0.73,0.67,0.64,0.53,0.7,0.57,0.37,0.45,0.55,0.73,0.76,ST,ATT,2
Jamal Lowe,ST,Jamaica,0.7,0.84,0.69,0.6,0.72,0.4,0.69,0.82,0.86,0.88,0.71,0.71,0.66,0.73,0.67,0.81,0.45,0.33,0.35,0.33,0.62,0.67,ST,ATT,2
Cephas Malele,ST,Switzerland,0.7,0.84,0.67,0.48,0.68,0.33,0.83,0.85,0.84,0.75,0.65,0.69,0.63,0.87,0.83,0.86,0.21,0.23,0.42,0.22,0.72,0.75,ST,ATT,4
Alejandro Marqués,ST,Venezuela,0.7,0.69,0.7,0.55,0.7,0.36,0.63,0.68,0.69,0.66,0.67,0.73,0.62,0.7,0.61,0.83,0.26,0.23,0.41,0.26,0.81,0.67,ST,ATT,4
Cris Martínez,LW,Paraguay,0.7,0.82,0.7,0.61,0.71,0.26,0.79,0.83,0.82,0.84,0.85,0.68,0.67,0.73,0.85,0.88,0.13,0.17,0.34,0.16,0.74,0.73,LW,ATT,4
Alejandro Martínez,LW,Argentina,0.7,0.83,0.68,0.59,0.74,0.33,0.63,0.84,0.83,0.77,0.72,0.72,0.65,0.57,0.74,0.66,0.35,0.21,0.29,0.36,0.49,0.74,LW,ATT,7
Alfie May,ST,England,0.7,0.84,0.71,0.62,0.7,0.39,0.71,0.85,0.84,0.83,0.85,0.67,0.7,0.63,0.9,0.67,0.37,0.34,0.28,0.51,0.59,0.71,ST,ATT,2
James McAtee,RW,England,0.7,0.7,0.64,0.67,0.73,0.41,0.6,0.72,0.69,0.72,0.53,0.76,0.68,0.62,0.69,0.59,0.42,0.43,0.44,0.33,0.42,0.66,RW,ATT,2
Jeison Medina,ST,Colombia,0.7,0.76,0.7,0.59,0.7,0.36,0.57,0.78,0.74,0.77,0.65,0.7,0.65,0.62,0.54,0.76,0.26,0.31,0.45,0.24,0.68,0.69,ST,ATT,4
Nathaniel Méndez-Laing,ST,Guatemala,0.7,0.87,0.68,0.68,0.72,0.49,0.69,0.86,0.87,0.75,0.75,0.7,0.68,0.76,0.75,0.76,0.52,0.44,0.43,0.52,0.6,0.7,ST,ATT,2
John Mercado,LW,Ecuador,0.7,0.86,0.61,0.62,0.74,0.27,0.6,0.87,0.86,0.79,0.57,0.75,0.5,0.57,0.69,0.62,0.32,0.32,0.2,0.23,0.39,0.67,LW,ATT,7
Merquelanz,LW,Spain,0.7,0.59,0.74,0.74,0.7,0.45,0.63,0.55,0.63,0.66,0.73,0.72,0.68,0.64,0.62,0.53,0.6,0.55,0.25,0.48,0.41,0.79,LW,ATT,2
Gabriele Moncini,ST,Italy,0.7,0.8,0.69,0.57,0.69,0.37,0.68,0.82,0.78,0.78,0.66,0.68,0.67,0.68,0.74,0.8,0.33,0.3,0.37,0.32,0.7,0.69,ST,ATT,4
Stefano Moreo,ST,Italy,0.7,0.77,0.65,0.61,0.68,0.47,0.8,0.69,0.83,0.74,0.56,0.69,0.7,0.84,0.8,0.85,0.51,0.33,0.4,0.46,0.72,0.73,ST,ATT,3
Daniel Mosquera,ST,Colombia,0.7,0.7,0.7,0.52,0.67,0.28,0.78,0.64,0.74,0.61,0.78,0.69,0.64,0.86,0.65,0.85,0.23,0.22,0.22,0.23,0.73,0.73,ST,ATT,4
Samuele Mulattieri,ST,Italy,0.7,0.71,0.69,0.6,0.69,0.37,0.67,0.72,0.71,0.68,0.65,0.73,0.66,0.7,0.69,0.75,0.38,0.37,0.27,0.35,0.67,0.67,ST,ATT,4
Florian Niederlechner,ST,Germany,0.7,0.64,0.71,0.61,0.68,0.36,0.78,0.68,0.6,0.65,0.66,0.69,0.72,0.78,0.8,0.78,0.35,0.35,0.27,0.35,0.69,0.77,ST,ATT,4
Håvard Nielsen,ST,Norway,0.7,0.65,0.7,0.67,0.7,0.45,0.74,0.6,0.69,0.62,0.63,0.71,0.71,0.76,0.76,0.76,0.36,0.33,0.45,0.54,0.7,0.73,ST,ATT,3
Fer Niño,ST,Spain,0.7,0.67,0.71,0.58,0.68,0.34,0.72,0.65,0.69,0.72,0.61,0.69,0.69,0.79,0.73,0.78,0.31,0.28,0.3,0.31,0.7,0.74,ST,ATT,4
Christoffer Nyman,ST,Sweden,0.7,0.78,0.69,0.58,0.66,0.41,0.8,0.79,0.78,0.7,0.6,0.65,0.69,0.81,0.81,0.85,0.41,0.3,0.4,0.36,0.68,0.68,ST,ATT,4
Ohi Omoijuanfo,ST,Norway,0.7,0.76,0.68,0.62,0.67,0.41,0.74,0.76,0.76,0.7,0.56,0.68,0.69,0.77,0.74,0.83,0.32,0.36,0.38,0.47,0.69,0.71,ST,ATT,4
Ado Onaiwu,ST,Japan,0.7,0.79,0.69,0.61,0.66,0.38,0.69,0.81,0.77,0.63,0.62,0.68,0.68,0.72,0.63,0.82,0.37,0.36,0.32,0.34,0.68,0.7,ST,ATT,4
German Onugkha,ST,Russia,0.7,0.67,0.7,0.54,0.67,0.24,0.79,0.65,0.68,0.61,0.58,0.69,0.67,0.9,0.66,0.81,0.18,0.22,0.2,0.18,0.66,0.72,ST,ATT,4
Nicolás Orsini,ST,Argentina,0.7,0.73,0.67,0.57,0.65,0.31,0.73,0.65,0.8,0.67,0.54,0.68,0.67,0.84,0.61,0.8,0.25,0.19,0.33,0.22,0.77,0.74,ST,ATT,4
Milutin Osmajić,ST,Montenegro,0.7,0.78,0.72,0.56,0.62,0.37,0.77,0.79,0.77,0.62,0.73,0.6,0.68,0.83,0.67,0.86,0.38,0.33,0.3,0.3,0.69,0.78,ST,ATT,4
Leonardo Pavoletti,ST,Italy,0.7,0.49,0.68,0.53,0.61,0.39,0.68,0.36,0.6,0.54,0.6,0.65,0.63,0.79,0.35,0.8,0.29,0.27,0.45,0.27,0.86,0.72,ST,ATT,1
Alisson Safira,ST,Brazil,0.7,0.66,0.72,0.52,0.66,0.25,0.65,0.67,0.66,0.58,0.6,0.7,0.72,0.65,0.72,0.76,0.16,0.14,0.19,0.31,0.73,0.78,ST,ATT,4
Rodrigo Pinho,ST,Brazil,0.7,0.6,0.75,0.6,0.68,0.25,0.61,0.65,0.55,0.65,0.59,0.69,0.67,0.67,0.68,0.7,0.24,0.21,0.18,0.19,0.64,0.8,ST,ATT,1
Benedikt Pichler,ST,Austria,0.7,0.76,0.68,0.63,0.65,0.33,0.69,0.72,0.79,0.59,0.57,0.68,0.61,0.8,0.75,0.85,0.39,0.36,0.24,0.17,0.72,0.7,ST,ATT,4
Felix Platte,ST,Germany,0.7,0.68,0.69,0.54,0.63,0.25,0.75,0.66,0.7,0.56,0.58,0.68,0.67,0.86,0.61,0.82,0.21,0.17,0.18,0.22,0.7,0.75,ST,ATT,4
Ivan Prtajin,ST,Croatia,0.7,0.64,0.7,0.54,0.64,0.29,0.76,0.65,0.64,0.56,0.53,0.66,0.67,0.82,0.71,0.84,0.24,0.22,0.23,0.25,0.74,0.72,ST,ATT,1
Afimico Pululu,ST,Angola,0.7,0.92,0.68,0.57,0.71,0.26,0.68,0.91,0.92,0.83,0.84,0.7,0.6,0.72,0.75,0.83,0.18,0.2,0.29,0.21,0.6,0.68,ST,ATT,4
Jesús Ramírez,ST,Venezuela,0.7,0.79,0.67,0.58,0.67,0.35,0.69,0.77,0.81,0.72,0.67,0.69,0.71,0.68,0.82,0.78,0.36,0.28,0.27,0.33,0.7,0.69,ST,ATT,4
Santiago Rodríguez,ST,Argentina,0.7,0.72,0.72,0.64,0.71,0.32,0.61,0.73,0.72,0.68,0.8,0.71,0.6,0.68,0.58,0.74,0.37,0.3,0.2,0.26,0.64,0.79,ST,ATT,4
Ramiro Ruiz Rodríguez,ST,Argentina,0.7,0.79,0.68,0.66,0.7,0.38,0.67,0.76,0.81,0.67,0.67,0.7,0.68,0.72,0.73,0.79,0.37,0.34,0.34,0.32,0.65,0.72,ST,ATT,4
Ibrahim Salah,ST,Morocco,0.7,0.73,0.69,0.58,0.72,0.3,0.67,0.68,0.77,0.69,0.7,0.73,0.69,0.71,0.65,0.7,0.28,0.23,0.28,0.27,0.55,0.69,ST,ATT,4
Kevin,LW,Brazil,0.7,0.78,0.63,0.66,0.74,0.33,0.54,0.79,0.78,0.76,0.71,0.74,0.66,0.51,0.61,0.6,0.34,0.32,0.3,0.32,0.46,0.67,LW,ATT,7
Noah Joel Sarenren Bazee,RW,Nigeria,0.7,0.78,0.61,0.64,0.73,0.29,0.49,0.82,0.74,0.77,0.75,0.73,0.68,0.58,0.31,0.69,0.26,0.29,0.22,0.31,0.53,0.64,RW,ATT,7
Bruno Sávio,RW,Brazil,0.7,0.72,0.69,0.64,0.69,0.26,0.6,0.72,0.72,0.71,0.68,0.66,0.73,0.68,0.66,0.74,0.17,0.14,0.28,0.25,0.64,0.65,RW,ATT,4
Ken Sema,LW,Sweden,0.7,0.76,0.65,0.68,0.71,0.6,0.68,0.75,0.77,0.72,0.73,0.7,0.65,0.71,0.67,0.63,0.66,0.59,0.6,0.61,0.37,0.77,LW,ATT,2
Kaly Sène,ST,Senegal,0.7,0.85,0.71,0.62,0.73,0.27,0.68,0.83,0.87,0.8,0.73,0.73,0.6,0.64,0.73,0.68,0.28,0.26,0.2,0.26,0.46,0.74,ST,ATT,7
Leonardo Sequeira,ST,Argentina,0.7,0.77,0.7,0.6,0.67,0.35,0.61,0.78,0.76,0.75,0.77,0.66,0.63,0.63,0.7,0.87,0.28,0.29,0.35,0.24,0.81,0.72,ST,ATT,4
Ilya Shkurin,ST,Belarus,0.7,0.73,0.66,0.6,0.66,0.35,0.8,0.74,0.72,0.63,0.58,0.7,0.68,0.86,0.72,0.92,0.32,0.26,0.35,0.21,0.76,0.65,ST,ATT,4
Kaj Sierhuis,ST,Holland,0.7,0.65,0.7,0.57,0.67,0.29,0.75,0.48,0.79,0.47,0.71,0.71,0.69,0.84,0.69,0.74,0.19,0.15,0.36,0.2,0.7,0.72,ST,ATT,1
Dario Špikić,RW,Croatia,0.7,0.82,0.66,0.63,0.73,0.49,0.6,0.81,0.82,0.72,0.65,0.77,0.61,0.64,0.69,0.69,0.46,0.41,0.47,0.58,0.49,0.69,RW,ATT,2
Moussa Sylla,ST,Mali,0.7,0.84,0.69,0.6,0.72,0.24,0.64,0.85,0.83,0.8,0.71,0.71,0.7,0.67,0.73,0.77,0.24,0.14,0.22,0.16,0.59,0.68,ST,ATT,4
Adam Taggart,ST,Australia,0.7,0.83,0.69,0.6,0.68,0.38,0.71,0.82,0.83,0.82,0.63,0.7,0.66,0.73,0.79,0.82,0.34,0.32,0.3,0.45,0.66,0.7,ST,ATT,4
Djaniny,ST,Cape Verde Islands,0.7,0.79,0.7,0.66,0.69,0.35,0.74,0.77,0.8,0.77,0.66,0.7,0.64,0.8,0.72,0.82,0.29,0.21,0.32,0.4,0.62,0.76,ST,ATT,4
Loum Tchaouna,RW,France,0.7,0.75,0.72,0.63,0.71,0.37,0.59,0.71,0.79,0.66,0.69,0.74,0.65,0.61,0.63,0.65,0.36,0.33,0.37,0.32,0.5,0.72,RW,ATT,7
Brandon Thomas-Asante,ST,Ghana,0.7,0.83,0.69,0.58,0.7,0.31,0.74,0.84,0.83,0.84,0.85,0.67,0.67,0.74,0.82,0.82,0.27,0.23,0.31,0.26,0.63,0.69,ST,ATT,4
Tiago Orobó,ST,Brazil,0.7,0.78,0.71,0.51,0.65,0.26,0.76,0.74,0.81,0.67,0.64,0.68,0.59,0.84,0.72,0.88,0.21,0.15,0.22,0.24,0.71,0.72,ST,ATT,4
Muhamed Tijani,ST,Nigeria,0.7,0.72,0.69,0.55,0.62,0.27,0.79,0.69,0.74,0.56,0.51,0.65,0.68,0.86,0.68,0.9,0.24,0.2,0.16,0.24,0.77,0.7,ST,ATT,4
Enrique Triverio,ST,Argentina,0.7,0.45,0.74,0.55,0.69,0.3,0.74,0.48,0.42,0.64,0.56,0.71,0.71,0.83,0.56,0.78,0.21,0.26,0.25,0.31,0.73,0.75,ST,ATT,1
Frank Tsadjout,ST,Italy,0.7,0.78,0.69,0.51,0.67,0.31,0.77,0.75,0.81,0.69,0.52,0.7,0.65,0.83,0.71,0.84,0.35,0.36,0.21,0.18,0.68,0.74,ST,ATT,4
Iké Ugbo,ST,Canada,0.7,0.74,0.68,0.57,0.68,0.29,0.69,0.7,0.77,0.69,0.63,0.68,0.72,0.75,0.62,0.77,0.3,0.19,0.21,0.26,0.68,0.68,ST,ATT,4
Manu Vallejo,ST,Spain,0.7,0.72,0.7,0.67,0.7,0.43,0.61,0.69,0.74,0.75,0.77,0.7,0.72,0.63,0.7,0.7,0.47,0.45,0.41,0.25,0.66,0.75,ST,ATT,2
Luis Vázquez,ST,Argentina,0.7,0.7,0.69,0.59,0.67,0.34,0.74,0.7,0.7,0.68,0.55,0.7,0.67,0.79,0.7,0.84,0.24,0.2,0.43,0.24,0.75,0.72,ST,ATT,4
Daniele Verde,RW,Italy,0.7,0.74,0.72,0.68,0.75,0.36,0.46,0.77,0.72,0.9,0.91,0.73,0.63,0.33,0.62,0.5,0.37,0.35,0.41,0.24,0.46,0.83,RW,ATT,7
Vincent Vermeij,ST,Holland,0.7,0.5,0.69,0.57,0.6,0.34,0.75,0.41,0.58,0.42,0.36,0.66,0.71,0.9,0.76,0.85,0.22,0.23,0.3,0.37,0.84,0.71,ST,ATT,1
Andreas Voglsammer,ST,Germany,0.7,0.74,0.69,0.66,0.69,0.43,0.79,0.72,0.76,0.65,0.8,0.71,0.68,0.81,0.72,0.82,0.45,0.37,0.44,0.31,0.68,0.83,ST,ATT,3
Güven Yalçın,ST,Turkey,0.7,0.78,0.72,0.61,0.71,0.23,0.62,0.8,0.76,0.72,0.64,0.72,0.64,0.68,0.64,0.78,0.16,0.21,0.19,0.2,0.67,0.78,ST,ATT,4
Kenan Yıldız,LW,Turkey,0.7,0.75,0.61,0.66,0.73,0.28,0.61,0.75,0.75,0.75,0.7,0.75,0.58,0.66,0.6,0.73,0.2,0.16,0.28,0.3,0.6,0.6,LW,ATT,5
Yuri,ST,Brazil,0.7,0.69,0.7,0.55,0.64,0.34,0.82,0.72,0.66,0.56,0.75,0.67,0.65,0.89,0.75,0.86,0.29,0.16,0.38,0.26,0.7,0.73,ST,ATT,4
Oskar Zawada,ST,Poland,0.7,0.76,0.68,0.56,0.63,0.39,0.8,0.75,0.76,0.64,0.61,0.66,0.67,0.82,0.78,0.88,0.37,0.33,0.28,0.42,0.74,0.69,ST,ATT,4
Andi Zeqiri,ST,Switzerland,0.7,0.68,0.69,0.6,0.72,0.23,0.67,0.73,0.64,0.69,0.66,0.74,0.71,0.72,0.69,0.79,0.12,0.18,0.22,0.18,0.7,0.71,ST,ATT,4
Abdellah Zoubir,LW,France,0.7,0.74,0.66,0.67,0.73,0.33,0.59,0.76,0.73,0.77,0.66,0.73,0.65,0.62,0.69,0.74,0.33,0.31,0.27,0.29,0.62,0.68,LW,ATT,4
Alemão,ST,Brazil,0.7,0.74,0.71,0.63,0.68,0.25,0.76,0.73,0.75,0.72,0.81,0.67,0.65,0.83,0.68,0.83,0.22,0.18,0.18,0.25,0.66,0.79,ST,ATT,4
Raúl Alcaina,ST,Spain,0.69,0.59,0.68,0.53,0.66,0.2,0.51,0.61,0.58,0.5,0.63,0.69,0.72,0.56,0.59,0.7,0.14,0.11,0.16,0.12,0.74,0.69,ST,ATT,5
Oliver Antman,RW,Finland,0.69,0.77,0.65,0.64,0.72,0.37,0.59,0.78,0.76,0.75,0.75,0.73,0.65,0.58,0.68,0.66,0.37,0.35,0.36,0.35,0.5,0.67,RW,ATT,7
Mattia Aramu,RW,Italy,0.69,0.74,0.62,0.7,0.71,0.52,0.61,0.71,0.76,0.82,0.8,0.72,0.64,0.6,0.72,0.65,0.52,0.48,0.56,0.48,0.53,0.67,RW,ATT,2
Héber,ST,Brazil,0.69,0.66,0.7,0.55,0.64,0.32,0.68,0.6,0.7,0.7,0.68,0.65,0.69,0.71,0.7,0.77,0.23,0.2,0.31,0.33,0.72,0.69,ST,ATT,4
Florian Ayé,ST,France,0.69,0.84,0.68,0.56,0.67,0.31,0.73,0.82,0.86,0.73,0.61,0.68,0.63,0.76,0.74,0.85,0.29,0.25,0.27,0.25,0.68,0.7,ST,ATT,4
Miguel Baeza,RW,Spain,0.69,0.65,0.64,0.72,0.7,0.44,0.5,0.65,0.65,0.67,0.73,0.72,0.65,0.48,0.59,0.47,0.47,0.5,0.41,0.4,0.43,0.62,RW,ATT,2
Theo Bair,ST,Canada,0.69,0.73,0.67,0.5,0.64,0.28,0.79,0.73,0.73,0.62,0.54,0.66,0.66,0.92,0.65,0.87,0.28,0.2,0.22,0.23,0.68,0.67,ST,ATT,4
Sinan Bakış,ST,Turkey,0.69,0.38,0.71,0.56,0.64,0.29,0.67,0.39,0.38,0.39,0.56,0.68,0.7,0.81,0.46,0.75,0.27,0.24,0.2,0.24,0.75,0.76,ST,ATT,1
Alexandru Băluță,RW,Romania,0.69,0.83,0.64,0.66,0.72,0.47,0.67,0.84,0.83,0.91,0.9,0.7,0.63,0.65,0.68,0.8,0.47,0.43,0.43,0.45,0.68,0.69,RW,ATT,2
Thierno Barry,ST,France,0.69,0.77,0.69,0.48,0.68,0.22,0.63,0.74,0.8,0.78,0.61,0.62,0.66,0.71,0.67,0.78,0.18,0.19,0.18,0.14,0.68,0.69,ST,ATT,5
Bruno Barticciotto,ST,Chile,0.69,0.81,0.66,0.63,0.71,0.26,0.62,0.82,0.8,0.81,0.64,0.69,0.64,0.71,0.68,0.81,0.16,0.15,0.35,0.12,0.65,0.64,ST,ATT,4
Jon Bautista,ST,Spain,0.69,0.72,0.7,0.58,0.67,0.26,0.66,0.71,0.72,0.66,0.71,0.68,0.67,0.72,0.72,0.77,0.22,0.16,0.25,0.16,0.66,0.71,ST,ATT,4
Vakoun Issouf Bayo,ST,Côte d'Ivoire,0.69,0.76,0.68,0.54,0.67,0.25,0.77,0.76,0.76,0.69,0.53,0.68,0.66,0.82,0.65,0.85,0.19,0.25,0.19,0.21,0.69,0.73,ST,ATT,4
El Fardou Ben,RW,Netherlands,0.69,0.74,0.7,0.64,0.71,0.35,0.63,0.75,0.73,0.76,0.74,0.71,0.66,0.7,0.65,0.7,0.19,0.15,0.53,0.3,0.54,0.75,RW,ATT,4
Veton Berisha,ST,Norway,0.69,0.81,0.68,0.62,0.68,0.37,0.81,0.83,0.79,0.74,0.87,0.68,0.65,0.81,0.8,0.86,0.34,0.28,0.32,0.4,0.62,0.71,ST,ATT,4
Colby Bishop,ST,England,0.69,0.63,0.68,0.56,0.65,0.34,0.83,0.61,0.65,0.64,0.69,0.7,0.71,0.84,0.91,0.83,0.28,0.23,0.33,0.3,0.71,0.7,ST,ATT,4
Martin Boakye,ST,Italy,0.69,0.82,0.65,0.58,0.68,0.46,0.79,0.8,0.83,0.72,0.75,0.71,0.68,0.84,0.79,0.85,0.45,0.36,0.41,0.53,0.62,0.72,ST,ATT,2
Matchoi Djaló,RW,Portugal,0.69,0.86,0.56,0.64,0.74,0.38,0.57,0.88,0.84,0.88,0.73,0.71,0.66,0.56,0.7,0.62,0.4,0.35,0.38,0.35,0.39,0.61,RW,ATT,7
Brandon Borrello,ST,Australia,0.69,0.73,0.69,0.65,0.71,0.44,0.76,0.72,0.73,0.74,0.81,0.7,0.68,0.75,0.84,0.75,0.48,0.43,0.38,0.4,0.58,0.76,ST,ATT,2
Badredine Bouanani,RW,Algeria,0.69,0.71,0.64,0.68,0.71,0.31,0.51,0.72,0.71,0.72,0.77,0.71,0.58,0.52,0.6,0.56,0.34,0.3,0.28,0.26,0.45,0.65,RW,ATT,7
Liam Boyce,ST,Northern Ireland,0.69,0.65,0.69,0.6,0.69,0.33,0.75,0.66,0.64,0.74,0.67,0.72,0.62,0.79,0.69,0.78,0.24,0.19,0.33,0.34,0.7,0.71,ST,ATT,4
João Figueiredo,ST,Brazil,0.69,0.71,0.68,0.6,0.7,0.25,0.68,0.73,0.7,0.7,0.75,0.69,0.69,0.71,0.73,0.7,0.22,0.16,0.22,0.15,0.68,0.71,ST,ATT,4
Moritz Broschinski,ST,Germany,0.69,0.76,0.68,0.57,0.67,0.31,0.63,0.74,0.77,0.65,0.66,0.71,0.66,0.7,0.56,0.76,0.28,0.2,0.26,0.3,0.66,0.7,ST,ATT,4
Jacob Brown,ST,Scotland,0.69,0.73,0.69,0.62,0.69,0.48,0.72,0.72,0.74,0.74,0.72,0.68,0.68,0.69,0.84,0.75,0.5,0.43,0.42,0.44,0.68,0.72,ST,ATT,2
Ola Brynhildsen,ST,Norway,0.69,0.83,0.68,0.63,0.71,0.5,0.67,0.86,0.8,0.82,0.82,0.7,0.65,0.59,0.82,0.76,0.51,0.53,0.43,0.49,0.62,0.72,ST,ATT,2
Borisav Burmaz,ST,Serbia,0.69,0.73,0.69,0.62,0.67,0.36,0.68,0.74,0.73,0.7,0.7,0.7,0.65,0.72,0.69,0.78,0.35,0.3,0.32,0.3,0.68,0.73,ST,ATT,4
Jordy Caicedo,ST,Ecuador,0.69,0.73,0.66,0.44,0.64,0.34,0.79,0.67,0.77,0.65,0.54,0.66,0.67,0.88,0.68,0.87,0.34,0.26,0.29,0.28,0.73,0.72,ST,ATT,4
Tom Cannon,ST,Republic of Ireland,0.69,0.78,0.69,0.56,0.72,0.27,0.59,0.79,0.78,0.76,0.75,0.71,0.66,0.61,0.65,0.74,0.25,0.22,0.24,0.21,0.62,0.71,ST,ATT,4
Assan Ceesay,ST,Gambia,0.69,0.84,0.7,0.57,0.64,0.33,0.69,0.87,0.82,0.75,0.75,0.6,0.65,0.69,0.68,0.82,0.3,0.28,0.37,0.17,0.68,0.7,ST,ATT,4
Juan Bautista Cejas,LW,Argentina,0.69,0.81,0.65,0.66,0.71,0.48,0.64,0.85,0.77,0.86,0.83,0.7,0.64,0.61,0.71,0.75,0.44,0.48,0.48,0.47,0.59,0.7,LW,ATT,2
Ezequiel Cerutti,RW,Argentina,0.69,0.81,0.62,0.65,0.72,0.34,0.62,0.82,0.81,0.8,0.72,0.68,0.68,0.56,0.66,0.71,0.17,0.18,0.49,0.34,0.59,0.7,RW,ATT,7
Andrés Chávez,ST,Argentina,0.69,0.69,0.72,0.63,0.67,0.36,0.79,0.67,0.71,0.63,0.66,0.64,0.69,0.82,0.72,0.88,0.3,0.28,0.25,0.48,0.68,0.77,ST,ATT,4
Diego Churín,ST,Argentina,0.69,0.55,0.69,0.5,0.65,0.31,0.68,0.54,0.56,0.56,0.55,0.71,0.7,0.84,0.62,0.77,0.26,0.13,0.39,0.17,0.7,0.72,ST,ATT,1
Ibrahim Cissoko,LW,Holland,0.69,0.79,0.6,0.63,0.73,0.32,0.55,0.79,0.79,0.86,0.71,0.69,0.68,0.57,0.58,0.66,0.3,0.33,0.34,0.21,0.5,0.63,LW,ATT,7
Jonson Clarke-Harris,ST,Jamaica,0.69,0.71,0.69,0.54,0.67,0.27,0.78,0.69,0.73,0.71,0.68,0.67,0.66,0.81,0.72,0.8,0.17,0.13,0.27,0.3,0.67,0.73,ST,ATT,4
Nélson da Luz,LW,Angola,0.69,0.79,0.66,0.6,0.74,0.34,0.63,0.81,0.77,0.76,0.73,0.74,0.65,0.64,0.77,0.68,0.35,0.3,0.24,0.44,0.46,0.75,LW,ATT,7
Tyrone Conraad,ST,Suriname,0.69,0.76,0.7,0.45,0.66,0.22,0.71,0.81,0.72,0.69,0.64,0.64,0.66,0.82,0.64,0.86,0.22,0.21,0.13,0.15,0.63,0.75,ST,ATT,4
Tommy Conway,ST,Scotland,0.69,0.81,0.68,0.53,0.68,0.2,0.57,0.82,0.81,0.68,0.72,0.68,0.68,0.57,0.62,0.74,0.16,0.12,0.16,0.15,0.63,0.7,ST,ATT,5
Andreas Cornelius,ST,Denmark,0.69,0.62,0.69,0.59,0.61,0.34,0.8,0.61,0.62,0.47,0.52,0.63,0.68,0.9,0.63,0.89,0.24,0.15,0.38,0.31,0.76,0.75,ST,ATT,1
Mateo Coronel,ST,Argentina,0.69,0.83,0.69,0.67,0.68,0.36,0.59,0.85,0.82,0.75,0.81,0.68,0.66,0.64,0.51,0.75,0.36,0.28,0.36,0.3,0.55,0.71,ST,ATT,7
Killian Corredor,ST,France,0.69,0.89,0.69,0.59,0.67,0.27,0.69,0.86,0.91,0.75,0.61,0.69,0.59,0.73,0.8,0.82,0.25,0.21,0.21,0.24,0.6,0.68,ST,ATT,4
Kevin Csoboth,LW,Hungary,0.69,0.89,0.63,0.62,0.69,0.27,0.48,0.88,0.9,0.72,0.84,0.67,0.66,0.4,0.72,0.62,0.25,0.17,0.2,0.28,0.57,0.64,LW,ATT,7
Liam Cullen,ST,Wales,0.69,0.75,0.68,0.61,0.68,0.31,0.59,0.76,0.75,0.72,0.8,0.68,0.64,0.58,0.71,0.72,0.31,0.32,0.25,0.22,0.64,0.74,ST,ATT,4
Jason Cummings,ST,Australia,0.69,0.66,0.71,0.57,0.66,0.38,0.61,0.66,0.66,0.65,0.65,0.67,0.72,0.62,0.7,0.69,0.4,0.32,0.21,0.48,0.66,0.72,ST,ATT,4
Jhamir D'Arrigo,RW,Peru,0.69,0.86,0.62,0.61,0.71,0.48,0.6,0.84,0.88,0.69,0.73,0.65,0.73,0.57,0.75,0.68,0.45,0.44,0.61,0.33,0.5,0.65,RW,ATT,2
Chico,ST,Brazil,0.69,0.56,0.71,0.49,0.65,0.3,0.71,0.5,0.61,0.58,0.57,0.68,0.6,0.9,0.61,0.77,0.35,0.3,0.21,0.15,0.69,0.71,ST,ATT,1
Manuel De Luca,ST,Italy,0.69,0.52,0.7,0.52,0.63,0.34,0.72,0.53,0.52,0.5,0.51,0.69,0.68,0.8,0.73,0.78,0.22,0.18,0.39,0.33,0.74,0.74,ST,ATT,1
Deivid Washington,ST,Brazil,0.69,0.79,0.7,0.53,0.72,0.3,0.66,0.78,0.79,0.77,0.7,0.72,0.62,0.7,0.62,0.72,0.3,0.25,0.27,0.27,0.53,0.73,ST,ATT,4
Landry Dimata,ST,Belgium,0.69,0.76,0.68,0.62,0.66,0.39,0.78,0.75,0.76,0.71,0.67,0.66,0.67,0.83,0.72,0.85,0.38,0.3,0.38,0.3,0.7,0.74,ST,ATT,4
Ferdy Druijf,ST,Holland,0.69,0.63,0.71,0.62,0.64,0.35,0.73,0.55,0.69,0.6,0.56,0.69,0.67,0.79,0.7,0.7,0.31,0.23,0.37,0.24,0.71,0.72,ST,ATT,1
Lyndon Dykes,ST,Scotland,0.69,0.66,0.68,0.52,0.65,0.29,0.82,0.64,0.67,0.62,0.68,0.68,0.68,0.84,0.79,0.88,0.27,0.23,0.24,0.18,0.77,0.72,ST,ATT,4
Erik Engelhardt,ST,Germany,0.69,0.69,0.67,0.54,0.65,0.39,0.84,0.74,0.64,0.72,0.85,0.62,0.73,0.82,0.82,0.83,0.39,0.36,0.3,0.39,0.67,0.7,ST,ATT,4
Sergi Enrich,ST,Spain,0.69,0.51,0.7,0.65,0.67,0.42,0.74,0.52,0.5,0.65,0.64,0.67,0.71,0.75,0.72,0.79,0.46,0.38,0.31,0.37,0.78,0.73,ST,ATT,1
Marcelo Estigarribia,ST,Argentina,0.69,0.64,0.67,0.53,0.65,0.25,0.69,0.68,0.61,0.65,0.66,0.73,0.67,0.77,0.75,0.78,0.19,0.21,0.22,0.2,0.69,0.68,ST,ATT,4
Tomané,ST,Portugal,0.69,0.62,0.72,0.55,0.63,0.29,0.8,0.62,0.62,0.62,0.62,0.64,0.66,0.85,0.72,0.84,0.18,0.17,0.35,0.22,0.72,0.81,ST,ATT,1
Matija Frigan,ST,Croatia,0.69,0.79,0.68,0.59,0.68,0.36,0.74,0.8,0.79,0.72,0.7,0.67,0.67,0.74,0.73,0.8,0.38,0.27,0.37,0.24,0.62,0.69,ST,ATT,4
Mascarenhas,ST,Portugal,0.69,0.74,0.73,0.58,0.64,0.35,0.6,0.75,0.74,0.7,0.64,0.62,0.7,0.6,0.61,0.73,0.32,0.35,0.26,0.36,0.68,0.76,ST,ATT,4
Alessandro Gabrielloni,ST,Italy,0.69,0.76,0.67,0.57,0.7,0.34,0.65,0.74,0.77,0.76,0.7,0.7,0.7,0.69,0.67,0.75,0.32,0.25,0.33,0.26,0.66,0.64,ST,ATT,4
Antonio Galeano,RW,Paraguay,0.69,0.87,0.59,0.59,0.71,0.59,0.59,0.83,0.91,0.81,0.66,0.67,0.59,0.49,0.91,0.54,0.65,0.61,0.6,0.6,0.36,0.6,RW,ATT,2
Sam Gallagher,ST,England,0.69,0.67,0.7,0.57,0.64,0.45,0.78,0.59,0.73,0.58,0.53,0.65,0.67,0.82,0.73,0.82,0.41,0.43,0.4,0.44,0.74,0.78,ST,ATT,1
Silvère Ganvoula,ST,Congo,0.69,0.73,0.7,0.52,0.63,0.26,0.75,0.7,0.76,0.61,0.53,0.65,0.63,0.83,0.66,0.85,0.21,0.18,0.23,0.21,0.72,0.76,ST,ATT,4
Milton Giménez,ST,Argentina,0.69,0.6,0.72,0.47,0.62,0.28,0.77,0.61,0.6,0.46,0.56,0.68,0.69,0.79,0.71,0.81,0.25,0.25,0.19,0.25,0.75,0.79,ST,ATT,1
Álvaro Giménez,ST,Spain,0.69,0.7,0.69,0.59,0.66,0.3,0.65,0.69,0.7,0.69,0.54,0.67,0.7,0.72,0.76,0.75,0.21,0.19,0.32,0.26,0.68,0.69,ST,ATT,4
Mika Godts,LW,Belgium,0.69,0.73,0.58,0.65,0.76,0.39,0.59,0.8,0.67,0.81,0.86,0.74,0.65,0.63,0.68,0.63,0.49,0.47,0.28,0.32,0.44,0.68,LW,ATT,7
Dani Gómez,ST,Spain,0.69,0.74,0.69,0.62,0.69,0.42,0.67,0.75,0.74,0.71,0.64,0.69,0.68,0.71,0.74,0.77,0.34,0.36,0.45,0.4,0.63,0.75,ST,ATT,2
Gastón González,LW,Argentina,0.69,0.81,0.67,0.63,0.7,0.4,0.74,0.77,0.85,0.66,0.64,0.7,0.57,0.76,0.85,0.81,0.43,0.45,0.33,0.35,0.61,0.73,LW,ATT,2
Adriano Grimaldi,ST,Germany,0.69,0.57,0.69,0.52,0.62,0.35,0.78,0.49,0.64,0.58,0.5,0.67,0.71,0.86,0.68,0.8,0.31,0.2,0.29,0.4,0.73,0.75,ST,ATT,1
Marc Gual,ST,Spain,0.69,0.78,0.69,0.56,0.7,0.21,0.64,0.73,0.82,0.75,0.66,0.73,0.61,0.7,0.73,0.74,0.14,0.15,0.18,0.19,0.62,0.68,ST,ATT,4
Jonathan Herrera,ST,Argentina,0.69,0.66,0.69,0.6,0.66,0.23,0.67,0.7,0.63,0.69,0.6,0.67,0.63,0.81,0.69,0.8,0.13,0.12,0.27,0.17,0.67,0.75,ST,ATT,4
Andréas Hountondji,ST,Benin,0.69,0.75,0.67,0.58,0.72,0.21,0.58,0.73,0.77,0.75,0.78,0.69,0.66,0.63,0.66,0.73,0.22,0.15,0.16,0.1,0.64,0.65,ST,ATT,5
Arbër Hoxha,LW,Albania,0.69,0.83,0.7,0.54,0.73,0.37,0.71,0.82,0.83,0.8,0.63,0.72,0.68,0.72,0.73,0.81,0.37,0.35,0.36,0.24,0.64,0.75,LW,ATT,4
Chukwubuikem Ikwuemesi,ST,Nigeria,0.69,0.76,0.68,0.6,0.68,0.37,0.73,0.75,0.77,0.61,0.58,0.7,0.62,0.8,0.59,0.82,0.42,0.29,0.3,0.27,0.67,0.75,ST,ATT,4
Jairo,RW,Spain,0.69,0.87,0.65,0.65,0.7,0.63,0.62,0.88,0.86,0.81,0.92,0.69,0.64,0.61,0.73,0.75,0.62,0.63,0.64,0.65,0.55,0.68,RW,ATT,2
Issa Kallon,RW,Sierra Leone,0.69,0.85,0.61,0.58,0.73,0.23,0.55,0.88,0.83,0.88,0.9,0.7,0.56,0.46,0.68,0.57,0.11,0.18,0.29,0.25,0.44,0.6,RW,ATT,7
Kei Kamara,ST,Sierra Leone,0.69,0.65,0.68,0.63,0.67,0.39,0.72,0.63,0.67,0.64,0.61,0.68,0.69,0.77,0.62,0.81,0.3,0.24,0.44,0.34,0.75,0.72,ST,ATT,1
Ercan Kara,ST,Austria,0.69,0.73,0.7,0.51,0.62,0.27,0.85,0.65,0.79,0.61,0.34,0.66,0.66,0.92,0.84,0.83,0.27,0.21,0.22,0.17,0.68,0.8,ST,ATT,4
Hamidou Keyta,LW,France,0.69,0.86,0.68,0.59,0.71,0.38,0.63,0.82,0.9,0.74,0.69,0.71,0.59,0.64,0.69,0.68,0.34,0.38,0.39,0.36,0.47,0.75,LW,ATT,7
Sonny Kittel,LW,Germany,0.69,0.66,0.69,0.7,0.72,0.32,0.52,0.8,0.54,0.85,0.82,0.71,0.64,0.53,0.61,0.57,0.24,0.2,0.38,0.37,0.43,0.76,LW,ATT,7
Ko Jae Hyeon,RW,Korea Republic,0.69,0.86,0.66,0.56,0.71,0.35,0.7,0.85,0.86,0.82,0.74,0.66,0.68,0.65,0.84,0.66,0.31,0.23,0.37,0.41,0.42,0.66,RW,ATT,7
Ibrahima Koné,ST,Mali,0.69,0.73,0.68,0.52,0.67,0.32,0.77,0.72,0.73,0.65,0.71,0.69,0.61,0.87,0.67,0.84,0.29,0.23,0.33,0.2,0.66,0.73,ST,ATT,4
Efthymios Koulouris,ST,Greece,0.69,0.68,0.69,0.56,0.67,0.27,0.7,0.69,0.67,0.67,0.62,0.7,0.68,0.8,0.75,0.8,0.13,0.18,0.38,0.14,0.7,0.7,ST,ATT,4
Michiel Kramer,ST,Holland,0.69,0.46,0.68,0.57,0.59,0.39,0.73,0.36,0.54,0.52,0.38,0.68,0.71,0.8,0.57,0.77,0.34,0.34,0.36,0.33,0.79,0.72,ST,ATT,1
Roy Krishna,ST,Fiji,0.69,0.87,0.67,0.63,0.7,0.46,0.8,0.9,0.84,0.8,0.82,0.67,0.67,0.75,0.87,0.84,0.5,0.43,0.41,0.42,0.6,0.66,ST,ATT,2
Mathias Kvistgaarden,ST,Denmark,0.69,0.81,0.66,0.57,0.7,0.41,0.7,0.82,0.81,0.81,0.85,0.7,0.7,0.63,0.69,0.75,0.44,0.45,0.32,0.38,0.59,0.7,ST,ATT,2
Moritz-Broni Kwarteng,RW,Germany,0.69,0.72,0.7,0.62,0.74,0.3,0.49,0.73,0.71,0.84,0.82,0.72,0.65,0.45,0.66,0.54,0.29,0.36,0.28,0.24,0.48,0.7,RW,ATT,7
Mayckel Lahdo,RW,Sweden,0.69,0.8,0.64,0.59,0.74,0.27,0.58,0.84,0.76,0.86,0.76,0.73,0.63,0.6,0.6,0.61,0.27,0.25,0.24,0.31,0.31,0.68,RW,ATT,7
Lee Sang Heon,ST,Korea Republic,0.69,0.8,0.69,0.59,0.72,0.42,0.61,0.78,0.81,0.8,0.72,0.68,0.73,0.55,0.65,0.68,0.42,0.35,0.38,0.45,0.57,0.67,ST,ATT,2
Tim Lemperle,ST,Germany,0.69,0.74,0.66,0.59,0.71,0.34,0.71,0.77,0.72,0.68,0.63,0.73,0.62,0.71,0.83,0.79,0.33,0.3,0.3,0.27,0.66,0.66,ST,ATT,4
Dailon Rocha Livramento,ST,Cape Verde Islands,0.69,0.72,0.72,0.55,0.68,0.34,0.68,0.71,0.73,0.74,0.64,0.68,0.65,0.72,0.63,0.82,0.33,0.23,0.34,0.2,0.74,0.71,ST,ATT,4
Duk,ST,Cape Verde Islands,0.69,0.84,0.67,0.61,0.71,0.45,0.66,0.82,0.86,0.82,0.9,0.66,0.69,0.7,0.66,0.8,0.45,0.49,0.41,0.37,0.67,0.75,ST,ATT,2
Shuto Machino,ST,Japan,0.69,0.74,0.67,0.61,0.71,0.3,0.72,0.7,0.77,0.69,0.66,0.69,0.68,0.74,0.74,0.84,0.29,0.24,0.2,0.32,0.66,0.66,ST,ATT,4
Louis Mafouta,ST,Central African Republic,0.69,0.78,0.69,0.51,0.65,0.29,0.67,0.76,0.79,0.76,0.67,0.66,0.59,0.73,0.72,0.84,0.26,0.24,0.23,0.25,0.71,0.72,ST,ATT,4
Leonardo Mancuso,ST,Italy,0.69,0.77,0.69,0.61,0.72,0.34,0.69,0.75,0.78,0.84,0.83,0.71,0.69,0.69,0.83,0.75,0.22,0.2,0.4,0.36,0.64,0.7,ST,ATT,4
Alexis Manyoma,LW,Colombia,0.69,0.84,0.61,0.63,0.72,0.41,0.6,0.85,0.84,0.85,0.82,0.71,0.66,0.59,0.5,0.61,0.48,0.42,0.42,0.31,0.36,0.68,LW,ATT,7
Sékou Mara,ST,France,0.69,0.75,0.67,0.53,0.67,0.26,0.67,0.76,0.74,0.67,0.58,0.67,0.64,0.73,0.65,0.85,0.23,0.19,0.18,0.22,0.73,0.67,ST,ATT,4
Mirko Marić,ST,Croatia,0.69,0.68,0.7,0.53,0.64,0.28,0.7,0.71,0.65,0.49,0.44,0.63,0.66,0.8,0.62,0.81,0.23,0.19,0.27,0.19,0.68,0.71,ST,ATT,1
Carlos Martín,ST,Spain,0.69,0.78,0.69,0.6,0.7,0.28,0.62,0.74,0.81,0.74,0.66,0.72,0.66,0.68,0.55,0.73,0.25,0.27,0.2,0.27,0.6,0.7,ST,ATT,4
Newerton,LW,Brazil,0.69,0.81,0.56,0.61,0.77,0.25,0.44,0.83,0.8,0.84,0.92,0.76,0.62,0.41,0.6,0.5,0.21,0.25,0.22,0.31,0.38,0.6,LW,ATT,7
Simone Mazzocchi,ST,Italy,0.69,0.71,0.7,0.57,0.68,0.33,0.61,0.73,0.69,0.77,0.74,0.73,0.68,0.65,0.68,0.74,0.3,0.22,0.31,0.3,0.68,0.73,ST,ATT,4
Yakou Méïté,ST,Côte d'Ivoire,0.69,0.78,0.69,0.56,0.63,0.47,0.82,0.73,0.82,0.68,0.6,0.56,0.63,0.87,0.71,0.89,0.53,0.4,0.43,0.35,0.72,0.77,ST,ATT,2
Queensy Menig,LW,Holland,0.69,0.9,0.62,0.58,0.73,0.32,0.53,0.89,0.91,0.88,0.73,0.74,0.61,0.48,0.72,0.65,0.32,0.29,0.25,0.35,0.54,0.66,LW,ATT,7
Ryan Mmaee,ST,Morocco,0.69,0.75,0.67,0.54,0.7,0.28,0.63,0.78,0.73,0.73,0.65,0.68,0.64,0.71,0.54,0.8,0.21,0.22,0.26,0.24,0.68,0.67,ST,ATT,4
Marius Mouandilmadji,ST,Chad,0.69,0.73,0.72,0.48,0.65,0.31,0.74,0.69,0.76,0.72,0.58,0.64,0.64,0.83,0.64,0.8,0.26,0.22,0.31,0.26,0.65,0.73,ST,ATT,4
Jackson Muleka,RW,Congo DR,0.69,0.81,0.7,0.59,0.7,0.36,0.73,0.82,0.81,0.82,0.74,0.68,0.65,0.74,0.74,0.8,0.36,0.23,0.35,0.26,0.73,0.72,RW,ATT,4
César Munder,LW,Chile,0.69,0.87,0.62,0.61,0.73,0.31,0.61,0.88,0.87,0.91,0.91,0.68,0.56,0.61,0.83,0.72,0.32,0.26,0.32,0.2,0.51,0.65,LW,ATT,7
Louis Munteanu,ST,Romania,0.69,0.82,0.68,0.62,0.7,0.3,0.68,0.81,0.82,0.87,0.82,0.68,0.65,0.76,0.77,0.82,0.25,0.26,0.28,0.27,0.6,0.7,ST,ATT,4
Michael Obafemi,ST,Republic of Ireland,0.69,0.8,0.68,0.56,0.7,0.23,0.64,0.85,0.76,0.82,0.89,0.67,0.69,0.66,0.61,0.79,0.23,0.15,0.18,0.13,0.63,0.7,ST,ATT,4
Raphael Odogwu,ST,Italy,0.69,0.75,0.67,0.52,0.64,0.26,0.76,0.63,0.84,0.45,0.56,0.68,0.66,0.93,0.6,0.82,0.25,0.16,0.18,0.23,0.68,0.68,ST,ATT,4
Koki Ogawa,ST,Japan,0.69,0.48,0.7,0.57,0.65,0.29,0.7,0.5,0.46,0.67,0.56,0.67,0.68,0.74,0.73,0.67,0.32,0.19,0.25,0.12,0.75,0.72,ST,ATT,1
Oh Hyeon Gyu,ST,Korea Republic,0.69,0.76,0.68,0.53,0.65,0.43,0.8,0.72,0.8,0.71,0.74,0.66,0.66,0.84,0.71,0.8,0.47,0.43,0.38,0.29,0.72,0.75,ST,ATT,2
Agustín Ojeda,RW,Argentina,0.69,0.88,0.56,0.63,0.74,0.41,0.48,0.92,0.85,0.86,0.86,0.71,0.62,0.42,0.55,0.55,0.46,0.43,0.38,0.35,0.43,0.61,RW,ATT,7
Teddy Okou,ST,France,0.69,0.9,0.68,0.63,0.75,0.31,0.63,0.89,0.9,0.9,0.9,0.72,0.73,0.56,0.79,0.7,0.29,0.3,0.33,0.22,0.52,0.7,ST,ATT,7
Thomas Lehne Olsen,ST,Norway,0.69,0.74,0.68,0.57,0.63,0.38,0.79,0.76,0.72,0.65,0.63,0.67,0.68,0.82,0.79,0.85,0.34,0.28,0.35,0.4,0.68,0.74,ST,ATT,4
Kevin Carlos,ST,Spain,0.69,0.62,0.69,0.52,0.65,0.27,0.75,0.59,0.64,0.57,0.68,0.67,0.59,0.8,0.7,0.81,0.21,0.26,0.22,0.2,0.75,0.74,ST,ATT,1
Juanto Ortuño,ST,Spain,0.69,0.69,0.69,0.59,0.69,0.22,0.64,0.7,0.69,0.71,0.66,0.69,0.67,0.71,0.69,0.75,0.15,0.14,0.19,0.18,0.66,0.72,ST,ATT,4
Orri Óskarsson,ST,Iceland,0.69,0.7,0.67,0.59,0.67,0.3,0.68,0.7,0.7,0.66,0.72,0.7,0.71,0.72,0.69,0.74,0.25,0.25,0.29,0.26,0.62,0.72,ST,ATT,4
Abiel Osorio,ST,Argentina,0.69,0.79,0.66,0.53,0.64,0.36,0.8,0.77,0.81,0.73,0.74,0.64,0.69,0.81,0.76,0.82,0.35,0.39,0.27,0.28,0.74,0.74,ST,ATT,4
Guillermo Paiva,ST,Paraguay,0.69,0.64,0.68,0.55,0.66,0.26,0.65,0.61,0.67,0.58,0.63,0.65,0.61,0.76,0.56,0.8,0.22,0.2,0.21,0.19,0.74,0.67,ST,ATT,1
Claudiu Petrila,LW,Romania,0.69,0.91,0.62,0.65,0.68,0.34,0.56,0.9,0.91,0.79,0.8,0.66,0.63,0.51,0.68,0.59,0.33,0.32,0.36,0.32,0.36,0.64,LW,ATT,7
Luca Pfeiffer,ST,Germany,0.69,0.45,0.68,0.5,0.61,0.33,0.8,0.41,0.49,0.34,0.33,0.69,0.66,0.94,0.65,0.8,0.38,0.19,0.26,0.22,0.74,0.75,ST,ATT,1
Rayan Philippe,ST,France,0.69,0.84,0.67,0.55,0.7,0.22,0.65,0.77,0.89,0.72,0.74,0.68,0.68,0.67,0.78,0.76,0.17,0.22,0.15,0.2,0.62,0.7,ST,ATT,4
Rafael Barbosa,LW,Portugal,0.69,0.76,0.59,0.66,0.74,0.3,0.48,0.77,0.75,0.86,0.87,0.72,0.67,0.38,0.66,0.48,0.31,0.28,0.22,0.35,0.43,0.6,LW,ATT,7
Ioannis Pittas,ST,Cyprus,0.69,0.71,0.7,0.47,0.65,0.23,0.67,0.69,0.73,0.72,0.72,0.67,0.64,0.69,0.82,0.77,0.2,0.12,0.18,0.18,0.72,0.68,ST,ATT,4
Octavian Popescu,LW,Romania,0.69,0.84,0.64,0.67,0.74,0.31,0.57,0.82,0.86,0.9,0.9,0.73,0.57,0.45,0.8,0.54,0.34,0.26,0.27,0.3,0.4,0.7,LW,ATT,7
Smail Prevljak,ST,Bosnia and Herzegovina,0.69,0.56,0.73,0.6,0.67,0.24,0.7,0.52,0.59,0.65,0.58,0.7,0.69,0.75,0.65,0.71,0.16,0.12,0.25,0.16,0.68,0.77,ST,ATT,1
Louka Prip,RW,Denmark,0.69,0.76,0.7,0.66,0.71,0.46,0.68,0.78,0.75,0.76,0.75,0.7,0.66,0.66,0.81,0.63,0.48,0.45,0.45,0.46,0.42,0.75,RW,ATT,2
Antonio Raimondo,ST,Italy,0.69,0.67,0.68,0.6,0.7,0.28,0.61,0.64,0.7,0.68,0.7,0.7,0.65,0.66,0.52,0.7,0.27,0.21,0.19,0.28,0.66,0.68,ST,ATT,5
Rodrigo Ribeiro,ST,Portugal,0.69,0.71,0.67,0.58,0.73,0.22,0.6,0.68,0.73,0.66,0.6,0.74,0.69,0.7,0.6,0.73,0.17,0.15,0.19,0.16,0.69,0.65,ST,ATT,4
Octavio Rivero,ST,Uruguay,0.69,0.56,0.72,0.49,0.65,0.25,0.66,0.55,0.56,0.59,0.54,0.67,0.63,0.74,0.46,0.72,0.19,0.2,0.2,0.22,0.7,0.7,ST,ATT,1
Callum Robinson,ST,Republic of Ireland,0.69,0.79,0.68,0.64,0.72,0.32,0.63,0.77,0.8,0.79,0.68,0.7,0.68,0.66,0.7,0.75,0.21,0.21,0.42,0.25,0.63,0.72,ST,ATT,4
Jay Rodriguez,ST,England,0.69,0.53,0.73,0.64,0.67,0.42,0.66,0.52,0.54,0.66,0.64,0.69,0.67,0.73,0.62,0.75,0.3,0.21,0.48,0.44,0.73,0.75,ST,ATT,1
Ibrahim Sadiq,RW,Ghana,0.69,0.87,0.64,0.54,0.73,0.33,0.71,0.91,0.83,0.9,0.89,0.69,0.65,0.71,0.78,0.72,0.28,0.28,0.34,0.36,0.44,0.63,RW,ATT,7
Moïse Sahi,ST,Côte d'Ivoire,0.69,0.74,0.71,0.59,0.71,0.28,0.58,0.75,0.74,0.67,0.71,0.7,0.64,0.68,0.59,0.74,0.27,0.2,0.24,0.23,0.6,0.69,ST,ATT,4
Roque Santa Cruz,ST,Paraguay,0.69,0.31,0.74,0.59,0.62,0.36,0.64,0.3,0.32,0.3,0.28,0.75,0.59,0.8,0.3,0.66,0.25,0.31,0.35,0.35,0.78,0.76,ST,ATT,1
Federico Santander,ST,Paraguay,0.69,0.53,0.7,0.61,0.65,0.31,0.75,0.54,0.53,0.6,0.63,0.67,0.67,0.84,0.55,0.8,0.19,0.23,0.32,0.33,0.72,0.76,ST,ATT,1
Guilherme Schettine,ST,Brazil,0.69,0.63,0.71,0.59,0.67,0.24,0.66,0.62,0.63,0.67,0.65,0.69,0.69,0.69,0.66,0.71,0.16,0.22,0.22,0.19,0.7,0.76,ST,ATT,4
Fabian Schleusener,ST,Germany,0.69,0.76,0.66,0.59,0.68,0.29,0.75,0.75,0.77,0.69,0.67,0.67,0.69,0.75,0.74,0.79,0.22,0.2,0.29,0.26,0.64,0.71,ST,ATT,4
Luca Schnellbacher,ST,Germany,0.69,0.77,0.68,0.52,0.67,0.41,0.72,0.85,0.7,0.76,0.76,0.68,0.66,0.69,0.83,0.82,0.43,0.36,0.35,0.34,0.7,0.69,ST,ATT,2
Bruno Sepúlveda,ST,Argentina,0.69,0.51,0.72,0.54,0.57,0.28,0.76,0.51,0.51,0.55,0.63,0.62,0.69,0.82,0.81,0.78,0.25,0.25,0.21,0.24,0.71,0.8,ST,ATT,1
Janni Serra,ST,Germany,0.69,0.73,0.68,0.53,0.62,0.37,0.78,0.68,0.77,0.55,0.71,0.67,0.65,0.87,0.71,0.86,0.38,0.33,0.35,0.23,0.72,0.75,ST,ATT,4
Mohamed Sherif,ST,Egypt,0.69,0.82,0.67,0.58,0.7,0.4,0.69,0.8,0.83,0.77,0.72,0.69,0.63,0.71,0.75,0.81,0.45,0.35,0.32,0.35,0.67,0.73,ST,ATT,2
Hugo Silveira,ST,Uruguay,0.69,0.57,0.71,0.47,0.57,0.23,0.79,0.53,0.61,0.51,0.47,0.63,0.65,0.91,0.62,0.89,0.22,0.17,0.16,0.11,0.81,0.71,ST,ATT,1
Kamal Sowah,ST,Ghana,0.69,0.84,0.68,0.65,0.74,0.47,0.66,0.84,0.84,0.78,0.78,0.74,0.71,0.62,0.78,0.74,0.49,0.45,0.43,0.46,0.55,0.72,ST,ATT,2
Jay Stansfield,ST,England,0.69,0.79,0.7,0.58,0.68,0.26,0.68,0.77,0.81,0.74,0.71,0.67,0.67,0.62,0.74,0.73,0.22,0.18,0.22,0.25,0.6,0.75,ST,ATT,4
Matías Suárez,ST,Argentina,0.69,0.6,0.7,0.69,0.75,0.46,0.57,0.65,0.55,0.76,0.57,0.75,0.64,0.66,0.32,0.71,0.43,0.42,0.45,0.4,0.7,0.74,ST,ATT,2
Jefferson Tavares,ST,Brazil,0.69,0.65,0.73,0.37,0.65,0.19,0.67,0.63,0.67,0.57,0.7,0.63,0.69,0.77,0.68,0.81,0.14,0.11,0.13,0.13,0.75,0.75,ST,ATT,5
Benjamin Tetteh,ST,Ghana,0.69,0.74,0.66,0.59,0.67,0.3,0.79,0.69,0.78,0.61,0.54,0.69,0.64,0.88,0.69,0.83,0.24,0.25,0.28,0.24,0.69,0.74,ST,ATT,4
Ernesto Torregrossa,ST,Venezuela,0.69,0.75,0.68,0.55,0.67,0.28,0.72,0.72,0.77,0.81,0.66,0.67,0.68,0.81,0.79,0.83,0.23,0.21,0.23,0.25,0.7,0.7,ST,ATT,4
Nicolò Tresoldi,ST,Germany,0.69,0.84,0.65,0.5,0.67,0.22,0.68,0.75,0.91,0.69,0.7,0.68,0.69,0.71,0.8,0.78,0.19,0.12,0.16,0.16,0.66,0.64,ST,ATT,4
Indrit Tuci,ST,Albania,0.69,0.71,0.68,0.59,0.65,0.28,0.72,0.69,0.73,0.66,0.55,0.67,0.66,0.78,0.58,0.84,0.22,0.23,0.21,0.25,0.75,0.67,ST,ATT,4
Nahuel Ulariaga,ST,Argentina,0.69,0.8,0.69,0.52,0.7,0.31,0.72,0.81,0.79,0.77,0.85,0.7,0.62,0.81,0.61,0.85,0.25,0.29,0.29,0.29,0.61,0.75,ST,ATT,4
Henry Vaca,LW,Bolivia,0.69,0.81,0.68,0.65,0.72,0.34,0.53,0.8,0.81,0.77,0.9,0.7,0.59,0.46,0.8,0.51,0.32,0.4,0.38,0.27,0.35,0.7,LW,ATT,7
Diego Valencia,ST,Chile,0.69,0.71,0.66,0.59,0.7,0.26,0.7,0.7,0.71,0.7,0.69,0.71,0.66,0.74,0.71,0.76,0.16,0.15,0.31,0.18,0.66,0.7,ST,ATT,4
Ruben van Bommel,LW,Holland,0.69,0.85,0.67,0.59,0.71,0.25,0.62,0.85,0.85,0.77,0.71,0.71,0.5,0.7,0.62,0.58,0.26,0.3,0.2,0.23,0.36,0.64,LW,ATT,7
Myron van Brederode,LW,Holland,0.69,0.74,0.58,0.6,0.78,0.32,0.54,0.84,0.65,0.77,0.75,0.77,0.65,0.47,0.68,0.56,0.4,0.26,0.24,0.3,0.42,0.6,LW,ATT,7
Mick van Buren,ST,Holland,0.69,0.72,0.69,0.63,0.69,0.35,0.71,0.7,0.73,0.69,0.72,0.68,0.67,0.7,0.75,0.74,0.28,0.29,0.35,0.34,0.68,0.71,ST,ATT,4
Tomás Verón,RW,Argentina,0.69,0.78,0.69,0.55,0.73,0.36,0.52,0.78,0.78,0.77,0.67,0.72,0.55,0.55,0.6,0.68,0.42,0.4,0.33,0.22,0.55,0.64,RW,ATT,7
Oscar Vilhelmsson,ST,Sweden,0.69,0.7,0.66,0.46,0.69,0.3,0.69,0.69,0.7,0.68,0.54,0.72,0.67,0.7,0.71,0.73,0.39,0.22,0.17,0.2,0.66,0.68,ST,ATT,4
Giacomo Vrioni,ST,Albania,0.69,0.74,0.69,0.55,0.67,0.24,0.71,0.67,0.79,0.63,0.61,0.7,0.66,0.77,0.64,0.78,0.15,0.2,0.22,0.2,0.68,0.71,ST,ATT,4
Nick Woltemade,ST,Germany,0.69,0.68,0.66,0.62,0.7,0.39,0.69,0.58,0.76,0.43,0.38,0.75,0.72,0.72,0.71,0.72,0.42,0.3,0.32,0.35,0.69,0.68,ST,ATT,1
Yang Hyun Jun,RW,Korea Republic,0.69,0.73,0.64,0.66,0.74,0.35,0.66,0.71,0.75,0.87,0.79,0.72,0.7,0.61,0.74,0.63,0.35,0.4,0.35,0.24,0.49,0.7,RW,ATT,7
Jerry Yates,ST,England,0.69,0.76,0.7,0.57,0.7,0.29,0.67,0.75,0.76,0.74,0.8,0.69,0.68,0.65,0.79,0.75,0.27,0.22,0.25,0.24,0.68,0.7,ST,ATT,4
John Yeboah,RW,Ecuador,0.69,0.92,0.62,0.57,0.71,0.26,0.61,0.91,0.92,0.92,0.88,0.67,0.7,0.56,0.84,0.74,0.23,0.2,0.24,0.19,0.59,0.62,RW,ATT,7
Budu Zivzivadze,ST,Georgia,0.69,0.66,0.69,0.52,0.64,0.35,0.73,0.62,0.69,0.62,0.56,0.67,0.66,0.78,0.7,0.77,0.34,0.26,0.32,0.26,0.69,0.73,ST,ATT,1
Simon Zoller,ST,Germany,0.69,0.66,0.7,0.64,0.7,0.39,0.64,0.69,0.63,0.74,0.72,0.7,0.72,0.65,0.66,0.71,0.39,0.25,0.45,0.24,0.64,0.69,ST,ATT,4
Tonni Adamsen,ST,Denmark,0.68,0.77,0.68,0.54,0.67,0.29,0.64,0.78,0.77,0.64,0.67,0.68,0.69,0.63,0.62,0.74,0.26,0.21,0.26,0.27,0.6,0.72,ST,ATT,4
Brian Aguirre,LW,Argentina,0.68,0.73,0.61,0.62,0.71,0.32,0.59,0.75,0.71,0.72,0.64,0.69,0.68,0.63,0.67,0.59,0.37,0.42,0.31,0.19,0.39,0.66,LW,ATT,7
Nariman Akhundzada,RW,Azerbaijan,0.68,0.75,0.65,0.59,0.7,0.26,0.58,0.77,0.74,0.7,0.63,0.7,0.67,0.6,0.61,0.74,0.18,0.16,0.24,0.28,0.63,0.7,RW,ATT,5
Saleh Al Shehri,ST,Saudi Arabia,0.68,0.66,0.65,0.51,0.63,0.28,0.71,0.67,0.65,0.67,0.41,0.63,0.71,0.81,0.58,0.84,0.19,0.33,0.26,0.2,0.71,0.66,ST,ATT,1
Migouel Alfarela,ST,France,0.68,0.74,0.67,0.62,0.73,0.26,0.58,0.76,0.73,0.79,0.79,0.7,0.67,0.57,0.71,0.72,0.23,0.21,0.21,0.19,0.65,0.66,ST,ATT,7
Alex Álvarez,ST,Paraguay,0.68,0.67,0.72,0.6,0.7,0.25,0.67,0.67,0.67,0.66,0.71,0.71,0.5,0.68,0.65,0.65,0.1,0.19,0.3,0.3,0.52,0.72,ST,ATT,5
Kaio César,RW,Brazil,0.68,0.85,0.53,0.62,0.75,0.26,0.4,0.86,0.84,0.91,0.83,0.73,0.68,0.32,0.58,0.46,0.28,0.26,0.25,0.23,0.3,0.53,RW,ATT,7
Jann-Fiete Arp,ST,Germany,0.68,0.75,0.66,0.56,0.7,0.31,0.65,0.75,0.75,0.76,0.71,0.68,0.66,0.75,0.62,0.78,0.32,0.24,0.26,0.24,0.63,0.69,ST,ATT,4
Iván Azón,ST,Spain,0.68,0.71,0.67,0.53,0.62,0.38,0.85,0.7,0.72,0.58,0.81,0.64,0.59,0.9,0.83,0.89,0.37,0.28,0.34,0.32,0.75,0.67,ST,ATT,4
Pape Meissa Ba,ST,Senegal,0.68,0.74,0.65,0.45,0.65,0.26,0.72,0.64,0.83,0.55,0.55,0.68,0.6,0.76,0.66,0.81,0.26,0.21,0.21,0.11,0.72,0.68,ST,ATT,5
Mushaga Bakenga,ST,Norway,0.68,0.79,0.67,0.55,0.65,0.35,0.65,0.78,0.8,0.78,0.7,0.63,0.66,0.72,0.67,0.8,0.19,0.16,0.38,0.49,0.66,0.67,ST,ATT,4
Aliou Baldé,RW,Guinea,0.68,0.89,0.61,0.58,0.72,0.32,0.5,0.89,0.89,0.87,0.91,0.68,0.57,0.56,0.41,0.6,0.27,0.25,0.4,0.32,0.32,0.67,RW,ATT,7
Kosta Barbarouses,ST,New Zealand,0.68,0.78,0.68,0.58,0.7,0.38,0.74,0.79,0.78,0.81,0.73,0.63,0.7,0.67,0.88,0.7,0.42,0.32,0.28,0.45,0.51,0.69,ST,ATT,2
Emerson Batalla,RW,Colombia,0.68,0.83,0.62,0.59,0.7,0.28,0.55,0.8,0.85,0.68,0.72,0.69,0.63,0.63,0.51,0.61,0.29,0.28,0.25,0.26,0.36,0.58,RW,ATT,7
Malik Batmaz,ST,Turkey,0.68,0.76,0.68,0.53,0.71,0.29,0.64,0.79,0.74,0.78,0.76,0.7,0.68,0.64,0.75,0.73,0.25,0.22,0.3,0.24,0.59,0.69,ST,ATT,4
Yanis Begraoui,ST,Morocco,0.68,0.75,0.65,0.58,0.71,0.21,0.61,0.75,0.75,0.71,0.8,0.71,0.68,0.65,0.72,0.74,0.18,0.2,0.13,0.17,0.63,0.62,ST,ATT,5
Mika Biereth,ST,Denmark,0.68,0.79,0.68,0.54,0.64,0.3,0.72,0.77,0.8,0.62,0.66,0.68,0.6,0.75,0.67,0.81,0.23,0.28,0.29,0.24,0.66,0.7,ST,ATT,4
Daniel Bîrligea,ST,Romania,0.68,0.83,0.65,0.55,0.66,0.26,0.76,0.84,0.83,0.69,0.62,0.67,0.65,0.76,0.77,0.85,0.23,0.2,0.19,0.23,0.65,0.68,ST,ATT,4
Facundo Boné,ST,Uruguay,0.68,0.78,0.7,0.66,0.7,0.46,0.59,0.76,0.79,0.74,0.86,0.68,0.63,0.58,0.66,0.68,0.44,0.49,0.37,0.58,0.55,0.68,ST,ATT,2
William Bøving,ST,Denmark,0.68,0.82,0.67,0.61,0.71,0.31,0.63,0.81,0.83,0.9,0.85,0.7,0.66,0.61,0.72,0.75,0.28,0.28,0.28,0.28,0.6,0.7,ST,ATT,7
Terrence Boyd,ST,United States,0.68,0.63,0.69,0.46,0.62,0.27,0.78,0.51,0.72,0.54,0.57,0.64,0.71,0.87,0.6,0.76,0.23,0.22,0.23,0.22,0.68,0.78,ST,ATT,1
Jonatan Braut-Brunes,ST,Norway,0.68,0.74,0.66,0.54,0.65,0.35,0.74,0.72,0.75,0.65,0.61,0.68,0.65,0.81,0.62,0.82,0.32,0.27,0.35,0.3,0.65,0.72,ST,ATT,4
Mustapha Bundu,RW,Sierra Leone,0.68,0.86,0.63,0.64,0.69,0.44,0.71,0.85,0.87,0.78,0.7,0.69,0.61,0.74,0.72,0.77,0.41,0.36,0.49,0.39,0.52,0.65,RW,ATT,2
Delano Burgzorg,ST,Holland,0.68,0.82,0.64,0.54,0.73,0.3,0.71,0.79,0.84,0.77,0.68,0.72,0.66,0.74,0.73,0.79,0.27,0.23,0.27,0.28,0.6,0.71,ST,ATT,4
Jack Byrne,RW,Republic of Ireland,0.68,0.7,0.65,0.69,0.7,0.49,0.64,0.71,0.7,0.79,0.77,0.68,0.65,0.63,0.7,0.63,0.5,0.49,0.49,0.48,0.47,0.68,RW,ATT,2
Campuzano,ST,Spain,0.68,0.78,0.67,0.6,0.68,0.19,0.68,0.77,0.79,0.78,0.76,0.67,0.66,0.7,0.73,0.76,0.15,0.13,0.12,0.16,0.6,0.66,ST,ATT,4
Cantero,ST,Spain,0.68,0.78,0.67,0.61,0.68,0.3,0.65,0.77,0.79,0.73,0.72,0.65,0.67,0.66,0.73,0.73,0.29,0.29,0.24,0.28,0.58,0.7,ST,ATT,4
Andy Carroll,ST,England,0.68,0.37,0.71,0.6,0.58,0.44,0.8,0.36,0.37,0.34,0.32,0.7,0.64,0.93,0.47,0.84,0.41,0.4,0.38,0.41,0.82,0.79,ST,ATT,1
Nicolás Castillo,ST,Chile,0.68,0.61,0.71,0.6,0.65,0.38,0.6,0.62,0.6,0.59,0.63,0.68,0.65,0.65,0.35,0.74,0.3,0.19,0.4,0.37,0.72,0.75,ST,ATT,1
Jason Ceka,RW,Germany,0.68,0.71,0.64,0.63,0.75,0.28,0.49,0.81,0.62,0.91,0.9,0.74,0.58,0.34,0.66,0.52,0.28,0.25,0.24,0.25,0.49,0.62,RW,ATT,7
Dion Charles,ST,Northern Ireland,0.68,0.8,0.67,0.59,0.68,0.42,0.79,0.74,0.85,0.71,0.73,0.66,0.68,0.74,0.89,0.75,0.4,0.34,0.38,0.47,0.59,0.68,ST,ATT,2
Gabriel Charpentier,ST,Congo,0.68,0.53,0.69,0.48,0.66,0.28,0.69,0.56,0.5,0.66,0.53,0.68,0.59,0.78,0.68,0.79,0.23,0.2,0.26,0.18,0.73,0.76,ST,ATT,1
Jhon Cifuente,ST,Ecuador,0.68,0.62,0.73,0.44,0.66,0.23,0.58,0.61,0.62,0.63,0.66,0.68,0.5,0.8,0.32,0.81,0.15,0.2,0.19,0.17,0.72,0.78,ST,ATT,5
Diego Coelho,ST,Uruguay,0.68,0.66,0.67,0.53,0.64,0.31,0.74,0.63,0.68,0.68,0.66,0.64,0.62,0.79,0.75,0.82,0.24,0.28,0.25,0.28,0.75,0.68,ST,ATT,4
Devante Cole,ST,England,0.68,0.87,0.67,0.53,0.66,0.26,0.62,0.84,0.9,0.78,0.63,0.65,0.68,0.66,0.75,0.76,0.25,0.17,0.22,0.24,0.57,0.68,ST,ATT,4
Ebrima Colley,RW,Gambia,0.68,0.83,0.62,0.59,0.71,0.27,0.54,0.84,0.82,0.77,0.67,0.71,0.61,0.58,0.57,0.75,0.24,0.22,0.22,0.25,0.63,0.65,RW,ATT,7
Aaron Collins,ST,Wales,0.68,0.8,0.67,0.64,0.69,0.35,0.73,0.83,0.78,0.75,0.78,0.68,0.68,0.69,0.89,0.78,0.32,0.25,0.38,0.27,0.6,0.67,ST,ATT,4
Gaëtan Courtet,ST,France,0.68,0.59,0.69,0.61,0.65,0.27,0.67,0.54,0.63,0.7,0.7,0.68,0.76,0.71,0.69,0.7,0.21,0.19,0.19,0.31,0.69,0.71,ST,ATT,1
Nemanja Čović,ST,Serbia,0.68,0.64,0.7,0.54,0.63,0.33,0.68,0.61,0.67,0.58,0.54,0.64,0.64,0.76,0.67,0.75,0.32,0.27,0.28,0.26,0.68,0.68,ST,ATT,1
Nick D'Agostino,ST,Australia,0.68,0.83,0.66,0.59,0.69,0.41,0.81,0.83,0.83,0.83,0.79,0.68,0.66,0.81,0.86,0.86,0.4,0.55,0.39,0.29,0.63,0.68,ST,ATT,2
Xande Silva,LW,Portugal,0.68,0.82,0.64,0.61,0.7,0.27,0.62,0.78,0.85,0.77,0.71,0.68,0.62,0.65,0.58,0.7,0.23,0.22,0.25,0.24,0.54,0.67,LW,ATT,7
Alexander Díaz,ST,Argentina,0.68,0.75,0.64,0.52,0.7,0.35,0.7,0.78,0.73,0.75,0.82,0.72,0.64,0.75,0.69,0.82,0.3,0.33,0.3,0.31,0.7,0.7,ST,ATT,4
Nouha Dicko,ST,Mali,0.68,0.76,0.67,0.59,0.7,0.33,0.74,0.74,0.77,0.78,0.81,0.67,0.69,0.8,0.66,0.78,0.38,0.33,0.3,0.19,0.56,0.7,ST,ATT,4
Jerónimo Domina,ST,Argentina,0.68,0.85,0.71,0.58,0.71,0.39,0.51,0.87,0.83,0.88,0.82,0.7,0.61,0.48,0.57,0.67,0.35,0.39,0.35,0.43,0.58,0.72,ST,ATT,7
Anastasios Donis,ST,Greece,0.68,0.79,0.69,0.57,0.69,0.25,0.62,0.8,0.79,0.73,0.76,0.71,0.64,0.61,0.65,0.75,0.18,0.24,0.22,0.2,0.62,0.69,ST,ATT,4
Mounaïm El Idrissy,ST,France,0.68,0.72,0.7,0.62,0.67,0.37,0.67,0.69,0.74,0.68,0.64,0.67,0.62,0.61,0.69,0.7,0.41,0.37,0.3,0.26,0.66,0.72,ST,ATT,4
Simon Elisor,ST,France,0.68,0.74,0.67,0.58,0.68,0.36,0.68,0.74,0.74,0.66,0.61,0.71,0.61,0.69,0.72,0.76,0.31,0.32,0.35,0.31,0.69,0.68,ST,ATT,4
Gustav Engvall,ST,Sweden,0.68,0.69,0.66,0.58,0.68,0.31,0.73,0.7,0.69,0.62,0.59,0.69,0.63,0.75,0.73,0.75,0.36,0.21,0.25,0.22,0.61,0.72,ST,ATT,4
Andrea Favilli,ST,Italy,0.68,0.54,0.69,0.51,0.66,0.25,0.66,0.55,0.53,0.58,0.61,0.69,0.65,0.8,0.52,0.79,0.24,0.1,0.21,0.15,0.73,0.73,ST,ATT,1
Julián Fernández,RW,Argentina,0.68,0.77,0.63,0.62,0.73,0.38,0.52,0.75,0.78,0.79,0.85,0.71,0.62,0.53,0.55,0.53,0.41,0.45,0.35,0.32,0.38,0.72,RW,ATT,7
Fernando Fernández,ST,Paraguay,0.68,0.62,0.69,0.55,0.65,0.29,0.64,0.6,0.63,0.65,0.7,0.67,0.67,0.8,0.52,0.77,0.19,0.13,0.37,0.19,0.7,0.68,ST,ATT,1
Mattia Finotto,ST,Italy,0.68,0.81,0.65,0.59,0.66,0.35,0.67,0.8,0.82,0.78,0.71,0.67,0.7,0.66,0.76,0.77,0.3,0.27,0.36,0.29,0.66,0.67,ST,ATT,4
Rúben Macedo,LW,Portugal,0.68,0.78,0.62,0.62,0.71,0.33,0.59,0.78,0.78,0.8,0.84,0.68,0.7,0.57,0.67,0.56,0.37,0.28,0.32,0.33,0.31,0.68,LW,ATT,7
Ismaël Gharbi,LW,Spain,0.68,0.73,0.57,0.63,0.74,0.4,0.46,0.75,0.72,0.81,0.87,0.73,0.66,0.34,0.68,0.42,0.45,0.38,0.37,0.4,0.35,0.6,LW,ATT,7
Brayan Gil,ST,El Salvador,0.68,0.66,0.7,0.45,0.64,0.21,0.71,0.67,0.65,0.63,0.62,0.64,0.61,0.83,0.66,0.85,0.18,0.22,0.11,0.16,0.72,0.67,ST,ATT,5
Benjamin Goller,RW,Germany,0.68,0.81,0.64,0.6,0.71,0.52,0.54,0.84,0.79,0.8,0.79,0.7,0.64,0.43,0.85,0.56,0.55,0.4,0.58,0.46,0.47,0.75,RW,ATT,2
Bruninho,LW,Brazil,0.68,0.69,0.63,0.63,0.74,0.37,0.46,0.7,0.69,0.75,0.78,0.72,0.7,0.44,0.49,0.49,0.37,0.45,0.4,0.23,0.48,0.66,LW,ATT,7
Cedric Diomandè Gondo,ST,Côte d'Ivoire,0.68,0.71,0.69,0.46,0.62,0.22,0.66,0.76,0.66,0.56,0.53,0.68,0.58,0.7,0.64,0.78,0.11,0.11,0.22,0.19,0.69,0.7,ST,ATT,5
Francisco González,LW,Argentina,0.68,0.8,0.63,0.65,0.71,0.25,0.45,0.79,0.81,0.74,0.78,0.7,0.51,0.4,0.65,0.44,0.25,0.23,0.25,0.23,0.27,0.67,LW,ATT,7
Walter González,ST,Paraguay,0.68,0.59,0.68,0.51,0.66,0.3,0.67,0.55,0.63,0.62,0.5,0.66,0.66,0.71,0.68,0.76,0.22,0.15,0.38,0.17,0.74,0.73,ST,ATT,1
Adrian Grbić,ST,Austria,0.68,0.65,0.7,0.53,0.65,0.31,0.7,0.64,0.66,0.66,0.62,0.66,0.66,0.78,0.66,0.77,0.25,0.17,0.35,0.2,0.68,0.7,ST,ATT,1
Guarrotxena,LW,Spain,0.68,0.67,0.69,0.65,0.69,0.49,0.7,0.65,0.69,0.76,0.65,0.68,0.62,0.69,0.73,0.7,0.54,0.42,0.4,0.53,0.62,0.68,LW,ATT,2
Andri Lucas Guðjohnsen,ST,Iceland,0.68,0.77,0.65,0.5,0.66,0.27,0.65,0.74,0.79,0.7,0.6,0.69,0.61,0.76,0.66,0.81,0.25,0.22,0.22,0.19,0.69,0.66,ST,ATT,5
Baptiste Guillaume,ST,Belgium,0.68,0.49,0.68,0.57,0.7,0.31,0.72,0.61,0.4,0.77,0.58,0.71,0.65,0.82,0.71,0.78,0.18,0.22,0.41,0.19,0.69,0.68,ST,ATT,1
Rhys Healey,ST,England,0.68,0.73,0.7,0.6,0.69,0.32,0.6,0.78,0.68,0.79,0.74,0.68,0.65,0.63,0.72,0.76,0.27,0.24,0.31,0.26,0.66,0.71,ST,ATT,4
Heo Yong Joon,ST,Korea Republic,0.68,0.69,0.66,0.6,0.64,0.34,0.71,0.68,0.7,0.71,0.81,0.61,0.64,0.84,0.64,0.85,0.26,0.24,0.39,0.26,0.72,0.66,ST,ATT,4
Fraser Hornby,ST,Scotland,0.68,0.58,0.69,0.55,0.6,0.25,0.77,0.54,0.61,0.34,0.34,0.68,0.61,0.89,0.61,0.87,0.21,0.19,0.19,0.16,0.79,0.75,ST,ATT,1
Jizz Hornkamp,ST,Holland,0.68,0.61,0.72,0.55,0.64,0.58,0.68,0.68,0.55,0.67,0.64,0.66,0.66,0.73,0.62,0.67,0.55,0.54,0.58,0.59,0.67,0.76,ST,ATT,2
Tom Ince,RW,England,0.68,0.75,0.65,0.66,0.69,0.52,0.65,0.78,0.72,0.78,0.82,0.68,0.65,0.63,0.67,0.69,0.52,0.47,0.52,0.54,0.51,0.69,RW,ATT,2
Andrei Ivan,ST,Romania,0.68,0.83,0.69,0.63,0.67,0.33,0.72,0.84,0.83,0.72,0.62,0.69,0.6,0.73,0.83,0.79,0.32,0.29,0.25,0.38,0.57,0.71,ST,ATT,4
Mateo Joseph,ST,Spain,0.68,0.82,0.67,0.5,0.67,0.28,0.63,0.79,0.84,0.75,0.75,0.67,0.65,0.68,0.64,0.79,0.25,0.23,0.27,0.15,0.69,0.71,ST,ATT,4
Lenny Joseph,RW,France,0.68,0.8,0.69,0.59,0.69,0.26,0.62,0.81,0.8,0.7,0.73,0.7,0.59,0.63,0.73,0.78,0.19,0.21,0.27,0.17,0.67,0.71,RW,ATT,4
Anderson Julio,ST,Ecuador,0.68,0.82,0.66,0.61,0.69,0.33,0.62,0.82,0.82,0.7,0.78,0.67,0.64,0.65,0.73,0.77,0.27,0.31,0.23,0.45,0.6,0.71,ST,ATT,4
Nikos Karelis,ST,Greece,0.68,0.73,0.69,0.62,0.69,0.35,0.69,0.74,0.72,0.73,0.71,0.69,0.63,0.74,0.55,0.77,0.31,0.34,0.37,0.27,0.6,0.73,ST,ATT,4
Ransford-Yeboah Königsdörffer,RW,Ghana,0.68,0.81,0.63,0.6,0.71,0.41,0.6,0.85,0.77,0.8,0.8,0.69,0.56,0.6,0.71,0.76,0.42,0.35,0.37,0.38,0.6,0.62,RW,ATT,2
Bozhidar Kraev,RW,Bulgaria,0.68,0.71,0.66,0.65,0.7,0.47,0.73,0.74,0.69,0.78,0.72,0.7,0.68,0.76,0.68,0.72,0.46,0.41,0.44,0.48,0.64,0.71,RW,ATT,2
Eli Junior Kroupi,ST,France,0.68,0.71,0.67,0.66,0.74,0.45,0.54,0.69,0.72,0.7,0.71,0.78,0.63,0.54,0.57,0.69,0.52,0.44,0.41,0.36,0.57,0.72,ST,ATT,2
Sandro Kulenović,ST,Croatia,0.68,0.78,0.64,0.5,0.62,0.41,0.83,0.79,0.78,0.67,0.61,0.66,0.64,0.83,0.79,0.91,0.47,0.5,0.34,0.21,0.74,0.74,ST,ATT,4
Bryan Lasme,ST,France,0.68,0.87,0.66,0.53,0.63,0.24,0.76,0.81,0.91,0.66,0.35,0.6,0.65,0.89,0.73,0.86,0.12,0.17,0.34,0.14,0.59,0.8,ST,ATT,4
Lion Lauberbach,ST,Germany,0.68,0.77,0.63,0.59,0.66,0.4,0.77,0.68,0.84,0.63,0.56,0.68,0.69,0.83,0.73,0.79,0.43,0.25,0.41,0.27,0.64,0.71,ST,ATT,4
Lee Hee Kyun,ST,Korea Republic,0.68,0.74,0.64,0.62,0.76,0.52,0.62,0.73,0.75,0.88,0.86,0.74,0.76,0.5,0.87,0.6,0.55,0.48,0.45,0.58,0.54,0.72,ST,ATT,2
Robert Leipertz,ST,Germany,0.68,0.71,0.68,0.65,0.69,0.35,0.7,0.8,0.63,0.72,0.72,0.7,0.68,0.73,0.68,0.79,0.27,0.2,0.45,0.27,0.6,0.72,ST,ATT,4
Tom Louchet,LW,France,0.68,0.69,0.63,0.66,0.71,0.62,0.61,0.73,0.66,0.67,0.73,0.73,0.67,0.55,0.7,0.66,0.65,0.6,0.64,0.59,0.58,0.65,LW,ATT,2
Jamie Maclaren,ST,Australia,0.68,0.77,0.67,0.61,0.67,0.38,0.71,0.8,0.74,0.77,0.81,0.65,0.7,0.69,0.87,0.78,0.37,0.31,0.3,0.4,0.64,0.67,ST,ATT,4
Pablo Magnín,ST,Argentina,0.68,0.64,0.7,0.55,0.68,0.24,0.62,0.66,0.62,0.59,0.71,0.67,0.67,0.67,0.52,0.71,0.14,0.23,0.23,0.18,0.66,0.76,ST,ATT,5
Jannik Mause,ST,Germany,0.68,0.81,0.68,0.52,0.61,0.46,0.72,0.81,0.81,0.61,0.51,0.65,0.64,0.74,0.72,0.83,0.44,0.39,0.45,0.4,0.69,0.65,ST,ATT,2
Fally Mayulu,ST,France,0.68,0.76,0.69,0.51,0.67,0.24,0.71,0.75,0.77,0.75,0.45,0.7,0.61,0.74,0.69,0.79,0.18,0.24,0.16,0.23,0.66,0.72,ST,ATT,4
Billal Messaoudi,ST,Algeria,0.68,0.8,0.68,0.58,0.72,0.28,0.61,0.84,0.76,0.74,0.67,0.73,0.68,0.69,0.63,0.67,0.34,0.21,0.21,0.27,0.42,0.74,ST,ATT,7
August Mikkelsen,LW,Norway,0.68,0.8,0.59,0.62,0.74,0.34,0.63,0.85,0.75,0.92,0.92,0.71,0.62,0.56,0.83,0.68,0.32,0.32,0.32,0.32,0.5,0.58,LW,ATT,7
Marko Milovanović,ST,Serbia,0.68,0.59,0.69,0.5,0.64,0.27,0.67,0.56,0.62,0.57,0.42,0.66,0.67,0.78,0.58,0.74,0.22,0.26,0.2,0.23,0.68,0.76,ST,ATT,1
Gonzalo Morales,ST,Argentina,0.68,0.73,0.66,0.49,0.65,0.25,0.68,0.73,0.73,0.69,0.77,0.65,0.69,0.8,0.66,0.82,0.24,0.22,0.18,0.19,0.68,0.72,ST,ATT,4
Arbnor Mucolli,LW,Albania,0.68,0.73,0.64,0.64,0.72,0.52,0.59,0.75,0.72,0.9,0.84,0.69,0.62,0.52,0.71,0.54,0.54,0.48,0.53,0.53,0.43,0.63,LW,ATT,2
Paul Mullin,ST,England,0.68,0.76,0.69,0.56,0.66,0.39,0.72,0.74,0.77,0.71,0.76,0.65,0.67,0.71,0.83,0.78,0.35,0.27,0.42,0.34,0.67,0.7,ST,ATT,4
Duckens Nazon,ST,Haiti,0.68,0.76,0.68,0.51,0.67,0.24,0.63,0.74,0.78,0.69,0.71,0.68,0.63,0.79,0.46,0.8,0.2,0.16,0.21,0.2,0.63,0.73,ST,ATT,5
Dorgeles Nene,ST,Mali,0.68,0.85,0.71,0.61,0.73,0.37,0.55,0.86,0.85,0.88,0.84,0.7,0.63,0.5,0.67,0.63,0.42,0.39,0.35,0.27,0.49,0.71,ST,ATT,7
Ibrahima Niane,ST,Senegal,0.68,0.78,0.66,0.55,0.67,0.19,0.61,0.81,0.76,0.78,0.56,0.65,0.65,0.67,0.65,0.8,0.14,0.16,0.13,0.13,0.69,0.72,ST,ATT,5
Benjamin Nygren,ST,Sweden,0.68,0.69,0.67,0.65,0.69,0.22,0.63,0.71,0.68,0.63,0.59,0.7,0.67,0.66,0.64,0.72,0.16,0.18,0.18,0.21,0.61,0.69,ST,ATT,5
Samuel Obeng,ST,Ghana,0.68,0.84,0.69,0.5,0.61,0.24,0.81,0.83,0.85,0.71,0.49,0.6,0.56,0.84,0.82,0.89,0.2,0.13,0.16,0.26,0.69,0.74,ST,ATT,4
Andrigo,RW,Brazil,0.68,0.75,0.63,0.67,0.71,0.49,0.62,0.76,0.74,0.73,0.81,0.7,0.6,0.58,0.77,0.63,0.4,0.44,0.57,0.53,0.47,0.67,RW,ATT,2
Cleiton Silva,ST,Brazil,0.68,0.75,0.68,0.62,0.68,0.22,0.74,0.78,0.72,0.68,0.81,0.67,0.63,0.79,0.78,0.83,0.18,0.16,0.19,0.15,0.63,0.72,ST,ATT,4
Thijs Oosting,ST,Holland,0.68,0.68,0.69,0.66,0.67,0.58,0.65,0.69,0.67,0.67,0.72,0.7,0.68,0.61,0.78,0.69,0.59,0.58,0.56,0.58,0.62,0.72,ST,ATT,2
Kwadwo Opoku,ST,Ghana,0.68,0.85,0.68,0.55,0.74,0.36,0.65,0.86,0.84,0.88,0.79,0.69,0.69,0.74,0.71,0.74,0.43,0.31,0.4,0.17,0.46,0.75,ST,ATT,7
Leandro Otormín,LW,Uruguay,0.68,0.73,0.68,0.7,0.66,0.27,0.59,0.79,0.68,0.68,0.78,0.69,0.48,0.61,0.63,0.6,0.22,0.23,0.3,0.29,0.35,0.63,LW,ATT,7
Levin Öztunalı,RW,Germany,0.68,0.78,0.64,0.67,0.7,0.48,0.67,0.75,0.8,0.72,0.69,0.69,0.66,0.71,0.64,0.72,0.48,0.49,0.43,0.54,0.54,0.68,RW,ATT,2
Giuseppe Panico,ST,Italy,0.68,0.79,0.67,0.62,0.69,0.38,0.55,0.8,0.79,0.77,0.66,0.69,0.68,0.57,0.61,0.72,0.45,0.4,0.21,0.42,0.6,0.7,ST,ATT,2
Daniel Paraschiv,ST,Romania,0.68,0.75,0.67,0.55,0.67,0.32,0.76,0.78,0.72,0.8,0.76,0.68,0.66,0.78,0.85,0.84,0.33,0.27,0.25,0.23,0.68,0.7,ST,ATT,4
Troy Parrott,ST,Republic of Ireland,0.68,0.78,0.65,0.61,0.71,0.44,0.65,0.77,0.78,0.76,0.71,0.69,0.7,0.62,0.69,0.74,0.43,0.39,0.45,0.35,0.63,0.65,ST,ATT,2
Tomáš Pekhart,ST,Czech Republic,0.68,0.59,0.68,0.53,0.55,0.33,0.78,0.47,0.68,0.33,0.33,0.65,0.65,0.9,0.7,0.81,0.27,0.24,0.31,0.28,0.74,0.72,ST,ATT,1
Pietro Pellegri,ST,Italy,0.68,0.56,0.68,0.54,0.67,0.21,0.61,0.55,0.57,0.57,0.4,0.72,0.64,0.72,0.5,0.71,0.12,0.15,0.19,0.18,0.68,0.72,ST,ATT,1
Henrique Araújo,ST,Portugal,0.68,0.7,0.66,0.56,0.65,0.26,0.7,0.72,0.68,0.5,0.67,0.68,0.71,0.75,0.67,0.79,0.27,0.21,0.21,0.14,0.68,0.7,ST,ATT,4
Dimitri Petratos,ST,Australia,0.68,0.64,0.7,0.68,0.68,0.49,0.71,0.66,0.62,0.69,0.6,0.7,0.71,0.72,0.86,0.59,0.55,0.45,0.44,0.47,0.52,0.7,ST,ATT,2
Santiago Pierotti,RW,Argentina,0.68,0.67,0.67,0.65,0.71,0.61,0.67,0.68,0.67,0.69,0.67,0.72,0.7,0.72,0.54,0.71,0.68,0.63,0.54,0.62,0.59,0.72,RW,ATT,2
Dennis Politic,LW,Romania,0.68,0.78,0.65,0.62,0.72,0.31,0.71,0.81,0.76,0.84,0.71,0.7,0.65,0.72,0.76,0.68,0.28,0.37,0.31,0.25,0.42,0.69,LW,ATT,7
Alexandru Pop,ST,Romania,0.68,0.81,0.68,0.57,0.68,0.22,0.68,0.82,0.81,0.81,0.78,0.65,0.63,0.72,0.82,0.81,0.2,0.23,0.16,0.15,0.63,0.68,ST,ATT,4
Janio Pósito,ST,Peru,0.68,0.62,0.7,0.5,0.64,0.22,0.52,0.61,0.62,0.58,0.65,0.65,0.65,0.64,0.44,0.69,0.2,0.15,0.16,0.12,0.68,0.66,ST,ATT,5
Tomás Pozzo,RW,Argentina,0.68,0.77,0.61,0.66,0.72,0.45,0.53,0.82,0.72,0.83,0.8,0.7,0.61,0.51,0.56,0.58,0.5,0.44,0.46,0.39,0.44,0.65,RW,ATT,2
Kai Pröger,ST,Germany,0.68,0.82,0.7,0.56,0.74,0.38,0.73,0.85,0.8,0.78,0.76,0.74,0.66,0.68,0.82,0.7,0.38,0.3,0.37,0.41,0.46,0.8,ST,ATT,7
Martín Prost,ST,Argentina,0.68,0.65,0.68,0.56,0.66,0.31,0.65,0.64,0.65,0.64,0.74,0.67,0.65,0.74,0.65,0.79,0.32,0.3,0.22,0.23,0.71,0.66,ST,ATT,4
Eric Ramírez,ST,Argentina,0.68,0.82,0.67,0.6,0.66,0.31,0.57,0.8,0.83,0.81,0.78,0.69,0.67,0.55,0.59,0.73,0.26,0.47,0.2,0.3,0.68,0.68,ST,ATT,7
Christian Ramirez,ST,United States,0.68,0.6,0.68,0.55,0.65,0.3,0.73,0.59,0.6,0.6,0.62,0.69,0.65,0.8,0.64,0.76,0.27,0.23,0.23,0.29,0.67,0.72,ST,ATT,1
Jordan Rhodes,ST,Scotland,0.68,0.61,0.7,0.53,0.61,0.39,0.59,0.52,0.69,0.65,0.65,0.67,0.67,0.74,0.45,0.75,0.35,0.26,0.35,0.42,0.74,0.73,ST,ATT,1
Brayan Riascos,ST,Colombia,0.68,0.8,0.67,0.62,0.66,0.36,0.76,0.78,0.81,0.75,0.69,0.65,0.64,0.78,0.76,0.81,0.34,0.28,0.31,0.37,0.6,0.74,ST,ATT,4
José Rivera,ST,Peru,0.68,0.69,0.72,0.62,0.68,0.48,0.64,0.7,0.69,0.65,0.69,0.67,0.55,0.67,0.65,0.72,0.46,0.45,0.45,0.45,0.67,0.77,ST,ATT,2
Thomas Robinet,ST,France,0.68,0.71,0.67,0.62,0.67,0.34,0.71,0.68,0.74,0.73,0.69,0.68,0.68,0.74,0.82,0.74,0.22,0.24,0.43,0.29,0.62,0.66,ST,ATT,4
Ronaldo Tavares,ST,Portugal,0.68,0.77,0.66,0.46,0.57,0.26,0.78,0.75,0.78,0.56,0.41,0.64,0.66,0.85,0.65,0.85,0.22,0.15,0.21,0.23,0.68,0.73,ST,ATT,4
Kevin Rodríguez,ST,Ecuador,0.68,0.8,0.66,0.57,0.69,0.25,0.67,0.77,0.82,0.74,0.64,0.67,0.67,0.74,0.7,0.8,0.15,0.17,0.2,0.34,0.63,0.7,ST,ATT,4
Salomón Rodríguez,ST,Uruguay,0.68,0.6,0.68,0.56,0.63,0.31,0.68,0.59,0.6,0.58,0.53,0.68,0.67,0.8,0.59,0.76,0.22,0.24,0.28,0.31,0.7,0.74,ST,ATT,1
Maximiliano Rodríguez Vejar,ST,Chile,0.68,0.67,0.66,0.53,0.65,0.24,0.64,0.68,0.66,0.64,0.65,0.65,0.64,0.73,0.66,0.8,0.19,0.2,0.18,0.19,0.72,0.63,ST,ATT,5
Carlos Ross,RW,Chile,0.68,0.83,0.6,0.63,0.66,0.41,0.62,0.81,0.85,0.73,0.75,0.67,0.7,0.68,0.67,0.75,0.32,0.27,0.49,0.43,0.55,0.54,RW,ATT,2
Armando Sadiku,ST,Albania,0.68,0.65,0.69,0.5,0.63,0.38,0.65,0.62,0.68,0.59,0.48,0.68,0.65,0.77,0.53,0.76,0.35,0.24,0.36,0.39,0.67,0.74,ST,ATT,1
Eddie Salcedo,ST,Italy,0.68,0.78,0.66,0.6,0.75,0.39,0.55,0.83,0.74,0.83,0.81,0.75,0.6,0.56,0.55,0.75,0.32,0.35,0.36,0.4,0.67,0.66,ST,ATT,7
Ronivaldo,ST,Brazil,0.68,0.72,0.71,0.54,0.66,0.22,0.65,0.73,0.71,0.71,0.77,0.7,0.48,0.69,0.74,0.81,0.16,0.15,0.19,0.11,0.74,0.69,ST,ATT,5
Benjamin Santelli,ST,France,0.68,0.85,0.64,0.54,0.67,0.26,0.67,0.9,0.8,0.86,0.7,0.69,0.62,0.69,0.75,0.81,0.29,0.21,0.19,0.16,0.62,0.7,ST,ATT,4
Amin Sarr,ST,Sweden,0.68,0.85,0.65,0.58,0.68,0.25,0.67,0.86,0.84,0.73,0.54,0.68,0.65,0.72,0.67,0.83,0.24,0.19,0.17,0.22,0.63,0.68,ST,ATT,4
Amine Sbaï,LW,Morocco,0.68,0.76,0.62,0.61,0.74,0.27,0.5,0.74,0.78,0.82,0.78,0.72,0.58,0.49,0.64,0.5,0.33,0.29,0.24,0.18,0.38,0.67,LW,ATT,7
Stefan Schimmer,ST,Germany,0.68,0.64,0.68,0.48,0.63,0.29,0.72,0.64,0.64,0.66,0.61,0.67,0.65,0.77,0.65,0.77,0.23,0.23,0.3,0.2,0.69,0.7,ST,ATT,1
Seo Jin Su,ST,Korea Republic,0.68,0.82,0.68,0.58,0.71,0.22,0.65,0.81,0.83,0.85,0.63,0.67,0.68,0.69,0.81,0.75,0.17,0.12,0.19,0.23,0.55,0.67,ST,ATT,4
Mats Seuntjens,ST,Holland,0.68,0.75,0.68,0.68,0.67,0.51,0.71,0.71,0.79,0.66,0.59,0.69,0.62,0.76,0.65,0.7,0.54,0.43,0.5,0.49,0.61,0.73,ST,ATT,2
Roko Šimić,ST,Croatia,0.68,0.64,0.68,0.62,0.69,0.3,0.76,0.58,0.69,0.64,0.71,0.73,0.61,0.8,0.71,0.75,0.33,0.26,0.23,0.2,0.65,0.7,ST,ATT,4
Sam Smith,ST,England,0.68,0.74,0.66,0.57,0.66,0.29,0.76,0.77,0.72,0.73,0.7,0.7,0.67,0.78,0.74,0.83,0.26,0.21,0.27,0.23,0.67,0.69,ST,ATT,4
Soberón,ST,Spain,0.68,0.7,0.69,0.56,0.67,0.34,0.53,0.69,0.71,0.7,0.66,0.69,0.6,0.58,0.54,0.73,0.32,0.23,0.3,0.28,0.74,0.65,ST,ATT,5
Dejan Sorgić,ST,Switzerland,0.68,0.63,0.69,0.62,0.69,0.41,0.65,0.64,0.62,0.72,0.73,0.7,0.62,0.65,0.67,0.69,0.37,0.33,0.43,0.34,0.64,0.7,ST,ATT,2
Gonzalo Sosa,ST,Argentina,0.68,0.53,0.71,0.45,0.62,0.21,0.67,0.5,0.56,0.59,0.54,0.65,0.64,0.82,0.61,0.79,0.11,0.12,0.17,0.19,0.73,0.74,ST,ATT,1
Sambou Soumano,ST,Senegal,0.68,0.69,0.69,0.52,0.69,0.25,0.53,0.69,0.69,0.62,0.61,0.7,0.56,0.59,0.56,0.69,0.19,0.18,0.21,0.2,0.69,0.69,ST,ATT,5
Dennis Srbeny,ST,Germany,0.68,0.64,0.66,0.59,0.68,0.33,0.71,0.67,0.61,0.69,0.44,0.71,0.7,0.76,0.71,0.77,0.28,0.26,0.29,0.3,0.68,0.72,ST,ATT,1
Apostolos Stamatelopoulos,ST,Australia,0.68,0.7,0.66,0.58,0.65,0.4,0.79,0.68,0.72,0.65,0.69,0.65,0.68,0.84,0.77,0.82,0.4,0.37,0.34,0.36,0.7,0.68,ST,ATT,4
Lucas Stassin,ST,Belgium,0.68,0.69,0.72,0.63,0.68,0.34,0.57,0.68,0.69,0.74,0.67,0.68,0.7,0.56,0.58,0.63,0.3,0.28,0.3,0.38,0.56,0.7,ST,ATT,7
Luca Strizzolo,ST,Italy,0.68,0.71,0.66,0.56,0.64,0.32,0.74,0.69,0.73,0.66,0.66,0.65,0.63,0.81,0.72,0.84,0.25,0.22,0.32,0.29,0.71,0.66,ST,ATT,4
Sander Svendsen,RW,Norway,0.68,0.82,0.64,0.62,0.7,0.36,0.66,0.84,0.81,0.83,0.91,0.67,0.65,0.6,0.8,0.74,0.32,0.29,0.35,0.34,0.57,0.66,RW,ATT,7
Elayis Tavşan,RW,Holland,0.68,0.79,0.64,0.62,0.71,0.24,0.55,0.81,0.78,0.77,0.75,0.7,0.67,0.59,0.61,0.61,0.21,0.19,0.19,0.22,0.54,0.71,RW,ATT,7
Malik Tchokounté,ST,France,0.68,0.4,0.69,0.54,0.64,0.24,0.79,0.35,0.44,0.6,0.51,0.67,0.59,0.86,0.73,0.82,0.21,0.24,0.13,0.17,0.82,0.71,ST,ATT,1
Bryan Teixeira,ST,Cape Verde Islands,0.68,0.81,0.65,0.65,0.72,0.48,0.67,0.81,0.81,0.8,0.83,0.68,0.68,0.65,0.72,0.77,0.55,0.53,0.39,0.41,0.62,0.68,ST,ATT,2
Jamal Thiaré,ST,Senegal,0.68,0.87,0.65,0.56,0.69,0.22,0.72,0.86,0.87,0.9,0.79,0.67,0.63,0.77,0.84,0.85,0.2,0.18,0.2,0.12,0.6,0.68,ST,ATT,4
Bénie Traoré,ST,Côte d'Ivoire,0.68,0.86,0.65,0.54,0.75,0.32,0.63,0.86,0.86,0.89,0.85,0.72,0.69,0.62,0.75,0.69,0.4,0.29,0.25,0.22,0.48,0.68,ST,ATT,7
Franco Troyansky,ST,Argentina,0.68,0.75,0.67,0.63,0.7,0.36,0.72,0.76,0.75,0.76,0.71,0.66,0.66,0.72,0.7,0.81,0.23,0.39,0.37,0.33,0.7,0.7,ST,ATT,4
Naci Ünüvar,LW,Turkey,0.68,0.64,0.61,0.68,0.73,0.37,0.45,0.71,0.58,0.75,0.77,0.75,0.62,0.38,0.59,0.48,0.38,0.42,0.4,0.25,0.46,0.63,LW,ATT,7
Kenneth Vargas,ST,Costa Rica,0.68,0.82,0.69,0.5,0.68,0.22,0.54,0.81,0.83,0.67,0.75,0.67,0.57,0.52,0.71,0.72,0.16,0.18,0.18,0.15,0.68,0.67,ST,ATT,5
Kerwin Vargas,LW,Colombia,0.68,0.81,0.59,0.66,0.69,0.31,0.59,0.84,0.79,0.72,0.62,0.68,0.6,0.57,0.71,0.68,0.29,0.25,0.29,0.3,0.5,0.59,LW,ATT,7
Dylan Vente,ST,Holland,0.68,0.74,0.68,0.55,0.66,0.27,0.57,0.75,0.73,0.74,0.64,0.66,0.68,0.62,0.65,0.74,0.18,0.17,0.25,0.3,0.66,0.65,ST,ATT,5
Gabriel Vidović,LW,Croatia,0.68,0.67,0.67,0.61,0.74,0.26,0.53,0.69,0.66,0.73,0.69,0.79,0.65,0.56,0.63,0.58,0.24,0.21,0.24,0.22,0.48,0.66,LW,ATT,7
Leonardo Villagra,ST,Paraguay,0.68,0.7,0.7,0.58,0.63,0.23,0.66,0.69,0.71,0.66,0.65,0.64,0.67,0.78,0.62,0.78,0.12,0.19,0.22,0.23,0.67,0.71,ST,ATT,4
Žan Vipotnik,ST,Slovenia,0.68,0.63,0.68,0.55,0.66,0.22,0.62,0.64,0.63,0.58,0.54,0.68,0.64,0.69,0.71,0.71,0.19,0.19,0.18,0.12,0.67,0.68,ST,ATT,5
Duncan Watmore,ST,England,0.68,0.81,0.67,0.62,0.69,0.36,0.62,0.83,0.79,0.76,0.83,0.67,0.68,0.62,0.72,0.75,0.3,0.35,0.44,0.21,0.59,0.67,ST,ATT,7
Nahki Wells,ST,Bermuda,0.68,0.73,0.68,0.63,0.68,0.44,0.65,0.73,0.73,0.76,0.75,0.67,0.69,0.61,0.69,0.73,0.43,0.35,0.35,0.49,0.68,0.69,ST,ATT,2
Szymon Włodarczyk,ST,Poland,0.68,0.71,0.68,0.51,0.65,0.23,0.72,0.68,0.74,0.73,0.63,0.64,0.64,0.71,0.79,0.79,0.21,0.18,0.17,0.14,0.73,0.68,ST,ATT,4
Cauley Woodrow,ST,England,0.68,0.56,0.71,0.59,0.68,0.3,0.65,0.58,0.55,0.65,0.67,0.68,0.69,0.71,0.61,0.71,0.21,0.19,0.37,0.22,0.66,0.71,ST,ATT,1
Erencan Yardımcı,ST,Turkey,0.68,0.76,0.64,0.52,0.67,0.28,0.72,0.71,0.8,0.7,0.55,0.65,0.69,0.78,0.72,0.81,0.21,0.2,0.26,0.23,0.7,0.62,ST,ATT,4
Gyasi Zardes,ST,United States,0.68,0.68,0.65,0.52,0.62,0.43,0.76,0.67,0.69,0.63,0.54,0.67,0.7,0.83,0.7,0.88,0.45,0.3,0.39,0.37,0.76,0.75,ST,ATT,1
Cristián Zavala,RW,Chile,0.68,0.89,0.57,0.61,0.71,0.36,0.55,0.88,0.9,0.86,0.84,0.71,0.52,0.53,0.65,0.59,0.52,0.41,0.22,0.31,0.37,0.61,RW,ATT,7
Altin Zeqiri,LW,Kosovo,0.68,0.72,0.71,0.62,0.69,0.32,0.55,0.74,0.71,0.72,0.68,0.69,0.65,0.55,0.69,0.69,0.27,0.27,0.3,0.27,0.63,0.79,LW,ATT,4
Fabio Abiuso,ST,Italy,0.67,0.58,0.68,0.56,0.64,0.35,0.69,0.6,0.57,0.66,0.68,0.67,0.66,0.72,0.68,0.73,0.35,0.27,0.32,0.29,0.68,0.69,ST,ATT,1
Sargis Adamyan,ST,Armenia,0.67,0.7,0.68,0.62,0.71,0.34,0.67,0.74,0.67,0.78,0.73,0.68,0.65,0.68,0.65,0.74,0.25,0.26,0.45,0.22,0.63,0.7,ST,ATT,4
Daniel Afriyie,ST,Ghana,0.67,0.84,0.67,0.59,0.72,0.38,0.55,0.85,0.83,0.84,0.85,0.68,0.64,0.5,0.75,0.65,0.36,0.3,0.35,0.42,0.52,0.69,ST,ATT,7
Alban Ajdini,ST,Kosovo,0.67,0.74,0.69,0.63,0.69,0.33,0.65,0.75,0.73,0.78,0.74,0.67,0.65,0.68,0.72,0.71,0.28,0.25,0.34,0.33,0.56,0.74,ST,ATT,4
Albian Ajeti,ST,Switzerland,0.67,0.71,0.67,0.55,0.66,0.28,0.7,0.69,0.72,0.71,0.74,0.67,0.65,0.75,0.59,0.76,0.19,0.17,0.35,0.16,0.65,0.71,ST,ATT,4
Andreas Albers,ST,Denmark,0.67,0.53,0.65,0.45,0.59,0.29,0.75,0.52,0.54,0.5,0.46,0.66,0.66,0.88,0.77,0.85,0.16,0.16,0.35,0.21,0.76,0.67,ST,ATT,1
Gustavo Henrique,RW,Brazil,0.67,0.7,0.66,0.59,0.7,0.32,0.64,0.67,0.73,0.55,0.73,0.74,0.65,0.65,0.68,0.67,0.39,0.33,0.2,0.23,0.59,0.79,RW,ATT,4
Etienne Amenyido,ST,Togo,0.67,0.75,0.63,0.58,0.71,0.38,0.65,0.82,0.7,0.77,0.72,0.71,0.66,0.68,0.64,0.76,0.28,0.39,0.43,0.33,0.59,0.67,ST,ATT,2
An Jae Jun,ST,Korea Republic,0.67,0.79,0.66,0.47,0.65,0.24,0.59,0.77,0.8,0.68,0.54,0.64,0.65,0.67,0.59,0.76,0.22,0.21,0.19,0.18,0.62,0.67,ST,ATT,5
Nilson Angulo,LW,Ecuador,0.67,0.8,0.6,0.6,0.7,0.34,0.5,0.78,0.81,0.7,0.64,0.69,0.58,0.49,0.55,0.57,0.32,0.37,0.28,0.38,0.46,0.55,LW,ATT,7
Janis Antiste,ST,France,0.67,0.79,0.67,0.5,0.67,0.2,0.62,0.79,0.79,0.8,0.56,0.7,0.59,0.71,0.67,0.79,0.15,0.14,0.15,0.15,0.62,0.69,ST,ATT,5
Francisco Apaolaza,ST,Argentina,0.67,0.68,0.68,0.54,0.63,0.35,0.66,0.69,0.68,0.68,0.52,0.67,0.6,0.72,0.67,0.76,0.3,0.22,0.32,0.35,0.7,0.74,ST,ATT,4
Arana,ST,Spain,0.67,0.71,0.67,0.54,0.68,0.33,0.62,0.68,0.74,0.73,0.7,0.67,0.65,0.67,0.65,0.72,0.36,0.36,0.25,0.2,0.67,0.68,ST,ATT,4
Younes Bakiz,LW,Denmark,0.67,0.75,0.65,0.62,0.68,0.29,0.64,0.72,0.77,0.73,0.64,0.69,0.58,0.62,0.72,0.68,0.28,0.28,0.25,0.26,0.55,0.69,LW,ATT,5
Marcel Bär,ST,Germany,0.67,0.82,0.65,0.6,0.66,0.4,0.67,0.82,0.82,0.7,0.67,0.66,0.63,0.73,0.74,0.81,0.42,0.4,0.38,0.28,0.62,0.65,ST,ATT,2
Jorge Teixeira,ST,Brazil,0.67,0.79,0.62,0.47,0.61,0.25,0.81,0.71,0.85,0.59,0.45,0.68,0.6,0.88,0.74,0.9,0.16,0.18,0.22,0.21,0.72,0.68,ST,ATT,4
Daniel Barrea,RW,Argentina,0.67,0.81,0.66,0.58,0.68,0.29,0.71,0.75,0.85,0.7,0.72,0.67,0.64,0.75,0.7,0.84,0.3,0.21,0.22,0.2,0.71,0.68,RW,ATT,4
Dominic Baumann,ST,Germany,0.67,0.66,0.67,0.53,0.62,0.29,0.74,0.63,0.68,0.67,0.78,0.62,0.63,0.84,0.61,0.78,0.21,0.23,0.29,0.27,0.64,0.77,ST,ATT,4
Raúl Becerra,ST,Argentina,0.67,0.53,0.69,0.46,0.63,0.28,0.67,0.54,0.53,0.58,0.41,0.65,0.63,0.82,0.65,0.8,0.3,0.22,0.21,0.17,0.72,0.72,ST,ATT,1
Nicolás Benegas,ST,Argentina,0.67,0.57,0.67,0.48,0.66,0.27,0.78,0.61,0.53,0.64,0.56,0.65,0.6,0.83,0.71,0.79,0.21,0.2,0.3,0.15,0.7,0.72,ST,ATT,1
Antoine Bernier,ST,Belgium,0.67,0.8,0.67,0.63,0.7,0.37,0.63,0.83,0.78,0.84,0.81,0.68,0.65,0.59,0.68,0.73,0.39,0.36,0.34,0.27,0.59,0.66,ST,ATT,7
Adriano Bertaccini,ST,Belgium,0.67,0.75,0.67,0.59,0.68,0.28,0.6,0.76,0.74,0.75,0.77,0.69,0.61,0.67,0.46,0.72,0.28,0.27,0.21,0.25,0.55,0.66,ST,ATT,5
Marcos Bolados,RW,Chile,0.67,0.8,0.6,0.61,0.69,0.49,0.58,0.8,0.8,0.8,0.73,0.67,0.61,0.59,0.56,0.64,0.5,0.48,0.5,0.47,0.47,0.64,RW,ATT,2
Nicholas Bonfanti,ST,Italy,0.67,0.71,0.67,0.48,0.67,0.29,0.61,0.71,0.71,0.64,0.74,0.68,0.68,0.66,0.66,0.78,0.25,0.4,0.22,0.17,0.71,0.7,ST,ATT,4
Khalid Boutaïb,ST,Morocco,0.67,0.49,0.68,0.6,0.66,0.36,0.77,0.57,0.43,0.6,0.59,0.7,0.66,0.88,0.64,0.8,0.36,0.35,0.3,0.27,0.7,0.7,ST,ATT,1
Michael Breij,RW,Holland,0.67,0.73,0.65,0.66,0.66,0.42,0.62,0.69,0.76,0.7,0.66,0.65,0.69,0.6,0.72,0.63,0.44,0.44,0.4,0.36,0.52,0.72,RW,ATT,2
Rhian Brewster,ST,England,0.67,0.76,0.68,0.55,0.7,0.2,0.61,0.77,0.76,0.76,0.74,0.67,0.66,0.64,0.62,0.72,0.18,0.17,0.14,0.15,0.57,0.71,ST,ATT,5
Constantin Budescu,LW,Romania,0.67,0.39,0.7,0.75,0.71,0.26,0.5,0.48,0.32,0.5,0.65,0.74,0.71,0.62,0.33,0.48,0.24,0.25,0.25,0.25,0.4,0.8,LW,ATT,1
Gonzalo Bueno,LW,Uruguay,0.67,0.76,0.67,0.67,0.67,0.25,0.57,0.76,0.76,0.8,0.72,0.64,0.52,0.63,0.58,0.68,0.21,0.16,0.25,0.2,0.52,0.61,LW,ATT,5
Filip Bundgaard,ST,Denmark,0.67,0.74,0.68,0.64,0.73,0.38,0.59,0.75,0.74,0.76,0.78,0.73,0.68,0.54,0.59,0.55,0.36,0.36,0.37,0.42,0.43,0.73,ST,ATT,7
Graham Burke,LW,Republic of Ireland,0.67,0.63,0.69,0.66,0.69,0.29,0.6,0.68,0.58,0.81,0.75,0.68,0.63,0.56,0.72,0.56,0.24,0.22,0.3,0.3,0.45,0.7,LW,ATT,7
Butzke,ST,Spain,0.67,0.71,0.66,0.46,0.64,0.23,0.58,0.72,0.71,0.56,0.52,0.66,0.61,0.67,0.53,0.8,0.15,0.18,0.18,0.19,0.75,0.65,ST,ATT,5
Jhonatan Candia,ST,Uruguay,0.67,0.68,0.67,0.63,0.67,0.36,0.63,0.65,0.71,0.73,0.68,0.68,0.62,0.7,0.51,0.72,0.37,0.27,0.33,0.29,0.66,0.7,ST,ATT,4
Alessandro Capello,ST,Italy,0.67,0.78,0.67,0.57,0.64,0.3,0.62,0.75,0.8,0.75,0.58,0.64,0.62,0.65,0.73,0.75,0.23,0.23,0.24,0.33,0.67,0.68,ST,ATT,4
Alberto Cerri,ST,Italy,0.67,0.4,0.71,0.51,0.61,0.37,0.73,0.34,0.44,0.35,0.32,0.68,0.6,0.91,0.59,0.77,0.34,0.3,0.44,0.13,0.75,0.75,ST,ATT,1
Lallianzuala Chhangte,RW,India,0.67,0.87,0.62,0.61,0.66,0.37,0.65,0.9,0.84,0.82,0.79,0.62,0.58,0.57,0.85,0.72,0.32,0.38,0.39,0.38,0.44,0.6,RW,ATT,7
Daniel Chima Chukwu,ST,Nigeria,0.67,0.61,0.69,0.51,0.61,0.3,0.82,0.54,0.67,0.54,0.6,0.63,0.58,0.87,0.77,0.86,0.25,0.19,0.26,0.31,0.7,0.68,ST,ATT,1
James Collins,ST,Republic of Ireland,0.67,0.53,0.66,0.55,0.64,0.41,0.78,0.51,0.54,0.65,0.52,0.65,0.67,0.82,0.74,0.75,0.37,0.32,0.4,0.36,0.7,0.68,ST,ATT,1
Christian Conteh,RW,Germany,0.67,0.93,0.51,0.51,0.74,0.28,0.57,0.94,0.93,0.88,0.8,0.69,0.65,0.52,0.72,0.61,0.31,0.27,0.26,0.19,0.39,0.52,RW,ATT,7
Sirlord Conteh,ST,Germany,0.67,0.93,0.63,0.54,0.7,0.37,0.63,0.94,0.92,0.88,0.77,0.66,0.68,0.59,0.72,0.76,0.37,0.37,0.33,0.33,0.58,0.63,ST,ATT,7
Nicolás Contin,ST,Argentina,0.67,0.71,0.63,0.52,0.63,0.33,0.71,0.64,0.77,0.65,0.55,0.71,0.62,0.84,0.59,0.79,0.2,0.18,0.4,0.32,0.66,0.63,ST,ATT,5
Harry Cornick,ST,England,0.67,0.8,0.65,0.59,0.68,0.37,0.6,0.79,0.8,0.7,0.68,0.68,0.68,0.65,0.7,0.76,0.31,0.24,0.35,0.4,0.64,0.68,ST,ATT,4
Lincoln,ST,Brazil,0.67,0.72,0.66,0.58,0.7,0.22,0.63,0.73,0.72,0.68,0.63,0.7,0.63,0.75,0.57,0.78,0.18,0.13,0.16,0.18,0.64,0.68,ST,ATT,5
Luciano Cosentino,RW,Uruguay,0.67,0.79,0.55,0.61,0.68,0.25,0.46,0.73,0.84,0.73,0.83,0.65,0.65,0.37,0.77,0.41,0.26,0.3,0.21,0.24,0.3,0.49,RW,ATT,7
Alessio Da Cruz,ST,Cape Verde Islands,0.67,0.7,0.67,0.6,0.71,0.36,0.62,0.73,0.68,0.73,0.67,0.71,0.65,0.65,0.53,0.68,0.35,0.26,0.43,0.24,0.54,0.72,ST,ATT,7
Felipe Augusto,ST,Brazil,0.67,0.71,0.66,0.47,0.63,0.27,0.67,0.69,0.72,0.57,0.6,0.66,0.7,0.75,0.61,0.77,0.27,0.18,0.18,0.24,0.68,0.69,ST,ATT,5
Isaak Davies,ST,Wales,0.67,0.83,0.65,0.51,0.68,0.24,0.58,0.82,0.83,0.78,0.71,0.67,0.67,0.57,0.61,0.71,0.23,0.22,0.13,0.28,0.58,0.63,ST,ATT,5
Nicolas De Préville,ST,France,0.67,0.72,0.68,0.66,0.67,0.39,0.64,0.69,0.75,0.68,0.73,0.68,0.65,0.64,0.66,0.7,0.28,0.37,0.36,0.48,0.65,0.72,ST,ATT,2
Gabriel Debeljuh,ST,Croatia,0.67,0.6,0.63,0.48,0.63,0.25,0.77,0.59,0.6,0.55,0.58,0.69,0.66,0.83,0.72,0.82,0.2,0.18,0.21,0.2,0.72,0.69,ST,ATT,1
Halil İbrahim Dervişoğlu,ST,Turkey,0.67,0.73,0.65,0.63,0.72,0.39,0.61,0.74,0.72,0.74,0.6,0.74,0.58,0.59,0.66,0.71,0.41,0.39,0.36,0.28,0.64,0.68,ST,ATT,2
Enis Destan,ST,Turkey,0.67,0.68,0.66,0.62,0.65,0.48,0.7,0.67,0.68,0.7,0.66,0.65,0.67,0.7,0.69,0.77,0.49,0.46,0.4,0.46,0.71,0.69,ST,ATT,2
Fousseni Diabaté,RW,Mali,0.67,0.84,0.62,0.6,0.71,0.42,0.46,0.85,0.84,0.87,0.81,0.66,0.63,0.42,0.62,0.62,0.4,0.42,0.4,0.38,0.59,0.66,RW,ATT,7
Dejan Djokic,ST,Switzerland,0.67,0.68,0.66,0.52,0.63,0.21,0.6,0.69,0.68,0.63,0.62,0.66,0.67,0.64,0.65,0.7,0.19,0.16,0.16,0.14,0.63,0.65,ST,ATT,5
Stefan Dražić,ST,Serbia,0.67,0.65,0.66,0.56,0.63,0.27,0.7,0.62,0.67,0.57,0.54,0.62,0.69,0.72,0.71,0.73,0.28,0.23,0.2,0.21,0.65,0.69,ST,ATT,1
Amine El Ouazzani,ST,Morocco,0.67,0.64,0.67,0.6,0.65,0.2,0.64,0.65,0.64,0.57,0.69,0.69,0.51,0.67,0.73,0.75,0.17,0.19,0.12,0.13,0.71,0.66,ST,ATT,5
Mahir Emreli,ST,Azerbaijan,0.67,0.76,0.7,0.55,0.68,0.28,0.7,0.76,0.76,0.72,0.55,0.7,0.49,0.74,0.73,0.79,0.28,0.24,0.22,0.21,0.6,0.8,ST,ATT,4
Pablo Erustes,ST,Argentina,0.67,0.72,0.68,0.52,0.63,0.2,0.58,0.71,0.72,0.68,0.73,0.62,0.65,0.61,0.69,0.73,0.18,0.11,0.14,0.11,0.68,0.68,ST,ATT,5
Ched Evans,ST,Wales,0.67,0.52,0.68,0.59,0.66,0.39,0.79,0.55,0.49,0.59,0.68,0.67,0.65,0.82,0.62,0.81,0.37,0.35,0.32,0.4,0.72,0.72,ST,ATT,1
Diego Falcinelli,ST,Italy,0.67,0.48,0.69,0.53,0.68,0.23,0.58,0.55,0.42,0.66,0.65,0.7,0.68,0.7,0.43,0.68,0.15,0.15,0.2,0.2,0.67,0.7,ST,ATT,1
Guillermo,ST,Spain,0.67,0.72,0.68,0.59,0.66,0.32,0.7,0.71,0.72,0.75,0.66,0.65,0.66,0.7,0.81,0.74,0.29,0.27,0.33,0.23,0.62,0.67,ST,ATT,4
Rafael Nel,ST,Portugal,0.67,0.77,0.67,0.52,0.7,0.24,0.65,0.78,0.76,0.73,0.75,0.73,0.58,0.64,0.72,0.76,0.2,0.14,0.15,0.27,0.66,0.68,ST,ATT,4
Lukas Fridrikas,ST,Austria,0.67,0.76,0.67,0.61,0.67,0.3,0.65,0.75,0.76,0.74,0.6,0.69,0.61,0.65,0.79,0.73,0.26,0.23,0.3,0.24,0.61,0.68,ST,ATT,4
Mender García,ST,Colombia,0.67,0.81,0.68,0.45,0.66,0.25,0.68,0.79,0.82,0.71,0.68,0.67,0.6,0.76,0.73,0.79,0.21,0.2,0.3,0.12,0.55,0.75,ST,ATT,4
Ettore Gliozzi,ST,Italy,0.67,0.58,0.67,0.52,0.66,0.35,0.65,0.54,0.61,0.63,0.63,0.7,0.7,0.78,0.63,0.73,0.29,0.2,0.44,0.21,0.67,0.65,ST,ATT,1
Matt Godden,ST,England,0.67,0.47,0.71,0.56,0.64,0.32,0.68,0.53,0.42,0.63,0.75,0.66,0.68,0.7,0.68,0.72,0.26,0.21,0.24,0.37,0.71,0.73,ST,ATT,1
Matías Godoy,LW,Argentina,0.67,0.73,0.64,0.64,0.67,0.39,0.62,0.75,0.72,0.64,0.68,0.69,0.64,0.65,0.69,0.74,0.47,0.4,0.22,0.41,0.65,0.68,LW,ATT,2
Johan Arath Gómez,ST,United States,0.67,0.83,0.64,0.56,0.71,0.38,0.67,0.84,0.83,0.8,0.78,0.69,0.65,0.66,0.85,0.76,0.35,0.37,0.35,0.37,0.58,0.62,ST,ATT,2
Diego González,LW,Paraguay,0.67,0.64,0.68,0.64,0.71,0.51,0.41,0.73,0.57,0.81,0.78,0.71,0.58,0.33,0.46,0.53,0.55,0.56,0.44,0.52,0.57,0.74,LW,ATT,2
Joel Grodowski,ST,Germany,0.67,0.86,0.64,0.56,0.69,0.28,0.71,0.88,0.84,0.78,0.68,0.67,0.66,0.75,0.78,0.82,0.12,0.18,0.42,0.2,0.58,0.64,ST,ATT,4
Pape Habib Gueye,ST,Senegal,0.67,0.77,0.66,0.54,0.65,0.21,0.76,0.78,0.77,0.68,0.66,0.63,0.65,0.78,0.71,0.84,0.19,0.12,0.12,0.19,0.67,0.7,ST,ATT,4
Marc Guiu,ST,Spain,0.67,0.54,0.7,0.5,0.63,0.27,0.65,0.54,0.54,0.48,0.46,0.7,0.6,0.75,0.54,0.71,0.25,0.23,0.2,0.23,0.67,0.75,ST,ATT,1
Tobias Gulliksen,LW,Norway,0.67,0.78,0.58,0.64,0.72,0.52,0.58,0.78,0.78,0.88,0.83,0.69,0.61,0.46,0.78,0.56,0.54,0.55,0.5,0.54,0.48,0.56,LW,ATT,2
Vladislavs Gutkovskis,ST,Latvia,0.67,0.76,0.66,0.52,0.63,0.25,0.79,0.75,0.76,0.64,0.67,0.65,0.57,0.86,0.71,0.85,0.11,0.17,0.26,0.26,0.66,0.69,ST,ATT,4
Anis Hadj-Moussa,RW,Algeria,0.67,0.75,0.5,0.61,0.77,0.29,0.54,0.76,0.74,0.86,0.8,0.74,0.67,0.55,0.66,0.56,0.29,0.36,0.29,0.21,0.35,0.58,RW,ATT,7
Pierre-Yves Hamel,ST,France,0.67,0.48,0.68,0.57,0.64,0.27,0.63,0.55,0.43,0.56,0.68,0.66,0.68,0.72,0.66,0.79,0.2,0.24,0.22,0.24,0.76,0.7,ST,ATT,1
Mads Hansen,RW,Denmark,0.67,0.75,0.66,0.58,0.69,0.41,0.63,0.74,0.76,0.71,0.65,0.7,0.62,0.65,0.67,0.68,0.42,0.34,0.41,0.34,0.54,0.71,RW,ATT,2
Daniel Hanslik,ST,Germany,0.67,0.63,0.67,0.61,0.65,0.26,0.73,0.72,0.56,0.65,0.64,0.65,0.67,0.74,0.81,0.78,0.24,0.2,0.19,0.22,0.66,0.69,ST,ATT,4
Mark Harris,ST,Wales,0.67,0.84,0.65,0.61,0.69,0.46,0.68,0.84,0.84,0.79,0.73,0.67,0.68,0.66,0.8,0.76,0.45,0.48,0.44,0.45,0.57,0.63,ST,ATT,2
Nicklas Helenius,ST,Denmark,0.67,0.62,0.68,0.55,0.63,0.32,0.73,0.55,0.67,0.49,0.4,0.67,0.65,0.85,0.7,0.77,0.22,0.15,0.42,0.25,0.66,0.7,ST,ATT,1
Matthew Hoppe,ST,United States,0.67,0.74,0.66,0.56,0.65,0.24,0.56,0.74,0.74,0.67,0.62,0.64,0.7,0.62,0.54,0.71,0.22,0.18,0.22,0.16,0.6,0.67,ST,ATT,5
Jordan Hugill,ST,England,0.67,0.61,0.66,0.54,0.63,0.37,0.8,0.62,0.61,0.59,0.62,0.66,0.63,0.82,0.69,0.83,0.32,0.34,0.38,0.28,0.73,0.73,ST,ATT,1
Deniz Hümmet,ST,Turkey,0.67,0.63,0.7,0.54,0.63,0.29,0.76,0.62,0.64,0.6,0.63,0.65,0.62,0.84,0.77,0.77,0.26,0.2,0.28,0.23,0.62,0.69,ST,ATT,1
Hiroshi Ibusuki,ST,Japan,0.67,0.33,0.68,0.58,0.59,0.3,0.74,0.35,0.32,0.37,0.39,0.66,0.7,0.87,0.59,0.76,0.26,0.2,0.3,0.19,0.73,0.69,ST,ATT,1
André Luiz,ST,Brazil,0.67,0.79,0.66,0.49,0.7,0.2,0.62,0.77,0.8,0.72,0.61,0.71,0.67,0.62,0.71,0.74,0.13,0.2,0.17,0.16,0.62,0.75,ST,ATT,4
Zeidane Inoussa,LW,Sweden,0.67,0.83,0.63,0.59,0.67,0.36,0.65,0.82,0.83,0.86,0.81,0.66,0.61,0.64,0.74,0.62,0.3,0.28,0.44,0.36,0.36,0.62,LW,ATT,7
Galego,LW,Brazil,0.67,0.88,0.65,0.59,0.7,0.48,0.61,0.87,0.88,0.83,0.77,0.66,0.61,0.59,0.69,0.64,0.49,0.47,0.51,0.46,0.43,0.7,LW,ATT,2
Dino Islamović,ST,Montenegro,0.67,0.54,0.7,0.57,0.62,0.3,0.71,0.53,0.54,0.54,0.59,0.66,0.64,0.81,0.69,0.74,0.16,0.19,0.28,0.42,0.65,0.78,ST,ATT,1
Tatsuya Itō,LW,Japan,0.67,0.72,0.57,0.59,0.76,0.22,0.39,0.88,0.59,0.93,0.94,0.7,0.63,0.29,0.68,0.44,0.24,0.22,0.17,0.25,0.27,0.5,LW,ATT,7
Timotej Jambor,ST,Slovakia,0.67,0.76,0.69,0.52,0.65,0.26,0.66,0.73,0.79,0.7,0.65,0.65,0.66,0.73,0.7,0.74,0.22,0.2,0.25,0.2,0.57,0.73,ST,ATT,4
Sory Kaba,ST,Guinea,0.67,0.53,0.68,0.57,0.65,0.31,0.8,0.53,0.53,0.55,0.58,0.68,0.67,0.9,0.7,0.77,0.26,0.24,0.31,0.25,0.65,0.77,ST,ATT,1
Benjamin Källman,ST,Finland,0.67,0.79,0.64,0.49,0.67,0.23,0.77,0.8,0.79,0.73,0.71,0.66,0.58,0.82,0.79,0.87,0.13,0.16,0.22,0.19,0.69,0.64,ST,ATT,4
Yayah Kallon,RW,Sierra Leone,0.67,0.82,0.64,0.58,0.69,0.22,0.63,0.83,0.81,0.82,0.82,0.65,0.64,0.58,0.8,0.72,0.2,0.19,0.18,0.12,0.58,0.7,RW,ATT,7
Kim Bo Sub,RW,Korea Republic,0.67,0.86,0.62,0.57,0.68,0.44,0.71,0.86,0.86,0.84,0.71,0.63,0.57,0.68,0.84,0.75,0.43,0.41,0.44,0.43,0.54,0.66,RW,ATT,2
Elvir Koljić,ST,Bosnia and Herzegovina,0.67,0.54,0.68,0.51,0.61,0.33,0.72,0.56,0.53,0.6,0.52,0.62,0.64,0.81,0.6,0.81,0.26,0.31,0.31,0.26,0.74,0.74,ST,ATT,1
Christian Kühlwetter,ST,Germany,0.67,0.67,0.66,0.61,0.68,0.34,0.71,0.72,0.63,0.69,0.73,0.68,0.66,0.72,0.71,0.77,0.38,0.3,0.22,0.32,0.64,0.69,ST,ATT,4
Dawid Kurminowski,ST,Poland,0.67,0.83,0.66,0.47,0.65,0.25,0.77,0.81,0.84,0.73,0.79,0.64,0.6,0.78,0.75,0.85,0.22,0.2,0.2,0.2,0.65,0.67,ST,ATT,4
Stefan Kutschke,ST,Germany,0.67,0.49,0.68,0.46,0.56,0.39,0.84,0.34,0.62,0.44,0.32,0.63,0.68,0.93,0.68,0.81,0.53,0.28,0.28,0.2,0.78,0.74,ST,ATT,1
Ahmed Kutucu,ST,Turkey,0.67,0.73,0.68,0.58,0.67,0.41,0.69,0.77,0.7,0.75,0.68,0.65,0.63,0.71,0.63,0.78,0.45,0.53,0.35,0.3,0.61,0.76,ST,ATT,2
Antonino La Gumina,ST,Italy,0.67,0.75,0.67,0.6,0.67,0.36,0.71,0.76,0.74,0.71,0.75,0.66,0.66,0.73,0.66,0.79,0.27,0.22,0.44,0.31,0.63,0.7,ST,ATT,4
Macaulay Langstaff,ST,England,0.67,0.81,0.66,0.54,0.66,0.36,0.68,0.83,0.8,0.76,0.74,0.65,0.66,0.65,0.9,0.77,0.34,0.39,0.32,0.32,0.61,0.69,ST,ATT,4
Mickaël Le Bihan,ST,France,0.67,0.48,0.69,0.6,0.67,0.46,0.74,0.57,0.41,0.67,0.64,0.69,0.68,0.8,0.68,0.76,0.4,0.39,0.41,0.52,0.69,0.74,ST,ATT,1
Lee Geon Hee,ST,Korea Republic,0.67,0.7,0.68,0.39,0.63,0.21,0.74,0.67,0.72,0.69,0.67,0.66,0.65,0.79,0.75,0.74,0.18,0.14,0.16,0.18,0.58,0.66,ST,ATT,5
Lee Ho Jae,ST,Korea Republic,0.67,0.38,0.73,0.44,0.55,0.26,0.76,0.39,0.37,0.35,0.36,0.63,0.62,0.88,0.6,0.77,0.22,0.26,0.18,0.21,0.73,0.78,ST,ATT,1
Alexander Lind,ST,Denmark,0.67,0.74,0.64,0.54,0.68,0.34,0.73,0.73,0.75,0.66,0.74,0.68,0.61,0.76,0.7,0.79,0.29,0.31,0.32,0.32,0.61,0.7,ST,ATT,4
Felix Lohkemper,ST,Germany,0.67,0.75,0.65,0.57,0.68,0.31,0.51,0.78,0.72,0.69,0.74,0.68,0.6,0.59,0.38,0.73,0.25,0.21,0.31,0.28,0.63,0.69,ST,ATT,5
Daniel Maderner,ST,Austria,0.67,0.68,0.66,0.56,0.61,0.24,0.79,0.67,0.68,0.59,0.51,0.63,0.62,0.9,0.71,0.83,0.19,0.18,0.21,0.17,0.69,0.69,ST,ATT,1
Ignacio Maestro Puch,ST,Argentina,0.67,0.67,0.68,0.51,0.66,0.23,0.65,0.69,0.66,0.7,0.69,0.67,0.63,0.76,0.56,0.78,0.22,0.2,0.13,0.18,0.69,0.71,ST,ATT,5
Maurice Malone,ST,Germany,0.67,0.76,0.66,0.63,0.68,0.31,0.7,0.77,0.75,0.68,0.71,0.67,0.62,0.77,0.67,0.82,0.28,0.29,0.25,0.28,0.64,0.69,ST,ATT,4
Alberto Marí,ST,Spain,0.67,0.64,0.68,0.54,0.64,0.27,0.59,0.62,0.66,0.57,0.59,0.68,0.61,0.66,0.61,0.74,0.22,0.23,0.24,0.21,0.71,0.68,ST,ATT,5
Higinio,ST,Spain,0.67,0.64,0.67,0.58,0.65,0.37,0.58,0.63,0.65,0.63,0.57,0.65,0.64,0.72,0.35,0.74,0.33,0.31,0.38,0.27,0.7,0.7,ST,ATT,1
Jovan Marković,ST,Romania,0.67,0.75,0.65,0.52,0.7,0.31,0.72,0.76,0.75,0.8,0.72,0.68,0.62,0.77,0.68,0.82,0.29,0.26,0.25,0.29,0.66,0.73,ST,ATT,4
Luca Marseiler,ST,Germany,0.67,0.83,0.67,0.59,0.72,0.36,0.6,0.84,0.83,0.84,0.85,0.69,0.7,0.57,0.74,0.68,0.28,0.31,0.39,0.39,0.5,0.67,ST,ATT,7
Henrique Pereira,LW,Portugal,0.67,0.78,0.66,0.53,0.72,0.3,0.52,0.8,0.77,0.71,0.69,0.74,0.69,0.52,0.59,0.67,0.36,0.21,0.21,0.26,0.59,0.74,LW,ATT,7
Duncan McGuire,ST,United States,0.67,0.65,0.64,0.43,0.6,0.25,0.67,0.64,0.65,0.58,0.59,0.61,0.69,0.76,0.65,0.85,0.19,0.18,0.14,0.25,0.78,0.69,ST,ATT,1
Nicolás Messiniti,ST,Argentina,0.67,0.68,0.66,0.58,0.66,0.28,0.69,0.73,0.64,0.66,0.67,0.66,0.66,0.74,0.67,0.78,0.22,0.14,0.33,0.19,0.64,0.66,ST,ATT,4
Beka Mikeltadze,ST,Georgia,0.67,0.76,0.65,0.62,0.65,0.32,0.69,0.77,0.75,0.71,0.68,0.64,0.68,0.72,0.77,0.79,0.36,0.25,0.24,0.26,0.63,0.6,ST,ATT,4
David Min,ST,Holland,0.67,0.79,0.67,0.54,0.56,0.28,0.7,0.77,0.8,0.56,0.67,0.65,0.6,0.78,0.75,0.88,0.22,0.21,0.25,0.25,0.71,0.68,ST,ATT,4
Iván Morales,ST,Chile,0.67,0.64,0.66,0.55,0.67,0.25,0.77,0.66,0.62,0.65,0.65,0.7,0.58,0.87,0.69,0.81,0.11,0.11,0.35,0.16,0.67,0.71,ST,ATT,4
Julien Ngoy,ST,Belgium,0.67,0.83,0.65,0.53,0.68,0.25,0.7,0.75,0.9,0.69,0.72,0.66,0.66,0.81,0.77,0.8,0.18,0.22,0.27,0.17,0.58,0.71,ST,ATT,4
Jona Niemiec,ST,Germany,0.67,0.86,0.65,0.55,0.62,0.4,0.71,0.82,0.9,0.66,0.63,0.65,0.59,0.78,0.71,0.84,0.4,0.3,0.39,0.36,0.62,0.71,ST,ATT,2
Stephen Odey,ST,Nigeria,0.67,0.84,0.64,0.5,0.69,0.35,0.74,0.83,0.85,0.81,0.8,0.67,0.67,0.75,0.81,0.83,0.32,0.32,0.35,0.25,0.64,0.68,ST,ATT,4
Orji Okwonkwo,ST,Nigeria,0.67,0.9,0.67,0.6,0.67,0.42,0.7,0.89,0.9,0.81,0.65,0.66,0.63,0.71,0.7,0.78,0.48,0.23,0.45,0.3,0.53,0.74,ST,ATT,2
Ortuño,ST,Spain,0.67,0.57,0.68,0.56,0.61,0.32,0.69,0.54,0.59,0.55,0.54,0.62,0.63,0.8,0.63,0.79,0.18,0.15,0.39,0.29,0.75,0.69,ST,ATT,1
William Osula,ST,Denmark,0.67,0.68,0.66,0.49,0.64,0.24,0.63,0.67,0.69,0.55,0.51,0.64,0.66,0.71,0.57,0.74,0.16,0.18,0.23,0.18,0.65,0.72,ST,ATT,5
Luca Pandolfi,ST,Italy,0.67,0.65,0.67,0.57,0.65,0.37,0.68,0.66,0.65,0.75,0.63,0.66,0.58,0.74,0.62,0.74,0.42,0.29,0.27,0.32,0.65,0.69,ST,ATT,1
Juan José Perea,ST,Colombia,0.67,0.81,0.66,0.57,0.68,0.26,0.69,0.82,0.8,0.72,0.74,0.65,0.66,0.69,0.7,0.79,0.16,0.11,0.29,0.27,0.63,0.67,ST,ATT,4
Serginho,RW,Portugal,0.67,0.76,0.54,0.62,0.72,0.24,0.47,0.79,0.74,0.81,0.73,0.69,0.65,0.4,0.64,0.45,0.27,0.28,0.21,0.2,0.32,0.53,RW,ATT,7
Nicholas Pierini,ST,Italy,0.67,0.85,0.65,0.61,0.7,0.39,0.62,0.84,0.85,0.79,0.76,0.68,0.67,0.64,0.64,0.75,0.43,0.38,0.3,0.38,0.58,0.66,ST,ATT,2
Markus Pink,ST,Austria,0.67,0.48,0.68,0.55,0.61,0.28,0.76,0.4,0.54,0.58,0.47,0.64,0.66,0.85,0.65,0.76,0.13,0.12,0.3,0.33,0.73,0.69,ST,ATT,1
Filippo Pittarello,ST,Italy,0.67,0.71,0.64,0.6,0.62,0.45,0.8,0.68,0.73,0.6,0.39,0.66,0.59,0.84,0.79,0.86,0.48,0.39,0.37,0.4,0.74,0.75,ST,ATT,1
Damián Pizarro,ST,Chile,0.67,0.84,0.6,0.46,0.67,0.19,0.76,0.82,0.86,0.72,0.75,0.66,0.65,0.83,0.65,0.88,0.14,0.11,0.11,0.18,0.66,0.66,ST,ATT,5
Ernest Poku,RW,Holland,0.67,0.92,0.6,0.56,0.72,0.29,0.6,0.93,0.92,0.84,0.81,0.69,0.62,0.61,0.64,0.7,0.35,0.27,0.24,0.21,0.45,0.75,RW,ATT,7
Daniel Popa,ST,Romania,0.67,0.7,0.65,0.46,0.62,0.26,0.88,0.68,0.72,0.58,0.5,0.66,0.65,0.89,0.9,0.83,0.1,0.16,0.19,0.42,0.69,0.72,ST,ATT,4
Romano Postema,ST,Holland,0.67,0.79,0.67,0.52,0.64,0.29,0.6,0.77,0.8,0.69,0.73,0.63,0.64,0.65,0.67,0.76,0.28,0.21,0.28,0.17,0.66,0.69,ST,ATT,5
Nik Prelec,ST,Slovenia,0.67,0.67,0.65,0.59,0.66,0.34,0.7,0.62,0.71,0.68,0.59,0.7,0.61,0.82,0.58,0.77,0.26,0.25,0.4,0.29,0.62,0.7,ST,ATT,1
George Pușcaș,ST,Romania,0.67,0.67,0.67,0.53,0.64,0.36,0.72,0.65,0.68,0.53,0.69,0.66,0.64,0.79,0.66,0.77,0.39,0.28,0.3,0.3,0.67,0.77,ST,ATT,1
Mileta Rajović,ST,Denmark,0.67,0.76,0.66,0.54,0.59,0.26,0.69,0.77,0.76,0.62,0.54,0.61,0.59,0.76,0.64,0.87,0.28,0.2,0.17,0.17,0.71,0.72,ST,ATT,5
Eric Ramírez,ST,Venezuela,0.67,0.67,0.69,0.51,0.61,0.28,0.7,0.66,0.68,0.66,0.57,0.63,0.63,0.8,0.57,0.82,0.34,0.16,0.2,0.13,0.71,0.73,ST,ATT,1
Petar Ratkov,ST,Serbia,0.67,0.68,0.67,0.52,0.66,0.31,0.69,0.61,0.73,0.68,0.46,0.73,0.59,0.72,0.63,0.78,0.3,0.32,0.27,0.15,0.72,0.67,ST,ATT,1
Jamie Reid,ST,Northern Ireland,0.67,0.76,0.68,0.53,0.66,0.24,0.74,0.78,0.75,0.71,0.66,0.66,0.65,0.76,0.74,0.87,0.27,0.15,0.2,0.12,0.58,0.69,ST,ATT,4
Andrés Rentería,ST,Colombia,0.67,0.77,0.67,0.56,0.69,0.24,0.71,0.76,0.77,0.78,0.7,0.69,0.61,0.77,0.69,0.79,0.22,0.17,0.2,0.21,0.58,0.7,ST,ATT,4
Iván Romero,ST,Spain,0.67,0.84,0.64,0.59,0.69,0.42,0.59,0.86,0.83,0.81,0.83,0.71,0.64,0.59,0.71,0.75,0.41,0.51,0.43,0.3,0.6,0.67,ST,ATT,2
Agustín Ruberto,ST,Argentina,0.67,0.72,0.67,0.59,0.65,0.41,0.67,0.72,0.72,0.72,0.7,0.64,0.66,0.71,0.59,0.77,0.34,0.35,0.42,0.41,0.66,0.67,ST,ATT,2
Ole Christian Sæter,ST,Norway,0.67,0.69,0.68,0.52,0.63,0.29,0.77,0.71,0.68,0.61,0.6,0.65,0.63,0.8,0.72,0.81,0.26,0.24,0.24,0.25,0.67,0.72,ST,ATT,4
Sebastián Sáez,ST,Argentina,0.67,0.45,0.68,0.6,0.65,0.25,0.66,0.43,0.47,0.62,0.49,0.68,0.59,0.74,0.48,0.71,0.15,0.14,0.28,0.18,0.71,0.67,ST,ATT,1
Amine Salama,ST,France,0.67,0.73,0.66,0.56,0.66,0.25,0.63,0.67,0.78,0.58,0.52,0.69,0.66,0.72,0.55,0.75,0.23,0.2,0.17,0.19,0.67,0.66,ST,ATT,5
Jorge Sanguina,ST,Paraguay,0.67,0.63,0.69,0.5,0.65,0.26,0.59,0.65,0.61,0.6,0.65,0.66,0.58,0.65,0.55,0.75,0.21,0.2,0.22,0.17,0.72,0.7,ST,ATT,5
Sergio Santos,ST,Brazil,0.67,0.9,0.62,0.55,0.68,0.28,0.68,0.91,0.89,0.79,0.62,0.68,0.6,0.8,0.63,0.88,0.28,0.14,0.28,0.18,0.62,0.66,ST,ATT,4
Darío Sarmiento,RW,Argentina,0.67,0.77,0.62,0.61,0.74,0.39,0.42,0.82,0.73,0.86,0.91,0.69,0.55,0.35,0.52,0.52,0.3,0.35,0.45,0.4,0.45,0.69,RW,ATT,7
Aurélien Scheidler,ST,France,0.67,0.51,0.68,0.53,0.62,0.31,0.79,0.53,0.5,0.48,0.34,0.7,0.65,0.89,0.72,0.78,0.32,0.22,0.23,0.25,0.68,0.7,ST,ATT,1
Yanis Senhadji,ST,Spain,0.67,0.69,0.67,0.53,0.65,0.43,0.65,0.67,0.7,0.6,0.62,0.67,0.64,0.68,0.65,0.73,0.42,0.33,0.45,0.34,0.7,0.69,ST,ATT,2
Billy Sharp,ST,England,0.67,0.52,0.69,0.61,0.62,0.38,0.66,0.55,0.5,0.63,0.71,0.68,0.69,0.71,0.49,0.75,0.34,0.28,0.39,0.33,0.71,0.71,ST,ATT,1
Samuel Shashoua,ST,England,0.67,0.89,0.67,0.61,0.72,0.39,0.6,0.87,0.9,0.92,0.9,0.7,0.63,0.63,0.66,0.73,0.32,0.3,0.45,0.38,0.52,0.67,ST,ATT,7
Ba-Muaka Simakala,LW,Germany,0.67,0.8,0.64,0.59,0.7,0.26,0.57,0.87,0.75,0.76,0.87,0.69,0.63,0.57,0.66,0.76,0.17,0.22,0.28,0.19,0.65,0.67,LW,ATT,7
Ester Sokler,ST,Slovenia,0.67,0.8,0.64,0.54,0.65,0.4,0.63,0.82,0.79,0.7,0.6,0.67,0.64,0.66,0.58,0.8,0.4,0.28,0.31,0.46,0.7,0.66,ST,ATT,2
Edoardo Soleri,ST,Italy,0.67,0.78,0.64,0.51,0.68,0.34,0.69,0.77,0.78,0.68,0.58,0.7,0.65,0.78,0.61,0.84,0.31,0.24,0.32,0.27,0.69,0.67,ST,ATT,4
Sebastián Sosa Sánchez,ST,Uruguay,0.67,0.59,0.68,0.47,0.64,0.24,0.68,0.58,0.59,0.7,0.61,0.66,0.64,0.73,0.64,0.77,0.14,0.19,0.21,0.2,0.73,0.62,ST,ATT,1
Nicolás Sosa Sánchez,ST,Uruguay,0.67,0.72,0.66,0.53,0.59,0.33,0.57,0.73,0.72,0.79,0.66,0.64,0.69,0.49,0.81,0.73,0.4,0.29,0.21,0.21,0.77,0.56,ST,ATT,5
Filip Stojilković,ST,Switzerland,0.67,0.84,0.67,0.49,0.69,0.29,0.66,0.82,0.85,0.75,0.65,0.7,0.63,0.7,0.64,0.79,0.22,0.21,0.31,0.25,0.61,0.68,ST,ATT,4
Facundo Suárez,ST,Argentina,0.67,0.57,0.72,0.51,0.61,0.28,0.64,0.57,0.57,0.55,0.55,0.62,0.58,0.72,0.7,0.71,0.25,0.23,0.22,0.25,0.66,0.7,ST,ATT,1
Vladyslav Supriaha,ST,Ukraine,0.67,0.78,0.66,0.52,0.68,0.19,0.48,0.77,0.79,0.73,0.61,0.69,0.67,0.54,0.47,0.67,0.16,0.14,0.12,0.16,0.59,0.64,ST,ATT,5
Richmond Tachie,ST,Germany,0.67,0.87,0.65,0.59,0.7,0.28,0.64,0.85,0.89,0.83,0.82,0.68,0.63,0.62,0.81,0.75,0.25,0.21,0.25,0.25,0.58,0.64,ST,ATT,7
Geovany Quenda,RW,Portugal,0.67,0.77,0.62,0.61,0.72,0.21,0.52,0.75,0.78,0.77,0.81,0.72,0.49,0.46,0.59,0.45,0.22,0.25,0.21,0.17,0.26,0.6,RW,ATT,7
Steffen Tigges,ST,Germany,0.67,0.55,0.66,0.57,0.57,0.45,0.81,0.54,0.55,0.4,0.34,0.62,0.69,0.87,0.75,0.82,0.42,0.38,0.44,0.4,0.72,0.75,ST,ATT,1
Tommy Tobar,ST,Colombia,0.67,0.76,0.7,0.48,0.65,0.27,0.59,0.75,0.76,0.62,0.56,0.64,0.63,0.73,0.42,0.79,0.17,0.18,0.33,0.19,0.66,0.72,ST,ATT,5
Keke Topp,ST,Germany,0.67,0.6,0.65,0.5,0.62,0.26,0.77,0.55,0.64,0.55,0.55,0.67,0.64,0.85,0.68,0.77,0.23,0.2,0.2,0.21,0.68,0.75,ST,ATT,1
Stefanos Tzimas,ST,Greece,0.67,0.76,0.67,0.5,0.65,0.31,0.64,0.78,0.74,0.67,0.65,0.66,0.56,0.65,0.67,0.81,0.27,0.26,0.25,0.28,0.71,0.68,ST,ATT,5
Anthony Uribe,ST,Venezuela,0.67,0.8,0.67,0.46,0.67,0.19,0.7,0.79,0.8,0.68,0.65,0.68,0.6,0.81,0.73,0.84,0.15,0.15,0.13,0.13,0.6,0.67,ST,ATT,5
Kyan Vaesen,ST,Belgium,0.67,0.57,0.66,0.59,0.63,0.32,0.64,0.53,0.6,0.61,0.48,0.68,0.65,0.78,0.43,0.74,0.28,0.25,0.26,0.32,0.7,0.67,ST,ATT,1
Kevin van Veen,ST,Holland,0.67,0.53,0.69,0.61,0.64,0.26,0.7,0.55,0.52,0.61,0.7,0.68,0.64,0.78,0.54,0.74,0.13,0.18,0.29,0.22,0.67,0.77,ST,ATT,1
Thiago Vecino,ST,Uruguay,0.67,0.54,0.69,0.55,0.6,0.33,0.69,0.54,0.54,0.61,0.52,0.65,0.64,0.81,0.59,0.83,0.27,0.22,0.25,0.4,0.76,0.65,ST,ATT,1
Shkelqim Vladi,ST,Kosovo,0.67,0.69,0.68,0.56,0.67,0.24,0.67,0.67,0.71,0.7,0.73,0.66,0.66,0.7,0.71,0.71,0.19,0.17,0.19,0.21,0.63,0.73,ST,ATT,4
Kahveh Zahiroleslam,ST,United States,0.67,0.62,0.63,0.51,0.66,0.38,0.67,0.54,0.69,0.52,0.52,0.7,0.67,0.74,0.63,0.72,0.28,0.26,0.36,0.45,0.7,0.65,ST,ATT,1
Tom Zimmerschied,LW,Germany,0.67,0.76,0.6,0.62,0.7,0.37,0.63,0.74,0.77,0.79,0.69,0.69,0.63,0.58,0.81,0.61,0.4,0.45,0.35,0.26,0.46,0.59,LW,ATT,2
Nino Žugelj,RW,Slovenia,0.67,0.81,0.59,0.62,0.68,0.33,0.64,0.8,0.81,0.79,0.72,0.68,0.62,0.63,0.7,0.69,0.3,0.28,0.32,0.35,0.5,0.6,RW,ATT,7
Dickson Abiama,ST,Nigeria,0.66,0.78,0.64,0.43,0.66,0.23,0.62,0.81,0.75,0.68,0.71,0.65,0.65,0.68,0.67,0.78,0.14,0.16,0.24,0.17,0.62,0.66,ST,ATT,5
Malik Abubakari,ST,Ghana,0.66,0.74,0.62,0.51,0.62,0.27,0.8,0.72,0.75,0.64,0.58,0.63,0.65,0.85,0.73,0.89,0.28,0.24,0.2,0.16,0.72,0.59,ST,ATT,5
Nahuel Acosta,RW,Uruguay,0.66,0.73,0.61,0.55,0.75,0.42,0.49,0.71,0.74,0.8,0.84,0.7,0.46,0.46,0.66,0.48,0.42,0.42,0.28,0.65,0.41,0.55,RW,ATT,2
Ali Al Hamadi,ST,Iraq,0.66,0.8,0.63,0.47,0.64,0.18,0.73,0.81,0.79,0.63,0.66,0.64,0.64,0.78,0.68,0.82,0.14,0.12,0.12,0.16,0.59,0.62,ST,ATT,5
Jostin Alman,ST,Ecuador,0.66,0.76,0.64,0.61,0.65,0.51,0.66,0.74,0.77,0.7,0.64,0.64,0.65,0.65,0.73,0.74,0.58,0.55,0.4,0.49,0.65,0.68,ST,ATT,2
Xavier Amaechi,RW,England,0.66,0.71,0.55,0.63,0.71,0.31,0.54,0.84,0.61,0.77,0.72,0.69,0.55,0.56,0.65,0.58,0.34,0.34,0.25,0.32,0.31,0.62,RW,ATT,7
Ilyas Ansah,ST,Germany,0.66,0.76,0.62,0.54,0.65,0.26,0.72,0.75,0.76,0.66,0.47,0.62,0.64,0.8,0.7,0.82,0.21,0.18,0.24,0.23,0.64,0.66,ST,ATT,5
Corey Baird,ST,United States,0.66,0.77,0.64,0.57,0.63,0.32,0.69,0.76,0.78,0.69,0.66,0.63,0.64,0.69,0.69,0.77,0.29,0.21,0.34,0.24,0.66,0.68,ST,ATT,4
Elves Baldé,RW,Portugal,0.66,0.9,0.53,0.58,0.74,0.26,0.45,0.93,0.87,0.9,0.91,0.71,0.58,0.33,0.68,0.5,0.27,0.26,0.23,0.2,0.39,0.61,RW,ATT,7
Hassane Bandé,ST,Burkina Faso,0.66,0.86,0.65,0.58,0.69,0.3,0.63,0.85,0.86,0.85,0.7,0.66,0.65,0.63,0.62,0.72,0.37,0.12,0.22,0.27,0.54,0.65,ST,ATT,7
Francisco Bareiro,ST,Paraguay,0.66,0.47,0.72,0.5,0.6,0.19,0.67,0.44,0.5,0.61,0.57,0.62,0.58,0.86,0.51,0.78,0.1,0.15,0.15,0.13,0.72,0.72,ST,ATT,1
Antoine Baroan,ST,France,0.66,0.79,0.62,0.59,0.64,0.27,0.6,0.81,0.78,0.74,0.62,0.66,0.64,0.75,0.5,0.83,0.31,0.22,0.15,0.21,0.64,0.65,ST,ATT,5
Fortune Bassey,ST,Nigeria,0.66,0.75,0.65,0.61,0.64,0.21,0.68,0.75,0.75,0.78,0.59,0.62,0.63,0.68,0.77,0.75,0.15,0.17,0.15,0.2,0.65,0.67,ST,ATT,5
Jake Beesley,ST,England,0.66,0.7,0.64,0.49,0.61,0.44,0.69,0.64,0.74,0.58,0.53,0.65,0.64,0.75,0.65,0.74,0.44,0.37,0.42,0.4,0.66,0.67,ST,ATT,2
Bartosz Białek,ST,Poland,0.66,0.62,0.67,0.46,0.63,0.34,0.7,0.63,0.62,0.51,0.58,0.68,0.62,0.8,0.57,0.75,0.4,0.43,0.24,0.24,0.6,0.71,ST,ATT,1
Jeremy Bokila,ST,Congo DR,0.66,0.7,0.65,0.56,0.63,0.32,0.66,0.68,0.72,0.67,0.54,0.67,0.6,0.76,0.62,0.77,0.27,0.24,0.32,0.27,0.65,0.65,ST,ATT,5
Chiki,ST,Spain,0.66,0.82,0.65,0.59,0.68,0.33,0.59,0.8,0.83,0.68,0.81,0.66,0.62,0.65,0.61,0.76,0.3,0.35,0.32,0.23,0.62,0.66,ST,ATT,7
Julián Brea,RW,Argentina,0.66,0.77,0.61,0.58,0.69,0.3,0.46,0.79,0.75,0.76,0.82,0.68,0.6,0.42,0.67,0.49,0.34,0.27,0.3,0.18,0.44,0.68,RW,ATT,7
Maximilian Breunig,ST,Germany,0.66,0.65,0.65,0.47,0.63,0.26,0.67,0.62,0.68,0.63,0.57,0.65,0.63,0.78,0.61,0.76,0.23,0.22,0.19,0.24,0.66,0.68,ST,ATT,5
Charles-Andreas Brym,ST,Canada,0.66,0.83,0.65,0.54,0.65,0.28,0.69,0.83,0.83,0.72,0.68,0.64,0.65,0.68,0.76,0.67,0.31,0.26,0.18,0.26,0.56,0.68,ST,ATT,5
Thomas Buitink,ST,Holland,0.66,0.61,0.66,0.6,0.67,0.4,0.7,0.68,0.55,0.66,0.76,0.68,0.67,0.68,0.7,0.68,0.33,0.35,0.42,0.41,0.56,0.67,ST,ATT,2
Cory Burke,ST,Jamaica,0.66,0.77,0.63,0.39,0.61,0.39,0.75,0.71,0.82,0.46,0.37,0.66,0.62,0.85,0.62,0.85,0.42,0.3,0.4,0.2,0.7,0.69,ST,ATT,1
Bryan Cabezas,LW,Ecuador,0.66,0.85,0.6,0.61,0.64,0.43,0.67,0.82,0.87,0.82,0.6,0.62,0.62,0.74,0.6,0.73,0.37,0.32,0.59,0.31,0.46,0.59,LW,ATT,2
Ousmane Camara,ST,Guinea,0.66,0.68,0.67,0.56,0.7,0.22,0.5,0.66,0.69,0.53,0.66,0.68,0.64,0.56,0.5,0.62,0.14,0.22,0.21,0.16,0.57,0.69,ST,ATT,5
Leonardo Candellone,ST,Italy,0.66,0.67,0.66,0.59,0.61,0.3,0.72,0.65,0.68,0.52,0.58,0.64,0.58,0.76,0.78,0.77,0.29,0.32,0.18,0.27,0.68,0.67,ST,ATT,1
Antonio Casas,ST,Spain,0.66,0.71,0.69,0.52,0.62,0.31,0.69,0.7,0.72,0.66,0.64,0.62,0.6,0.73,0.67,0.77,0.25,0.28,0.24,0.32,0.7,0.72,ST,ATT,5
Rodrigo Castillo,ST,Argentina,0.66,0.75,0.65,0.57,0.62,0.21,0.59,0.7,0.79,0.63,0.63,0.66,0.68,0.61,0.58,0.62,0.14,0.15,0.2,0.15,0.66,0.66,ST,ATT,5
Cédric,ST,Cameroon,0.66,0.72,0.67,0.47,0.64,0.23,0.59,0.74,0.71,0.57,0.55,0.67,0.65,0.58,0.58,0.72,0.19,0.16,0.2,0.16,0.69,0.64,ST,ATT,5
Emil Ceïde,LW,Norway,0.66,0.75,0.56,0.57,0.73,0.33,0.44,0.79,0.71,0.8,0.77,0.73,0.56,0.41,0.56,0.47,0.35,0.33,0.32,0.27,0.37,0.56,LW,ATT,7
Lucas Cepeda,LW,Chile,0.66,0.8,0.62,0.56,0.66,0.49,0.72,0.79,0.81,0.74,0.65,0.65,0.59,0.76,0.72,0.73,0.48,0.52,0.51,0.49,0.46,0.68,LW,ATT,2
Ronaldo Chacón,ST,Venezuela,0.66,0.67,0.7,0.55,0.62,0.29,0.67,0.61,0.72,0.66,0.6,0.66,0.49,0.76,0.6,0.8,0.25,0.22,0.23,0.26,0.72,0.68,ST,ATT,5
Dennis Chessa,RW,Germany,0.66,0.7,0.6,0.63,0.67,0.51,0.6,0.69,0.71,0.79,0.81,0.65,0.68,0.59,0.7,0.55,0.52,0.5,0.51,0.53,0.44,0.56,RW,ATT,2
Sunil Chhetri,ST,India,0.66,0.72,0.66,0.56,0.64,0.32,0.74,0.75,0.7,0.68,0.69,0.64,0.58,0.72,0.83,0.87,0.24,0.44,0.3,0.25,0.66,0.65,ST,ATT,4
Edward Chilufya,ST,Zambia,0.66,0.91,0.67,0.59,0.74,0.3,0.57,0.92,0.91,0.9,0.9,0.74,0.62,0.47,0.79,0.58,0.15,0.13,0.42,0.35,0.42,0.65,ST,ATT,7
Aurelian Chițu,ST,Romania,0.66,0.64,0.67,0.63,0.64,0.35,0.68,0.63,0.65,0.6,0.65,0.66,0.6,0.8,0.57,0.75,0.33,0.28,0.32,0.33,0.6,0.66,ST,ATT,1
Cho Young Wook,ST,Korea Republic,0.66,0.81,0.66,0.57,0.69,0.29,0.68,0.79,0.82,0.85,0.85,0.65,0.64,0.65,0.78,0.73,0.19,0.12,0.33,0.3,0.57,0.71,ST,ATT,4
Brian Cipenga,LW,Congo DR,0.66,0.83,0.59,0.59,0.69,0.33,0.65,0.84,0.83,0.8,0.78,0.66,0.69,0.63,0.75,0.68,0.33,0.34,0.3,0.33,0.45,0.58,LW,ATT,7
Sergio Córdova,ST,Venezuela,0.66,0.72,0.66,0.52,0.67,0.23,0.65,0.72,0.72,0.67,0.65,0.67,0.63,0.78,0.55,0.8,0.19,0.17,0.2,0.18,0.63,0.7,ST,ATT,5
Ante Crnac,ST,Croatia,0.66,0.78,0.68,0.5,0.66,0.26,0.7,0.78,0.78,0.75,0.65,0.68,0.52,0.77,0.62,0.81,0.22,0.23,0.22,0.24,0.6,0.68,ST,ATT,5
Juan Manuel Cruz,ST,Argentina,0.66,0.61,0.67,0.52,0.62,0.28,0.62,0.6,0.61,0.53,0.64,0.64,0.59,0.74,0.44,0.74,0.29,0.25,0.2,0.19,0.68,0.67,ST,ATT,1
Marvin Çuni,ST,Albania,0.66,0.76,0.66,0.52,0.63,0.2,0.66,0.71,0.8,0.59,0.65,0.65,0.63,0.73,0.51,0.77,0.13,0.19,0.14,0.17,0.64,0.7,ST,ATT,5
Kayky,RW,Brazil,0.66,0.79,0.58,0.57,0.72,0.28,0.45,0.83,0.75,0.83,0.76,0.71,0.49,0.43,0.6,0.5,0.3,0.31,0.24,0.22,0.38,0.62,RW,ATT,7
Marrony,RW,Brazil,0.66,0.88,0.64,0.53,0.67,0.43,0.64,0.87,0.89,0.78,0.5,0.66,0.5,0.59,0.7,0.79,0.38,0.31,0.5,0.3,0.7,0.63,RW,ATT,2
Christoph Daferner,ST,Germany,0.66,0.54,0.67,0.48,0.64,0.29,0.75,0.56,0.53,0.62,0.58,0.65,0.65,0.81,0.69,0.76,0.23,0.17,0.31,0.24,0.67,0.68,ST,ATT,1
Jesús de Miguel,ST,Spain,0.66,0.56,0.66,0.52,0.61,0.3,0.74,0.54,0.58,0.46,0.66,0.66,0.6,0.78,0.7,0.74,0.27,0.28,0.26,0.22,0.69,0.69,ST,ATT,1
Giuseppe Di Serio,ST,Italy,0.66,0.7,0.64,0.48,0.63,0.24,0.7,0.68,0.71,0.61,0.62,0.64,0.64,0.78,0.56,0.77,0.23,0.19,0.19,0.15,0.64,0.69,ST,ATT,5
Kapit Djoco,ST,France,0.66,0.62,0.65,0.57,0.63,0.27,0.63,0.58,0.65,0.54,0.49,0.67,0.62,0.75,0.64,0.72,0.28,0.2,0.21,0.17,0.66,0.63,ST,ATT,1
Viktor Djukanović,LW,Montenegro,0.66,0.81,0.67,0.56,0.69,0.23,0.63,0.82,0.81,0.82,0.73,0.68,0.58,0.69,0.62,0.64,0.22,0.21,0.2,0.25,0.36,0.68,LW,ATT,7
Ben Doak,RW,Scotland,0.66,0.89,0.56,0.53,0.7,0.28,0.52,0.9,0.88,0.84,0.8,0.67,0.54,0.48,0.56,0.57,0.3,0.25,0.21,0.28,0.41,0.58,RW,ATT,7
Siriné Doucouré,ST,Mali,0.66,0.57,0.62,0.49,0.61,0.25,0.73,0.53,0.61,0.46,0.44,0.69,0.59,0.8,0.65,0.78,0.26,0.21,0.12,0.23,0.72,0.64,ST,ATT,1
Anosike Ementa,ST,Denmark,0.66,0.64,0.62,0.52,0.62,0.26,0.77,0.56,0.7,0.62,0.35,0.68,0.64,0.88,0.61,0.78,0.21,0.19,0.23,0.2,0.65,0.69,ST,ATT,1
Niall Ennis,ST,England,0.66,0.82,0.64,0.53,0.67,0.4,0.69,0.8,0.83,0.79,0.74,0.67,0.57,0.72,0.68,0.8,0.37,0.33,0.38,0.39,0.61,0.64,ST,ATT,2
Ante Erceg,ST,Croatia,0.66,0.7,0.64,0.52,0.66,0.29,0.69,0.68,0.71,0.66,0.67,0.69,0.64,0.67,0.68,0.71,0.19,0.18,0.37,0.19,0.64,0.65,ST,ATT,5
Dani Escriche,ST,Spain,0.66,0.7,0.65,0.51,0.67,0.3,0.67,0.73,0.68,0.73,0.7,0.68,0.64,0.67,0.69,0.76,0.17,0.14,0.41,0.23,0.69,0.62,ST,ATT,5
Runar Espejord,ST,Norway,0.66,0.65,0.64,0.51,0.61,0.3,0.74,0.67,0.63,0.65,0.48,0.66,0.67,0.84,0.7,0.8,0.15,0.15,0.45,0.2,0.65,0.66,ST,ATT,1
Edu Espiau,ST,Spain,0.66,0.69,0.64,0.58,0.61,0.25,0.69,0.67,0.71,0.56,0.54,0.6,0.69,0.74,0.67,0.75,0.18,0.19,0.22,0.21,0.67,0.67,ST,ATT,5
Francesco Pio Esposito,ST,Italy,0.66,0.61,0.66,0.56,0.62,0.33,0.65,0.55,0.65,0.58,0.43,0.65,0.66,0.75,0.55,0.72,0.39,0.33,0.23,0.23,0.67,0.67,ST,ATT,1
Kion Etete,ST,England,0.66,0.68,0.64,0.45,0.61,0.33,0.76,0.61,0.74,0.54,0.32,0.66,0.62,0.9,0.59,0.81,0.3,0.2,0.3,0.29,0.67,0.65,ST,ATT,1
Wahid Faghir,ST,Denmark,0.66,0.68,0.66,0.47,0.65,0.27,0.67,0.67,0.69,0.73,0.69,0.66,0.63,0.79,0.56,0.77,0.21,0.16,0.29,0.19,0.62,0.7,ST,ATT,5
Edder Farías,ST,Venezuela,0.66,0.61,0.65,0.52,0.6,0.27,0.76,0.55,0.65,0.52,0.59,0.63,0.61,0.82,0.67,0.76,0.22,0.13,0.2,0.33,0.67,0.7,ST,ATT,1
Roberto,ST,Spain,0.66,0.69,0.66,0.58,0.68,0.36,0.57,0.72,0.66,0.59,0.69,0.69,0.6,0.62,0.39,0.74,0.33,0.35,0.32,0.29,0.69,0.69,ST,ATT,5
Nicolás Ferreira,RW,Uruguay,0.66,0.7,0.64,0.6,0.68,0.31,0.59,0.74,0.67,0.63,0.78,0.68,0.6,0.52,0.62,0.67,0.25,0.26,0.3,0.27,0.66,0.52,RW,ATT,5
Frédéric Maciel,RW,Portugal,0.66,0.76,0.62,0.6,0.7,0.26,0.6,0.75,0.76,0.79,0.81,0.68,0.62,0.54,0.75,0.61,0.27,0.3,0.21,0.17,0.51,0.7,RW,ATT,7
Théo Fonseca,ST,Portugal,0.66,0.78,0.66,0.57,0.67,0.22,0.57,0.79,0.77,0.63,0.74,0.67,0.6,0.57,0.68,0.73,0.2,0.14,0.15,0.17,0.65,0.69,ST,ATT,5
Matias Fonseca,ST,Uruguay,0.66,0.67,0.7,0.58,0.65,0.36,0.59,0.66,0.67,0.75,0.64,0.69,0.58,0.61,0.66,0.65,0.32,0.39,0.35,0.33,0.56,0.67,ST,ATT,2
Shaqai Forde,RW,England,0.66,0.81,0.63,0.54,0.69,0.4,0.65,0.82,0.8,0.78,0.85,0.66,0.62,0.6,0.75,0.73,0.39,0.35,0.4,0.38,0.55,0.66,RW,ATT,2
Mohammed Fuseini,ST,Ghana,0.66,0.9,0.65,0.58,0.7,0.26,0.44,0.9,0.9,0.83,0.92,0.67,0.64,0.34,0.45,0.58,0.25,0.22,0.2,0.24,0.54,0.65,ST,ATT,7
Franco Emanuel García,RW,Argentina,0.66,0.9,0.52,0.61,0.68,0.34,0.56,0.89,0.91,0.81,0.77,0.64,0.5,0.5,0.78,0.58,0.3,0.38,0.36,0.3,0.39,0.51,RW,ATT,7
Agustín Graneros,ST,Argentina,0.66,0.77,0.66,0.5,0.67,0.3,0.57,0.76,0.78,0.72,0.69,0.65,0.68,0.6,0.62,0.74,0.28,0.23,0.31,0.2,0.63,0.66,ST,ATT,5
Daniel Håkans,RW,Finland,0.66,0.9,0.57,0.54,0.69,0.3,0.56,0.9,0.9,0.83,0.83,0.68,0.56,0.48,0.72,0.61,0.25,0.24,0.32,0.28,0.46,0.6,RW,ATT,7
Florent Hasani,RW,Kosovo,0.66,0.74,0.62,0.59,0.67,0.35,0.66,0.77,0.72,0.67,0.7,0.68,0.6,0.65,0.72,0.66,0.38,0.3,0.35,0.24,0.48,0.67,RW,ATT,7
Jose Herrera,RW,Argentina,0.66,0.77,0.63,0.61,0.67,0.26,0.56,0.78,0.77,0.72,0.72,0.67,0.57,0.5,0.62,0.59,0.26,0.2,0.23,0.24,0.47,0.71,RW,ATT,7
Patrick Hobsch,ST,Germany,0.66,0.71,0.66,0.48,0.61,0.26,0.69,0.7,0.72,0.68,0.69,0.66,0.58,0.74,0.73,0.85,0.27,0.3,0.15,0.19,0.69,0.67,ST,ATT,5
Ilyes Housni,ST,Morocco,0.66,0.67,0.67,0.57,0.7,0.26,0.49,0.69,0.65,0.74,0.78,0.7,0.61,0.52,0.44,0.62,0.23,0.19,0.22,0.23,0.6,0.7,ST,ATT,5
Adrien Hunou,ST,France,0.66,0.66,0.65,0.67,0.67,0.51,0.67,0.67,0.66,0.75,0.73,0.66,0.66,0.68,0.66,0.71,0.52,0.49,0.45,0.55,0.64,0.67,ST,ATT,2
Romario Ibarra,LW,Ecuador,0.66,0.8,0.62,0.62,0.67,0.39,0.65,0.8,0.8,0.79,0.72,0.64,0.65,0.69,0.67,0.77,0.32,0.34,0.49,0.26,0.62,0.68,LW,ATT,2
Gino Infantino,RW,Argentina,0.66,0.71,0.61,0.64,0.71,0.48,0.56,0.73,0.69,0.72,0.73,0.7,0.59,0.54,0.61,0.58,0.57,0.46,0.45,0.42,0.48,0.65,RW,ATT,2
Jeong Sang Bin,ST,Korea Republic,0.66,0.87,0.62,0.57,0.69,0.24,0.66,0.86,0.87,0.83,0.73,0.64,0.64,0.65,0.65,0.76,0.18,0.17,0.23,0.22,0.55,0.6,ST,ATT,5
Daniel Juárez,ST,Argentina,0.66,0.85,0.68,0.6,0.66,0.41,0.61,0.84,0.85,0.85,0.77,0.62,0.55,0.59,0.67,0.72,0.34,0.32,0.45,0.41,0.55,0.69,ST,ATT,2
Martijn Kaars,ST,Holland,0.66,0.74,0.65,0.54,0.67,0.31,0.64,0.72,0.76,0.67,0.66,0.69,0.64,0.64,0.79,0.7,0.25,0.29,0.28,0.34,0.58,0.68,ST,ATT,4
Karrikaburu,ST,Spain,0.66,0.71,0.65,0.5,0.64,0.26,0.6,0.69,0.73,0.67,0.69,0.66,0.62,0.69,0.55,0.71,0.28,0.24,0.17,0.2,0.62,0.66,ST,ATT,5
Philippe Paulin Keny,ST,Senegal,0.66,0.8,0.64,0.55,0.63,0.29,0.71,0.73,0.85,0.61,0.52,0.63,0.59,0.77,0.68,0.82,0.21,0.23,0.25,0.32,0.69,0.69,ST,ATT,4
Kim In Kyun,ST,Korea Republic,0.66,0.92,0.63,0.54,0.7,0.48,0.63,0.91,0.92,0.89,0.81,0.61,0.66,0.64,0.81,0.68,0.49,0.48,0.44,0.53,0.44,0.64,ST,ATT,2
Patryk Klimala,ST,Poland,0.66,0.81,0.63,0.49,0.65,0.3,0.74,0.79,0.82,0.72,0.69,0.66,0.63,0.74,0.69,0.82,0.36,0.31,0.2,0.19,0.67,0.7,ST,ATT,4
Koen Kostons,ST,Holland,0.66,0.74,0.63,0.6,0.66,0.29,0.66,0.68,0.78,0.69,0.66,0.67,0.65,0.65,0.76,0.72,0.22,0.19,0.3,0.24,0.7,0.59,ST,ATT,5
Florian Krüger,ST,Germany,0.66,0.79,0.64,0.57,0.67,0.22,0.72,0.83,0.75,0.7,0.68,0.68,0.66,0.74,0.72,0.8,0.15,0.23,0.22,0.14,0.58,0.69,ST,ATT,4
Owusu Kwabena,ST,Ghana,0.66,0.81,0.65,0.58,0.69,0.26,0.56,0.82,0.8,0.67,0.57,0.73,0.66,0.63,0.58,0.64,0.24,0.22,0.29,0.16,0.44,0.66,ST,ATT,7
Lobete,ST,Spain,0.66,0.69,0.64,0.57,0.68,0.23,0.58,0.73,0.66,0.71,0.8,0.67,0.67,0.61,0.61,0.72,0.13,0.15,0.25,0.17,0.64,0.66,ST,ATT,5
Lars Lokotsch,ST,Germany,0.66,0.71,0.63,0.5,0.6,0.36,0.83,0.67,0.74,0.56,0.57,0.63,0.61,0.88,0.75,0.83,0.37,0.28,0.3,0.29,0.7,0.67,ST,ATT,1
Enzo Adrián López,ST,Argentina,0.66,0.73,0.65,0.52,0.66,0.34,0.69,0.72,0.73,0.75,0.77,0.63,0.68,0.75,0.71,0.79,0.3,0.29,0.34,0.27,0.69,0.62,ST,ATT,4
Andrea Magrassi,ST,Italy,0.66,0.65,0.64,0.5,0.6,0.33,0.69,0.61,0.69,0.57,0.48,0.64,0.61,0.77,0.65,0.77,0.3,0.28,0.28,0.3,0.7,0.74,ST,ATT,1
Junior Marabel,ST,Paraguay,0.66,0.63,0.69,0.48,0.57,0.31,0.77,0.59,0.67,0.62,0.68,0.57,0.69,0.81,0.78,0.82,0.23,0.25,0.27,0.29,0.72,0.74,ST,ATT,1
Chris Martin,ST,Scotland,0.66,0.33,0.68,0.57,0.61,0.43,0.74,0.31,0.34,0.46,0.51,0.68,0.66,0.86,0.52,0.74,0.4,0.34,0.35,0.47,0.72,0.73,ST,ATT,1
Ronaldo Martínez,ST,Paraguay,0.66,0.72,0.66,0.48,0.66,0.2,0.55,0.71,0.72,0.62,0.76,0.64,0.63,0.62,0.59,0.72,0.18,0.15,0.13,0.12,0.63,0.66,ST,ATT,5
Luca Martínez Dupuy,ST,Mexico,0.66,0.71,0.66,0.51,0.66,0.25,0.61,0.72,0.7,0.68,0.71,0.68,0.62,0.68,0.61,0.71,0.21,0.23,0.18,0.25,0.59,0.68,ST,ATT,5
Javi Martón,ST,Spain,0.66,0.57,0.7,0.5,0.64,0.25,0.53,0.62,0.52,0.51,0.65,0.67,0.6,0.61,0.49,0.68,0.22,0.21,0.18,0.2,0.66,0.71,ST,ATT,1
John McAtee,ST,England,0.66,0.79,0.64,0.61,0.67,0.38,0.58,0.8,0.78,0.78,0.71,0.65,0.65,0.61,0.64,0.73,0.31,0.34,0.39,0.4,0.59,0.66,ST,ATT,2
Mexx Meerdink,ST,Holland,0.66,0.58,0.67,0.5,0.62,0.32,0.67,0.6,0.57,0.52,0.7,0.65,0.64,0.71,0.64,0.72,0.29,0.3,0.24,0.32,0.65,0.74,ST,ATT,1
Robin Meißner,ST,Germany,0.66,0.71,0.65,0.44,0.63,0.22,0.68,0.7,0.71,0.67,0.69,0.65,0.65,0.73,0.64,0.75,0.18,0.15,0.17,0.2,0.64,0.72,ST,ATT,5
Silvio Merkaj,ST,Albania,0.66,0.7,0.65,0.49,0.61,0.41,0.78,0.74,0.66,0.4,0.5,0.66,0.67,0.75,0.84,0.8,0.42,0.35,0.41,0.28,0.7,0.71,ST,ATT,1
David Miculescu,ST,Romania,0.66,0.66,0.63,0.61,0.68,0.43,0.71,0.68,0.64,0.72,0.65,0.69,0.63,0.75,0.67,0.81,0.42,0.36,0.41,0.37,0.72,0.6,ST,ATT,2
Georgi Milanov,LW,Bulgaria,0.66,0.66,0.65,0.67,0.67,0.43,0.51,0.67,0.65,0.68,0.65,0.7,0.61,0.58,0.5,0.51,0.44,0.43,0.42,0.47,0.34,0.7,LW,ATT,2
Alex Millán,ST,Spain,0.66,0.74,0.65,0.59,0.66,0.35,0.63,0.72,0.76,0.7,0.63,0.65,0.59,0.7,0.59,0.75,0.31,0.29,0.33,0.31,0.66,0.68,ST,ATT,5
Leonardo Rocha,ST,Portugal,0.66,0.55,0.65,0.49,0.62,0.21,0.68,0.52,0.58,0.5,0.31,0.66,0.63,0.9,0.53,0.82,0.11,0.16,0.2,0.16,0.71,0.66,ST,ATT,1
Juan Bautista Miritello,ST,Argentina,0.66,0.63,0.66,0.48,0.59,0.25,0.62,0.61,0.65,0.55,0.64,0.65,0.64,0.76,0.55,0.76,0.21,0.16,0.18,0.22,0.69,0.67,ST,ATT,5
Alexandru Musi,RW,Romania,0.66,0.85,0.59,0.58,0.71,0.27,0.59,0.86,0.85,0.91,0.86,0.69,0.5,0.57,0.75,0.66,0.3,0.25,0.2,0.25,0.45,0.68,RW,ATT,7
Marlon Suliman Mustapha,ST,Austria,0.66,0.8,0.66,0.55,0.64,0.24,0.75,0.79,0.81,0.69,0.66,0.61,0.6,0.78,0.65,0.83,0.22,0.21,0.19,0.16,0.63,0.71,ST,ATT,5
Ibrahim Mustapha,ST,Ghana,0.66,0.88,0.63,0.59,0.68,0.4,0.69,0.87,0.88,0.83,0.78,0.64,0.66,0.7,0.65,0.78,0.38,0.3,0.4,0.38,0.57,0.69,ST,ATT,2
Rafael Navarro,ST,Brazil,0.66,0.7,0.65,0.5,0.65,0.36,0.62,0.72,0.68,0.66,0.55,0.66,0.51,0.71,0.66,0.78,0.21,0.18,0.41,0.41,0.69,0.62,ST,ATT,5
Jayden Nelson,LW,Canada,0.66,0.89,0.58,0.58,0.71,0.48,0.47,0.9,0.89,0.9,0.84,0.67,0.55,0.34,0.69,0.54,0.53,0.36,0.48,0.49,0.46,0.61,LW,ATT,7
Alexander Nollenberger,LW,Germany,0.66,0.85,0.6,0.59,0.68,0.47,0.66,0.82,0.88,0.79,0.76,0.68,0.57,0.67,0.76,0.73,0.48,0.48,0.45,0.43,0.53,0.69,LW,ATT,2
Sam Nombe,ST,England,0.66,0.91,0.65,0.54,0.65,0.31,0.7,0.9,0.91,0.73,0.62,0.64,0.64,0.72,0.78,0.82,0.25,0.17,0.4,0.21,0.59,0.63,ST,ATT,4
Osnar Noronha,ST,Peru,0.66,0.61,0.69,0.46,0.61,0.27,0.61,0.61,0.61,0.49,0.7,0.58,0.65,0.68,0.66,0.71,0.22,0.21,0.26,0.15,0.7,0.68,ST,ATT,1
Andrija Novakovich,ST,United States,0.66,0.7,0.65,0.56,0.62,0.4,0.69,0.69,0.71,0.68,0.45,0.66,0.63,0.78,0.71,0.79,0.4,0.32,0.38,0.34,0.7,0.7,ST,ATT,1
Nachon Nsingi,ST,Belgium,0.66,0.83,0.65,0.58,0.69,0.26,0.6,0.84,0.82,0.74,0.88,0.7,0.63,0.64,0.58,0.72,0.28,0.21,0.19,0.22,0.51,0.73,ST,ATT,7
Atdhe Nuhiu,ST,Kosovo,0.66,0.3,0.65,0.58,0.6,0.39,0.83,0.32,0.29,0.3,0.35,0.66,0.67,0.93,0.71,0.81,0.41,0.34,0.33,0.29,0.78,0.72,ST,ATT,1
Sergio Núñez,ST,Uruguay,0.66,0.72,0.67,0.49,0.64,0.18,0.54,0.69,0.75,0.65,0.51,0.67,0.65,0.54,0.73,0.65,0.12,0.12,0.13,0.12,0.66,0.61,ST,ATT,5
Allen Obando,ST,Ecuador,0.66,0.69,0.61,0.48,0.65,0.29,0.66,0.66,0.72,0.67,0.68,0.62,0.67,0.72,0.68,0.88,0.25,0.2,0.25,0.2,0.75,0.54,ST,ATT,5
Mohamed Ofkir,LW,Norway,0.66,0.84,0.62,0.57,0.67,0.3,0.6,0.85,0.84,0.81,0.74,0.66,0.62,0.56,0.73,0.59,0.28,0.3,0.35,0.22,0.33,0.66,LW,ATT,7
Yuki Ohashi,ST,Japan,0.66,0.67,0.65,0.56,0.66,0.36,0.69,0.63,0.7,0.64,0.66,0.65,0.65,0.68,0.75,0.7,0.3,0.26,0.41,0.28,0.64,0.65,ST,ATT,4
Aaron Olanare,ST,Nigeria,0.66,0.54,0.69,0.59,0.64,0.25,0.73,0.51,0.56,0.57,0.62,0.6,0.54,0.82,0.63,0.75,0.21,0.26,0.19,0.18,0.69,0.76,ST,ATT,1
Nathan Opoku,ST,Ghana,0.66,0.81,0.68,0.54,0.66,0.24,0.61,0.8,0.82,0.77,0.67,0.65,0.58,0.65,0.51,0.75,0.22,0.17,0.23,0.16,0.6,0.7,ST,ATT,5
Alexander Oroz,RW,Chile,0.66,0.76,0.63,0.61,0.68,0.27,0.6,0.77,0.76,0.74,0.77,0.67,0.58,0.61,0.63,0.71,0.26,0.23,0.19,0.29,0.56,0.65,RW,ATT,5
David Otto,ST,Germany,0.66,0.7,0.66,0.55,0.66,0.28,0.63,0.73,0.68,0.68,0.64,0.65,0.62,0.69,0.72,0.74,0.2,0.18,0.3,0.25,0.63,0.66,ST,ATT,5
Manuel Palacios,LW,Colombia,0.66,0.9,0.58,0.58,0.68,0.45,0.73,0.88,0.91,0.76,0.77,0.62,0.6,0.83,0.82,0.88,0.51,0.48,0.45,0.29,0.6,0.68,LW,ATT,2
Kwame Peprah,ST,Ghana,0.66,0.76,0.68,0.54,0.64,0.35,0.65,0.83,0.71,0.66,0.79,0.56,0.66,0.72,0.66,0.81,0.35,0.31,0.28,0.36,0.6,0.69,ST,ATT,4
Virgiliu Postolachi,ST,Moldova,0.66,0.68,0.66,0.54,0.61,0.33,0.72,0.65,0.71,0.58,0.53,0.64,0.65,0.77,0.62,0.77,0.33,0.24,0.28,0.28,0.67,0.67,ST,ATT,1
Darío Poveda,ST,Spain,0.66,0.58,0.66,0.58,0.63,0.25,0.52,0.56,0.6,0.58,0.56,0.66,0.65,0.64,0.37,0.72,0.22,0.23,0.19,0.14,0.72,0.65,ST,ATT,1
Kacper Przybyłko,ST,Poland,0.66,0.59,0.64,0.57,0.62,0.27,0.76,0.63,0.55,0.6,0.49,0.63,0.68,0.84,0.73,0.8,0.23,0.2,0.24,0.22,0.68,0.68,ST,ATT,1
Djorkaeff Reasco,ST,Ecuador,0.66,0.76,0.67,0.54,0.65,0.33,0.74,0.76,0.76,0.68,0.7,0.65,0.59,0.71,0.79,0.78,0.2,0.19,0.39,0.34,0.62,0.69,ST,ATT,4
Hernán Rengifo,ST,Peru,0.66,0.58,0.7,0.51,0.59,0.3,0.66,0.55,0.6,0.53,0.38,0.6,0.61,0.71,0.74,0.7,0.27,0.22,0.28,0.22,0.64,0.66,ST,ATT,1
Juan Rivero,LW,Uruguay,0.66,0.79,0.65,0.61,0.69,0.42,0.55,0.78,0.79,0.65,0.71,0.7,0.48,0.58,0.66,0.62,0.42,0.4,0.4,0.42,0.45,0.69,LW,ATT,2
Hernandes,ST,Brazil,0.66,0.81,0.62,0.55,0.67,0.31,0.68,0.77,0.85,0.76,0.65,0.65,0.63,0.75,0.68,0.8,0.32,0.36,0.22,0.23,0.61,0.66,ST,ATT,4
Pablo Rodríguez,ST,Spain,0.66,0.81,0.66,0.55,0.65,0.32,0.59,0.79,0.83,0.7,0.69,0.65,0.63,0.61,0.69,0.72,0.3,0.22,0.28,0.3,0.59,0.68,ST,ATT,5
Fernando Romero,ST,Paraguay,0.66,0.64,0.69,0.54,0.62,0.25,0.68,0.63,0.64,0.59,0.63,0.6,0.65,0.73,0.64,0.73,0.19,0.2,0.21,0.2,0.65,0.66,ST,ATT,5
Nazariy Rusyn,ST,Ukraine,0.66,0.77,0.66,0.45,0.64,0.2,0.53,0.77,0.77,0.65,0.73,0.65,0.67,0.59,0.53,0.73,0.16,0.16,0.15,0.13,0.66,0.64,ST,ATT,5
Ibrahim Said,RW,Nigeria,0.66,0.82,0.57,0.57,0.71,0.24,0.44,0.81,0.83,0.88,0.84,0.7,0.59,0.37,0.61,0.45,0.28,0.26,0.2,0.2,0.3,0.56,RW,ATT,7
Lars-Jørgen Salvesen,ST,Norway,0.66,0.66,0.66,0.53,0.6,0.38,0.79,0.69,0.63,0.56,0.63,0.61,0.65,0.8,0.83,0.84,0.3,0.25,0.42,0.34,0.72,0.72,ST,ATT,1
Leo Sauer,LW,Slovakia,0.66,0.81,0.58,0.61,0.7,0.39,0.59,0.84,0.78,0.82,0.77,0.68,0.57,0.63,0.67,0.64,0.46,0.35,0.36,0.34,0.39,0.64,LW,ATT,7
Luca Schuler,ST,Germany,0.66,0.78,0.64,0.45,0.63,0.33,0.75,0.8,0.76,0.6,0.52,0.64,0.6,0.78,0.76,0.85,0.33,0.3,0.23,0.31,0.68,0.66,ST,ATT,4
Václav Sejk,ST,Czech Republic,0.66,0.73,0.61,0.45,0.64,0.26,0.72,0.75,0.72,0.74,0.71,0.66,0.64,0.74,0.62,0.79,0.23,0.21,0.2,0.22,0.67,0.63,ST,ATT,5
Evgeniy Shikavka,ST,Belarus,0.66,0.64,0.66,0.51,0.64,0.34,0.69,0.63,0.64,0.61,0.7,0.65,0.65,0.7,0.74,0.72,0.3,0.23,0.3,0.32,0.68,0.68,ST,ATT,1
Simon Skrabb,RW,Finland,0.66,0.65,0.65,0.64,0.67,0.51,0.67,0.67,0.63,0.74,0.72,0.67,0.66,0.65,0.79,0.64,0.51,0.52,0.44,0.58,0.54,0.68,RW,ATT,2
Michael Smith,ST,England,0.66,0.49,0.67,0.55,0.57,0.3,0.8,0.5,0.48,0.34,0.34,0.66,0.66,0.9,0.66,0.83,0.23,0.24,0.25,0.28,0.75,0.72,ST,ATT,1
Franco Soldano,ST,Argentina,0.66,0.69,0.62,0.54,0.63,0.44,0.73,0.7,0.69,0.7,0.69,0.65,0.7,0.77,0.67,0.83,0.47,0.46,0.4,0.31,0.72,0.68,ST,ATT,2
Sondre Sørli,RW,Norway,0.66,0.9,0.59,0.62,0.66,0.53,0.59,0.89,0.9,0.8,0.74,0.64,0.6,0.51,0.77,0.63,0.55,0.54,0.54,0.54,0.45,0.63,RW,ATT,2
Cristian Souza,RW,Uruguay,0.66,0.76,0.64,0.6,0.63,0.23,0.57,0.75,0.77,0.65,0.74,0.62,0.64,0.57,0.77,0.7,0.2,0.19,0.2,0.12,0.64,0.66,RW,ATT,5
Max Svensson,LW,Sweden,0.66,0.81,0.59,0.6,0.7,0.31,0.47,0.83,0.8,0.79,0.87,0.7,0.6,0.38,0.73,0.48,0.25,0.24,0.33,0.34,0.39,0.65,LW,ATT,7
Svensson,ST,Spain,0.66,0.77,0.66,0.59,0.66,0.41,0.66,0.79,0.76,0.76,0.67,0.65,0.62,0.63,0.76,0.75,0.36,0.3,0.43,0.4,0.61,0.74,ST,ATT,2
Kajetan Szmyt,RW,Poland,0.66,0.85,0.59,0.61,0.7,0.38,0.52,0.84,0.85,0.84,0.87,0.69,0.54,0.45,0.63,0.55,0.4,0.39,0.29,0.44,0.43,0.59,RW,ATT,7
Filip Szymczak,ST,Poland,0.66,0.75,0.63,0.55,0.68,0.21,0.68,0.8,0.71,0.76,0.67,0.68,0.59,0.82,0.59,0.85,0.15,0.14,0.18,0.18,0.62,0.71,ST,ATT,5
Joe Taylor,ST,Wales,0.66,0.85,0.65,0.49,0.64,0.35,0.68,0.89,0.82,0.71,0.61,0.62,0.63,0.66,0.72,0.78,0.29,0.13,0.39,0.39,0.57,0.65,ST,ATT,5
Nigel Thomas,LW,Holland,0.66,0.84,0.6,0.59,0.7,0.27,0.51,0.84,0.84,0.61,0.72,0.7,0.56,0.57,0.38,0.61,0.28,0.27,0.24,0.23,0.4,0.65,LW,ATT,7
Simy,ST,Nigeria,0.66,0.42,0.69,0.45,0.64,0.28,0.74,0.48,0.37,0.68,0.31,0.65,0.72,0.83,0.6,0.74,0.28,0.22,0.2,0.22,0.69,0.7,ST,ATT,1
Mason Toye,ST,United States,0.66,0.72,0.69,0.44,0.61,0.3,0.62,0.64,0.78,0.68,0.46,0.62,0.54,0.74,0.35,0.74,0.23,0.18,0.35,0.19,0.67,0.72,ST,ATT,5
Blair Turgott,ST,Jamaica,0.66,0.82,0.66,0.57,0.68,0.25,0.71,0.81,0.82,0.79,0.75,0.65,0.63,0.74,0.73,0.76,0.22,0.22,0.22,0.22,0.54,0.66,ST,ATT,4
Adrián Ugarriza,ST,Peru,0.66,0.67,0.67,0.6,0.66,0.23,0.63,0.66,0.68,0.7,0.71,0.63,0.64,0.75,0.63,0.75,0.22,0.23,0.14,0.15,0.67,0.66,ST,ATT,5
Thibaud Verlinden,LW,Belgium,0.66,0.73,0.6,0.61,0.7,0.39,0.42,0.7,0.75,0.76,0.79,0.68,0.68,0.36,0.57,0.45,0.37,0.46,0.48,0.2,0.46,0.69,LW,ATT,7
Romeo Vermant,ST,Belgium,0.66,0.78,0.67,0.55,0.63,0.19,0.63,0.77,0.78,0.65,0.73,0.64,0.6,0.65,0.63,0.75,0.11,0.2,0.15,0.15,0.6,0.69,ST,ATT,5
Luca Vido,ST,Italy,0.66,0.63,0.66,0.6,0.68,0.37,0.62,0.64,0.63,0.69,0.67,0.66,0.62,0.68,0.58,0.7,0.32,0.26,0.4,0.33,0.65,0.71,ST,ATT,1
Lars Villiger,ST,Switzerland,0.66,0.65,0.66,0.48,0.64,0.24,0.68,0.64,0.65,0.57,0.51,0.66,0.63,0.74,0.62,0.74,0.19,0.17,0.23,0.17,0.65,0.66,ST,ATT,5
Julian von Moos,RW,Switzerland,0.66,0.82,0.6,0.59,0.69,0.28,0.61,0.82,0.82,0.8,0.78,0.67,0.57,0.62,0.74,0.74,0.26,0.12,0.36,0.12,0.59,0.62,RW,ATT,7
Ibrahima Wadji,ST,Senegal,0.66,0.89,0.65,0.55,0.69,0.27,0.67,0.89,0.89,0.82,0.83,0.67,0.59,0.68,0.69,0.75,0.28,0.22,0.21,0.22,0.53,0.67,ST,ATT,7
Nelson Weiper,ST,Germany,0.66,0.7,0.65,0.46,0.65,0.25,0.69,0.64,0.74,0.63,0.56,0.65,0.64,0.74,0.6,0.75,0.2,0.19,0.23,0.18,0.7,0.62,ST,ATT,5
Gustav Mendonca Wikheim,LW,Norway,0.66,0.84,0.57,0.59,0.72,0.44,0.54,0.86,0.83,0.89,0.76,0.7,0.6,0.48,0.64,0.66,0.46,0.42,0.42,0.38,0.56,0.62,LW,ATT,2
Bobby Wood,ST,United States,0.66,0.75,0.67,0.57,0.66,0.27,0.68,0.75,0.75,0.74,0.73,0.65,0.61,0.75,0.59,0.79,0.2,0.18,0.18,0.36,0.65,0.73,ST,ATT,4
Charlie Wyke,ST,England,0.66,0.54,0.66,0.56,0.63,0.37,0.75,0.51,0.56,0.59,0.51,0.67,0.66,0.83,0.63,0.76,0.32,0.27,0.39,0.31,0.7,0.69,ST,ATT,1
Yang Liyu,RW,China PR,0.66,0.83,0.64,0.61,0.63,0.43,0.73,0.82,0.83,0.78,0.76,0.62,0.65,0.71,0.88,0.81,0.42,0.41,0.43,0.38,0.62,0.68,RW,ATT,2
Kusini Yengi,ST,Australia,0.66,0.81,0.65,0.54,0.68,0.3,0.79,0.79,0.83,0.81,0.78,0.63,0.6,0.89,0.68,0.85,0.3,0.24,0.25,0.26,0.57,0.74,ST,ATT,4
Bertuğ Yıldırım,ST,Turkey,0.66,0.7,0.64,0.48,0.62,0.32,0.72,0.66,0.73,0.64,0.57,0.65,0.59,0.76,0.67,0.78,0.22,0.23,0.38,0.23,0.7,0.69,ST,ATT,5
Ekain,ST,Spain,0.66,0.72,0.64,0.6,0.67,0.28,0.65,0.73,0.71,0.74,0.72,0.68,0.67,0.62,0.65,0.72,0.25,0.3,0.22,0.25,0.63,0.66,ST,ATT,5
Zhang Yuning,ST,China PR,0.66,0.73,0.67,0.58,0.6,0.3,0.77,0.65,0.79,0.64,0.71,0.6,0.63,0.84,0.74,0.8,0.31,0.28,0.2,0.23,0.68,0.71,ST,ATT,4
Ervin Zorrilla,ST,Panama,0.66,0.73,0.68,0.47,0.61,0.21,0.53,0.73,0.73,0.71,0.74,0.65,0.6,0.56,0.6,0.71,0.18,0.13,0.13,0.19,0.69,0.67,ST,ATT,5
Jayden Addai,RW,Holland,0.65,0.86,0.59,0.57,0.69,0.29,0.52,0.9,0.83,0.79,0.76,0.66,0.54,0.56,0.59,0.63,0.33,0.28,0.28,0.2,0.42,0.61,RW,ATT,7
Victor Adeboyejo,ST,Nigeria,0.65,0.75,0.65,0.51,0.64,0.27,0.7,0.76,0.74,0.73,0.74,0.63,0.64,0.75,0.7,0.79,0.19,0.18,0.32,0.18,0.6,0.68,ST,ATT,5
Nikolas Agrafiotis,ST,Serbia,0.65,0.72,0.65,0.47,0.61,0.26,0.73,0.68,0.75,0.57,0.57,0.59,0.61,0.82,0.71,0.77,0.21,0.18,0.24,0.15,0.72,0.68,ST,ATT,5
Patrick Agyemang,ST,Ghana,0.65,0.55,0.68,0.46,0.61,0.21,0.62,0.51,0.59,0.53,0.43,0.67,0.58,0.71,0.61,0.68,0.14,0.17,0.22,0.12,0.63,0.69,ST,ATT,1
Gassan Ahadme,ST,Morocco,0.65,0.67,0.63,0.51,0.61,0.3,0.7,0.65,0.68,0.59,0.54,0.63,0.62,0.77,0.66,0.77,0.26,0.2,0.26,0.28,0.67,0.63,ST,ATT,1
Agustín Alaniz,RW,Uruguay,0.65,0.73,0.65,0.54,0.68,0.37,0.57,0.7,0.75,0.74,0.66,0.68,0.51,0.6,0.58,0.68,0.4,0.4,0.22,0.42,0.6,0.68,RW,ATT,2
Adrián Alcaraz,ST,Paraguay,0.65,0.77,0.65,0.51,0.67,0.18,0.44,0.79,0.75,0.74,0.56,0.65,0.55,0.43,0.57,0.63,0.13,0.12,0.1,0.17,0.65,0.63,ST,ATT,5
Giuseppe Ambrosino,ST,Italy,0.65,0.75,0.61,0.58,0.64,0.4,0.7,0.76,0.75,0.72,0.63,0.65,0.63,0.75,0.65,0.81,0.44,0.35,0.31,0.36,0.67,0.63,ST,ATT,2
Marcus Antonsson,ST,Sweden,0.65,0.77,0.63,0.53,0.64,0.38,0.74,0.75,0.78,0.7,0.68,0.62,0.62,0.75,0.77,0.78,0.39,0.36,0.32,0.34,0.6,0.65,ST,ATT,2
Taïryk Arconte,ST,France,0.65,0.71,0.66,0.59,0.68,0.28,0.58,0.71,0.71,0.69,0.67,0.67,0.52,0.65,0.59,0.7,0.27,0.25,0.23,0.25,0.58,0.69,ST,ATT,5
Sinclair Armstrong,ST,Republic of Ireland,0.65,0.89,0.63,0.52,0.61,0.23,0.77,0.88,0.9,0.62,0.59,0.6,0.61,0.85,0.6,0.87,0.15,0.2,0.18,0.25,0.58,0.75,ST,ATT,5
Fisnik Asllani,ST,Germany,0.65,0.59,0.66,0.49,0.65,0.25,0.61,0.57,0.61,0.64,0.6,0.66,0.6,0.71,0.56,0.7,0.2,0.2,0.19,0.22,0.65,0.62,ST,ATT,5
Jonah Ayunga,ST,Kenya,0.65,0.77,0.63,0.55,0.62,0.37,0.74,0.76,0.78,0.61,0.54,0.62,0.63,0.8,0.71,0.83,0.41,0.37,0.32,0.25,0.62,0.67,ST,ATT,4
Nikolai Baden Frederiksen,ST,Denmark,0.65,0.74,0.64,0.6,0.67,0.23,0.63,0.75,0.73,0.72,0.75,0.67,0.65,0.66,0.68,0.71,0.16,0.12,0.27,0.17,0.56,0.67,ST,ATT,5
Dominique Badji,ST,Senegal,0.65,0.74,0.6,0.53,0.64,0.38,0.72,0.72,0.75,0.67,0.62,0.63,0.64,0.75,0.73,0.8,0.39,0.34,0.4,0.19,0.7,0.66,ST,ATT,4
Youssouph Badji,ST,Senegal,0.65,0.7,0.62,0.51,0.64,0.28,0.71,0.63,0.76,0.62,0.52,0.66,0.63,0.75,0.68,0.75,0.21,0.18,0.26,0.28,0.67,0.72,ST,ATT,5
Sofian Bahloul,RW,France,0.65,0.77,0.68,0.59,0.67,0.27,0.63,0.77,0.77,0.69,0.68,0.68,0.45,0.59,0.69,0.66,0.3,0.31,0.21,0.17,0.52,0.71,RW,ATT,5
Enrico Baldini,ST,Italy,0.65,0.76,0.66,0.59,0.7,0.28,0.51,0.75,0.76,0.83,0.79,0.7,0.59,0.53,0.6,0.6,0.26,0.25,0.25,0.25,0.51,0.65,ST,ATT,7
Yusuf Barası,ST,Turkey,0.65,0.75,0.65,0.52,0.67,0.21,0.61,0.78,0.73,0.73,0.66,0.66,0.62,0.6,0.69,0.72,0.17,0.18,0.15,0.18,0.59,0.64,ST,ATT,5
Louie Barry,LW,England,0.65,0.9,0.6,0.54,0.68,0.28,0.58,0.91,0.9,0.91,0.86,0.62,0.56,0.6,0.71,0.74,0.3,0.27,0.23,0.19,0.54,0.6,LW,ATT,7
Norman Bassette,ST,Belgium,0.65,0.73,0.64,0.45,0.6,0.31,0.65,0.72,0.74,0.67,0.67,0.62,0.58,0.69,0.64,0.75,0.45,0.4,0.11,0.19,0.67,0.65,ST,ATT,5
Roko Baturina,ST,Croatia,0.65,0.66,0.67,0.49,0.6,0.21,0.69,0.67,0.65,0.54,0.37,0.63,0.57,0.81,0.59,0.78,0.15,0.14,0.18,0.17,0.63,0.71,ST,ATT,1
André Becker,ST,Brazil,0.65,0.55,0.64,0.41,0.59,0.28,0.76,0.53,0.56,0.56,0.36,0.62,0.62,0.91,0.67,0.83,0.22,0.26,0.25,0.2,0.72,0.68,ST,ATT,1
Edgar Benítez,LW,Paraguay,0.65,0.66,0.63,0.66,0.64,0.27,0.59,0.65,0.67,0.7,0.54,0.63,0.58,0.58,0.64,0.56,0.2,0.24,0.19,0.41,0.45,0.61,LW,ATT,5
Mason Bennett,ST,England,0.65,0.75,0.6,0.61,0.66,0.42,0.73,0.77,0.74,0.74,0.7,0.66,0.63,0.79,0.61,0.83,0.4,0.32,0.42,0.42,0.62,0.62,ST,ATT,2
Jo Inge Berget,ST,Norway,0.65,0.64,0.65,0.64,0.63,0.53,0.75,0.62,0.65,0.62,0.66,0.64,0.69,0.76,0.74,0.74,0.56,0.53,0.45,0.59,0.6,0.74,ST,ATT,2
Adel Bettaieb,ST,Tunisia,0.65,0.72,0.65,0.53,0.65,0.22,0.63,0.7,0.74,0.61,0.57,0.67,0.56,0.7,0.66,0.72,0.2,0.22,0.17,0.14,0.62,0.71,ST,ATT,5
Brian Beyer,ST,France,0.65,0.67,0.64,0.54,0.66,0.35,0.76,0.66,0.67,0.63,0.62,0.67,0.67,0.78,0.73,0.77,0.33,0.27,0.35,0.28,0.64,0.75,ST,ATT,4
Flavio Bianchi,ST,Italy,0.65,0.73,0.67,0.48,0.63,0.27,0.57,0.78,0.68,0.75,0.76,0.63,0.63,0.61,0.63,0.8,0.22,0.23,0.21,0.21,0.71,0.61,ST,ATT,5
Ole Didrik Blomberg,RW,Norway,0.65,0.76,0.55,0.61,0.67,0.59,0.69,0.77,0.75,0.73,0.73,0.66,0.66,0.65,0.78,0.7,0.61,0.59,0.58,0.58,0.53,0.55,RW,ATT,2
Ștefan Bodișteanu,LW,Romania,0.65,0.81,0.55,0.6,0.68,0.37,0.59,0.82,0.8,0.81,0.76,0.67,0.57,0.58,0.75,0.56,0.37,0.34,0.36,0.46,0.26,0.51,LW,ATT,7
Rivaldinho,ST,Brazil,0.65,0.67,0.64,0.58,0.64,0.33,0.73,0.66,0.67,0.59,0.72,0.66,0.58,0.83,0.66,0.81,0.37,0.35,0.21,0.27,0.69,0.67,ST,ATT,1
Torgeir Børven,ST,Norway,0.65,0.61,0.64,0.56,0.64,0.33,0.65,0.6,0.61,0.71,0.65,0.65,0.68,0.72,0.68,0.73,0.27,0.22,0.37,0.22,0.67,0.67,ST,ATT,1
Iker Bravo,ST,Spain,0.65,0.66,0.66,0.54,0.65,0.23,0.56,0.67,0.66,0.66,0.63,0.66,0.61,0.6,0.53,0.7,0.17,0.17,0.2,0.18,0.7,0.7,ST,ATT,5
Kai Brünker,ST,Germany,0.65,0.62,0.66,0.43,0.55,0.4,0.84,0.53,0.7,0.58,0.54,0.59,0.63,0.9,0.8,0.83,0.4,0.38,0.37,0.32,0.71,0.72,ST,ATT,1
Paris Brunner,ST,Germany,0.65,0.68,0.66,0.51,0.67,0.27,0.59,0.69,0.68,0.72,0.67,0.65,0.59,0.64,0.57,0.69,0.28,0.2,0.2,0.24,0.6,0.62,ST,ATT,5
Vitor Gabriel,ST,Brazil,0.65,0.74,0.64,0.43,0.63,0.21,0.69,0.7,0.78,0.57,0.59,0.61,0.56,0.78,0.61,0.79,0.12,0.18,0.16,0.18,0.67,0.67,ST,ATT,5
Bailey Cadamarteri,ST,England,0.65,0.76,0.63,0.47,0.62,0.32,0.61,0.78,0.75,0.66,0.66,0.62,0.63,0.62,0.61,0.74,0.38,0.19,0.23,0.3,0.6,0.65,ST,ATT,5
Niklas Castro,LW,Chile,0.65,0.72,0.63,0.61,0.67,0.42,0.61,0.75,0.7,0.71,0.78,0.66,0.56,0.57,0.75,0.63,0.39,0.32,0.42,0.45,0.51,0.64,LW,ATT,2
Matias Cavalleri,RW,Chile,0.65,0.81,0.61,0.59,0.68,0.32,0.57,0.8,0.81,0.74,0.78,0.64,0.57,0.58,0.73,0.72,0.31,0.26,0.33,0.21,0.61,0.65,RW,ATT,7
Joseph Champness,LW,New Zealand,0.65,0.82,0.61,0.56,0.68,0.24,0.59,0.83,0.82,0.69,0.64,0.63,0.53,0.71,0.51,0.67,0.25,0.24,0.2,0.19,0.39,0.64,LW,ATT,5
Pablo Chavarría,ST,Argentina,0.65,0.57,0.64,0.65,0.64,0.35,0.76,0.55,0.59,0.71,0.68,0.64,0.66,0.78,0.77,0.74,0.37,0.48,0.24,0.28,0.66,0.68,ST,ATT,1
Collado,ST,Spain,0.65,0.62,0.67,0.62,0.64,0.34,0.54,0.63,0.62,0.65,0.62,0.65,0.59,0.57,0.65,0.65,0.3,0.31,0.31,0.31,0.65,0.68,ST,ATT,5
Facinet Conte,ST,Guinea,0.65,0.83,0.64,0.45,0.67,0.19,0.5,0.8,0.86,0.77,0.76,0.64,0.63,0.56,0.51,0.7,0.19,0.16,0.11,0.12,0.58,0.64,ST,ATT,5
Andy Cook,ST,England,0.65,0.52,0.65,0.53,0.59,0.28,0.84,0.52,0.52,0.45,0.68,0.63,0.65,0.91,0.7,0.87,0.26,0.25,0.22,0.23,0.68,0.69,ST,ATT,1
Valerio Crespi,ST,Italy,0.65,0.78,0.63,0.57,0.63,0.34,0.68,0.8,0.76,0.73,0.72,0.6,0.63,0.79,0.57,0.84,0.32,0.27,0.27,0.35,0.64,0.65,ST,ATT,5
Erdon Daci,ST,North Macedonia,0.65,0.65,0.67,0.59,0.65,0.26,0.6,0.63,0.66,0.61,0.61,0.64,0.65,0.65,0.58,0.68,0.17,0.17,0.29,0.19,0.62,0.7,ST,ATT,5
Dalmau,ST,Spain,0.65,0.67,0.67,0.52,0.65,0.4,0.57,0.68,0.66,0.7,0.66,0.64,0.63,0.59,0.6,0.69,0.33,0.27,0.45,0.34,0.7,0.68,ST,ATT,2
Luís Phelipe,LW,Brazil,0.65,0.79,0.56,0.61,0.7,0.45,0.69,0.78,0.79,0.73,0.59,0.7,0.55,0.7,0.68,0.74,0.4,0.39,0.45,0.47,0.57,0.61,LW,ATT,2
Sory Ibrahim Diarra,ST,Mali,0.65,0.78,0.64,0.49,0.57,0.26,0.73,0.76,0.8,0.71,0.56,0.57,0.6,0.8,0.72,0.84,0.23,0.22,0.2,0.2,0.66,0.67,ST,ATT,5
Vagner,ST,Cape Verde Islands,0.65,0.79,0.66,0.63,0.7,0.31,0.57,0.81,0.78,0.9,0.8,0.67,0.65,0.55,0.53,0.64,0.39,0.32,0.21,0.24,0.49,0.69,ST,ATT,7
Nick Doodeman,RW,Holland,0.65,0.73,0.61,0.59,0.67,0.29,0.51,0.75,0.72,0.74,0.77,0.66,0.56,0.51,0.66,0.52,0.32,0.31,0.24,0.23,0.4,0.6,RW,ATT,7
Damion Downs,ST,United States,0.65,0.68,0.65,0.51,0.6,0.24,0.58,0.67,0.69,0.55,0.5,0.62,0.6,0.67,0.51,0.72,0.18,0.2,0.2,0.18,0.7,0.64,ST,ATT,5
Mario Engels,ST,Germany,0.65,0.82,0.64,0.59,0.66,0.27,0.66,0.81,0.82,0.71,0.73,0.65,0.63,0.64,0.69,0.63,0.19,0.2,0.3,0.23,0.54,0.68,ST,ATT,5
Jusef Erabi,ST,Sweden,0.65,0.8,0.64,0.49,0.65,0.26,0.76,0.8,0.8,0.67,0.58,0.68,0.53,0.83,0.73,0.82,0.24,0.23,0.2,0.23,0.55,0.57,ST,ATT,5
Will Evans,ST,Wales,0.65,0.73,0.63,0.58,0.61,0.5,0.74,0.75,0.72,0.57,0.6,0.62,0.63,0.71,0.9,0.77,0.5,0.48,0.45,0.51,0.63,0.64,ST,ATT,2
Omar Faraj,ST,Palestine,0.65,0.72,0.61,0.47,0.66,0.23,0.76,0.71,0.73,0.66,0.83,0.65,0.63,0.89,0.53,0.84,0.2,0.18,0.16,0.2,0.61,0.66,ST,ATT,5
Ashley Fletcher,ST,England,0.65,0.71,0.64,0.44,0.63,0.28,0.69,0.65,0.76,0.72,0.56,0.64,0.63,0.73,0.63,0.75,0.32,0.23,0.17,0.22,0.7,0.71,ST,ATT,5
Boubacar Fofana,ST,France,0.65,0.82,0.63,0.58,0.69,0.3,0.59,0.81,0.82,0.83,0.77,0.65,0.64,0.6,0.58,0.7,0.26,0.37,0.28,0.22,0.54,0.66,ST,ATT,7
Ben Folami,LW,Australia,0.65,0.81,0.58,0.57,0.69,0.26,0.66,0.81,0.81,0.82,0.77,0.69,0.54,0.77,0.71,0.82,0.2,0.2,0.23,0.25,0.59,0.57,LW,ATT,5
Per Frick,ST,Sweden,0.65,0.74,0.62,0.57,0.59,0.36,0.85,0.76,0.73,0.73,0.7,0.56,0.72,0.88,0.75,0.87,0.34,0.25,0.36,0.29,0.64,0.61,ST,ATT,4
Noah Ganaus,ST,Germany,0.65,0.54,0.64,0.49,0.6,0.25,0.7,0.55,0.54,0.5,0.54,0.63,0.61,0.74,0.71,0.77,0.17,0.19,0.22,0.2,0.74,0.63,ST,ATT,1
Lars Gindorf,ST,Germany,0.65,0.67,0.66,0.59,0.65,0.36,0.58,0.68,0.66,0.65,0.71,0.66,0.64,0.65,0.6,0.61,0.38,0.41,0.36,0.25,0.47,0.69,ST,ATT,2
José de Jesús Godínez,ST,Mexico,0.65,0.68,0.62,0.54,0.64,0.3,0.71,0.66,0.69,0.54,0.58,0.67,0.62,0.76,0.67,0.82,0.21,0.25,0.28,0.26,0.71,0.58,ST,ATT,5
Lee Gregory,ST,England,0.65,0.51,0.66,0.56,0.61,0.28,0.72,0.5,0.52,0.62,0.56,0.65,0.66,0.76,0.65,0.71,0.23,0.29,0.24,0.21,0.65,0.7,ST,ATT,1
Sebastian Grønning,ST,Denmark,0.65,0.68,0.63,0.53,0.62,0.27,0.72,0.66,0.69,0.66,0.58,0.64,0.63,0.76,0.68,0.77,0.2,0.2,0.28,0.2,0.67,0.65,ST,ATT,5
John Guidetti,ST,Sweden,0.65,0.42,0.67,0.61,0.63,0.37,0.71,0.48,0.37,0.58,0.56,0.65,0.67,0.79,0.54,0.72,0.3,0.26,0.4,0.32,0.68,0.72,ST,ATT,1
Gustavo Santos,ST,Brazil,0.65,0.74,0.64,0.53,0.62,0.23,0.67,0.73,0.75,0.63,0.71,0.63,0.61,0.77,0.6,0.79,0.23,0.15,0.17,0.19,0.61,0.63,ST,ATT,5
Kornelius N. Hansen,ST,Norway,0.65,0.71,0.64,0.57,0.74,0.35,0.61,0.72,0.7,0.86,0.84,0.73,0.64,0.56,0.83,0.6,0.42,0.38,0.24,0.31,0.48,0.64,ST,ATT,7
Sigurd Haugen,ST,Norway,0.65,0.81,0.62,0.52,0.65,0.32,0.78,0.8,0.82,0.72,0.77,0.65,0.64,0.77,0.78,0.82,0.28,0.25,0.28,0.32,0.6,0.66,ST,ATT,4
Jeredy Hilterman,ST,Suriname,0.65,0.7,0.65,0.52,0.63,0.22,0.71,0.67,0.72,0.62,0.6,0.64,0.64,0.8,0.64,0.68,0.17,0.14,0.2,0.17,0.61,0.69,ST,ATT,5
Noah Jean Holm,ST,Norway,0.65,0.7,0.65,0.52,0.65,0.27,0.77,0.71,0.69,0.68,0.79,0.66,0.55,0.87,0.65,0.83,0.22,0.22,0.22,0.28,0.61,0.74,ST,ATT,4
Ben House,ST,Scotland,0.65,0.67,0.65,0.48,0.61,0.45,0.76,0.65,0.69,0.6,0.7,0.62,0.65,0.73,0.8,0.73,0.41,0.38,0.45,0.44,0.62,0.66,ST,ATT,2
Ronal Huaccha,ST,Peru,0.65,0.75,0.64,0.55,0.62,0.31,0.68,0.73,0.76,0.75,0.72,0.6,0.68,0.66,0.71,0.73,0.32,0.25,0.22,0.33,0.6,0.61,ST,ATT,5
Johannes Andres Hummelvoll-Nuñez,ST,Norway,0.65,0.74,0.66,0.52,0.62,0.19,0.67,0.73,0.75,0.64,0.66,0.63,0.63,0.67,0.69,0.71,0.15,0.16,0.12,0.18,0.58,0.7,ST,ATT,5
Luc Ihorst,ST,Germany,0.65,0.72,0.62,0.5,0.6,0.29,0.72,0.65,0.77,0.47,0.49,0.65,0.59,0.82,0.56,0.78,0.25,0.21,0.24,0.3,0.64,0.68,ST,ATT,1
John Iredale,ST,Australia,0.65,0.74,0.65,0.48,0.63,0.22,0.68,0.7,0.78,0.62,0.61,0.65,0.56,0.8,0.58,0.78,0.17,0.18,0.17,0.17,0.62,0.71,ST,ATT,5
Ayoub Jabbari,ST,Morocco,0.65,0.63,0.63,0.53,0.61,0.26,0.66,0.59,0.67,0.53,0.38,0.65,0.64,0.78,0.5,0.74,0.23,0.19,0.21,0.24,0.62,0.66,ST,ATT,1
Kayden Jackson,ST,England,0.65,0.91,0.62,0.54,0.63,0.42,0.6,0.91,0.91,0.72,0.62,0.63,0.63,0.58,0.64,0.77,0.41,0.4,0.44,0.3,0.6,0.62,ST,ATT,2
Anders K. Jacobsen,ST,Denmark,0.65,0.68,0.66,0.51,0.65,0.29,0.65,0.69,0.67,0.65,0.71,0.64,0.65,0.71,0.67,0.71,0.2,0.22,0.29,0.33,0.59,0.7,ST,ATT,5
Adam Jakobsen,ST,Denmark,0.65,0.75,0.62,0.59,0.66,0.26,0.68,0.76,0.75,0.69,0.6,0.67,0.63,0.73,0.6,0.77,0.22,0.2,0.25,0.21,0.59,0.62,ST,ATT,5
Jauregi,ST,Spain,0.65,0.55,0.67,0.48,0.61,0.25,0.64,0.54,0.55,0.57,0.56,0.59,0.61,0.82,0.33,0.8,0.18,0.11,0.3,0.13,0.71,0.67,ST,ATT,1
Daniel Jebbison,ST,England,0.65,0.78,0.62,0.49,0.63,0.3,0.72,0.75,0.8,0.67,0.66,0.64,0.59,0.78,0.73,0.8,0.28,0.25,0.22,0.31,0.62,0.68,ST,ATT,5
Isak Jensen,LW,Denmark,0.65,0.66,0.59,0.61,0.68,0.35,0.68,0.56,0.75,0.61,0.6,0.67,0.64,0.84,0.52,0.62,0.38,0.32,0.35,0.28,0.42,0.6,LW,ATT,5
Ricky-Jade Jones,ST,England,0.65,0.91,0.63,0.56,0.65,0.28,0.63,0.92,0.91,0.82,0.66,0.63,0.62,0.64,0.64,0.78,0.25,0.26,0.23,0.28,0.56,0.63,ST,ATT,7
Patrick Joosten,LW,Holland,0.65,0.79,0.67,0.58,0.67,0.36,0.59,0.8,0.78,0.73,0.66,0.67,0.64,0.58,0.68,0.67,0.32,0.29,0.34,0.38,0.52,0.78,LW,ATT,7
Wilmar Jordán,ST,Colombia,0.65,0.42,0.69,0.58,0.64,0.35,0.73,0.32,0.51,0.54,0.4,0.64,0.58,0.88,0.6,0.7,0.22,0.12,0.35,0.48,0.67,0.69,ST,ATT,1
Lukas Jutkiewicz,ST,England,0.65,0.42,0.64,0.58,0.61,0.4,0.7,0.4,0.44,0.52,0.62,0.64,0.68,0.86,0.33,0.82,0.32,0.26,0.45,0.33,0.79,0.7,ST,ATT,1
Kubilay Kanatsızkuş,ST,Turkey,0.65,0.63,0.64,0.56,0.64,0.21,0.71,0.64,0.63,0.58,0.55,0.66,0.62,0.78,0.69,0.78,0.14,0.14,0.16,0.16,0.7,0.69,ST,ATT,1
Fatih Kaya,ST,Germany,0.65,0.73,0.61,0.5,0.66,0.33,0.71,0.75,0.72,0.73,0.7,0.64,0.6,0.79,0.57,0.81,0.4,0.38,0.27,0.13,0.62,0.64,ST,ATT,5
Kevin Kelsy,ST,Venezuela,0.65,0.77,0.66,0.47,0.61,0.27,0.55,0.73,0.8,0.65,0.44,0.59,0.66,0.64,0.55,0.75,0.23,0.22,0.22,0.23,0.7,0.63,ST,ATT,5
Topi Keskinen,LW,Finland,0.65,0.83,0.61,0.59,0.66,0.39,0.56,0.84,0.82,0.7,0.78,0.64,0.61,0.54,0.62,0.66,0.36,0.32,0.38,0.42,0.53,0.61,LW,ATT,7
Yann Kitala,ST,France,0.65,0.71,0.66,0.46,0.62,0.24,0.71,0.7,0.72,0.67,0.57,0.67,0.57,0.82,0.57,0.8,0.19,0.17,0.16,0.27,0.65,0.7,ST,ATT,5
Kacper Kostorz,ST,Poland,0.65,0.78,0.63,0.57,0.6,0.4,0.6,0.77,0.78,0.59,0.66,0.59,0.66,0.61,0.7,0.74,0.48,0.46,0.34,0.21,0.62,0.67,ST,ATT,2
Giorgos Koutsias,ST,Greece,0.65,0.86,0.64,0.43,0.64,0.22,0.68,0.87,0.86,0.65,0.73,0.61,0.55,0.68,0.7,0.78,0.19,0.2,0.18,0.14,0.58,0.6,ST,ATT,5
Blaž Kramer,ST,Slovenia,0.65,0.73,0.64,0.54,0.63,0.36,0.69,0.71,0.75,0.65,0.65,0.64,0.54,0.83,0.41,0.84,0.29,0.25,0.39,0.32,0.68,0.72,ST,ATT,5
Shayne Lavery,ST,Northern Ireland,0.65,0.77,0.66,0.52,0.67,0.24,0.62,0.78,0.76,0.79,0.76,0.64,0.66,0.56,0.7,0.71,0.19,0.3,0.19,0.16,0.61,0.67,ST,ATT,5
Miles Leaburn,ST,England,0.65,0.71,0.63,0.48,0.61,0.26,0.76,0.68,0.74,0.67,0.47,0.61,0.6,0.85,0.65,0.72,0.21,0.19,0.23,0.2,0.65,0.67,ST,ATT,5
Jakob Lemmer,RW,Germany,0.65,0.76,0.6,0.6,0.69,0.31,0.63,0.76,0.76,0.82,0.72,0.67,0.58,0.58,0.72,0.63,0.32,0.33,0.26,0.26,0.48,0.64,RW,ATT,7
Harry Leonard,ST,England,0.65,0.73,0.66,0.51,0.65,0.36,0.6,0.75,0.72,0.7,0.72,0.64,0.63,0.61,0.64,0.72,0.38,0.29,0.3,0.33,0.6,0.72,ST,ATT,5
Jonathan Lewis,ST,United States,0.65,0.77,0.66,0.6,0.71,0.29,0.57,0.77,0.77,0.8,0.81,0.66,0.53,0.59,0.57,0.66,0.36,0.33,0.2,0.18,0.52,0.68,ST,ATT,7
Isac Lidberg,ST,Sweden,0.65,0.77,0.6,0.52,0.6,0.39,0.81,0.77,0.77,0.61,0.64,0.64,0.63,0.84,0.85,0.78,0.33,0.29,0.37,0.41,0.66,0.63,ST,ATT,4
Rodrigo Llano,ST,Colombia,0.65,0.73,0.65,0.42,0.65,0.21,0.62,0.75,0.71,0.66,0.57,0.64,0.59,0.7,0.68,0.77,0.13,0.16,0.18,0.18,0.68,0.71,ST,ATT,5
Élysée Logbo,ST,France,0.65,0.61,0.65,0.5,0.63,0.19,0.66,0.57,0.65,0.64,0.65,0.65,0.64,0.75,0.54,0.72,0.11,0.12,0.2,0.11,0.66,0.67,ST,ATT,5
Sævar Atli Magnússon,ST,Iceland,0.65,0.78,0.64,0.57,0.69,0.33,0.6,0.76,0.79,0.73,0.78,0.69,0.62,0.58,0.64,0.69,0.26,0.27,0.36,0.28,0.57,0.65,ST,ATT,7
Tommy Maistrello,ST,Italy,0.65,0.66,0.65,0.58,0.61,0.41,0.66,0.63,0.69,0.63,0.6,0.64,0.63,0.72,0.64,0.73,0.48,0.31,0.31,0.37,0.64,0.68,ST,ATT,2
Luka Majcen,ST,Slovenia,0.65,0.61,0.66,0.5,0.59,0.25,0.72,0.63,0.59,0.55,0.59,0.58,0.65,0.73,0.7,0.75,0.12,0.15,0.21,0.31,0.7,0.64,ST,ATT,1
Patryk Makuch,ST,Poland,0.65,0.76,0.64,0.48,0.58,0.27,0.78,0.74,0.77,0.57,0.5,0.58,0.65,0.84,0.79,0.84,0.33,0.22,0.18,0.13,0.65,0.65,ST,ATT,5
Ivo Mammini,ST,Argentina,0.65,0.71,0.65,0.58,0.66,0.28,0.61,0.7,0.72,0.62,0.65,0.67,0.65,0.61,0.55,0.7,0.16,0.41,0.18,0.34,0.65,0.64,ST,ATT,5
John Mary,ST,Cameroon,0.65,0.6,0.63,0.55,0.62,0.21,0.68,0.62,0.58,0.61,0.4,0.65,0.65,0.81,0.68,0.83,0.17,0.12,0.15,0.13,0.72,0.64,ST,ATT,1
Bruno Miranda,ST,Bolivia,0.65,0.81,0.64,0.56,0.65,0.37,0.53,0.8,0.81,0.83,0.5,0.63,0.63,0.6,0.55,0.72,0.35,0.33,0.4,0.3,0.56,0.67,ST,ATT,7
Florián Monzón,ST,Argentina,0.65,0.66,0.67,0.5,0.59,0.28,0.63,0.63,0.69,0.65,0.55,0.59,0.62,0.72,0.55,0.74,0.23,0.21,0.22,0.25,0.7,0.73,ST,ATT,5
Luca Moro,ST,Italy,0.65,0.66,0.64,0.45,0.65,0.22,0.62,0.64,0.67,0.64,0.69,0.66,0.56,0.7,0.56,0.71,0.19,0.16,0.18,0.15,0.66,0.66,ST,ATT,5
Matías Moya,LW,Argentina,0.65,0.74,0.59,0.62,0.67,0.45,0.48,0.75,0.73,0.78,0.79,0.66,0.57,0.47,0.59,0.49,0.44,0.48,0.48,0.42,0.38,0.65,LW,ATT,2
Sebastian Musiolik,ST,Poland,0.65,0.84,0.6,0.48,0.63,0.25,0.77,0.82,0.86,0.7,0.76,0.64,0.56,0.9,0.82,0.9,0.15,0.2,0.28,0.19,0.63,0.67,ST,ATT,4
Dylan Nandín,ST,Uruguay,0.65,0.56,0.7,0.42,0.61,0.23,0.64,0.55,0.56,0.55,0.74,0.61,0.64,0.75,0.6,0.71,0.15,0.11,0.2,0.22,0.66,0.67,ST,ATT,1
András Németh,ST,Hungary,0.65,0.74,0.62,0.44,0.65,0.2,0.68,0.73,0.75,0.68,0.68,0.64,0.58,0.79,0.6,0.81,0.16,0.17,0.14,0.13,0.65,0.61,ST,ATT,5
Steve Ngoura,ST,France,0.65,0.63,0.65,0.48,0.65,0.19,0.53,0.61,0.65,0.65,0.58,0.66,0.63,0.59,0.55,0.65,0.18,0.14,0.13,0.11,0.63,0.68,ST,ATT,5
Bruny Nsimba,ST,Belgium,0.65,0.87,0.64,0.53,0.68,0.32,0.55,0.89,0.85,0.77,0.69,0.66,0.6,0.68,0.33,0.74,0.33,0.29,0.26,0.31,0.5,0.66,ST,ATT,7
Samuel Ntamack,ST,France,0.65,0.78,0.64,0.49,0.65,0.24,0.58,0.77,0.78,0.74,0.73,0.64,0.6,0.64,0.58,0.76,0.23,0.19,0.2,0.14,0.67,0.58,ST,ATT,5
Maximiliano Núñez,RW,Argentina,0.65,0.79,0.59,0.62,0.65,0.49,0.53,0.8,0.79,0.75,0.79,0.64,0.58,0.43,0.61,0.59,0.46,0.43,0.52,0.49,0.55,0.64,RW,ATT,2
Noah Ohio,ST,Holland,0.65,0.89,0.64,0.49,0.65,0.25,0.67,0.9,0.89,0.76,0.61,0.63,0.62,0.79,0.56,0.85,0.24,0.22,0.2,0.2,0.57,0.67,ST,ATT,5
Isaac Olaofe,ST,England,0.65,0.91,0.6,0.47,0.65,0.2,0.67,0.91,0.91,0.84,0.83,0.62,0.6,0.73,0.74,0.85,0.13,0.16,0.16,0.18,0.64,0.57,ST,ATT,5
Christopher Olivares,ST,Peru,0.65,0.68,0.64,0.54,0.67,0.34,0.61,0.67,0.69,0.68,0.69,0.67,0.63,0.62,0.65,0.68,0.2,0.19,0.4,0.37,0.62,0.65,ST,ATT,5
Prince Owusu,ST,Germany,0.65,0.7,0.64,0.47,0.58,0.36,0.74,0.66,0.74,0.5,0.52,0.6,0.64,0.86,0.65,0.81,0.32,0.26,0.35,0.32,0.65,0.73,ST,ATT,1
Pablo Pagis,ST,France,0.65,0.61,0.66,0.47,0.64,0.21,0.56,0.63,0.59,0.61,0.67,0.68,0.63,0.59,0.69,0.67,0.16,0.2,0.16,0.15,0.67,0.64,ST,ATT,5
Byron Palacios,ST,Ecuador,0.65,0.76,0.65,0.56,0.64,0.3,0.62,0.75,0.77,0.75,0.69,0.6,0.65,0.66,0.64,0.75,0.3,0.23,0.23,0.27,0.65,0.68,ST,ATT,5
Luis Paradela,LW,Cuba,0.65,0.81,0.61,0.61,0.67,0.25,0.53,0.82,0.8,0.84,0.71,0.65,0.6,0.4,0.76,0.49,0.2,0.2,0.3,0.2,0.4,0.62,LW,ATT,7
Park Jung In,ST,Korea Republic,0.65,0.75,0.65,0.59,0.63,0.36,0.62,0.71,0.79,0.71,0.65,0.6,0.59,0.64,0.61,0.7,0.35,0.38,0.27,0.4,0.58,0.65,ST,ATT,2
Jorge Pascual,ST,Spain,0.65,0.65,0.65,0.62,0.66,0.34,0.59,0.65,0.65,0.64,0.59,0.67,0.7,0.59,0.75,0.65,0.32,0.29,0.32,0.27,0.6,0.61,ST,ATT,5
Callum Paterson,ST,Scotland,0.65,0.61,0.64,0.61,0.61,0.56,0.81,0.63,0.59,0.58,0.55,0.64,0.65,0.82,0.76,0.79,0.59,0.58,0.5,0.52,0.67,0.7,ST,ATT,2
Stefano Pettinari,ST,Italy,0.65,0.77,0.63,0.55,0.68,0.27,0.73,0.73,0.8,0.83,0.72,0.65,0.65,0.73,0.8,0.75,0.38,0.26,0.15,0.13,0.59,0.64,ST,ATT,4
Fabian Piasecki,ST,Poland,0.65,0.76,0.66,0.57,0.63,0.35,0.77,0.75,0.77,0.74,0.67,0.62,0.57,0.78,0.81,0.78,0.29,0.27,0.36,0.37,0.57,0.67,ST,ATT,4
Tim Prica,ST,Sweden,0.65,0.73,0.66,0.57,0.68,0.21,0.69,0.71,0.75,0.73,0.7,0.67,0.58,0.71,0.7,0.67,0.14,0.16,0.17,0.28,0.48,0.66,ST,ATT,5
Victorio Ramis,ST,Argentina,0.65,0.69,0.63,0.57,0.67,0.38,0.69,0.67,0.71,0.71,0.65,0.69,0.59,0.68,0.67,0.71,0.33,0.31,0.41,0.33,0.65,0.69,ST,ATT,2
Christian Rasmussen,RW,Denmark,0.65,0.84,0.63,0.55,0.67,0.21,0.59,0.86,0.82,0.76,0.71,0.68,0.62,0.67,0.6,0.65,0.14,0.17,0.21,0.2,0.52,0.66,RW,ATT,5
Jonathan Ring,RW,Sweden,0.65,0.76,0.6,0.64,0.66,0.46,0.68,0.78,0.75,0.79,0.67,0.62,0.62,0.7,0.7,0.71,0.53,0.45,0.4,0.45,0.5,0.62,RW,ATT,2
Daniel Ríos,ST,Mexico,0.65,0.48,0.68,0.45,0.59,0.26,0.67,0.45,0.51,0.51,0.52,0.63,0.55,0.75,0.56,0.69,0.23,0.21,0.18,0.21,0.69,0.66,ST,ATT,1
Tiago Reis,ST,Brazil,0.65,0.66,0.63,0.51,0.63,0.29,0.56,0.68,0.65,0.6,0.56,0.67,0.65,0.6,0.58,0.7,0.27,0.22,0.21,0.28,0.68,0.65,ST,ATT,5
Álvaro,ST,Uruguay,0.65,0.68,0.63,0.59,0.63,0.22,0.55,0.67,0.68,0.62,0.42,0.63,0.62,0.64,0.55,0.79,0.16,0.15,0.15,0.16,0.76,0.65,ST,ATT,5
Maurides,ST,Brazil,0.65,0.47,0.67,0.53,0.63,0.3,0.77,0.46,0.47,0.59,0.54,0.65,0.59,0.85,0.62,0.74,0.29,0.3,0.22,0.23,0.69,0.72,ST,ATT,1
Thomas Sabitzer,ST,Austria,0.65,0.76,0.63,0.6,0.68,0.27,0.68,0.77,0.75,0.81,0.73,0.67,0.62,0.69,0.73,0.76,0.2,0.18,0.29,0.23,0.61,0.63,ST,ATT,5
Zine,ST,Angola,0.65,0.88,0.6,0.54,0.69,0.31,0.61,0.87,0.88,0.69,0.65,0.7,0.61,0.61,0.68,0.79,0.29,0.3,0.3,0.21,0.64,0.6,ST,ATT,5
Renzo Sanchez,RW,Uruguay,0.65,0.77,0.61,0.58,0.65,0.36,0.53,0.79,0.75,0.75,0.58,0.66,0.59,0.59,0.54,0.7,0.34,0.3,0.35,0.31,0.58,0.62,RW,ATT,7
Thomas Santos,RW,Denmark,0.65,0.86,0.55,0.6,0.65,0.56,0.66,0.84,0.87,0.7,0.82,0.64,0.62,0.66,0.78,0.7,0.56,0.53,0.57,0.58,0.49,0.59,RW,ATT,2
Christian Saydee,ST,England,0.65,0.75,0.61,0.54,0.65,0.43,0.82,0.76,0.74,0.69,0.74,0.65,0.63,0.9,0.71,0.85,0.49,0.35,0.4,0.33,0.59,0.67,ST,ATT,2
Patrick Schmidt,ST,Germany,0.65,0.59,0.66,0.4,0.59,0.3,0.74,0.63,0.56,0.64,0.61,0.62,0.63,0.8,0.8,0.78,0.31,0.23,0.23,0.23,0.69,0.73,ST,ATT,1
Fábio Nunes,RW,Portugal,0.65,0.76,0.55,0.62,0.67,0.58,0.68,0.77,0.75,0.81,0.76,0.65,0.66,0.66,0.76,0.63,0.61,0.59,0.59,0.58,0.43,0.54,RW,ATT,2
Ruel Sotiriou,ST,Cyprus,0.65,0.83,0.65,0.56,0.69,0.22,0.62,0.83,0.83,0.83,0.83,0.64,0.6,0.59,0.84,0.69,0.25,0.2,0.14,0.14,0.53,0.67,ST,ATT,7
Moussa Soumano,ST,France,0.65,0.75,0.66,0.51,0.61,0.27,0.64,0.74,0.76,0.61,0.64,0.62,0.63,0.7,0.63,0.75,0.26,0.19,0.25,0.19,0.63,0.71,ST,ATT,5
Halldor Stenevik,RW,Norway,0.65,0.77,0.55,0.61,0.65,0.49,0.68,0.78,0.76,0.76,0.72,0.64,0.6,0.64,0.79,0.67,0.51,0.5,0.47,0.5,0.49,0.54,RW,ATT,2
Layton Stewart,ST,England,0.65,0.73,0.66,0.51,0.67,0.33,0.57,0.75,0.71,0.79,0.8,0.65,0.62,0.56,0.58,0.66,0.35,0.31,0.28,0.28,0.56,0.68,ST,ATT,7
Cole Stockton,ST,England,0.65,0.65,0.66,0.52,0.61,0.33,0.78,0.63,0.67,0.65,0.72,0.6,0.65,0.81,0.8,0.78,0.34,0.12,0.32,0.25,0.66,0.7,ST,ATT,1
Finn Stokkers,ST,Holland,0.65,0.63,0.65,0.44,0.65,0.29,0.7,0.67,0.6,0.71,0.64,0.67,0.62,0.77,0.74,0.85,0.18,0.14,0.4,0.16,0.65,0.68,ST,ATT,5
Abdoul Fessal Tapsoba,ST,Burkina Faso,0.65,0.83,0.66,0.54,0.67,0.22,0.54,0.84,0.83,0.81,0.73,0.67,0.52,0.56,0.59,0.71,0.18,0.19,0.15,0.23,0.57,0.69,ST,ATT,5
Kay Tejan,ST,Holland,0.65,0.68,0.62,0.53,0.67,0.32,0.84,0.67,0.68,0.74,0.62,0.69,0.58,0.95,0.71,0.84,0.32,0.19,0.23,0.36,0.64,0.67,ST,ATT,4
Jordan Tell,ST,France,0.65,0.58,0.65,0.59,0.66,0.31,0.64,0.66,0.52,0.69,0.61,0.65,0.64,0.68,0.62,0.72,0.25,0.24,0.27,0.28,0.7,0.68,ST,ATT,1
Pascal Testroet,ST,Germany,0.65,0.63,0.67,0.56,0.62,0.38,0.76,0.54,0.7,0.6,0.74,0.63,0.65,0.8,0.72,0.73,0.4,0.33,0.32,0.35,0.64,0.75,ST,ATT,1
Yoann Touzghar,ST,Tunisia,0.65,0.62,0.66,0.61,0.64,0.24,0.65,0.56,0.67,0.78,0.69,0.64,0.63,0.71,0.58,0.71,0.22,0.18,0.18,0.18,0.68,0.68,ST,ATT,5
Jacob Trenskow,RW,Denmark,0.65,0.66,0.6,0.62,0.67,0.48,0.46,0.64,0.68,0.74,0.72,0.67,0.61,0.39,0.52,0.43,0.51,0.47,0.47,0.45,0.45,0.58,RW,ATT,2
Alexander Ruud Tveter,ST,Norway,0.65,0.5,0.68,0.59,0.6,0.32,0.74,0.49,0.51,0.53,0.59,0.63,0.61,0.83,0.66,0.74,0.3,0.25,0.24,0.34,0.66,0.79,ST,ATT,1
Daniel Udoh,ST,Nigeria,0.65,0.81,0.63,0.52,0.65,0.39,0.77,0.82,0.81,0.81,0.76,0.62,0.62,0.81,0.82,0.86,0.39,0.32,0.4,0.31,0.61,0.64,ST,ATT,2
Amourricho van Axel Dongen,LW,Holland,0.65,0.81,0.59,0.57,0.68,0.29,0.59,0.82,0.81,0.73,0.76,0.71,0.56,0.65,0.55,0.55,0.28,0.27,0.29,0.26,0.39,0.58,LW,ATT,7
Thom van Bergen,ST,Holland,0.65,0.77,0.63,0.54,0.69,0.31,0.5,0.76,0.78,0.69,0.66,0.68,0.63,0.49,0.46,0.63,0.33,0.3,0.23,0.25,0.59,0.65,ST,ATT,7
Nikola Vasic,ST,Sweden,0.65,0.6,0.63,0.52,0.58,0.52,0.75,0.56,0.63,0.55,0.52,0.61,0.62,0.89,0.58,0.79,0.53,0.48,0.44,0.58,0.68,0.62,ST,ATT,2
Kyle Vassell,ST,Northern Ireland,0.65,0.75,0.66,0.49,0.61,0.35,0.74,0.75,0.75,0.7,0.62,0.62,0.59,0.83,0.68,0.84,0.35,0.28,0.32,0.27,0.66,0.75,ST,ATT,4
Rocco Vata,RW,Republic of Ireland,0.65,0.85,0.59,0.54,0.7,0.32,0.52,0.89,0.82,0.85,0.82,0.66,0.6,0.51,0.55,0.58,0.35,0.28,0.28,0.33,0.37,0.7,RW,ATT,7
Janus Vivar,LW,Ecuador,0.65,0.8,0.63,0.55,0.66,0.31,0.7,0.8,0.8,0.72,0.73,0.62,0.66,0.72,0.8,0.78,0.19,0.18,0.49,0.16,0.58,0.66,LW,ATT,4
Tyler Walker,ST,England,0.65,0.75,0.65,0.56,0.66,0.36,0.59,0.74,0.76,0.77,0.72,0.65,0.63,0.61,0.6,0.72,0.34,0.18,0.39,0.31,0.61,0.67,ST,ATT,5
Danny Ward,ST,England,0.65,0.62,0.66,0.62,0.64,0.39,0.67,0.67,0.58,0.69,0.68,0.64,0.64,0.67,0.72,0.71,0.37,0.32,0.41,0.29,0.65,0.72,ST,ATT,1
Magnus Warming,LW,Denmark,0.65,0.75,0.58,0.55,0.7,0.33,0.52,0.79,0.71,0.8,0.72,0.67,0.61,0.52,0.52,0.6,0.33,0.3,0.3,0.3,0.48,0.59,LW,ATT,7
Conor Washington,ST,Northern Ireland,0.65,0.74,0.65,0.58,0.64,0.34,0.71,0.74,0.74,0.72,0.66,0.64,0.64,0.7,0.7,0.74,0.29,0.28,0.36,0.3,0.6,0.66,ST,ATT,4
Marley Watkins,ST,Wales,0.65,0.73,0.62,0.6,0.66,0.28,0.68,0.68,0.77,0.74,0.78,0.67,0.64,0.66,0.69,0.71,0.19,0.21,0.31,0.22,0.64,0.65,ST,ATT,5
Maximilian Wolfram,ST,Germany,0.65,0.73,0.64,0.61,0.65,0.37,0.68,0.7,0.75,0.72,0.62,0.64,0.61,0.71,0.73,0.68,0.36,0.41,0.34,0.35,0.52,0.73,ST,ATT,2
Kyle Wootton,ST,England,0.65,0.68,0.62,0.47,0.63,0.26,0.83,0.66,0.69,0.65,0.65,0.63,0.63,0.86,0.8,0.81,0.23,0.19,0.2,0.23,0.67,0.64,ST,ATT,5
Bernhard Zimmermann,ST,Austria,0.65,0.72,0.66,0.56,0.66,0.3,0.78,0.73,0.71,0.78,0.76,0.66,0.55,0.77,0.8,0.8,0.26,0.27,0.31,0.22,0.62,0.68,ST,ATT,4
Kévin Zohi,ST,Mali,0.65,0.79,0.62,0.61,0.7,0.25,0.59,0.77,0.8,0.82,0.68,0.7,0.56,0.63,0.68,0.76,0.23,0.21,0.19,0.16,0.66,0.64,ST,ATT,5
Adam Zreľák,ST,Slovakia,0.65,0.51,0.67,0.49,0.62,0.29,0.75,0.48,0.54,0.65,0.69,0.65,0.65,0.81,0.65,0.72,0.26,0.19,0.27,0.25,0.64,0.68,ST,ATT,1
Joël Zwarts,ST,Holland,0.65,0.76,0.64,0.51,0.65,0.24,0.73,0.78,0.75,0.68,0.6,0.66,0.62,0.8,0.66,0.81,0.22,0.17,0.18,0.2,0.58,0.7,ST,ATT,5
Hakim Abdallah,ST,Madagascar,0.64,0.77,0.62,0.56,0.61,0.36,0.8,0.78,0.76,0.68,0.69,0.64,0.58,0.85,0.83,0.86,0.36,0.29,0.32,0.34,0.61,0.72,ST,ATT,4
Suleiman Abdullahi,ST,Nigeria,0.64,0.68,0.64,0.56,0.66,0.2,0.71,0.67,0.68,0.65,0.68,0.62,0.53,0.84,0.38,0.76,0.18,0.12,0.14,0.17,0.56,0.75,ST,ATT,5
Asumah Abubakar,ST,Portugal,0.64,0.82,0.62,0.57,0.67,0.38,0.64,0.8,0.83,0.78,0.69,0.67,0.58,0.63,0.65,0.73,0.35,0.29,0.42,0.3,0.59,0.65,ST,ATT,2
Diego Acosta,ST,Paraguay,0.64,0.64,0.68,0.43,0.68,0.24,0.5,0.62,0.65,0.6,0.78,0.7,0.6,0.4,0.59,0.52,0.21,0.18,0.21,0.2,0.6,0.7,ST,ATT,5
Abdulfatah Adam,ST,Saudi Arabia,0.64,0.76,0.63,0.48,0.64,0.19,0.61,0.79,0.74,0.75,0.64,0.65,0.53,0.67,0.6,0.85,0.11,0.11,0.16,0.16,0.62,0.66,ST,ATT,5
Dan Agyei,ST,England,0.64,0.81,0.61,0.52,0.65,0.34,0.76,0.79,0.83,0.74,0.72,0.64,0.58,0.79,0.76,0.83,0.34,0.31,0.29,0.27,0.62,0.62,ST,ATT,4
Agustín Albarracín,LW,Uruguay,0.64,0.65,0.67,0.59,0.65,0.4,0.5,0.62,0.67,0.75,0.68,0.61,0.56,0.49,0.67,0.55,0.26,0.27,0.49,0.44,0.55,0.68,LW,ATT,2
Eirik Ulland Andersen,LW,Norway,0.64,0.63,0.64,0.66,0.64,0.34,0.55,0.62,0.64,0.65,0.67,0.65,0.65,0.57,0.61,0.58,0.3,0.29,0.36,0.31,0.52,0.71,LW,ATT,5
Bruce Anderson,ST,Scotland,0.64,0.77,0.64,0.51,0.64,0.19,0.62,0.8,0.75,0.75,0.65,0.63,0.63,0.62,0.65,0.75,0.12,0.14,0.16,0.14,0.62,0.7,ST,ATT,5
Chuks Aneke,ST,England,0.64,0.53,0.63,0.57,0.61,0.45,0.79,0.49,0.56,0.47,0.65,0.63,0.61,0.92,0.53,0.76,0.49,0.39,0.38,0.44,0.64,0.68,ST,ATT,1
Louis Appéré,ST,Scotland,0.64,0.81,0.62,0.62,0.66,0.46,0.78,0.82,0.8,0.85,0.75,0.63,0.62,0.83,0.83,0.81,0.5,0.45,0.4,0.45,0.52,0.65,ST,ATT,2
Jonas Arweiler,ST,Germany,0.64,0.55,0.64,0.51,0.6,0.27,0.67,0.54,0.55,0.63,0.54,0.63,0.65,0.79,0.57,0.74,0.23,0.21,0.27,0.16,0.67,0.68,ST,ATT,1
Mauricio Asenjo,ST,Argentina,0.64,0.58,0.65,0.39,0.64,0.34,0.68,0.54,0.61,0.67,0.62,0.65,0.64,0.72,0.71,0.7,0.24,0.18,0.44,0.24,0.67,0.73,ST,ATT,1
Jaydon Banel,LW,Holland,0.64,0.79,0.56,0.56,0.67,0.29,0.48,0.8,0.79,0.76,0.82,0.66,0.58,0.51,0.54,0.59,0.3,0.32,0.26,0.24,0.45,0.66,LW,ATT,7
Víctor Barberá,ST,Spain,0.64,0.82,0.61,0.58,0.69,0.2,0.51,0.86,0.79,0.83,0.75,0.69,0.64,0.54,0.6,0.7,0.17,0.2,0.15,0.12,0.56,0.6,ST,ATT,7
Nadhir Benbouali,ST,Algeria,0.64,0.63,0.64,0.54,0.57,0.23,0.7,0.55,0.7,0.56,0.41,0.63,0.58,0.81,0.57,0.76,0.23,0.15,0.15,0.18,0.68,0.65,ST,ATT,1
Miguel Berry,ST,Spain,0.64,0.7,0.6,0.48,0.64,0.27,0.69,0.68,0.71,0.58,0.48,0.65,0.6,0.73,0.63,0.74,0.22,0.24,0.23,0.25,0.63,0.7,ST,ATT,5
Mohamed Berte,LW,Belgium,0.64,0.82,0.61,0.55,0.64,0.2,0.52,0.86,0.79,0.72,0.81,0.61,0.58,0.6,0.53,0.74,0.12,0.15,0.19,0.16,0.55,0.59,LW,ATT,5
Paul-Philipp Besong,ST,Germany,0.64,0.78,0.58,0.42,0.67,0.29,0.68,0.74,0.82,0.69,0.76,0.69,0.6,0.81,0.49,0.82,0.29,0.23,0.24,0.25,0.6,0.59,ST,ATT,5
Tomáš Bobček,ST,Slovakia,0.64,0.69,0.65,0.56,0.58,0.42,0.72,0.72,0.67,0.6,0.72,0.56,0.55,0.77,0.69,0.81,0.29,0.34,0.44,0.5,0.68,0.65,ST,ATT,2
Adama Bojang,ST,Gambia,0.64,0.62,0.64,0.5,0.6,0.36,0.57,0.59,0.65,0.48,0.45,0.62,0.61,0.61,0.52,0.71,0.33,0.3,0.35,0.29,0.71,0.64,ST,ATT,1
Enrique Borja,ST,Paraguay,0.64,0.68,0.66,0.45,0.59,0.21,0.67,0.67,0.69,0.73,0.47,0.58,0.59,0.82,0.54,0.76,0.17,0.13,0.2,0.15,0.58,0.71,ST,ATT,5
Dennis Borkowski,ST,Germany,0.64,0.72,0.63,0.54,0.66,0.32,0.64,0.74,0.7,0.68,0.63,0.66,0.6,0.62,0.69,0.73,0.24,0.21,0.35,0.29,0.64,0.66,ST,ATT,5
Abdelrahman Boudah,LW,Sweden,0.64,0.72,0.59,0.6,0.67,0.41,0.63,0.73,0.72,0.8,0.77,0.64,0.66,0.65,0.67,0.6,0.35,0.4,0.4,0.5,0.42,0.63,LW,ATT,2
Kieron Bowie,ST,Scotland,0.64,0.75,0.62,0.59,0.63,0.39,0.8,0.75,0.75,0.7,0.64,0.63,0.62,0.83,0.74,0.83,0.37,0.3,0.34,0.45,0.61,0.66,ST,ATT,2
Jevani Brown,ST,Jamaica,0.64,0.79,0.62,0.6,0.64,0.45,0.68,0.8,0.79,0.74,0.7,0.61,0.6,0.7,0.7,0.75,0.44,0.43,0.44,0.42,0.57,0.66,ST,ATT,2
Omar Bugiel,ST,Lebanon,0.64,0.67,0.62,0.51,0.59,0.37,0.85,0.65,0.68,0.54,0.58,0.62,0.59,0.87,0.77,0.89,0.38,0.27,0.36,0.29,0.65,0.66,ST,ATT,1
Teal Bunbury,ST,United States,0.64,0.67,0.65,0.59,0.62,0.41,0.73,0.66,0.68,0.68,0.52,0.6,0.55,0.8,0.6,0.76,0.42,0.32,0.41,0.36,0.61,0.73,ST,ATT,1
Capita,LW,Angola,0.64,0.75,0.55,0.56,0.71,0.23,0.47,0.76,0.74,0.83,0.83,0.7,0.63,0.38,0.64,0.42,0.23,0.14,0.16,0.33,0.29,0.58,LW,ATT,0
Hussein Carneil,LW,Sweden,0.64,0.69,0.53,0.6,0.68,0.24,0.48,0.7,0.69,0.71,0.81,0.68,0.54,0.51,0.53,0.46,0.24,0.22,0.24,0.24,0.29,0.57,LW,ATT,0
Rodrigo Chagas,RW,Uruguay,0.64,0.75,0.59,0.62,0.64,0.6,0.62,0.75,0.75,0.7,0.68,0.63,0.62,0.6,0.7,0.66,0.59,0.61,0.65,0.54,0.54,0.61,RW,ATT,2
Peter Buch Christiansen,RW,Denmark,0.64,0.78,0.6,0.55,0.66,0.35,0.66,0.8,0.76,0.79,0.81,0.64,0.63,0.62,0.66,0.72,0.3,0.27,0.38,0.3,0.56,0.62,RW,ATT,7
Luciano Cingolani,RW,Argentina,0.64,0.8,0.61,0.56,0.67,0.28,0.42,0.82,0.78,0.84,0.79,0.65,0.56,0.34,0.62,0.55,0.22,0.25,0.25,0.29,0.54,0.6,RW,ATT,7
Moustapha Cissé,ST,Guinea,0.64,0.77,0.64,0.51,0.64,0.21,0.55,0.81,0.74,0.65,0.68,0.64,0.63,0.58,0.58,0.71,0.16,0.17,0.18,0.19,0.55,0.63,ST,ATT,5
Nicky Clark,ST,Scotland,0.64,0.67,0.64,0.59,0.63,0.33,0.6,0.68,0.66,0.71,0.76,0.61,0.61,0.6,0.69,0.68,0.39,0.35,0.23,0.24,0.63,0.65,ST,ATT,5
Josh Coburn,ST,England,0.64,0.58,0.64,0.47,0.61,0.22,0.7,0.56,0.6,0.55,0.65,0.65,0.65,0.8,0.67,0.75,0.2,0.16,0.19,0.1,0.67,0.7,ST,ATT,1
Beto da Silva,ST,Peru,0.64,0.7,0.65,0.58,0.66,0.31,0.46,0.72,0.68,0.71,0.67,0.66,0.56,0.58,0.3,0.66,0.23,0.2,0.43,0.17,0.55,0.71,ST,ATT,5
Florian Thomas Danho,ST,France,0.64,0.52,0.62,0.45,0.58,0.21,0.77,0.5,0.54,0.58,0.48,0.59,0.69,0.92,0.53,0.77,0.14,0.15,0.17,0.19,0.65,0.71,ST,ATT,1
Max Dean,ST,England,0.64,0.7,0.64,0.5,0.62,0.26,0.68,0.71,0.69,0.73,0.69,0.61,0.63,0.63,0.66,0.69,0.22,0.22,0.23,0.21,0.59,0.65,ST,ATT,5
Jack Diamond,LW,England,0.64,0.88,0.58,0.55,0.65,0.34,0.58,0.91,0.86,0.83,0.82,0.61,0.59,0.55,0.72,0.7,0.33,0.27,0.34,0.32,0.51,0.58,LW,ATT,7
Florian Dietz,ST,Germany,0.64,0.73,0.62,0.43,0.57,0.25,0.71,0.72,0.74,0.55,0.57,0.59,0.63,0.78,0.61,0.8,0.15,0.19,0.29,0.17,0.64,0.67,ST,ATT,5
Maximilian Dittgen,ST,Germany,0.64,0.76,0.59,0.56,0.65,0.51,0.7,0.81,0.72,0.69,0.71,0.64,0.64,0.7,0.79,0.72,0.54,0.51,0.45,0.56,0.5,0.72,ST,ATT,2
Alexis Domínguez,ST,Argentina,0.64,0.6,0.63,0.54,0.54,0.27,0.72,0.65,0.56,0.59,0.55,0.63,0.63,0.8,0.64,0.78,0.24,0.29,0.19,0.24,0.68,0.64,ST,ATT,1
Renato Júnior,ST,Brazil,0.64,0.64,0.62,0.47,0.63,0.27,0.7,0.65,0.64,0.68,0.48,0.63,0.58,0.8,0.54,0.78,0.26,0.18,0.21,0.22,0.68,0.67,ST,ATT,5
Moussa Doumbouya,ST,Guinea,0.64,0.74,0.62,0.46,0.64,0.19,0.66,0.76,0.73,0.69,0.66,0.64,0.58,0.75,0.71,0.77,0.13,0.2,0.17,0.11,0.56,0.63,ST,ATT,5
Andrei Dumiter,ST,Romania,0.64,0.81,0.64,0.55,0.65,0.38,0.67,0.83,0.8,0.83,0.7,0.64,0.6,0.64,0.72,0.74,0.35,0.35,0.32,0.44,0.55,0.67,ST,ATT,2
Jakob Maslø Dunsby,RW,Norway,0.64,0.78,0.57,0.58,0.66,0.28,0.63,0.78,0.78,0.83,0.78,0.64,0.56,0.55,0.82,0.57,0.31,0.28,0.24,0.23,0.4,0.58,RW,ATT,7
Tom Eaves,ST,England,0.64,0.49,0.65,0.46,0.59,0.37,0.77,0.48,0.49,0.57,0.32,0.63,0.62,0.88,0.61,0.81,0.42,0.31,0.3,0.24,0.72,0.73,ST,ATT,1
Kelvin Ehibhatiomhan,ST,England,0.64,0.75,0.63,0.43,0.62,0.19,0.66,0.73,0.76,0.64,0.52,0.63,0.6,0.77,0.54,0.78,0.15,0.19,0.13,0.16,0.59,0.64,ST,ATT,5
Mourad Daoudi El Ghezouani,ST,Morocco,0.64,0.51,0.64,0.53,0.62,0.24,0.69,0.5,0.52,0.58,0.63,0.63,0.63,0.82,0.65,0.79,0.23,0.18,0.15,0.16,0.72,0.64,ST,ATT,1
Rodney Elongo-Yombo,ST,Germany,0.64,0.79,0.59,0.57,0.68,0.41,0.71,0.77,0.81,0.7,0.8,0.67,0.65,0.75,0.72,0.74,0.43,0.38,0.39,0.38,0.5,0.6,ST,ATT,2
Gustavo Fernández,ST,Argentina,0.64,0.69,0.61,0.58,0.64,0.29,0.63,0.67,0.71,0.72,0.6,0.62,0.76,0.59,0.69,0.64,0.12,0.11,0.42,0.3,0.58,0.63,ST,ATT,5
Nacho Ferri,ST,Spain,0.64,0.69,0.65,0.49,0.57,0.27,0.66,0.7,0.68,0.54,0.6,0.6,0.55,0.77,0.54,0.78,0.28,0.21,0.2,0.21,0.64,0.66,ST,ATT,5
Jayden Fevrier,RW,England,0.64,0.91,0.55,0.56,0.65,0.51,0.78,0.9,0.91,0.78,0.76,0.59,0.6,0.81,0.82,0.77,0.53,0.51,0.51,0.53,0.44,0.58,RW,ATT,2
Bradley Fink,ST,Switzerland,0.64,0.73,0.59,0.44,0.6,0.3,0.75,0.7,0.75,0.64,0.63,0.64,0.59,0.83,0.73,0.86,0.28,0.2,0.28,0.21,0.72,0.69,ST,ATT,5
Alan Godoy,ST,Spain,0.64,0.74,0.62,0.48,0.68,0.31,0.6,0.76,0.72,0.74,0.69,0.69,0.59,0.62,0.66,0.73,0.28,0.25,0.31,0.23,0.6,0.64,ST,ATT,5
Will Goodwin,ST,England,0.64,0.7,0.61,0.46,0.62,0.28,0.74,0.73,0.67,0.64,0.67,0.64,0.59,0.8,0.67,0.81,0.25,0.25,0.22,0.24,0.62,0.63,ST,ATT,5
Luis Antonio Gorocito,ST,Uruguay,0.64,0.55,0.68,0.38,0.59,0.21,0.7,0.55,0.55,0.52,0.48,0.65,0.47,0.88,0.66,0.78,0.17,0.18,0.13,0.2,0.65,0.68,ST,ATT,1
Viktor Granath,ST,Sweden,0.64,0.6,0.66,0.47,0.56,0.27,0.7,0.64,0.57,0.52,0.4,0.61,0.64,0.79,0.73,0.77,0.27,0.15,0.22,0.19,0.65,0.66,ST,ATT,1
Will Grigg,ST,Northern Ireland,0.64,0.63,0.64,0.49,0.62,0.32,0.64,0.65,0.62,0.66,0.68,0.62,0.65,0.68,0.65,0.7,0.37,0.2,0.26,0.22,0.64,0.64,ST,ATT,5
Zsombor Gruber,ST,Hungary,0.64,0.67,0.65,0.51,0.62,0.2,0.56,0.69,0.66,0.65,0.67,0.6,0.64,0.58,0.54,0.64,0.17,0.13,0.14,0.16,0.59,0.68,ST,ATT,5
Sveinn Aron Guðjohnsen,ST,Iceland,0.64,0.4,0.64,0.47,0.62,0.33,0.72,0.37,0.42,0.5,0.42,0.66,0.66,0.81,0.53,0.7,0.49,0.18,0.2,0.18,0.68,0.65,ST,ATT,1
Shayon Harrison,ST,England,0.64,0.87,0.62,0.45,0.66,0.22,0.6,0.88,0.86,0.83,0.73,0.62,0.61,0.64,0.57,0.77,0.16,0.12,0.21,0.21,0.58,0.66,ST,ATT,5
Melker Heier,RW,Sweden,0.64,0.73,0.62,0.59,0.66,0.52,0.63,0.75,0.71,0.8,0.84,0.64,0.59,0.63,0.65,0.66,0.5,0.48,0.52,0.57,0.5,0.68,RW,ATT,2
Callum Hendry,ST,Scotland,0.64,0.73,0.63,0.55,0.65,0.31,0.72,0.76,0.71,0.71,0.72,0.64,0.61,0.7,0.78,0.76,0.34,0.27,0.25,0.22,0.61,0.64,ST,ATT,5
Santiago Hidalgo,ST,Argentina,0.64,0.77,0.63,0.56,0.66,0.33,0.48,0.78,0.76,0.78,0.82,0.65,0.62,0.55,0.34,0.68,0.27,0.21,0.37,0.32,0.56,0.65,ST,ATT,7
Patrick Hoban,ST,Republic of Ireland,0.64,0.51,0.64,0.52,0.59,0.38,0.72,0.54,0.49,0.51,0.56,0.67,0.64,0.76,0.67,0.72,0.35,0.34,0.37,0.33,0.64,0.65,ST,ATT,1
Kasper Høgh,ST,Denmark,0.64,0.77,0.62,0.5,0.62,0.28,0.64,0.76,0.77,0.75,0.66,0.62,0.6,0.73,0.52,0.77,0.24,0.24,0.24,0.25,0.59,0.66,ST,ATT,5
Santeri Hostikka,LW,Finland,0.64,0.77,0.56,0.61,0.66,0.34,0.59,0.75,0.78,0.76,0.69,0.65,0.62,0.56,0.71,0.55,0.35,0.32,0.35,0.3,0.38,0.59,LW,ATT,7
Marco Huamán,RW,Peru,0.64,0.7,0.62,0.6,0.65,0.59,0.54,0.7,0.7,0.57,0.63,0.6,0.57,0.5,0.61,0.5,0.67,0.66,0.55,0.58,0.44,0.6,RW,ATT,2
Muharem Huskovic,ST,Austria,0.64,0.73,0.62,0.57,0.69,0.2,0.57,0.73,0.73,0.81,0.7,0.67,0.57,0.58,0.47,0.7,0.19,0.2,0.11,0.11,0.63,0.61,ST,ATT,5
Gabriel Iancu,ST,Romania,0.64,0.63,0.66,0.67,0.67,0.32,0.58,0.65,0.62,0.65,0.6,0.69,0.55,0.66,0.43,0.66,0.29,0.24,0.32,0.26,0.56,0.69,ST,ATT,5
Christopher Ibayi,ST,Congo,0.64,0.62,0.65,0.48,0.6,0.26,0.66,0.6,0.64,0.58,0.53,0.65,0.62,0.73,0.61,0.72,0.27,0.18,0.17,0.23,0.65,0.68,ST,ATT,1
Sunusi Ibrahim,ST,Nigeria,0.64,0.86,0.6,0.53,0.64,0.23,0.7,0.88,0.85,0.83,0.8,0.6,0.48,0.85,0.58,0.81,0.22,0.27,0.13,0.18,0.6,0.69,ST,ATT,5
Joe Ironside,ST,England,0.64,0.67,0.63,0.5,0.59,0.41,0.82,0.66,0.68,0.55,0.7,0.6,0.64,0.84,0.82,0.8,0.34,0.31,0.42,0.41,0.67,0.64,ST,ATT,1
Seedy Jatta,ST,Norway,0.64,0.81,0.61,0.46,0.66,0.26,0.67,0.8,0.82,0.86,0.81,0.64,0.58,0.74,0.6,0.81,0.18,0.19,0.3,0.15,0.64,0.63,ST,ATT,5
Kevin Jensen,LW,Sweden,0.64,0.76,0.6,0.59,0.67,0.2,0.47,0.74,0.77,0.82,0.81,0.64,0.59,0.41,0.58,0.44,0.16,0.22,0.15,0.23,0.41,0.67,LW,ATT,0
Ji Dong Won,ST,Korea Republic,0.64,0.52,0.64,0.56,0.6,0.4,0.67,0.59,0.47,0.47,0.58,0.7,0.46,0.74,0.56,0.77,0.37,0.2,0.35,0.48,0.71,0.63,ST,ATT,1
João Magno,ST,Brazil,0.64,0.68,0.65,0.44,0.56,0.28,0.81,0.69,0.68,0.58,0.37,0.55,0.58,0.86,0.69,0.87,0.27,0.21,0.23,0.2,0.72,0.68,ST,ATT,1
Antonio Jonjić,ST,Germany,0.64,0.76,0.62,0.57,0.69,0.31,0.64,0.8,0.72,0.81,0.7,0.67,0.62,0.7,0.6,0.72,0.35,0.33,0.22,0.28,0.52,0.62,ST,ATT,7
Viðar Ari Jónsson,RW,Iceland,0.64,0.8,0.56,0.59,0.63,0.6,0.66,0.8,0.8,0.73,0.65,0.63,0.6,0.63,0.76,0.73,0.62,0.6,0.58,0.61,0.58,0.56,RW,ATT,2
Kyle Joseph,ST,Scotland,0.64,0.75,0.62,0.53,0.65,0.23,0.6,0.76,0.75,0.7,0.66,0.65,0.63,0.64,0.69,0.73,0.13,0.2,0.24,0.18,0.59,0.64,ST,ATT,5
Elton Kabangu,ST,Belgium,0.64,0.77,0.62,0.6,0.68,0.33,0.52,0.77,0.77,0.74,0.65,0.68,0.57,0.65,0.32,0.75,0.38,0.3,0.3,0.19,0.6,0.62,ST,ATT,5
Mohammed Kamara,LW,Liberia,0.64,0.76,0.59,0.56,0.67,0.29,0.64,0.77,0.75,0.74,0.64,0.66,0.6,0.67,0.62,0.75,0.28,0.21,0.26,0.21,0.6,0.61,LW,ATT,5
Juan Cruz Kaprof,ST,Argentina,0.64,0.76,0.63,0.59,0.63,0.32,0.64,0.79,0.74,0.75,0.82,0.62,0.61,0.7,0.55,0.75,0.25,0.29,0.37,0.25,0.59,0.64,ST,ATT,5
Lars Kehl,RW,Germany,0.64,0.66,0.61,0.61,0.67,0.39,0.57,0.69,0.64,0.82,0.79,0.65,0.62,0.59,0.56,0.61,0.39,0.34,0.35,0.38,0.54,0.64,RW,ATT,2
Anan Khalaili,RW,Israel,0.64,0.76,0.62,0.56,0.67,0.25,0.59,0.75,0.77,0.79,0.78,0.63,0.58,0.64,0.68,0.59,0.3,0.23,0.19,0.21,0.38,0.68,RW,ATT,7
Greg Kiltie,LW,Scotland,0.64,0.65,0.59,0.6,0.66,0.46,0.61,0.66,0.65,0.77,0.67,0.65,0.65,0.56,0.79,0.55,0.5,0.46,0.46,0.41,0.45,0.57,LW,ATT,2
Pål Alexander Kirkevold,ST,Norway,0.64,0.56,0.64,0.62,0.62,0.33,0.77,0.52,0.6,0.53,0.66,0.65,0.63,0.84,0.67,0.74,0.27,0.26,0.36,0.26,0.62,0.71,ST,ATT,1
Thibault Klidje,ST,Togo,0.64,0.81,0.63,0.56,0.69,0.26,0.63,0.8,0.81,0.84,0.85,0.66,0.6,0.61,0.63,0.72,0.21,0.19,0.26,0.19,0.57,0.7,ST,ATT,7
Antoni Klimek,LW,Poland,0.64,0.73,0.58,0.56,0.68,0.51,0.59,0.74,0.73,0.81,0.74,0.64,0.59,0.62,0.62,0.58,0.52,0.57,0.54,0.45,0.4,0.58,LW,ATT,2
Charalampos Kostoulas,ST,Greece,0.64,0.68,0.63,0.53,0.61,0.35,0.64,0.66,0.7,0.63,0.62,0.6,0.6,0.68,0.6,0.71,0.32,0.25,0.35,0.29,0.66,0.66,ST,ATT,5
Franko Kovačević,ST,Croatia,0.64,0.73,0.62,0.53,0.69,0.25,0.68,0.73,0.73,0.69,0.66,0.7,0.53,0.72,0.69,0.74,0.23,0.17,0.19,0.25,0.55,0.61,ST,ATT,5
Maximilian Krauß,LW,Germany,0.64,0.8,0.6,0.54,0.69,0.3,0.59,0.83,0.78,0.9,0.86,0.64,0.54,0.57,0.82,0.58,0.27,0.29,0.37,0.23,0.33,0.56,LW,ATT,7
Mykola Kuharevych,ST,Ukraine,0.64,0.59,0.66,0.49,0.6,0.23,0.74,0.51,0.65,0.52,0.44,0.62,0.57,0.79,0.67,0.73,0.18,0.17,0.17,0.2,0.67,0.69,ST,ATT,1
Garang Kuol,LW,Australia,0.64,0.88,0.56,0.56,0.66,0.28,0.4,0.93,0.84,0.77,0.73,0.64,0.58,0.38,0.5,0.56,0.18,0.16,0.32,0.33,0.46,0.57,LW,ATT,0
Brighton Labeau,ST,France,0.64,0.69,0.64,0.52,0.65,0.21,0.72,0.69,0.69,0.74,0.66,0.63,0.62,0.74,0.75,0.75,0.21,0.15,0.12,0.18,0.64,0.63,ST,ATT,5
Fynn Lakenmacher,ST,Germany,0.64,0.74,0.62,0.5,0.63,0.3,0.77,0.66,0.8,0.59,0.65,0.65,0.57,0.82,0.74,0.79,0.34,0.14,0.22,0.28,0.63,0.68,ST,ATT,5
Jonathan Leko,ST,England,0.64,0.9,0.6,0.55,0.66,0.35,0.65,0.9,0.9,0.78,0.73,0.64,0.61,0.65,0.69,0.77,0.36,0.29,0.32,0.3,0.56,0.63,ST,ATT,7
Gabriel Leyes,ST,Uruguay,0.64,0.66,0.66,0.48,0.6,0.27,0.66,0.68,0.64,0.65,0.5,0.62,0.51,0.74,0.66,0.75,0.17,0.16,0.27,0.29,0.66,0.6,ST,ATT,5
Julius Lindberg,RW,Sweden,0.64,0.71,0.63,0.58,0.67,0.38,0.58,0.7,0.72,0.65,0.72,0.7,0.6,0.55,0.67,0.63,0.4,0.32,0.34,0.32,0.58,0.64,RW,ATT,2
Santiago López,RW,Argentina,0.64,0.84,0.65,0.56,0.64,0.25,0.56,0.83,0.84,0.78,0.71,0.63,0.58,0.52,0.65,0.65,0.22,0.22,0.2,0.22,0.54,0.66,RW,ATT,7
Gustav Lundgren,RW,Sweden,0.64,0.66,0.61,0.64,0.64,0.33,0.66,0.64,0.67,0.58,0.57,0.66,0.62,0.76,0.62,0.72,0.27,0.25,0.37,0.28,0.56,0.65,RW,ATT,1
Manuel Namora,ST,Portugal,0.64,0.67,0.65,0.52,0.63,0.26,0.54,0.68,0.67,0.58,0.67,0.65,0.6,0.63,0.53,0.7,0.2,0.18,0.25,0.2,0.67,0.67,ST,ATT,5
Josh Magennis,ST,Northern Ireland,0.64,0.48,0.64,0.54,0.59,0.42,0.79,0.49,0.48,0.58,0.41,0.63,0.63,0.86,0.69,0.8,0.37,0.36,0.34,0.49,0.71,0.72,ST,ATT,1
Mateusz Mak,LW,Poland,0.64,0.74,0.58,0.61,0.67,0.43,0.58,0.75,0.74,0.91,0.72,0.6,0.62,0.57,0.6,0.63,0.38,0.34,0.42,0.53,0.5,0.63,LW,ATT,2
Felix Mambimbi,ST,Switzerland,0.64,0.86,0.62,0.54,0.7,0.24,0.53,0.86,0.86,0.87,0.92,0.66,0.59,0.53,0.52,0.67,0.2,0.25,0.19,0.23,0.54,0.62,ST,ATT,7
Mikaël Mandron,ST,France,0.64,0.55,0.64,0.53,0.6,0.45,0.76,0.6,0.51,0.52,0.5,0.64,0.63,0.8,0.77,0.76,0.44,0.39,0.45,0.42,0.64,0.64,ST,ATT,1
Giacomo Manzari,ST,Italy,0.64,0.77,0.65,0.57,0.66,0.28,0.51,0.75,0.79,0.78,0.78,0.66,0.6,0.6,0.44,0.66,0.32,0.32,0.22,0.18,0.54,0.75,ST,ATT,7
Clau Mendes,ST,Guinea-Bissau,0.64,0.87,0.63,0.59,0.6,0.35,0.61,0.85,0.88,0.75,0.53,0.58,0.64,0.73,0.51,0.81,0.32,0.38,0.36,0.23,0.59,0.71,ST,ATT,5
Glenn Middleton,LW,Scotland,0.64,0.83,0.57,0.6,0.64,0.27,0.57,0.85,0.81,0.83,0.71,0.6,0.59,0.61,0.64,0.6,0.29,0.24,0.31,0.18,0.29,0.6,LW,ATT,7
Patrik Mijić,ST,Croatia,0.64,0.65,0.63,0.47,0.59,0.27,0.64,0.63,0.66,0.55,0.52,0.63,0.54,0.7,0.64,0.72,0.26,0.23,0.18,0.23,0.68,0.69,ST,ATT,5
Jovan Milošević,ST,Serbia,0.64,0.53,0.65,0.51,0.61,0.32,0.65,0.52,0.54,0.5,0.53,0.65,0.57,0.72,0.59,0.7,0.29,0.26,0.29,0.25,0.68,0.6,ST,ATT,1
Ebiye Moses,ST,Nigeria,0.64,0.82,0.62,0.52,0.63,0.36,0.72,0.83,0.82,0.78,0.75,0.62,0.55,0.81,0.68,0.86,0.32,0.34,0.34,0.32,0.6,0.65,ST,ATT,4
Suphanat Mueanta,RW,Thailand,0.64,0.66,0.61,0.57,0.67,0.23,0.44,0.66,0.66,0.66,0.72,0.68,0.54,0.47,0.47,0.45,0.21,0.26,0.22,0.18,0.4,0.67,RW,ATT,0
Paul Omo Mukairu,LW,Nigeria,0.64,0.84,0.58,0.57,0.66,0.32,0.61,0.84,0.84,0.78,0.77,0.63,0.58,0.65,0.61,0.65,0.36,0.36,0.25,0.28,0.42,0.63,LW,ATT,7
Simon Murray,ST,Scotland,0.64,0.79,0.64,0.46,0.61,0.22,0.71,0.76,0.82,0.71,0.63,0.61,0.6,0.72,0.73,0.79,0.12,0.17,0.25,0.13,0.63,0.71,ST,ATT,5
Danny Musovski,ST,United States,0.64,0.63,0.63,0.51,0.63,0.43,0.65,0.62,0.63,0.6,0.62,0.63,0.6,0.64,0.72,0.67,0.39,0.39,0.44,0.4,0.61,0.65,ST,ATT,2
Elliott Nevitt,ST,England,0.64,0.7,0.62,0.48,0.59,0.27,0.79,0.67,0.73,0.64,0.77,0.59,0.61,0.85,0.79,0.8,0.24,0.19,0.27,0.2,0.62,0.65,ST,ATT,5
Lasse Nordås,ST,Norway,0.64,0.76,0.61,0.47,0.61,0.25,0.67,0.75,0.76,0.68,0.57,0.63,0.58,0.79,0.6,0.81,0.2,0.18,0.22,0.24,0.62,0.6,ST,ATT,5
Javier Núñez,LW,Peru,0.64,0.76,0.58,0.58,0.66,0.5,0.54,0.77,0.75,0.7,0.7,0.6,0.55,0.59,0.55,0.59,0.48,0.49,0.53,0.54,0.42,0.6,LW,ATT,2
Elías Már Ómarsson,ST,Iceland,0.64,0.85,0.6,0.53,0.66,0.37,0.71,0.84,0.86,0.77,0.65,0.64,0.58,0.7,0.75,0.77,0.38,0.24,0.33,0.38,0.57,0.62,ST,ATT,2
Danilo Orsi,ST,England,0.64,0.73,0.63,0.51,0.63,0.25,0.66,0.72,0.74,0.7,0.69,0.62,0.61,0.71,0.83,0.76,0.23,0.19,0.2,0.18,0.61,0.63,ST,ATT,5
Park Seung Ho,RW,Korea Republic,0.64,0.8,0.61,0.51,0.66,0.22,0.65,0.77,0.82,0.69,0.72,0.63,0.6,0.69,0.71,0.71,0.13,0.12,0.22,0.24,0.52,0.62,RW,ATT,5
Darlan,ST,Brazil,0.64,0.61,0.62,0.63,0.69,0.56,0.56,0.64,0.58,0.77,0.82,0.7,0.7,0.41,0.81,0.51,0.64,0.58,0.44,0.59,0.57,0.65,ST,ATT,2
Stipe Perica,ST,Croatia,0.64,0.52,0.64,0.49,0.61,0.26,0.67,0.54,0.51,0.53,0.43,0.63,0.59,0.75,0.52,0.71,0.22,0.18,0.2,0.26,0.66,0.71,ST,ATT,1
Edwuin Pernía,ST,Venezuela,0.64,0.59,0.66,0.51,0.55,0.25,0.6,0.58,0.6,0.6,0.46,0.59,0.66,0.69,0.63,0.68,0.22,0.21,0.22,0.18,0.65,0.7,ST,ATT,1
Oscar Pettersson,RW,Sweden,0.64,0.81,0.6,0.61,0.63,0.52,0.64,0.8,0.81,0.71,0.67,0.64,0.53,0.59,0.77,0.67,0.55,0.5,0.47,0.56,0.51,0.6,RW,ATT,2
Matviy Ponomarenko,ST,Ukraine,0.64,0.69,0.64,0.48,0.58,0.26,0.62,0.68,0.7,0.59,0.55,0.59,0.64,0.63,0.59,0.69,0.25,0.22,0.17,0.23,0.63,0.68,ST,ATT,5
Francisco Pozzo,ST,Argentina,0.64,0.59,0.69,0.49,0.58,0.34,0.64,0.52,0.64,0.58,0.72,0.58,0.53,0.62,0.64,0.74,0.28,0.3,0.33,0.26,0.78,0.64,ST,ATT,1
Ángel Quiñonez,ST,Ecuador,0.64,0.67,0.64,0.51,0.62,0.4,0.63,0.66,0.67,0.59,0.52,0.64,0.65,0.67,0.58,0.71,0.43,0.4,0.35,0.32,0.65,0.64,ST,ATT,1
Bojan Radulović,ST,Serbia,0.64,0.54,0.65,0.48,0.64,0.27,0.65,0.56,0.52,0.57,0.54,0.69,0.59,0.71,0.65,0.69,0.25,0.28,0.21,0.2,0.62,0.69,ST,ATT,1
Marko Raguž,ST,Austria,0.64,0.58,0.63,0.59,0.68,0.22,0.56,0.54,0.61,0.73,0.55,0.68,0.56,0.7,0.3,0.67,0.2,0.16,0.14,0.21,0.64,0.67,ST,ATT,5
Tom Reyners,RW,Belgium,0.64,0.76,0.55,0.57,0.69,0.37,0.49,0.81,0.71,0.79,0.88,0.7,0.65,0.39,0.57,0.48,0.5,0.46,0.22,0.34,0.4,0.52,RW,ATT,7
Julian Rijkhoff,ST,Holland,0.64,0.71,0.63,0.53,0.7,0.25,0.51,0.72,0.7,0.79,0.74,0.72,0.62,0.57,0.55,0.63,0.2,0.21,0.21,0.24,0.54,0.55,ST,ATT,5
Andrés Ríos,ST,Argentina,0.64,0.57,0.63,0.63,0.64,0.37,0.79,0.61,0.54,0.71,0.68,0.63,0.61,0.8,0.77,0.76,0.4,0.22,0.4,0.24,0.63,0.7,ST,ATT,1
Steven Rodríguez,ST,Colombia,0.64,0.73,0.66,0.51,0.64,0.19,0.55,0.75,0.71,0.7,0.7,0.6,0.54,0.59,0.63,0.71,0.11,0.12,0.17,0.15,0.65,0.6,ST,ATT,5
Maciej Rosołek,ST,Poland,0.64,0.76,0.61,0.58,0.65,0.32,0.63,0.75,0.76,0.72,0.65,0.67,0.62,0.66,0.71,0.74,0.34,0.25,0.17,0.38,0.62,0.59,ST,ATT,5
Mads Sande,RW,Norway,0.64,0.73,0.56,0.61,0.63,0.48,0.66,0.73,0.73,0.64,0.65,0.65,0.62,0.62,0.81,0.66,0.51,0.44,0.37,0.57,0.53,0.55,RW,ATT,2
Mohamed Sankoh,ST,Holland,0.64,0.86,0.62,0.5,0.63,0.24,0.57,0.82,0.89,0.74,0.77,0.59,0.57,0.65,0.62,0.75,0.22,0.15,0.19,0.21,0.57,0.6,ST,ATT,5
Dane Scarlett,ST,England,0.64,0.78,0.63,0.51,0.66,0.2,0.63,0.8,0.76,0.78,0.71,0.65,0.59,0.64,0.64,0.76,0.16,0.18,0.17,0.13,0.61,0.64,ST,ATT,5
Fabian Schubert,ST,Austria,0.64,0.69,0.64,0.47,0.56,0.36,0.75,0.71,0.68,0.58,0.59,0.62,0.61,0.88,0.67,0.82,0.25,0.29,0.44,0.33,0.59,0.7,ST,ATT,1
Lorenzo Sgarbi,ST,Italy,0.64,0.59,0.65,0.56,0.62,0.28,0.66,0.49,0.67,0.52,0.63,0.66,0.5,0.73,0.55,0.77,0.21,0.24,0.26,0.19,0.76,0.63,ST,ATT,1
Javi Siverio,ST,Spain,0.64,0.55,0.67,0.5,0.62,0.26,0.58,0.6,0.5,0.53,0.55,0.65,0.6,0.66,0.55,0.68,0.2,0.17,0.2,0.28,0.65,0.66,ST,ATT,1
Elias Sørensen,ST,Denmark,0.64,0.64,0.64,0.57,0.62,0.26,0.65,0.61,0.67,0.62,0.57,0.63,0.62,0.69,0.63,0.68,0.22,0.21,0.22,0.21,0.6,0.66,ST,ATT,5
Filip Stevanović,LW,Serbia,0.64,0.69,0.62,0.61,0.67,0.35,0.52,0.75,0.64,0.77,0.7,0.68,0.59,0.55,0.52,0.54,0.43,0.38,0.31,0.27,0.36,0.66,LW,ATT,7
Mathew Stevens,ST,England,0.64,0.74,0.62,0.49,0.63,0.22,0.68,0.75,0.74,0.7,0.68,0.63,0.61,0.72,0.7,0.77,0.17,0.11,0.18,0.23,0.62,0.65,ST,ATT,5
Filip Stuparević,ST,Serbia,0.64,0.68,0.63,0.55,0.63,0.31,0.71,0.69,0.68,0.64,0.59,0.63,0.6,0.72,0.69,0.76,0.29,0.34,0.26,0.2,0.68,0.62,ST,ATT,5
Ian Subiabre,LW,Argentina,0.64,0.79,0.6,0.57,0.69,0.31,0.49,0.82,0.76,0.85,0.85,0.67,0.56,0.43,0.56,0.54,0.31,0.25,0.32,0.25,0.46,0.64,LW,ATT,7
Lyle Taylor,ST,Montserrat,0.64,0.69,0.64,0.57,0.63,0.38,0.62,0.63,0.73,0.64,0.49,0.64,0.64,0.71,0.53,0.71,0.35,0.35,0.4,0.31,0.61,0.65,ST,ATT,1
Iuri Tavares,LW,Cape Verde Islands,0.64,0.69,0.58,0.64,0.67,0.25,0.57,0.69,0.69,0.68,0.45,0.66,0.53,0.68,0.55,0.7,0.22,0.2,0.2,0.2,0.6,0.59,LW,ATT,5
Ben Hamed Touré,ST,Côte d'Ivoire,0.64,0.6,0.65,0.51,0.62,0.26,0.61,0.59,0.6,0.57,0.59,0.64,0.6,0.64,0.58,0.67,0.26,0.17,0.18,0.22,0.66,0.67,ST,ATT,1
Mohamed Touré,ST,Australia,0.64,0.85,0.6,0.52,0.65,0.31,0.66,0.85,0.85,0.79,0.67,0.62,0.59,0.83,0.33,0.86,0.28,0.26,0.27,0.28,0.59,0.65,ST,ATT,5
Kristijan Trapanovski,LW,North Macedonia,0.64,0.67,0.61,0.62,0.64,0.33,0.61,0.65,0.69,0.6,0.58,0.63,0.61,0.64,0.59,0.59,0.35,0.33,0.33,0.25,0.47,0.63,LW,ATT,5
Henrik Udahl,ST,Norway,0.64,0.72,0.64,0.47,0.6,0.23,0.69,0.72,0.72,0.66,0.66,0.59,0.6,0.69,0.68,0.74,0.2,0.25,0.22,0.1,0.63,0.66,ST,ATT,5
Gastón Valles,ST,Uruguay,0.64,0.68,0.63,0.55,0.62,0.3,0.68,0.64,0.72,0.63,0.56,0.64,0.62,0.72,0.63,0.73,0.26,0.24,0.27,0.24,0.65,0.66,ST,ATT,5
Sam Vokes,ST,Wales,0.64,0.35,0.64,0.57,0.56,0.42,0.81,0.34,0.36,0.45,0.52,0.62,0.68,0.91,0.66,0.73,0.38,0.29,0.42,0.42,0.7,0.72,ST,ATT,1
Leonardo Vonić,ST,Croatia,0.64,0.71,0.62,0.43,0.66,0.25,0.66,0.68,0.73,0.73,0.68,0.64,0.63,0.72,0.71,0.73,0.25,0.22,0.18,0.2,0.61,0.63,ST,ATT,5
Ben Waine,ST,New Zealand,0.64,0.82,0.63,0.55,0.63,0.44,0.75,0.83,0.81,0.71,0.72,0.63,0.57,0.75,0.75,0.83,0.45,0.38,0.36,0.48,0.61,0.63,ST,ATT,2
Tony Watt,ST,Scotland,0.64,0.71,0.65,0.61,0.64,0.46,0.73,0.72,0.7,0.68,0.73,0.64,0.55,0.76,0.76,0.79,0.5,0.43,0.43,0.4,0.62,0.65,ST,ATT,2
Ethan Wheatley,ST,England,0.64,0.72,0.64,0.49,0.63,0.31,0.63,0.7,0.74,0.68,0.63,0.62,0.57,0.67,0.62,0.71,0.3,0.21,0.29,0.25,0.61,0.68,ST,ATT,5
Brynjólfur Willumsson,ST,Iceland,0.64,0.7,0.63,0.54,0.64,0.38,0.7,0.72,0.68,0.68,0.6,0.63,0.58,0.71,0.67,0.74,0.36,0.36,0.34,0.36,0.58,0.66,ST,ATT,2
Redon Xhixha,ST,Albania,0.64,0.65,0.65,0.46,0.59,0.2,0.59,0.67,0.64,0.62,0.65,0.61,0.63,0.64,0.57,0.7,0.14,0.13,0.15,0.18,0.64,0.68,ST,ATT,5
Emmanuel Yeboah,ST,Ghana,0.64,0.83,0.6,0.55,0.63,0.36,0.77,0.82,0.84,0.69,0.64,0.62,0.59,0.81,0.76,0.81,0.33,0.29,0.36,0.37,0.53,0.64,ST,ATT,2
Jake Young,ST,England,0.64,0.8,0.62,0.46,0.62,0.25,0.64,0.78,0.81,0.66,0.54,0.62,0.6,0.74,0.6,0.78,0.23,0.19,0.2,0.21,0.58,0.63,ST,ATT,5
Yu Kang Hyun,ST,Korea Republic,0.64,0.71,0.64,0.45,0.61,0.27,0.63,0.64,0.76,0.57,0.69,0.64,0.63,0.78,0.6,0.75,0.18,0.19,0.33,0.2,0.61,0.68,ST,ATT,5
Lequincio Zeefuik,ST,Holland,0.64,0.8,0.6,0.48,0.64,0.26,0.73,0.78,0.82,0.69,0.63,0.62,0.6,0.8,0.66,0.91,0.24,0.2,0.22,0.21,0.6,0.71,ST,ATT,5
Ajdin Zeljković,ST,Sweden,0.64,0.73,0.63,0.6,0.65,0.31,0.64,0.72,0.74,0.74,0.67,0.65,0.59,0.65,0.65,0.69,0.31,0.28,0.28,0.26,0.55,0.66,ST,ATT,5
Noah Adedeji-Sternberg,LW,Belgium,0.63,0.77,0.63,0.49,0.7,0.21,0.49,0.78,0.76,0.75,0.63,0.71,0.52,0.55,0.51,0.53,0.22,0.17,0.2,0.21,0.27,0.68,LW,ATT,0
Samuel Adeniran,ST,United States,0.63,0.57,0.65,0.43,0.48,0.25,0.73,0.6,0.55,0.46,0.31,0.51,0.5,0.86,0.6,0.8,0.19,0.18,0.19,0.23,0.68,0.77,ST,ATT,1
William Agada,ST,Nigeria,0.63,0.74,0.62,0.46,0.61,0.21,0.63,0.73,0.74,0.64,0.72,0.62,0.65,0.64,0.64,0.73,0.18,0.16,0.14,0.18,0.62,0.62,ST,ATT,5
Federico Aguirre,ST,Argentina,0.63,0.63,0.65,0.55,0.58,0.36,0.68,0.68,0.59,0.6,0.6,0.53,0.55,0.71,0.66,0.74,0.3,0.29,0.39,0.3,0.63,0.69,ST,ATT,1
Lucas Akins,ST,Grenada,0.63,0.71,0.59,0.58,0.61,0.54,0.8,0.68,0.73,0.62,0.75,0.63,0.65,0.85,0.8,0.8,0.55,0.52,0.51,0.53,0.63,0.63,ST,ATT,2
Ali Akman,ST,Turkey,0.63,0.78,0.62,0.57,0.68,0.24,0.51,0.79,0.77,0.8,0.83,0.67,0.65,0.55,0.57,0.57,0.25,0.24,0.21,0.18,0.4,0.62,ST,ATT,7
Turki Al Ammar,LW,Saudi Arabia,0.63,0.72,0.55,0.59,0.65,0.48,0.61,0.7,0.73,0.8,0.83,0.6,0.6,0.6,0.71,0.53,0.55,0.38,0.47,0.49,0.36,0.58,LW,ATT,2
Mohammed Al Saiari,ST,Saudi Arabia,0.63,0.66,0.64,0.54,0.6,0.36,0.74,0.65,0.66,0.66,0.55,0.57,0.59,0.74,0.64,0.83,0.28,0.35,0.33,0.36,0.66,0.75,ST,ATT,1
Ibrahim Aliyu,ST,Nigeria,0.63,0.7,0.65,0.57,0.66,0.3,0.56,0.67,0.72,0.69,0.63,0.63,0.55,0.61,0.62,0.59,0.3,0.23,0.29,0.24,0.49,0.63,ST,ATT,5
William Álvarez,ST,Bolivia,0.63,0.63,0.62,0.48,0.61,0.24,0.63,0.6,0.66,0.66,0.62,0.62,0.55,0.67,0.63,0.7,0.22,0.16,0.16,0.22,0.69,0.6,ST,ATT,5
Jonathan Amon,LW,United States,0.63,0.84,0.55,0.54,0.66,0.27,0.53,0.85,0.83,0.82,0.8,0.64,0.53,0.56,0.46,0.6,0.25,0.25,0.28,0.25,0.39,0.57,LW,ATT,0
Achille Anani,ST,Côte d'Ivoire,0.63,0.79,0.61,0.54,0.61,0.25,0.68,0.75,0.82,0.71,0.69,0.59,0.58,0.83,0.56,0.81,0.2,0.17,0.2,0.29,0.58,0.64,ST,ATT,5
Tobias Anselm,ST,Austria,0.63,0.77,0.62,0.59,0.63,0.41,0.59,0.74,0.79,0.61,0.62,0.65,0.58,0.64,0.6,0.7,0.39,0.47,0.43,0.28,0.56,0.63,ST,ATT,2
Irwin Antón,ST,Venezuela,0.63,0.53,0.66,0.62,0.6,0.39,0.69,0.56,0.5,0.6,0.65,0.58,0.66,0.77,0.63,0.73,0.33,0.33,0.44,0.33,0.63,0.65,ST,ATT,1
Onur Arı,ST,Turkey,0.63,0.57,0.63,0.45,0.57,0.31,0.71,0.51,0.62,0.54,0.38,0.62,0.63,0.77,0.63,0.72,0.29,0.23,0.29,0.23,0.66,0.69,ST,ATT,1
Luke Armstrong,ST,England,0.63,0.68,0.62,0.46,0.6,0.25,0.82,0.66,0.69,0.67,0.68,0.61,0.59,0.84,0.88,0.88,0.23,0.18,0.21,0.19,0.64,0.65,ST,ATT,5
Dorian Babunski,ST,North Macedonia,0.63,0.5,0.67,0.45,0.55,0.21,0.64,0.54,0.47,0.54,0.56,0.58,0.58,0.72,0.57,0.71,0.18,0.17,0.17,0.11,0.69,0.67,ST,ATT,1
Mateo Bajamich,ST,Argentina,0.63,0.67,0.64,0.64,0.63,0.27,0.59,0.79,0.57,0.62,0.76,0.66,0.58,0.69,0.52,0.62,0.2,0.26,0.27,0.31,0.37,0.66,ST,ATT,5
Monsef Bakrar,ST,Algeria,0.63,0.59,0.67,0.38,0.56,0.25,0.57,0.58,0.6,0.59,0.7,0.56,0.6,0.64,0.59,0.66,0.22,0.18,0.22,0.19,0.62,0.77,ST,ATT,6
Ibrahima Baldé,RW,France,0.63,0.66,0.61,0.54,0.66,0.2,0.47,0.65,0.67,0.65,0.57,0.67,0.63,0.56,0.32,0.62,0.18,0.16,0.16,0.11,0.57,0.63,RW,ATT,5
David Ball,ST,England,0.63,0.56,0.62,0.62,0.64,0.53,0.74,0.6,0.52,0.63,0.69,0.65,0.64,0.73,0.81,0.69,0.57,0.53,0.44,0.58,0.58,0.66,ST,ATT,2
Charlison Benschop,ST,Curaçao,0.63,0.43,0.64,0.56,0.56,0.41,0.77,0.41,0.45,0.45,0.55,0.57,0.66,0.89,0.59,0.74,0.44,0.26,0.39,0.36,0.67,0.69,ST,ATT,1
Daniel Benzar,RW,Romania,0.63,0.81,0.56,0.57,0.64,0.44,0.65,0.83,0.8,0.84,0.81,0.63,0.55,0.62,0.73,0.71,0.49,0.47,0.39,0.4,0.52,0.58,RW,ATT,2
Sebastian Bergier,ST,Poland,0.63,0.75,0.63,0.53,0.62,0.24,0.63,0.78,0.72,0.75,0.69,0.6,0.53,0.68,0.65,0.77,0.16,0.19,0.3,0.12,0.63,0.63,ST,ATT,5
Jacob Bergström,ST,Sweden,0.63,0.64,0.61,0.44,0.57,0.37,0.8,0.61,0.67,0.36,0.51,0.62,0.58,0.92,0.67,0.83,0.3,0.31,0.35,0.35,0.69,0.64,ST,ATT,1
Nicolas Binder,ST,Austria,0.63,0.63,0.6,0.45,0.58,0.27,0.77,0.49,0.74,0.73,0.39,0.6,0.57,0.94,0.57,0.79,0.25,0.21,0.19,0.23,0.7,0.61,ST,ATT,1
Tom Boere,ST,Holland,0.63,0.66,0.64,0.52,0.59,0.31,0.72,0.64,0.67,0.62,0.62,0.59,0.58,0.77,0.66,0.82,0.2,0.19,0.4,0.18,0.71,0.7,ST,ATT,1
Omar Bogle,ST,England,0.63,0.64,0.62,0.5,0.61,0.3,0.73,0.65,0.63,0.63,0.57,0.62,0.59,0.85,0.72,0.7,0.27,0.23,0.23,0.32,0.6,0.63,ST,ATT,1
Noah Botić,ST,Australia,0.63,0.67,0.62,0.46,0.61,0.28,0.63,0.65,0.68,0.55,0.57,0.64,0.6,0.68,0.6,0.7,0.23,0.2,0.24,0.26,0.63,0.61,ST,ATT,5
Marius Broholm,RW,Norway,0.63,0.7,0.55,0.6,0.65,0.49,0.48,0.72,0.69,0.79,0.74,0.65,0.57,0.41,0.6,0.48,0.5,0.51,0.47,0.52,0.46,0.58,RW,ATT,2
Eamonn Brophy,ST,Scotland,0.63,0.76,0.64,0.57,0.64,0.31,0.68,0.74,0.78,0.8,0.79,0.61,0.57,0.67,0.71,0.73,0.28,0.24,0.23,0.38,0.6,0.7,ST,ATT,5
Roman Buess,ST,Switzerland,0.63,0.75,0.63,0.6,0.61,0.42,0.71,0.77,0.73,0.69,0.68,0.6,0.61,0.73,0.75,0.76,0.52,0.39,0.27,0.45,0.55,0.67,ST,ATT,2
Darragh Burns,RW,Republic of Ireland,0.63,0.75,0.59,0.58,0.67,0.42,0.51,0.73,0.77,0.8,0.76,0.63,0.54,0.42,0.68,0.52,0.44,0.41,0.41,0.35,0.51,0.59,RW,ATT,2
Maher Carrizo,ST,Argentina,0.63,0.79,0.65,0.49,0.65,0.21,0.6,0.77,0.81,0.77,0.78,0.65,0.54,0.65,0.55,0.73,0.17,0.14,0.19,0.17,0.58,0.7,ST,ATT,5
Federico Castro,LW,Argentina,0.63,0.67,0.62,0.53,0.65,0.31,0.74,0.68,0.66,0.72,0.63,0.64,0.57,0.82,0.7,0.8,0.18,0.19,0.45,0.2,0.64,0.59,LW,ATT,5
Mervan Çelik,LW,Sweden,0.63,0.73,0.61,0.6,0.64,0.31,0.63,0.72,0.73,0.77,0.73,0.61,0.6,0.67,0.52,0.68,0.28,0.2,0.4,0.17,0.54,0.65,LW,ATT,5
Lucas Chávez,RW,Bolivia,0.63,0.81,0.61,0.56,0.63,0.39,0.59,0.77,0.84,0.71,0.59,0.61,0.57,0.6,0.65,0.65,0.44,0.44,0.33,0.31,0.48,0.56,RW,ATT,2
Cheon Seong Hoon,ST,Korea Republic,0.63,0.55,0.6,0.43,0.59,0.31,0.65,0.55,0.55,0.58,0.51,0.63,0.64,0.76,0.59,0.74,0.28,0.25,0.26,0.25,0.68,0.65,ST,ATT,1
Petter Dahl,LW,Norway,0.63,0.87,0.55,0.54,0.68,0.25,0.51,0.89,0.86,0.83,0.83,0.66,0.58,0.49,0.5,0.6,0.25,0.23,0.22,0.2,0.45,0.61,LW,ATT,7
Jayden Danns,ST,England,0.63,0.69,0.62,0.51,0.62,0.27,0.61,0.68,0.7,0.61,0.59,0.63,0.59,0.64,0.55,0.69,0.23,0.22,0.24,0.25,0.6,0.63,ST,ATT,5
Promise David,ST,Canada,0.63,0.61,0.63,0.39,0.53,0.27,0.67,0.55,0.65,0.45,0.5,0.55,0.46,0.77,0.58,0.79,0.24,0.26,0.2,0.2,0.73,0.66,ST,ATT,6
Anthony Descotte,ST,Belgium,0.63,0.78,0.62,0.54,0.7,0.29,0.57,0.79,0.77,0.75,0.77,0.7,0.62,0.64,0.58,0.66,0.33,0.28,0.22,0.24,0.46,0.62,ST,ATT,7
Ibrahim Diabate,ST,Côte d'Ivoire,0.63,0.75,0.62,0.5,0.58,0.18,0.7,0.71,0.79,0.68,0.66,0.55,0.58,0.8,0.66,0.81,0.14,0.13,0.13,0.11,0.64,0.61,ST,ATT,5
Lamine Diaby Fadiga,ST,France,0.63,0.66,0.62,0.56,0.63,0.25,0.66,0.64,0.67,0.66,0.6,0.63,0.59,0.77,0.62,0.75,0.25,0.22,0.19,0.15,0.61,0.63,ST,ATT,5
Mahamadou Diarra,ST,Mali,0.63,0.68,0.65,0.43,0.6,0.21,0.49,0.67,0.69,0.6,0.68,0.63,0.58,0.53,0.55,0.62,0.16,0.12,0.19,0.15,0.62,0.63,ST,ATT,5
Emmanuel Ekong,ST,Sweden,0.63,0.74,0.64,0.47,0.63,0.24,0.57,0.75,0.73,0.7,0.72,0.63,0.57,0.59,0.65,0.71,0.21,0.15,0.21,0.16,0.65,0.64,ST,ATT,5
Umeh Emmanuel,LW,Nigeria,0.63,0.8,0.64,0.52,0.66,0.29,0.53,0.81,0.8,0.79,0.69,0.62,0.53,0.55,0.62,0.63,0.3,0.26,0.26,0.25,0.45,0.65,LW,ATT,7
Oskar Fallenius,RW,Sweden,0.63,0.82,0.53,0.56,0.66,0.18,0.5,0.82,0.82,0.74,0.71,0.66,0.5,0.47,0.64,0.54,0.14,0.19,0.16,0.15,0.43,0.51,RW,ATT,0
Steven Fletcher,ST,Scotland,0.63,0.37,0.65,0.55,0.61,0.32,0.65,0.41,0.34,0.55,0.64,0.63,0.63,0.74,0.53,0.67,0.22,0.14,0.33,0.34,0.69,0.71,ST,ATT,1
Loránd Fülöp,LW,Romania,0.63,0.68,0.6,0.63,0.64,0.41,0.64,0.69,0.68,0.76,0.66,0.62,0.6,0.65,0.71,0.61,0.4,0.3,0.34,0.55,0.49,0.65,LW,ATT,2
Thierry Gale,LW,Barbados,0.63,0.76,0.59,0.57,0.68,0.26,0.38,0.78,0.74,0.72,0.8,0.7,0.51,0.27,0.61,0.43,0.3,0.31,0.17,0.22,0.43,0.61,LW,ATT,0
Dejan Galjen,ST,Germany,0.63,0.69,0.62,0.45,0.61,0.18,0.68,0.72,0.67,0.63,0.62,0.64,0.51,0.82,0.6,0.81,0.15,0.17,0.12,0.13,0.6,0.63,ST,ATT,5
Enso González,LW,Paraguay,0.63,0.81,0.52,0.58,0.69,0.35,0.4,0.85,0.77,0.76,0.82,0.66,0.53,0.33,0.49,0.47,0.36,0.47,0.34,0.26,0.41,0.56,LW,ATT,0
Ethyan,ST,Spain,0.63,0.65,0.63,0.58,0.59,0.3,0.61,0.57,0.71,0.63,0.58,0.63,0.57,0.7,0.51,0.68,0.28,0.29,0.25,0.26,0.64,0.62,ST,ATT,5
Fernand Goure,ST,Côte d'Ivoire,0.63,0.62,0.6,0.48,0.58,0.26,0.66,0.58,0.66,0.5,0.41,0.62,0.59,0.86,0.52,0.78,0.26,0.18,0.23,0.17,0.65,0.7,ST,ATT,1
Frederik Gytkjær,ST,Denmark,0.63,0.63,0.62,0.58,0.64,0.35,0.72,0.66,0.6,0.7,0.66,0.64,0.65,0.69,0.67,0.68,0.33,0.35,0.32,0.32,0.59,0.64,ST,ATT,1
Irfan Hadžić,ST,Bosnia and Herzegovina,0.63,0.63,0.61,0.41,0.6,0.25,0.64,0.59,0.66,0.55,0.57,0.65,0.58,0.78,0.64,0.76,0.22,0.16,0.21,0.16,0.69,0.56,ST,ATT,5
Phil Halbauer,LW,Germany,0.63,0.78,0.57,0.61,0.64,0.41,0.57,0.74,0.82,0.7,0.71,0.61,0.57,0.63,0.56,0.63,0.41,0.29,0.45,0.4,0.47,0.67,LW,ATT,2
Brandon Hanlan,ST,England,0.63,0.84,0.6,0.52,0.64,0.35,0.71,0.82,0.85,0.76,0.71,0.62,0.59,0.8,0.68,0.83,0.3,0.35,0.4,0.22,0.57,0.64,ST,ATT,5
Phil Harres,ST,Germany,0.63,0.73,0.62,0.45,0.58,0.29,0.72,0.72,0.73,0.59,0.42,0.63,0.5,0.84,0.57,0.83,0.25,0.26,0.24,0.29,0.63,0.65,ST,ATT,5
Ellis Harrison,ST,Wales,0.63,0.79,0.61,0.54,0.63,0.41,0.77,0.78,0.79,0.74,0.72,0.6,0.6,0.8,0.7,0.83,0.42,0.39,0.35,0.41,0.6,0.64,ST,ATT,2
Elias Havel,LW,Austria,0.63,0.71,0.64,0.59,0.63,0.28,0.63,0.69,0.73,0.72,0.64,0.65,0.58,0.66,0.6,0.68,0.26,0.2,0.24,0.25,0.59,0.62,LW,ATT,5
Aune Selland Heggebø,ST,Norway,0.63,0.67,0.61,0.48,0.64,0.23,0.66,0.67,0.67,0.75,0.72,0.63,0.56,0.72,0.7,0.74,0.18,0.18,0.19,0.18,0.64,0.62,ST,ATT,5
Felix Higl,ST,Germany,0.63,0.64,0.6,0.56,0.57,0.27,0.71,0.54,0.73,0.52,0.41,0.61,0.55,0.8,0.69,0.74,0.2,0.19,0.24,0.24,0.68,0.67,ST,ATT,1
Lukas Hinterseer,ST,Austria,0.63,0.3,0.64,0.6,0.64,0.4,0.65,0.3,0.3,0.58,0.53,0.66,0.67,0.83,0.35,0.68,0.33,0.33,0.44,0.33,0.67,0.67,ST,ATT,1
Elias Huth,ST,Germany,0.63,0.78,0.61,0.54,0.62,0.4,0.73,0.77,0.78,0.68,0.68,0.61,0.6,0.74,0.81,0.8,0.36,0.33,0.4,0.39,0.63,0.65,ST,ATT,2
Uche Ikpeazu,ST,Uganda,0.63,0.55,0.62,0.5,0.59,0.27,0.8,0.49,0.59,0.51,0.45,0.63,0.6,0.93,0.64,0.69,0.24,0.19,0.23,0.22,0.66,0.72,ST,ATT,1
Alain Ipiélé,LW,Congo,0.63,0.73,0.58,0.57,0.65,0.23,0.52,0.73,0.73,0.72,0.65,0.64,0.6,0.56,0.61,0.55,0.27,0.2,0.15,0.23,0.41,0.68,LW,ATT,0
Daniel Kanu,ST,Sierra Leone,0.63,0.75,0.62,0.52,0.63,0.31,0.65,0.71,0.79,0.71,0.71,0.62,0.7,0.66,0.7,0.67,0.35,0.28,0.27,0.22,0.54,0.64,ST,ATT,5
Augustus Kargbo,ST,Sierra Leone,0.63,0.81,0.62,0.53,0.64,0.2,0.53,0.79,0.83,0.78,0.86,0.56,0.63,0.48,0.67,0.63,0.16,0.14,0.21,0.1,0.57,0.66,ST,ATT,5
Thomas Kastanaras,ST,Germany,0.63,0.64,0.64,0.51,0.6,0.22,0.62,0.62,0.65,0.63,0.62,0.61,0.59,0.73,0.55,0.7,0.14,0.16,0.2,0.21,0.59,0.65,ST,ATT,5
Emilio Kehrer,ST,Germany,0.63,0.72,0.63,0.47,0.67,0.25,0.55,0.75,0.69,0.86,0.73,0.65,0.59,0.51,0.67,0.63,0.24,0.22,0.19,0.2,0.56,0.67,ST,ATT,5
Johnny Kenny,ST,Republic of Ireland,0.63,0.82,0.59,0.54,0.64,0.32,0.68,0.79,0.84,0.74,0.74,0.62,0.59,0.7,0.6,0.77,0.39,0.31,0.21,0.24,0.61,0.67,ST,ATT,5
Alan Kerouedan,RW,France,0.63,0.7,0.58,0.63,0.66,0.4,0.58,0.72,0.69,0.78,0.8,0.63,0.55,0.53,0.75,0.63,0.43,0.37,0.33,0.36,0.58,0.57,RW,ATT,2
Kim Seung Dae,ST,Korea Republic,0.63,0.78,0.59,0.6,0.66,0.44,0.61,0.78,0.78,0.77,0.77,0.69,0.62,0.59,0.65,0.67,0.45,0.32,0.42,0.48,0.53,0.57,ST,ATT,2
Meriton Korenica,RW,Kosovo,0.63,0.73,0.64,0.61,0.65,0.29,0.56,0.72,0.73,0.71,0.7,0.64,0.56,0.48,0.71,0.57,0.27,0.25,0.25,0.27,0.54,0.71,RW,ATT,7
Michalis Kosidis,ST,Greece,0.63,0.71,0.64,0.47,0.6,0.23,0.68,0.7,0.72,0.59,0.54,0.62,0.45,0.76,0.63,0.76,0.21,0.16,0.18,0.16,0.6,0.67,ST,ATT,5
Giorgi Kvernadze,LW,Georgia,0.63,0.74,0.58,0.59,0.67,0.29,0.5,0.72,0.75,0.66,0.59,0.66,0.55,0.61,0.36,0.66,0.3,0.21,0.26,0.25,0.53,0.65,LW,ATT,5
Michael Lallemand,ST,Belgium,0.63,0.73,0.63,0.53,0.61,0.29,0.64,0.72,0.74,0.71,0.67,0.57,0.59,0.62,0.7,0.72,0.31,0.35,0.2,0.21,0.62,0.7,ST,ATT,5
Gaëtan Laura,ST,France,0.63,0.84,0.6,0.51,0.64,0.24,0.74,0.8,0.87,0.76,0.71,0.62,0.61,0.76,0.71,0.8,0.12,0.14,0.31,0.18,0.58,0.65,ST,ATT,5
Lee Young Jun,ST,Korea Republic,0.63,0.64,0.62,0.46,0.56,0.23,0.75,0.55,0.71,0.58,0.53,0.59,0.6,0.81,0.7,0.77,0.18,0.15,0.2,0.16,0.69,0.63,ST,ATT,1
Lin Liangming,LW,China PR,0.63,0.81,0.61,0.6,0.61,0.24,0.6,0.84,0.79,0.86,0.68,0.58,0.48,0.7,0.59,0.71,0.22,0.23,0.23,0.15,0.49,0.65,LW,ATT,5
Lex-Tyger Lobinger,ST,Germany,0.63,0.75,0.59,0.45,0.53,0.28,0.7,0.67,0.82,0.54,0.41,0.6,0.6,0.8,0.59,0.78,0.25,0.23,0.24,0.22,0.65,0.66,ST,ATT,5
Erik López,ST,Paraguay,0.63,0.64,0.65,0.48,0.6,0.25,0.65,0.62,0.65,0.72,0.58,0.6,0.6,0.66,0.67,0.7,0.18,0.2,0.21,0.22,0.67,0.64,ST,ATT,5
Paddy Madden,ST,Republic of Ireland,0.63,0.53,0.64,0.56,0.62,0.39,0.69,0.55,0.51,0.69,0.62,0.62,0.66,0.71,0.73,0.69,0.39,0.26,0.42,0.31,0.63,0.64,ST,ATT,1
Gabriel Maioli,RW,Brazil,0.63,0.71,0.59,0.6,0.63,0.35,0.53,0.73,0.7,0.71,0.69,0.6,0.58,0.54,0.57,0.52,0.35,0.36,0.33,0.35,0.41,0.56,RW,ATT,0
Jordan Majchrzak,ST,Poland,0.63,0.56,0.61,0.47,0.6,0.25,0.57,0.6,0.52,0.52,0.54,0.65,0.66,0.65,0.51,0.7,0.21,0.17,0.21,0.17,0.7,0.6,ST,ATT,6
Elias Manoel,ST,Brazil,0.63,0.88,0.57,0.46,0.68,0.19,0.7,0.9,0.87,0.77,0.84,0.67,0.53,0.76,0.75,0.78,0.1,0.13,0.19,0.14,0.61,0.6,ST,ATT,5
Jack Marriott,ST,England,0.63,0.76,0.63,0.5,0.63,0.25,0.63,0.78,0.74,0.76,0.79,0.61,0.62,0.64,0.68,0.75,0.25,0.15,0.2,0.22,0.6,0.66,ST,ATT,5
Moses Mawa,ST,Norway,0.63,0.82,0.6,0.53,0.64,0.3,0.74,0.82,0.82,0.7,0.75,0.63,0.6,0.82,0.65,0.84,0.28,0.26,0.26,0.29,0.56,0.65,ST,ATT,5
Conor McMenamin,RW,Northern Ireland,0.63,0.76,0.57,0.57,0.64,0.28,0.48,0.8,0.73,0.76,0.67,0.61,0.56,0.51,0.47,0.54,0.3,0.24,0.27,0.24,0.38,0.6,RW,ATT,0
Marcus Johansen Mehnert,RW,Norway,0.63,0.77,0.61,0.52,0.64,0.31,0.71,0.78,0.77,0.72,0.67,0.64,0.59,0.69,0.73,0.74,0.22,0.24,0.3,0.34,0.58,0.62,RW,ATT,5
Elias Hoff Melkersen,ST,Norway,0.63,0.74,0.63,0.52,0.62,0.3,0.67,0.73,0.74,0.78,0.7,0.61,0.59,0.62,0.75,0.69,0.29,0.17,0.28,0.3,0.56,0.67,ST,ATT,5
Camilo Mena,RW,Colombia,0.63,0.79,0.56,0.58,0.68,0.38,0.48,0.79,0.79,0.82,0.81,0.66,0.44,0.4,0.62,0.46,0.4,0.33,0.4,0.33,0.38,0.6,RW,ATT,7
Paul Mensah,RW,Ghana,0.63,0.83,0.56,0.53,0.66,0.24,0.48,0.8,0.85,0.79,0.7,0.67,0.49,0.51,0.43,0.62,0.21,0.23,0.2,0.21,0.5,0.53,RW,ATT,0
Facundo Milán,ST,Uruguay,0.63,0.65,0.66,0.51,0.58,0.35,0.57,0.67,0.64,0.68,0.54,0.63,0.61,0.58,0.64,0.68,0.3,0.35,0.3,0.33,0.68,0.55,ST,ATT,5
Naeem Mohammed,ST,Ghana,0.63,0.82,0.6,0.47,0.64,0.24,0.65,0.83,0.82,0.79,0.75,0.63,0.59,0.75,0.63,0.77,0.25,0.22,0.19,0.18,0.52,0.57,ST,ATT,5
Louis Moult,ST,England,0.63,0.36,0.64,0.52,0.6,0.38,0.71,0.35,0.36,0.58,0.56,0.64,0.63,0.8,0.48,0.68,0.36,0.28,0.44,0.24,0.67,0.66,ST,ATT,1
Moussa Njie,LW,Norway,0.63,0.86,0.56,0.54,0.66,0.24,0.59,0.85,0.87,0.8,0.74,0.64,0.58,0.6,0.64,0.72,0.17,0.13,0.26,0.2,0.54,0.61,LW,ATT,5
Clarke Oduor,RW,Kenya,0.63,0.78,0.5,0.57,0.69,0.57,0.58,0.81,0.76,0.78,0.82,0.68,0.59,0.56,0.59,0.64,0.62,0.55,0.55,0.56,0.48,0.51,RW,ATT,2
Fabricio Oviedo,ST,Argentina,0.63,0.53,0.65,0.48,0.61,0.35,0.6,0.53,0.53,0.54,0.62,0.64,0.63,0.67,0.66,0.67,0.3,0.34,0.39,0.21,0.7,0.67,ST,ATT,1
Ollie Palmer,ST,England,0.63,0.44,0.63,0.53,0.55,0.28,0.8,0.46,0.42,0.32,0.34,0.63,0.61,0.91,0.56,0.67,0.32,0.3,0.13,0.24,0.67,0.64,ST,ATT,1
Eric Pérez,LW,Spain,0.63,0.75,0.65,0.56,0.65,0.28,0.5,0.74,0.75,0.52,0.64,0.68,0.55,0.57,0.44,0.61,0.32,0.36,0.2,0.21,0.49,0.72,LW,ATT,5
David Philipp,ST,Germany,0.63,0.78,0.62,0.57,0.68,0.39,0.57,0.75,0.81,0.77,0.74,0.67,0.63,0.57,0.64,0.56,0.37,0.27,0.45,0.38,0.43,0.7,ST,ATT,7
Ricardo Matos,ST,Portugal,0.63,0.71,0.62,0.57,0.66,0.27,0.6,0.72,0.7,0.72,0.67,0.66,0.61,0.6,0.69,0.71,0.25,0.22,0.19,0.28,0.62,0.65,ST,ATT,5
Walter Ponce,ST,Chile,0.63,0.66,0.61,0.45,0.64,0.27,0.62,0.64,0.67,0.65,0.57,0.66,0.48,0.67,0.58,0.7,0.18,0.14,0.35,0.18,0.64,0.65,ST,ATT,5
Miguel Puche,ST,Spain,0.63,0.73,0.63,0.62,0.66,0.42,0.6,0.72,0.74,0.68,0.67,0.64,0.62,0.62,0.64,0.69,0.44,0.38,0.39,0.38,0.57,0.65,ST,ATT,2
Haris Radetinac,RW,Serbia,0.63,0.54,0.6,0.65,0.63,0.59,0.71,0.49,0.58,0.6,0.57,0.62,0.66,0.7,0.75,0.65,0.56,0.5,0.63,0.58,0.63,0.59,RW,ATT,2
Sebastián Ramírez,RW,Argentina,0.63,0.77,0.54,0.57,0.65,0.34,0.6,0.75,0.79,0.73,0.68,0.66,0.56,0.62,0.69,0.58,0.38,0.3,0.3,0.32,0.4,0.63,RW,ATT,7
Grant-Leon Ranos,ST,Armenia,0.63,0.62,0.65,0.53,0.65,0.27,0.56,0.65,0.6,0.71,0.66,0.65,0.57,0.64,0.57,0.65,0.25,0.25,0.25,0.22,0.55,0.64,ST,ATT,5
Danny Rose,ST,England,0.63,0.76,0.62,0.54,0.64,0.43,0.68,0.8,0.73,0.87,0.8,0.62,0.63,0.6,0.75,0.84,0.34,0.41,0.45,0.46,0.63,0.63,ST,ATT,2
Tim Rossmann,LW,Germany,0.63,0.84,0.58,0.52,0.67,0.27,0.51,0.8,0.88,0.8,0.76,0.65,0.58,0.56,0.55,0.59,0.31,0.27,0.22,0.19,0.43,0.61,LW,ATT,7
Omar Sadik,ST,Morocco,0.63,0.69,0.61,0.52,0.59,0.28,0.61,0.63,0.73,0.64,0.55,0.62,0.59,0.64,0.58,0.68,0.24,0.2,0.24,0.26,0.64,0.63,ST,ATT,5
Salazar,ST,Spain,0.63,0.52,0.67,0.48,0.62,0.23,0.48,0.51,0.53,0.53,0.67,0.65,0.54,0.5,0.53,0.56,0.23,0.18,0.17,0.15,0.63,0.65,ST,ATT,6
Martin Samuelsen,ST,Norway,0.63,0.71,0.6,0.59,0.69,0.3,0.54,0.7,0.72,0.77,0.61,0.7,0.61,0.58,0.55,0.64,0.26,0.29,0.32,0.21,0.58,0.66,ST,ATT,5
Ibou Sané,ST,Senegal,0.63,0.73,0.62,0.5,0.65,0.22,0.52,0.7,0.75,0.57,0.66,0.67,0.57,0.58,0.55,0.68,0.17,0.22,0.18,0.15,0.67,0.59,ST,ATT,5
Alexander Schmidt,ST,Austria,0.63,0.52,0.61,0.46,0.59,0.32,0.74,0.51,0.53,0.57,0.34,0.61,0.64,0.88,0.63,0.69,0.2,0.22,0.42,0.23,0.7,0.68,ST,ATT,1
Astrit Selmani,ST,Kosovo,0.63,0.67,0.65,0.54,0.6,0.29,0.77,0.66,0.67,0.65,0.63,0.58,0.56,0.78,0.71,0.76,0.22,0.31,0.26,0.29,0.6,0.72,ST,ATT,5
Ismaïl Seydi,LW,France,0.63,0.88,0.55,0.53,0.64,0.24,0.54,0.89,0.87,0.75,0.68,0.62,0.53,0.57,0.51,0.67,0.23,0.31,0.2,0.16,0.47,0.62,LW,ATT,0
Kacper Sezonienko,ST,Poland,0.63,0.77,0.6,0.55,0.63,0.27,0.61,0.79,0.76,0.68,0.69,0.62,0.63,0.7,0.64,0.77,0.16,0.2,0.31,0.26,0.6,0.59,ST,ATT,5
Adama Sidibeh,ST,Gambia,0.63,0.88,0.6,0.48,0.63,0.19,0.64,0.9,0.86,0.77,0.65,0.6,0.6,0.7,0.6,0.82,0.11,0.18,0.19,0.12,0.6,0.61,ST,ATT,5
Kiki Silva,RW,Portugal,0.63,0.72,0.62,0.59,0.65,0.43,0.51,0.72,0.72,0.65,0.75,0.64,0.53,0.51,0.53,0.56,0.45,0.44,0.4,0.42,0.48,0.67,RW,ATT,2
Tyreece Simpson,ST,England,0.63,0.84,0.6,0.52,0.6,0.44,0.78,0.81,0.87,0.68,0.62,0.59,0.64,0.84,0.68,0.82,0.46,0.34,0.4,0.45,0.53,0.78,ST,ATT,2
Jacques Siwe,ST,France,0.63,0.64,0.63,0.47,0.63,0.24,0.53,0.66,0.63,0.65,0.62,0.65,0.56,0.58,0.58,0.65,0.23,0.18,0.19,0.18,0.61,0.61,ST,ATT,5
Momodou Lamin Sonko,LW,Sweden,0.63,0.8,0.61,0.5,0.69,0.17,0.52,0.83,0.78,0.82,0.83,0.67,0.56,0.57,0.59,0.64,0.15,0.14,0.16,0.1,0.45,0.64,LW,ATT,5
Sebastian Soto,ST,United States,0.63,0.67,0.64,0.46,0.63,0.22,0.58,0.64,0.69,0.73,0.69,0.64,0.53,0.66,0.44,0.68,0.15,0.17,0.22,0.17,0.61,0.64,ST,ATT,5
Simon Stehle,ST,Germany,0.63,0.91,0.58,0.56,0.64,0.34,0.6,0.92,0.9,0.72,0.75,0.63,0.63,0.66,0.6,0.71,0.31,0.3,0.32,0.37,0.45,0.63,ST,ATT,7
Jayden Stockley,ST,England,0.63,0.52,0.62,0.48,0.58,0.33,0.81,0.53,0.52,0.52,0.48,0.62,0.63,0.86,0.76,0.77,0.25,0.18,0.32,0.37,0.67,0.7,ST,ATT,1
Quinn Sullivan,ST,United States,0.63,0.76,0.6,0.64,0.67,0.49,0.57,0.76,0.76,0.74,0.72,0.66,0.63,0.58,0.57,0.75,0.54,0.51,0.44,0.43,0.54,0.61,ST,ATT,2
Fábio Tavares,ST,Portugal,0.63,0.84,0.64,0.58,0.67,0.3,0.56,0.81,0.87,0.7,0.74,0.65,0.59,0.56,0.66,0.6,0.19,0.2,0.41,0.3,0.44,0.64,ST,ATT,7
Dale Taylor,ST,Northern Ireland,0.63,0.73,0.63,0.49,0.64,0.32,0.59,0.75,0.71,0.69,0.74,0.61,0.64,0.58,0.62,0.67,0.37,0.28,0.32,0.15,0.56,0.64,ST,ATT,5
Matty Taylor,ST,England,0.63,0.66,0.63,0.56,0.64,0.27,0.6,0.68,0.64,0.78,0.81,0.62,0.67,0.58,0.63,0.66,0.22,0.24,0.22,0.24,0.63,0.66,ST,ATT,5
Mamadou Thiam,ST,Senegal,0.63,0.78,0.62,0.6,0.65,0.46,0.69,0.77,0.79,0.75,0.74,0.62,0.6,0.7,0.75,0.74,0.51,0.48,0.34,0.49,0.55,0.68,ST,ATT,2
Natanaël Thio,LW,France,0.63,0.72,0.61,0.55,0.65,0.29,0.53,0.72,0.72,0.57,0.62,0.67,0.45,0.57,0.58,0.55,0.27,0.29,0.28,0.27,0.42,0.65,LW,ATT,0
Kabongo Tshimanga,ST,England,0.63,0.79,0.6,0.48,0.65,0.26,0.72,0.79,0.79,0.8,0.78,0.61,0.58,0.83,0.63,0.83,0.24,0.2,0.23,0.2,0.57,0.6,ST,ATT,5
Lucas Varaldo,ST,Argentina,0.63,0.64,0.66,0.46,0.6,0.25,0.64,0.64,0.64,0.62,0.74,0.62,0.53,0.7,0.62,0.71,0.22,0.14,0.19,0.23,0.66,0.73,ST,ATT,5
Bohdan Viunnyk,ST,Ukraine,0.63,0.73,0.62,0.52,0.6,0.3,0.61,0.71,0.75,0.67,0.71,0.64,0.55,0.72,0.66,0.7,0.3,0.25,0.32,0.19,0.5,0.72,ST,ATT,5
Wang Ziming,ST,China PR,0.63,0.81,0.61,0.5,0.61,0.32,0.71,0.79,0.83,0.69,0.74,0.61,0.56,0.82,0.66,0.85,0.34,0.26,0.3,0.2,0.6,0.59,ST,ATT,5
Max Watters,ST,England,0.63,0.75,0.62,0.51,0.62,0.31,0.63,0.77,0.74,0.66,0.67,0.62,0.62,0.67,0.67,0.74,0.34,0.3,0.29,0.14,0.59,0.63,ST,ATT,5
Jordan White,ST,Scotland,0.63,0.36,0.64,0.49,0.56,0.27,0.72,0.39,0.33,0.3,0.3,0.63,0.6,0.82,0.61,0.67,0.19,0.2,0.24,0.23,0.73,0.67,ST,ATT,1
Rasmus Wiedesheim-Paul,ST,Sweden,0.63,0.76,0.63,0.55,0.64,0.27,0.64,0.75,0.76,0.72,0.55,0.65,0.55,0.69,0.68,0.73,0.24,0.22,0.22,0.26,0.59,0.64,ST,ATT,5
David Williams,ST,Australia,0.63,0.74,0.62,0.54,0.63,0.39,0.67,0.78,0.7,0.79,0.74,0.65,0.66,0.71,0.55,0.74,0.32,0.3,0.4,0.45,0.53,0.66,ST,ATT,2
Ryan Williams,ST,Australia,0.63,0.79,0.62,0.6,0.67,0.49,0.65,0.81,0.78,0.89,0.9,0.63,0.6,0.52,0.88,0.65,0.55,0.53,0.35,0.58,0.54,0.62,ST,ATT,2
Dustin Willms,ST,Germany,0.63,0.89,0.62,0.55,0.62,0.47,0.65,0.87,0.9,0.81,0.69,0.58,0.62,0.61,0.79,0.73,0.48,0.49,0.44,0.46,0.53,0.61,ST,ATT,2
James Wilson,ST,England,0.63,0.7,0.62,0.55,0.61,0.26,0.65,0.68,0.71,0.69,0.7,0.61,0.57,0.73,0.72,0.74,0.22,0.24,0.2,0.24,0.63,0.68,ST,ATT,5
Manuel Wintzheimer,ST,Germany,0.63,0.62,0.62,0.61,0.65,0.27,0.68,0.71,0.54,0.73,0.71,0.65,0.63,0.7,0.7,0.74,0.27,0.17,0.23,0.21,0.63,0.67,ST,ATT,5
Tyreik Wright,LW,Republic of Ireland,0.63,0.84,0.55,0.57,0.63,0.4,0.48,0.83,0.85,0.76,0.74,0.61,0.56,0.43,0.63,0.54,0.43,0.37,0.39,0.38,0.45,0.61,LW,ATT,7
D'Margio Wright-Phillips,LW,England,0.63,0.83,0.59,0.51,0.66,0.28,0.4,0.84,0.83,0.85,0.86,0.64,0.55,0.33,0.56,0.47,0.28,0.34,0.23,0.24,0.43,0.65,LW,ATT,0
Ali Youssef,LW,Tunisia,0.63,0.74,0.56,0.57,0.65,0.36,0.62,0.76,0.73,0.74,0.66,0.66,0.5,0.66,0.67,0.6,0.42,0.39,0.37,0.26,0.36,0.53,LW,ATT,2
Acerete,ST,Spain,0.62,0.62,0.66,0.45,0.6,0.24,0.5,0.61,0.63,0.5,0.65,0.56,0.55,0.52,0.59,0.62,0.16,0.16,0.22,0.21,0.68,0.6,ST,ATT,6
Emile Acquah,ST,England,0.62,0.69,0.59,0.41,0.58,0.25,0.75,0.66,0.72,0.62,0.54,0.6,0.57,0.82,0.66,0.79,0.16,0.22,0.23,0.21,0.64,0.64,ST,ATT,5
Saleh Al Abbas,ST,Saudi Arabia,0.62,0.77,0.6,0.44,0.62,0.18,0.59,0.78,0.76,0.71,0.69,0.62,0.6,0.63,0.65,0.83,0.14,0.14,0.13,0.1,0.6,0.59,ST,ATT,5
Ayman Al Khulaif,LW,Saudi Arabia,0.62,0.85,0.49,0.54,0.67,0.22,0.39,0.86,0.84,0.83,0.89,0.64,0.51,0.31,0.59,0.44,0.25,0.22,0.17,0.21,0.33,0.5,LW,ATT,0
Néstor Albiach,ST,Spain,0.62,0.63,0.63,0.6,0.66,0.25,0.65,0.7,0.57,0.75,0.6,0.67,0.59,0.65,0.61,0.64,0.18,0.15,0.32,0.18,0.51,0.66,ST,ATT,5
Millenic Alli,ST,Republic of Ireland,0.62,0.83,0.61,0.46,0.62,0.2,0.63,0.85,0.82,0.72,0.71,0.6,0.59,0.7,0.64,0.75,0.18,0.14,0.15,0.18,0.53,0.6,ST,ATT,5
Matías Almeida,ST,Paraguay,0.62,0.69,0.63,0.57,0.63,0.22,0.5,0.72,0.66,0.64,0.62,0.62,0.57,0.5,0.63,0.58,0.21,0.2,0.18,0.15,0.51,0.61,ST,ATT,5
Eugene Ansah,ST,Ghana,0.62,0.79,0.58,0.55,0.67,0.4,0.57,0.82,0.76,0.76,0.68,0.63,0.63,0.59,0.61,0.72,0.33,0.39,0.4,0.43,0.58,0.57,ST,ATT,2
Jakub Arak,ST,Poland,0.62,0.73,0.56,0.58,0.59,0.37,0.69,0.71,0.74,0.69,0.65,0.6,0.62,0.73,0.64,0.77,0.4,0.34,0.22,0.45,0.63,0.63,ST,ATT,2
Jaurès Assoumou,ST,Côte d'Ivoire,0.62,0.68,0.64,0.49,0.65,0.21,0.45,0.72,0.65,0.67,0.68,0.66,0.61,0.47,0.54,0.53,0.22,0.19,0.18,0.13,0.48,0.64,ST,ATT,0
Kwadwo Baah,RW,Germany,0.62,0.81,0.57,0.53,0.65,0.31,0.56,0.86,0.77,0.75,0.78,0.62,0.56,0.61,0.51,0.64,0.32,0.24,0.3,0.28,0.42,0.65,RW,ATT,7
Boris Babić,ST,Switzerland,0.62,0.81,0.59,0.5,0.64,0.27,0.66,0.8,0.82,0.74,0.78,0.62,0.6,0.7,0.56,0.78,0.18,0.21,0.35,0.13,0.61,0.61,ST,ATT,5
Algassime Bah,ST,Guinea,0.62,0.86,0.56,0.53,0.63,0.27,0.66,0.85,0.87,0.8,0.7,0.56,0.5,0.68,0.65,0.82,0.22,0.17,0.25,0.22,0.68,0.45,ST,ATT,5
Bak Jae Yong,ST,Korea Republic,0.62,0.68,0.61,0.42,0.56,0.24,0.75,0.65,0.7,0.47,0.38,0.59,0.57,0.82,0.68,0.8,0.25,0.18,0.16,0.16,0.68,0.63,ST,ATT,1
Courtney Baker-Richardson,ST,England,0.62,0.69,0.61,0.43,0.59,0.25,0.71,0.65,0.73,0.54,0.6,0.62,0.59,0.8,0.72,0.76,0.22,0.18,0.21,0.2,0.6,0.65,ST,ATT,5
Joselpho Barnes,ST,Ghana,0.62,0.67,0.62,0.5,0.57,0.27,0.57,0.64,0.7,0.53,0.6,0.55,0.58,0.6,0.58,0.74,0.28,0.2,0.18,0.22,0.72,0.58,ST,ATT,5
Daniel Bassi,LW,Norway,0.62,0.83,0.49,0.53,0.68,0.46,0.44,0.84,0.82,0.84,0.76,0.66,0.52,0.31,0.68,0.45,0.48,0.49,0.45,0.48,0.38,0.52,LW,ATT,2
Jóannes Bjartalíð,ST,Faroe Islands,0.62,0.7,0.61,0.49,0.6,0.24,0.62,0.69,0.7,0.57,0.64,0.61,0.58,0.69,0.61,0.71,0.16,0.18,0.23,0.2,0.61,0.59,ST,ATT,5
Vladislav Blănuță,ST,Moldova,0.62,0.66,0.6,0.42,0.6,0.25,0.64,0.64,0.68,0.58,0.5,0.6,0.52,0.73,0.67,0.74,0.2,0.2,0.23,0.18,0.67,0.65,ST,ATT,5
Ben Bobzien,RW,Germany,0.62,0.63,0.6,0.56,0.69,0.29,0.46,0.66,0.6,0.78,0.74,0.66,0.58,0.44,0.48,0.45,0.28,0.3,0.26,0.25,0.48,0.62,RW,ATT,0
Zach Booth,RW,United States,0.62,0.73,0.56,0.58,0.65,0.51,0.62,0.71,0.74,0.73,0.63,0.66,0.61,0.6,0.64,0.65,0.56,0.55,0.46,0.46,0.53,0.64,RW,ATT,2
Antonio Bordușanu,RW,Romania,0.62,0.77,0.54,0.55,0.65,0.31,0.5,0.78,0.76,0.77,0.82,0.63,0.54,0.43,0.59,0.45,0.34,0.25,0.29,0.28,0.35,0.54,RW,ATT,0
José Briceño,ST,Bolivia,0.62,0.61,0.65,0.57,0.6,0.31,0.61,0.64,0.58,0.57,0.7,0.62,0.56,0.59,0.7,0.66,0.35,0.33,0.22,0.23,0.64,0.65,ST,ATT,5
Mario Briceño,RW,Chile,0.62,0.77,0.6,0.52,0.66,0.41,0.54,0.73,0.8,0.66,0.78,0.64,0.52,0.64,0.42,0.66,0.29,0.26,0.6,0.34,0.5,0.7,RW,ATT,2
Maximiliano Brito,ST,Uruguay,0.62,0.51,0.6,0.46,0.49,0.28,0.73,0.49,0.52,0.4,0.44,0.52,0.55,0.81,0.7,0.8,0.22,0.2,0.25,0.21,0.75,0.65,ST,ATT,1
Trent Buhagiar,ST,Australia,0.62,0.93,0.57,0.52,0.62,0.33,0.64,0.94,0.93,0.86,0.84,0.55,0.64,0.6,0.75,0.77,0.34,0.29,0.26,0.3,0.57,0.62,ST,ATT,7
Aleksander Buksa,ST,Poland,0.62,0.58,0.62,0.48,0.61,0.23,0.61,0.71,0.48,0.64,0.57,0.63,0.66,0.67,0.76,0.71,0.19,0.13,0.19,0.21,0.58,0.64,ST,ATT,5
Carlos Calzadilla,RW,Venezuela,0.62,0.77,0.5,0.56,0.64,0.51,0.59,0.78,0.76,0.75,0.6,0.57,0.6,0.64,0.71,0.66,0.55,0.5,0.5,0.5,0.48,0.52,RW,ATT,2
Amady Camara,ST,Mali,0.62,0.74,0.62,0.55,0.62,0.22,0.6,0.73,0.74,0.7,0.69,0.6,0.59,0.65,0.67,0.7,0.19,0.17,0.17,0.2,0.57,0.62,ST,ATT,5
Axel Camblan,LW,France,0.62,0.76,0.54,0.6,0.66,0.41,0.4,0.79,0.73,0.88,0.87,0.64,0.56,0.34,0.46,0.49,0.48,0.44,0.33,0.38,0.48,0.59,LW,ATT,0
Tyreece Campbell,LW,England,0.62,0.81,0.56,0.53,0.65,0.27,0.52,0.79,0.83,0.81,0.82,0.62,0.57,0.45,0.69,0.49,0.32,0.24,0.24,0.21,0.36,0.55,LW,ATT,0
Matías Campos,ST,Chile,0.62,0.47,0.65,0.45,0.57,0.27,0.64,0.51,0.44,0.53,0.55,0.57,0.56,0.73,0.51,0.68,0.26,0.24,0.16,0.3,0.63,0.69,ST,ATT,1
Erick Cano,LW,Bolivia,0.62,0.75,0.47,0.57,0.62,0.38,0.73,0.77,0.73,0.82,0.87,0.65,0.59,0.71,0.84,0.7,0.39,0.31,0.38,0.35,0.49,0.45,LW,ATT,2
Niklas Castelle,ST,Germany,0.62,0.72,0.61,0.48,0.66,0.2,0.55,0.77,0.68,0.73,0.76,0.63,0.55,0.58,0.52,0.69,0.18,0.15,0.14,0.13,0.58,0.6,ST,ATT,5
Erdem Çetinkaya,RW,Turkey,0.62,0.72,0.59,0.54,0.67,0.3,0.54,0.73,0.71,0.69,0.68,0.64,0.51,0.53,0.7,0.63,0.33,0.29,0.27,0.18,0.56,0.67,RW,ATT,5
Marius Coman,ST,Romania,0.62,0.64,0.62,0.48,0.59,0.3,0.64,0.64,0.64,0.59,0.58,0.59,0.55,0.68,0.62,0.69,0.26,0.2,0.28,0.3,0.6,0.62,ST,ATT,5
Mattia Compagnon,ST,Italy,0.62,0.68,0.63,0.6,0.69,0.27,0.44,0.72,0.65,0.76,0.82,0.68,0.61,0.41,0.56,0.47,0.26,0.18,0.23,0.31,0.45,0.65,ST,ATT,0
Lucas Copado,ST,Germany,0.62,0.6,0.65,0.53,0.68,0.22,0.45,0.65,0.56,0.69,0.69,0.67,0.63,0.45,0.51,0.51,0.21,0.22,0.15,0.18,0.53,0.65,ST,ATT,0
Sam Cosgrove,ST,England,0.62,0.53,0.64,0.49,0.56,0.27,0.77,0.5,0.56,0.33,0.5,0.58,0.62,0.81,0.73,0.73,0.3,0.29,0.21,0.14,0.63,0.67,ST,ATT,1
Adam Daghim,ST,Denmark,0.62,0.81,0.58,0.53,0.67,0.5,0.65,0.79,0.82,0.72,0.78,0.67,0.6,0.65,0.55,0.73,0.53,0.51,0.45,0.52,0.55,0.55,ST,ATT,2
Oumar Diouf,ST,Senegal,0.62,0.73,0.64,0.51,0.59,0.24,0.54,0.74,0.72,0.6,0.67,0.55,0.61,0.58,0.53,0.7,0.2,0.21,0.2,0.16,0.62,0.57,ST,ATT,5
Freddie Draper,ST,England,0.62,0.63,0.6,0.51,0.6,0.34,0.76,0.66,0.6,0.57,0.6,0.61,0.6,0.83,0.62,0.79,0.38,0.22,0.3,0.27,0.64,0.65,ST,ATT,1
Diego Duarte,ST,Paraguay,0.62,0.72,0.65,0.48,0.62,0.18,0.6,0.73,0.72,0.73,0.68,0.6,0.52,0.62,0.66,0.69,0.17,0.11,0.1,0.13,0.57,0.65,ST,ATT,5
Edgaras Dubickas,ST,Lithuania,0.62,0.69,0.62,0.48,0.61,0.28,0.61,0.71,0.67,0.63,0.65,0.6,0.57,0.71,0.47,0.76,0.29,0.17,0.23,0.21,0.62,0.66,ST,ATT,5
Ole Enersen,LW,Norway,0.62,0.88,0.47,0.56,0.65,0.47,0.6,0.86,0.89,0.87,0.8,0.62,0.52,0.55,0.75,0.61,0.52,0.5,0.43,0.48,0.42,0.49,LW,ATT,2
Lee Erwin,ST,Scotland,0.62,0.67,0.61,0.51,0.61,0.27,0.63,0.67,0.67,0.69,0.55,0.61,0.58,0.72,0.69,0.73,0.15,0.19,0.3,0.27,0.62,0.63,ST,ATT,5
Junior Eyamba,ST,Switzerland,0.62,0.62,0.6,0.54,0.58,0.36,0.67,0.6,0.63,0.57,0.5,0.57,0.5,0.72,0.66,0.78,0.32,0.31,0.31,0.32,0.72,0.55,ST,ATT,1
Imoh Ezekiel,ST,Nigeria,0.62,0.57,0.63,0.59,0.65,0.3,0.56,0.55,0.59,0.71,0.74,0.63,0.62,0.62,0.51,0.61,0.34,0.25,0.23,0.23,0.56,0.66,ST,ATT,5
Mo Faal,ST,Gambia,0.62,0.73,0.59,0.44,0.61,0.24,0.7,0.71,0.74,0.6,0.47,0.62,0.57,0.76,0.69,0.8,0.2,0.2,0.21,0.17,0.65,0.63,ST,ATT,5
Marcelo Ferreira,ST,Paraguay,0.62,0.51,0.63,0.54,0.63,0.25,0.64,0.47,0.55,0.51,0.61,0.65,0.49,0.66,0.61,0.64,0.23,0.19,0.15,0.24,0.67,0.65,ST,ATT,1
Alan Gómez,ST,Paraguay,0.62,0.63,0.61,0.54,0.6,0.32,0.59,0.65,0.61,0.59,0.69,0.6,0.59,0.59,0.64,0.65,0.3,0.24,0.23,0.37,0.61,0.61,ST,ATT,5
Christian Gomis,ST,Senegal,0.62,0.73,0.64,0.47,0.61,0.27,0.51,0.73,0.73,0.59,0.58,0.63,0.56,0.6,0.48,0.65,0.27,0.27,0.25,0.2,0.51,0.7,ST,ATT,5
Kaide Gordon,RW,England,0.62,0.71,0.57,0.54,0.67,0.25,0.44,0.76,0.67,0.8,0.76,0.62,0.58,0.43,0.52,0.47,0.24,0.21,0.22,0.22,0.42,0.55,RW,ATT,0
Aaron Greene,ST,Republic of Ireland,0.62,0.76,0.61,0.54,0.61,0.41,0.68,0.78,0.75,0.71,0.64,0.59,0.53,0.68,0.68,0.74,0.39,0.4,0.39,0.38,0.58,0.63,ST,ATT,2
Deniz Gül,ST,Sweden,0.62,0.65,0.61,0.48,0.6,0.25,0.64,0.64,0.65,0.61,0.54,0.6,0.59,0.71,0.58,0.72,0.12,0.1,0.26,0.31,0.62,0.62,ST,ATT,5
Serhat-Semih Güler,ST,Germany,0.62,0.81,0.61,0.46,0.61,0.32,0.64,0.79,0.83,0.66,0.65,0.59,0.6,0.63,0.58,0.75,0.26,0.22,0.32,0.33,0.6,0.57,ST,ATT,5
Musa Gurbanli,ST,Azerbaijan,0.62,0.69,0.63,0.42,0.61,0.22,0.63,0.69,0.69,0.67,0.61,0.6,0.56,0.71,0.66,0.71,0.22,0.15,0.16,0.15,0.57,0.71,ST,ATT,5
Stephen Annor Gyamfi,ST,Ghana,0.62,0.76,0.64,0.53,0.57,0.25,0.55,0.75,0.77,0.6,0.6,0.54,0.51,0.58,0.55,0.71,0.2,0.22,0.22,0.21,0.64,0.65,ST,ATT,5
Romario Hajrulla,ST,Albania,0.62,0.69,0.61,0.56,0.61,0.37,0.66,0.68,0.69,0.67,0.74,0.64,0.57,0.66,0.72,0.67,0.38,0.31,0.33,0.34,0.58,0.6,ST,ATT,2
Ronan Hale,ST,Republic of Ireland,0.62,0.72,0.62,0.54,0.63,0.26,0.6,0.73,0.72,0.76,0.76,0.6,0.61,0.59,0.63,0.64,0.24,0.15,0.28,0.18,0.54,0.62,ST,ATT,5
Micah Hamilton,LW,England,0.62,0.75,0.61,0.56,0.65,0.29,0.49,0.78,0.73,0.82,0.69,0.62,0.51,0.53,0.51,0.62,0.28,0.37,0.25,0.23,0.51,0.74,LW,ATT,7
Saïd Hamulić,ST,Bosnia and Herzegovina,0.62,0.75,0.59,0.57,0.62,0.27,0.64,0.76,0.75,0.68,0.71,0.62,0.61,0.72,0.57,0.8,0.28,0.24,0.21,0.18,0.64,0.64,ST,ATT,5
Conrad Harder,ST,Denmark,0.62,0.74,0.61,0.47,0.63,0.23,0.6,0.73,0.74,0.65,0.66,0.64,0.61,0.61,0.53,0.66,0.19,0.18,0.21,0.17,0.54,0.62,ST,ATT,5
Kian Harratt,ST,England,0.62,0.75,0.59,0.4,0.61,0.23,0.68,0.77,0.74,0.61,0.71,0.65,0.62,0.72,0.61,0.77,0.21,0.17,0.2,0.13,0.59,0.62,ST,ATT,5
Mustafa Erhan Hekimoğlu,ST,Turkey,0.62,0.64,0.6,0.5,0.61,0.27,0.58,0.65,0.64,0.63,0.4,0.64,0.47,0.62,0.5,0.77,0.21,0.28,0.2,0.26,0.63,0.6,ST,ATT,6
Andreas Helmersen,ST,Norway,0.62,0.7,0.61,0.47,0.6,0.29,0.73,0.67,0.72,0.6,0.66,0.6,0.56,0.81,0.67,0.78,0.26,0.23,0.28,0.22,0.6,0.66,ST,ATT,5
Rushian Hepburn-Murphy,ST,England,0.62,0.9,0.62,0.49,0.66,0.25,0.41,0.91,0.9,0.82,0.8,0.6,0.57,0.37,0.47,0.62,0.22,0.23,0.19,0.21,0.58,0.64,ST,ATT,0
Hong Si Hoo,RW,Korea Republic,0.62,0.83,0.57,0.56,0.65,0.3,0.59,0.85,0.81,0.81,0.84,0.63,0.5,0.64,0.58,0.65,0.24,0.25,0.35,0.27,0.44,0.68,RW,ATT,7
Eric Hottmann,ST,Germany,0.62,0.65,0.59,0.53,0.6,0.26,0.7,0.53,0.74,0.62,0.58,0.62,0.55,0.77,0.64,0.73,0.21,0.23,0.2,0.23,0.67,0.63,ST,ATT,5
Arijon Ibrahimović,LW,Germany,0.62,0.59,0.62,0.56,0.67,0.26,0.48,0.64,0.54,0.71,0.75,0.68,0.52,0.48,0.45,0.55,0.23,0.28,0.19,0.24,0.57,0.65,LW,ATT,0
Taofeek Ismaheel,LW,Nigeria,0.62,0.82,0.58,0.5,0.68,0.25,0.45,0.81,0.82,0.87,0.85,0.66,0.46,0.43,0.57,0.48,0.28,0.22,0.21,0.19,0.39,0.61,LW,ATT,0
Alassana Jatta,ST,Gambia,0.62,0.53,0.59,0.48,0.6,0.34,0.67,0.53,0.53,0.53,0.48,0.63,0.59,0.78,0.55,0.73,0.39,0.36,0.24,0.24,0.67,0.64,ST,ATT,1
Connor Jennings,ST,England,0.62,0.6,0.62,0.56,0.61,0.48,0.7,0.65,0.55,0.69,0.68,0.59,0.64,0.61,0.81,0.67,0.54,0.42,0.43,0.44,0.61,0.66,ST,ATT,2
Nestor Jiménez,ST,Venezuela,0.62,0.65,0.62,0.49,0.65,0.24,0.49,0.73,0.59,0.7,0.8,0.6,0.64,0.52,0.54,0.63,0.21,0.19,0.23,0.14,0.58,0.56,ST,ATT,5
Jin Seong Uk,ST,Korea Republic,0.62,0.68,0.61,0.53,0.65,0.28,0.7,0.66,0.69,0.73,0.76,0.62,0.59,0.75,0.61,0.73,0.2,0.21,0.31,0.22,0.6,0.64,ST,ATT,5
Jo Sung Joon,RW,Korea Republic,0.62,0.81,0.54,0.54,0.65,0.31,0.58,0.82,0.81,0.81,0.8,0.63,0.55,0.58,0.65,0.58,0.31,0.37,0.36,0.17,0.34,0.56,RW,ATT,7
Alexander Johansson,ST,Sweden,0.62,0.71,0.59,0.57,0.63,0.5,0.71,0.71,0.71,0.69,0.6,0.62,0.58,0.73,0.77,0.73,0.54,0.48,0.45,0.48,0.55,0.6,ST,ATT,2
Preston Judd,ST,United States,0.62,0.66,0.63,0.41,0.54,0.2,0.68,0.63,0.68,0.56,0.48,0.6,0.53,0.77,0.63,0.74,0.12,0.18,0.18,0.15,0.6,0.63,ST,ATT,6
Florian Kamberi,ST,Albania,0.62,0.66,0.62,0.56,0.6,0.36,0.67,0.64,0.68,0.65,0.62,0.59,0.59,0.69,0.59,0.69,0.36,0.22,0.4,0.24,0.61,0.68,ST,ATT,5
Julian Kania,ST,Germany,0.62,0.65,0.63,0.47,0.58,0.25,0.61,0.63,0.66,0.58,0.56,0.6,0.58,0.7,0.54,0.69,0.23,0.19,0.2,0.18,0.61,0.65,ST,ATT,5
Oscar Forsmo Kapskarmo,ST,Norway,0.62,0.63,0.61,0.48,0.56,0.28,0.7,0.58,0.67,0.45,0.51,0.6,0.62,0.78,0.61,0.74,0.2,0.18,0.28,0.26,0.63,0.65,ST,ATT,1
Daniel Karlsbakk,ST,Norway,0.62,0.78,0.57,0.5,0.62,0.27,0.67,0.76,0.8,0.66,0.6,0.63,0.58,0.71,0.65,0.67,0.25,0.28,0.2,0.27,0.57,0.62,ST,ATT,5
Joshua Kayode,ST,Republic of Ireland,0.62,0.73,0.6,0.52,0.6,0.23,0.66,0.67,0.78,0.56,0.56,0.6,0.57,0.81,0.5,0.76,0.18,0.17,0.17,0.22,0.59,0.63,ST,ATT,5
Georgie Kelly,ST,Republic of Ireland,0.62,0.6,0.62,0.48,0.55,0.22,0.72,0.54,0.64,0.54,0.47,0.59,0.61,0.77,0.71,0.73,0.15,0.12,0.18,0.21,0.68,0.64,ST,ATT,1
Kim Min Jun,RW,Korea Republic,0.62,0.79,0.57,0.58,0.63,0.29,0.68,0.78,0.8,0.74,0.65,0.61,0.49,0.67,0.69,0.7,0.31,0.34,0.23,0.23,0.51,0.67,RW,ATT,5
Kim Chan,ST,Korea Republic,0.62,0.75,0.61,0.37,0.57,0.18,0.7,0.76,0.75,0.68,0.55,0.59,0.53,0.73,0.62,0.8,0.14,0.13,0.15,0.1,0.63,0.65,ST,ATT,5
Ali Yavuz Kol,ST,Turkey,0.62,0.75,0.61,0.56,0.64,0.22,0.61,0.74,0.76,0.78,0.78,0.59,0.56,0.62,0.64,0.73,0.17,0.21,0.17,0.18,0.63,0.66,ST,ATT,5
Kylian Kouassi,ST,England,0.62,0.75,0.6,0.48,0.62,0.34,0.68,0.72,0.77,0.73,0.78,0.59,0.57,0.74,0.59,0.72,0.26,0.24,0.38,0.36,0.54,0.67,ST,ATT,5
Marcus Lindberg,ST,Denmark,0.62,0.66,0.62,0.44,0.6,0.2,0.57,0.64,0.67,0.56,0.62,0.63,0.63,0.68,0.53,0.67,0.14,0.13,0.18,0.14,0.59,0.58,ST,ATT,6
Franco Lobos,LW,Chile,0.62,0.7,0.56,0.58,0.64,0.19,0.64,0.69,0.71,0.66,0.61,0.63,0.57,0.69,0.64,0.68,0.13,0.24,0.15,0.12,0.55,0.59,LW,ATT,5
Noel,ST,Spain,0.62,0.65,0.62,0.55,0.63,0.28,0.46,0.63,0.66,0.56,0.58,0.67,0.64,0.46,0.47,0.55,0.18,0.16,0.35,0.24,0.59,0.65,ST,ATT,5
Nathan Lowe,ST,England,0.62,0.56,0.62,0.44,0.56,0.29,0.65,0.54,0.57,0.46,0.48,0.61,0.57,0.69,0.56,0.67,0.28,0.24,0.22,0.27,0.65,0.67,ST,ATT,1
Esteban Lozano,ST,Mexico,0.62,0.57,0.63,0.46,0.58,0.32,0.7,0.58,0.56,0.44,0.4,0.61,0.56,0.77,0.65,0.75,0.23,0.22,0.33,0.32,0.67,0.66,ST,ATT,1
Beryly Lubala,ST,Congo DR,0.62,0.82,0.65,0.58,0.64,0.35,0.6,0.84,0.81,0.76,0.73,0.61,0.57,0.67,0.62,0.65,0.32,0.35,0.37,0.32,0.4,0.68,ST,ATT,7
Renzo Machado,ST,Uruguay,0.62,0.68,0.65,0.49,0.61,0.3,0.6,0.67,0.68,0.67,0.56,0.59,0.59,0.69,0.57,0.62,0.26,0.28,0.29,0.27,0.49,0.6,ST,ATT,5
Curtis Main,ST,England,0.62,0.69,0.61,0.47,0.56,0.32,0.77,0.66,0.72,0.62,0.57,0.56,0.58,0.82,0.64,0.8,0.26,0.22,0.36,0.22,0.67,0.79,ST,ATT,1
John Marquis,ST,England,0.62,0.51,0.62,0.51,0.58,0.39,0.79,0.52,0.51,0.6,0.66,0.59,0.58,0.81,0.76,0.74,0.42,0.38,0.31,0.33,0.66,0.67,ST,ATT,1
Max Mata,ST,New Zealand,0.62,0.72,0.61,0.48,0.58,0.24,0.72,0.7,0.74,0.52,0.5,0.62,0.52,0.73,0.68,0.84,0.25,0.28,0.14,0.16,0.65,0.6,ST,ATT,5
Conor McAleny,LW,England,0.62,0.8,0.6,0.56,0.64,0.26,0.55,0.8,0.8,0.84,0.84,0.6,0.58,0.46,0.7,0.56,0.23,0.2,0.26,0.22,0.48,0.64,LW,ATT,7
Charlie McNeill,ST,England,0.62,0.7,0.63,0.55,0.61,0.22,0.6,0.71,0.69,0.72,0.75,0.62,0.6,0.63,0.63,0.65,0.2,0.17,0.15,0.23,0.5,0.65,ST,ATT,5
Richard Meier,ST,Germany,0.62,0.64,0.61,0.5,0.6,0.34,0.7,0.63,0.64,0.7,0.62,0.59,0.61,0.83,0.65,0.78,0.28,0.27,0.34,0.33,0.62,0.6,ST,ATT,1
José Menor,ST,Spain,0.62,0.74,0.66,0.51,0.62,0.23,0.46,0.76,0.72,0.55,0.74,0.6,0.61,0.45,0.53,0.64,0.15,0.19,0.21,0.2,0.62,0.62,ST,ATT,5
Kai Meriluoto,ST,Finland,0.62,0.73,0.61,0.52,0.64,0.19,0.56,0.76,0.7,0.72,0.69,0.64,0.62,0.57,0.62,0.66,0.16,0.18,0.15,0.11,0.54,0.62,ST,ATT,5
George Miller,ST,England,0.62,0.83,0.61,0.51,0.61,0.37,0.69,0.81,0.84,0.8,0.77,0.57,0.59,0.65,0.69,0.75,0.39,0.26,0.34,0.35,0.57,0.63,ST,ATT,2
Jack Moylan,ST,Republic of Ireland,0.62,0.73,0.62,0.58,0.64,0.45,0.62,0.75,0.72,0.67,0.64,0.63,0.62,0.57,0.68,0.64,0.51,0.48,0.39,0.42,0.52,0.62,ST,ATT,2
Samuel Mráz,ST,Slovakia,0.62,0.72,0.6,0.53,0.62,0.32,0.58,0.7,0.73,0.66,0.51,0.6,0.65,0.58,0.67,0.68,0.23,0.2,0.45,0.13,0.65,0.66,ST,ATT,5
Amine Naïfi,ST,France,0.62,0.8,0.61,0.59,0.68,0.32,0.54,0.8,0.8,0.79,0.68,0.67,0.57,0.5,0.6,0.59,0.34,0.33,0.27,0.26,0.48,0.65,ST,ATT,7
Tom Nichols,ST,England,0.62,0.76,0.6,0.59,0.65,0.41,0.67,0.78,0.74,0.83,0.78,0.62,0.63,0.62,0.84,0.83,0.44,0.35,0.31,0.43,0.6,0.61,ST,ATT,2
Charly Nouck,LW,Denmark,0.62,0.87,0.5,0.46,0.69,0.22,0.51,0.86,0.88,0.68,0.72,0.69,0.58,0.44,0.62,0.48,0.23,0.21,0.19,0.2,0.33,0.54,LW,ATT,0
Silas Nwankwo,ST,Nigeria,0.62,0.82,0.59,0.46,0.61,0.27,0.72,0.83,0.82,0.75,0.76,0.58,0.55,0.8,0.64,0.86,0.28,0.23,0.2,0.21,0.62,0.55,ST,ATT,5
Rhys Oates,ST,England,0.62,0.83,0.6,0.51,0.61,0.38,0.72,0.81,0.85,0.64,0.8,0.57,0.62,0.78,0.64,0.79,0.38,0.29,0.31,0.44,0.54,0.64,ST,ATT,2
Obilor Denzel Okeke,LW,Norway,0.62,0.78,0.59,0.55,0.65,0.21,0.6,0.77,0.78,0.78,0.81,0.63,0.56,0.6,0.63,0.59,0.21,0.2,0.18,0.17,0.4,0.63,LW,ATT,5
Toyosi Olusanya,ST,England,0.62,0.83,0.59,0.51,0.64,0.22,0.42,0.81,0.85,0.75,0.67,0.62,0.61,0.47,0.39,0.63,0.17,0.16,0.22,0.18,0.55,0.6,ST,ATT,0
Promise Omochere,ST,Republic of Ireland,0.62,0.74,0.59,0.55,0.63,0.43,0.73,0.72,0.76,0.71,0.67,0.62,0.6,0.8,0.73,0.78,0.38,0.37,0.45,0.42,0.56,0.6,ST,ATT,2
Marcos Ovejero,ST,Argentina,0.62,0.76,0.64,0.58,0.68,0.35,0.48,0.77,0.75,0.8,0.85,0.65,0.54,0.48,0.36,0.56,0.43,0.24,0.28,0.32,0.47,0.66,ST,ATT,7
Joaquín Panichelli,ST,Argentina,0.62,0.54,0.65,0.44,0.57,0.2,0.58,0.53,0.55,0.5,0.49,0.55,0.58,0.68,0.59,0.72,0.16,0.18,0.12,0.11,0.71,0.62,ST,ATT,6
Mateo Pellegrino,ST,Argentina,0.62,0.54,0.63,0.46,0.57,0.3,0.69,0.52,0.55,0.49,0.55,0.62,0.58,0.81,0.54,0.76,0.27,0.33,0.23,0.21,0.7,0.7,ST,ATT,1
Sonny Perkins,ST,England,0.62,0.67,0.61,0.53,0.62,0.24,0.62,0.64,0.7,0.66,0.64,0.63,0.59,0.68,0.61,0.66,0.2,0.2,0.21,0.2,0.55,0.67,ST,ATT,5
Joel Persson,ST,Sweden,0.62,0.54,0.6,0.42,0.56,0.31,0.71,0.42,0.64,0.46,0.35,0.63,0.59,0.83,0.58,0.77,0.25,0.26,0.27,0.28,0.72,0.6,ST,ATT,1
Joe Pigott,ST,England,0.62,0.63,0.61,0.52,0.61,0.3,0.69,0.67,0.59,0.59,0.59,0.63,0.61,0.77,0.67,0.76,0.3,0.22,0.28,0.23,0.62,0.64,ST,ATT,1
Luke Plange,ST,England,0.62,0.68,0.63,0.49,0.64,0.33,0.54,0.67,0.69,0.65,0.69,0.64,0.59,0.58,0.56,0.65,0.3,0.28,0.32,0.28,0.61,0.65,ST,ATT,5
Aaron Pressley,ST,Scotland,0.62,0.7,0.59,0.44,0.56,0.24,0.75,0.68,0.72,0.54,0.4,0.6,0.57,0.84,0.67,0.81,0.21,0.2,0.17,0.18,0.65,0.58,ST,ATT,5
Simone Rabbi,ST,Italy,0.62,0.62,0.62,0.52,0.62,0.4,0.55,0.64,0.61,0.52,0.67,0.65,0.6,0.58,0.51,0.62,0.34,0.38,0.45,0.33,0.58,0.58,ST,ATT,2
Rodrigo Macedo,ST,Portugal,0.62,0.6,0.62,0.47,0.58,0.22,0.66,0.62,0.59,0.61,0.61,0.59,0.62,0.7,0.63,0.69,0.21,0.2,0.16,0.16,0.61,0.59,ST,ATT,6
Cristiano,RW,Brazil,0.62,0.74,0.56,0.54,0.67,0.25,0.49,0.77,0.71,0.7,0.72,0.64,0.6,0.49,0.61,0.49,0.23,0.26,0.23,0.25,0.32,0.6,RW,ATT,0
Logan Rogerson,RW,New Zealand,0.62,0.81,0.59,0.53,0.64,0.43,0.62,0.8,0.81,0.76,0.74,0.58,0.55,0.59,0.65,0.7,0.42,0.35,0.4,0.44,0.56,0.56,RW,ATT,2
Imad Rondić,ST,Bosnia and Herzegovina,0.62,0.63,0.62,0.43,0.58,0.28,0.68,0.6,0.65,0.52,0.52,0.58,0.59,0.77,0.65,0.75,0.25,0.2,0.27,0.18,0.66,0.65,ST,ATT,1
Jacen Russell-Rowe,ST,Canada,0.62,0.71,0.59,0.46,0.58,0.17,0.63,0.72,0.7,0.6,0.58,0.58,0.55,0.72,0.58,0.75,0.11,0.17,0.11,0.12,0.59,0.59,ST,ATT,5
Ramien Safi,LW,Holland,0.62,0.77,0.64,0.53,0.64,0.27,0.51,0.77,0.77,0.7,0.71,0.62,0.6,0.52,0.66,0.54,0.25,0.27,0.21,0.32,0.41,0.69,LW,ATT,7
Yousef Salech,ST,Denmark,0.62,0.66,0.61,0.42,0.61,0.2,0.67,0.63,0.69,0.56,0.49,0.63,0.58,0.84,0.66,0.76,0.11,0.16,0.19,0.15,0.59,0.58,ST,ATT,5
Lucas Sanseviero,RW,Uruguay,0.62,0.84,0.62,0.46,0.65,0.25,0.5,0.83,0.84,0.76,0.51,0.63,0.53,0.48,0.7,0.53,0.25,0.32,0.23,0.17,0.38,0.62,RW,ATT,0
Aaron-Sky Schwarz,LW,Austria,0.62,0.71,0.6,0.59,0.63,0.3,0.63,0.7,0.72,0.62,0.57,0.64,0.51,0.72,0.57,0.68,0.32,0.27,0.23,0.28,0.51,0.59,LW,ATT,5
Khiry Shelton,ST,United States,0.62,0.73,0.57,0.56,0.61,0.36,0.78,0.72,0.74,0.65,0.53,0.63,0.57,0.88,0.68,0.84,0.4,0.35,0.3,0.28,0.6,0.64,ST,ATT,5
Connor Shields,ST,Scotland,0.62,0.71,0.61,0.56,0.63,0.38,0.59,0.68,0.74,0.69,0.62,0.62,0.62,0.56,0.71,0.62,0.43,0.38,0.3,0.32,0.56,0.61,ST,ATT,2
Stiven Shpendi,ST,Albania,0.62,0.61,0.64,0.46,0.64,0.22,0.54,0.67,0.56,0.57,0.59,0.66,0.6,0.6,0.48,0.66,0.19,0.21,0.19,0.13,0.59,0.61,ST,ATT,6
Oskar Sivertsen,LW,Norway,0.62,0.81,0.56,0.56,0.63,0.28,0.39,0.83,0.79,0.84,0.8,0.62,0.5,0.35,0.5,0.51,0.28,0.3,0.22,0.26,0.46,0.57,LW,ATT,0
Jaden Slory,RW,Holland,0.62,0.84,0.57,0.51,0.67,0.28,0.43,0.83,0.84,0.83,0.69,0.67,0.49,0.43,0.52,0.5,0.28,0.29,0.27,0.22,0.43,0.64,RW,ATT,0
Harry Smith,ST,England,0.62,0.51,0.61,0.48,0.53,0.41,0.79,0.5,0.52,0.33,0.33,0.59,0.6,0.9,0.65,0.77,0.39,0.33,0.42,0.32,0.67,0.65,ST,ATT,1
Hubert Sobol,ST,Poland,0.62,0.69,0.63,0.45,0.57,0.31,0.59,0.7,0.69,0.7,0.68,0.56,0.56,0.67,0.62,0.7,0.23,0.25,0.37,0.21,0.6,0.62,ST,ATT,5
Tyrese Spicer,LW,Trinidad and Tobago,0.62,0.7,0.58,0.54,0.66,0.32,0.44,0.68,0.71,0.58,0.61,0.67,0.45,0.5,0.34,0.47,0.35,0.33,0.27,0.28,0.4,0.7,LW,ATT,0
Robert Street,ST,England,0.62,0.67,0.61,0.52,0.58,0.3,0.73,0.66,0.68,0.56,0.6,0.59,0.61,0.75,0.67,0.73,0.29,0.25,0.28,0.23,0.6,0.63,ST,ATT,5
Nikola Štulić,ST,Serbia,0.62,0.54,0.63,0.52,0.6,0.25,0.63,0.4,0.66,0.61,0.38,0.64,0.56,0.74,0.47,0.66,0.28,0.19,0.12,0.21,0.66,0.67,ST,ATT,1
Will Swan,ST,England,0.62,0.75,0.61,0.46,0.61,0.34,0.59,0.76,0.75,0.73,0.66,0.58,0.58,0.63,0.66,0.72,0.29,0.27,0.31,0.38,0.58,0.62,ST,ATT,5
Youssuf Sylla,ST,Belgium,0.62,0.69,0.61,0.47,0.61,0.2,0.72,0.66,0.71,0.59,0.47,0.62,0.56,0.88,0.58,0.8,0.19,0.17,0.13,0.15,0.6,0.61,ST,ATT,5
Semir Telalovic,ST,Germany,0.62,0.57,0.64,0.51,0.58,0.33,0.67,0.55,0.59,0.6,0.63,0.6,0.6,0.73,0.63,0.7,0.3,0.27,0.3,0.3,0.64,0.68,ST,ATT,1
Dom Telford,ST,England,0.62,0.77,0.62,0.49,0.66,0.25,0.6,0.77,0.77,0.88,0.9,0.61,0.62,0.54,0.75,0.68,0.13,0.12,0.3,0.22,0.6,0.62,ST,ATT,5
Emre Tezgel,ST,Turkey,0.62,0.68,0.63,0.47,0.6,0.33,0.55,0.64,0.71,0.56,0.64,0.6,0.59,0.56,0.51,0.62,0.32,0.3,0.28,0.29,0.58,0.66,ST,ATT,5
Timmy Thiele,ST,Germany,0.62,0.66,0.62,0.5,0.59,0.22,0.61,0.65,0.66,0.64,0.6,0.6,0.6,0.75,0.55,0.73,0.16,0.17,0.18,0.2,0.6,0.67,ST,ATT,5
Dawid Tkacz,LW,Poland,0.62,0.72,0.58,0.62,0.61,0.36,0.56,0.73,0.71,0.7,0.73,0.64,0.53,0.58,0.6,0.67,0.3,0.36,0.38,0.29,0.57,0.59,LW,ATT,5
Franco Tongya,RW,Italy,0.62,0.71,0.49,0.65,0.63,0.37,0.62,0.69,0.73,0.58,0.62,0.65,0.62,0.64,0.68,0.67,0.34,0.44,0.41,0.24,0.57,0.54,RW,ATT,2
Thilo Töpken,ST,Germany,0.62,0.7,0.6,0.5,0.57,0.46,0.73,0.68,0.72,0.57,0.55,0.55,0.59,0.85,0.63,0.8,0.47,0.44,0.42,0.44,0.61,0.61,ST,ATT,2
Alexandru Tudorie,ST,Romania,0.62,0.59,0.61,0.44,0.52,0.32,0.69,0.55,0.63,0.41,0.41,0.53,0.6,0.77,0.62,0.79,0.25,0.2,0.3,0.3,0.73,0.65,ST,ATT,1
Franco Umeh-Chibueze,RW,Republic of Ireland,0.62,0.76,0.6,0.52,0.64,0.53,0.6,0.78,0.75,0.7,0.7,0.62,0.55,0.57,0.54,0.69,0.54,0.55,0.52,0.52,0.56,0.67,RW,ATT,2
Jack Vale,ST,Wales,0.62,0.72,0.61,0.5,0.62,0.26,0.57,0.73,0.72,0.7,0.72,0.63,0.6,0.61,0.62,0.69,0.15,0.2,0.32,0.21,0.59,0.61,ST,ATT,5
Jort van der Sande,ST,Holland,0.62,0.62,0.63,0.56,0.62,0.27,0.59,0.59,0.64,0.6,0.63,0.62,0.61,0.6,0.58,0.63,0.24,0.27,0.25,0.2,0.59,0.63,ST,ATT,5
Cristhian Vargas,RW,Peru,0.62,0.64,0.6,0.5,0.66,0.23,0.43,0.66,0.63,0.61,0.68,0.65,0.65,0.48,0.4,0.44,0.25,0.26,0.18,0.2,0.39,0.66,RW,ATT,0
Alenis Vargas,RW,Honduras,0.62,0.88,0.56,0.57,0.6,0.3,0.65,0.86,0.9,0.54,0.51,0.63,0.52,0.66,0.59,0.81,0.28,0.3,0.24,0.26,0.65,0.65,RW,ATT,5
Yannis Verdier,LW,France,0.62,0.62,0.57,0.6,0.62,0.3,0.61,0.68,0.57,0.54,0.56,0.65,0.63,0.66,0.68,0.64,0.38,0.22,0.2,0.24,0.53,0.71,LW,ATT,1
Pau Víctor,ST,Spain,0.62,0.76,0.58,0.6,0.65,0.52,0.67,0.77,0.75,0.77,0.63,0.65,0.6,0.67,0.62,0.75,0.58,0.56,0.4,0.55,0.6,0.63,ST,ATT,2
Dioni,ST,Spain,0.62,0.58,0.62,0.47,0.58,0.25,0.67,0.54,0.61,0.49,0.48,0.57,0.56,0.78,0.56,0.71,0.19,0.15,0.29,0.15,0.6,0.73,ST,ATT,1
Felix Vá,RW,Angola,0.62,0.89,0.57,0.55,0.62,0.22,0.58,0.88,0.9,0.77,0.85,0.6,0.54,0.54,0.71,0.6,0.2,0.21,0.17,0.24,0.42,0.66,RW,ATT,7
Romeo Vucic,ST,Austria,0.62,0.64,0.62,0.48,0.61,0.19,0.63,0.62,0.65,0.7,0.59,0.62,0.55,0.73,0.56,0.72,0.19,0.18,0.11,0.1,0.6,0.63,ST,ATT,5
Jacob Wakeling,ST,England,0.62,0.8,0.6,0.5,0.63,0.21,0.61,0.81,0.8,0.79,0.8,0.6,0.59,0.6,0.66,0.73,0.19,0.15,0.16,0.16,0.58,0.62,ST,ATT,5
Niklas Jensen Wassberg,LW,Norway,0.62,0.68,0.54,0.58,0.67,0.5,0.53,0.69,0.67,0.76,0.86,0.66,0.6,0.44,0.7,0.5,0.49,0.49,0.5,0.5,0.53,0.57,LW,ATT,2
Jalal Abdullai,ST,Ghana,0.61,0.76,0.59,0.54,0.61,0.26,0.58,0.72,0.79,0.66,0.63,0.63,0.51,0.7,0.52,0.71,0.26,0.24,0.22,0.18,0.57,0.6,ST,ATT,5
Dan Adu-Adjei,ST,England,0.61,0.77,0.61,0.49,0.6,0.27,0.51,0.76,0.77,0.74,0.72,0.58,0.57,0.5,0.56,0.65,0.28,0.2,0.24,0.16,0.58,0.63,ST,ATT,5
Oscar Aga,ST,Norway,0.61,0.71,0.59,0.41,0.6,0.22,0.58,0.73,0.69,0.71,0.72,0.6,0.58,0.62,0.54,0.7,0.16,0.17,0.21,0.17,0.59,0.58,ST,ATT,5
Alexander Ahl Holmström,ST,Sweden,0.61,0.7,0.6,0.42,0.58,0.29,0.75,0.61,0.78,0.62,0.51,0.61,0.56,0.84,0.67,0.76,0.37,0.18,0.18,0.22,0.59,0.61,ST,ATT,5
Abdullah Al Hamdan,ST,Saudi Arabia,0.61,0.71,0.59,0.58,0.6,0.34,0.65,0.68,0.73,0.66,0.52,0.62,0.54,0.71,0.63,0.73,0.24,0.3,0.38,0.31,0.6,0.62,ST,ATT,5
Abdullah Al Salem,ST,Saudi Arabia,0.61,0.58,0.61,0.58,0.59,0.52,0.7,0.6,0.56,0.58,0.52,0.63,0.57,0.78,0.62,0.72,0.55,0.53,0.45,0.54,0.58,0.64,ST,ATT,2
Samuel Amo-Ameyaw,LW,England,0.61,0.78,0.54,0.53,0.65,0.28,0.4,0.79,0.77,0.81,0.84,0.61,0.56,0.32,0.58,0.44,0.28,0.26,0.23,0.26,0.44,0.58,LW,ATT,0
Pádraig Amond,ST,Republic of Ireland,0.61,0.36,0.64,0.5,0.59,0.33,0.67,0.34,0.38,0.59,0.65,0.63,0.54,0.73,0.62,0.62,0.22,0.18,0.43,0.29,0.6,0.65,ST,ATT,1
Adriano,ST,Brazil,0.61,0.79,0.57,0.61,0.69,0.24,0.53,0.78,0.8,0.82,0.78,0.68,0.57,0.51,0.62,0.62,0.24,0.21,0.2,0.19,0.52,0.54,ST,ATT,7
Emilio Aristizábal,ST,Colombia,0.61,0.72,0.62,0.42,0.6,0.22,0.62,0.72,0.72,0.73,0.62,0.6,0.52,0.7,0.6,0.72,0.12,0.1,0.2,0.3,0.58,0.62,ST,ATT,5
Ignacio Bailone,ST,Argentina,0.61,0.54,0.6,0.51,0.58,0.34,0.65,0.55,0.54,0.57,0.45,0.57,0.64,0.8,0.62,0.73,0.33,0.19,0.42,0.18,0.6,0.61,ST,ATT,1
Tammer Bany,ST,Denmark,0.61,0.69,0.62,0.5,0.63,0.19,0.59,0.67,0.7,0.61,0.64,0.64,0.54,0.6,0.59,0.65,0.14,0.16,0.15,0.14,0.57,0.64,ST,ATT,5
Tom Barlow,ST,United States,0.61,0.77,0.57,0.49,0.54,0.35,0.77,0.75,0.78,0.65,0.65,0.53,0.6,0.75,0.73,0.85,0.37,0.36,0.2,0.36,0.71,0.64,ST,ATT,5
Baselga,ST,Spain,0.61,0.66,0.64,0.52,0.63,0.25,0.53,0.65,0.67,0.61,0.68,0.6,0.6,0.57,0.6,0.62,0.18,0.2,0.32,0.14,0.56,0.62,ST,ATT,5
Eghosa Bello,ST,Nigeria,0.61,0.65,0.6,0.45,0.54,0.19,0.65,0.64,0.66,0.54,0.34,0.54,0.5,0.73,0.61,0.75,0.14,0.16,0.11,0.12,0.7,0.6,ST,ATT,6
Victory Beniangba,ST,Nigeria,0.61,0.6,0.64,0.44,0.49,0.21,0.57,0.6,0.6,0.59,0.54,0.48,0.6,0.68,0.53,0.68,0.19,0.17,0.15,0.14,0.6,0.56,ST,ATT,6
Noah Bischof,ST,Austria,0.61,0.78,0.59,0.49,0.64,0.22,0.55,0.81,0.75,0.8,0.6,0.62,0.65,0.56,0.63,0.67,0.2,0.11,0.21,0.19,0.52,0.61,ST,ATT,5
Carl Björk,ST,Sweden,0.61,0.78,0.59,0.52,0.6,0.27,0.63,0.77,0.78,0.71,0.6,0.61,0.57,0.67,0.66,0.74,0.24,0.21,0.22,0.27,0.58,0.6,ST,ATT,5
Gennaro Borrelli,ST,Italy,0.61,0.45,0.6,0.38,0.55,0.24,0.62,0.38,0.51,0.44,0.57,0.57,0.54,0.81,0.35,0.7,0.2,0.15,0.18,0.21,0.69,0.64,ST,ATT,6
Ryan Bowman,ST,England,0.61,0.58,0.6,0.47,0.59,0.31,0.78,0.54,0.61,0.63,0.62,0.6,0.6,0.8,0.78,0.82,0.25,0.22,0.33,0.26,0.63,0.64,ST,ATT,1
Mario Bratu,RW,Romania,0.61,0.8,0.57,0.61,0.62,0.28,0.44,0.81,0.8,0.81,0.75,0.6,0.54,0.38,0.61,0.46,0.25,0.3,0.29,0.22,0.4,0.68,RW,ATT,0
Rares Burnete,ST,Romania,0.61,0.55,0.65,0.45,0.61,0.23,0.56,0.52,0.57,0.48,0.56,0.65,0.54,0.59,0.5,0.61,0.16,0.21,0.17,0.22,0.62,0.64,ST,ATT,6
Mason Burstow,ST,England,0.61,0.73,0.6,0.45,0.58,0.2,0.65,0.71,0.75,0.57,0.54,0.58,0.58,0.77,0.53,0.77,0.18,0.12,0.15,0.15,0.58,0.65,ST,ATT,5
Joel Calicho,LW,Bolivia,0.61,0.72,0.54,0.56,0.64,0.4,0.63,0.69,0.75,0.67,0.69,0.67,0.55,0.68,0.71,0.56,0.41,0.36,0.39,0.44,0.39,0.62,LW,ATT,2
Haroune Camara,ST,Saudi Arabia,0.61,0.83,0.59,0.5,0.59,0.21,0.7,0.86,0.8,0.71,0.67,0.53,0.57,0.81,0.68,0.83,0.18,0.11,0.15,0.23,0.53,0.58,ST,ATT,5
Innes Cameron,ST,Scotland,0.61,0.53,0.61,0.55,0.57,0.47,0.73,0.5,0.55,0.55,0.67,0.59,0.58,0.78,0.65,0.72,0.45,0.42,0.44,0.48,0.66,0.68,ST,ATT,1
Adrian Caragea,LW,Romania,0.61,0.66,0.58,0.59,0.62,0.37,0.59,0.65,0.67,0.64,0.64,0.61,0.54,0.6,0.62,0.58,0.36,0.35,0.34,0.36,0.49,0.55,LW,ATT,0
Sergio Carrasco,ST,Chile,0.61,0.62,0.59,0.41,0.58,0.19,0.68,0.58,0.65,0.55,0.49,0.59,0.51,0.79,0.72,0.74,0.19,0.12,0.12,0.12,0.62,0.58,ST,ATT,6
Michael Cheek,ST,England,0.61,0.58,0.61,0.45,0.57,0.33,0.68,0.6,0.56,0.55,0.48,0.59,0.6,0.74,0.7,0.71,0.35,0.22,0.29,0.26,0.6,0.65,ST,ATT,1
Gustav Christensen,ST,Denmark,0.61,0.73,0.61,0.55,0.66,0.26,0.5,0.7,0.76,0.7,0.73,0.65,0.54,0.51,0.62,0.57,0.2,0.2,0.25,0.25,0.53,0.59,ST,ATT,0
Dennis Collander,RW,Sweden,0.61,0.72,0.49,0.57,0.65,0.57,0.64,0.72,0.72,0.81,0.8,0.64,0.63,0.65,0.55,0.59,0.62,0.56,0.56,0.58,0.42,0.5,RW,ATT,2
Vicente Conelli,ST,Chile,0.61,0.75,0.6,0.39,0.59,0.2,0.57,0.74,0.76,0.68,0.7,0.57,0.58,0.6,0.67,0.71,0.12,0.19,0.15,0.19,0.6,0.58,ST,ATT,5
Jack Cooper-Love,ST,Sweden,0.61,0.64,0.61,0.51,0.6,0.33,0.54,0.63,0.65,0.64,0.72,0.63,0.55,0.57,0.55,0.59,0.45,0.39,0.2,0.22,0.54,0.62,ST,ATT,0
Sonny Cox,ST,England,0.61,0.75,0.59,0.45,0.62,0.26,0.63,0.76,0.75,0.78,0.77,0.61,0.59,0.68,0.69,0.73,0.27,0.19,0.23,0.19,0.57,0.61,ST,ATT,5
Andy Dallas,ST,Scotland,0.61,0.81,0.59,0.46,0.6,0.28,0.59,0.83,0.79,0.65,0.65,0.58,0.55,0.6,0.67,0.74,0.24,0.21,0.26,0.26,0.58,0.62,ST,ATT,5
De Erjiaduo,ST,China PR,0.61,0.7,0.57,0.65,0.61,0.43,0.69,0.71,0.69,0.64,0.55,0.6,0.57,0.73,0.62,0.73,0.41,0.44,0.41,0.43,0.55,0.63,ST,ATT,2
Kristian Dennis,ST,England,0.61,0.53,0.62,0.52,0.61,0.37,0.72,0.51,0.54,0.7,0.68,0.59,0.63,0.73,0.71,0.68,0.38,0.22,0.32,0.4,0.62,0.62,ST,ATT,1
Babis Drakas,RW,Germany,0.61,0.77,0.58,0.54,0.63,0.24,0.5,0.79,0.76,0.84,0.82,0.59,0.54,0.43,0.55,0.47,0.27,0.25,0.19,0.16,0.42,0.64,RW,ATT,0
Aaron Drinan,ST,Republic of Ireland,0.61,0.76,0.59,0.49,0.62,0.32,0.64,0.76,0.76,0.7,0.72,0.6,0.57,0.64,0.7,0.74,0.29,0.22,0.33,0.24,0.6,0.62,ST,ATT,5
Cristian Dumitru,LW,Romania,0.61,0.75,0.58,0.53,0.64,0.37,0.52,0.77,0.73,0.74,0.75,0.62,0.58,0.46,0.68,0.5,0.29,0.3,0.41,0.46,0.42,0.66,LW,ATT,7
Ryan Edmondson,ST,England,0.61,0.57,0.62,0.41,0.56,0.26,0.73,0.53,0.6,0.55,0.48,0.6,0.54,0.84,0.53,0.75,0.16,0.19,0.33,0.15,0.64,0.67,ST,ATT,1
Jostein Ekeland,LW,Norway,0.61,0.68,0.57,0.57,0.64,0.22,0.59,0.72,0.65,0.73,0.73,0.63,0.6,0.65,0.65,0.7,0.18,0.14,0.2,0.16,0.56,0.56,LW,ATT,5
Aidomo Emakhu,ST,Republic of Ireland,0.61,0.76,0.58,0.54,0.61,0.38,0.6,0.75,0.76,0.65,0.55,0.61,0.58,0.62,0.62,0.69,0.36,0.33,0.34,0.39,0.55,0.57,ST,ATT,2
Carlos Espí,ST,Spain,0.61,0.62,0.6,0.5,0.54,0.36,0.58,0.63,0.61,0.64,0.5,0.55,0.6,0.64,0.6,0.7,0.34,0.31,0.33,0.31,0.7,0.58,ST,ATT,1
Kai Fotheringham,RW,Scotland,0.61,0.66,0.59,0.55,0.63,0.37,0.47,0.7,0.63,0.67,0.67,0.64,0.59,0.45,0.57,0.48,0.4,0.36,0.36,0.32,0.45,0.56,RW,ATT,0
Cristian Franco,ST,Uruguay,0.61,0.53,0.63,0.53,0.53,0.41,0.67,0.55,0.51,0.47,0.59,0.5,0.52,0.76,0.61,0.74,0.28,0.27,0.4,0.54,0.67,0.6,ST,ATT,1
Noel Futkeu,ST,Germany,0.61,0.6,0.62,0.48,0.58,0.27,0.52,0.55,0.64,0.58,0.61,0.6,0.59,0.57,0.55,0.62,0.29,0.18,0.21,0.17,0.65,0.61,ST,ATT,6
José Gallegos,LW,United States,0.61,0.76,0.5,0.54,0.66,0.31,0.5,0.82,0.71,0.84,0.81,0.6,0.58,0.42,0.52,0.47,0.25,0.3,0.37,0.3,0.36,0.5,LW,ATT,0
Ged Garner,ST,England,0.61,0.7,0.61,0.48,0.61,0.23,0.66,0.7,0.7,0.66,0.73,0.59,0.61,0.75,0.67,0.72,0.2,0.16,0.21,0.18,0.56,0.66,ST,ATT,5
Emrehan Gedikli,ST,Turkey,0.61,0.61,0.61,0.5,0.58,0.24,0.53,0.59,0.63,0.55,0.63,0.61,0.52,0.63,0.41,0.67,0.18,0.22,0.2,0.18,0.66,0.62,ST,ATT,6
Oscar Giménez,ST,Paraguay,0.61,0.6,0.58,0.5,0.59,0.25,0.65,0.67,0.55,0.66,0.42,0.62,0.6,0.74,0.55,0.75,0.21,0.17,0.23,0.16,0.66,0.65,ST,ATT,1
Natan Girma,ST,Switzerland,0.61,0.63,0.6,0.59,0.61,0.45,0.62,0.64,0.63,0.59,0.45,0.63,0.66,0.75,0.58,0.58,0.54,0.43,0.32,0.56,0.36,0.58,ST,ATT,2
Paul Glatzel,ST,Germany,0.61,0.67,0.62,0.55,0.62,0.3,0.52,0.69,0.65,0.79,0.81,0.6,0.59,0.55,0.51,0.63,0.33,0.24,0.26,0.2,0.58,0.7,ST,ATT,5
Juan Pablo Goicochea,ST,Peru,0.61,0.61,0.61,0.46,0.6,0.2,0.7,0.67,0.56,0.62,0.65,0.61,0.61,0.74,0.61,0.68,0.18,0.17,0.16,0.15,0.54,0.66,ST,ATT,5
Conor Grant,LW,Republic of Ireland,0.61,0.76,0.54,0.59,0.63,0.55,0.56,0.78,0.75,0.75,0.76,0.6,0.58,0.52,0.66,0.59,0.6,0.57,0.53,0.54,0.47,0.55,LW,ATT,2
Alex Greive,ST,New Zealand,0.61,0.78,0.6,0.49,0.6,0.18,0.58,0.77,0.79,0.65,0.68,0.6,0.6,0.59,0.69,0.72,0.14,0.11,0.16,0.1,0.6,0.6,ST,ATT,5
Ismail Harnafi,ST,Morocco,0.61,0.73,0.59,0.55,0.65,0.44,0.61,0.71,0.74,0.78,0.72,0.58,0.66,0.55,0.69,0.61,0.48,0.42,0.43,0.38,0.5,0.58,ST,ATT,2
Agustin Hausch,ST,Argentina,0.61,0.8,0.61,0.53,0.66,0.29,0.47,0.81,0.79,0.8,0.68,0.62,0.62,0.42,0.53,0.56,0.28,0.24,0.3,0.23,0.5,0.57,ST,ATT,0
Frederik Heiselberg,ST,Denmark,0.61,0.64,0.59,0.51,0.58,0.25,0.68,0.61,0.66,0.55,0.43,0.63,0.55,0.77,0.64,0.75,0.19,0.18,0.22,0.23,0.63,0.62,ST,ATT,1
Kane Hemmings,ST,England,0.61,0.66,0.6,0.52,0.6,0.29,0.64,0.67,0.65,0.67,0.64,0.6,0.6,0.73,0.73,0.73,0.2,0.19,0.2,0.43,0.6,0.62,ST,ATT,5
Leandro Hernández,LW,Chile,0.61,0.71,0.56,0.49,0.65,0.24,0.37,0.69,0.72,0.68,0.74,0.64,0.57,0.32,0.55,0.34,0.21,0.26,0.24,0.24,0.3,0.58,LW,ATT,0
Joe Hugill,ST,England,0.61,0.67,0.62,0.49,0.55,0.22,0.66,0.58,0.74,0.57,0.51,0.56,0.61,0.7,0.59,0.67,0.19,0.21,0.15,0.18,0.6,0.66,ST,ATT,6
Henrik Kjelsrud Johansen,ST,Norway,0.61,0.52,0.59,0.42,0.55,0.37,0.77,0.57,0.48,0.62,0.58,0.61,0.57,0.81,0.72,0.77,0.45,0.28,0.31,0.22,0.67,0.63,ST,ATT,1
Danny Johnson,ST,England,0.61,0.54,0.63,0.47,0.6,0.24,0.56,0.56,0.53,0.69,0.7,0.6,0.64,0.64,0.5,0.56,0.21,0.18,0.18,0.2,0.61,0.65,ST,ATT,6
Mathias Jørgensen,ST,Denmark,0.61,0.82,0.6,0.49,0.61,0.28,0.6,0.8,0.83,0.77,0.65,0.62,0.54,0.59,0.63,0.67,0.23,0.22,0.33,0.19,0.52,0.61,ST,ATT,5
Johsbosco Kalu,ST,Nigeria,0.61,0.54,0.6,0.48,0.62,0.23,0.61,0.5,0.58,0.67,0.71,0.63,0.58,0.77,0.34,0.68,0.22,0.15,0.15,0.21,0.59,0.6,ST,ATT,6
Bobby Kamwa,ST,Cameroon,0.61,0.83,0.57,0.53,0.6,0.28,0.66,0.81,0.84,0.66,0.68,0.58,0.57,0.66,0.66,0.76,0.27,0.23,0.24,0.21,0.59,0.6,ST,ATT,5
Aidan Keena,ST,Republic of Ireland,0.61,0.7,0.6,0.55,0.61,0.36,0.67,0.69,0.7,0.63,0.68,0.61,0.58,0.68,0.69,0.68,0.41,0.34,0.24,0.39,0.56,0.62,ST,ATT,2
Andu Kelati,LW,Germany,0.61,0.72,0.55,0.56,0.64,0.33,0.47,0.71,0.72,0.68,0.62,0.65,0.44,0.49,0.52,0.47,0.39,0.28,0.29,0.27,0.39,0.5,LW,ATT,0
Charlie Kelman,ST,United States,0.61,0.81,0.62,0.48,0.63,0.26,0.6,0.82,0.8,0.79,0.71,0.6,0.58,0.56,0.71,0.68,0.26,0.24,0.22,0.21,0.52,0.65,ST,ATT,5
Deandre Kerr,ST,Canada,0.61,0.78,0.59,0.52,0.6,0.47,0.71,0.78,0.78,0.64,0.64,0.58,0.51,0.79,0.68,0.83,0.52,0.45,0.4,0.44,0.6,0.62,ST,ATT,2
Lewis Koumas,LW,Wales,0.61,0.74,0.6,0.49,0.65,0.26,0.54,0.76,0.72,0.72,0.65,0.64,0.56,0.53,0.58,0.65,0.22,0.2,0.24,0.23,0.57,0.6,LW,ATT,5
Julian Kügel,ST,Germany,0.61,0.67,0.57,0.45,0.53,0.25,0.7,0.66,0.67,0.45,0.51,0.55,0.59,0.8,0.63,0.78,0.19,0.23,0.21,0.22,0.66,0.58,ST,ATT,6
Emir Kuhinja,ST,Germany,0.61,0.76,0.61,0.5,0.59,0.35,0.59,0.7,0.8,0.65,0.68,0.58,0.57,0.61,0.64,0.66,0.29,0.29,0.35,0.35,0.57,0.6,ST,ATT,5
Alou Kuol,ST,Australia,0.61,0.77,0.58,0.45,0.56,0.31,0.71,0.81,0.74,0.73,0.69,0.55,0.63,0.73,0.69,0.82,0.27,0.26,0.24,0.36,0.61,0.64,ST,ATT,5
Leonço,ST,Brazil,0.61,0.62,0.63,0.41,0.54,0.24,0.61,0.64,0.61,0.56,0.53,0.56,0.56,0.76,0.56,0.76,0.18,0.16,0.21,0.19,0.66,0.63,ST,ATT,6
Li Shenglong,ST,China PR,0.61,0.8,0.58,0.54,0.58,0.43,0.69,0.84,0.76,0.71,0.6,0.57,0.6,0.71,0.66,0.82,0.41,0.43,0.43,0.39,0.61,0.6,ST,ATT,2
Jonas Lindberg,ST,Sweden,0.61,0.56,0.6,0.61,0.63,0.43,0.65,0.55,0.57,0.64,0.79,0.63,0.63,0.61,0.71,0.61,0.5,0.45,0.31,0.43,0.55,0.63,ST,ATT,2
Elliott List,ST,England,0.61,0.89,0.61,0.51,0.63,0.28,0.58,0.9,0.89,0.86,0.82,0.59,0.58,0.54,0.73,0.77,0.33,0.35,0.19,0.18,0.53,0.66,ST,ATT,7
Ryan Loft,ST,England,0.61,0.58,0.6,0.48,0.57,0.3,0.76,0.56,0.59,0.52,0.53,0.59,0.56,0.82,0.7,0.76,0.36,0.34,0.21,0.18,0.63,0.67,ST,ATT,1
Pau Mascaró,ST,Spain,0.61,0.74,0.63,0.45,0.59,0.24,0.6,0.68,0.78,0.67,0.7,0.57,0.61,0.64,0.66,0.67,0.19,0.11,0.23,0.24,0.58,0.66,ST,ATT,5
Ulrik Mathisen,RW,Norway,0.61,0.71,0.53,0.59,0.65,0.53,0.55,0.73,0.7,0.72,0.75,0.64,0.6,0.53,0.57,0.56,0.53,0.53,0.54,0.56,0.45,0.59,RW,ATT,2
Michael Mellon,ST,Scotland,0.61,0.71,0.6,0.48,0.6,0.26,0.65,0.73,0.7,0.67,0.66,0.59,0.6,0.69,0.65,0.71,0.25,0.21,0.22,0.2,0.56,0.59,ST,ATT,5
Peter Michael,ST,Nigeria,0.61,0.7,0.58,0.46,0.59,0.35,0.69,0.66,0.73,0.58,0.69,0.61,0.53,0.81,0.61,0.78,0.41,0.33,0.2,0.37,0.61,0.61,ST,ATT,5
Nikolaj Moller,ST,Sweden,0.61,0.56,0.62,0.44,0.6,0.29,0.63,0.54,0.58,0.53,0.48,0.66,0.51,0.67,0.58,0.67,0.21,0.23,0.29,0.24,0.69,0.62,ST,ATT,1
Enmanuel Moreno,ST,Venezuela,0.61,0.72,0.62,0.48,0.62,0.19,0.47,0.74,0.7,0.63,0.76,0.62,0.56,0.5,0.52,0.59,0.11,0.15,0.18,0.2,0.52,0.62,ST,ATT,0
Malik Mothersille,ST,England,0.61,0.73,0.6,0.53,0.63,0.28,0.59,0.71,0.74,0.74,0.61,0.63,0.6,0.6,0.63,0.65,0.23,0.18,0.22,0.35,0.54,0.62,ST,ATT,5
Jack Muldoon,ST,England,0.61,0.74,0.6,0.52,0.62,0.23,0.64,0.76,0.72,0.73,0.71,0.61,0.61,0.61,0.83,0.71,0.22,0.16,0.2,0.15,0.58,0.63,ST,ATT,5
Danny Mullen,ST,Scotland,0.61,0.7,0.61,0.49,0.6,0.41,0.59,0.69,0.71,0.67,0.68,0.6,0.57,0.62,0.5,0.66,0.37,0.34,0.4,0.43,0.58,0.61,ST,ATT,2
Jordan Murray,ST,Australia,0.61,0.6,0.6,0.46,0.6,0.18,0.65,0.63,0.58,0.59,0.58,0.62,0.48,0.73,0.69,0.74,0.11,0.16,0.15,0.11,0.67,0.64,ST,ATT,6
Francisco Mwepu,ST,Zambia,0.61,0.79,0.62,0.42,0.63,0.23,0.51,0.8,0.78,0.72,0.72,0.62,0.53,0.56,0.54,0.69,0.12,0.15,0.25,0.22,0.57,0.62,ST,ATT,5
Petru Neagu,LW,Moldova,0.61,0.67,0.61,0.58,0.62,0.24,0.57,0.68,0.67,0.66,0.58,0.62,0.55,0.62,0.54,0.66,0.19,0.23,0.2,0.21,0.58,0.67,LW,ATT,5
Yonis Njoh,ST,France,0.61,0.63,0.61,0.49,0.59,0.17,0.53,0.64,0.63,0.55,0.58,0.61,0.57,0.57,0.59,0.62,0.12,0.16,0.11,0.13,0.59,0.6,ST,ATT,6
Dan Nlundulu,ST,England,0.61,0.68,0.59,0.46,0.59,0.21,0.68,0.64,0.72,0.65,0.61,0.57,0.62,0.82,0.67,0.78,0.16,0.14,0.16,0.2,0.62,0.6,ST,ATT,5
Luke Norris,ST,England,0.61,0.55,0.61,0.5,0.59,0.25,0.73,0.54,0.55,0.57,0.59,0.6,0.6,0.81,0.69,0.74,0.14,0.13,0.33,0.18,0.61,0.62,ST,ATT,1
Gatlin O'Donkor,ST,England,0.61,0.73,0.6,0.47,0.62,0.31,0.68,0.72,0.73,0.7,0.75,0.6,0.55,0.75,0.6,0.75,0.3,0.3,0.27,0.27,0.58,0.62,ST,ATT,5
Emeka Oduah,RW,Germany,0.61,0.81,0.56,0.5,0.62,0.26,0.6,0.79,0.82,0.66,0.56,0.62,0.56,0.71,0.6,0.67,0.24,0.22,0.24,0.26,0.44,0.56,RW,ATT,5
Kennedy Okpala,ST,Germany,0.61,0.79,0.59,0.44,0.65,0.28,0.58,0.75,0.83,0.75,0.68,0.6,0.56,0.68,0.56,0.68,0.26,0.23,0.25,0.24,0.52,0.57,ST,ATT,5
Vadaine Oliver,ST,England,0.61,0.58,0.59,0.5,0.57,0.41,0.79,0.54,0.61,0.59,0.56,0.57,0.54,0.89,0.63,0.86,0.42,0.33,0.35,0.4,0.63,0.64,ST,ATT,1
Moses Otuali,ST,Nigeria,0.61,0.87,0.59,0.45,0.61,0.23,0.56,0.84,0.9,0.71,0.7,0.54,0.58,0.63,0.6,0.69,0.21,0.19,0.2,0.22,0.48,0.56,ST,ATT,5
Ruari Paton,ST,Republic of Ireland,0.61,0.73,0.61,0.37,0.6,0.27,0.7,0.74,0.72,0.73,0.76,0.59,0.58,0.66,0.83,0.71,0.29,0.24,0.19,0.2,0.59,0.62,ST,ATT,5
Dženan Pejčinović,ST,Germany,0.61,0.58,0.6,0.52,0.61,0.24,0.59,0.62,0.54,0.65,0.53,0.63,0.6,0.63,0.53,0.67,0.23,0.18,0.16,0.21,0.63,0.6,ST,ATT,6
Jeremías Pérez Tica,ST,Argentina,0.61,0.59,0.64,0.51,0.59,0.22,0.56,0.61,0.58,0.62,0.76,0.61,0.55,0.61,0.54,0.67,0.13,0.17,0.22,0.19,0.63,0.65,ST,ATT,6
Bobby Pointon,RW,England,0.61,0.76,0.56,0.56,0.65,0.3,0.48,0.77,0.75,0.86,0.85,0.6,0.57,0.47,0.54,0.48,0.37,0.33,0.25,0.25,0.33,0.64,RW,ATT,0
Abdullah Radif,ST,Saudi Arabia,0.61,0.82,0.56,0.38,0.53,0.22,0.66,0.77,0.86,0.68,0.35,0.56,0.6,0.72,0.66,0.8,0.15,0.13,0.19,0.2,0.62,0.55,ST,ATT,5
Tiago Machado,ST,Portugal,0.61,0.67,0.6,0.46,0.59,0.24,0.59,0.68,0.67,0.55,0.55,0.62,0.61,0.72,0.53,0.73,0.18,0.21,0.23,0.2,0.6,0.59,ST,ATT,5
Jesper Reitan-Sunde,RW,Norway,0.61,0.83,0.54,0.53,0.62,0.36,0.48,0.84,0.82,0.79,0.87,0.6,0.46,0.4,0.6,0.47,0.36,0.38,0.35,0.38,0.36,0.55,RW,ATT,0
Lucas Ricoy,ST,Spain,0.61,0.52,0.62,0.5,0.6,0.28,0.55,0.53,0.52,0.51,0.58,0.63,0.56,0.64,0.54,0.65,0.26,0.2,0.2,0.26,0.66,0.64,ST,ATT,6
Clément Rodrigues,ST,France,0.61,0.64,0.63,0.48,0.6,0.2,0.54,0.63,0.65,0.59,0.68,0.62,0.59,0.59,0.58,0.65,0.17,0.15,0.15,0.16,0.61,0.63,ST,ATT,6
Jakob Napoleon Romsaas,ST,Norway,0.61,0.77,0.58,0.57,0.61,0.34,0.61,0.75,0.78,0.61,0.53,0.64,0.5,0.68,0.58,0.68,0.3,0.28,0.32,0.37,0.5,0.58,ST,ATT,5
Lucas Röser,ST,Germany,0.61,0.7,0.61,0.52,0.61,0.32,0.65,0.68,0.71,0.67,0.69,0.6,0.57,0.71,0.6,0.71,0.24,0.17,0.37,0.3,0.57,0.62,ST,ATT,5
Michael Ruhs,ST,Australia,0.61,0.76,0.6,0.5,0.62,0.41,0.65,0.73,0.78,0.69,0.72,0.61,0.58,0.72,0.54,0.7,0.44,0.39,0.38,0.39,0.5,0.59,ST,ATT,2
Ignacio Russo,ST,Argentina,0.61,0.67,0.6,0.47,0.61,0.27,0.56,0.69,0.65,0.67,0.7,0.63,0.57,0.61,0.56,0.68,0.24,0.21,0.28,0.18,0.6,0.6,ST,ATT,5
Pablo Sáenz,ST,Spain,0.61,0.69,0.6,0.46,0.63,0.22,0.53,0.72,0.67,0.68,0.79,0.63,0.54,0.52,0.53,0.65,0.17,0.16,0.19,0.15,0.61,0.6,ST,ATT,5
Enes Sali,LW,Romania,0.61,0.81,0.52,0.54,0.68,0.23,0.38,0.82,0.8,0.85,0.83,0.65,0.46,0.33,0.54,0.42,0.24,0.23,0.2,0.21,0.3,0.53,LW,ATT,0
Alex Samuel,ST,Wales,0.61,0.82,0.59,0.51,0.64,0.33,0.68,0.81,0.83,0.74,0.72,0.61,0.56,0.65,0.79,0.75,0.32,0.27,0.3,0.28,0.58,0.6,ST,ATT,5
Sidi Sané,ST,Germany,0.61,0.69,0.58,0.57,0.65,0.43,0.56,0.67,0.7,0.68,0.58,0.64,0.59,0.64,0.52,0.66,0.44,0.42,0.4,0.41,0.55,0.64,ST,ATT,2
James Scott,ST,Scotland,0.61,0.64,0.61,0.47,0.6,0.19,0.65,0.62,0.66,0.61,0.44,0.61,0.53,0.81,0.42,0.77,0.16,0.12,0.14,0.13,0.62,0.67,ST,ATT,6
Laorent Shabani,LW,Albania,0.61,0.8,0.53,0.56,0.63,0.52,0.61,0.81,0.8,0.78,0.71,0.61,0.55,0.56,0.73,0.6,0.52,0.52,0.56,0.52,0.44,0.59,LW,ATT,2
Ísak Andri Sigurgeirsson,LW,Iceland,0.61,0.73,0.6,0.55,0.61,0.25,0.5,0.71,0.74,0.69,0.58,0.62,0.56,0.47,0.68,0.46,0.27,0.22,0.21,0.24,0.36,0.6,LW,ATT,0
Rodrigo Duarte,RW,Portugal,0.61,0.73,0.51,0.58,0.65,0.26,0.44,0.76,0.7,0.83,0.7,0.62,0.56,0.43,0.55,0.44,0.31,0.34,0.21,0.19,0.34,0.46,RW,ATT,0
Moonga Simba,RW,Sweden,0.61,0.81,0.53,0.52,0.65,0.29,0.61,0.81,0.81,0.76,0.75,0.64,0.5,0.69,0.52,0.63,0.24,0.26,0.32,0.3,0.36,0.58,RW,ATT,0
Laurs Skjellerup,ST,Denmark,0.61,0.69,0.59,0.54,0.58,0.35,0.65,0.7,0.68,0.59,0.65,0.59,0.59,0.71,0.55,0.74,0.33,0.35,0.28,0.34,0.61,0.57,ST,ATT,5
Tyler Smith,ST,England,0.61,0.78,0.6,0.47,0.62,0.28,0.59,0.77,0.78,0.77,0.73,0.6,0.59,0.6,0.65,0.71,0.24,0.23,0.29,0.22,0.57,0.62,ST,ATT,5
Song Si Woo,ST,Korea Republic,0.61,0.74,0.62,0.56,0.59,0.36,0.54,0.75,0.73,0.7,0.73,0.58,0.6,0.59,0.38,0.61,0.36,0.38,0.29,0.39,0.48,0.64,ST,ATT,0
Jude Soonsup-Bell,ST,England,0.61,0.75,0.62,0.47,0.58,0.3,0.61,0.78,0.72,0.68,0.64,0.58,0.58,0.65,0.51,0.74,0.28,0.23,0.31,0.18,0.59,0.61,ST,ATT,5
Remi-André Svindland,RW,Norway,0.61,0.64,0.55,0.6,0.62,0.4,0.61,0.67,0.61,0.67,0.69,0.62,0.6,0.56,0.78,0.56,0.4,0.38,0.35,0.45,0.48,0.58,RW,ATT,2
Levente Szabó,ST,Hungary,0.61,0.6,0.59,0.44,0.55,0.27,0.71,0.54,0.65,0.58,0.45,0.59,0.6,0.8,0.62,0.79,0.25,0.26,0.17,0.22,0.71,0.62,ST,ATT,1
Scott Tiffoney,ST,Scotland,0.61,0.82,0.6,0.53,0.65,0.37,0.51,0.84,0.8,0.92,0.69,0.62,0.61,0.42,0.68,0.6,0.35,0.27,0.4,0.29,0.56,0.64,ST,ATT,7
Lorent Tolaj,ST,Switzerland,0.61,0.72,0.61,0.46,0.59,0.33,0.72,0.67,0.76,0.72,0.66,0.59,0.58,0.75,0.68,0.72,0.34,0.28,0.3,0.27,0.58,0.64,ST,ATT,5
Richard Torales,ST,Paraguay,0.61,0.57,0.63,0.39,0.57,0.18,0.57,0.58,0.57,0.52,0.62,0.59,0.58,0.72,0.5,0.67,0.13,0.17,0.12,0.14,0.56,0.64,ST,ATT,6
Gonzalo Torres,ST,Argentina,0.61,0.63,0.62,0.51,0.64,0.3,0.56,0.61,0.65,0.58,0.66,0.64,0.57,0.66,0.46,0.58,0.29,0.28,0.25,0.3,0.47,0.65,ST,ATT,5
David Toshevski,ST,North Macedonia,0.61,0.57,0.61,0.39,0.54,0.26,0.64,0.58,0.57,0.52,0.52,0.54,0.63,0.68,0.56,0.74,0.18,0.26,0.23,0.19,0.72,0.65,ST,ATT,6
Samson Tovide,ST,England,0.61,0.82,0.58,0.51,0.62,0.4,0.79,0.84,0.81,0.76,0.76,0.57,0.57,0.79,0.75,0.8,0.41,0.32,0.39,0.39,0.52,0.59,ST,ATT,2
Mai Traore,ST,Guinea,0.61,0.76,0.58,0.45,0.59,0.19,0.61,0.78,0.74,0.74,0.6,0.58,0.56,0.67,0.63,0.77,0.13,0.11,0.13,0.16,0.64,0.58,ST,ATT,5
Christoph Urdl,RW,Austria,0.61,0.68,0.64,0.59,0.61,0.35,0.61,0.67,0.68,0.66,0.66,0.6,0.47,0.62,0.65,0.63,0.37,0.35,0.27,0.32,0.54,0.67,RW,ATT,5
Bobby Wales,ST,Scotland,0.61,0.77,0.58,0.47,0.58,0.21,0.58,0.75,0.79,0.62,0.67,0.61,0.61,0.65,0.52,0.74,0.11,0.15,0.18,0.24,0.63,0.61,ST,ATT,5
Ole Wohlers,ST,Germany,0.61,0.65,0.6,0.51,0.58,0.22,0.58,0.64,0.66,0.54,0.64,0.59,0.54,0.61,0.55,0.67,0.18,0.15,0.16,0.18,0.63,0.59,ST,ATT,6
Won Ki Jong,ST,Korea Republic,0.61,0.67,0.63,0.45,0.6,0.25,0.47,0.7,0.64,0.56,0.65,0.64,0.57,0.53,0.46,0.54,0.25,0.23,0.2,0.23,0.47,0.7,ST,ATT,0
Yoon Do Yong,RW,Korea Republic,0.61,0.73,0.57,0.54,0.63,0.34,0.48,0.75,0.72,0.62,0.72,0.58,0.63,0.46,0.65,0.46,0.43,0.29,0.23,0.39,0.35,0.63,RW,ATT,0
Massimo Zilli,ST,Italy,0.61,0.7,0.58,0.53,0.61,0.36,0.57,0.7,0.7,0.68,0.75,0.58,0.55,0.6,0.53,0.7,0.34,0.28,0.28,0.39,0.66,0.59,ST,ATT,5
Jovan Živković,RW,Austria,0.61,0.82,0.55,0.49,0.67,0.22,0.5,0.83,0.81,0.84,0.75,0.66,0.53,0.41,0.57,0.56,0.23,0.19,0.17,0.15,0.52,0.55,RW,ATT,0
Erick Zúñiga,RW,Ecuador,0.61,0.73,0.56,0.56,0.63,0.56,0.58,0.74,0.73,0.65,0.73,0.64,0.57,0.59,0.6,0.71,0.6,0.53,0.42,0.66,0.64,0.55,RW,ATT,2
Gustavo Aguilar,ST,Paraguay,0.6,0.57,0.62,0.47,0.58,0.26,0.64,0.6,0.54,0.54,0.55,0.62,0.55,0.71,0.66,0.65,0.23,0.22,0.22,0.23,0.54,0.58,ST,ATT,6
An Byong Jun,ST,Korea DPR,0.6,0.53,0.63,0.48,0.56,0.3,0.68,0.56,0.51,0.57,0.61,0.58,0.54,0.74,0.64,0.7,0.24,0.15,0.34,0.22,0.62,0.7,ST,ATT,1
Josh Andrews,ST,England,0.6,0.65,0.59,0.44,0.54,0.2,0.69,0.62,0.68,0.48,0.42,0.58,0.55,0.83,0.62,0.76,0.18,0.14,0.16,0.12,0.59,0.63,ST,ATT,6
David Ankeye,ST,Nigeria,0.6,0.71,0.55,0.47,0.61,0.3,0.59,0.68,0.74,0.65,0.62,0.61,0.62,0.66,0.53,0.68,0.28,0.32,0.29,0.17,0.59,0.63,ST,ATT,5
Ayman,ST,Morocco,0.6,0.63,0.59,0.46,0.6,0.32,0.58,0.64,0.62,0.71,0.64,0.58,0.55,0.57,0.61,0.66,0.29,0.23,0.3,0.24,0.67,0.6,ST,ATT,5
Ravve Assayeg,ST,Israel,0.6,0.61,0.62,0.46,0.56,0.22,0.61,0.59,0.62,0.55,0.56,0.6,0.55,0.63,0.65,0.66,0.19,0.21,0.18,0.14,0.62,0.6,ST,ATT,6
Felipe Barrientos,RW,Chile,0.6,0.74,0.5,0.54,0.63,0.22,0.41,0.72,0.75,0.72,0.79,0.62,0.5,0.33,0.58,0.45,0.13,0.14,0.33,0.11,0.48,0.46,RW,ATT,0
Simon Becher,ST,United States,0.6,0.58,0.62,0.4,0.57,0.38,0.6,0.64,0.53,0.55,0.48,0.56,0.52,0.73,0.53,0.71,0.39,0.33,0.37,0.31,0.59,0.64,ST,ATT,1
Albin Berisha,ST,Kosovo,0.6,0.63,0.61,0.46,0.58,0.24,0.59,0.62,0.64,0.55,0.59,0.58,0.57,0.57,0.68,0.61,0.2,0.24,0.21,0.2,0.57,0.6,ST,ATT,6
Benjamin Boakye,LW,Germany,0.6,0.81,0.54,0.52,0.62,0.22,0.45,0.82,0.81,0.71,0.73,0.6,0.51,0.48,0.48,0.52,0.2,0.22,0.22,0.16,0.39,0.58,LW,ATT,0
Maurice Boakye,ST,Germany,0.6,0.7,0.58,0.52,0.62,0.25,0.5,0.72,0.69,0.62,0.65,0.6,0.69,0.54,0.55,0.59,0.24,0.22,0.2,0.24,0.51,0.58,ST,ATT,0
Ricky Bornschein,ST,Germany,0.6,0.59,0.59,0.42,0.58,0.36,0.65,0.54,0.63,0.55,0.51,0.62,0.56,0.74,0.56,0.7,0.33,0.31,0.34,0.3,0.65,0.62,ST,ATT,1
Seán Boyd,ST,Republic of Ireland,0.6,0.42,0.61,0.46,0.52,0.34,0.74,0.51,0.34,0.32,0.33,0.6,0.53,0.79,0.61,0.74,0.22,0.19,0.39,0.34,0.69,0.62,ST,ATT,1
Sean Busch,ST,Germany,0.6,0.7,0.63,0.42,0.57,0.17,0.59,0.68,0.71,0.54,0.58,0.57,0.53,0.62,0.53,0.62,0.12,0.11,0.13,0.14,0.51,0.71,ST,ATT,6
Sekou Camara,ST,Guinea,0.6,0.82,0.55,0.45,0.6,0.39,0.69,0.8,0.83,0.74,0.7,0.57,0.56,0.66,0.72,0.75,0.33,0.3,0.43,0.38,0.59,0.53,ST,ATT,2
Juan David Carabalí,ST,Colombia,0.6,0.77,0.59,0.49,0.59,0.22,0.64,0.79,0.75,0.75,0.7,0.52,0.55,0.7,0.75,0.74,0.22,0.2,0.16,0.15,0.55,0.59,ST,ATT,5
Gonçalo Teixeira,LW,Portugal,0.6,0.68,0.51,0.59,0.63,0.29,0.5,0.67,0.69,0.7,0.67,0.64,0.54,0.52,0.58,0.45,0.27,0.26,0.32,0.28,0.33,0.48,LW,ATT,0
Leonardo Cerri,ST,Italy,0.6,0.37,0.62,0.47,0.52,0.32,0.69,0.35,0.38,0.47,0.33,0.55,0.61,0.79,0.55,0.78,0.22,0.22,0.32,0.3,0.78,0.61,ST,ATT,1
Reyes Cleary,ST,England,0.6,0.74,0.58,0.44,0.58,0.29,0.63,0.73,0.74,0.65,0.69,0.58,0.58,0.72,0.67,0.74,0.27,0.21,0.25,0.28,0.56,0.61,ST,ATT,5
Ionuț Cojocaru,RW,Romania,0.6,0.71,0.63,0.57,0.6,0.25,0.57,0.68,0.73,0.65,0.61,0.6,0.51,0.64,0.55,0.55,0.25,0.22,0.22,0.2,0.42,0.7,RW,ATT,5
Carlos Cortés,ST,Colombia,0.6,0.58,0.63,0.42,0.53,0.25,0.68,0.6,0.57,0.55,0.7,0.53,0.55,0.82,0.63,0.77,0.21,0.22,0.2,0.19,0.62,0.65,ST,ATT,6
Ronan Coughlan,ST,Republic of Ireland,0.6,0.71,0.59,0.53,0.6,0.24,0.65,0.71,0.71,0.67,0.77,0.6,0.59,0.68,0.71,0.71,0.2,0.16,0.2,0.25,0.58,0.61,ST,ATT,5
Esteban Crucci,ST,Uruguay,0.6,0.58,0.66,0.55,0.58,0.17,0.58,0.6,0.57,0.63,0.68,0.61,0.5,0.69,0.56,0.55,0.12,0.17,0.17,0.12,0.44,0.66,ST,ATT,6
Jaka Čuber Potočnik,ST,Slovenia,0.6,0.6,0.61,0.45,0.6,0.22,0.56,0.62,0.59,0.51,0.49,0.65,0.51,0.64,0.55,0.67,0.17,0.15,0.19,0.15,0.62,0.59,ST,ATT,6
Josh Davison,ST,England,0.6,0.64,0.59,0.44,0.57,0.19,0.81,0.61,0.66,0.59,0.61,0.57,0.56,0.88,0.72,0.79,0.11,0.13,0.19,0.15,0.61,0.65,ST,ATT,5
Ramiro Degregorio,RW,Argentina,0.6,0.72,0.51,0.53,0.66,0.3,0.4,0.77,0.67,0.89,0.78,0.64,0.51,0.37,0.58,0.44,0.34,0.33,0.29,0.18,0.41,0.55,RW,ATT,0
Ivan Djantou,ST,Cameroon,0.6,0.71,0.59,0.39,0.56,0.24,0.73,0.7,0.72,0.53,0.48,0.6,0.4,0.81,0.6,0.81,0.22,0.18,0.17,0.22,0.65,0.63,ST,ATT,6
Jhojan Domínguez,LW,Peru,0.6,0.68,0.58,0.53,0.62,0.24,0.46,0.67,0.68,0.66,0.7,0.63,0.55,0.52,0.49,0.47,0.27,0.19,0.21,0.16,0.4,0.6,LW,ATT,0
Domi,ST,Spain,0.6,0.68,0.6,0.47,0.63,0.27,0.44,0.69,0.67,0.62,0.7,0.65,0.48,0.44,0.6,0.52,0.23,0.21,0.26,0.2,0.58,0.56,ST,ATT,0
Chris Donovan,ST,United States,0.6,0.65,0.58,0.45,0.59,0.35,0.62,0.64,0.66,0.59,0.59,0.59,0.61,0.62,0.59,0.67,0.35,0.3,0.31,0.29,0.6,0.61,ST,ATT,5
Ludéric Etonde,ST,France,0.6,0.53,0.62,0.46,0.55,0.24,0.66,0.45,0.59,0.51,0.49,0.57,0.59,0.77,0.5,0.69,0.21,0.16,0.22,0.15,0.63,0.7,ST,ATT,1
Marcos,ST,Spain,0.6,0.65,0.62,0.47,0.56,0.26,0.55,0.65,0.65,0.51,0.74,0.56,0.57,0.63,0.51,0.7,0.23,0.2,0.2,0.21,0.67,0.61,ST,ATT,6
Moritz Flotho,ST,Germany,0.6,0.62,0.62,0.43,0.56,0.23,0.61,0.64,0.6,0.52,0.47,0.55,0.5,0.69,0.57,0.71,0.19,0.14,0.19,0.17,0.66,0.6,ST,ATT,6
Rory Gaffney,ST,Republic of Ireland,0.6,0.48,0.61,0.54,0.56,0.38,0.67,0.46,0.49,0.47,0.5,0.6,0.61,0.71,0.6,0.66,0.37,0.36,0.32,0.34,0.64,0.62,ST,ATT,1
Josh Gordon,ST,England,0.6,0.79,0.58,0.5,0.62,0.46,0.78,0.77,0.81,0.8,0.82,0.57,0.58,0.71,0.86,0.85,0.44,0.39,0.45,0.47,0.55,0.61,ST,ATT,2
Leon Grgić,ST,Austria,0.6,0.64,0.62,0.48,0.58,0.19,0.56,0.58,0.68,0.65,0.57,0.6,0.49,0.71,0.47,0.68,0.13,0.19,0.15,0.16,0.59,0.64,ST,ATT,6
Antwoine Hackford,ST,England,0.6,0.86,0.59,0.38,0.6,0.18,0.53,0.88,0.85,0.7,0.73,0.59,0.57,0.62,0.52,0.64,0.17,0.11,0.12,0.19,0.39,0.6,ST,ATT,0
Hamza Haoudi,LW,Italy,0.6,0.68,0.49,0.54,0.67,0.27,0.47,0.64,0.71,0.71,0.74,0.66,0.49,0.5,0.54,0.43,0.26,0.32,0.24,0.26,0.33,0.53,LW,ATT,0
Oliver Hawkins,ST,England,0.6,0.41,0.59,0.5,0.53,0.54,0.81,0.45,0.38,0.34,0.32,0.6,0.59,0.91,0.7,0.85,0.53,0.51,0.53,0.52,0.66,0.64,ST,ATT,1
Lucas Hedlund,ST,Sweden,0.6,0.72,0.59,0.52,0.61,0.34,0.58,0.71,0.73,0.7,0.75,0.6,0.55,0.56,0.62,0.62,0.24,0.26,0.42,0.33,0.52,0.58,ST,ATT,0
Tim Heike,ST,Germany,0.6,0.66,0.64,0.44,0.53,0.25,0.64,0.67,0.66,0.44,0.55,0.59,0.51,0.67,0.61,0.63,0.15,0.18,0.26,0.31,0.51,0.7,ST,ATT,6
Matías Hernandez,ST,Argentina,0.6,0.64,0.59,0.49,0.59,0.25,0.54,0.65,0.63,0.67,0.62,0.58,0.61,0.59,0.54,0.65,0.2,0.13,0.2,0.25,0.62,0.56,ST,ATT,6
Marino Hinestroza,LW,Colombia,0.6,0.79,0.61,0.52,0.64,0.29,0.43,0.78,0.8,0.66,0.79,0.6,0.4,0.44,0.49,0.51,0.26,0.29,0.27,0.26,0.47,0.73,LW,ATT,0
Kyle Hudlin,ST,England,0.6,0.63,0.58,0.47,0.54,0.27,0.73,0.68,0.59,0.37,0.39,0.63,0.54,0.84,0.67,0.78,0.24,0.25,0.24,0.2,0.59,0.65,ST,ATT,1
Milan Iloski,ST,United States,0.6,0.78,0.58,0.43,0.65,0.2,0.5,0.8,0.76,0.74,0.74,0.66,0.51,0.56,0.53,0.66,0.23,0.19,0.13,0.12,0.53,0.54,ST,ATT,0
Lenn Jastremski,ST,Germany,0.6,0.61,0.6,0.41,0.58,0.23,0.64,0.55,0.66,0.58,0.51,0.62,0.56,0.74,0.55,0.7,0.3,0.2,0.1,0.14,0.61,0.65,ST,ATT,6
Luke Jephcott,ST,Wales,0.6,0.68,0.61,0.53,0.63,0.26,0.58,0.7,0.67,0.79,0.76,0.6,0.59,0.66,0.53,0.65,0.26,0.19,0.2,0.25,0.54,0.62,ST,ATT,5
Kim Min Seok,LW,Korea Republic,0.6,0.79,0.52,0.46,0.63,0.41,0.62,0.74,0.83,0.78,0.67,0.57,0.56,0.66,0.55,0.68,0.41,0.38,0.41,0.38,0.54,0.54,LW,ATT,2
Kim Kyung Joon,ST,Korea Republic,0.6,0.75,0.57,0.38,0.57,0.22,0.6,0.74,0.76,0.75,0.68,0.52,0.62,0.61,0.64,0.72,0.18,0.15,0.17,0.17,0.62,0.6,ST,ATT,5
Kim Gyeong Min,ST,Korea Republic,0.6,0.82,0.54,0.38,0.6,0.27,0.61,0.79,0.84,0.74,0.56,0.58,0.58,0.7,0.64,0.74,0.18,0.12,0.4,0.16,0.55,0.58,ST,ATT,5
Kim Ji Hyun,ST,Korea Republic,0.6,0.76,0.55,0.53,0.61,0.28,0.69,0.74,0.77,0.72,0.59,0.62,0.6,0.72,0.8,0.74,0.26,0.25,0.26,0.2,0.55,0.6,ST,ATT,5
Benjamin Kimpioka,ST,Sweden,0.6,0.85,0.59,0.52,0.58,0.29,0.7,0.86,0.85,0.8,0.71,0.56,0.5,0.76,0.6,0.86,0.25,0.27,0.29,0.21,0.6,0.6,ST,ATT,5
Rayan Kolli,ST,Algeria,0.6,0.77,0.58,0.53,0.65,0.25,0.43,0.77,0.77,0.82,0.66,0.63,0.57,0.45,0.46,0.57,0.29,0.23,0.18,0.19,0.51,0.59,ST,ATT,0
Hugo Komano,ST,France,0.6,0.58,0.6,0.39,0.51,0.27,0.64,0.56,0.59,0.47,0.48,0.53,0.56,0.69,0.64,0.74,0.26,0.18,0.24,0.16,0.71,0.63,ST,ATT,6
Richard Koné,ST,Côte d'Ivoire,0.6,0.81,0.57,0.43,0.63,0.31,0.61,0.8,0.82,0.73,0.75,0.6,0.57,0.65,0.62,0.73,0.3,0.25,0.29,0.28,0.55,0.55,ST,ATT,5
Albin Krasniqi,RW,Switzerland,0.6,0.74,0.57,0.48,0.66,0.27,0.5,0.75,0.73,0.73,0.7,0.66,0.41,0.55,0.6,0.54,0.28,0.29,0.26,0.19,0.39,0.64,RW,ATT,0
Kristian Lien,ST,Norway,0.6,0.7,0.57,0.45,0.56,0.2,0.59,0.68,0.72,0.6,0.72,0.53,0.57,0.68,0.56,0.73,0.16,0.15,0.12,0.18,0.69,0.48,ST,ATT,6
Liu Ruofan,ST,China PR,0.6,0.73,0.56,0.56,0.63,0.41,0.67,0.74,0.72,0.75,0.65,0.58,0.6,0.73,0.61,0.75,0.35,0.37,0.44,0.37,0.57,0.53,ST,ATT,2
George Lloyd,ST,England,0.6,0.8,0.58,0.51,0.63,0.34,0.72,0.82,0.79,0.84,0.87,0.59,0.57,0.69,0.76,0.85,0.32,0.24,0.34,0.29,0.56,0.54,ST,ATT,5
Alexander Lyng,RW,Denmark,0.6,0.68,0.58,0.54,0.64,0.25,0.4,0.66,0.69,0.67,0.71,0.66,0.49,0.32,0.59,0.35,0.25,0.27,0.23,0.2,0.37,0.61,RW,ATT,0
Mohammad Mahmoud,ST,Germany,0.6,0.56,0.61,0.5,0.56,0.29,0.65,0.55,0.56,0.51,0.47,0.59,0.56,0.74,0.5,0.71,0.29,0.24,0.23,0.21,0.64,0.63,ST,ATT,1
Josh March,ST,England,0.6,0.72,0.59,0.48,0.61,0.23,0.65,0.7,0.74,0.78,0.78,0.58,0.59,0.68,0.68,0.79,0.17,0.18,0.21,0.21,0.6,0.59,ST,ATT,5
Sascha Marquet,ST,Germany,0.6,0.71,0.58,0.59,0.61,0.55,0.66,0.68,0.74,0.59,0.66,0.6,0.6,0.76,0.55,0.71,0.55,0.52,0.55,0.59,0.54,0.62,ST,ATT,2
José Martínes,ST,Bolivia,0.6,0.73,0.55,0.5,0.62,0.42,0.5,0.72,0.73,0.65,0.6,0.62,0.62,0.47,0.55,0.59,0.41,0.38,0.4,0.38,0.58,0.62,ST,ATT,2
João Peglow,LW,Brazil,0.6,0.67,0.63,0.54,0.64,0.25,0.43,0.66,0.67,0.6,0.76,0.62,0.48,0.44,0.49,0.38,0.26,0.27,0.25,0.16,0.35,0.73,LW,ATT,0
Jamille Matt,ST,Jamaica,0.6,0.4,0.61,0.48,0.52,0.26,0.73,0.38,0.41,0.41,0.31,0.59,0.61,0.85,0.61,0.7,0.22,0.16,0.3,0.12,0.62,0.66,ST,ATT,1
Eliezer Mayenda,ST,Spain,0.6,0.53,0.6,0.54,0.61,0.29,0.59,0.55,0.52,0.56,0.65,0.65,0.51,0.67,0.56,0.64,0.3,0.3,0.18,0.3,0.59,0.55,ST,ATT,6
Adedire Mebude,RW,Scotland,0.6,0.75,0.61,0.46,0.66,0.24,0.54,0.79,0.72,0.76,0.6,0.62,0.62,0.57,0.58,0.62,0.17,0.26,0.22,0.25,0.46,0.73,RW,ATT,5
Henrik Meister,ST,Denmark,0.6,0.65,0.58,0.42,0.55,0.26,0.71,0.64,0.65,0.57,0.59,0.57,0.55,0.77,0.58,0.76,0.19,0.2,0.26,0.23,0.62,0.6,ST,ATT,6
Ole Erik Midtskogen,ST,Norway,0.6,0.39,0.61,0.48,0.52,0.46,0.7,0.4,0.38,0.34,0.33,0.61,0.63,0.84,0.53,0.71,0.42,0.32,0.47,0.46,0.64,0.64,ST,ATT,1
Hilmir Rafn Mikaelsson,ST,Iceland,0.6,0.59,0.58,0.47,0.56,0.3,0.66,0.63,0.55,0.46,0.42,0.6,0.56,0.79,0.5,0.76,0.25,0.22,0.28,0.26,0.63,0.6,ST,ATT,1
César Miño,ST,Paraguay,0.6,0.72,0.61,0.55,0.62,0.27,0.5,0.72,0.72,0.67,0.65,0.61,0.58,0.46,0.63,0.55,0.23,0.2,0.24,0.3,0.51,0.6,ST,ATT,0
Max Moerstedt,ST,Germany,0.6,0.6,0.59,0.41,0.51,0.28,0.6,0.56,0.63,0.52,0.48,0.57,0.61,0.66,0.52,0.67,0.28,0.21,0.22,0.2,0.64,0.55,ST,ATT,6
Romain Montiel,ST,France,0.6,0.68,0.58,0.48,0.6,0.29,0.67,0.72,0.65,0.68,0.61,0.59,0.54,0.74,0.63,0.78,0.21,0.26,0.26,0.3,0.63,0.58,ST,ATT,5
Callum Morton,ST,England,0.6,0.81,0.59,0.51,0.6,0.35,0.66,0.82,0.8,0.74,0.75,0.56,0.56,0.65,0.76,0.75,0.32,0.26,0.37,0.29,0.56,0.61,ST,ATT,5
Nikolas Muci,ST,Switzerland,0.6,0.62,0.62,0.4,0.57,0.2,0.63,0.64,0.6,0.57,0.64,0.55,0.58,0.7,0.54,0.7,0.13,0.16,0.16,0.18,0.63,0.58,ST,ATT,6
Zakaria Mugeese,LW,Ghana,0.6,0.79,0.56,0.53,0.6,0.26,0.59,0.76,0.81,0.67,0.68,0.58,0.55,0.6,0.61,0.68,0.26,0.23,0.2,0.24,0.54,0.58,LW,ATT,5
Ezequiel Naya,ST,Argentina,0.6,0.48,0.59,0.51,0.55,0.33,0.74,0.45,0.5,0.54,0.34,0.6,0.49,0.9,0.55,0.77,0.29,0.44,0.26,0.23,0.7,0.59,ST,ATT,1
Mbaye Ndiaye,RW,Senegal,0.6,0.81,0.56,0.55,0.6,0.39,0.65,0.83,0.8,0.8,0.71,0.54,0.49,0.68,0.67,0.7,0.4,0.36,0.34,0.4,0.48,0.59,RW,ATT,2
Niklas Niehoff,ST,Germany,0.6,0.75,0.55,0.55,0.65,0.32,0.56,0.74,0.76,0.68,0.67,0.64,0.55,0.65,0.56,0.64,0.35,0.29,0.28,0.26,0.48,0.57,ST,ATT,5
Severin Nioule,LW,Côte d'Ivoire,0.6,0.87,0.52,0.46,0.66,0.23,0.48,0.85,0.88,0.83,0.75,0.64,0.55,0.49,0.6,0.52,0.27,0.25,0.15,0.2,0.35,0.56,LW,ATT,0
Jahce Tyler Novello,ST,Australia,0.6,0.74,0.59,0.53,0.59,0.32,0.66,0.72,0.76,0.72,0.72,0.58,0.55,0.69,0.57,0.71,0.34,0.26,0.24,0.31,0.57,0.62,ST,ATT,5
Franklin Nyenetue,LW,Norway,0.6,0.84,0.53,0.49,0.63,0.26,0.53,0.85,0.83,0.82,0.82,0.61,0.51,0.6,0.56,0.6,0.28,0.24,0.24,0.23,0.31,0.54,LW,ATT,0
Nikolay Obolskiy,ST,Russia,0.6,0.64,0.61,0.47,0.57,0.25,0.58,0.68,0.61,0.6,0.57,0.54,0.53,0.66,0.58,0.71,0.23,0.22,0.21,0.16,0.65,0.6,ST,ATT,6
Mansour Ouro-Tagba,ST,Togo,0.6,0.81,0.51,0.46,0.64,0.31,0.68,0.79,0.82,0.69,0.69,0.63,0.67,0.72,0.59,0.77,0.27,0.26,0.31,0.29,0.55,0.47,ST,ATT,5
Édgar Páez,ST,Paraguay,0.6,0.78,0.59,0.41,0.62,0.18,0.49,0.78,0.78,0.78,0.79,0.6,0.52,0.46,0.66,0.66,0.14,0.19,0.11,0.12,0.66,0.55,ST,ATT,5
Seb Palmer-Houlden,ST,England,0.6,0.74,0.57,0.52,0.6,0.33,0.61,0.75,0.73,0.65,0.64,0.61,0.6,0.64,0.63,0.68,0.3,0.26,0.33,0.32,0.54,0.57,ST,ATT,5
Park Sang Hyuk,ST,Korea Republic,0.6,0.65,0.58,0.44,0.59,0.2,0.65,0.67,0.63,0.61,0.62,0.62,0.53,0.7,0.58,0.71,0.18,0.15,0.14,0.12,0.61,0.58,ST,ATT,6
Thiago Perugini,ST,Argentina,0.6,0.73,0.61,0.49,0.58,0.21,0.52,0.72,0.73,0.66,0.68,0.52,0.5,0.56,0.57,0.68,0.22,0.18,0.13,0.13,0.6,0.61,ST,ATT,5
Tailson,RW,Brazil,0.6,0.71,0.51,0.57,0.64,0.25,0.45,0.7,0.72,0.7,0.72,0.62,0.49,0.42,0.59,0.39,0.25,0.25,0.25,0.2,0.38,0.52,RW,ATT,0
August Priske,ST,Denmark,0.6,0.71,0.57,0.52,0.58,0.28,0.68,0.69,0.72,0.54,0.54,0.61,0.53,0.71,0.66,0.73,0.19,0.16,0.25,0.35,0.6,0.56,ST,ATT,5
Eduard Probst,ST,Germany,0.6,0.8,0.61,0.46,0.54,0.17,0.65,0.81,0.79,0.6,0.56,0.56,0.55,0.72,0.58,0.76,0.13,0.13,0.12,0.16,0.54,0.65,ST,ATT,5
Joe Quigley,ST,Republic of Ireland,0.6,0.59,0.6,0.46,0.55,0.33,0.73,0.55,0.62,0.47,0.44,0.58,0.58,0.81,0.61,0.75,0.33,0.24,0.3,0.28,0.62,0.64,ST,ATT,1
Lewis Richardson,ST,England,0.6,0.66,0.6,0.47,0.63,0.26,0.53,0.69,0.63,0.65,0.71,0.64,0.54,0.56,0.61,0.65,0.23,0.18,0.26,0.19,0.6,0.61,ST,ATT,5
Armando Rivas,ST,Venezuela,0.6,0.74,0.62,0.38,0.62,0.24,0.48,0.75,0.73,0.73,0.81,0.6,0.55,0.44,0.66,0.58,0.15,0.22,0.23,0.2,0.6,0.65,ST,ATT,0
Roh Kyung Ho,ST,Korea Republic,0.6,0.67,0.59,0.57,0.65,0.48,0.52,0.62,0.71,0.72,0.67,0.6,0.68,0.46,0.69,0.43,0.53,0.43,0.44,0.53,0.44,0.64,ST,ATT,2
Lachlan Rose,ST,Australia,0.6,0.81,0.58,0.53,0.6,0.45,0.66,0.83,0.8,0.81,0.72,0.57,0.61,0.63,0.75,0.75,0.45,0.42,0.4,0.48,0.56,0.6,ST,ATT,2
Filip Rózga,RW,Poland,0.6,0.8,0.44,0.53,0.65,0.25,0.54,0.81,0.8,0.77,0.48,0.64,0.42,0.53,0.52,0.53,0.25,0.24,0.3,0.16,0.32,0.4,RW,ATT,0
Kevin Sánchez,ST,Spain,0.6,0.6,0.63,0.47,0.6,0.23,0.52,0.62,0.58,0.6,0.64,0.55,0.61,0.54,0.58,0.61,0.21,0.21,0.18,0.14,0.62,0.58,ST,ATT,6
Tom Sanne,ST,Germany,0.6,0.69,0.62,0.5,0.64,0.2,0.54,0.7,0.68,0.77,0.84,0.63,0.5,0.58,0.55,0.61,0.18,0.2,0.13,0.17,0.54,0.6,ST,ATT,5
Jean Franco Sarmiento,ST,Colombia,0.6,0.71,0.58,0.45,0.62,0.23,0.53,0.73,0.7,0.77,0.53,0.6,0.55,0.58,0.52,0.67,0.24,0.2,0.16,0.16,0.58,0.61,ST,ATT,5
Maximilian Schmid,ST,Germany,0.6,0.64,0.62,0.49,0.6,0.26,0.53,0.66,0.63,0.65,0.55,0.62,0.54,0.56,0.54,0.64,0.27,0.15,0.22,0.18,0.61,0.63,ST,ATT,6
Ismaël Séoné,ST,Burkina Faso,0.6,0.69,0.59,0.43,0.59,0.19,0.57,0.71,0.67,0.63,0.61,0.59,0.57,0.67,0.56,0.71,0.15,0.17,0.15,0.13,0.58,0.59,ST,ATT,6
Herman Sjögrell,RW,Sweden,0.6,0.76,0.58,0.52,0.62,0.3,0.55,0.75,0.76,0.79,0.83,0.57,0.52,0.55,0.58,0.54,0.3,0.3,0.28,0.3,0.4,0.62,RW,ATT,0
Tyger Smalls,RW,England,0.6,0.68,0.54,0.58,0.59,0.26,0.46,0.65,0.7,0.58,0.61,0.64,0.48,0.43,0.6,0.44,0.24,0.25,0.24,0.2,0.48,0.56,RW,ATT,0
Matty Smith,ST,Scotland,0.6,0.72,0.59,0.53,0.64,0.36,0.64,0.74,0.71,0.74,0.68,0.62,0.56,0.63,0.68,0.66,0.3,0.24,0.44,0.32,0.51,0.58,ST,ATT,5
Marin Soticek,RW,Croatia,0.6,0.75,0.64,0.46,0.58,0.24,0.47,0.75,0.75,0.68,0.61,0.55,0.5,0.56,0.4,0.56,0.24,0.22,0.2,0.21,0.43,0.66,RW,ATT,0
Ibrahima Sow,ST,Senegal,0.6,0.74,0.56,0.53,0.52,0.23,0.61,0.73,0.75,0.5,0.54,0.55,0.5,0.7,0.6,0.77,0.17,0.18,0.18,0.17,0.7,0.54,ST,ATT,6
Dominik Steczyk,ST,Poland,0.6,0.72,0.6,0.55,0.59,0.28,0.64,0.74,0.71,0.75,0.6,0.56,0.59,0.68,0.74,0.72,0.26,0.22,0.24,0.24,0.59,0.58,ST,ATT,5
Nikola Stojiljković,ST,Serbia,0.6,0.46,0.63,0.58,0.6,0.35,0.68,0.43,0.48,0.64,0.55,0.59,0.52,0.71,0.55,0.65,0.38,0.28,0.2,0.41,0.65,0.67,ST,ATT,1
Josh Stones,ST,England,0.6,0.7,0.59,0.45,0.59,0.36,0.69,0.72,0.69,0.68,0.67,0.6,0.54,0.72,0.63,0.76,0.4,0.3,0.3,0.3,0.6,0.61,ST,ATT,5
Fabio Torsiello,ST,Italy,0.6,0.65,0.61,0.43,0.63,0.24,0.49,0.61,0.68,0.67,0.69,0.62,0.56,0.49,0.51,0.54,0.21,0.13,0.25,0.18,0.55,0.64,ST,ATT,0
Patrick Wood,ST,Australia,0.6,0.77,0.58,0.51,0.56,0.29,0.67,0.76,0.78,0.53,0.71,0.58,0.56,0.7,0.61,0.74,0.27,0.26,0.24,0.29,0.56,0.59,ST,ATT,5
Xie Weijun,ST,China PR,0.6,0.75,0.57,0.48,0.57,0.24,0.65,0.77,0.73,0.62,0.42,0.55,0.6,0.74,0.7,0.8,0.18,0.11,0.33,0.1,0.6,0.6,ST,ATT,5
Darren Yapi,ST,United States,0.6,0.74,0.55,0.45,0.62,0.22,0.58,0.68,0.78,0.59,0.55,0.65,0.55,0.67,0.51,0.67,0.2,0.19,0.18,0.17,0.56,0.6,ST,ATT,5
Kenneth Aboh,ST,England,0.59,0.74,0.58,0.39,0.58,0.27,0.62,0.76,0.73,0.71,0.7,0.56,0.54,0.67,0.63,0.73,0.26,0.19,0.25,0.23,0.56,0.61,ST,ATT,5
James Akintunde,ST,England,0.59,0.7,0.59,0.49,0.6,0.33,0.69,0.71,0.7,0.7,0.73,0.59,0.49,0.71,0.71,0.69,0.29,0.28,0.33,0.33,0.5,0.62,ST,ATT,5
Raid Al Ghamdi,ST,Saudi Arabia,0.59,0.74,0.57,0.55,0.61,0.38,0.62,0.75,0.74,0.71,0.58,0.59,0.52,0.64,0.61,0.67,0.41,0.45,0.21,0.48,0.53,0.6,ST,ATT,2
Abdullah Al Meqran,ST,Saudi Arabia,0.59,0.68,0.56,0.57,0.64,0.34,0.6,0.67,0.68,0.68,0.76,0.65,0.57,0.65,0.64,0.66,0.34,0.21,0.36,0.27,0.57,0.53,ST,ATT,5
Chovanie Amatkarijo,LW,Holland,0.59,0.82,0.49,0.48,0.65,0.29,0.35,0.86,0.78,0.88,0.73,0.6,0.46,0.36,0.37,0.44,0.28,0.25,0.38,0.18,0.28,0.45,LW,ATT,0
Lee Angol,ST,England,0.59,0.75,0.57,0.55,0.6,0.3,0.63,0.73,0.76,0.68,0.7,0.58,0.55,0.72,0.55,0.75,0.23,0.24,0.3,0.3,0.58,0.63,ST,ATT,5
Jakub Antczak,LW,Poland,0.59,0.75,0.48,0.55,0.63,0.28,0.46,0.75,0.75,0.74,0.87,0.6,0.52,0.34,0.59,0.39,0.27,0.31,0.27,0.23,0.37,0.55,LW,ATT,0
Jeremy,ST,Spain,0.59,0.73,0.6,0.45,0.59,0.24,0.51,0.77,0.7,0.58,0.65,0.62,0.56,0.55,0.5,0.71,0.2,0.21,0.19,0.19,0.61,0.57,ST,ATT,5
Asqer Afrden,LW,China PR,0.59,0.86,0.51,0.43,0.65,0.25,0.65,0.88,0.85,0.82,0.72,0.58,0.61,0.63,0.81,0.69,0.25,0.23,0.23,0.21,0.45,0.57,LW,ATT,5
Edvin Austbø,LW,Norway,0.59,0.73,0.58,0.5,0.62,0.23,0.44,0.77,0.7,0.73,0.79,0.58,0.5,0.34,0.65,0.48,0.19,0.21,0.22,0.21,0.48,0.63,LW,ATT,0
Labinot Bajrami,ST,Switzerland,0.59,0.67,0.6,0.4,0.55,0.21,0.51,0.66,0.68,0.54,0.68,0.58,0.59,0.57,0.52,0.63,0.18,0.15,0.17,0.16,0.59,0.57,ST,ATT,6
Roméo Beney,ST,Switzerland,0.59,0.57,0.58,0.4,0.58,0.17,0.57,0.58,0.57,0.56,0.52,0.62,0.6,0.67,0.56,0.63,0.17,0.11,0.11,0.12,0.55,0.57,ST,ATT,6
Amin Boudri,LW,Sweden,0.59,0.65,0.54,0.53,0.63,0.35,0.56,0.62,0.68,0.73,0.72,0.62,0.55,0.56,0.56,0.54,0.36,0.35,0.27,0.38,0.48,0.54,LW,ATT,0
Nathan Butler-Oyedeji,ST,England,0.59,0.74,0.57,0.53,0.62,0.19,0.52,0.75,0.74,0.73,0.73,0.59,0.53,0.54,0.48,0.64,0.14,0.2,0.14,0.15,0.56,0.57,ST,ATT,0
Ramón Cansinos,ST,Argentina,0.59,0.73,0.61,0.43,0.59,0.24,0.47,0.72,0.73,0.68,0.77,0.6,0.55,0.45,0.58,0.58,0.21,0.19,0.18,0.21,0.57,0.62,ST,ATT,0
Conor Carty,ST,Republic of Ireland,0.59,0.68,0.58,0.51,0.58,0.23,0.56,0.69,0.67,0.66,0.6,0.57,0.56,0.62,0.51,0.63,0.22,0.22,0.17,0.19,0.53,0.61,ST,ATT,6
Daniel Chesters,RW,England,0.59,0.71,0.47,0.56,0.63,0.46,0.55,0.72,0.7,0.76,0.84,0.6,0.53,0.52,0.66,0.48,0.51,0.48,0.47,0.44,0.33,0.46,RW,ATT,2
Guilder Cuellar,LW,Bolivia,0.59,0.67,0.59,0.51,0.63,0.22,0.42,0.68,0.67,0.74,0.83,0.56,0.52,0.43,0.46,0.47,0.2,0.15,0.22,0.16,0.51,0.66,LW,ATT,0
Marcos Cuenca,ST,Spain,0.59,0.71,0.57,0.53,0.58,0.42,0.57,0.74,0.68,0.63,0.6,0.52,0.52,0.64,0.62,0.7,0.47,0.41,0.33,0.43,0.56,0.54,ST,ATT,2
Sam Dalby,ST,England,0.59,0.68,0.57,0.43,0.56,0.23,0.67,0.66,0.69,0.55,0.56,0.57,0.58,0.74,0.67,0.74,0.2,0.21,0.2,0.14,0.61,0.57,ST,ATT,6
Alfonso De Luca,RW,Uruguay,0.59,0.73,0.58,0.52,0.61,0.29,0.43,0.73,0.73,0.71,0.79,0.59,0.41,0.39,0.6,0.42,0.26,0.35,0.29,0.25,0.41,0.61,RW,ATT,0
Matthew Dennis,ST,England,0.59,0.85,0.56,0.45,0.6,0.39,0.66,0.83,0.87,0.74,0.75,0.57,0.54,0.73,0.59,0.8,0.41,0.32,0.38,0.33,0.55,0.56,ST,ATT,2
Tyler Dibling,RW,England,0.59,0.77,0.51,0.51,0.64,0.25,0.49,0.79,0.76,0.76,0.73,0.6,0.54,0.47,0.61,0.5,0.29,0.23,0.2,0.21,0.41,0.51,RW,ATT,0
Alan Do Marcolino,ST,Gabon,0.59,0.59,0.62,0.44,0.6,0.23,0.46,0.6,0.59,0.56,0.63,0.64,0.47,0.45,0.59,0.55,0.25,0.2,0.14,0.14,0.61,0.59,ST,ATT,6
Ognjen Drakulić,ST,Serbia,0.59,0.6,0.59,0.43,0.55,0.24,0.6,0.68,0.53,0.49,0.55,0.56,0.54,0.65,0.63,0.69,0.21,0.19,0.18,0.19,0.61,0.65,ST,ATT,6
Muhammadu Faal,ST,England,0.59,0.69,0.58,0.48,0.56,0.21,0.64,0.65,0.73,0.54,0.34,0.57,0.56,0.75,0.51,0.71,0.18,0.1,0.19,0.17,0.56,0.59,ST,ATT,6
Fang Hao,RW,China PR,0.59,0.62,0.58,0.55,0.61,0.4,0.55,0.6,0.63,0.71,0.78,0.6,0.56,0.49,0.62,0.46,0.46,0.44,0.32,0.4,0.46,0.58,RW,ATT,0
Feng Boyuan,ST,China PR,0.59,0.53,0.58,0.37,0.54,0.23,0.67,0.56,0.51,0.46,0.53,0.6,0.61,0.75,0.63,0.72,0.22,0.2,0.17,0.15,0.65,0.6,ST,ATT,6
Bryan Fiabema,ST,Norway,0.59,0.77,0.58,0.49,0.63,0.25,0.58,0.75,0.78,0.73,0.76,0.63,0.53,0.64,0.53,0.66,0.22,0.25,0.22,0.22,0.5,0.59,ST,ATT,5
Gao Di,ST,China PR,0.59,0.71,0.57,0.47,0.57,0.44,0.67,0.69,0.72,0.65,0.67,0.54,0.63,0.71,0.65,0.73,0.42,0.38,0.42,0.44,0.6,0.61,ST,ATT,2
Jordan Gele,ST,France,0.59,0.58,0.58,0.44,0.51,0.26,0.7,0.57,0.59,0.52,0.48,0.52,0.52,0.75,0.65,0.79,0.24,0.18,0.2,0.19,0.75,0.65,ST,ATT,6
Thomas Geris,ST,Austria,0.59,0.6,0.59,0.48,0.61,0.25,0.48,0.61,0.6,0.64,0.76,0.61,0.61,0.49,0.59,0.54,0.17,0.18,0.23,0.26,0.58,0.53,ST,ATT,6
Archie Goodwin,ST,Australia,0.59,0.71,0.59,0.47,0.59,0.31,0.57,0.76,0.67,0.72,0.71,0.57,0.58,0.59,0.53,0.66,0.32,0.26,0.26,0.27,0.54,0.58,ST,ATT,5
John-Kymani Gordon,ST,England,0.59,0.76,0.57,0.44,0.6,0.27,0.59,0.76,0.76,0.7,0.73,0.59,0.54,0.66,0.59,0.7,0.26,0.21,0.22,0.24,0.54,0.56,ST,ATT,5
Narek Grigoryan,RW,Armenia,0.59,0.68,0.54,0.57,0.63,0.37,0.55,0.71,0.66,0.68,0.64,0.66,0.5,0.58,0.7,0.52,0.37,0.28,0.39,0.39,0.35,0.58,RW,ATT,0
Ha Seung Un,LW,Korea Republic,0.59,0.76,0.61,0.42,0.62,0.22,0.6,0.73,0.78,0.75,0.73,0.55,0.58,0.63,0.69,0.69,0.16,0.15,0.25,0.15,0.55,0.67,LW,ATT,5
Albert Hofman,ST,Romania,0.59,0.74,0.6,0.55,0.64,0.27,0.57,0.77,0.71,0.75,0.72,0.62,0.59,0.63,0.64,0.59,0.22,0.21,0.28,0.31,0.38,0.63,ST,ATT,5
Hallam Hope,ST,Barbados,0.59,0.72,0.57,0.54,0.6,0.3,0.59,0.71,0.72,0.6,0.71,0.58,0.57,0.61,0.66,0.65,0.29,0.25,0.27,0.24,0.54,0.6,ST,ATT,5
Tom Hopper,ST,England,0.59,0.55,0.56,0.5,0.58,0.34,0.7,0.53,0.57,0.63,0.64,0.59,0.6,0.79,0.57,0.72,0.41,0.43,0.26,0.17,0.62,0.57,ST,ATT,1
Mikkel Hyllegaard,ST,Denmark,0.59,0.9,0.58,0.45,0.58,0.21,0.51,0.92,0.89,0.62,0.74,0.59,0.5,0.53,0.57,0.71,0.18,0.16,0.21,0.12,0.55,0.55,ST,ATT,5
Frederik Ihler,ST,Denmark,0.59,0.79,0.58,0.5,0.6,0.34,0.65,0.78,0.79,0.61,0.79,0.6,0.46,0.66,0.62,0.74,0.39,0.35,0.29,0.2,0.58,0.59,ST,ATT,5
Douglas James-Taylor,ST,England,0.59,0.83,0.55,0.46,0.59,0.28,0.66,0.77,0.87,0.73,0.65,0.58,0.55,0.68,0.67,0.8,0.3,0.23,0.24,0.22,0.54,0.57,ST,ATT,5
Camil Jebara,LW,Sweden,0.59,0.73,0.56,0.5,0.61,0.23,0.55,0.72,0.74,0.79,0.72,0.6,0.4,0.56,0.7,0.54,0.25,0.22,0.16,0.23,0.41,0.61,LW,ATT,0
Simon Johansson,RW,Sweden,0.59,0.65,0.62,0.56,0.59,0.3,0.58,0.7,0.6,0.61,0.56,0.61,0.51,0.7,0.51,0.62,0.33,0.29,0.24,0.25,0.47,0.71,RW,ATT,5
Luka Jovanović,ST,Australia,0.59,0.75,0.58,0.5,0.61,0.32,0.66,0.82,0.7,0.8,0.71,0.58,0.57,0.69,0.62,0.7,0.3,0.27,0.32,0.28,0.49,0.6,ST,ATT,5
Stipe Jurić,ST,Bosnia and Herzegovina,0.59,0.56,0.6,0.41,0.53,0.22,0.62,0.58,0.54,0.52,0.57,0.56,0.59,0.71,0.6,0.71,0.19,0.12,0.15,0.21,0.64,0.65,ST,ATT,6
Makenzie Kirk,ST,Northern Ireland,0.59,0.73,0.59,0.46,0.59,0.23,0.59,0.71,0.74,0.69,0.68,0.56,0.57,0.63,0.61,0.65,0.24,0.17,0.2,0.15,0.52,0.59,ST,ATT,5
Louis Köster,LW,Germany,0.59,0.68,0.46,0.55,0.63,0.56,0.68,0.68,0.68,0.64,0.58,0.64,0.59,0.74,0.63,0.74,0.57,0.57,0.54,0.56,0.6,0.54,LW,ATT,2
Dion Krasniqi,ST,Kosovo,0.59,0.75,0.57,0.45,0.58,0.22,0.65,0.75,0.75,0.62,0.62,0.58,0.59,0.73,0.54,0.75,0.21,0.2,0.17,0.16,0.56,0.57,ST,ATT,5
Jaiden Kucharski,ST,Australia,0.59,0.76,0.59,0.48,0.61,0.34,0.59,0.83,0.71,0.73,0.85,0.57,0.57,0.55,0.65,0.68,0.32,0.32,0.26,0.4,0.54,0.54,ST,ATT,0
Loïck Lespinasse,ST,France,0.59,0.74,0.56,0.52,0.6,0.34,0.61,0.77,0.72,0.7,0.61,0.61,0.57,0.7,0.55,0.74,0.32,0.37,0.28,0.34,0.57,0.55,ST,ATT,5
Calixte Paul Ligue,ST,Switzerland,0.59,0.72,0.56,0.46,0.6,0.26,0.63,0.7,0.74,0.65,0.65,0.59,0.55,0.68,0.63,0.68,0.28,0.25,0.17,0.21,0.55,0.57,ST,ATT,5
Tommy Lonergan,ST,Republic of Ireland,0.59,0.66,0.58,0.46,0.58,0.21,0.57,0.67,0.65,0.65,0.63,0.57,0.57,0.62,0.6,0.63,0.16,0.19,0.19,0.15,0.54,0.6,ST,ATT,6
Josna Loulendo,ST,Congo,0.59,0.69,0.57,0.38,0.58,0.17,0.49,0.69,0.69,0.58,0.62,0.57,0.64,0.53,0.53,0.57,0.1,0.16,0.14,0.14,0.54,0.6,ST,ATT,6
Montader Madjed,RW,Iraq,0.59,0.75,0.52,0.48,0.68,0.23,0.45,0.76,0.75,0.85,0.83,0.65,0.45,0.53,0.33,0.49,0.22,0.17,0.25,0.24,0.26,0.52,RW,ATT,0
Louie Marsh,ST,England,0.59,0.67,0.58,0.52,0.62,0.42,0.43,0.69,0.65,0.53,0.76,0.62,0.59,0.41,0.42,0.48,0.42,0.34,0.45,0.34,0.54,0.6,ST,ATT,0
John Martin,ST,Republic of Ireland,0.59,0.61,0.58,0.54,0.58,0.39,0.65,0.56,0.65,0.62,0.54,0.57,0.51,0.64,0.74,0.62,0.36,0.34,0.36,0.4,0.57,0.6,ST,ATT,1
Evans Maurin,ST,France,0.59,0.69,0.6,0.51,0.63,0.19,0.55,0.69,0.69,0.68,0.65,0.61,0.5,0.58,0.6,0.6,0.17,0.16,0.12,0.17,0.52,0.59,ST,ATT,5
Tony Menzel,RW,Germany,0.59,0.71,0.47,0.54,0.63,0.31,0.52,0.69,0.72,0.67,0.66,0.62,0.48,0.59,0.54,0.51,0.3,0.29,0.32,0.29,0.38,0.48,RW,ATT,0
Noah Nadje,ST,France,0.59,0.54,0.61,0.46,0.59,0.25,0.48,0.51,0.56,0.53,0.58,0.59,0.56,0.58,0.37,0.6,0.21,0.23,0.23,0.19,0.61,0.6,ST,ATT,6
Troy Engseth Nyhammer,ST,Norway,0.59,0.6,0.58,0.52,0.59,0.25,0.56,0.61,0.59,0.6,0.58,0.6,0.59,0.59,0.57,0.61,0.25,0.21,0.22,0.13,0.57,0.59,ST,ATT,6
Tani Oluwaseyi,ST,Nigeria,0.59,0.76,0.61,0.43,0.58,0.29,0.6,0.72,0.8,0.74,0.58,0.55,0.5,0.6,0.61,0.69,0.29,0.26,0.26,0.2,0.59,0.61,ST,ATT,5
Patryk Paryzek,ST,Poland,0.59,0.53,0.6,0.54,0.61,0.45,0.44,0.51,0.54,0.57,0.68,0.64,0.56,0.49,0.32,0.54,0.55,0.53,0.36,0.28,0.66,0.55,ST,ATT,0
Gonzalo Petit,ST,Uruguay,0.59,0.54,0.61,0.43,0.57,0.26,0.57,0.53,0.55,0.54,0.58,0.6,0.54,0.67,0.54,0.66,0.22,0.2,0.22,0.23,0.65,0.6,ST,ATT,6
Jing Reec,ST,Australia,0.59,0.82,0.58,0.47,0.57,0.32,0.6,0.84,0.8,0.58,0.51,0.54,0.52,0.64,0.54,0.72,0.33,0.29,0.27,0.31,0.52,0.62,ST,ATT,5
Zach Robinson,ST,England,0.59,0.71,0.57,0.47,0.6,0.26,0.59,0.7,0.71,0.66,0.52,0.6,0.57,0.62,0.58,0.63,0.18,0.11,0.34,0.18,0.53,0.59,ST,ATT,5
Braudilio Rodrigues,LW,Guinea-Bissau,0.59,0.73,0.61,0.46,0.63,0.23,0.42,0.72,0.73,0.74,0.73,0.6,0.51,0.39,0.58,0.49,0.21,0.19,0.19,0.21,0.5,0.63,LW,ATT,0
Harvey Saunders,ST,England,0.59,0.88,0.56,0.46,0.59,0.22,0.56,0.91,0.86,0.69,0.66,0.57,0.59,0.54,0.69,0.64,0.22,0.17,0.2,0.15,0.47,0.57,ST,ATT,5
Adrian Segecic,RW,Australia,0.59,0.76,0.51,0.51,0.65,0.34,0.46,0.75,0.76,0.66,0.87,0.63,0.54,0.43,0.45,0.41,0.3,0.36,0.37,0.36,0.31,0.5,RW,ATT,0
Alejandro Severo,RW,Uruguay,0.59,0.7,0.56,0.55,0.62,0.44,0.57,0.7,0.7,0.68,0.67,0.5,0.5,0.58,0.55,0.6,0.45,0.44,0.44,0.4,0.5,0.61,RW,ATT,2
Shin Sang Eun,RW,Korea Republic,0.59,0.8,0.5,0.51,0.6,0.22,0.63,0.79,0.8,0.74,0.6,0.56,0.58,0.74,0.62,0.75,0.14,0.12,0.24,0.2,0.53,0.49,RW,ATT,5
Henrik Skogvold,ST,Norway,0.59,0.76,0.58,0.52,0.63,0.37,0.53,0.74,0.78,0.81,0.76,0.6,0.56,0.55,0.58,0.6,0.35,0.35,0.34,0.38,0.49,0.58,ST,ATT,0
Fábio Jaló,ST,Portugal,0.59,0.77,0.57,0.47,0.61,0.25,0.5,0.81,0.73,0.77,0.74,0.59,0.6,0.5,0.53,0.64,0.24,0.21,0.25,0.12,0.53,0.58,ST,ATT,0
Tan Kaiyuan,ST,China PR,0.59,0.7,0.56,0.55,0.62,0.39,0.63,0.73,0.68,0.73,0.66,0.62,0.57,0.66,0.63,0.67,0.35,0.31,0.4,0.42,0.51,0.57,ST,ATT,2
Răzvan Tănasă,LW,Romania,0.59,0.76,0.5,0.58,0.61,0.37,0.5,0.74,0.77,0.72,0.58,0.6,0.52,0.52,0.59,0.51,0.38,0.32,0.38,0.35,0.41,0.58,LW,ATT,0
Jon Taylor,RW,England,0.59,0.72,0.55,0.54,0.62,0.27,0.37,0.74,0.7,0.81,0.78,0.57,0.54,0.32,0.32,0.39,0.25,0.2,0.25,0.28,0.39,0.59,RW,ATT,0
Samuele Vignato,ST,Italy,0.59,0.68,0.59,0.6,0.74,0.34,0.4,0.72,0.64,0.86,0.89,0.72,0.66,0.31,0.6,0.37,0.3,0.34,0.38,0.33,0.36,0.56,ST,ATT,7
Jules-Anthony Vilsaint,ST,Canada,0.59,0.7,0.6,0.45,0.56,0.26,0.56,0.62,0.76,0.58,0.49,0.58,0.4,0.69,0.34,0.68,0.24,0.22,0.2,0.23,0.6,0.7,ST,ATT,6
Kacper Welniak,ST,Poland,0.59,0.65,0.6,0.55,0.59,0.3,0.66,0.66,0.64,0.65,0.65,0.59,0.45,0.72,0.62,0.63,0.11,0.18,0.4,0.4,0.45,0.6,ST,ATT,5
Dylan Wenzel-Halls,ST,Australia,0.59,0.8,0.59,0.51,0.63,0.24,0.62,0.78,0.82,0.81,0.7,0.6,0.47,0.62,0.64,0.68,0.15,0.13,0.28,0.23,0.5,0.61,ST,ATT,5
Donovan Wilson,ST,England,0.59,0.76,0.57,0.46,0.57,0.22,0.66,0.75,0.76,0.73,0.65,0.55,0.52,0.75,0.71,0.76,0.2,0.14,0.18,0.16,0.56,0.61,ST,ATT,5
Mohammed Yasir,RW,India,0.59,0.75,0.52,0.55,0.61,0.35,0.58,0.78,0.73,0.76,0.76,0.59,0.48,0.59,0.62,0.58,0.32,0.31,0.34,0.4,0.42,0.49,RW,ATT,0
Nikodem Zielonka,LW,Poland,0.59,0.73,0.53,0.51,0.64,0.25,0.51,0.74,0.72,0.69,0.61,0.58,0.48,0.58,0.54,0.51,0.25,0.25,0.25,0.23,0.28,0.5,LW,ATT,0
Jabir Abdihakim Ali,ST,Sweden,0.58,0.53,0.55,0.4,0.54,0.23,0.7,0.5,0.56,0.52,0.35,0.57,0.5,0.85,0.51,0.77,0.16,0.17,0.17,0.2,0.7,0.55,ST,ATT,6
Levi Amantchi,ST,England,0.58,0.73,0.57,0.38,0.49,0.29,0.71,0.66,0.78,0.42,0.45,0.49,0.52,0.83,0.6,0.64,0.25,0.19,0.31,0.22,0.54,0.67,ST,ATT,6
Luca Andronache,ST,Romania,0.58,0.7,0.55,0.52,0.62,0.31,0.53,0.7,0.7,0.75,0.55,0.59,0.56,0.58,0.56,0.57,0.29,0.27,0.33,0.22,0.49,0.55,ST,ATT,0
Keny Arroyo,LW,Ecuador,0.58,0.7,0.59,0.52,0.59,0.3,0.52,0.72,0.69,0.65,0.66,0.55,0.56,0.56,0.55,0.52,0.31,0.36,0.26,0.3,0.36,0.7,LW,ATT,0
Cian Ashford,ST,Wales,0.58,0.75,0.58,0.42,0.59,0.26,0.54,0.76,0.74,0.74,0.75,0.55,0.53,0.54,0.62,0.63,0.25,0.19,0.23,0.2,0.54,0.6,ST,ATT,0
Alex Badolato,ST,Australia,0.58,0.69,0.55,0.5,0.64,0.42,0.61,0.72,0.66,0.72,0.74,0.65,0.52,0.62,0.6,0.65,0.45,0.42,0.39,0.4,0.5,0.55,ST,ATT,2
Alfie Bavidge,ST,Scotland,0.58,0.72,0.59,0.44,0.54,0.19,0.49,0.73,0.71,0.66,0.66,0.51,0.56,0.5,0.53,0.59,0.2,0.15,0.12,0.14,0.54,0.62,ST,ATT,6
Luke Brennan,LW,United States,0.58,0.63,0.51,0.53,0.65,0.48,0.58,0.63,0.63,0.55,0.67,0.67,0.51,0.6,0.55,0.56,0.56,0.55,0.4,0.45,0.47,0.47,LW,ATT,2
Max Caputo,ST,Australia,0.58,0.69,0.55,0.49,0.55,0.3,0.63,0.67,0.71,0.66,0.68,0.53,0.52,0.7,0.56,0.67,0.3,0.24,0.25,0.28,0.55,0.57,ST,ATT,6
Adi Chică-Roșă,ST,Romania,0.58,0.62,0.58,0.36,0.53,0.23,0.58,0.6,0.63,0.48,0.56,0.59,0.52,0.67,0.58,0.69,0.18,0.19,0.19,0.18,0.65,0.58,ST,ATT,6
Guilherme Zimovski,RW,Brazil,0.58,0.65,0.57,0.52,0.61,0.34,0.54,0.62,0.68,0.64,0.7,0.6,0.45,0.61,0.6,0.56,0.45,0.4,0.23,0.25,0.45,0.57,RW,ATT,0
Albert Iustin Doicaru,RW,Romania,0.58,0.72,0.59,0.51,0.59,0.32,0.56,0.7,0.74,0.73,0.68,0.56,0.55,0.6,0.58,0.66,0.25,0.24,0.35,0.3,0.58,0.65,RW,ATT,5
Furkan Dursun,ST,Austria,0.58,0.67,0.56,0.42,0.58,0.24,0.64,0.65,0.69,0.62,0.55,0.58,0.53,0.7,0.61,0.71,0.18,0.12,0.21,0.22,0.65,0.56,ST,ATT,6
Andrei Florescu,LW,Romania,0.58,0.8,0.45,0.53,0.61,0.34,0.63,0.79,0.8,0.74,0.52,0.6,0.53,0.6,0.65,0.59,0.4,0.35,0.29,0.32,0.37,0.55,LW,ATT,0
Justin Forst,ST,Austria,0.58,0.64,0.56,0.43,0.58,0.18,0.61,0.63,0.65,0.75,0.66,0.57,0.57,0.66,0.66,0.66,0.1,0.18,0.18,0.1,0.58,0.58,ST,ATT,6
Juan Carlos Gonzáles,LW,Peru,0.58,0.69,0.53,0.5,0.59,0.22,0.36,0.7,0.68,0.69,0.84,0.56,0.58,0.36,0.44,0.37,0.27,0.22,0.16,0.14,0.41,0.5,LW,ATT,0
Jamie Gullan,ST,Scotland,0.58,0.71,0.58,0.5,0.56,0.23,0.63,0.73,0.7,0.59,0.64,0.56,0.51,0.64,0.7,0.67,0.16,0.13,0.23,0.25,0.54,0.61,ST,ATT,5
Teodor Berg Haltvik,RW,Norway,0.58,0.64,0.55,0.53,0.61,0.2,0.58,0.67,0.61,0.64,0.69,0.61,0.55,0.63,0.6,0.62,0.13,0.14,0.2,0.16,0.5,0.56,RW,ATT,6
Emil Højlund,ST,Denmark,0.58,0.61,0.57,0.48,0.58,0.28,0.63,0.65,0.57,0.58,0.64,0.59,0.53,0.7,0.58,0.7,0.24,0.24,0.25,0.24,0.6,0.55,ST,ATT,6
Nicolás Johansen,ST,Argentina,0.58,0.61,0.61,0.43,0.6,0.2,0.55,0.62,0.6,0.62,0.59,0.6,0.48,0.64,0.59,0.67,0.15,0.1,0.18,0.16,0.6,0.57,ST,ATT,6
Sankara Karamoko,ST,Côte d'Ivoire,0.58,0.87,0.57,0.38,0.51,0.19,0.46,0.84,0.89,0.57,0.71,0.55,0.57,0.47,0.52,0.67,0.16,0.15,0.15,0.11,0.61,0.53,ST,ATT,0
Tino Kaufmann,RW,Germany,0.58,0.69,0.56,0.52,0.6,0.25,0.42,0.69,0.69,0.68,0.74,0.58,0.48,0.45,0.45,0.42,0.27,0.26,0.19,0.22,0.37,0.66,RW,ATT,0
Kim Seung Sub,LW,Korea Republic,0.58,0.81,0.54,0.51,0.6,0.26,0.6,0.8,0.82,0.62,0.69,0.58,0.53,0.61,0.58,0.59,0.28,0.25,0.24,0.21,0.35,0.55,LW,ATT,0
Kong Min Hyeon,ST,Korea Republic,0.58,0.61,0.57,0.47,0.58,0.2,0.54,0.6,0.62,0.58,0.53,0.57,0.61,0.55,0.56,0.6,0.12,0.18,0.12,0.27,0.57,0.56,ST,ATT,6
Ayouba Kosiah,ST,Holland,0.58,0.41,0.57,0.43,0.54,0.27,0.62,0.38,0.43,0.47,0.51,0.58,0.55,0.66,0.61,0.66,0.24,0.19,0.24,0.17,0.71,0.61,ST,ATT,6
Zak Lovelace,ST,England,0.58,0.87,0.57,0.47,0.6,0.25,0.5,0.89,0.86,0.79,0.68,0.55,0.52,0.58,0.37,0.62,0.24,0.12,0.28,0.21,0.41,0.63,ST,ATT,0
Junior Luamba,ST,Congo DR,0.58,0.79,0.54,0.44,0.6,0.29,0.6,0.75,0.82,0.72,0.66,0.58,0.5,0.69,0.55,0.72,0.34,0.3,0.24,0.16,0.56,0.53,ST,ATT,5
Jarzinho Malanga,RW,Germany,0.58,0.7,0.54,0.52,0.59,0.26,0.56,0.72,0.69,0.65,0.72,0.57,0.55,0.64,0.55,0.57,0.27,0.29,0.23,0.2,0.4,0.56,RW,ATT,0
Abdoulie Manneh,ST,Gambia,0.58,0.72,0.55,0.43,0.57,0.21,0.63,0.73,0.71,0.64,0.67,0.57,0.53,0.66,0.62,0.71,0.17,0.16,0.17,0.15,0.58,0.54,ST,ATT,6
Jerry Mawihmingthanga,RW,India,0.58,0.8,0.49,0.54,0.61,0.27,0.51,0.85,0.75,0.83,0.85,0.58,0.46,0.48,0.6,0.53,0.28,0.23,0.25,0.26,0.39,0.51,RW,ATT,0
Jaly Mouaddib,RW,France,0.58,0.68,0.5,0.57,0.62,0.46,0.55,0.65,0.7,0.74,0.72,0.6,0.53,0.54,0.7,0.47,0.55,0.46,0.37,0.48,0.43,0.52,RW,ATT,2
Beltran Mvuka,LW,Norway,0.58,0.79,0.5,0.53,0.58,0.23,0.45,0.8,0.78,0.61,0.78,0.58,0.53,0.49,0.44,0.56,0.17,0.17,0.25,0.21,0.46,0.56,LW,ATT,0
Kelly N'Mai,LW,Holland,0.58,0.9,0.5,0.49,0.6,0.29,0.38,0.9,0.9,0.86,0.9,0.54,0.48,0.33,0.53,0.44,0.32,0.28,0.25,0.31,0.31,0.54,LW,ATT,0
Rudolf Ndualu,RW,Germany,0.58,0.85,0.52,0.51,0.61,0.29,0.67,0.82,0.87,0.71,0.68,0.6,0.43,0.72,0.72,0.68,0.31,0.3,0.26,0.25,0.42,0.61,RW,ATT,5
Josh O'Connor,ST,Scotland,0.58,0.72,0.57,0.43,0.61,0.25,0.57,0.75,0.7,0.72,0.69,0.59,0.56,0.57,0.51,0.66,0.24,0.19,0.17,0.27,0.55,0.6,ST,ATT,5
Justin Obikwu,ST,Trinidad and Tobago,0.58,0.83,0.55,0.4,0.55,0.28,0.7,0.82,0.84,0.57,0.5,0.57,0.56,0.77,0.59,0.8,0.31,0.27,0.16,0.27,0.54,0.54,ST,ATT,5
Olufela Olomola,ST,England,0.58,0.74,0.55,0.45,0.57,0.25,0.73,0.72,0.76,0.61,0.82,0.57,0.52,0.75,0.68,0.75,0.24,0.24,0.19,0.2,0.58,0.55,ST,ATT,5
Tiemoko Ouattara,LW,Switzerland,0.58,0.66,0.5,0.5,0.61,0.23,0.46,0.68,0.64,0.6,0.68,0.62,0.45,0.48,0.47,0.43,0.25,0.25,0.17,0.21,0.39,0.47,LW,ATT,0
Abdoul Kader Ouattara,ST,Burkina Faso,0.58,0.71,0.59,0.42,0.54,0.17,0.48,0.74,0.68,0.51,0.69,0.58,0.57,0.48,0.58,0.57,0.11,0.16,0.13,0.12,0.54,0.58,ST,ATT,6
Diego Píriz,ST,Uruguay,0.58,0.53,0.63,0.4,0.51,0.25,0.6,0.52,0.54,0.67,0.46,0.53,0.48,0.71,0.6,0.69,0.23,0.25,0.17,0.18,0.65,0.52,ST,ATT,6
Filip Piszczek,ST,Poland,0.58,0.7,0.54,0.49,0.54,0.27,0.68,0.74,0.67,0.43,0.48,0.55,0.56,0.78,0.63,0.81,0.14,0.15,0.3,0.29,0.6,0.55,ST,ATT,6
Rekeil Pyke,ST,England,0.58,0.75,0.55,0.45,0.61,0.43,0.64,0.74,0.75,0.78,0.81,0.6,0.57,0.66,0.56,0.7,0.45,0.37,0.41,0.4,0.55,0.57,ST,ATT,2
Mihnea Rădulescu,RW,Romania,0.58,0.78,0.54,0.52,0.6,0.22,0.55,0.76,0.79,0.68,0.69,0.6,0.41,0.59,0.6,0.55,0.21,0.18,0.22,0.18,0.34,0.62,RW,ATT,0
Florian Schmid,ST,Germany,0.58,0.64,0.56,0.39,0.52,0.26,0.66,0.62,0.66,0.55,0.51,0.51,0.56,0.68,0.62,0.69,0.2,0.24,0.24,0.2,0.64,0.6,ST,ATT,6
Cedwyn Scott,ST,England,0.58,0.72,0.57,0.49,0.6,0.24,0.61,0.73,0.71,0.76,0.75,0.58,0.6,0.61,0.66,0.65,0.22,0.15,0.2,0.25,0.52,0.57,ST,ATT,5
Kacper Śmiglewski,ST,Poland,0.58,0.5,0.57,0.46,0.57,0.23,0.65,0.49,0.51,0.57,0.66,0.55,0.62,0.73,0.53,0.64,0.19,0.2,0.18,0.22,0.57,0.61,ST,ATT,6
Jordy Soladio,ST,Belgium,0.58,0.64,0.58,0.52,0.62,0.18,0.49,0.67,0.62,0.53,0.72,0.63,0.58,0.43,0.57,0.47,0.11,0.18,0.15,0.17,0.53,0.53,ST,ATT,6
Jack Stretton,ST,Scotland,0.58,0.66,0.58,0.43,0.56,0.25,0.54,0.65,0.66,0.57,0.67,0.56,0.56,0.6,0.55,0.64,0.18,0.14,0.25,0.23,0.57,0.59,ST,ATT,6
Jakub Sypek,LW,Poland,0.58,0.74,0.5,0.53,0.61,0.44,0.55,0.76,0.73,0.75,0.61,0.56,0.51,0.56,0.55,0.62,0.47,0.44,0.42,0.39,0.49,0.59,LW,ATT,2
Matei Tănasă,LW,Romania,0.58,0.76,0.5,0.57,0.6,0.28,0.49,0.76,0.76,0.8,0.64,0.59,0.48,0.48,0.55,0.47,0.29,0.25,0.28,0.27,0.31,0.55,LW,ATT,0
Darrell Kamdem Tibell,ST,Sweden,0.58,0.77,0.56,0.43,0.56,0.19,0.59,0.78,0.77,0.68,0.63,0.54,0.52,0.74,0.49,0.74,0.18,0.2,0.14,0.12,0.5,0.59,ST,ATT,5
Musa Toure,ST,Australia,0.58,0.84,0.58,0.46,0.6,0.31,0.58,0.86,0.82,0.79,0.7,0.56,0.54,0.7,0.32,0.71,0.31,0.27,0.32,0.25,0.45,0.65,ST,ATT,0
Diego van Oorschot,ST,Holland,0.58,0.74,0.6,0.49,0.62,0.28,0.39,0.76,0.73,0.77,0.78,0.59,0.54,0.37,0.36,0.52,0.28,0.24,0.24,0.25,0.54,0.62,ST,ATT,0
Jayson Videira,ST,Luxembourg,0.58,0.71,0.57,0.45,0.56,0.19,0.57,0.67,0.74,0.54,0.59,0.56,0.54,0.62,0.5,0.62,0.18,0.16,0.12,0.14,0.54,0.65,ST,ATT,6
Wilson Waweru,ST,Republic of Ireland,0.58,0.71,0.58,0.46,0.54,0.28,0.63,0.7,0.72,0.65,0.54,0.55,0.51,0.72,0.64,0.74,0.35,0.33,0.17,0.13,0.61,0.58,ST,ATT,5
Colm Whelan,ST,Republic of Ireland,0.58,0.67,0.59,0.47,0.57,0.34,0.6,0.66,0.67,0.69,0.68,0.51,0.55,0.7,0.49,0.68,0.32,0.25,0.32,0.33,0.57,0.58,ST,ATT,5
Yin Congyao,ST,China PR,0.58,0.7,0.54,0.53,0.59,0.39,0.61,0.68,0.72,0.61,0.67,0.58,0.51,0.72,0.57,0.59,0.36,0.43,0.44,0.3,0.42,0.61,ST,ATT,2
Besfort Zeneli,LW,Sweden,0.58,0.7,0.52,0.53,0.62,0.22,0.41,0.72,0.68,0.76,0.73,0.61,0.51,0.4,0.36,0.39,0.21,0.2,0.2,0.21,0.34,0.56,LW,ATT,0
Stephen Afrifa,ST,Canada,0.57,0.73,0.58,0.4,0.58,0.18,0.51,0.74,0.72,0.52,0.68,0.58,0.47,0.56,0.57,0.6,0.16,0.1,0.17,0.11,0.49,0.63,ST,ATT,6
Jeremy Agbonifo,LW,Sweden,0.57,0.71,0.53,0.54,0.58,0.26,0.57,0.7,0.71,0.63,0.71,0.58,0.52,0.6,0.59,0.54,0.21,0.22,0.24,0.31,0.43,0.59,LW,ATT,0
Yannick Agnero,ST,Côte d'Ivoire,0.57,0.72,0.54,0.45,0.61,0.19,0.52,0.73,0.71,0.66,0.76,0.6,0.56,0.55,0.59,0.59,0.16,0.17,0.12,0.18,0.48,0.53,ST,ATT,0
Hisham Al Dubais,ST,Saudi Arabia,0.57,0.69,0.56,0.43,0.55,0.22,0.55,0.68,0.69,0.58,0.63,0.55,0.56,0.57,0.6,0.62,0.19,0.16,0.17,0.2,0.56,0.56,ST,ATT,6
Meshari Al Nemer,ST,Saudi Arabia,0.57,0.71,0.52,0.39,0.54,0.2,0.58,0.7,0.71,0.63,0.72,0.54,0.52,0.61,0.58,0.7,0.13,0.1,0.16,0.19,0.66,0.53,ST,ATT,6
Samuel Anini Jr,LW,Finland,0.57,0.76,0.51,0.51,0.6,0.27,0.44,0.78,0.75,0.84,0.82,0.58,0.5,0.42,0.54,0.42,0.29,0.28,0.29,0.19,0.31,0.56,LW,ATT,0
Charles Yaw Appiah,RW,Ghana,0.57,0.72,0.5,0.5,0.62,0.25,0.47,0.73,0.71,0.77,0.85,0.58,0.48,0.47,0.54,0.46,0.25,0.22,0.21,0.23,0.39,0.53,RW,ATT,0
Leonardo Arana,LW,Bolivia,0.57,0.71,0.48,0.49,0.62,0.31,0.47,0.68,0.73,0.67,0.78,0.59,0.47,0.49,0.56,0.41,0.35,0.25,0.28,0.34,0.32,0.56,LW,ATT,0
Alama Bayo,RW,Belgium,0.57,0.69,0.5,0.43,0.65,0.25,0.44,0.74,0.64,0.76,0.65,0.62,0.53,0.51,0.41,0.47,0.26,0.24,0.23,0.23,0.3,0.53,RW,ATT,0
Choi Gi Yun,RW,Korea Republic,0.57,0.68,0.48,0.48,0.61,0.34,0.45,0.67,0.69,0.62,0.65,0.57,0.58,0.38,0.63,0.35,0.33,0.38,0.33,0.32,0.35,0.45,RW,ATT,0
Choo Sang Hun,RW,Korea Republic,0.57,0.74,0.5,0.45,0.61,0.24,0.43,0.77,0.72,0.75,0.78,0.56,0.54,0.38,0.6,0.41,0.2,0.22,0.21,0.29,0.33,0.53,RW,ATT,0
James Daly,ST,England,0.57,0.75,0.56,0.43,0.58,0.25,0.47,0.76,0.75,0.77,0.71,0.55,0.55,0.51,0.49,0.62,0.21,0.19,0.25,0.2,0.54,0.56,ST,ATT,0
Marcus Dinanga,ST,England,0.57,0.71,0.56,0.43,0.57,0.19,0.55,0.72,0.7,0.68,0.62,0.57,0.53,0.61,0.63,0.66,0.19,0.12,0.14,0.12,0.54,0.56,ST,ATT,6
Christian Egbutudike,ST,Nigeria,0.57,0.57,0.61,0.41,0.53,0.22,0.56,0.58,0.56,0.55,0.69,0.52,0.48,0.67,0.51,0.64,0.21,0.2,0.19,0.14,0.56,0.55,ST,ATT,6
Alexander Fesshaie,ST,Sweden,0.57,0.75,0.55,0.5,0.63,0.25,0.52,0.74,0.75,0.77,0.77,0.61,0.56,0.5,0.52,0.58,0.29,0.21,0.18,0.2,0.51,0.56,ST,ATT,0
Malcolm Fry,RW,United States,0.57,0.65,0.57,0.53,0.58,0.27,0.56,0.65,0.65,0.6,0.7,0.58,0.45,0.6,0.54,0.64,0.25,0.22,0.22,0.23,0.58,0.65,RW,ATT,6
Malik Henry-Scott,ST,United States,0.57,0.59,0.57,0.44,0.57,0.36,0.54,0.6,0.58,0.55,0.6,0.69,0.53,0.57,0.58,0.49,0.36,0.43,0.33,0.31,0.44,0.58,ST,ATT,0
Andrin Hunziker,ST,Switzerland,0.57,0.63,0.54,0.38,0.47,0.25,0.66,0.62,0.63,0.52,0.46,0.51,0.5,0.77,0.5,0.77,0.18,0.2,0.21,0.21,0.67,0.53,ST,ATT,6
Bradley Ihionvien,ST,England,0.57,0.8,0.55,0.42,0.53,0.24,0.68,0.8,0.8,0.69,0.68,0.49,0.49,0.73,0.57,0.75,0.2,0.21,0.18,0.24,0.54,0.54,ST,ATT,5
Filip Ilie,ST,Romania,0.57,0.75,0.56,0.4,0.59,0.19,0.51,0.76,0.75,0.64,0.74,0.56,0.57,0.58,0.55,0.57,0.18,0.12,0.15,0.21,0.41,0.54,ST,ATT,0
İlker Karakaş,ST,Turkey,0.57,0.57,0.58,0.43,0.51,0.25,0.68,0.55,0.59,0.54,0.55,0.54,0.46,0.73,0.55,0.72,0.25,0.26,0.16,0.17,0.69,0.6,ST,ATT,6
Cian Kavanagh,ST,Republic of Ireland,0.57,0.64,0.54,0.5,0.54,0.25,0.67,0.65,0.64,0.55,0.49,0.55,0.52,0.72,0.59,0.7,0.24,0.2,0.2,0.21,0.58,0.56,ST,ATT,6
Yakup Arda Kılıç,LW,Turkey,0.57,0.72,0.52,0.48,0.63,0.28,0.53,0.73,0.72,0.75,0.68,0.63,0.5,0.5,0.57,0.5,0.3,0.3,0.27,0.19,0.42,0.63,LW,ATT,0
Julian Larsson,ST,Sweden,0.57,0.73,0.53,0.45,0.59,0.22,0.5,0.74,0.72,0.76,0.67,0.58,0.57,0.55,0.54,0.66,0.2,0.15,0.18,0.17,0.56,0.52,ST,ATT,0
Lei Wenjie,LW,China PR,0.57,0.71,0.51,0.5,0.59,0.27,0.64,0.73,0.7,0.69,0.64,0.56,0.5,0.7,0.72,0.65,0.23,0.25,0.23,0.29,0.49,0.52,LW,ATT,5
Jovon Makama,ST,England,0.57,0.64,0.56,0.41,0.54,0.26,0.67,0.67,0.62,0.64,0.59,0.53,0.54,0.83,0.46,0.76,0.2,0.26,0.26,0.2,0.56,0.62,ST,ATT,6
Stefano Marino,ST,Italy,0.57,0.63,0.57,0.4,0.55,0.18,0.58,0.6,0.66,0.64,0.62,0.55,0.53,0.66,0.55,0.61,0.14,0.16,0.13,0.14,0.53,0.6,ST,ATT,6
Aiden Marsh,ST,England,0.57,0.7,0.55,0.4,0.55,0.21,0.45,0.69,0.71,0.63,0.79,0.56,0.58,0.43,0.52,0.5,0.19,0.16,0.15,0.17,0.55,0.57,ST,ATT,0
John Montaño,RW,Colombia,0.57,0.67,0.48,0.47,0.62,0.19,0.42,0.68,0.66,0.67,0.76,0.6,0.58,0.44,0.48,0.34,0.23,0.23,0.15,0.15,0.26,0.53,RW,ATT,0
Jacob Murrell,ST,United States,0.57,0.49,0.55,0.39,0.55,0.24,0.63,0.47,0.51,0.47,0.47,0.6,0.5,0.7,0.61,0.65,0.2,0.19,0.17,0.2,0.65,0.54,ST,ATT,6
Zack Nelson,ST,England,0.57,0.69,0.57,0.48,0.57,0.23,0.5,0.7,0.68,0.62,0.64,0.54,0.57,0.58,0.46,0.63,0.21,0.23,0.18,0.16,0.55,0.61,ST,ATT,6
Levy Nene,ST,Ghana,0.57,0.79,0.54,0.45,0.59,0.18,0.51,0.78,0.8,0.58,0.68,0.6,0.54,0.54,0.59,0.62,0.19,0.18,0.11,0.12,0.5,0.55,ST,ATT,0
Mark O'Mahony,ST,Republic of Ireland,0.57,0.67,0.59,0.46,0.55,0.23,0.63,0.68,0.67,0.6,0.63,0.55,0.52,0.65,0.61,0.63,0.2,0.18,0.19,0.2,0.52,0.58,ST,ATT,6
Henry Offia,ST,Nigeria,0.57,0.84,0.53,0.49,0.61,0.24,0.56,0.85,0.83,0.76,0.73,0.59,0.45,0.68,0.45,0.65,0.25,0.23,0.23,0.15,0.39,0.54,ST,ATT,0
Junior Ogedi-Uzokwe,ST,England,0.57,0.81,0.56,0.5,0.57,0.35,0.56,0.82,0.8,0.68,0.67,0.55,0.54,0.55,0.59,0.67,0.4,0.35,0.34,0.19,0.5,0.57,ST,ATT,0
Krystian Okoniewski,ST,Poland,0.57,0.68,0.56,0.39,0.55,0.25,0.57,0.71,0.66,0.58,0.61,0.59,0.44,0.56,0.57,0.69,0.19,0.18,0.26,0.18,0.65,0.56,ST,ATT,6
Nathan Ordaz,ST,Mexico,0.57,0.64,0.61,0.4,0.6,0.2,0.46,0.68,0.6,0.54,0.63,0.62,0.46,0.52,0.48,0.47,0.18,0.15,0.17,0.19,0.41,0.6,ST,ATT,6
Ishan Pandita,ST,India,0.57,0.66,0.57,0.48,0.55,0.23,0.6,0.63,0.69,0.62,0.45,0.56,0.54,0.68,0.59,0.75,0.14,0.17,0.3,0.12,0.55,0.55,ST,ATT,6
Park Yong Hui,RW,Korea Republic,0.57,0.69,0.49,0.44,0.6,0.32,0.59,0.68,0.7,0.61,0.56,0.56,0.6,0.61,0.58,0.58,0.28,0.25,0.28,0.4,0.48,0.51,RW,ATT,0
Ben Parkinson,RW,England,0.57,0.73,0.57,0.5,0.58,0.31,0.54,0.71,0.75,0.63,0.74,0.57,0.43,0.62,0.49,0.57,0.29,0.28,0.33,0.26,0.44,0.6,RW,ATT,0
Aribim Pepple,ST,Canada,0.57,0.73,0.55,0.4,0.56,0.27,0.67,0.76,0.7,0.7,0.69,0.55,0.52,0.77,0.59,0.77,0.28,0.23,0.24,0.2,0.54,0.6,ST,ATT,5
Frantz Pierrot,ST,Haiti,0.57,0.62,0.58,0.43,0.52,0.26,0.64,0.61,0.62,0.54,0.51,0.56,0.54,0.8,0.57,0.7,0.25,0.22,0.22,0.2,0.54,0.57,ST,ATT,6
Kacper Pietrzyk,ST,Poland,0.57,0.69,0.57,0.42,0.57,0.27,0.61,0.71,0.68,0.72,0.7,0.54,0.47,0.64,0.59,0.72,0.18,0.18,0.34,0.16,0.6,0.64,ST,ATT,5
Emiliano Ramos,ST,Chile,0.57,0.79,0.54,0.46,0.57,0.21,0.57,0.77,0.81,0.67,0.65,0.57,0.53,0.61,0.59,0.68,0.16,0.14,0.22,0.16,0.51,0.54,ST,ATT,5
Khaled Razak,RW,Holland,0.57,0.76,0.53,0.51,0.59,0.3,0.41,0.75,0.77,0.56,0.56,0.6,0.48,0.4,0.54,0.43,0.34,0.29,0.27,0.22,0.44,0.56,RW,ATT,0
Lucciano Reinoso,ST,Venezuela,0.57,0.65,0.56,0.43,0.56,0.2,0.57,0.66,0.65,0.54,0.67,0.53,0.62,0.67,0.57,0.66,0.17,0.16,0.15,0.16,0.56,0.47,ST,ATT,6
Felipe Rodríguez-Gentile,ST,Argentina,0.57,0.71,0.61,0.42,0.59,0.19,0.32,0.75,0.67,0.84,0.92,0.54,0.51,0.29,0.4,0.51,0.17,0.13,0.14,0.12,0.57,0.57,ST,ATT,0
Joseph Sabobo Banda,LW,Zambia,0.57,0.74,0.55,0.51,0.61,0.37,0.41,0.75,0.74,0.75,0.71,0.6,0.45,0.36,0.55,0.4,0.37,0.35,0.4,0.32,0.39,0.55,LW,ATT,0
Zac Sapsford,ST,Australia,0.57,0.78,0.54,0.46,0.61,0.32,0.55,0.79,0.77,0.8,0.68,0.59,0.52,0.56,0.6,0.65,0.3,0.25,0.32,0.28,0.5,0.53,ST,ATT,0
Niclas Schjøth Semmen,ST,Norway,0.57,0.73,0.58,0.46,0.54,0.21,0.68,0.72,0.74,0.65,0.73,0.53,0.48,0.72,0.67,0.71,0.2,0.18,0.13,0.18,0.54,0.66,ST,ATT,5
Song Wenjie,ST,China PR,0.57,0.65,0.56,0.51,0.59,0.32,0.66,0.64,0.65,0.66,0.59,0.58,0.52,0.72,0.62,0.62,0.21,0.27,0.45,0.23,0.45,0.67,ST,ATT,5
Sam Taylor,ST,England,0.57,0.69,0.57,0.37,0.58,0.17,0.48,0.7,0.69,0.64,0.61,0.58,0.52,0.49,0.59,0.53,0.15,0.14,0.11,0.14,0.51,0.59,ST,ATT,6
Franck Tchassem,ST,Cameroon,0.57,0.66,0.55,0.45,0.59,0.26,0.56,0.68,0.64,0.67,0.66,0.57,0.52,0.57,0.6,0.6,0.27,0.21,0.2,0.23,0.54,0.61,ST,ATT,6
David Tritschler,ST,Germany,0.57,0.48,0.58,0.38,0.52,0.21,0.68,0.42,0.53,0.49,0.41,0.56,0.51,0.82,0.52,0.71,0.15,0.21,0.15,0.17,0.66,0.6,ST,ATT,6
Oskar van Hattum,RW,New Zealand,0.57,0.79,0.53,0.48,0.58,0.39,0.65,0.75,0.82,0.67,0.66,0.56,0.49,0.71,0.51,0.68,0.36,0.39,0.35,0.43,0.48,0.55,RW,ATT,2
Stephen Walsh,ST,Republic of Ireland,0.57,0.54,0.57,0.49,0.55,0.53,0.68,0.55,0.53,0.56,0.55,0.57,0.48,0.67,0.67,0.67,0.57,0.55,0.45,0.52,0.65,0.62,ST,ATT,2
Dean Williams,ST,Republic of Ireland,0.57,0.68,0.58,0.49,0.58,0.26,0.57,0.69,0.68,0.7,0.69,0.57,0.45,0.52,0.59,0.59,0.22,0.21,0.23,0.21,0.57,0.61,ST,ATT,0
Adam Wilson,LW,Kenya,0.57,0.79,0.5,0.49,0.6,0.44,0.42,0.79,0.79,0.72,0.8,0.55,0.41,0.38,0.47,0.43,0.43,0.41,0.46,0.45,0.39,0.56,LW,ATT,0
Abdoulaye Yahaya,RW,Cameroon,0.57,0.7,0.57,0.52,0.6,0.26,0.39,0.68,0.72,0.52,0.84,0.61,0.39,0.36,0.38,0.36,0.3,0.24,0.23,0.16,0.41,0.74,RW,ATT,0
Zhang Wei,ST,China PR,0.57,0.54,0.53,0.46,0.56,0.44,0.66,0.58,0.51,0.59,0.57,0.59,0.55,0.76,0.56,0.73,0.43,0.36,0.4,0.46,0.61,0.55,ST,ATT,1
Elias Aarflot,ST,Norway,0.56,0.73,0.55,0.39,0.55,0.19,0.5,0.71,0.75,0.6,0.63,0.56,0.45,0.66,0.31,0.63,0.17,0.15,0.16,0.12,0.48,0.55,ST,ATT,6
Behram Abduweli,ST,China PR,0.56,0.71,0.56,0.43,0.58,0.19,0.52,0.73,0.7,0.61,0.69,0.54,0.54,0.58,0.6,0.63,0.19,0.16,0.12,0.14,0.52,0.58,ST,ATT,6
Jordan Adebayo-Smith,ST,United States,0.56,0.8,0.55,0.46,0.57,0.24,0.53,0.82,0.79,0.7,0.72,0.55,0.49,0.57,0.56,0.64,0.26,0.27,0.19,0.18,0.46,0.55,ST,ATT,0
Othman Al Othman,RW,Saudi Arabia,0.56,0.78,0.46,0.47,0.58,0.19,0.37,0.86,0.72,0.81,0.72,0.54,0.54,0.32,0.43,0.49,0.16,0.18,0.19,0.19,0.24,0.45,RW,ATT,0
Awet Ermias Alemseged,RW,Norway,0.56,0.66,0.59,0.48,0.57,0.25,0.44,0.67,0.66,0.58,0.66,0.57,0.52,0.49,0.42,0.47,0.3,0.23,0.17,0.2,0.45,0.72,RW,ATT,0
Mohammad Alsalkhadi,RW,Sweden,0.56,0.67,0.53,0.53,0.58,0.24,0.49,0.68,0.67,0.6,0.71,0.57,0.51,0.49,0.51,0.48,0.26,0.24,0.17,0.2,0.47,0.58,RW,ATT,0
Yohan Aymon,LW,Switzerland,0.56,0.62,0.61,0.46,0.6,0.23,0.44,0.65,0.6,0.54,0.66,0.59,0.44,0.49,0.48,0.43,0.23,0.22,0.17,0.21,0.42,0.75,LW,ATT,0
Ethem Balcı,RW,Turkey,0.56,0.69,0.52,0.49,0.61,0.28,0.36,0.71,0.67,0.72,0.6,0.57,0.44,0.35,0.44,0.39,0.27,0.34,0.29,0.17,0.42,0.58,RW,ATT,0
Soufiane Benjdida,ST,Morocco,0.56,0.71,0.57,0.48,0.57,0.18,0.49,0.7,0.72,0.6,0.69,0.53,0.51,0.55,0.51,0.59,0.14,0.13,0.15,0.14,0.52,0.6,ST,ATT,6
Billy Blacker,LW,England,0.56,0.69,0.52,0.52,0.58,0.29,0.37,0.73,0.66,0.69,0.7,0.55,0.48,0.36,0.42,0.38,0.33,0.28,0.24,0.26,0.37,0.56,LW,ATT,0
Shawn Blum,RW,Germany,0.56,0.74,0.55,0.44,0.61,0.24,0.52,0.73,0.75,0.7,0.68,0.59,0.48,0.58,0.52,0.63,0.24,0.21,0.19,0.18,0.52,0.58,RW,ATT,0
Dajaune Brown,ST,England,0.56,0.71,0.54,0.43,0.58,0.19,0.56,0.72,0.71,0.64,0.73,0.56,0.56,0.61,0.59,0.65,0.13,0.22,0.14,0.16,0.51,0.49,ST,ATT,6
Tiago Caballero,ST,Paraguay,0.56,0.55,0.55,0.43,0.57,0.31,0.5,0.6,0.5,0.58,0.67,0.56,0.59,0.51,0.58,0.53,0.22,0.21,0.29,0.4,0.54,0.54,ST,ATT,6
Leon Chiwome,ST,England,0.56,0.78,0.54,0.43,0.53,0.17,0.54,0.79,0.78,0.73,0.66,0.52,0.54,0.64,0.55,0.7,0.1,0.11,0.14,0.17,0.53,0.58,ST,ATT,6
Marcus Dackers,ST,Wales,0.56,0.54,0.55,0.39,0.49,0.22,0.73,0.52,0.55,0.34,0.32,0.53,0.53,0.86,0.64,0.73,0.2,0.22,0.15,0.19,0.58,0.57,ST,ATT,6
Baylee Dipepa,ST,England,0.56,0.76,0.53,0.44,0.57,0.26,0.51,0.77,0.75,0.67,0.67,0.55,0.54,0.52,0.56,0.61,0.26,0.19,0.23,0.21,0.51,0.54,ST,ATT,0
Liam Dulson,ST,England,0.56,0.75,0.55,0.35,0.5,0.24,0.69,0.71,0.79,0.62,0.61,0.48,0.52,0.77,0.62,0.77,0.23,0.22,0.17,0.19,0.55,0.62,ST,ATT,6
Detlef Esapa Osong,ST,England,0.56,0.61,0.57,0.39,0.51,0.18,0.59,0.59,0.63,0.56,0.62,0.61,0.51,0.7,0.56,0.65,0.11,0.16,0.14,0.17,0.56,0.52,ST,ATT,6
Fei Ernanduo,ST,China PR,0.56,0.58,0.55,0.38,0.52,0.19,0.58,0.59,0.58,0.5,0.55,0.55,0.56,0.66,0.6,0.67,0.12,0.13,0.12,0.19,0.63,0.6,ST,ATT,6
Mark Ferrie,ST,Scotland,0.56,0.72,0.55,0.44,0.59,0.18,0.53,0.75,0.7,0.64,0.64,0.57,0.55,0.59,0.51,0.6,0.13,0.19,0.15,0.13,0.47,0.54,ST,ATT,6
Dustin Forkel,ST,Germany,0.56,0.69,0.55,0.43,0.54,0.25,0.53,0.68,0.7,0.55,0.55,0.54,0.51,0.55,0.61,0.62,0.17,0.19,0.21,0.28,0.58,0.58,ST,ATT,6
Richard Emeka Friday,ST,Nigeria,0.56,0.8,0.53,0.45,0.57,0.19,0.57,0.81,0.8,0.73,0.66,0.54,0.53,0.57,0.65,0.64,0.15,0.18,0.14,0.17,0.49,0.55,ST,ATT,0
Joseph Gbode,ST,England,0.56,0.84,0.53,0.35,0.54,0.2,0.68,0.82,0.85,0.74,0.64,0.51,0.47,0.84,0.65,0.83,0.14,0.15,0.15,0.22,0.54,0.69,ST,ATT,5
Andreas Hegdahl Gundersen,ST,Norway,0.56,0.77,0.56,0.42,0.53,0.19,0.53,0.76,0.77,0.64,0.44,0.5,0.5,0.61,0.36,0.68,0.14,0.15,0.15,0.18,0.53,0.58,ST,ATT,6
Ahmed Horaisi,LW,Saudi Arabia,0.56,0.72,0.46,0.5,0.62,0.36,0.54,0.7,0.74,0.79,0.86,0.58,0.44,0.51,0.59,0.51,0.33,0.35,0.39,0.32,0.45,0.5,LW,ATT,0
Olti Hyseni,LW,Denmark,0.56,0.75,0.46,0.46,0.63,0.2,0.49,0.74,0.75,0.69,0.75,0.64,0.49,0.49,0.5,0.43,0.21,0.23,0.19,0.17,0.25,0.51,LW,ATT,0
Mutellip Iminqari,LW,China PR,0.56,0.59,0.45,0.5,0.59,0.45,0.52,0.63,0.56,0.6,0.54,0.56,0.58,0.56,0.44,0.53,0.46,0.48,0.43,0.46,0.45,0.45,LW,ATT,0
Jimmy Knowles,ST,England,0.56,0.76,0.55,0.44,0.55,0.27,0.52,0.78,0.74,0.69,0.56,0.54,0.51,0.59,0.43,0.66,0.24,0.22,0.28,0.22,0.52,0.6,ST,ATT,0
Mohammed Marran,ST,Saudi Arabia,0.56,0.64,0.56,0.41,0.54,0.2,0.55,0.62,0.65,0.72,0.64,0.54,0.5,0.59,0.58,0.68,0.16,0.12,0.18,0.15,0.54,0.53,ST,ATT,6
Francisco Morel,ST,Paraguay,0.56,0.65,0.53,0.4,0.53,0.26,0.59,0.67,0.64,0.64,0.59,0.52,0.6,0.62,0.59,0.68,0.19,0.21,0.29,0.18,0.61,0.52,ST,ATT,6
Sivasakthi Narayanan,ST,India,0.56,0.75,0.56,0.48,0.56,0.31,0.46,0.77,0.74,0.73,0.73,0.54,0.51,0.43,0.6,0.63,0.23,0.24,0.35,0.29,0.52,0.54,ST,ATT,0
Matt Orr,ST,Hong Kong,0.56,0.61,0.57,0.39,0.54,0.2,0.61,0.62,0.61,0.61,0.63,0.54,0.55,0.72,0.66,0.69,0.17,0.12,0.14,0.17,0.57,0.55,ST,ATT,6
Park Chu Young,ST,Korea Republic,0.56,0.39,0.59,0.6,0.56,0.35,0.51,0.42,0.36,0.42,0.57,0.62,0.47,0.58,0.33,0.56,0.32,0.34,0.31,0.32,0.61,0.58,ST,ATT,6
Jonas Dobloug Rasen,RW,Norway,0.56,0.74,0.52,0.5,0.58,0.3,0.52,0.75,0.73,0.73,0.73,0.56,0.52,0.52,0.51,0.56,0.29,0.28,0.25,0.29,0.47,0.54,RW,ATT,0
Peter Remmert,ST,Germany,0.56,0.53,0.55,0.42,0.49,0.26,0.67,0.49,0.57,0.45,0.41,0.53,0.54,0.76,0.6,0.7,0.25,0.21,0.22,0.17,0.64,0.56,ST,ATT,6
Charles Sagoe Jr,RW,England,0.56,0.61,0.55,0.53,0.6,0.27,0.35,0.58,0.64,0.62,0.66,0.6,0.45,0.32,0.38,0.29,0.3,0.33,0.23,0.21,0.33,0.59,RW,ATT,0
Talha Sarıarslan,ST,Turkey,0.56,0.45,0.58,0.54,0.58,0.31,0.46,0.57,0.36,0.5,0.7,0.57,0.54,0.44,0.54,0.5,0.37,0.38,0.21,0.18,0.63,0.6,ST,ATT,6
Alexandru Stan,ST,Romania,0.56,0.62,0.52,0.46,0.55,0.26,0.63,0.57,0.66,0.58,0.6,0.56,0.52,0.73,0.53,0.64,0.21,0.22,0.24,0.24,0.53,0.54,ST,ATT,6
Chris Sze,ST,England,0.56,0.67,0.53,0.49,0.56,0.27,0.5,0.68,0.67,0.7,0.62,0.56,0.52,0.5,0.52,0.55,0.25,0.23,0.22,0.25,0.54,0.53,ST,ATT,0
Basil Tuma,ST,Malta,0.56,0.87,0.54,0.47,0.57,0.27,0.48,0.88,0.86,0.68,0.69,0.55,0.51,0.46,0.4,0.59,0.26,0.2,0.27,0.21,0.47,0.6,ST,ATT,0
Josh Woods,ST,England,0.56,0.77,0.54,0.42,0.55,0.2,0.53,0.78,0.76,0.64,0.68,0.52,0.56,0.53,0.54,0.62,0.21,0.18,0.14,0.11,0.51,0.53,ST,ATT,6
Adam Zimarino,ST,Australia,0.56,0.68,0.57,0.49,0.56,0.33,0.56,0.69,0.67,0.71,0.68,0.54,0.48,0.55,0.56,0.55,0.37,0.3,0.29,0.28,0.48,0.6,ST,ATT,0
Malek Al Abdulmunem,ST,Saudi Arabia,0.55,0.74,0.52,0.38,0.56,0.19,0.51,0.72,0.75,0.7,0.63,0.53,0.53,0.6,0.32,0.68,0.12,0.12,0.16,0.17,0.55,0.5,ST,ATT,6
Daniel Bąk,ST,Poland,0.55,0.64,0.56,0.45,0.57,0.22,0.49,0.69,0.59,0.61,0.67,0.54,0.51,0.55,0.52,0.55,0.21,0.13,0.21,0.18,0.48,0.55,ST,ATT,6
Jay Bird,ST,England,0.55,0.68,0.51,0.45,0.54,0.32,0.64,0.67,0.69,0.64,0.59,0.54,0.51,0.72,0.61,0.7,0.27,0.21,0.31,0.33,0.55,0.5,ST,ATT,6
Nathanael Blair,ST,Australia,0.55,0.8,0.51,0.36,0.5,0.28,0.68,0.76,0.84,0.59,0.65,0.5,0.5,0.79,0.57,0.77,0.29,0.23,0.24,0.25,0.52,0.58,ST,ATT,6
Rumarn Burrell,ST,England,0.55,0.75,0.54,0.37,0.55,0.16,0.57,0.76,0.75,0.54,0.73,0.53,0.52,0.69,0.51,0.67,0.11,0.13,0.11,0.17,0.49,0.52,ST,ATT,6
Linus Carlstrand,ST,Sweden,0.55,0.69,0.54,0.4,0.54,0.2,0.59,0.68,0.69,0.63,0.54,0.56,0.48,0.67,0.5,0.6,0.24,0.18,0.13,0.14,0.47,0.52,ST,ATT,6
Cheng Changcheng,ST,China PR,0.55,0.56,0.55,0.39,0.51,0.31,0.68,0.58,0.54,0.47,0.65,0.48,0.49,0.76,0.6,0.75,0.25,0.2,0.31,0.28,0.66,0.62,ST,ATT,6
Choi Geon Ju,ST,Korea Republic,0.55,0.84,0.55,0.48,0.6,0.22,0.4,0.82,0.86,0.77,0.7,0.55,0.46,0.35,0.4,0.42,0.23,0.2,0.21,0.15,0.35,0.55,ST,ATT,0
Seiminlen Doungel,RW,India,0.55,0.8,0.53,0.48,0.55,0.3,0.68,0.79,0.8,0.74,0.71,0.5,0.46,0.65,0.68,0.71,0.3,0.27,0.27,0.3,0.44,0.58,RW,ATT,5
Logan Farrington,ST,United States,0.55,0.59,0.55,0.32,0.48,0.22,0.63,0.58,0.59,0.53,0.52,0.48,0.54,0.69,0.54,0.69,0.14,0.16,0.18,0.19,0.66,0.62,ST,ATT,6
César Flores,ST,Bolivia,0.55,0.56,0.58,0.44,0.51,0.45,0.58,0.6,0.53,0.55,0.7,0.55,0.56,0.6,0.62,0.56,0.55,0.45,0.33,0.44,0.49,0.6,ST,ATT,2
Brandon Forbes,LW,Scotland,0.55,0.65,0.55,0.5,0.59,0.28,0.4,0.62,0.67,0.61,0.73,0.59,0.5,0.44,0.41,0.36,0.3,0.24,0.25,0.25,0.41,0.62,LW,ATT,0
Shahzat Ghojaehmet,LW,China PR,0.55,0.77,0.41,0.45,0.61,0.35,0.49,0.81,0.74,0.8,0.74,0.55,0.58,0.43,0.63,0.45,0.37,0.31,0.32,0.37,0.37,0.45,LW,ATT,0
Jack Grieves,ST,England,0.55,0.65,0.53,0.43,0.51,0.2,0.57,0.63,0.67,0.54,0.65,0.51,0.55,0.58,0.56,0.61,0.2,0.16,0.14,0.15,0.56,0.53,ST,ATT,6
Kwak Seung Min,ST,Korea Republic,0.55,0.57,0.52,0.36,0.5,0.43,0.65,0.55,0.58,0.49,0.66,0.55,0.44,0.66,0.63,0.65,0.43,0.33,0.43,0.39,0.61,0.58,ST,ATT,6
Lee Jong Wook,RW,Korea Republic,0.55,0.74,0.54,0.39,0.59,0.2,0.63,0.75,0.73,0.54,0.66,0.57,0.47,0.63,0.66,0.63,0.19,0.14,0.15,0.19,0.47,0.56,RW,ATT,6
Tucker Lepley,RW,United States,0.55,0.7,0.54,0.46,0.57,0.23,0.38,0.69,0.7,0.67,0.78,0.55,0.54,0.38,0.45,0.36,0.23,0.25,0.19,0.19,0.39,0.63,RW,ATT,0
August Ljungberg,LW,Sweden,0.55,0.67,0.5,0.51,0.58,0.23,0.55,0.71,0.64,0.57,0.58,0.58,0.42,0.61,0.54,0.56,0.23,0.26,0.18,0.21,0.4,0.54,LW,ATT,6
Jack Lynn,ST,United States,0.55,0.51,0.59,0.43,0.49,0.25,0.56,0.53,0.5,0.56,0.55,0.47,0.56,0.65,0.59,0.58,0.27,0.25,0.19,0.19,0.53,0.6,ST,ATT,6
Bryce Miranda,LW,India,0.55,0.78,0.5,0.5,0.57,0.42,0.61,0.76,0.79,0.71,0.67,0.55,0.37,0.68,0.67,0.62,0.38,0.34,0.49,0.4,0.43,0.51,LW,ATT,0
Kiyan Nassiri,ST,India,0.55,0.58,0.56,0.46,0.58,0.21,0.52,0.49,0.66,0.66,0.69,0.57,0.48,0.59,0.48,0.52,0.17,0.15,0.19,0.19,0.52,0.56,ST,ATT,6
Damian Nigg,LW,Switzerland,0.55,0.7,0.54,0.47,0.59,0.25,0.46,0.71,0.69,0.63,0.7,0.57,0.48,0.53,0.41,0.49,0.25,0.23,0.23,0.22,0.38,0.59,LW,ATT,0
Wally Njie,ST,Norway,0.55,0.79,0.53,0.37,0.55,0.15,0.51,0.79,0.79,0.72,0.72,0.54,0.48,0.61,0.4,0.65,0.12,0.1,0.1,0.12,0.48,0.57,ST,ATT,6
Dylan Oyarzún,ST,Chile,0.55,0.55,0.53,0.36,0.45,0.23,0.68,0.53,0.57,0.48,0.51,0.46,0.48,0.82,0.56,0.76,0.17,0.16,0.19,0.2,0.66,0.56,ST,ATT,6
Henry Rylah,RW,England,0.55,0.75,0.49,0.45,0.58,0.32,0.59,0.73,0.77,0.7,0.69,0.55,0.52,0.65,0.59,0.57,0.35,0.29,0.29,0.3,0.4,0.54,RW,ATT,0
Tyrell Sellars-Fleming,ST,England,0.55,0.69,0.54,0.4,0.53,0.26,0.54,0.7,0.69,0.67,0.65,0.5,0.53,0.56,0.58,0.58,0.27,0.19,0.22,0.21,0.5,0.58,ST,ATT,6
Josh Thomas,ST,Wales,0.55,0.78,0.54,0.41,0.55,0.26,0.52,0.79,0.78,0.76,0.74,0.51,0.48,0.52,0.58,0.62,0.26,0.2,0.24,0.21,0.51,0.55,ST,ATT,0
Filip Trpcevski,ST,North Macedonia,0.55,0.7,0.54,0.49,0.6,0.26,0.37,0.67,0.73,0.68,0.61,0.61,0.5,0.37,0.33,0.34,0.29,0.27,0.2,0.24,0.37,0.65,ST,ATT,0
Yannick Vötter,ST,Austria,0.55,0.68,0.56,0.45,0.63,0.24,0.38,0.7,0.66,0.77,0.7,0.57,0.57,0.29,0.55,0.42,0.17,0.12,0.24,0.26,0.5,0.57,ST,ATT,0
Zheng Haoqian,ST,China PR,0.55,0.61,0.54,0.37,0.52,0.22,0.57,0.6,0.62,0.59,0.63,0.52,0.49,0.65,0.65,0.67,0.16,0.17,0.19,0.17,0.61,0.48,ST,ATT,6
Mads Agger,ST,Denmark,0.54,0.66,0.54,0.39,0.54,0.19,0.54,0.65,0.66,0.59,0.63,0.52,0.5,0.57,0.57,0.64,0.13,0.17,0.1,0.19,0.61,0.52,ST,ATT,6
Hassan Al Slais,ST,Saudi Arabia,0.54,0.49,0.55,0.35,0.49,0.2,0.69,0.48,0.49,0.5,0.46,0.52,0.49,0.8,0.58,0.68,0.21,0.19,0.13,0.13,0.56,0.52,ST,ATT,6
Amin Chiakha,ST,Denmark,0.54,0.61,0.55,0.45,0.51,0.2,0.6,0.6,0.62,0.59,0.61,0.5,0.52,0.64,0.56,0.59,0.21,0.18,0.11,0.18,0.5,0.6,ST,ATT,6
Rohit Danu,LW,India,0.54,0.72,0.52,0.46,0.54,0.26,0.45,0.72,0.72,0.64,0.51,0.53,0.49,0.4,0.58,0.48,0.25,0.21,0.21,0.24,0.5,0.54,LW,ATT,0
Neo Dobson,ST,England,0.54,0.84,0.49,0.34,0.58,0.26,0.6,0.82,0.85,0.69,0.69,0.52,0.59,0.65,0.51,0.64,0.25,0.21,0.24,0.22,0.44,0.55,ST,ATT,0
Mamadou Doumbia,ST,Mali,0.54,0.59,0.57,0.35,0.45,0.19,0.56,0.6,0.58,0.47,0.42,0.44,0.5,0.7,0.49,0.62,0.15,0.13,0.16,0.14,0.52,0.68,ST,ATT,6
Owen Elding,ST,Republic of Ireland,0.54,0.63,0.54,0.44,0.52,0.18,0.56,0.62,0.63,0.54,0.63,0.52,0.55,0.58,0.59,0.54,0.15,0.19,0.11,0.18,0.48,0.57,ST,ATT,6
Sonny Fish,ST,Wales,0.54,0.73,0.53,0.45,0.55,0.4,0.52,0.74,0.73,0.7,0.83,0.52,0.53,0.5,0.65,0.55,0.43,0.4,0.36,0.38,0.48,0.54,ST,ATT,0
Mitch Glasson,ST,Australia,0.54,0.74,0.51,0.44,0.52,0.21,0.62,0.75,0.73,0.56,0.54,0.54,0.54,0.62,0.57,0.66,0.16,0.15,0.19,0.2,0.5,0.5,ST,ATT,6
Haakon Haugen,LW,Norway,0.54,0.57,0.54,0.51,0.55,0.26,0.49,0.57,0.57,0.51,0.69,0.56,0.44,0.52,0.47,0.42,0.28,0.29,0.25,0.16,0.41,0.58,LW,ATT,6
Akeel Higgins,ST,England,0.54,0.83,0.51,0.41,0.56,0.25,0.52,0.83,0.83,0.71,0.76,0.55,0.5,0.53,0.59,0.61,0.25,0.19,0.21,0.2,0.48,0.47,ST,ATT,0
Bertin Jacquesson,ST,France,0.54,0.69,0.53,0.48,0.58,0.19,0.57,0.69,0.69,0.62,0.56,0.53,0.5,0.67,0.57,0.61,0.19,0.1,0.15,0.12,0.49,0.55,ST,ATT,6
Katia Kouyate,ST,England,0.54,0.78,0.52,0.38,0.54,0.23,0.6,0.77,0.79,0.74,0.61,0.52,0.49,0.73,0.54,0.74,0.25,0.24,0.14,0.18,0.51,0.54,ST,ATT,6
Francely Lomboto,LW,Republic of Ireland,0.54,0.8,0.5,0.46,0.53,0.26,0.51,0.79,0.8,0.55,0.52,0.52,0.46,0.58,0.54,0.56,0.29,0.2,0.21,0.24,0.38,0.52,LW,ATT,0
Layton Love,ST,England,0.54,0.62,0.55,0.37,0.46,0.28,0.63,0.58,0.66,0.45,0.41,0.48,0.49,0.68,0.62,0.61,0.28,0.21,0.25,0.23,0.53,0.63,ST,ATT,6
Sebastian Holm Mathisen,LW,Norway,0.54,0.61,0.5,0.47,0.57,0.25,0.4,0.66,0.57,0.72,0.71,0.56,0.53,0.36,0.51,0.35,0.27,0.22,0.21,0.2,0.42,0.53,LW,ATT,0
Abdullah Matuq,RW,Saudi Arabia,0.54,0.8,0.49,0.45,0.54,0.23,0.58,0.78,0.81,0.65,0.74,0.48,0.36,0.7,0.56,0.62,0.25,0.25,0.2,0.16,0.39,0.52,RW,ATT,0
Ciaran McGuckin,ST,Northern Ireland,0.54,0.54,0.56,0.39,0.48,0.16,0.54,0.55,0.53,0.51,0.51,0.47,0.5,0.61,0.57,0.6,0.12,0.12,0.12,0.1,0.55,0.53,ST,ATT,6
Devendra Murgaonkar,ST,India,0.54,0.73,0.53,0.47,0.55,0.26,0.51,0.76,0.7,0.74,0.79,0.51,0.52,0.56,0.49,0.64,0.34,0.31,0.11,0.22,0.5,0.5,ST,ATT,0
Oh Hoo Sung,ST,Korea Republic,0.54,0.73,0.52,0.52,0.57,0.4,0.43,0.7,0.75,0.73,0.8,0.52,0.5,0.34,0.61,0.4,0.43,0.45,0.42,0.29,0.45,0.58,ST,ATT,0
Park Kyung Bae,ST,Korea Republic,0.54,0.57,0.53,0.42,0.53,0.25,0.57,0.61,0.53,0.56,0.62,0.49,0.55,0.6,0.55,0.59,0.22,0.25,0.22,0.23,0.51,0.52,ST,ATT,6
Leander Popp,ST,Germany,0.54,0.7,0.53,0.4,0.51,0.19,0.52,0.7,0.7,0.58,0.64,0.54,0.51,0.55,0.56,0.62,0.14,0.12,0.14,0.21,0.56,0.52,ST,ATT,6
Abdul Rabeeh,RW,India,0.54,0.7,0.48,0.49,0.56,0.44,0.46,0.66,0.73,0.78,0.69,0.56,0.4,0.42,0.56,0.44,0.5,0.48,0.42,0.42,0.36,0.51,RW,ATT,0
Iustin Răducan,ST,Romania,0.54,0.72,0.55,0.42,0.52,0.2,0.46,0.74,0.71,0.53,0.78,0.55,0.44,0.45,0.54,0.51,0.18,0.19,0.14,0.18,0.49,0.59,ST,ATT,0
Jeremy Rafanello,ST,United States,0.54,0.62,0.55,0.45,0.56,0.29,0.55,0.59,0.65,0.6,0.58,0.57,0.48,0.61,0.58,0.59,0.26,0.21,0.29,0.23,0.54,0.51,ST,ATT,6
Alan Rybak,ST,Poland,0.54,0.66,0.56,0.38,0.57,0.23,0.35,0.65,0.66,0.71,0.51,0.56,0.55,0.32,0.4,0.39,0.19,0.11,0.21,0.23,0.49,0.56,ST,ATT,0
Michael Spellman,LW,England,0.54,0.69,0.49,0.49,0.56,0.3,0.51,0.7,0.69,0.55,0.58,0.56,0.49,0.57,0.48,0.5,0.29,0.28,0.3,0.28,0.4,0.56,LW,ATT,0
Luke Supyk,ST,New Zealand,0.54,0.76,0.51,0.43,0.53,0.29,0.61,0.74,0.78,0.57,0.63,0.52,0.5,0.64,0.64,0.62,0.27,0.21,0.26,0.32,0.46,0.56,ST,ATT,6
Tang Chuang,ST,China PR,0.54,0.62,0.55,0.36,0.52,0.21,0.6,0.57,0.66,0.56,0.48,0.51,0.49,0.74,0.53,0.68,0.16,0.15,0.18,0.19,0.57,0.55,ST,ATT,6
Seydou Traoré,ST,Côte d'Ivoire,0.54,0.63,0.5,0.39,0.58,0.2,0.5,0.65,0.61,0.58,0.66,0.59,0.55,0.57,0.51,0.58,0.18,0.16,0.18,0.13,0.53,0.45,ST,ATT,6
David Tufekcic,RW,Norway,0.54,0.68,0.51,0.5,0.55,0.36,0.42,0.7,0.67,0.67,0.66,0.52,0.42,0.45,0.37,0.41,0.38,0.38,0.35,0.32,0.38,0.59,RW,ATT,0
Isak Vanlalruatfela,LW,India,0.54,0.62,0.49,0.54,0.55,0.4,0.45,0.65,0.59,0.61,0.74,0.54,0.52,0.52,0.32,0.43,0.46,0.45,0.39,0.32,0.35,0.53,LW,ATT,0
Justin Vidic,ST,Australia,0.54,0.64,0.53,0.42,0.5,0.29,0.63,0.58,0.68,0.57,0.58,0.48,0.51,0.71,0.57,0.6,0.3,0.26,0.24,0.28,0.49,0.56,ST,ATT,6
James Wilson,ST,Scotland,0.54,0.48,0.57,0.39,0.49,0.17,0.44,0.56,0.42,0.45,0.81,0.56,0.54,0.46,0.51,0.5,0.11,0.11,0.14,0.14,0.55,0.52,ST,ATT,6
Emirhan Yiğit,RW,Turkey,0.54,0.66,0.5,0.51,0.59,0.27,0.36,0.69,0.63,0.7,0.74,0.55,0.34,0.33,0.47,0.35,0.3,0.31,0.21,0.21,0.44,0.56,RW,ATT,0
Rayan Al Bloushi,ST,Saudi Arabia,0.53,0.76,0.51,0.43,0.54,0.22,0.57,0.74,0.77,0.6,0.74,0.53,0.48,0.61,0.58,0.65,0.18,0.2,0.19,0.21,0.5,0.47,ST,ATT,6
Leander Næss Alvheim,ST,Norway,0.53,0.62,0.53,0.39,0.49,0.23,0.54,0.59,0.64,0.62,0.37,0.5,0.44,0.59,0.51,0.56,0.2,0.18,0.22,0.18,0.53,0.55,ST,ATT,6
Mohamed Bawa,RW,Sweden,0.53,0.63,0.51,0.48,0.55,0.22,0.44,0.66,0.61,0.57,0.69,0.54,0.41,0.53,0.39,0.44,0.22,0.23,0.15,0.22,0.38,0.58,RW,ATT,0
Andrew Buah,ST,England,0.53,0.71,0.51,0.38,0.48,0.26,0.57,0.67,0.75,0.51,0.52,0.47,0.52,0.67,0.52,0.64,0.27,0.18,0.2,0.25,0.54,0.58,ST,ATT,6
Quincy Butler,RW,United States,0.53,0.62,0.53,0.44,0.58,0.33,0.42,0.63,0.62,0.54,0.67,0.57,0.4,0.42,0.48,0.34,0.33,0.35,0.3,0.34,0.38,0.6,RW,ATT,0
John Paul Dembe,ST,Uganda,0.53,0.69,0.51,0.36,0.52,0.16,0.56,0.68,0.7,0.56,0.6,0.54,0.51,0.65,0.56,0.66,0.11,0.1,0.11,0.13,0.55,0.51,ST,ATT,6
Connor Evans,ST,Wales,0.53,0.76,0.51,0.39,0.54,0.29,0.48,0.77,0.76,0.71,0.7,0.54,0.48,0.47,0.51,0.54,0.24,0.18,0.33,0.28,0.47,0.48,ST,ATT,0
David Ezeh,ST,Finland,0.53,0.73,0.51,0.46,0.56,0.23,0.51,0.72,0.74,0.69,0.65,0.55,0.48,0.51,0.56,0.54,0.24,0.21,0.18,0.19,0.48,0.55,ST,ATT,0
Sonny Finch,ST,England,0.53,0.53,0.56,0.42,0.52,0.21,0.38,0.55,0.51,0.51,0.71,0.53,0.51,0.33,0.48,0.42,0.18,0.16,0.2,0.11,0.57,0.55,ST,ATT,6
Daníel Tristan Guðjohnsen,ST,Iceland,0.53,0.69,0.5,0.43,0.57,0.17,0.62,0.65,0.72,0.71,0.52,0.56,0.54,0.7,0.6,0.59,0.1,0.14,0.16,0.18,0.46,0.48,ST,ATT,6
Semboi Haokip,ST,India,0.53,0.66,0.53,0.4,0.53,0.21,0.59,0.64,0.67,0.64,0.55,0.49,0.49,0.76,0.33,0.65,0.18,0.16,0.22,0.15,0.47,0.56,ST,ATT,6
He Longhai,ST,China PR,0.53,0.72,0.5,0.53,0.6,0.45,0.53,0.71,0.72,0.78,0.82,0.53,0.55,0.55,0.53,0.52,0.54,0.53,0.43,0.33,0.41,0.56,ST,ATT,2
Harry Ibbitson,ST,England,0.53,0.65,0.54,0.3,0.46,0.2,0.68,0.61,0.68,0.52,0.52,0.48,0.49,0.73,0.56,0.66,0.19,0.18,0.12,0.19,0.54,0.56,ST,ATT,6
Malachi Jones,LW,Sierra Leone,0.53,0.76,0.51,0.42,0.58,0.25,0.39,0.75,0.76,0.71,0.7,0.55,0.36,0.46,0.33,0.45,0.27,0.26,0.18,0.23,0.4,0.6,LW,ATT,0
Kim Hyeon Woo,LW,Korea Republic,0.53,0.59,0.56,0.46,0.54,0.18,0.49,0.58,0.59,0.6,0.68,0.52,0.47,0.51,0.57,0.51,0.13,0.15,0.16,0.14,0.51,0.53,LW,ATT,6
Kim Min Young,ST,Korea Republic,0.53,0.64,0.52,0.38,0.54,0.2,0.46,0.65,0.63,0.6,0.43,0.55,0.53,0.48,0.45,0.41,0.18,0.16,0.2,0.15,0.42,0.5,ST,ATT,6
Kim Young Jun,ST,Korea Republic,0.53,0.59,0.53,0.41,0.51,0.17,0.57,0.58,0.6,0.58,0.54,0.51,0.5,0.63,0.59,0.59,0.15,0.13,0.12,0.13,0.53,0.54,ST,ATT,6
Mikkel Ladefoged,ST,Denmark,0.53,0.53,0.51,0.37,0.48,0.24,0.67,0.54,0.52,0.45,0.42,0.54,0.47,0.76,0.54,0.72,0.19,0.23,0.17,0.22,0.63,0.47,ST,ATT,6
Kelsey Mooney,ST,England,0.53,0.65,0.53,0.4,0.52,0.21,0.42,0.67,0.64,0.65,0.57,0.44,0.55,0.41,0.54,0.49,0.16,0.13,0.18,0.19,0.59,0.47,ST,ATT,6
Jake Najdovski,ST,Australia,0.53,0.78,0.53,0.41,0.57,0.18,0.46,0.77,0.79,0.75,0.81,0.57,0.49,0.45,0.57,0.52,0.14,0.15,0.18,0.1,0.45,0.49,ST,ATT,0
Park Ju Yeong,RW,Korea Republic,0.53,0.64,0.5,0.42,0.55,0.27,0.53,0.62,0.65,0.56,0.57,0.56,0.56,0.6,0.48,0.55,0.29,0.26,0.23,0.19,0.45,0.54,RW,ATT,6
Park Jun Beom,ST,Korea Republic,0.53,0.55,0.53,0.45,0.52,0.21,0.55,0.56,0.55,0.51,0.52,0.56,0.47,0.6,0.45,0.57,0.23,0.21,0.13,0.12,0.53,0.53,ST,ATT,6
Storm Bugge Pettersen,ST,Norway,0.53,0.61,0.5,0.43,0.56,0.19,0.55,0.6,0.61,0.63,0.63,0.56,0.5,0.57,0.47,0.57,0.13,0.16,0.14,0.17,0.54,0.47,ST,ATT,6
Gabriel Sloane-Rodrigues,RW,New Zealand,0.53,0.74,0.52,0.42,0.56,0.21,0.45,0.73,0.75,0.64,0.45,0.55,0.43,0.49,0.54,0.43,0.23,0.2,0.15,0.23,0.32,0.6,RW,ATT,0
Azzam Al Bishi,ST,Saudi Arabia,0.52,0.63,0.51,0.42,0.5,0.21,0.6,0.64,0.62,0.55,0.64,0.49,0.51,0.65,0.65,0.65,0.19,0.14,0.15,0.18,0.56,0.5,ST,ATT,6
Rakan Al Dawsari,ST,Saudi Arabia,0.52,0.67,0.51,0.35,0.49,0.17,0.6,0.64,0.7,0.58,0.69,0.46,0.46,0.68,0.52,0.59,0.14,0.17,0.13,0.1,0.49,0.49,ST,ATT,6
Rayan Al Qahtani,RW,Saudi Arabia,0.52,0.71,0.49,0.5,0.53,0.26,0.42,0.7,0.71,0.61,0.78,0.55,0.35,0.43,0.55,0.37,0.22,0.27,0.3,0.17,0.39,0.51,RW,ATT,0
Gbemi Arubi,ST,Republic of Ireland,0.52,0.73,0.5,0.43,0.54,0.25,0.42,0.74,0.72,0.63,0.51,0.53,0.39,0.43,0.41,0.46,0.26,0.22,0.21,0.2,0.48,0.53,ST,ATT,0
Killian Cailloce,ST,Republic of Ireland,0.52,0.62,0.52,0.42,0.51,0.19,0.53,0.63,0.62,0.57,0.53,0.5,0.48,0.54,0.54,0.54,0.19,0.15,0.13,0.14,0.52,0.51,ST,ATT,6
Raoul Cristea,ST,Romania,0.52,0.59,0.52,0.41,0.51,0.18,0.51,0.61,0.58,0.55,0.66,0.5,0.46,0.55,0.56,0.52,0.16,0.15,0.14,0.13,0.48,0.56,ST,ATT,6
Aaren D'Silva,ST,India,0.52,0.46,0.55,0.39,0.53,0.17,0.59,0.48,0.44,0.56,0.54,0.52,0.49,0.74,0.34,0.57,0.16,0.11,0.12,0.15,0.48,0.56,ST,ATT,6
Callum Edwards,ST,England,0.52,0.73,0.51,0.36,0.5,0.18,0.41,0.75,0.72,0.68,0.65,0.51,0.52,0.38,0.48,0.48,0.16,0.14,0.14,0.13,0.5,0.54,ST,ATT,0
Eom Seung Min,RW,Korea Republic,0.52,0.75,0.46,0.42,0.56,0.22,0.48,0.71,0.78,0.78,0.56,0.45,0.48,0.54,0.44,0.48,0.25,0.21,0.15,0.19,0.38,0.49,RW,ATT,0
CJ Fodrey,ST,United States,0.52,0.72,0.52,0.35,0.48,0.17,0.61,0.73,0.71,0.63,0.66,0.44,0.46,0.73,0.51,0.71,0.14,0.14,0.12,0.14,0.51,0.62,ST,ATT,6
Gang Min Seong,LW,Korea Republic,0.52,0.62,0.42,0.4,0.58,0.22,0.44,0.59,0.64,0.62,0.56,0.53,0.54,0.49,0.41,0.36,0.18,0.17,0.22,0.25,0.3,0.45,LW,ATT,0
Freddie Issaka,ST,Wales,0.52,0.71,0.51,0.4,0.56,0.18,0.48,0.69,0.72,0.68,0.71,0.51,0.46,0.52,0.52,0.46,0.13,0.1,0.16,0.18,0.43,0.49,ST,ATT,0
Eoin Kenny,ST,Republic of Ireland,0.52,0.59,0.52,0.46,0.55,0.34,0.36,0.6,0.59,0.54,0.47,0.52,0.48,0.37,0.33,0.33,0.35,0.33,0.35,0.28,0.44,0.53,ST,ATT,0
Mourad Khodari,ST,Saudi Arabia,0.52,0.7,0.52,0.41,0.51,0.17,0.46,0.72,0.69,0.55,0.55,0.5,0.49,0.5,0.41,0.57,0.14,0.13,0.12,0.15,0.51,0.52,ST,ATT,6
Tom King,ST,England,0.52,0.72,0.51,0.37,0.53,0.22,0.44,0.74,0.7,0.76,0.77,0.48,0.54,0.42,0.52,0.45,0.21,0.15,0.2,0.18,0.46,0.53,ST,ATT,0
Erik Kojzek,ST,Slovenia,0.52,0.63,0.54,0.39,0.5,0.17,0.51,0.64,0.62,0.58,0.61,0.47,0.46,0.54,0.56,0.51,0.16,0.11,0.12,0.12,0.49,0.58,ST,ATT,6
Kwon Chang Hoon,RW,Korea Republic,0.52,0.48,0.49,0.52,0.55,0.29,0.41,0.45,0.5,0.34,0.43,0.59,0.56,0.47,0.34,0.33,0.29,0.26,0.24,0.33,0.42,0.55,RW,ATT,6
Daniel Lalhlimpuia,ST,India,0.52,0.58,0.5,0.42,0.53,0.23,0.56,0.59,0.57,0.56,0.51,0.53,0.51,0.7,0.35,0.58,0.17,0.13,0.26,0.18,0.49,0.53,ST,ATT,6
Mijit Mewlan,ST,China PR,0.52,0.69,0.51,0.39,0.55,0.16,0.51,0.73,0.66,0.6,0.69,0.56,0.49,0.54,0.57,0.5,0.13,0.19,0.11,0.12,0.41,0.55,ST,ATT,6
Ville Nilsson,ST,Sweden,0.52,0.54,0.52,0.4,0.52,0.15,0.54,0.5,0.58,0.59,0.61,0.53,0.52,0.58,0.6,0.49,0.11,0.14,0.1,0.13,0.47,0.51,ST,ATT,6
Daniel Nkrumah,ST,England,0.52,0.71,0.5,0.4,0.54,0.17,0.53,0.69,0.72,0.72,0.74,0.5,0.5,0.6,0.53,0.57,0.14,0.15,0.11,0.16,0.46,0.46,ST,ATT,6
Matthias Postl,ST,Austria,0.52,0.65,0.54,0.38,0.5,0.19,0.48,0.62,0.67,0.69,0.6,0.51,0.4,0.58,0.35,0.57,0.17,0.12,0.15,0.13,0.53,0.54,ST,ATT,6
Gottfrid Rapp,RW,Sweden,0.52,0.73,0.44,0.44,0.53,0.38,0.5,0.71,0.74,0.73,0.57,0.5,0.52,0.47,0.5,0.42,0.42,0.32,0.38,0.4,0.32,0.45,RW,ATT,0
Gabriel Segal,ST,United States,0.52,0.54,0.54,0.4,0.49,0.18,0.54,0.61,0.48,0.57,0.64,0.48,0.52,0.61,0.58,0.59,0.15,0.19,0.14,0.11,0.52,0.54,ST,ATT,6
Mario Sfaiț,RW,Romania,0.52,0.67,0.5,0.48,0.54,0.23,0.48,0.69,0.65,0.64,0.69,0.51,0.46,0.52,0.5,0.45,0.23,0.19,0.18,0.26,0.4,0.58,RW,ATT,0
Gurkirat Singh,ST,India,0.52,0.67,0.56,0.41,0.53,0.27,0.62,0.75,0.6,0.65,0.68,0.52,0.39,0.72,0.59,0.61,0.16,0.25,0.44,0.16,0.35,0.62,ST,ATT,6
Harrison Smith,ST,England,0.52,0.68,0.5,0.36,0.46,0.23,0.63,0.66,0.69,0.54,0.65,0.49,0.45,0.69,0.58,0.67,0.18,0.17,0.19,0.24,0.56,0.53,ST,ATT,6
Raul Stanciu,ST,Romania,0.52,0.56,0.53,0.38,0.55,0.21,0.42,0.5,0.6,0.59,0.54,0.54,0.5,0.44,0.46,0.4,0.18,0.12,0.15,0.21,0.53,0.53,ST,ATT,6
Arion Sulemani,ST,Australia,0.52,0.68,0.52,0.38,0.48,0.33,0.58,0.65,0.7,0.66,0.65,0.44,0.48,0.65,0.53,0.58,0.35,0.31,0.27,0.34,0.47,0.56,ST,ATT,6
Tian Yuda,ST,China PR,0.52,0.53,0.53,0.38,0.49,0.17,0.6,0.54,0.53,0.46,0.35,0.49,0.48,0.74,0.57,0.62,0.12,0.13,0.12,0.16,0.5,0.49,ST,ATT,6
Forster Ajago,ST,Ghana,0.51,0.57,0.51,0.36,0.46,0.21,0.54,0.59,0.56,0.54,0.58,0.44,0.46,0.63,0.52,0.66,0.15,0.13,0.19,0.18,0.63,0.55,ST,ATT,6
Ayush Chhikara,ST,India,0.51,0.64,0.49,0.37,0.52,0.2,0.58,0.63,0.64,0.66,0.64,0.5,0.43,0.68,0.5,0.59,0.18,0.18,0.16,0.13,0.49,0.47,ST,ATT,6
Makise Evans,ST,England,0.51,0.68,0.5,0.39,0.51,0.16,0.41,0.7,0.67,0.62,0.77,0.45,0.49,0.4,0.49,0.41,0.15,0.1,0.11,0.11,0.48,0.45,ST,ATT,0
Caden Glover,ST,United States,0.51,0.62,0.52,0.34,0.53,0.17,0.4,0.59,0.65,0.67,0.69,0.51,0.51,0.37,0.55,0.4,0.11,0.15,0.12,0.18,0.5,0.49,ST,ATT,6
Ha Jeong Woo,ST,Korea Republic,0.51,0.5,0.47,0.36,0.46,0.26,0.69,0.48,0.52,0.51,0.44,0.47,0.46,0.78,0.65,0.7,0.17,0.22,0.24,0.25,0.61,0.45,ST,ATT,6
Jeong Seung Bae,RW,Korea Republic,0.51,0.7,0.52,0.44,0.54,0.24,0.41,0.72,0.68,0.6,0.76,0.53,0.33,0.45,0.41,0.42,0.3,0.22,0.18,0.22,0.34,0.6,RW,ATT,0
Liu Guobao,ST,China PR,0.51,0.67,0.51,0.34,0.47,0.19,0.53,0.68,0.66,0.51,0.62,0.48,0.54,0.58,0.59,0.58,0.19,0.1,0.14,0.17,0.5,0.5,ST,ATT,6
Julian Placias,ST,United States,0.51,0.52,0.5,0.37,0.47,0.22,0.62,0.5,0.54,0.45,0.51,0.47,0.42,0.66,0.61,0.64,0.18,0.2,0.18,0.16,0.63,0.49,ST,ATT,6
Ranjeet Singh Pandre,ST,India,0.51,0.67,0.51,0.37,0.51,0.18,0.52,0.61,0.71,0.57,0.6,0.49,0.51,0.59,0.55,0.56,0.18,0.1,0.12,0.14,0.5,0.51,ST,ATT,6
Kimani Stewart-Baynes,ST,Canada,0.51,0.72,0.5,0.38,0.52,0.19,0.47,0.71,0.72,0.51,0.75,0.46,0.52,0.51,0.55,0.49,0.17,0.16,0.15,0.16,0.44,0.5,ST,ATT,6
Adam Vendelbo,ST,Denmark,0.51,0.64,0.52,0.39,0.51,0.18,0.48,0.61,0.66,0.5,0.69,0.47,0.52,0.52,0.43,0.44,0.12,0.18,0.17,0.15,0.44,0.51,ST,ATT,6
Yoo Sun Woo,RW,Korea Republic,0.51,0.61,0.5,0.43,0.56,0.24,0.47,0.6,0.61,0.64,0.68,0.56,0.38,0.53,0.48,0.39,0.26,0.22,0.22,0.21,0.28,0.56,RW,ATT,0
Saad Al Muwallad,ST,Saudi Arabia,0.5,0.69,0.49,0.36,0.5,0.2,0.61,0.65,0.73,0.52,0.64,0.49,0.45,0.7,0.57,0.63,0.15,0.18,0.15,0.19,0.51,0.46,ST,ATT,6
Søren Andreasen,ST,Denmark,0.5,0.54,0.51,0.41,0.49,0.23,0.42,0.53,0.54,0.58,0.8,0.46,0.54,0.42,0.55,0.36,0.15,0.19,0.28,0.16,0.48,0.5,ST,ATT,6
Baek Seung Heon,RW,Korea Republic,0.5,0.66,0.46,0.39,0.57,0.22,0.41,0.68,0.65,0.67,0.81,0.55,0.33,0.43,0.51,0.33,0.22,0.24,0.18,0.24,0.32,0.52,RW,ATT,0
Bridel Bosakani,ST,Republic of Ireland,0.5,0.64,0.51,0.38,0.49,0.15,0.53,0.62,0.66,0.54,0.54,0.46,0.4,0.52,0.59,0.48,0.1,0.11,0.12,0.11,0.47,0.5,ST,ATT,6
Chen Xiangyu,ST,China PR,0.5,0.52,0.49,0.39,0.46,0.19,0.46,0.54,0.5,0.53,0.54,0.46,0.52,0.59,0.34,0.54,0.16,0.14,0.16,0.15,0.53,0.45,ST,ATT,6
Cho Jin Hyuk,RW,Korea Republic,0.5,0.63,0.47,0.42,0.53,0.26,0.51,0.62,0.63,0.66,0.58,0.46,0.51,0.59,0.53,0.47,0.26,0.22,0.22,0.28,0.4,0.56,RW,ATT,6
Ha Dong Seon,ST,Korea Republic,0.5,0.58,0.5,0.39,0.47,0.18,0.51,0.57,0.59,0.55,0.63,0.49,0.48,0.57,0.59,0.58,0.13,0.12,0.18,0.12,0.55,0.47,ST,ATT,6
Abhishek Halder,ST,India,0.5,0.62,0.48,0.44,0.5,0.18,0.46,0.61,0.62,0.59,0.64,0.48,0.52,0.47,0.49,0.39,0.15,0.15,0.12,0.21,0.43,0.53,ST,ATT,6
Marco Hoffmann,ST,Austria,0.5,0.6,0.46,0.57,0.54,0.4,0.41,0.5,0.69,0.54,0.68,0.59,0.43,0.4,0.46,0.34,0.47,0.45,0.4,0.22,0.48,0.49,ST,ATT,0
Ashish Jha,LW,India,0.5,0.64,0.56,0.41,0.52,0.21,0.52,0.69,0.6,0.64,0.54,0.5,0.36,0.6,0.44,0.61,0.18,0.16,0.19,0.16,0.5,0.62,LW,ATT,6
Jung Jae Sang,ST,Korea Republic,0.5,0.53,0.5,0.35,0.48,0.2,0.61,0.52,0.53,0.49,0.51,0.49,0.53,0.72,0.6,0.58,0.19,0.13,0.16,0.19,0.48,0.48,ST,ATT,6
Kim Hae Seung,ST,Korea Republic,0.5,0.73,0.48,0.34,0.45,0.18,0.51,0.72,0.73,0.61,0.54,0.4,0.52,0.59,0.48,0.62,0.16,0.12,0.15,0.13,0.51,0.52,ST,ATT,6
Li Deming,RW,China PR,0.5,0.7,0.54,0.4,0.53,0.24,0.39,0.69,0.71,0.81,0.85,0.46,0.3,0.43,0.41,0.35,0.23,0.2,0.23,0.21,0.37,0.61,RW,ATT,0
Rory MacLeod,ST,Scotland,0.5,0.7,0.49,0.38,0.52,0.19,0.34,0.72,0.68,0.64,0.5,0.55,0.53,0.33,0.34,0.36,0.18,0.18,0.15,0.16,0.42,0.46,ST,ATT,0
Jovan Mijatovic,ST,Serbia,0.5,0.54,0.51,0.41,0.51,0.23,0.49,0.55,0.54,0.54,0.66,0.5,0.45,0.53,0.56,0.5,0.21,0.17,0.2,0.19,0.51,0.53,ST,ATT,6
Roald Mitchell,ST,United States,0.5,0.71,0.52,0.36,0.49,0.18,0.44,0.68,0.74,0.52,0.62,0.44,0.52,0.47,0.52,0.42,0.17,0.13,0.16,0.14,0.44,0.51,ST,ATT,6
Monirul Molla,ST,India,0.5,0.65,0.51,0.41,0.5,0.17,0.45,0.64,0.65,0.61,0.44,0.52,0.48,0.45,0.56,0.44,0.12,0.19,0.15,0.11,0.45,0.53,ST,ATT,6
Adem Sipić,ST,United States,0.5,0.61,0.49,0.32,0.46,0.23,0.56,0.6,0.62,0.49,0.52,0.47,0.47,0.63,0.51,0.6,0.2,0.16,0.18,0.23,0.54,0.5,ST,ATT,6
Denis Ștefan,ST,Romania,0.5,0.64,0.51,0.41,0.52,0.19,0.44,0.63,0.65,0.58,0.65,0.51,0.45,0.45,0.59,0.39,0.13,0.18,0.16,0.2,0.42,0.47,ST,ATT,6
Nihal Sudeesh,ST,India,0.5,0.68,0.51,0.45,0.53,0.34,0.52,0.67,0.69,0.66,0.72,0.52,0.33,0.6,0.56,0.5,0.36,0.35,0.36,0.27,0.37,0.58,ST,ATT,0
Tang Xu,ST,China PR,0.5,0.61,0.5,0.37,0.47,0.21,0.5,0.62,0.6,0.63,0.57,0.43,0.55,0.56,0.47,0.52,0.21,0.16,0.12,0.21,0.48,0.45,ST,ATT,6
Ahn Chang Min,ST,Korea Republic,0.49,0.55,0.48,0.37,0.44,0.35,0.66,0.53,0.56,0.56,0.5,0.45,0.46,0.72,0.59,0.66,0.3,0.25,0.4,0.3,0.57,0.5,ST,ATT,6
Rayan Al Johani,ST,Saudi Arabia,0.49,0.56,0.49,0.36,0.51,0.19,0.48,0.59,0.54,0.56,0.73,0.47,0.48,0.5,0.59,0.6,0.14,0.19,0.12,0.19,0.52,0.5,ST,ATT,6
Zavier Gozo,RW,United States,0.49,0.64,0.47,0.39,0.49,0.17,0.43,0.63,0.64,0.56,0.6,0.44,0.48,0.45,0.5,0.44,0.14,0.14,0.15,0.1,0.47,0.45,RW,ATT,6
Jeon Yong Jun,RW,Korea Republic,0.49,0.62,0.44,0.42,0.5,0.2,0.49,0.63,0.62,0.53,0.56,0.46,0.46,0.53,0.52,0.4,0.22,0.21,0.16,0.15,0.3,0.45,RW,ATT,6
Lee Gyu Min,LW,Korea Republic,0.49,0.59,0.5,0.43,0.51,0.26,0.43,0.57,0.6,0.53,0.62,0.53,0.38,0.48,0.45,0.35,0.26,0.22,0.25,0.26,0.35,0.57,LW,ATT,0
Liu Xiaolong,LW,China PR,0.49,0.59,0.49,0.42,0.52,0.23,0.42,0.63,0.55,0.62,0.63,0.51,0.33,0.45,0.44,0.36,0.26,0.28,0.16,0.19,0.35,0.55,LW,ATT,0
Liu Junxian,ST,China PR,0.49,0.58,0.51,0.36,0.51,0.17,0.4,0.56,0.59,0.68,0.8,0.42,0.51,0.43,0.4,0.37,0.12,0.15,0.12,0.16,0.48,0.5,ST,ATT,6
Fardin Ali Molla,ST,India,0.49,0.62,0.52,0.43,0.56,0.18,0.37,0.65,0.59,0.81,0.87,0.52,0.44,0.34,0.44,0.4,0.16,0.11,0.16,0.19,0.35,0.51,ST,ATT,0
Park Ju Seung,ST,Korea Republic,0.49,0.59,0.44,0.41,0.51,0.38,0.47,0.62,0.57,0.62,0.62,0.47,0.58,0.44,0.53,0.39,0.42,0.37,0.26,0.45,0.46,0.46,ST,ATT,0
Park Se Min,RW,Korea Republic,0.49,0.64,0.48,0.4,0.51,0.28,0.45,0.6,0.68,0.55,0.7,0.48,0.51,0.5,0.48,0.41,0.28,0.26,0.26,0.25,0.39,0.52,RW,ATT,0
James Rainbird,ST,England,0.49,0.7,0.46,0.42,0.51,0.34,0.49,0.71,0.7,0.67,0.63,0.5,0.47,0.46,0.6,0.43,0.36,0.33,0.32,0.3,0.41,0.46,ST,ATT,0
Thoi Singh,LW,India,0.49,0.71,0.4,0.39,0.54,0.22,0.43,0.78,0.66,0.74,0.8,0.48,0.42,0.42,0.44,0.48,0.21,0.24,0.21,0.19,0.28,0.45,LW,ATT,0
David Vazquez,LW,United States,0.49,0.67,0.5,0.39,0.51,0.22,0.39,0.68,0.67,0.51,0.69,0.53,0.37,0.41,0.48,0.32,0.2,0.24,0.21,0.18,0.33,0.64,LW,ATT,0
Irfan Yadwad,ST,India,0.49,0.48,0.47,0.35,0.46,0.2,0.61,0.49,0.47,0.63,0.47,0.45,0.46,0.66,0.6,0.69,0.18,0.16,0.15,0.13,0.55,0.48,ST,ATT,6
Markus Anderson,LW,United States,0.48,0.65,0.52,0.37,0.5,0.24,0.38,0.66,0.64,0.51,0.69,0.49,0.3,0.36,0.49,0.31,0.25,0.22,0.19,0.24,0.36,0.6,LW,ATT,0
Baek Min Gyu,ST,Korea Republic,0.48,0.61,0.47,0.36,0.51,0.18,0.53,0.62,0.61,0.57,0.6,0.48,0.48,0.61,0.57,0.5,0.18,0.16,0.15,0.13,0.42,0.45,ST,ATT,6
Qeyser Ezimet,RW,China PR,0.48,0.65,0.47,0.39,0.52,0.25,0.42,0.63,0.66,0.56,0.69,0.53,0.32,0.44,0.48,0.32,0.25,0.29,0.23,0.19,0.36,0.59,RW,ATT,0
Jung Eun Woo,RW,Korea Republic,0.48,0.61,0.45,0.41,0.52,0.21,0.36,0.6,0.62,0.64,0.56,0.48,0.35,0.36,0.39,0.27,0.26,0.22,0.15,0.16,0.31,0.46,RW,ATT,0
Aphaoba Singh,ST,India,0.48,0.64,0.46,0.36,0.43,0.17,0.52,0.64,0.64,0.55,0.53,0.4,0.48,0.57,0.53,0.56,0.11,0.1,0.18,0.11,0.5,0.48,ST,ATT,6
Zheng Junwei,ST,China PR,0.48,0.36,0.48,0.35,0.41,0.21,0.56,0.34,0.38,0.41,0.39,0.42,0.4,0.72,0.34,0.59,0.16,0.21,0.16,0.17,0.59,0.51,ST,ATT,6
Mohammed Aimen,ST,India,0.47,0.64,0.45,0.45,0.53,0.26,0.49,0.65,0.64,0.6,0.57,0.52,0.34,0.5,0.6,0.4,0.28,0.28,0.26,0.16,0.35,0.51,ST,ATT,0
Kim Myeong Jun,ST,Korea Republic,0.47,0.49,0.46,0.38,0.46,0.2,0.51,0.5,0.48,0.51,0.52,0.46,0.43,0.57,0.53,0.51,0.18,0.16,0.15,0.18,0.52,0.45,ST,ATT,6
