Name,Position,Nation,overall,pace,shooting,passing,dribbling,defending,physical,acceleration,sprint_speed,agility,balance,ball_control,reactions,strength,stamina,jumping,standing_tackle,sliding_tackle,def_awareness,interceptions,heading_accuracy,shot_power,primary_pos,pos_group,def_cluster
Virgil van Dijk,CB,Holland,0.89,0.78,0.6,0.71,0.71,0.89,0.86,0.66,0.87,0.54,0.5,0.77,0.88,0.93,0.72,0.89,0.91,0.86,0.9,0.88,0.87,0.81,CB,DEF,0
Rúben Dias,CB,Portugal,0.88,0.67,0.39,0.7,0.69,0.89,0.87,0.65,0.68,0.62,0.56,0.75,0.89,0.9,0.78,0.88,0.9,0.87,0.9,0.87,0.87,0.74,CB,DEF,0
Antonio Rüdiger,CB,Germany,0.88,0.82,0.55,0.73,0.7,0.86,0.86,0.71,0.91,0.56,0.5,0.74,0.86,0.91,0.7,0.89,0.88,0.87,0.86,0.85,0.83,0.84,CB,DEF,0
William Saliba,CB,France,0.87,0.82,0.39,0.7,0.74,0.87,0.83,0.77,0.86,0.53,0.46,0.82,0.86,0.87,0.72,0.89,0.89,0.86,0.88,0.86,0.79,0.6,CB,DEF,0
Theo Hernández,LB,France,0.87,0.95,0.76,0.78,0.84,0.81,0.89,0.95,0.95,0.83,0.81,0.85,0.85,0.88,0.92,0.95,0.86,0.8,0.78,0.8,0.77,0.86,LB,DEF,0
Marquinhos,CB,Brazil,0.87,0.79,0.56,0.75,0.74,0.89,0.81,0.76,0.81,0.68,0.67,0.79,0.86,0.79,0.83,0.89,0.89,0.88,0.9,0.89,0.88,0.65,CB,DEF,0
Alessandro Bastoni,CB,Italy,0.87,0.75,0.43,0.75,0.76,0.87,0.83,0.72,0.78,0.64,0.61,0.83,0.87,0.83,0.81,0.89,0.87,0.85,0.87,0.88,0.86,0.59,CB,DEF,0
Gabriel,CB,Brazil,0.86,0.69,0.41,0.63,0.61,0.86,0.82,0.61,0.76,0.51,0.37,0.71,0.85,0.86,0.71,0.86,0.86,0.86,0.87,0.86,0.87,0.62,CB,DEF,0
João Cancelo,LB,Portugal,0.86,0.81,0.73,0.85,0.85,0.8,0.72,0.86,0.77,0.79,0.78,0.87,0.84,0.62,0.88,0.8,0.83,0.79,0.79,0.81,0.72,0.8,LB,DEF,0
Carvajal,RB,Spain,0.86,0.81,0.58,0.79,0.81,0.81,0.79,0.82,0.81,0.78,0.84,0.85,0.85,0.74,0.84,0.85,0.84,0.83,0.8,0.81,0.76,0.68,RB,DEF,0
Trent Alexander-Arnold,RB,England,0.86,0.75,0.72,0.9,0.8,0.8,0.74,0.72,0.78,0.73,0.72,0.85,0.85,0.68,0.89,0.75,0.82,0.78,0.78,0.84,0.69,0.85,RB,DEF,0
Jonathan Tah,CB,Germany,0.86,0.71,0.38,0.6,0.62,0.86,0.84,0.53,0.86,0.49,0.4,0.67,0.84,0.92,0.69,0.86,0.87,0.81,0.87,0.83,0.87,0.6,CB,DEF,0
Bremer,CB,Brazil,0.86,0.82,0.5,0.58,0.66,0.86,0.85,0.78,0.86,0.65,0.67,0.68,0.79,0.89,0.75,0.94,0.87,0.84,0.87,0.84,0.87,0.68,CB,DEF,0
Joshua Kimmich,RB,Germany,0.86,0.69,0.74,0.88,0.84,0.81,0.77,0.77,0.62,0.83,0.84,0.85,0.88,0.68,0.88,0.79,0.82,0.83,0.81,0.85,0.72,0.78,RB,DEF,0
David Alaba,CB,Austria,0.85,0.79,0.71,0.83,0.8,0.85,0.77,0.78,0.79,0.76,0.78,0.83,0.88,0.78,0.73,0.86,0.84,0.83,0.89,0.87,0.77,0.82,CB,DEF,0
Ronald Araujo,CB,Uruguay,0.85,0.82,0.53,0.64,0.62,0.85,0.84,0.76,0.86,0.56,0.55,0.68,0.84,0.87,0.72,0.92,0.85,0.85,0.84,0.85,0.85,0.68,CB,DEF,0
Éder Militão,CB,Brazil,0.85,0.85,0.5,0.69,0.71,0.85,0.82,0.81,0.88,0.7,0.62,0.72,0.84,0.79,0.85,0.91,0.86,0.85,0.85,0.85,0.86,0.62,CB,DEF,0
Jules Koundé,RB,France,0.85,0.84,0.45,0.7,0.75,0.86,0.8,0.85,0.83,0.71,0.74,0.77,0.86,0.8,0.78,0.9,0.86,0.84,0.87,0.86,0.8,0.48,RB,DEF,0
Andrew Robertson,LB,Scotland,0.85,0.78,0.61,0.82,0.79,0.81,0.78,0.79,0.78,0.75,0.74,0.82,0.85,0.67,0.93,0.76,0.83,0.81,0.82,0.81,0.67,0.76,LB,DEF,0
Nico Schlotterbeck,CB,Germany,0.85,0.77,0.59,0.7,0.73,0.85,0.82,0.78,0.76,0.68,0.64,0.71,0.83,0.84,0.74,0.91,0.87,0.86,0.85,0.83,0.85,0.75,CB,DEF,0
John Stones,CB,England,0.85,0.69,0.58,0.75,0.79,0.85,0.77,0.68,0.69,0.68,0.67,0.83,0.87,0.77,0.74,0.84,0.86,0.84,0.86,0.84,0.84,0.68,CB,DEF,0
Francesco Acerbi,CB,Italy,0.84,0.6,0.5,0.64,0.65,0.86,0.8,0.61,0.59,0.38,0.33,0.72,0.83,0.85,0.68,0.86,0.89,0.83,0.87,0.84,0.84,0.75,CB,DEF,0
Manuel Akanji,CB,Switzerland,0.84,0.78,0.48,0.71,0.75,0.85,0.82,0.76,0.8,0.66,0.54,0.78,0.86,0.86,0.71,0.9,0.86,0.84,0.86,0.84,0.79,0.75,CB,DEF,0
Nathan Aké,CB,Holland,0.84,0.76,0.53,0.72,0.75,0.84,0.77,0.77,0.75,0.67,0.68,0.79,0.84,0.78,0.71,0.88,0.85,0.84,0.84,0.83,0.82,0.64,CB,DEF,0
Matthijs de Ligt,CB,Holland,0.84,0.62,0.61,0.63,0.67,0.85,0.83,0.54,0.68,0.52,0.62,0.72,0.84,0.91,0.64,0.86,0.85,0.86,0.85,0.82,0.85,0.84,CB,DEF,0
Federico Dimarco,LB,Italy,0.84,0.8,0.77,0.84,0.83,0.78,0.81,0.83,0.78,0.8,0.84,0.86,0.83,0.78,0.85,0.82,0.8,0.79,0.79,0.8,0.65,0.81,LB,DEF,0
Achraf Hakimi,RB,Morocco,0.84,0.91,0.76,0.8,0.8,0.75,0.78,0.89,0.93,0.81,0.77,0.82,0.82,0.72,0.92,0.82,0.76,0.76,0.75,0.78,0.68,0.82,RB,DEF,0
Kalidou Koulibaly,CB,Senegal,0.84,0.76,0.48,0.64,0.67,0.85,0.84,0.66,0.85,0.43,0.33,0.72,0.85,0.9,0.74,0.82,0.85,0.83,0.86,0.84,0.82,0.67,CB,DEF,0
Lisandro Martínez,CB,Argentina,0.84,0.71,0.59,0.78,0.79,0.85,0.81,0.74,0.68,0.77,0.82,0.81,0.84,0.79,0.75,0.84,0.87,0.84,0.86,0.85,0.75,0.73,CB,DEF,0
Ferland Mendy,LB,France,0.84,0.89,0.64,0.76,0.76,0.81,0.85,0.88,0.89,0.8,0.79,0.76,0.81,0.84,0.89,0.9,0.83,0.82,0.8,0.81,0.72,0.69,LB,DEF,0
Benjamin Pavard,CB,France,0.84,0.75,0.67,0.75,0.75,0.86,0.81,0.74,0.76,0.71,0.7,0.78,0.86,0.8,0.84,0.88,0.87,0.84,0.85,0.86,0.84,0.8,CB,DEF,0
Cristian Romero,CB,Argentina,0.84,0.68,0.46,0.59,0.66,0.85,0.81,0.67,0.68,0.67,0.64,0.69,0.85,0.83,0.71,0.86,0.86,0.85,0.85,0.86,0.82,0.51,CB,DEF,0
Kyle Walker,RB,England,0.84,0.89,0.64,0.77,0.78,0.79,0.81,0.84,0.93,0.66,0.69,0.82,0.85,0.8,0.81,0.87,0.85,0.83,0.75,0.78,0.72,0.87,RB,DEF,0
Benjamin White,RB,England,0.84,0.73,0.35,0.77,0.78,0.83,0.8,0.7,0.75,0.68,0.61,0.83,0.84,0.78,0.83,0.83,0.84,0.82,0.83,0.84,0.78,0.53,RB,DEF,0
Marcos Acuña,LB,Argentina,0.83,0.74,0.74,0.82,0.82,0.8,0.84,0.75,0.74,0.82,0.9,0.82,0.84,0.82,0.9,0.79,0.84,0.83,0.81,0.81,0.61,0.83,LB,DEF,0
Andreas Christensen,CB,Denmark,0.83,0.67,0.32,0.68,0.71,0.85,0.76,0.56,0.76,0.61,0.61,0.79,0.84,0.78,0.73,0.8,0.86,0.84,0.86,0.86,0.8,0.37,CB,DEF,0
Stefan de Vrij,CB,Holland,0.83,0.62,0.41,0.65,0.69,0.85,0.75,0.63,0.61,0.6,0.6,0.74,0.83,0.78,0.67,0.82,0.85,0.81,0.86,0.87,0.79,0.65,CB,DEF,0
José María Giménez,CB,Uruguay,0.83,0.71,0.46,0.58,0.61,0.85,0.82,0.7,0.71,0.56,0.57,0.66,0.78,0.85,0.71,0.88,0.85,0.85,0.87,0.84,0.82,0.73,CB,DEF,0
Joško Gvardiol,LB,Croatia,0.83,0.79,0.69,0.74,0.78,0.83,0.83,0.8,0.79,0.68,0.67,0.81,0.84,0.83,0.79,0.9,0.84,0.84,0.83,0.82,0.78,0.81,LB,DEF,0
Lucas Hernández,CB,France,0.83,0.74,0.54,0.72,0.71,0.84,0.78,0.7,0.78,0.69,0.69,0.77,0.85,0.78,0.66,0.85,0.85,0.84,0.85,0.83,0.82,0.62,CB,DEF,0
Kim Min Jae,CB,Korea Republic,0.83,0.76,0.33,0.57,0.63,0.85,0.83,0.74,0.78,0.65,0.65,0.68,0.82,0.86,0.76,0.84,0.87,0.85,0.84,0.85,0.81,0.51,CB,DEF,0
Ibrahima Konaté,CB,France,0.83,0.75,0.34,0.59,0.68,0.83,0.84,0.69,0.8,0.55,0.34,0.74,0.81,0.9,0.71,0.83,0.85,0.81,0.82,0.82,0.81,0.45,CB,DEF,0
Aymeric Laporte,CB,Spain,0.83,0.55,0.5,0.74,0.7,0.85,0.76,0.5,0.59,0.57,0.54,0.82,0.83,0.82,0.68,0.81,0.87,0.84,0.83,0.86,0.82,0.68,CB,DEF,0
Robin Le Normand,CB,Spain,0.83,0.62,0.26,0.54,0.6,0.84,0.79,0.58,0.66,0.41,0.51,0.74,0.83,0.86,0.7,0.86,0.86,0.82,0.84,0.83,0.85,0.4,CB,DEF,0
Willi Orban,CB,Hungary,0.83,0.58,0.36,0.56,0.56,0.85,0.78,0.5,0.65,0.48,0.52,0.59,0.82,0.85,0.58,0.9,0.86,0.81,0.86,0.83,0.85,0.37,CB,DEF,3
Pedro Porro,RB,Spain,0.83,0.82,0.73,0.8,0.81,0.78,0.77,0.8,0.84,0.8,0.71,0.83,0.81,0.71,0.91,0.79,0.81,0.77,0.77,0.78,0.69,0.83,RB,DEF,0
Alessio Romagnoli,CB,Italy,0.83,0.64,0.4,0.56,0.69,0.85,0.79,0.65,0.64,0.52,0.54,0.75,0.82,0.83,0.68,0.86,0.86,0.86,0.86,0.85,0.81,0.63,CB,DEF,0
Edmond Tapsoba,CB,Burkina Faso,0.83,0.75,0.54,0.68,0.7,0.85,0.79,0.73,0.76,0.66,0.64,0.74,0.81,0.83,0.69,0.83,0.88,0.78,0.84,0.85,0.83,0.74,CB,DEF,0
Nuno Mendes,LB,Portugal,0.83,0.89,0.58,0.76,0.82,0.78,0.76,0.91,0.88,0.82,0.84,0.82,0.81,0.73,0.81,0.86,0.79,0.8,0.77,0.78,0.72,0.8,LB,DEF,0
Fikayo Tomori,CB,England,0.83,0.84,0.4,0.6,0.68,0.85,0.8,0.81,0.87,0.74,0.71,0.7,0.84,0.81,0.71,0.92,0.87,0.81,0.84,0.84,0.83,0.56,CB,DEF,0
Kieran Trippier,RB,England,0.83,0.67,0.65,0.85,0.78,0.81,0.72,0.71,0.64,0.66,0.79,0.83,0.83,0.64,0.85,0.79,0.83,0.8,0.79,0.81,0.79,0.81,RB,DEF,0
Sven Botman,CB,Holland,0.82,0.6,0.37,0.63,0.65,0.83,0.83,0.49,0.69,0.51,0.34,0.74,0.81,0.9,0.7,0.83,0.83,0.82,0.84,0.82,0.81,0.65,CB,DEF,0
Marc Cucurella,LB,Spain,0.82,0.75,0.6,0.8,0.8,0.78,0.76,0.78,0.73,0.82,0.83,0.82,0.81,0.67,0.88,0.76,0.81,0.78,0.78,0.78,0.68,0.7,LB,DEF,0
Danilo,CB,Brazil,0.82,0.76,0.67,0.74,0.74,0.84,0.77,0.7,0.8,0.63,0.66,0.79,0.8,0.8,0.69,0.85,0.85,0.81,0.84,0.84,0.79,0.82,CB,DEF,0
Diogo Dalot,RB,Portugal,0.82,0.85,0.63,0.77,0.8,0.79,0.79,0.84,0.86,0.76,0.71,0.81,0.8,0.75,0.83,0.88,0.8,0.82,0.76,0.79,0.77,0.82,RB,DEF,0
Alphonso Davies,LB,Canada,0.82,0.95,0.66,0.77,0.84,0.72,0.76,0.96,0.95,0.85,0.83,0.84,0.83,0.75,0.8,0.86,0.73,0.73,0.69,0.78,0.69,0.74,LB,DEF,0
Giovanni Di Lorenzo,RB,Italy,0.82,0.83,0.67,0.73,0.76,0.79,0.8,0.82,0.84,0.76,0.78,0.77,0.78,0.77,0.87,0.85,0.81,0.79,0.79,0.8,0.71,0.72,RB,DEF,0
Denzel Dumfries,RB,Holland,0.82,0.83,0.66,0.73,0.74,0.78,0.88,0.77,0.87,0.69,0.61,0.78,0.81,0.89,0.89,0.94,0.79,0.78,0.76,0.76,0.85,0.7,RB,DEF,0
Nacho Fernández,CB,Spain,0.82,0.73,0.37,0.68,0.71,0.82,0.79,0.69,0.77,0.65,0.76,0.79,0.81,0.79,0.79,0.84,0.83,0.81,0.82,0.82,0.79,0.54,CB,DEF,0
Pau Torres,CB,Spain,0.82,0.7,0.41,0.77,0.7,0.83,0.79,0.66,0.73,0.64,0.52,0.8,0.8,0.78,0.78,0.85,0.83,0.82,0.83,0.83,0.85,0.58,CB,DEF,0
Gayà,LB,Spain,0.82,0.81,0.61,0.77,0.79,0.78,0.74,0.79,0.82,0.82,0.8,0.8,0.82,0.67,0.86,0.73,0.81,0.83,0.79,0.8,0.58,0.62,LB,DEF,0
Matthias Ginter,CB,Germany,0.82,0.54,0.59,0.71,0.66,0.85,0.75,0.54,0.54,0.54,0.5,0.75,0.85,0.84,0.57,0.83,0.86,0.78,0.87,0.85,0.83,0.79,CB,DEF,0
Raphaël Guerreiro,LB,Portugal,0.82,0.63,0.78,0.85,0.88,0.76,0.56,0.78,0.51,0.9,0.9,0.89,0.88,0.49,0.79,0.5,0.78,0.77,0.79,0.85,0.42,0.79,LB,DEF,0
Reece James,RB,England,0.82,0.78,0.72,0.83,0.82,0.82,0.82,0.76,0.79,0.72,0.88,0.84,0.81,0.88,0.67,0.88,0.84,0.8,0.83,0.8,0.74,0.85,RB,DEF,0
Gianluca Mancini,CB,Italy,0.82,0.71,0.45,0.56,0.64,0.83,0.85,0.65,0.75,0.34,0.57,0.76,0.82,0.84,0.8,0.86,0.84,0.79,0.84,0.84,0.82,0.51,CB,DEF,0
Nahuel Molina,RB,Argentina,0.82,0.85,0.67,0.75,0.78,0.78,0.71,0.84,0.85,0.82,0.76,0.8,0.79,0.61,0.86,0.76,0.79,0.77,0.79,0.8,0.64,0.7,RB,DEF,0
Fabian Schär,CB,Switzerland,0.82,0.51,0.68,0.77,0.74,0.84,0.79,0.5,0.51,0.53,0.63,0.77,0.83,0.8,0.77,0.8,0.84,0.8,0.84,0.85,0.82,0.8,CB,DEF,0
Luke Shaw,LB,England,0.82,0.75,0.57,0.82,0.78,0.81,0.78,0.72,0.77,0.66,0.74,0.82,0.8,0.77,0.73,0.84,0.83,0.79,0.8,0.83,0.76,0.8,LB,DEF,0
Chris Smalling,CB,England,0.82,0.54,0.47,0.58,0.61,0.85,0.79,0.4,0.66,0.5,0.37,0.65,0.8,0.84,0.66,0.8,0.86,0.84,0.86,0.83,0.86,0.42,CB,DEF,3
Niklas Süle,CB,Germany,0.82,0.7,0.51,0.67,0.64,0.83,0.79,0.6,0.78,0.34,0.44,0.7,0.81,0.93,0.52,0.79,0.83,0.83,0.83,0.86,0.76,0.78,CB,DEF,0
Destiny Udogie,LB,Italy,0.82,0.88,0.65,0.74,0.8,0.78,0.8,0.86,0.89,0.78,0.7,0.81,0.79,0.78,0.83,0.85,0.79,0.76,0.77,0.81,0.69,0.74,LB,DEF,0
Dayot Upamecano,CB,France,0.82,0.81,0.45,0.63,0.73,0.81,0.85,0.76,0.85,0.66,0.65,0.75,0.81,0.87,0.77,0.85,0.84,0.82,0.79,0.79,0.81,0.64,CB,DEF,0
Micky van de Ven,CB,Holland,0.82,0.88,0.47,0.64,0.71,0.83,0.81,0.81,0.93,0.59,0.49,0.75,0.8,0.84,0.74,0.89,0.84,0.83,0.83,0.83,0.75,0.48,CB,DEF,0
Raphaël Varane,CB,France,0.82,0.73,0.49,0.64,0.69,0.83,0.77,0.69,0.77,0.59,0.39,0.75,0.81,0.84,0.58,0.88,0.86,0.77,0.82,0.83,0.84,0.52,CB,DEF,0
Yeray,CB,Spain,0.81,0.64,0.49,0.7,0.65,0.83,0.76,0.6,0.68,0.55,0.73,0.74,0.83,0.77,0.68,0.78,0.83,0.82,0.83,0.86,0.75,0.69,CB,DEF,0
Waldemar Anton,CB,Germany,0.81,0.69,0.46,0.65,0.67,0.81,0.83,0.61,0.75,0.62,0.58,0.7,0.81,0.85,0.79,0.84,0.81,0.78,0.85,0.79,0.78,0.58,CB,DEF,0
Balde,LB,Spain,0.81,0.91,0.48,0.73,0.78,0.75,0.64,0.9,0.91,0.81,0.74,0.8,0.78,0.63,0.75,0.79,0.8,0.79,0.72,0.75,0.66,0.53,LB,DEF,0
Matteo Darmian,RB,Italy,0.81,0.72,0.62,0.75,0.76,0.8,0.75,0.68,0.76,0.79,0.8,0.8,0.83,0.7,0.79,0.79,0.81,0.8,0.8,0.8,0.76,0.69,RB,DEF,0
Marc Guéhi,CB,England,0.81,0.72,0.39,0.65,0.72,0.82,0.77,0.69,0.75,0.69,0.65,0.76,0.82,0.78,0.73,0.84,0.83,0.82,0.82,0.81,0.79,0.49,CB,DEF,0
Dávid Hancko,CB,Slovakia,0.81,0.78,0.66,0.72,0.74,0.81,0.8,0.77,0.78,0.74,0.55,0.77,0.83,0.82,0.78,0.84,0.81,0.83,0.81,0.79,0.81,0.75,CB,DEF,0
Benjamin Henrichs,RB,Germany,0.81,0.74,0.54,0.76,0.78,0.79,0.74,0.75,0.73,0.75,0.69,0.78,0.8,0.74,0.75,0.78,0.82,0.85,0.78,0.78,0.66,0.62,RB,DEF,0
Piero Hincapié,CB,Ecuador,0.81,0.78,0.4,0.64,0.72,0.81,0.8,0.79,0.78,0.74,0.68,0.74,0.79,0.77,0.8,0.88,0.83,0.86,0.8,0.78,0.78,0.5,CB,DEF,0
Ferdi Kadıoğlu,LB,Turkey,0.81,0.88,0.65,0.75,0.85,0.75,0.76,0.9,0.87,0.9,0.88,0.83,0.78,0.73,0.91,0.75,0.77,0.78,0.77,0.73,0.62,0.69,LB,DEF,0
Presnel Kimpembe,CB,France,0.81,0.74,0.43,0.67,0.69,0.81,0.82,0.72,0.75,0.68,0.59,0.77,0.78,0.86,0.65,0.89,0.82,0.81,0.8,0.8,0.79,0.7,CB,DEF,0
Ezri Konsa,CB,England,0.81,0.76,0.48,0.71,0.76,0.83,0.78,0.72,0.8,0.67,0.68,0.78,0.83,0.78,0.79,0.85,0.84,0.8,0.84,0.82,0.78,0.64,CB,DEF,0
Odilon Kossounou,CB,Côte d'Ivoire,0.81,0.8,0.32,0.64,0.67,0.82,0.8,0.74,0.84,0.62,0.56,0.69,0.77,0.82,0.76,0.81,0.84,0.82,0.82,0.82,0.8,0.52,CB,DEF,0
Iñigo Martínez,CB,Spain,0.81,0.71,0.56,0.67,0.61,0.81,0.8,0.7,0.72,0.66,0.6,0.73,0.8,0.82,0.69,0.86,0.81,0.82,0.81,0.8,0.8,0.81,CB,DEF,0
Noussair Mazraoui,RB,Morocco,0.81,0.78,0.66,0.77,0.83,0.77,0.71,0.83,0.73,0.86,0.74,0.84,0.79,0.68,0.76,0.78,0.77,0.81,0.76,0.81,0.65,0.68,RB,DEF,0
Nicolás Otamendi,CB,Argentina,0.81,0.6,0.57,0.64,0.59,0.83,0.83,0.54,0.64,0.58,0.58,0.66,0.8,0.81,0.81,0.87,0.83,0.79,0.84,0.84,0.79,0.69,CB,DEF,0
David Raum,LB,Germany,0.81,0.85,0.61,0.81,0.78,0.73,0.78,0.86,0.84,0.77,0.77,0.79,0.75,0.75,0.91,0.81,0.77,0.76,0.73,0.73,0.6,0.64,LB,DEF,0
Stefan Savić,CB,Montenegro,0.81,0.63,0.35,0.57,0.57,0.83,0.79,0.57,0.68,0.57,0.53,0.66,0.8,0.82,0.69,0.84,0.84,0.81,0.83,0.83,0.83,0.45,CB,DEF,0
Milan Škriniar,CB,Slovakia,0.81,0.57,0.45,0.6,0.65,0.83,0.8,0.52,0.61,0.47,0.56,0.7,0.81,0.87,0.66,0.82,0.85,0.79,0.84,0.83,0.78,0.5,CB,DEF,0
Lucas Vázquez,RB,Spain,0.81,0.81,0.74,0.8,0.81,0.74,0.69,0.81,0.81,0.81,0.82,0.8,0.81,0.56,0.92,0.7,0.75,0.74,0.76,0.76,0.58,0.8,RB,DEF,0
Vivian,CB,Spain,0.81,0.79,0.48,0.57,0.69,0.82,0.81,0.76,0.82,0.64,0.73,0.72,0.83,0.81,0.77,0.86,0.85,0.79,0.81,0.85,0.73,0.62,CB,DEF,0
Jordi Alba,LB,Spain,0.8,0.82,0.7,0.8,0.81,0.72,0.69,0.84,0.81,0.83,0.84,0.82,0.79,0.58,0.84,0.76,0.72,0.73,0.68,0.78,0.7,0.64,LB,DEF,0
Toby Alderweireld,CB,Belgium,0.8,0.5,0.61,0.74,0.66,0.81,0.82,0.42,0.56,0.51,0.6,0.73,0.8,0.89,0.72,0.79,0.81,0.79,0.84,0.8,0.79,0.79,CB,DEF,0
Joachim Andersen,CB,Denmark,0.8,0.52,0.57,0.72,0.66,0.79,0.84,0.49,0.54,0.47,0.5,0.7,0.8,0.87,0.75,0.81,0.79,0.78,0.8,0.8,0.78,0.75,CB,DEF,0
Fredrik Aursnes,RB,Norway,0.8,0.76,0.66,0.77,0.8,0.76,0.81,0.75,0.76,0.82,0.77,0.82,0.83,0.77,0.92,0.79,0.79,0.75,0.78,0.76,0.65,0.69,RB,DEF,0
Gonçalo Inácio,CB,Portugal,0.8,0.8,0.37,0.64,0.71,0.81,0.79,0.79,0.81,0.73,0.55,0.73,0.77,0.79,0.78,0.85,0.82,0.79,0.82,0.78,0.84,0.67,CB,DEF,0
Daley Blind,CB,Holland,0.8,0.36,0.62,0.83,0.77,0.83,0.7,0.38,0.34,0.69,0.72,0.82,0.82,0.73,0.63,0.72,0.82,0.82,0.85,0.86,0.79,0.74,CB,DEF,0
Alessandro Buongiorno,CB,Italy,0.8,0.65,0.45,0.69,0.65,0.82,0.76,0.61,0.68,0.57,0.61,0.71,0.78,0.77,0.7,0.81,0.81,0.78,0.85,0.84,0.79,0.65,CB,DEF,0
Davide Calabria,RB,Italy,0.8,0.78,0.57,0.7,0.76,0.79,0.71,0.8,0.77,0.8,0.81,0.77,0.78,0.62,0.8,0.74,0.81,0.8,0.81,0.8,0.64,0.68,RB,DEF,0
Jonathan Clauss,RB,France,0.8,0.88,0.69,0.76,0.78,0.73,0.69,0.85,0.91,0.83,0.77,0.79,0.82,0.63,0.82,0.76,0.76,0.74,0.72,0.73,0.62,0.77,RB,DEF,0
Kevin Danso,CB,Austria,0.8,0.75,0.32,0.57,0.62,0.8,0.85,0.65,0.83,0.55,0.46,0.68,0.79,0.9,0.75,0.89,0.82,0.77,0.78,0.78,0.82,0.49,CB,DEF,0
De Marcos,RB,Spain,0.8,0.79,0.64,0.74,0.75,0.77,0.78,0.79,0.79,0.75,0.77,0.79,0.78,0.75,0.82,0.78,0.8,0.76,0.79,0.77,0.61,0.73,RB,DEF,0
Eric Dier,CB,England,0.8,0.58,0.63,0.7,0.63,0.81,0.81,0.39,0.73,0.34,0.47,0.66,0.75,0.9,0.58,0.81,0.78,0.79,0.85,0.79,0.83,0.81,CB,DEF,0
Pervis Estupiñán,LB,Ecuador,0.8,0.78,0.57,0.75,0.79,0.77,0.75,0.78,0.78,0.74,0.73,0.82,0.77,0.73,0.81,0.8,0.81,0.76,0.75,0.77,0.7,0.67,LB,DEF,0
Juan Foyth,RB,Argentina,0.8,0.71,0.46,0.71,0.72,0.81,0.77,0.7,0.72,0.68,0.71,0.78,0.78,0.77,0.72,0.84,0.82,0.8,0.81,0.8,0.78,0.56,RB,DEF,0
Javi Galán,LB,Spain,0.8,0.79,0.56,0.74,0.79,0.77,0.72,0.81,0.77,0.75,0.76,0.8,0.76,0.64,0.77,0.81,0.8,0.81,0.77,0.74,0.74,0.72,LB,DEF,0
Joe Gomez,CB,England,0.8,0.82,0.28,0.71,0.72,0.8,0.79,0.75,0.87,0.64,0.62,0.75,0.78,0.81,0.75,0.86,0.82,0.79,0.79,0.8,0.75,0.46,CB,DEF,0
Nemanja Gudelj,CB,Serbia,0.8,0.54,0.73,0.78,0.7,0.79,0.85,0.52,0.55,0.61,0.5,0.79,0.79,0.88,0.8,0.82,0.8,0.79,0.79,0.8,0.77,0.89,CB,DEF,0
Malo Gusto,RB,France,0.8,0.88,0.49,0.75,0.78,0.73,0.75,0.87,0.88,0.77,0.77,0.77,0.76,0.68,0.87,0.76,0.77,0.75,0.73,0.76,0.55,0.62,RB,DEF,0
Miguel Gutiérrez,LB,Spain,0.8,0.81,0.64,0.76,0.8,0.75,0.72,0.83,0.8,0.81,0.75,0.81,0.79,0.67,0.83,0.78,0.77,0.75,0.76,0.74,0.65,0.7,LB,DEF,0
Danilo Pereira,CB,Portugal,0.8,0.5,0.63,0.7,0.7,0.8,0.84,0.4,0.59,0.52,0.48,0.75,0.8,0.88,0.77,0.81,0.8,0.69,0.81,0.8,0.83,0.75,CB,DEF,0
Ibañez,CB,Brazil,0.8,0.85,0.32,0.45,0.6,0.81,0.82,0.85,0.85,0.69,0.62,0.75,0.76,0.8,0.85,0.92,0.81,0.86,0.78,0.85,0.79,0.45,CB,DEF,0
David López,CB,Spain,0.8,0.45,0.6,0.71,0.66,0.82,0.75,0.48,0.43,0.4,0.54,0.76,0.78,0.8,0.58,0.8,0.82,0.78,0.82,0.82,0.82,0.75,CB,DEF,0
Harry Maguire,CB,England,0.8,0.37,0.57,0.7,0.65,0.8,0.82,0.37,0.37,0.33,0.33,0.71,0.78,0.89,0.66,0.81,0.8,0.7,0.8,0.82,0.84,0.82,CB,DEF,3
Reinildo,LB,Mozambique,0.8,0.84,0.55,0.68,0.75,0.78,0.79,0.82,0.85,0.77,0.71,0.76,0.77,0.75,0.83,0.88,0.8,0.79,0.77,0.77,0.77,0.6,LB,DEF,0
Facundo Medina,CB,Argentina,0.8,0.73,0.36,0.69,0.72,0.8,0.79,0.69,0.77,0.62,0.67,0.76,0.81,0.81,0.69,0.83,0.82,0.81,0.79,0.8,0.74,0.27,CB,DEF,0
Daniel Muñoz,RB,Colombia,0.8,0.84,0.66,0.72,0.76,0.75,0.82,0.82,0.85,0.78,0.78,0.76,0.78,0.75,0.88,0.88,0.78,0.76,0.71,0.76,0.76,0.7,RB,DEF,0
Jesús Navas,RB,Spain,0.8,0.81,0.68,0.79,0.8,0.76,0.55,0.83,0.79,0.81,0.82,0.81,0.76,0.34,0.78,0.67,0.76,0.75,0.76,0.77,0.72,0.74,RB,DEF,0
Amir Rrahmani,CB,Kosovo,0.8,0.69,0.51,0.58,0.61,0.82,0.78,0.48,0.86,0.48,0.47,0.66,0.79,0.83,0.67,0.79,0.83,0.81,0.83,0.82,0.78,0.6,CB,DEF,0
Davinson Sánchez,CB,Colombia,0.8,0.77,0.47,0.55,0.65,0.79,0.82,0.69,0.84,0.61,0.55,0.7,0.78,0.88,0.68,0.88,0.8,0.82,0.78,0.78,0.78,0.66,CB,DEF,0
Diego Carlos,CB,Brazil,0.8,0.63,0.47,0.63,0.67,0.79,0.76,0.55,0.7,0.62,0.47,0.72,0.8,0.87,0.5,0.83,0.8,0.78,0.79,0.81,0.77,0.73,CB,DEF,0
Mohamed Simakan,CB,France,0.8,0.75,0.43,0.65,0.69,0.81,0.8,0.73,0.77,0.64,0.64,0.71,0.78,0.81,0.76,0.88,0.85,0.77,0.78,0.81,0.8,0.61,CB,DEF,0
James Tarkowski,CB,England,0.8,0.47,0.45,0.64,0.59,0.81,0.81,0.41,0.52,0.52,0.53,0.64,0.78,0.86,0.68,0.8,0.83,0.82,0.81,0.77,0.82,0.63,CB,DEF,3
Jean-Clair Todibo,CB,France,0.8,0.81,0.47,0.64,0.69,0.8,0.78,0.74,0.87,0.54,0.55,0.72,0.77,0.82,0.73,0.89,0.81,0.79,0.8,0.8,0.8,0.6,CB,DEF,0
Hamari Traoré,RB,Mali,0.8,0.82,0.57,0.72,0.76,0.75,0.78,0.8,0.84,0.75,0.8,0.77,0.76,0.73,0.9,0.83,0.79,0.76,0.73,0.73,0.71,0.72,RB,DEF,0
Axel Witsel,CB,Belgium,0.8,0.34,0.63,0.77,0.75,0.83,0.75,0.33,0.34,0.63,0.67,0.79,0.82,0.8,0.69,0.75,0.82,0.76,0.86,0.83,0.82,0.64,CB,DEF,0
Zubeldia,CB,Spain,0.8,0.78,0.63,0.74,0.73,0.8,0.82,0.75,0.8,0.74,0.74,0.73,0.8,0.81,0.8,0.85,0.79,0.76,0.81,0.83,0.74,0.75,CB,DEF,0
Nayef Aguerd,CB,Morocco,0.79,0.67,0.5,0.64,0.64,0.81,0.75,0.55,0.77,0.52,0.49,0.74,0.79,0.76,0.69,0.81,0.83,0.78,0.79,0.81,0.81,0.69,CB,DEF,0
Rayan Aït-Nouri,LB,Algeria,0.79,0.84,0.52,0.73,0.82,0.73,0.7,0.85,0.84,0.81,0.77,0.82,0.78,0.65,0.79,0.77,0.76,0.75,0.73,0.74,0.63,0.61,LB,DEF,0
Raúl Albiol,CB,Spain,0.79,0.33,0.41,0.62,0.63,0.83,0.67,0.34,0.33,0.44,0.5,0.72,0.77,0.79,0.33,0.73,0.85,0.84,0.83,0.8,0.77,0.65,CB,DEF,3
Azpilicueta,CB,Spain,0.79,0.59,0.55,0.76,0.72,0.81,0.74,0.64,0.55,0.67,0.73,0.75,0.83,0.71,0.71,0.8,0.81,0.8,0.82,0.82,0.78,0.68,CB,DEF,0
Alexander Bah,RB,Denmark,0.79,0.91,0.65,0.72,0.75,0.74,0.81,0.89,0.92,0.77,0.7,0.74,0.78,0.78,0.86,0.82,0.74,0.74,0.72,0.79,0.71,0.81,RB,DEF,0
Leonardo Balerdi,CB,Argentina,0.79,0.64,0.45,0.62,0.68,0.8,0.77,0.63,0.64,0.62,0.56,0.76,0.75,0.79,0.69,0.82,0.81,0.79,0.8,0.78,0.77,0.62,CB,DEF,0
Abdülkerim Bardakcı,CB,Turkey,0.79,0.61,0.45,0.71,0.69,0.79,0.86,0.6,0.62,0.62,0.64,0.72,0.75,0.89,0.82,0.87,0.77,0.8,0.8,0.77,0.81,0.66,CB,DEF,0
Yuri Berchiche,LB,Spain,0.79,0.79,0.68,0.74,0.75,0.77,0.83,0.81,0.78,0.75,0.81,0.76,0.8,0.82,0.83,0.89,0.78,0.73,0.77,0.77,0.73,0.82,LB,DEF,0
Cristiano Biraghi,LB,Italy,0.79,0.72,0.69,0.78,0.76,0.76,0.73,0.73,0.72,0.71,0.74,0.78,0.79,0.68,0.81,0.75,0.76,0.74,0.79,0.77,0.7,0.82,LB,DEF,0
Sacha Boey,RB,France,0.79,0.82,0.55,0.66,0.77,0.78,0.8,0.85,0.8,0.84,0.83,0.76,0.79,0.76,0.84,0.81,0.8,0.78,0.8,0.81,0.59,0.7,RB,DEF,0
Jarrad Branthwaite,CB,England,0.79,0.71,0.37,0.53,0.59,0.79,0.77,0.64,0.77,0.34,0.43,0.69,0.79,0.78,0.72,0.83,0.8,0.79,0.8,0.78,0.78,0.52,CB,DEF,0
Matty Cash,RB,Poland,0.79,0.77,0.66,0.71,0.75,0.75,0.76,0.76,0.77,0.73,0.7,0.76,0.79,0.68,0.86,0.68,0.8,0.8,0.77,0.76,0.49,0.77,RB,DEF,0
Catena,CB,Spain,0.79,0.65,0.39,0.63,0.53,0.8,0.78,0.64,0.65,0.6,0.52,0.7,0.75,0.78,0.78,0.85,0.82,0.8,0.79,0.78,0.83,0.52,CB,DEF,0
Ben Chilwell,LB,England,0.79,0.76,0.6,0.78,0.77,0.75,0.72,0.73,0.79,0.71,0.71,0.8,0.78,0.68,0.79,0.73,0.77,0.76,0.76,0.76,0.63,0.72,LB,DEF,0
Dante,CB,Brazil,0.79,0.32,0.52,0.69,0.65,0.81,0.79,0.32,0.32,0.41,0.55,0.77,0.78,0.86,0.67,0.75,0.79,0.76,0.85,0.83,0.78,0.62,CB,DEF,3
Sergiño Dest,LB,United States,0.79,0.91,0.6,0.75,0.82,0.72,0.69,0.9,0.91,0.88,0.81,0.8,0.77,0.62,0.77,0.76,0.76,0.75,0.71,0.72,0.59,0.65,LB,DEF,0
Lucas Digne,LB,France,0.79,0.73,0.68,0.78,0.76,0.76,0.74,0.76,0.7,0.72,0.78,0.77,0.76,0.69,0.8,0.8,0.77,0.78,0.76,0.75,0.71,0.81,LB,DEF,0
Axel Disasi,CB,France,0.79,0.57,0.48,0.6,0.59,0.8,0.81,0.48,0.64,0.43,0.4,0.67,0.78,0.88,0.71,0.82,0.81,0.78,0.8,0.8,0.8,0.7,CB,DEF,3
Alexander Djiku,CB,Ghana,0.79,0.75,0.43,0.67,0.69,0.79,0.81,0.73,0.77,0.68,0.65,0.75,0.76,0.82,0.77,0.88,0.78,0.77,0.81,0.79,0.77,0.61,CB,DEF,0
Lewis Dunk,CB,England,0.79,0.41,0.52,0.68,0.65,0.8,0.8,0.33,0.47,0.34,0.38,0.75,0.79,0.84,0.7,0.77,0.8,0.78,0.8,0.79,0.81,0.72,CB,DEF,3
Aritz Elustondo,RB,Spain,0.79,0.64,0.39,0.64,0.61,0.8,0.77,0.6,0.67,0.58,0.56,0.77,0.84,0.77,0.7,0.82,0.79,0.78,0.81,0.82,0.8,0.44,RB,DEF,0
Lutsharel Geertruida,CB,Holland,0.79,0.75,0.57,0.7,0.76,0.79,0.78,0.77,0.73,0.73,0.72,0.78,0.76,0.8,0.77,0.89,0.82,0.78,0.77,0.78,0.8,0.55,CB,DEF,0
Robin Gosens,LB,Germany,0.79,0.72,0.74,0.73,0.75,0.76,0.8,0.76,0.69,0.71,0.67,0.77,0.79,0.76,0.87,0.88,0.77,0.8,0.73,0.76,0.79,0.76,LB,DEF,0
Hiroki Ito,CB,Japan,0.79,0.77,0.57,0.71,0.72,0.8,0.75,0.78,0.76,0.67,0.7,0.77,0.83,0.78,0.69,0.86,0.78,0.77,0.83,0.81,0.74,0.78,CB,DEF,0
Lukas Klostermann,CB,Germany,0.79,0.82,0.5,0.64,0.7,0.81,0.76,0.81,0.82,0.63,0.6,0.72,0.81,0.77,0.74,0.89,0.81,0.85,0.82,0.8,0.77,0.58,CB,DEF,0
Robin Koch,CB,Germany,0.79,0.65,0.38,0.61,0.65,0.8,0.76,0.55,0.73,0.61,0.53,0.72,0.79,0.79,0.66,0.8,0.82,0.78,0.79,0.78,0.79,0.56,CB,DEF,0
Sead Kolašinac,CB,Bosnia and Herzegovina,0.79,0.64,0.63,0.67,0.68,0.79,0.83,0.59,0.68,0.57,0.53,0.72,0.79,0.88,0.7,0.82,0.8,0.79,0.8,0.78,0.74,0.75,CB,DEF,0
Manuel Lazzari,RB,Italy,0.79,0.93,0.62,0.76,0.82,0.7,0.66,0.92,0.93,0.89,0.89,0.81,0.78,0.56,0.85,0.66,0.75,0.69,0.72,0.73,0.44,0.53,RB,DEF,0
Philipp Lienhart,CB,Austria,0.79,0.69,0.28,0.59,0.64,0.81,0.75,0.62,0.74,0.63,0.62,0.69,0.78,0.78,0.66,0.85,0.8,0.77,0.83,0.8,0.84,0.29,CB,DEF,0
Castello Lukeba,CB,France,0.79,0.7,0.43,0.68,0.73,0.8,0.73,0.71,0.69,0.7,0.68,0.74,0.79,0.76,0.63,0.84,0.82,0.81,0.79,0.79,0.76,0.55,CB,DEF,0
Ian Maatsen,LB,Holland,0.79,0.86,0.65,0.75,0.81,0.72,0.63,0.88,0.85,0.86,0.86,0.81,0.78,0.52,0.74,0.7,0.72,0.78,0.72,0.74,0.58,0.72,LB,DEF,0
Pablo Maffeo,RB,Argentina,0.79,0.82,0.52,0.7,0.79,0.76,0.7,0.85,0.8,0.75,0.81,0.8,0.73,0.7,0.71,0.81,0.82,0.78,0.74,0.71,0.7,0.57,RB,DEF,0
Arnau Martínez,RB,Spain,0.79,0.8,0.5,0.72,0.74,0.74,0.7,0.82,0.78,0.75,0.66,0.76,0.79,0.66,0.78,0.82,0.77,0.76,0.7,0.74,0.74,0.56,RB,DEF,0
Adam Marušić,LB,Montenegro,0.79,0.87,0.66,0.67,0.74,0.76,0.8,0.86,0.87,0.64,0.76,0.76,0.76,0.81,0.8,0.92,0.76,0.75,0.75,0.76,0.76,0.79,LB,DEF,0
Chancel Mbemba,CB,Congo DR,0.79,0.73,0.57,0.65,0.68,0.8,0.81,0.7,0.75,0.66,0.64,0.72,0.77,0.82,0.77,0.86,0.82,0.8,0.79,0.78,0.79,0.76,CB,DEF,0
Nikola Milenković,CB,Serbia,0.79,0.58,0.45,0.62,0.62,0.79,0.82,0.63,0.53,0.42,0.33,0.7,0.76,0.84,0.77,0.87,0.81,0.78,0.78,0.78,0.83,0.6,CB,DEF,3
Tyrone Mings,CB,England,0.79,0.64,0.44,0.67,0.64,0.78,0.8,0.55,0.72,0.34,0.46,0.67,0.76,0.86,0.62,0.83,0.78,0.8,0.79,0.77,0.77,0.61,CB,DEF,0
Maximilian Mittelstädt,LB,Germany,0.79,0.74,0.62,0.72,0.77,0.77,0.72,0.79,0.69,0.76,0.78,0.77,0.79,0.66,0.8,0.76,0.79,0.72,0.76,0.83,0.66,0.74,LB,DEF,0
Álex Moreno,LB,Spain,0.79,0.79,0.66,0.74,0.77,0.76,0.68,0.8,0.78,0.83,0.79,0.77,0.79,0.6,0.76,0.74,0.78,0.75,0.77,0.76,0.63,0.63,LB,DEF,0
Nordi Mukiele,RB,France,0.79,0.77,0.49,0.68,0.71,0.8,0.8,0.76,0.78,0.65,0.65,0.74,0.72,0.79,0.79,0.85,0.83,0.81,0.79,0.81,0.72,0.67,RB,DEF,0
Ethan Pinnock,CB,Jamaica,0.79,0.67,0.36,0.56,0.61,0.81,0.83,0.65,0.69,0.48,0.53,0.64,0.77,0.86,0.77,0.86,0.82,0.79,0.81,0.8,0.78,0.52,CB,DEF,0
Antonee Robinson,LB,United States,0.79,0.88,0.46,0.71,0.77,0.74,0.77,0.87,0.89,0.79,0.71,0.74,0.75,0.73,0.81,0.82,0.76,0.74,0.73,0.8,0.63,0.46,LB,DEF,0
Julian Ryerson,RB,Norway,0.79,0.75,0.63,0.7,0.76,0.76,0.8,0.78,0.73,0.76,0.77,0.76,0.77,0.78,0.83,0.73,0.74,0.8,0.81,0.74,0.62,0.73,RB,DEF,0
Perr Schuurs,CB,Holland,0.79,0.69,0.64,0.74,0.69,0.81,0.74,0.61,0.76,0.62,0.34,0.75,0.75,0.76,0.73,0.79,0.83,0.8,0.8,0.82,0.75,0.85,CB,DEF,0
Mário Rui,LB,Portugal,0.79,0.8,0.56,0.77,0.8,0.74,0.68,0.81,0.79,0.87,0.87,0.8,0.76,0.55,0.83,0.71,0.76,0.75,0.74,0.78,0.6,0.69,LB,DEF,0
Wilfried Singo,CB,Côte d'Ivoire,0.79,0.77,0.57,0.7,0.73,0.77,0.83,0.7,0.83,0.66,0.6,0.74,0.79,0.85,0.78,0.87,0.8,0.78,0.74,0.75,0.77,0.72,CB,DEF,0
António Silva,CB,Portugal,0.79,0.8,0.37,0.64,0.69,0.79,0.8,0.78,0.81,0.57,0.58,0.73,0.79,0.83,0.83,0.83,0.81,0.78,0.8,0.78,0.77,0.6,CB,DEF,0
Kieran Tierney,LB,Scotland,0.79,0.8,0.6,0.75,0.77,0.76,0.75,0.78,0.82,0.76,0.74,0.76,0.79,0.71,0.77,0.76,0.78,0.77,0.78,0.77,0.59,0.79,LB,DEF,0
Jurriën Timber,CB,Holland,0.79,0.78,0.47,0.67,0.76,0.8,0.78,0.78,0.78,0.73,0.74,0.77,0.78,0.82,0.74,0.84,0.82,0.76,0.83,0.82,0.68,0.58,CB,DEF,0
Rafael Tolói,CB,Italy,0.79,0.61,0.52,0.58,0.64,0.81,0.79,0.57,0.64,0.59,0.66,0.7,0.78,0.78,0.77,0.82,0.82,0.79,0.8,0.8,0.82,0.75,CB,DEF,0
Aaron Wan-Bissaka,RB,England,0.79,0.82,0.51,0.68,0.77,0.77,0.72,0.78,0.85,0.78,0.7,0.73,0.77,0.71,0.73,0.72,0.8,0.88,0.77,0.81,0.5,0.7,RB,DEF,0
Davide Zappacosta,LB,Italy,0.79,0.76,0.68,0.74,0.75,0.76,0.7,0.77,0.75,0.69,0.67,0.75,0.73,0.63,0.79,0.75,0.77,0.78,0.75,0.77,0.69,0.78,LB,DEF,0
Oleksandr Zinchenko,LB,Ukraine,0.79,0.66,0.66,0.83,0.82,0.76,0.69,0.73,0.61,0.79,0.79,0.83,0.79,0.63,0.77,0.74,0.78,0.77,0.75,0.78,0.7,0.78,LB,DEF,0
Saud Abdulhamid,RB,Saudi Arabia,0.78,0.92,0.46,0.67,0.72,0.71,0.77,0.91,0.92,0.82,0.87,0.66,0.72,0.7,0.94,0.73,0.76,0.7,0.69,0.74,0.61,0.53,RB,DEF,0
Tosin Adarabioyo,CB,England,0.78,0.72,0.35,0.63,0.63,0.78,0.78,0.66,0.77,0.42,0.44,0.77,0.76,0.82,0.68,0.85,0.81,0.77,0.78,0.77,0.76,0.5,CB,DEF,0
Joseph Aidoo,CB,Ghana,0.78,0.75,0.27,0.47,0.5,0.77,0.88,0.69,0.79,0.68,0.68,0.58,0.73,0.91,0.81,0.89,0.78,0.76,0.74,0.81,0.77,0.5,CB,DEF,0
Benoît Badiashile,CB,France,0.78,0.62,0.47,0.67,0.6,0.78,0.77,0.55,0.67,0.5,0.45,0.67,0.76,0.83,0.65,0.82,0.81,0.77,0.77,0.77,0.77,0.65,CB,DEF,0
Ricardo Pereira,RB,Portugal,0.78,0.73,0.66,0.76,0.77,0.77,0.71,0.76,0.71,0.76,0.78,0.78,0.78,0.69,0.68,0.77,0.79,0.78,0.78,0.76,0.69,0.72,RB,DEF,0
Melvin Bard,LB,France,0.78,0.78,0.52,0.69,0.74,0.75,0.76,0.77,0.79,0.73,0.8,0.75,0.75,0.74,0.8,0.76,0.78,0.75,0.76,0.76,0.59,0.7,LB,DEF,0
Marc Bartra,CB,Spain,0.78,0.68,0.61,0.71,0.72,0.78,0.75,0.68,0.68,0.67,0.7,0.75,0.81,0.77,0.67,0.84,0.79,0.8,0.77,0.79,0.78,0.73,CB,DEF,0
Ramy Bensebaini,LB,Algeria,0.78,0.75,0.7,0.7,0.75,0.78,0.77,0.71,0.79,0.67,0.67,0.75,0.76,0.78,0.71,0.86,0.85,0.8,0.72,0.75,0.77,0.7,LB,DEF,0
Olivier Boscagli,CB,France,0.78,0.67,0.5,0.75,0.76,0.8,0.75,0.69,0.65,0.72,0.71,0.81,0.78,0.75,0.76,0.82,0.79,0.78,0.81,0.8,0.77,0.73,CB,DEF,0
Lilian Brassier,CB,France,0.78,0.69,0.37,0.65,0.69,0.79,0.75,0.66,0.71,0.6,0.56,0.74,0.76,0.78,0.71,0.83,0.82,0.78,0.79,0.76,0.77,0.56,CB,DEF,0
Dan Burn,CB,England,0.78,0.42,0.36,0.67,0.63,0.77,0.84,0.34,0.49,0.32,0.3,0.67,0.76,0.89,0.76,0.7,0.78,0.77,0.78,0.75,0.78,0.6,CB,DEF,3
Nélson Semedo,RB,Portugal,0.78,0.8,0.56,0.69,0.78,0.74,0.73,0.79,0.8,0.8,0.76,0.79,0.76,0.69,0.78,0.74,0.79,0.76,0.73,0.76,0.58,0.73,RB,DEF,0
Riccardo Calafiori,CB,Italy,0.78,0.69,0.65,0.7,0.72,0.78,0.77,0.68,0.69,0.69,0.69,0.77,0.78,0.78,0.73,0.82,0.8,0.79,0.76,0.81,0.75,0.75,CB,DEF,0
Trevoh Chalobah,CB,England,0.78,0.67,0.5,0.67,0.67,0.78,0.78,0.64,0.7,0.51,0.57,0.76,0.76,0.83,0.7,0.84,0.8,0.78,0.78,0.78,0.76,0.63,CB,DEF,0
Murillo,CB,Brazil,0.78,0.72,0.43,0.61,0.67,0.78,0.82,0.74,0.71,0.63,0.62,0.69,0.76,0.9,0.67,0.82,0.79,0.78,0.78,0.77,0.75,0.7,CB,DEF,0
Vladimír Coufal,RB,Czech Republic,0.78,0.65,0.56,0.72,0.73,0.77,0.8,0.68,0.63,0.64,0.76,0.75,0.77,0.75,0.85,0.76,0.81,0.77,0.77,0.76,0.7,0.66,RB,DEF,0
Ousmane Diomande,CB,Côte d'Ivoire,0.78,0.8,0.26,0.53,0.73,0.77,0.83,0.78,0.82,0.63,0.71,0.77,0.78,0.86,0.76,0.89,0.81,0.78,0.76,0.72,0.74,0.4,CB,DEF,0
Berat Djimsiti,CB,Albania,0.78,0.65,0.39,0.59,0.48,0.8,0.79,0.63,0.66,0.4,0.45,0.64,0.74,0.8,0.73,0.86,0.8,0.77,0.8,0.79,0.83,0.52,CB,DEF,3
Danilho Doekhi,CB,Holland,0.78,0.58,0.42,0.59,0.65,0.78,0.8,0.57,0.58,0.64,0.59,0.69,0.76,0.86,0.68,0.86,0.79,0.74,0.79,0.75,0.83,0.61,CB,DEF,0
Alfonso Espino,LB,Uruguay,0.78,0.87,0.63,0.68,0.73,0.75,0.82,0.88,0.86,0.73,0.77,0.69,0.66,0.78,0.9,0.84,0.78,0.76,0.72,0.8,0.62,0.8,LB,DEF,0
Wesley Fofana,CB,France,0.78,0.67,0.4,0.6,0.65,0.8,0.75,0.54,0.77,0.53,0.55,0.7,0.72,0.8,0.59,0.78,0.81,0.8,0.8,0.8,0.75,0.48,CB,DEF,0
Przemysław Frankowski,RB,Poland,0.78,0.9,0.72,0.75,0.76,0.7,0.73,0.93,0.88,0.75,0.75,0.77,0.78,0.69,0.84,0.79,0.72,0.68,0.7,0.73,0.59,0.73,RB,DEF,0
Eric García,CB,Spain,0.78,0.62,0.44,0.7,0.7,0.8,0.71,0.55,0.68,0.64,0.56,0.76,0.78,0.72,0.65,0.75,0.81,0.78,0.8,0.8,0.75,0.51,CB,DEF,0
Fran García,LB,Spain,0.78,0.89,0.49,0.69,0.77,0.71,0.69,0.9,0.89,0.84,0.91,0.77,0.72,0.65,0.8,0.75,0.79,0.76,0.66,0.74,0.54,0.63,LB,DEF,0
Federico Gatti,CB,Italy,0.78,0.75,0.37,0.51,0.61,0.8,0.76,0.73,0.77,0.56,0.59,0.66,0.73,0.78,0.67,0.87,0.81,0.78,0.8,0.78,0.8,0.58,CB,DEF,0
Ismaily,LB,Brazil,0.78,0.76,0.64,0.73,0.78,0.73,0.75,0.78,0.75,0.7,0.83,0.79,0.77,0.75,0.86,0.77,0.74,0.72,0.75,0.78,0.58,0.75,LB,DEF,0
Jonathan Gradit,CB,France,0.78,0.69,0.29,0.63,0.69,0.78,0.79,0.71,0.68,0.64,0.68,0.71,0.78,0.79,0.77,0.84,0.8,0.78,0.78,0.77,0.74,0.48,CB,DEF,0
Christian Günter,LB,Germany,0.78,0.78,0.58,0.7,0.71,0.74,0.82,0.76,0.79,0.64,0.63,0.71,0.77,0.82,0.83,0.82,0.75,0.74,0.74,0.76,0.65,0.74,LB,DEF,0
Isak Hien,CB,Sweden,0.78,0.7,0.37,0.49,0.56,0.78,0.78,0.63,0.75,0.48,0.47,0.61,0.73,0.9,0.51,0.84,0.79,0.74,0.8,0.79,0.73,0.49,CB,DEF,3
Pierre Kalulu,CB,France,0.78,0.78,0.5,0.68,0.69,0.79,0.74,0.75,0.8,0.68,0.69,0.74,0.78,0.74,0.69,0.85,0.8,0.79,0.8,0.78,0.76,0.66,CB,DEF,0
Rick Karsdorp,RB,Holland,0.78,0.81,0.63,0.74,0.76,0.73,0.8,0.76,0.85,0.68,0.67,0.78,0.76,0.8,0.79,0.82,0.75,0.73,0.7,0.76,0.69,0.75,RB,DEF,0
Victor Lindelöf,CB,Sweden,0.78,0.52,0.51,0.73,0.72,0.8,0.74,0.51,0.53,0.62,0.6,0.77,0.78,0.76,0.69,0.75,0.81,0.78,0.8,0.83,0.75,0.72,CB,DEF,0
Tino Livramento,RB,England,0.78,0.83,0.5,0.7,0.79,0.74,0.73,0.82,0.83,0.76,0.78,0.78,0.75,0.7,0.78,0.75,0.79,0.74,0.73,0.76,0.56,0.6,RB,DEF,0
Joakim Mæhle,RB,Denmark,0.78,0.76,0.57,0.71,0.74,0.73,0.78,0.78,0.75,0.7,0.64,0.77,0.76,0.74,0.88,0.78,0.74,0.75,0.74,0.75,0.61,0.65,RB,DEF,0
Konstantinos Mavropanos,CB,Greece,0.78,0.74,0.56,0.54,0.59,0.79,0.82,0.67,0.8,0.52,0.34,0.6,0.72,0.91,0.65,0.83,0.81,0.76,0.75,0.8,0.81,0.77,CB,DEF,0
Ben Mee,CB,England,0.78,0.45,0.42,0.54,0.57,0.82,0.76,0.47,0.44,0.56,0.61,0.61,0.76,0.77,0.65,0.86,0.82,0.79,0.83,0.8,0.82,0.6,CB,DEF,3
Rodrigo Becão,CB,Brazil,0.78,0.54,0.33,0.56,0.56,0.79,0.79,0.54,0.54,0.51,0.48,0.61,0.75,0.84,0.67,0.82,0.8,0.76,0.8,0.79,0.8,0.44,CB,DEF,3
Marcão,CB,Brazil,0.78,0.63,0.36,0.6,0.7,0.78,0.85,0.63,0.63,0.61,0.61,0.74,0.79,0.83,0.85,0.79,0.78,0.76,0.8,0.79,0.7,0.52,CB,DEF,0
Victor Nelsson,CB,Denmark,0.78,0.63,0.43,0.6,0.67,0.8,0.84,0.59,0.66,0.64,0.73,0.69,0.77,0.85,0.83,0.83,0.81,0.8,0.83,0.79,0.65,0.6,CB,DEF,0
Caio Henrique,LB,Brazil,0.78,0.77,0.58,0.78,0.78,0.72,0.66,0.76,0.78,0.71,0.74,0.81,0.74,0.58,0.78,0.71,0.75,0.73,0.72,0.73,0.62,0.64,LB,DEF,0
Willian Pacho,CB,Ecuador,0.78,0.79,0.32,0.58,0.61,0.79,0.79,0.78,0.79,0.63,0.6,0.68,0.79,0.84,0.69,0.88,0.82,0.76,0.79,0.78,0.71,0.41,CB,DEF,0
Emerson,LB,Italy,0.78,0.79,0.63,0.75,0.78,0.73,0.65,0.78,0.79,0.72,0.75,0.8,0.75,0.59,0.76,0.71,0.75,0.75,0.74,0.76,0.6,0.8,LB,DEF,0
Pedraza,LB,Spain,0.78,0.79,0.72,0.72,0.76,0.74,0.75,0.8,0.79,0.76,0.68,0.76,0.75,0.74,0.81,0.8,0.77,0.75,0.74,0.72,0.67,0.78,LB,DEF,0
Stefan Posch,RB,Austria,0.78,0.75,0.55,0.68,0.65,0.79,0.75,0.71,0.78,0.36,0.6,0.72,0.75,0.77,0.7,0.86,0.8,0.79,0.79,0.77,0.8,0.63,RB,DEF,0
Matheus Reis,CB,Brazil,0.78,0.77,0.55,0.7,0.77,0.78,0.83,0.76,0.78,0.76,0.59,0.77,0.76,0.83,0.82,0.84,0.78,0.78,0.8,0.79,0.7,0.65,CB,DEF,0
Thierry Correia,RB,Portugal,0.78,0.92,0.5,0.7,0.77,0.72,0.71,0.92,0.92,0.75,0.72,0.76,0.75,0.69,0.74,0.79,0.76,0.74,0.73,0.72,0.58,0.55,RB,DEF,0
Diego Rico,LB,Spain,0.78,0.73,0.55,0.78,0.73,0.77,0.77,0.72,0.74,0.63,0.74,0.75,0.75,0.8,0.72,0.83,0.77,0.74,0.78,0.81,0.71,0.76,LB,DEF,0
Giorgio Scalvini,CB,Italy,0.78,0.55,0.35,0.57,0.61,0.8,0.73,0.56,0.55,0.48,0.42,0.7,0.77,0.75,0.64,0.75,0.82,0.8,0.79,0.81,0.73,0.57,CB,DEF,3
Marcos Senesi,CB,Argentina,0.78,0.57,0.42,0.7,0.72,0.79,0.77,0.64,0.51,0.65,0.6,0.75,0.76,0.78,0.7,0.82,0.79,0.79,0.79,0.79,0.76,0.55,CB,DEF,0
Çağlar Söyüncü,CB,Turkey,0.78,0.69,0.47,0.59,0.65,0.77,0.78,0.61,0.75,0.61,0.55,0.68,0.77,0.82,0.63,0.83,0.78,0.75,0.77,0.77,0.76,0.65,CB,DEF,0
Nicolás Tagliafico,LB,Argentina,0.78,0.76,0.56,0.7,0.75,0.76,0.79,0.78,0.74,0.78,0.83,0.76,0.74,0.75,0.83,0.87,0.76,0.77,0.76,0.77,0.77,0.65,LB,DEF,0
James Tavernier,RB,England,0.78,0.81,0.72,0.79,0.76,0.7,0.8,0.78,0.84,0.76,0.84,0.77,0.75,0.79,0.89,0.82,0.72,0.7,0.68,0.72,0.68,0.79,RB,DEF,0
Jordan Teze,RB,Holland,0.78,0.78,0.49,0.7,0.68,0.77,0.78,0.76,0.79,0.7,0.74,0.68,0.77,0.81,0.74,0.8,0.77,0.75,0.78,0.76,0.75,0.62,RB,DEF,0
Malick Thiaw,CB,Germany,0.78,0.73,0.47,0.69,0.72,0.77,0.78,0.72,0.73,0.67,0.61,0.77,0.78,0.82,0.68,0.88,0.78,0.77,0.75,0.79,0.78,0.56,CB,DEF,0
Takehiro Tomiyasu,RB,Japan,0.78,0.69,0.33,0.67,0.72,0.8,0.8,0.7,0.69,0.69,0.67,0.74,0.78,0.82,0.77,0.84,0.82,0.81,0.81,0.78,0.74,0.42,RB,DEF,0
Gernot Trauner,CB,Austria,0.78,0.56,0.57,0.67,0.67,0.79,0.8,0.52,0.6,0.61,0.6,0.7,0.7,0.85,0.7,0.84,0.8,0.78,0.81,0.74,0.81,0.68,CB,DEF,0
Jan Vertonghen,CB,Belgium,0.78,0.58,0.61,0.71,0.67,0.8,0.79,0.6,0.56,0.54,0.58,0.7,0.7,0.82,0.74,0.9,0.79,0.82,0.82,0.79,0.77,0.76,CB,DEF,0
Leny Yoro,CB,France,0.78,0.73,0.41,0.59,0.61,0.79,0.73,0.65,0.79,0.55,0.61,0.68,0.79,0.75,0.69,0.81,0.82,0.8,0.77,0.79,0.76,0.51,CB,DEF,0
Kurt Zouma,CB,France,0.78,0.52,0.51,0.61,0.56,0.78,0.82,0.5,0.54,0.47,0.49,0.62,0.76,0.92,0.62,0.86,0.78,0.77,0.79,0.77,0.82,0.63,CB,DEF,3
Emmanuel Agbadou,CB,Côte d'Ivoire,0.77,0.63,0.47,0.55,0.6,0.76,0.83,0.54,0.71,0.51,0.4,0.63,0.75,0.9,0.68,0.84,0.77,0.69,0.75,0.76,0.78,0.61,CB,DEF,3
Ruben Aguilar,RB,France,0.77,0.71,0.53,0.7,0.75,0.73,0.76,0.75,0.67,0.78,0.76,0.75,0.74,0.66,0.9,0.71,0.76,0.75,0.73,0.74,0.57,0.7,RB,DEF,0
Omar Alderete,CB,Paraguay,0.77,0.63,0.61,0.62,0.69,0.78,0.78,0.63,0.63,0.7,0.6,0.69,0.73,0.81,0.71,0.85,0.79,0.75,0.79,0.78,0.79,0.74,CB,DEF,0
Gabriel Paulista,CB,Brazil,0.77,0.63,0.49,0.66,0.62,0.78,0.76,0.64,0.63,0.65,0.63,0.65,0.71,0.76,0.68,0.83,0.77,0.79,0.77,0.8,0.8,0.61,CB,DEF,0
Loïc Badé,CB,France,0.77,0.55,0.45,0.56,0.63,0.77,0.77,0.51,0.58,0.52,0.4,0.75,0.7,0.84,0.66,0.81,0.79,0.77,0.77,0.76,0.76,0.59,CB,DEF,3
Ridle Baku,RB,Germany,0.77,0.82,0.72,0.73,0.81,0.71,0.76,0.84,0.8,0.84,0.9,0.78,0.75,0.74,0.81,0.74,0.74,0.74,0.72,0.75,0.49,0.77,RB,DEF,0
Iván Balliu,RB,Albania,0.77,0.81,0.51,0.7,0.74,0.72,0.71,0.78,0.83,0.78,0.76,0.77,0.71,0.63,0.84,0.75,0.75,0.7,0.73,0.72,0.65,0.45,RB,DEF,0
Sam Beukema,CB,Holland,0.77,0.49,0.55,0.6,0.62,0.78,0.76,0.39,0.58,0.51,0.57,0.66,0.76,0.79,0.7,0.76,0.79,0.76,0.77,0.79,0.8,0.67,CB,DEF,3
Yann Aurel Bisseck,CB,Germany,0.77,0.75,0.54,0.63,0.7,0.76,0.83,0.74,0.75,0.62,0.7,0.72,0.78,0.87,0.78,0.91,0.77,0.73,0.75,0.75,0.77,0.65,CB,DEF,0
Willy Boly,CB,Côte d'Ivoire,0.77,0.34,0.36,0.6,0.58,0.77,0.78,0.34,0.34,0.33,0.34,0.64,0.75,0.91,0.53,0.78,0.79,0.76,0.77,0.76,0.78,0.54,CB,DEF,3
Santiago Bueno,CB,Uruguay,0.77,0.5,0.31,0.56,0.56,0.78,0.78,0.52,0.49,0.44,0.49,0.69,0.77,0.8,0.73,0.79,0.78,0.75,0.78,0.79,0.76,0.56,CB,DEF,3
Andrea Cambiaso,RB,Italy,0.77,0.78,0.61,0.76,0.77,0.72,0.66,0.78,0.78,0.75,0.74,0.79,0.75,0.61,0.72,0.73,0.78,0.77,0.7,0.7,0.62,0.71,RB,DEF,0
Cameron Carter-Vickers,CB,United States,0.77,0.8,0.33,0.59,0.7,0.75,0.84,0.77,0.82,0.77,0.78,0.71,0.8,0.9,0.72,0.91,0.76,0.72,0.76,0.72,0.74,0.65,CB,DEF,0
Tiago Santos,RB,Portugal,0.77,0.83,0.56,0.71,0.77,0.72,0.66,0.85,0.82,0.79,0.7,0.76,0.75,0.6,0.75,0.68,0.76,0.77,0.72,0.74,0.46,0.69,RB,DEF,0
Nicolò Casale,CB,Italy,0.77,0.74,0.53,0.66,0.68,0.77,0.77,0.7,0.77,0.59,0.6,0.67,0.78,0.81,0.67,0.86,0.77,0.77,0.77,0.77,0.77,0.72,CB,DEF,0
Timothy Castagne,RB,Belgium,0.77,0.72,0.57,0.71,0.73,0.74,0.72,0.69,0.74,0.68,0.65,0.76,0.76,0.66,0.79,0.73,0.75,0.73,0.74,0.74,0.7,0.65,RB,DEF,0
Julian Chabot,CB,Germany,0.77,0.51,0.29,0.44,0.56,0.78,0.83,0.33,0.65,0.34,0.33,0.65,0.7,0.9,0.66,0.7,0.78,0.8,0.78,0.76,0.76,0.49,CB,DEF,3
Brendan Chardonnet,CB,France,0.77,0.48,0.46,0.54,0.6,0.78,0.76,0.47,0.49,0.55,0.7,0.67,0.78,0.82,0.68,0.79,0.78,0.75,0.79,0.78,0.79,0.49,CB,DEF,3
Levi Colwill,CB,England,0.77,0.69,0.4,0.68,0.68,0.77,0.77,0.65,0.73,0.64,0.62,0.72,0.76,0.8,0.7,0.81,0.8,0.76,0.77,0.76,0.72,0.5,CB,DEF,0
Dodô,RB,Brazil,0.77,0.85,0.59,0.73,0.78,0.71,0.7,0.83,0.86,0.8,0.85,0.79,0.75,0.65,0.77,0.74,0.74,0.7,0.73,0.72,0.55,0.66,RB,DEF,0
Craig Dawson,CB,England,0.77,0.34,0.47,0.62,0.54,0.79,0.75,0.34,0.34,0.39,0.48,0.63,0.77,0.78,0.67,0.75,0.78,0.78,0.79,0.79,0.81,0.57,CB,DEF,3
Rodinei,RB,Brazil,0.77,0.81,0.61,0.69,0.77,0.7,0.71,0.8,0.82,0.76,0.77,0.8,0.75,0.65,0.84,0.77,0.69,0.7,0.71,0.7,0.68,0.62,RB,DEF,0
Vanderson,RB,Brazil,0.77,0.77,0.62,0.74,0.77,0.72,0.71,0.79,0.76,0.76,0.76,0.76,0.75,0.67,0.77,0.77,0.74,0.74,0.71,0.72,0.68,0.62,RB,DEF,0
Bafodé Diakité,CB,France,0.77,0.75,0.41,0.63,0.7,0.76,0.77,0.69,0.79,0.69,0.65,0.73,0.75,0.75,0.78,0.85,0.77,0.77,0.75,0.74,0.81,0.62,CB,DEF,0
Paulo Díaz,CB,Chile,0.77,0.73,0.57,0.7,0.71,0.76,0.79,0.71,0.74,0.69,0.75,0.69,0.75,0.77,0.8,0.86,0.75,0.77,0.77,0.73,0.79,0.7,CB,DEF,0
Issa Diop,CB,France,0.77,0.57,0.37,0.53,0.55,0.77,0.8,0.49,0.64,0.52,0.33,0.59,0.71,0.87,0.67,0.82,0.77,0.76,0.77,0.78,0.78,0.51,CB,DEF,3
Dakonam Djené,CB,Togo,0.77,0.68,0.42,0.67,0.68,0.77,0.77,0.71,0.65,0.71,0.7,0.72,0.77,0.76,0.73,0.83,0.78,0.75,0.77,0.78,0.73,0.67,CB,DEF,0
Igor,CB,Brazil,0.77,0.67,0.37,0.57,0.58,0.77,0.85,0.66,0.67,0.63,0.63,0.65,0.68,0.9,0.77,0.82,0.8,0.77,0.76,0.77,0.7,0.55,CB,DEF,0
Alfie Doughty,LB,England,0.77,0.82,0.54,0.75,0.71,0.71,0.67,0.84,0.81,0.64,0.47,0.72,0.74,0.65,0.8,0.78,0.73,0.7,0.7,0.72,0.66,0.61,LB,DEF,0
Angeliño,LB,Spain,0.77,0.63,0.7,0.81,0.81,0.73,0.66,0.8,0.49,0.84,0.85,0.8,0.73,0.53,0.84,0.7,0.74,0.72,0.73,0.75,0.63,0.8,LB,DEF,0
Patric,CB,Spain,0.77,0.63,0.53,0.69,0.71,0.78,0.72,0.65,0.61,0.68,0.68,0.74,0.79,0.69,0.68,0.78,0.79,0.77,0.77,0.79,0.77,0.63,CB,DEF,0
Matteo Gabbia,CB,Italy,0.77,0.48,0.35,0.52,0.58,0.79,0.75,0.41,0.53,0.53,0.48,0.65,0.75,0.71,0.76,0.75,0.82,0.77,0.78,0.77,0.83,0.59,CB,DEF,3
Samuel Gigot,CB,France,0.77,0.62,0.38,0.62,0.6,0.77,0.81,0.59,0.65,0.57,0.53,0.65,0.77,0.84,0.7,0.81,0.78,0.77,0.74,0.8,0.74,0.44,CB,DEF,3
Hans Hateboer,RB,Holland,0.77,0.76,0.63,0.71,0.75,0.74,0.75,0.77,0.76,0.67,0.74,0.77,0.75,0.75,0.7,0.87,0.77,0.75,0.72,0.72,0.76,0.72,RB,DEF,0
Rico Henry,LB,England,0.77,0.87,0.41,0.62,0.75,0.75,0.71,0.89,0.86,0.89,0.91,0.74,0.76,0.65,0.78,0.74,0.78,0.75,0.78,0.74,0.54,0.44,LB,DEF,0
Milos Kerkez,LB,Hungary,0.77,0.83,0.55,0.7,0.75,0.7,0.75,0.85,0.82,0.83,0.82,0.74,0.73,0.66,0.9,0.7,0.73,0.72,0.71,0.7,0.6,0.65,LB,DEF,0
Maximilian Kilman,CB,England,0.77,0.61,0.42,0.66,0.64,0.77,0.78,0.53,0.67,0.5,0.34,0.7,0.78,0.85,0.68,0.75,0.79,0.78,0.78,0.77,0.68,0.51,CB,DEF,3
Ladislav Krejčí,CB,Czech Republic,0.77,0.67,0.67,0.67,0.69,0.74,0.85,0.65,0.68,0.57,0.65,0.71,0.72,0.85,0.79,0.89,0.74,0.71,0.73,0.74,0.84,0.76,CB,DEF,0
Florian Lejeune,CB,France,0.77,0.48,0.57,0.64,0.65,0.77,0.7,0.42,0.52,0.52,0.52,0.71,0.77,0.81,0.39,0.77,0.76,0.73,0.77,0.8,0.76,0.75,CB,DEF,3
Lekue,RB,Spain,0.77,0.82,0.62,0.7,0.73,0.73,0.75,0.83,0.81,0.74,0.77,0.75,0.75,0.71,0.83,0.79,0.74,0.73,0.75,0.72,0.61,0.62,RB,DEF,0
Diego Llorente,CB,Spain,0.77,0.64,0.4,0.63,0.67,0.78,0.76,0.65,0.64,0.61,0.62,0.71,0.78,0.78,0.64,0.81,0.79,0.76,0.78,0.78,0.75,0.45,CB,DEF,0
Bradley Locko,LB,France,0.77,0.75,0.51,0.64,0.73,0.75,0.7,0.71,0.78,0.67,0.69,0.76,0.71,0.67,0.75,0.77,0.77,0.78,0.73,0.75,0.71,0.59,LB,DEF,0
Renan Lodi,LB,Brazil,0.77,0.79,0.67,0.75,0.76,0.72,0.73,0.82,0.77,0.8,0.82,0.76,0.73,0.67,0.82,0.79,0.74,0.76,0.71,0.71,0.69,0.75,LB,DEF,0
Lucas Beraldo,CB,Brazil,0.77,0.68,0.38,0.65,0.67,0.76,0.74,0.63,0.72,0.57,0.6,0.72,0.75,0.76,0.63,0.82,0.79,0.78,0.75,0.74,0.76,0.56,CB,DEF,0
Jhon Lucumí,CB,Colombia,0.77,0.66,0.37,0.62,0.61,0.78,0.78,0.63,0.68,0.45,0.45,0.7,0.75,0.83,0.7,0.84,0.8,0.78,0.79,0.76,0.76,0.63,CB,DEF,0
Sebastiano Luperto,CB,Italy,0.77,0.64,0.48,0.59,0.63,0.79,0.73,0.65,0.63,0.66,0.73,0.66,0.77,0.74,0.66,0.81,0.78,0.77,0.83,0.76,0.78,0.62,CB,DEF,0
Guillermo Maripán,CB,Chile,0.77,0.33,0.42,0.58,0.53,0.78,0.78,0.32,0.33,0.31,0.32,0.63,0.77,0.89,0.55,0.78,0.79,0.74,0.78,0.78,0.8,0.58,CB,DEF,3
Lucas Martínez Quarta,CB,Argentina,0.77,0.56,0.56,0.69,0.7,0.76,0.78,0.49,0.62,0.72,0.65,0.72,0.73,0.78,0.7,0.79,0.79,0.75,0.72,0.75,0.8,0.65,CB,DEF,0
Tyrick Mitchell,LB,England,0.77,0.75,0.41,0.62,0.73,0.76,0.69,0.76,0.75,0.76,0.74,0.75,0.75,0.63,0.76,0.71,0.8,0.78,0.78,0.78,0.56,0.42,LB,DEF,0
Johan Mojica,LB,Colombia,0.77,0.88,0.65,0.73,0.72,0.72,0.7,0.86,0.9,0.7,0.58,0.75,0.69,0.7,0.65,0.77,0.77,0.75,0.7,0.74,0.56,0.8,LB,DEF,0
Mosquera,CB,Spain,0.77,0.76,0.46,0.6,0.56,0.79,0.77,0.79,0.74,0.69,0.69,0.67,0.75,0.74,0.79,0.87,0.8,0.76,0.78,0.79,0.78,0.65,CB,DEF,0
Vitaliy Mykolenko,LB,Ukraine,0.77,0.75,0.51,0.65,0.61,0.76,0.69,0.73,0.77,0.7,0.68,0.65,0.73,0.69,0.72,0.74,0.8,0.78,0.77,0.75,0.65,0.63,LB,DEF,0
Wendell,LB,Brazil,0.77,0.82,0.57,0.72,0.76,0.71,0.73,0.83,0.81,0.76,0.76,0.78,0.72,0.66,0.78,0.74,0.76,0.74,0.67,0.76,0.55,0.75,LB,DEF,0
Evan Ndicka,CB,Côte d'Ivoire,0.77,0.74,0.53,0.68,0.69,0.77,0.77,0.69,0.78,0.5,0.55,0.75,0.71,0.81,0.68,0.86,0.78,0.75,0.77,0.76,0.78,0.65,CB,DEF,0
João Mário,RB,Portugal,0.77,0.85,0.63,0.72,0.77,0.69,0.67,0.86,0.85,0.79,0.75,0.78,0.79,0.6,0.84,0.78,0.69,0.69,0.68,0.72,0.7,0.68,RB,DEF,0
Unai Núñez,CB,Spain,0.77,0.69,0.24,0.51,0.51,0.77,0.78,0.65,0.73,0.34,0.59,0.67,0.76,0.82,0.68,0.85,0.76,0.77,0.77,0.8,0.76,0.44,CB,DEF,3
Mathías Olivera,LB,Uruguay,0.77,0.71,0.5,0.68,0.71,0.75,0.73,0.69,0.72,0.65,0.36,0.76,0.78,0.69,0.76,0.73,0.75,0.74,0.76,0.78,0.68,0.56,LB,DEF,0
Aitor Paredes,CB,Spain,0.77,0.72,0.36,0.49,0.56,0.78,0.75,0.65,0.77,0.6,0.63,0.65,0.8,0.77,0.7,0.77,0.83,0.78,0.76,0.78,0.7,0.42,CB,DEF,0
Germán Pezzella,CB,Argentina,0.77,0.54,0.49,0.52,0.57,0.79,0.75,0.51,0.56,0.42,0.43,0.64,0.74,0.79,0.58,0.79,0.76,0.79,0.79,0.82,0.77,0.54,CB,DEF,3
Luiz Felipe,CB,Italy,0.77,0.72,0.29,0.61,0.68,0.77,0.75,0.7,0.74,0.65,0.44,0.71,0.75,0.81,0.58,0.83,0.78,0.79,0.75,0.79,0.73,0.44,CB,DEF,0
Reguilón,LB,Spain,0.77,0.82,0.58,0.73,0.77,0.73,0.67,0.83,0.81,0.76,0.75,0.77,0.73,0.6,0.72,0.8,0.76,0.73,0.71,0.73,0.73,0.69,LB,DEF,0
Ricardo Rodríguez,CB,Switzerland,0.77,0.7,0.69,0.79,0.76,0.79,0.74,0.69,0.7,0.64,0.7,0.79,0.75,0.72,0.75,0.74,0.8,0.79,0.81,0.8,0.64,0.82,CB,DEF,0
Youssouf Sabaly,RB,Senegal,0.77,0.78,0.54,0.65,0.74,0.74,0.71,0.76,0.79,0.72,0.82,0.74,0.73,0.7,0.76,0.73,0.77,0.75,0.75,0.75,0.55,0.68,RB,DEF,0
Jeremiah St. Juste,CB,Holland,0.77,0.93,0.58,0.66,0.77,0.78,0.73,0.9,0.95,0.82,0.7,0.75,0.79,0.74,0.68,0.85,0.78,0.76,0.8,0.82,0.7,0.66,CB,DEF,0
Josip Stanišić,RB,Croatia,0.77,0.73,0.44,0.65,0.69,0.78,0.74,0.68,0.77,0.66,0.64,0.73,0.76,0.75,0.71,0.82,0.79,0.77,0.78,0.78,0.76,0.52,RB,DEF,0
Yukinari Sugawara,RB,Japan,0.77,0.82,0.54,0.76,0.73,0.71,0.71,0.8,0.83,0.8,0.75,0.72,0.75,0.67,0.79,0.79,0.76,0.73,0.72,0.71,0.54,0.65,RB,DEF,0
Josip Šutalo,CB,Croatia,0.77,0.8,0.32,0.61,0.71,0.77,0.77,0.79,0.8,0.65,0.48,0.75,0.79,0.8,0.76,0.87,0.79,0.78,0.76,0.78,0.74,0.43,CB,DEF,0
Arthur Theate,CB,Belgium,0.77,0.71,0.4,0.55,0.59,0.78,0.8,0.65,0.75,0.59,0.51,0.64,0.74,0.84,0.72,0.83,0.81,0.76,0.77,0.79,0.74,0.7,CB,DEF,0
Adrien Truffert,LB,France,0.77,0.76,0.57,0.71,0.75,0.73,0.69,0.75,0.76,0.7,0.75,0.76,0.71,0.65,0.79,0.71,0.78,0.77,0.71,0.74,0.59,0.69,LB,DEF,0
Konstantinos Tsimikas,LB,Greece,0.77,0.8,0.57,0.74,0.75,0.73,0.78,0.83,0.78,0.77,0.73,0.75,0.74,0.77,0.77,0.79,0.76,0.75,0.73,0.76,0.55,0.69,LB,DEF,0
Martin Valjent,CB,Slovakia,0.77,0.63,0.36,0.59,0.65,0.78,0.83,0.67,0.59,0.72,0.65,0.69,0.68,0.85,0.82,0.86,0.81,0.79,0.79,0.7,0.77,0.49,CB,DEF,0
Sepp van den Berg,CB,Holland,0.77,0.76,0.36,0.63,0.66,0.78,0.76,0.69,0.82,0.64,0.52,0.69,0.76,0.79,0.69,0.88,0.8,0.72,0.78,0.76,0.83,0.51,CB,DEF,0
Mitchell Weiser,RB,Germany,0.77,0.79,0.63,0.73,0.81,0.7,0.71,0.78,0.8,0.84,0.81,0.78,0.79,0.64,0.85,0.75,0.7,0.72,0.67,0.74,0.66,0.58,RB,DEF,0
Maximilian Wöber,CB,Austria,0.77,0.65,0.52,0.67,0.65,0.78,0.78,0.62,0.67,0.62,0.55,0.67,0.76,0.82,0.67,0.77,0.79,0.77,0.78,0.75,0.78,0.67,CB,DEF,0
Illia Zabarnyi,CB,Ukraine,0.77,0.63,0.37,0.62,0.61,0.78,0.76,0.56,0.68,0.64,0.56,0.65,0.76,0.8,0.67,0.81,0.78,0.77,0.78,0.77,0.76,0.5,CB,DEF,0
Dan-Axel Zagadou,CB,France,0.77,0.55,0.34,0.6,0.51,0.77,0.8,0.4,0.67,0.33,0.34,0.52,0.69,0.93,0.6,0.77,0.8,0.7,0.74,0.74,0.86,0.66,CB,DEF,3
Luis Advíncula,RB,Peru,0.76,0.9,0.69,0.7,0.74,0.69,0.81,0.9,0.9,0.82,0.8,0.72,0.71,0.79,0.88,0.85,0.71,0.67,0.69,0.71,0.62,0.77,RB,DEF,0
Kristoffer Ajer,CB,Norway,0.76,0.64,0.56,0.63,0.7,0.74,0.82,0.54,0.73,0.44,0.46,0.74,0.68,0.9,0.68,0.74,0.76,0.77,0.73,0.72,0.73,0.64,CB,DEF,0
Eric Bailly,CB,Côte d'Ivoire,0.76,0.68,0.42,0.59,0.66,0.76,0.71,0.64,0.71,0.61,0.6,0.67,0.7,0.84,0.35,0.82,0.76,0.78,0.77,0.77,0.72,0.55,CB,DEF,0
Federico Baschirotto,CB,Italy,0.76,0.7,0.53,0.6,0.57,0.75,0.86,0.67,0.73,0.69,0.5,0.62,0.7,0.92,0.74,0.83,0.74,0.72,0.8,0.73,0.69,0.53,CB,DEF,0
Calvin Bassey,CB,Nigeria,0.76,0.82,0.44,0.62,0.67,0.74,0.86,0.76,0.86,0.67,0.7,0.66,0.71,0.88,0.89,0.83,0.78,0.74,0.72,0.72,0.74,0.65,CB,DEF,0
Raoul Bellanova,RB,Italy,0.76,0.86,0.32,0.65,0.73,0.69,0.72,0.82,0.9,0.63,0.64,0.76,0.67,0.69,0.78,0.79,0.72,0.7,0.67,0.69,0.68,0.26,RB,DEF,2
Héctor Bellerín,RB,Spain,0.76,0.8,0.51,0.69,0.76,0.72,0.64,0.78,0.81,0.75,0.78,0.76,0.76,0.57,0.71,0.69,0.75,0.76,0.72,0.74,0.58,0.52,RB,DEF,0
Jordan Beyer,CB,Germany,0.76,0.72,0.34,0.63,0.7,0.76,0.75,0.67,0.76,0.68,0.64,0.72,0.74,0.77,0.68,0.81,0.77,0.76,0.75,0.75,0.74,0.46,CB,DEF,0
Christian Burgess,CB,England,0.76,0.35,0.34,0.53,0.51,0.78,0.8,0.35,0.35,0.34,0.47,0.6,0.68,0.82,0.78,0.78,0.76,0.72,0.84,0.75,0.82,0.46,CB,DEF,3
Ben Davies,CB,Wales,0.76,0.58,0.58,0.72,0.72,0.77,0.72,0.63,0.53,0.64,0.68,0.76,0.79,0.7,0.7,0.75,0.78,0.77,0.78,0.77,0.73,0.65,CB,DEF,0
Leif Davis,LB,England,0.76,0.8,0.54,0.75,0.73,0.7,0.73,0.82,0.79,0.75,0.76,0.74,0.73,0.7,0.85,0.78,0.72,0.69,0.7,0.7,0.62,0.68,LB,DEF,0
Maxim De Cuyper,LB,Belgium,0.76,0.76,0.72,0.79,0.77,0.68,0.7,0.77,0.76,0.78,0.76,0.77,0.72,0.62,0.85,0.74,0.71,0.69,0.66,0.69,0.63,0.78,LB,DEF,0
Mattia De Sciglio,RB,Italy,0.76,0.65,0.46,0.7,0.74,0.76,0.67,0.64,0.66,0.72,0.76,0.75,0.72,0.66,0.69,0.71,0.79,0.75,0.76,0.75,0.69,0.67,RB,DEF,0
Alexsandro,CB,Brazil,0.76,0.62,0.31,0.51,0.53,0.77,0.78,0.53,0.69,0.41,0.35,0.6,0.76,0.83,0.69,0.79,0.8,0.76,0.75,0.76,0.75,0.62,CB,DEF,3
Zeno Debast,CB,Belgium,0.76,0.66,0.53,0.71,0.72,0.76,0.76,0.58,0.73,0.6,0.53,0.77,0.75,0.73,0.81,0.78,0.79,0.76,0.74,0.74,0.76,0.61,CB,DEF,0
Merih Demiral,CB,Turkey,0.76,0.72,0.39,0.47,0.6,0.77,0.8,0.65,0.77,0.63,0.63,0.59,0.67,0.84,0.68,0.84,0.8,0.78,0.76,0.76,0.75,0.6,CB,DEF,0
Mouctar Diakhaby,CB,Guinea,0.76,0.62,0.39,0.55,0.6,0.77,0.76,0.63,0.62,0.61,0.44,0.62,0.7,0.79,0.71,0.84,0.78,0.74,0.76,0.78,0.79,0.51,CB,DEF,3
Enzo Díaz,LB,Argentina,0.76,0.75,0.62,0.71,0.74,0.74,0.8,0.77,0.73,0.78,0.79,0.74,0.75,0.8,0.78,0.86,0.76,0.74,0.74,0.73,0.72,0.76,LB,DEF,0
Nico Elvedi,CB,Switzerland,0.76,0.73,0.39,0.63,0.65,0.77,0.74,0.68,0.77,0.64,0.55,0.68,0.73,0.79,0.65,0.82,0.77,0.75,0.77,0.77,0.75,0.5,CB,DEF,0
Tiago Djaló,CB,Portugal,0.76,0.8,0.42,0.61,0.64,0.76,0.75,0.79,0.8,0.65,0.41,0.67,0.73,0.83,0.58,0.88,0.78,0.76,0.76,0.75,0.72,0.59,CB,DEF,0
Wout Faes,CB,Belgium,0.76,0.52,0.39,0.55,0.59,0.77,0.79,0.5,0.54,0.43,0.56,0.68,0.74,0.81,0.73,0.8,0.78,0.78,0.75,0.76,0.76,0.62,CB,DEF,3
Nicolás Figal,CB,Argentina,0.76,0.73,0.44,0.62,0.68,0.75,0.8,0.73,0.73,0.72,0.63,0.7,0.75,0.82,0.79,0.86,0.77,0.74,0.74,0.75,0.74,0.61,CB,DEF,0
Alessandro Florenzi,RB,Italy,0.76,0.7,0.76,0.8,0.79,0.75,0.56,0.74,0.67,0.85,0.82,0.82,0.75,0.48,0.63,0.66,0.75,0.69,0.77,0.77,0.68,0.82,RB,DEF,0
Mario Gila,CB,Spain,0.76,0.75,0.53,0.67,0.72,0.78,0.68,0.72,0.78,0.65,0.67,0.74,0.72,0.66,0.67,0.78,0.77,0.79,0.77,0.81,0.74,0.68,CB,DEF,0
Adrià Pedrosa,LB,Spain,0.76,0.9,0.6,0.69,0.78,0.69,0.73,0.91,0.89,0.83,0.77,0.74,0.73,0.63,0.89,0.77,0.71,0.7,0.69,0.7,0.59,0.63,LB,DEF,2
Andrei Girotto,CB,Brazil,0.76,0.49,0.65,0.67,0.66,0.77,0.75,0.61,0.39,0.63,0.53,0.73,0.74,0.74,0.73,0.8,0.78,0.76,0.76,0.78,0.77,0.81,CB,DEF,0
Toti,CB,Portugal,0.76,0.79,0.47,0.65,0.66,0.76,0.76,0.77,0.8,0.64,0.61,0.67,0.76,0.81,0.67,0.84,0.78,0.76,0.76,0.77,0.7,0.55,CB,DEF,0
Edgar,CB,Spain,0.76,0.65,0.52,0.64,0.61,0.76,0.79,0.63,0.67,0.51,0.44,0.66,0.76,0.79,0.77,0.8,0.77,0.75,0.77,0.76,0.72,0.57,CB,DEF,0
Gorosabel,RB,Spain,0.76,0.74,0.46,0.7,0.72,0.74,0.67,0.72,0.76,0.7,0.75,0.73,0.76,0.66,0.7,0.75,0.76,0.74,0.73,0.75,0.7,0.52,RB,DEF,0
Jeffrey Gouweleeuw,CB,Holland,0.76,0.67,0.58,0.66,0.64,0.78,0.71,0.65,0.68,0.65,0.64,0.66,0.76,0.77,0.55,0.73,0.79,0.75,0.79,0.8,0.73,0.72,CB,DEF,0
Marcel Halstenberg,CB,Germany,0.76,0.6,0.66,0.74,0.72,0.76,0.8,0.56,0.63,0.61,0.59,0.74,0.78,0.8,0.84,0.82,0.78,0.74,0.76,0.73,0.79,0.79,CB,DEF,0
Andreas Hanche-Olsen,CB,Norway,0.76,0.69,0.38,0.57,0.63,0.76,0.79,0.68,0.7,0.67,0.67,0.6,0.74,0.81,0.68,0.86,0.78,0.72,0.76,0.76,0.77,0.51,CB,DEF,0
Guilherme Sityá,LB,Brazil,0.76,0.8,0.62,0.76,0.74,0.68,0.78,0.81,0.79,0.79,0.75,0.76,0.69,0.78,0.86,0.8,0.69,0.69,0.71,0.69,0.56,0.66,LB,DEF,0
Aridane,CB,Spain,0.76,0.43,0.36,0.54,0.54,0.76,0.84,0.34,0.51,0.65,0.48,0.67,0.72,0.91,0.77,0.78,0.75,0.75,0.75,0.77,0.78,0.66,CB,DEF,3
Aaron Hickey,RB,Scotland,0.76,0.74,0.54,0.7,0.74,0.74,0.68,0.72,0.75,0.71,0.64,0.74,0.73,0.59,0.78,0.71,0.76,0.75,0.75,0.72,0.67,0.63,RB,DEF,0
Tomáš Holeš,CB,Czech Republic,0.76,0.74,0.58,0.69,0.69,0.75,0.8,0.74,0.74,0.7,0.82,0.7,0.74,0.8,0.77,0.88,0.74,0.75,0.76,0.76,0.77,0.72,CB,DEF,0
Ko Itakura,CB,Japan,0.76,0.73,0.45,0.59,0.7,0.77,0.73,0.77,0.7,0.7,0.69,0.7,0.74,0.75,0.68,0.81,0.78,0.8,0.76,0.79,0.7,0.67,CB,DEF,0
Mauro Júnior,LB,Brazil,0.76,0.83,0.66,0.76,0.8,0.69,0.56,0.82,0.83,0.88,0.82,0.8,0.74,0.34,0.82,0.52,0.69,0.67,0.69,0.73,0.58,0.67,LB,DEF,2
Josip Juranović,RB,Croatia,0.76,0.83,0.64,0.75,0.74,0.71,0.68,0.84,0.82,0.82,0.82,0.73,0.74,0.61,0.75,0.73,0.76,0.69,0.71,0.69,0.57,0.78,RB,DEF,0
Ozan Kabak,CB,Turkey,0.76,0.63,0.37,0.59,0.66,0.74,0.81,0.52,0.72,0.65,0.64,0.71,0.66,0.84,0.67,0.88,0.78,0.82,0.72,0.68,0.76,0.48,CB,DEF,0
Pavel Kadeřábek,RB,Czech Republic,0.76,0.67,0.45,0.71,0.71,0.72,0.76,0.75,0.61,0.66,0.68,0.74,0.78,0.76,0.76,0.84,0.72,0.78,0.72,0.7,0.74,0.64,RB,DEF,0
Thilo Kehrer,CB,Germany,0.76,0.71,0.44,0.65,0.65,0.76,0.75,0.64,0.76,0.62,0.63,0.66,0.73,0.77,0.68,0.8,0.78,0.79,0.74,0.76,0.73,0.65,CB,DEF,0
Jakub Kiwior,LB,Poland,0.76,0.69,0.37,0.66,0.63,0.77,0.77,0.63,0.74,0.54,0.55,0.65,0.78,0.76,0.79,0.79,0.78,0.76,0.77,0.76,0.74,0.62,LB,DEF,0
Ghislain Konan,LB,Côte d'Ivoire,0.76,0.81,0.52,0.69,0.74,0.71,0.75,0.84,0.78,0.73,0.85,0.74,0.74,0.71,0.87,0.72,0.75,0.72,0.71,0.7,0.6,0.63,LB,DEF,0
Rasmus Kristensen,RB,Denmark,0.76,0.69,0.65,0.67,0.71,0.75,0.77,0.63,0.74,0.61,0.64,0.72,0.75,0.74,0.84,0.78,0.78,0.74,0.73,0.73,0.73,0.75,RB,DEF,0
Maxence Lacroix,CB,France,0.76,0.88,0.41,0.55,0.67,0.76,0.77,0.82,0.92,0.64,0.56,0.68,0.76,0.82,0.67,0.83,0.77,0.74,0.77,0.77,0.73,0.8,CB,DEF,0
Kenny Lala,RB,France,0.76,0.77,0.62,0.72,0.72,0.73,0.73,0.75,0.79,0.66,0.7,0.74,0.71,0.71,0.78,0.78,0.75,0.69,0.74,0.73,0.68,0.73,RB,DEF,0
Emerson Royal,RB,Brazil,0.76,0.7,0.62,0.7,0.73,0.74,0.77,0.69,0.7,0.7,0.67,0.75,0.73,0.73,0.81,0.79,0.75,0.76,0.73,0.74,0.72,0.76,RB,DEF,0
Clément Lenglet,CB,France,0.76,0.54,0.45,0.69,0.64,0.77,0.74,0.54,0.54,0.61,0.58,0.73,0.77,0.75,0.71,0.78,0.76,0.73,0.8,0.78,0.77,0.58,CB,DEF,0
Rico Lewis,RB,England,0.76,0.78,0.54,0.73,0.81,0.71,0.57,0.81,0.75,0.84,0.82,0.82,0.79,0.47,0.69,0.65,0.75,0.72,0.72,0.71,0.58,0.61,RB,DEF,0
Deiver Machado,LB,Colombia,0.76,0.84,0.69,0.71,0.76,0.7,0.76,0.83,0.84,0.76,0.79,0.75,0.76,0.76,0.74,0.83,0.72,0.72,0.7,0.7,0.66,0.8,LB,DEF,0
Patrick Mainka,CB,Germany,0.76,0.55,0.4,0.51,0.53,0.78,0.81,0.42,0.65,0.49,0.53,0.58,0.73,0.84,0.79,0.71,0.78,0.76,0.79,0.79,0.79,0.64,CB,DEF,3
Tyrell Malacia,LB,Holland,0.76,0.78,0.54,0.67,0.76,0.73,0.73,0.79,0.78,0.84,0.89,0.73,0.68,0.7,0.7,0.74,0.78,0.8,0.69,0.75,0.57,0.64,LB,DEF,0
Aïssa Mandi,CB,Algeria,0.76,0.59,0.46,0.71,0.67,0.77,0.72,0.64,0.55,0.67,0.64,0.71,0.75,0.76,0.6,0.83,0.79,0.78,0.75,0.75,0.78,0.52,CB,DEF,0
Marcano,CB,Spain,0.76,0.47,0.46,0.6,0.59,0.78,0.7,0.52,0.42,0.52,0.57,0.68,0.71,0.74,0.53,0.78,0.77,0.76,0.82,0.76,0.79,0.65,CB,DEF,3
Mika Mármol,CB,Spain,0.76,0.8,0.38,0.67,0.73,0.76,0.74,0.79,0.81,0.74,0.67,0.74,0.74,0.77,0.65,0.86,0.78,0.75,0.77,0.76,0.71,0.44,CB,DEF,0
Arthur Masuaku,LB,Congo DR,0.76,0.78,0.61,0.73,0.78,0.7,0.79,0.77,0.78,0.77,0.79,0.77,0.73,0.81,0.8,0.75,0.74,0.73,0.67,0.69,0.63,0.74,LB,DEF,0
Clinton Mata,RB,Angola,0.76,0.78,0.61,0.68,0.73,0.74,0.77,0.75,0.8,0.78,0.71,0.72,0.74,0.73,0.86,0.82,0.74,0.74,0.76,0.74,0.71,0.78,RB,DEF,0
Mykola Matviienko,CB,Ukraine,0.76,0.77,0.55,0.69,0.69,0.77,0.75,0.75,0.78,0.71,0.69,0.68,0.73,0.75,0.75,0.85,0.8,0.76,0.75,0.76,0.76,0.73,CB,DEF,0
Kevin Mbabu,RB,Switzerland,0.76,0.84,0.51,0.67,0.71,0.73,0.78,0.86,0.83,0.76,0.72,0.69,0.64,0.78,0.77,0.84,0.73,0.8,0.7,0.76,0.64,0.66,RB,DEF,0
Quentin Merlin,LB,France,0.76,0.73,0.59,0.74,0.75,0.73,0.64,0.75,0.71,0.71,0.81,0.75,0.76,0.57,0.74,0.69,0.77,0.74,0.73,0.7,0.61,0.69,LB,DEF,0
Thomas Meunier,RB,Belgium,0.76,0.68,0.74,0.72,0.71,0.74,0.82,0.66,0.69,0.62,0.47,0.71,0.73,0.84,0.8,0.87,0.74,0.77,0.72,0.74,0.8,0.8,RB,DEF,0
Yerry Mina,CB,Colombia,0.76,0.32,0.5,0.55,0.56,0.77,0.77,0.32,0.32,0.34,0.3,0.6,0.69,0.89,0.45,0.78,0.78,0.75,0.79,0.72,0.8,0.65,CB,DEF,3
Miranda,LB,Spain,0.76,0.84,0.62,0.71,0.74,0.73,0.68,0.82,0.85,0.73,0.66,0.76,0.7,0.65,0.68,0.79,0.76,0.75,0.7,0.72,0.7,0.79,LB,DEF,0
Gonzalo Montiel,RB,Argentina,0.76,0.8,0.62,0.69,0.74,0.72,0.74,0.79,0.8,0.81,0.75,0.72,0.74,0.68,0.77,0.77,0.72,0.73,0.71,0.74,0.67,0.68,RB,DEF,0
Alberto Moreno,LB,Spain,0.76,0.79,0.69,0.73,0.76,0.71,0.68,0.77,0.8,0.8,0.83,0.75,0.75,0.59,0.74,0.71,0.76,0.76,0.67,0.72,0.61,0.8,LB,DEF,0
Harold Moukoudi,CB,Cameroon,0.76,0.49,0.35,0.52,0.54,0.76,0.86,0.44,0.53,0.42,0.6,0.64,0.7,0.91,0.76,0.81,0.79,0.72,0.76,0.74,0.76,0.5,CB,DEF,3
Sikou Niakaté,CB,Mali,0.76,0.72,0.39,0.51,0.64,0.77,0.8,0.7,0.74,0.64,0.71,0.64,0.71,0.8,0.82,0.85,0.78,0.77,0.76,0.76,0.77,0.63,CB,DEF,0
Moussa Niakhaté,CB,Senegal,0.76,0.68,0.42,0.62,0.63,0.76,0.76,0.55,0.79,0.5,0.51,0.64,0.74,0.83,0.63,0.73,0.78,0.76,0.75,0.75,0.75,0.49,CB,DEF,3
Rasmus Nicolaisen,CB,Denmark,0.76,0.49,0.41,0.57,0.6,0.76,0.8,0.45,0.52,0.54,0.5,0.68,0.73,0.84,0.72,0.82,0.78,0.74,0.77,0.72,0.81,0.51,CB,DEF,3
Odriozola,RB,Spain,0.76,0.8,0.55,0.69,0.74,0.72,0.65,0.76,0.83,0.73,0.78,0.74,0.73,0.58,0.78,0.73,0.72,0.73,0.73,0.73,0.7,0.61,RB,DEF,0
Bright Osayi-Samuel,RB,Nigeria,0.76,0.93,0.58,0.63,0.78,0.68,0.82,0.92,0.94,0.82,0.77,0.77,0.73,0.84,0.87,0.78,0.74,0.69,0.67,0.66,0.55,0.65,RB,DEF,0
Filip Panák,CB,Czech Republic,0.76,0.7,0.53,0.69,0.73,0.76,0.77,0.68,0.71,0.62,0.55,0.76,0.78,0.84,0.67,0.89,0.75,0.7,0.76,0.77,0.81,0.52,CB,DEF,0
Fabiano Parisi,LB,Italy,0.76,0.77,0.67,0.7,0.77,0.72,0.73,0.78,0.77,0.75,0.78,0.76,0.75,0.71,0.78,0.72,0.75,0.74,0.75,0.73,0.5,0.78,LB,DEF,0
Strahinja Pavlović,CB,Serbia,0.76,0.7,0.43,0.51,0.64,0.75,0.84,0.64,0.75,0.57,0.44,0.68,0.75,0.86,0.83,0.84,0.74,0.76,0.76,0.74,0.74,0.56,CB,DEF,0
Robin Pröpper,CB,Holland,0.76,0.53,0.53,0.62,0.57,0.77,0.79,0.4,0.63,0.54,0.44,0.6,0.72,0.82,0.75,0.78,0.76,0.75,0.8,0.74,0.8,0.74,CB,DEF,3
Eduardo Quaresma,CB,Portugal,0.76,0.78,0.36,0.64,0.74,0.76,0.74,0.81,0.75,0.58,0.7,0.75,0.76,0.77,0.65,0.87,0.76,0.79,0.76,0.79,0.71,0.44,CB,DEF,0
Raíllo,CB,Spain,0.76,0.41,0.36,0.55,0.55,0.78,0.77,0.41,0.41,0.32,0.49,0.63,0.73,0.69,0.89,0.71,0.79,0.77,0.78,0.76,0.79,0.54,CB,DEF,3
Chris Richards,CB,United States,0.76,0.71,0.27,0.59,0.61,0.76,0.74,0.64,0.77,0.61,0.58,0.64,0.75,0.76,0.69,0.82,0.77,0.79,0.75,0.76,0.77,0.36,CB,DEF,0
Morato,CB,Brazil,0.76,0.68,0.37,0.57,0.61,0.76,0.82,0.66,0.69,0.41,0.43,0.65,0.72,0.89,0.68,0.8,0.77,0.74,0.76,0.75,0.76,0.55,CB,DEF,3
Marcos Rojo,CB,Argentina,0.76,0.53,0.6,0.66,0.63,0.76,0.77,0.52,0.54,0.64,0.64,0.64,0.7,0.83,0.53,0.79,0.76,0.77,0.75,0.76,0.75,0.79,CB,DEF,0
Daniele Rugani,CB,Italy,0.76,0.49,0.4,0.55,0.62,0.78,0.69,0.42,0.54,0.54,0.56,0.67,0.72,0.77,0.5,0.76,0.79,0.75,0.79,0.78,0.78,0.61,CB,DEF,3
Aitor Ruibal,RB,Spain,0.76,0.84,0.74,0.7,0.75,0.72,0.68,0.82,0.85,0.73,0.69,0.78,0.74,0.68,0.63,0.8,0.73,0.72,0.7,0.72,0.7,0.8,RB,DEF,0
Mohammed Salisu,CB,Ghana,0.76,0.63,0.36,0.5,0.54,0.77,0.79,0.59,0.67,0.5,0.49,0.62,0.72,0.85,0.67,0.81,0.77,0.74,0.77,0.79,0.72,0.6,CB,DEF,3
Philippe Sandler,CB,Holland,0.76,0.7,0.44,0.69,0.71,0.76,0.72,0.64,0.74,0.62,0.58,0.74,0.76,0.81,0.54,0.84,0.78,0.75,0.77,0.74,0.76,0.63,CB,DEF,0
Tuta,CB,Brazil,0.76,0.7,0.49,0.64,0.71,0.76,0.76,0.68,0.72,0.68,0.68,0.73,0.76,0.79,0.69,0.82,0.75,0.73,0.77,0.76,0.74,0.59,CB,DEF,0
Oumar Solet,CB,France,0.76,0.79,0.43,0.59,0.67,0.75,0.85,0.7,0.86,0.65,0.38,0.68,0.7,0.88,0.84,0.82,0.75,0.72,0.77,0.75,0.68,0.64,CB,DEF,0
Alex Suárez,CB,Spain,0.76,0.75,0.36,0.62,0.63,0.76,0.77,0.74,0.76,0.65,0.71,0.64,0.7,0.8,0.71,0.85,0.78,0.76,0.76,0.75,0.73,0.52,CB,DEF,0
Adrien Tameze,CB,France,0.76,0.77,0.66,0.68,0.77,0.76,0.77,0.76,0.77,0.77,0.76,0.76,0.75,0.72,0.84,0.83,0.8,0.77,0.72,0.75,0.73,0.73,CB,DEF,0
David Carmo,CB,Angola,0.76,0.49,0.39,0.58,0.51,0.77,0.81,0.48,0.5,0.35,0.32,0.63,0.72,0.92,0.63,0.75,0.74,0.72,0.79,0.79,0.76,0.55,CB,DEF,3
Kenny Tete,RB,Holland,0.76,0.73,0.47,0.67,0.69,0.75,0.77,0.73,0.73,0.73,0.68,0.7,0.72,0.76,0.76,0.83,0.76,0.78,0.75,0.74,0.73,0.64,RB,DEF,0
Jan Paul van Hecke,CB,Holland,0.76,0.55,0.45,0.58,0.65,0.77,0.77,0.52,0.57,0.54,0.53,0.7,0.73,0.79,0.68,0.76,0.78,0.76,0.78,0.76,0.73,0.72,CB,DEF,3
Joël Veltman,RB,Holland,0.76,0.54,0.49,0.68,0.71,0.79,0.74,0.55,0.53,0.65,0.66,0.74,0.78,0.72,0.73,0.75,0.8,0.77,0.81,0.79,0.74,0.6,RB,DEF,0
Jannik Vestergaard,CB,Denmark,0.76,0.32,0.48,0.63,0.54,0.75,0.83,0.29,0.34,0.29,0.28,0.63,0.73,0.91,0.65,0.72,0.75,0.72,0.76,0.73,0.81,0.83,CB,DEF,3
Kyle Walker-Peters,RB,England,0.76,0.75,0.47,0.68,0.74,0.73,0.71,0.73,0.76,0.74,0.79,0.76,0.74,0.65,0.82,0.73,0.75,0.72,0.73,0.73,0.65,0.52,RB,DEF,0
Adam Webster,CB,England,0.76,0.54,0.31,0.61,0.68,0.77,0.76,0.52,0.55,0.5,0.57,0.72,0.75,0.79,0.69,0.8,0.78,0.75,0.78,0.76,0.78,0.37,CB,DEF,3
Neco Williams,RB,Wales,0.76,0.74,0.46,0.68,0.73,0.74,0.68,0.72,0.75,0.73,0.73,0.73,0.71,0.64,0.74,0.8,0.76,0.77,0.74,0.75,0.66,0.55,RB,DEF,0
Yunis Abdelhamid,CB,Morocco,0.75,0.32,0.33,0.57,0.62,0.76,0.78,0.33,0.32,0.32,0.38,0.68,0.75,0.83,0.7,0.76,0.75,0.69,0.78,0.77,0.78,0.58,CB,DEF,3
Ola Aina,LB,Nigeria,0.75,0.89,0.6,0.69,0.74,0.7,0.74,0.91,0.87,0.73,0.77,0.72,0.71,0.75,0.75,0.85,0.72,0.71,0.69,0.7,0.65,0.73,LB,DEF,0
Gastón Álvarez,CB,Uruguay,0.75,0.75,0.27,0.59,0.65,0.76,0.75,0.68,0.8,0.59,0.59,0.68,0.72,0.79,0.6,0.79,0.74,0.73,0.79,0.77,0.7,0.42,CB,DEF,0
Juan Cruz,LB,Spain,0.75,0.73,0.4,0.62,0.64,0.73,0.73,0.75,0.71,0.67,0.53,0.71,0.75,0.7,0.78,0.76,0.75,0.73,0.74,0.73,0.66,0.57,LB,DEF,0
Ethan Ampadu,CB,Wales,0.75,0.68,0.51,0.64,0.69,0.76,0.77,0.68,0.68,0.67,0.68,0.72,0.76,0.75,0.8,0.76,0.77,0.75,0.76,0.77,0.69,0.55,CB,DEF,0
Copete,CB,Spain,0.75,0.57,0.33,0.54,0.57,0.77,0.7,0.61,0.54,0.4,0.5,0.71,0.73,0.7,0.66,0.78,0.78,0.76,0.77,0.76,0.77,0.43,CB,DEF,3
Kaan Ayhan,RB,Turkey,0.75,0.59,0.53,0.73,0.69,0.77,0.77,0.58,0.6,0.67,0.67,0.78,0.75,0.8,0.71,0.79,0.78,0.74,0.78,0.77,0.73,0.79,RB,DEF,0
Riechedly Bazoer,CB,Holland,0.75,0.67,0.68,0.74,0.75,0.74,0.74,0.65,0.69,0.69,0.74,0.76,0.75,0.8,0.63,0.74,0.75,0.74,0.75,0.73,0.72,0.77,CB,DEF,0
Juan Bernat,LB,Spain,0.75,0.7,0.64,0.76,0.8,0.75,0.53,0.7,0.7,0.79,0.88,0.8,0.8,0.52,0.37,0.61,0.78,0.75,0.75,0.78,0.56,0.7,LB,DEF,0
Jaka Bijol,CB,Slovenia,0.75,0.59,0.59,0.65,0.61,0.75,0.77,0.56,0.61,0.48,0.47,0.65,0.7,0.83,0.69,0.84,0.75,0.73,0.76,0.72,0.8,0.71,CB,DEF,3
Conor Bradley,RB,Northern Ireland,0.75,0.82,0.59,0.66,0.73,0.7,0.72,0.81,0.83,0.71,0.66,0.74,0.73,0.61,0.84,0.73,0.74,0.69,0.68,0.71,0.58,0.66,RB,DEF,2
Duje Ćaleta-Car,CB,Croatia,0.75,0.59,0.39,0.57,0.59,0.74,0.78,0.51,0.66,0.38,0.44,0.64,0.72,0.84,0.65,0.79,0.75,0.74,0.74,0.73,0.75,0.67,CB,DEF,3
Sergi Cardona,LB,Spain,0.75,0.81,0.43,0.64,0.68,0.73,0.74,0.84,0.78,0.71,0.69,0.7,0.63,0.69,0.85,0.79,0.74,0.72,0.74,0.76,0.65,0.6,LB,DEF,0
Jean-Charles Castelletto,CB,Cameroon,0.75,0.68,0.32,0.51,0.63,0.76,0.76,0.7,0.67,0.63,0.51,0.69,0.68,0.77,0.71,0.85,0.76,0.75,0.76,0.75,0.79,0.5,CB,DEF,3
Zeki Çelik,RB,Turkey,0.75,0.71,0.59,0.69,0.7,0.73,0.76,0.69,0.72,0.67,0.66,0.73,0.72,0.73,0.82,0.75,0.74,0.74,0.73,0.74,0.65,0.63,RB,DEF,0
Saúl Coco,CB,Equatorial Guinea,0.75,0.85,0.56,0.58,0.6,0.76,0.78,0.8,0.89,0.61,0.53,0.63,0.6,0.84,0.65,0.86,0.76,0.73,0.79,0.77,0.7,0.85,CB,DEF,0
Nathan Collins,CB,Republic of Ireland,0.75,0.61,0.3,0.55,0.62,0.76,0.76,0.54,0.67,0.46,0.47,0.66,0.74,0.78,0.72,0.77,0.76,0.76,0.75,0.78,0.75,0.46,CB,DEF,3
Eric Curbelo,CB,Spain,0.75,0.84,0.38,0.66,0.67,0.75,0.81,0.82,0.86,0.76,0.84,0.68,0.74,0.8,0.85,0.85,0.76,0.75,0.76,0.74,0.69,0.36,CB,DEF,0
Danilo D'Ambrosio,CB,Italy,0.75,0.59,0.56,0.66,0.68,0.77,0.72,0.6,0.59,0.66,0.71,0.66,0.74,0.76,0.6,0.82,0.78,0.75,0.75,0.77,0.79,0.66,CB,DEF,0
José Fonte,CB,Portugal,0.75,0.31,0.46,0.62,0.6,0.76,0.79,0.31,0.31,0.31,0.46,0.68,0.64,0.82,0.73,0.75,0.79,0.74,0.74,0.75,0.8,0.6,CB,DEF,3
Otávio,CB,Brazil,0.75,0.68,0.29,0.41,0.58,0.75,0.79,0.69,0.68,0.43,0.5,0.65,0.74,0.8,0.7,0.82,0.76,0.75,0.74,0.75,0.73,0.43,CB,DEF,3
Aderllan Santos,CB,Brazil,0.75,0.59,0.52,0.52,0.57,0.76,0.81,0.5,0.66,0.5,0.31,0.58,0.72,0.83,0.76,0.81,0.73,0.73,0.78,0.78,0.78,0.77,CB,DEF,3
Enrico Delprato,RB,Italy,0.75,0.81,0.54,0.63,0.69,0.72,0.77,0.77,0.84,0.59,0.64,0.73,0.7,0.75,0.81,0.79,0.74,0.73,0.72,0.72,0.64,0.64,RB,DEF,0
Aleksandar Dragović,CB,Austria,0.75,0.54,0.51,0.63,0.64,0.77,0.75,0.62,0.47,0.64,0.64,0.66,0.7,0.79,0.66,0.73,0.78,0.76,0.77,0.78,0.75,0.69,CB,DEF,0
Radu Drăgușin,CB,Romania,0.75,0.73,0.37,0.53,0.65,0.75,0.75,0.68,0.77,0.63,0.59,0.63,0.74,0.8,0.67,0.82,0.77,0.75,0.75,0.74,0.74,0.56,CB,DEF,0
Léo Duarte,CB,Brazil,0.75,0.57,0.36,0.49,0.6,0.76,0.78,0.6,0.55,0.64,0.63,0.62,0.74,0.79,0.72,0.75,0.76,0.79,0.77,0.76,0.65,0.54,CB,DEF,3
Jawad El Yamiq,CB,Morocco,0.75,0.86,0.5,0.53,0.63,0.75,0.8,0.84,0.87,0.68,0.55,0.63,0.72,0.84,0.74,0.94,0.76,0.72,0.73,0.76,0.76,0.67,CB,DEF,0
Frank Fabra,LB,Colombia,0.75,0.8,0.68,0.74,0.78,0.68,0.76,0.78,0.81,0.82,0.68,0.77,0.72,0.74,0.8,0.8,0.71,0.73,0.64,0.69,0.67,0.78,LB,DEF,0
Bernardo,LB,Brazil,0.75,0.71,0.53,0.64,0.68,0.75,0.75,0.67,0.75,0.67,0.69,0.7,0.72,0.73,0.82,0.75,0.78,0.81,0.74,0.72,0.7,0.72,LB,DEF,0
Marco Friedl,CB,Austria,0.75,0.71,0.42,0.61,0.67,0.76,0.75,0.67,0.74,0.65,0.62,0.7,0.75,0.77,0.69,0.76,0.78,0.8,0.76,0.77,0.66,0.48,CB,DEF,0
Ben Godfrey,CB,England,0.75,0.81,0.44,0.61,0.61,0.74,0.76,0.7,0.9,0.65,0.64,0.62,0.72,0.79,0.63,0.82,0.75,0.77,0.71,0.75,0.71,0.53,CB,DEF,0
Víctor Gómez,RB,Spain,0.75,0.8,0.51,0.74,0.75,0.69,0.71,0.82,0.79,0.78,0.82,0.76,0.77,0.64,0.84,0.76,0.68,0.66,0.73,0.68,0.62,0.65,RB,DEF,2
Leandro González Pirez,CB,Argentina,0.75,0.68,0.54,0.62,0.67,0.74,0.81,0.67,0.69,0.66,0.57,0.68,0.7,0.81,0.79,0.83,0.73,0.76,0.73,0.78,0.73,0.6,CB,DEF,0
Jacob Greaves,CB,England,0.75,0.69,0.4,0.63,0.65,0.75,0.79,0.65,0.73,0.57,0.54,0.68,0.74,0.8,0.74,0.82,0.75,0.74,0.75,0.74,0.75,0.55,CB,DEF,0
Frédéric Guilbert,RB,France,0.75,0.71,0.47,0.68,0.71,0.73,0.75,0.72,0.7,0.67,0.74,0.74,0.71,0.73,0.76,0.78,0.74,0.76,0.71,0.73,0.7,0.66,RB,DEF,0
Taylor Harwood-Bellis,CB,England,0.75,0.66,0.36,0.61,0.67,0.76,0.76,0.64,0.68,0.6,0.64,0.72,0.74,0.76,0.74,0.8,0.76,0.75,0.76,0.75,0.74,0.59,CB,DEF,0
Jack Hendry,CB,Scotland,0.75,0.78,0.56,0.63,0.65,0.72,0.85,0.7,0.85,0.67,0.67,0.72,0.7,0.86,0.84,0.89,0.72,0.71,0.7,0.71,0.77,0.77,CB,DEF,0
Gastón Hernández,CB,Argentina,0.75,0.67,0.37,0.52,0.59,0.76,0.72,0.66,0.68,0.59,0.59,0.68,0.75,0.7,0.71,0.73,0.77,0.75,0.77,0.78,0.69,0.43,CB,DEF,3
Luís Hernández,CB,Spain,0.75,0.62,0.5,0.65,0.65,0.75,0.78,0.61,0.62,0.63,0.68,0.71,0.77,0.81,0.71,0.81,0.72,0.75,0.77,0.78,0.72,0.7,CB,DEF,0
Timo Hübers,CB,Germany,0.75,0.73,0.4,0.56,0.59,0.75,0.75,0.76,0.7,0.6,0.57,0.61,0.76,0.79,0.67,0.86,0.76,0.76,0.74,0.77,0.72,0.51,CB,DEF,0
Alistair Johnston,RB,Canada,0.75,0.79,0.57,0.71,0.7,0.71,0.8,0.76,0.82,0.75,0.7,0.72,0.7,0.76,0.85,0.79,0.75,0.72,0.74,0.66,0.6,0.68,RB,DEF,0
James Justin,LB,England,0.75,0.79,0.5,0.7,0.69,0.72,0.71,0.74,0.83,0.67,0.7,0.68,0.73,0.69,0.76,0.76,0.76,0.74,0.71,0.7,0.68,0.54,LB,DEF,0
Michael Keane,CB,England,0.75,0.41,0.49,0.62,0.59,0.76,0.74,0.4,0.42,0.5,0.5,0.63,0.73,0.85,0.49,0.79,0.76,0.74,0.75,0.76,0.79,0.58,CB,DEF,3
Lloyd Kelly,CB,England,0.75,0.67,0.4,0.65,0.67,0.75,0.78,0.64,0.69,0.55,0.5,0.73,0.7,0.81,0.72,0.82,0.77,0.74,0.74,0.74,0.75,0.5,CB,DEF,0
Cédric Kipré,CB,Côte d'Ivoire,0.75,0.68,0.35,0.49,0.55,0.73,0.85,0.64,0.71,0.44,0.39,0.61,0.71,0.94,0.67,0.86,0.74,0.72,0.74,0.73,0.72,0.53,CB,DEF,3
Derrick Köhn,LB,Germany,0.75,0.87,0.68,0.71,0.76,0.69,0.75,0.88,0.87,0.84,0.72,0.75,0.68,0.73,0.84,0.8,0.73,0.72,0.68,0.66,0.58,0.78,LB,DEF,0
Dominik Kohr,CB,Germany,0.75,0.8,0.63,0.6,0.7,0.74,0.8,0.77,0.82,0.67,0.67,0.72,0.74,0.77,0.76,0.83,0.75,0.71,0.73,0.76,0.7,0.77,CB,DEF,0
Victor Kristiansen,LB,Denmark,0.75,0.73,0.55,0.67,0.73,0.71,0.73,0.73,0.73,0.7,0.73,0.74,0.72,0.69,0.81,0.71,0.75,0.73,0.72,0.72,0.55,0.66,LB,DEF,0
Tariq Lamptey,RB,Ghana,0.75,0.85,0.44,0.66,0.77,0.7,0.5,0.9,0.81,0.9,0.95,0.71,0.73,0.34,0.61,0.6,0.73,0.75,0.7,0.71,0.54,0.48,RB,DEF,2
Jamaal Lascelles,CB,England,0.75,0.4,0.35,0.51,0.5,0.76,0.78,0.39,0.41,0.48,0.51,0.6,0.71,0.85,0.58,0.85,0.77,0.76,0.75,0.75,0.76,0.51,CB,DEF,3
Cristian Lema,CB,Argentina,0.75,0.32,0.53,0.58,0.42,0.75,0.83,0.33,0.31,0.31,0.33,0.53,0.63,0.91,0.67,0.74,0.75,0.71,0.76,0.72,0.82,0.74,CB,DEF,3
Jordan Lotomba,RB,Switzerland,0.75,0.78,0.48,0.65,0.72,0.71,0.68,0.78,0.78,0.73,0.73,0.73,0.73,0.66,0.78,0.73,0.71,0.73,0.72,0.72,0.59,0.58,RB,DEF,0
Giangiacomo Magnani,CB,Italy,0.75,0.64,0.39,0.45,0.5,0.76,0.72,0.6,0.68,0.48,0.46,0.58,0.75,0.82,0.46,0.8,0.77,0.75,0.79,0.75,0.71,0.62,CB,DEF,3
Ainsley Maitland-Niles,RB,England,0.75,0.76,0.61,0.71,0.73,0.71,0.72,0.75,0.77,0.73,0.69,0.76,0.74,0.71,0.79,0.73,0.76,0.72,0.7,0.72,0.55,0.63,RB,DEF,0
Pablo Marí,CB,Spain,0.75,0.55,0.4,0.49,0.53,0.77,0.72,0.49,0.59,0.42,0.31,0.6,0.71,0.78,0.56,0.78,0.78,0.76,0.75,0.77,0.78,0.49,CB,DEF,3
Philipp Max,LB,Germany,0.75,0.73,0.65,0.74,0.74,0.7,0.72,0.77,0.7,0.75,0.76,0.74,0.74,0.7,0.76,0.75,0.72,0.71,0.69,0.72,0.6,0.75,LB,DEF,0
Brandon Mechele,CB,Belgium,0.75,0.51,0.39,0.51,0.53,0.79,0.77,0.48,0.54,0.59,0.54,0.59,0.68,0.77,0.8,0.75,0.78,0.75,0.82,0.79,0.75,0.63,CB,DEF,3
Mingueza,RB,Spain,0.75,0.79,0.35,0.65,0.64,0.72,0.75,0.76,0.82,0.73,0.62,0.69,0.7,0.73,0.8,0.83,0.72,0.7,0.71,0.73,0.71,0.61,RB,DEF,0
Jake O'Brien,CB,Republic of Ireland,0.75,0.76,0.41,0.53,0.51,0.73,0.79,0.65,0.85,0.44,0.41,0.62,0.71,0.85,0.65,0.87,0.76,0.71,0.7,0.72,0.8,0.56,CB,DEF,3
Warmed Omari,CB,France,0.75,0.65,0.34,0.58,0.62,0.77,0.73,0.61,0.68,0.56,0.53,0.68,0.71,0.75,0.67,0.81,0.79,0.76,0.76,0.75,0.77,0.52,CB,DEF,3
Bećir Omeragić,CB,Switzerland,0.75,0.75,0.4,0.63,0.68,0.75,0.73,0.71,0.78,0.68,0.61,0.7,0.74,0.74,0.68,0.81,0.77,0.75,0.75,0.75,0.72,0.47,CB,DEF,0
Jayden Oosterwolde,LB,Holland,0.75,0.89,0.42,0.61,0.72,0.72,0.8,0.88,0.9,0.76,0.65,0.69,0.67,0.8,0.84,0.78,0.73,0.7,0.76,0.72,0.62,0.63,LB,DEF,0
Francisco Ortega,LB,Argentina,0.75,0.86,0.58,0.72,0.78,0.67,0.78,0.88,0.85,0.86,0.83,0.78,0.7,0.72,0.85,0.8,0.68,0.7,0.67,0.68,0.57,0.69,LB,DEF,2
Luca Pellegrini,LB,Italy,0.75,0.71,0.54,0.66,0.76,0.71,0.58,0.77,0.66,0.69,0.69,0.79,0.7,0.45,0.71,0.64,0.75,0.75,0.71,0.69,0.61,0.65,LB,DEF,2
Rubén Peña,RB,Spain,0.75,0.72,0.69,0.7,0.73,0.72,0.65,0.71,0.73,0.74,0.77,0.74,0.77,0.63,0.69,0.77,0.73,0.74,0.72,0.71,0.73,0.74,RB,DEF,0
Nehuén Pérez,CB,Argentina,0.75,0.49,0.25,0.47,0.5,0.77,0.73,0.54,0.44,0.48,0.56,0.6,0.73,0.74,0.66,0.75,0.8,0.77,0.77,0.76,0.74,0.42,CB,DEF,3
Diogo Leite,CB,Portugal,0.75,0.55,0.38,0.5,0.61,0.77,0.76,0.55,0.55,0.63,0.58,0.67,0.73,0.78,0.75,0.8,0.78,0.75,0.76,0.77,0.77,0.59,CB,DEF,3
Marin Pongračić,CB,Croatia,0.75,0.61,0.26,0.52,0.62,0.75,0.75,0.56,0.65,0.62,0.51,0.64,0.72,0.84,0.54,0.83,0.78,0.74,0.74,0.72,0.78,0.4,CB,DEF,3
Denys Popov,CB,Ukraine,0.75,0.63,0.4,0.51,0.61,0.75,0.75,0.6,0.66,0.53,0.59,0.6,0.7,0.77,0.66,0.83,0.76,0.74,0.73,0.72,0.8,0.5,CB,DEF,3
Ángelo Preciado,RB,Ecuador,0.75,0.84,0.63,0.7,0.76,0.66,0.72,0.85,0.84,0.79,0.72,0.75,0.73,0.68,0.82,0.73,0.68,0.69,0.67,0.69,0.51,0.62,RB,DEF,2
Jarell Quansah,CB,England,0.75,0.74,0.34,0.59,0.68,0.74,0.77,0.69,0.78,0.53,0.56,0.71,0.71,0.79,0.72,0.82,0.74,0.76,0.75,0.73,0.74,0.54,CB,DEF,0
Panagiotis Retsos,CB,Greece,0.75,0.67,0.37,0.59,0.61,0.74,0.74,0.65,0.69,0.66,0.51,0.71,0.74,0.78,0.66,0.81,0.77,0.73,0.71,0.76,0.74,0.65,CB,DEF,0
Joe Rodon,CB,Wales,0.75,0.7,0.32,0.51,0.59,0.76,0.77,0.65,0.74,0.55,0.59,0.64,0.77,0.8,0.74,0.81,0.76,0.76,0.77,0.76,0.73,0.61,CB,DEF,0
Fábio Cardoso,CB,Portugal,0.75,0.57,0.32,0.53,0.64,0.75,0.81,0.62,0.53,0.64,0.57,0.62,0.74,0.82,0.76,0.84,0.74,0.73,0.76,0.76,0.76,0.6,CB,DEF,3
Paulo Oliveira,CB,Portugal,0.75,0.54,0.34,0.52,0.61,0.77,0.72,0.53,0.55,0.49,0.35,0.66,0.72,0.75,0.67,0.83,0.81,0.74,0.77,0.75,0.75,0.59,CB,DEF,3
Zaid Romero,CB,Argentina,0.75,0.73,0.3,0.53,0.64,0.74,0.87,0.79,0.68,0.66,0.48,0.7,0.68,0.91,0.92,0.85,0.76,0.68,0.74,0.74,0.74,0.41,CB,DEF,0
Anthony Rouault,CB,France,0.75,0.64,0.3,0.61,0.6,0.76,0.73,0.63,0.64,0.6,0.62,0.67,0.75,0.74,0.71,0.78,0.78,0.74,0.76,0.74,0.75,0.45,CB,DEF,3
Zaidu Sanusi,LB,Nigeria,0.75,0.9,0.37,0.55,0.63,0.73,0.72,0.88,0.92,0.74,0.69,0.62,0.69,0.68,0.79,0.85,0.73,0.71,0.75,0.77,0.59,0.56,LB,DEF,0
Keven Schlotterbeck,CB,Germany,0.75,0.61,0.27,0.53,0.54,0.76,0.73,0.56,0.65,0.54,0.55,0.57,0.7,0.83,0.57,0.83,0.79,0.72,0.77,0.73,0.78,0.33,CB,DEF,3
Asger Sørensen,CB,Denmark,0.75,0.57,0.45,0.61,0.61,0.77,0.76,0.39,0.72,0.52,0.48,0.67,0.76,0.86,0.66,0.75,0.75,0.72,0.79,0.79,0.73,0.68,CB,DEF,3
Borna Sosa,LB,Croatia,0.75,0.71,0.53,0.78,0.75,0.67,0.71,0.72,0.7,0.72,0.69,0.76,0.74,0.71,0.76,0.76,0.7,0.72,0.62,0.71,0.64,0.7,LB,DEF,0
Jonas Svensson,RB,Norway,0.75,0.74,0.6,0.7,0.74,0.72,0.79,0.76,0.73,0.79,0.85,0.74,0.73,0.73,0.87,0.78,0.73,0.72,0.73,0.72,0.61,0.75,RB,DEF,0
Christopher Trimmel,RB,Austria,0.75,0.69,0.65,0.74,0.68,0.74,0.79,0.62,0.74,0.56,0.53,0.71,0.71,0.82,0.73,0.81,0.74,0.69,0.75,0.75,0.72,0.75,RB,DEF,0
Felix Uduokhai,CB,Germany,0.75,0.62,0.39,0.53,0.59,0.76,0.75,0.66,0.58,0.66,0.63,0.65,0.75,0.83,0.63,0.79,0.78,0.76,0.75,0.75,0.77,0.62,CB,DEF,3
Samuel Umtiti,CB,France,0.75,0.55,0.57,0.67,0.61,0.76,0.73,0.5,0.59,0.54,0.64,0.65,0.72,0.82,0.53,0.78,0.76,0.74,0.77,0.75,0.73,0.78,CB,DEF,3
Josha Vagnoman,RB,Germany,0.75,0.87,0.61,0.69,0.73,0.7,0.81,0.83,0.91,0.67,0.68,0.73,0.73,0.84,0.8,0.87,0.73,0.67,0.69,0.7,0.68,0.7,RB,DEF,0
Cote,LB,Spain,0.75,0.64,0.58,0.8,0.73,0.73,0.7,0.64,0.64,0.65,0.67,0.79,0.75,0.7,0.67,0.76,0.73,0.73,0.74,0.71,0.73,0.83,LB,DEF,0
Kevin,RB,Spain,0.75,0.67,0.53,0.67,0.66,0.73,0.66,0.66,0.67,0.44,0.75,0.75,0.72,0.63,0.67,0.74,0.78,0.79,0.68,0.71,0.73,0.54,RB,DEF,0
Domagoj Vida,CB,Croatia,0.75,0.7,0.41,0.58,0.59,0.77,0.79,0.7,0.7,0.64,0.63,0.6,0.71,0.78,0.77,0.85,0.76,0.75,0.77,0.77,0.78,0.54,CB,DEF,0
Nacho Vidal,RB,Spain,0.75,0.75,0.56,0.69,0.69,0.73,0.65,0.73,0.77,0.69,0.65,0.7,0.75,0.63,0.63,0.77,0.79,0.75,0.66,0.74,0.73,0.59,RB,DEF,0
Martin Vitík,CB,Czech Republic,0.75,0.73,0.39,0.56,0.63,0.75,0.75,0.71,0.75,0.48,0.45,0.67,0.74,0.81,0.63,0.85,0.76,0.74,0.73,0.76,0.73,0.6,CB,DEF,0
Kevin Vogt,CB,Germany,0.75,0.67,0.48,0.71,0.66,0.75,0.76,0.58,0.75,0.53,0.46,0.71,0.75,0.83,0.67,0.73,0.76,0.74,0.74,0.78,0.74,0.76,CB,DEF,0
Kai Wagner,LB,Germany,0.75,0.78,0.5,0.69,0.69,0.7,0.79,0.77,0.78,0.72,0.69,0.69,0.62,0.74,0.9,0.8,0.73,0.7,0.71,0.67,0.66,0.74,LB,DEF,0
Walker Zimmerman,CB,United States,0.75,0.56,0.5,0.55,0.56,0.74,0.84,0.5,0.6,0.49,0.51,0.64,0.77,0.87,0.77,0.9,0.74,0.68,0.75,0.72,0.78,0.57,CB,DEF,3
Anel Ahmedhodžić,CB,Bosnia and Herzegovina,0.74,0.74,0.41,0.59,0.61,0.74,0.78,0.68,0.79,0.55,0.42,0.65,0.71,0.81,0.73,0.83,0.74,0.75,0.73,0.74,0.73,0.57,CB,DEF,0
Akieme,LB,Spain,0.74,0.78,0.48,0.6,0.71,0.71,0.71,0.77,0.78,0.72,0.81,0.75,0.68,0.68,0.75,0.77,0.73,0.73,0.69,0.7,0.69,0.65,LB,DEF,0
Kevin Akpoguma,CB,Nigeria,0.74,0.74,0.48,0.59,0.7,0.75,0.74,0.75,0.74,0.54,0.51,0.73,0.76,0.8,0.65,0.78,0.76,0.71,0.75,0.74,0.73,0.7,CB,DEF,0
Ali Al Bulayhi,CB,Saudi Arabia,0.74,0.51,0.38,0.43,0.46,0.73,0.85,0.47,0.54,0.34,0.65,0.57,0.73,0.84,0.85,0.84,0.74,0.74,0.72,0.74,0.72,0.43,CB,DEF,3
Sultan Al Ghannam,RB,Saudi Arabia,0.74,0.81,0.6,0.73,0.75,0.66,0.68,0.8,0.81,0.77,0.82,0.76,0.72,0.6,0.84,0.64,0.67,0.62,0.62,0.75,0.57,0.65,RB,DEF,2
Julian Araujo,RB,Mexico,0.74,0.9,0.33,0.62,0.69,0.7,0.75,0.89,0.9,0.79,0.71,0.69,0.62,0.69,0.84,0.78,0.73,0.71,0.72,0.71,0.56,0.5,RB,DEF,2
Lorenz Assignon,RB,France,0.74,0.74,0.51,0.63,0.72,0.7,0.67,0.71,0.77,0.71,0.74,0.72,0.68,0.65,0.76,0.7,0.74,0.73,0.69,0.71,0.58,0.58,RB,DEF,2
Ludwig Augustinsson,LB,Sweden,0.74,0.66,0.59,0.74,0.67,0.73,0.71,0.67,0.65,0.72,0.72,0.71,0.7,0.7,0.74,0.71,0.75,0.75,0.72,0.75,0.62,0.71,LB,DEF,0
Ousseynou Ba,CB,Senegal,0.74,0.69,0.31,0.46,0.55,0.74,0.8,0.68,0.69,0.64,0.65,0.66,0.64,0.83,0.72,0.84,0.76,0.74,0.71,0.74,0.72,0.45,CB,DEF,3
Jan Bednarek,CB,Poland,0.74,0.43,0.22,0.55,0.55,0.75,0.77,0.48,0.38,0.53,0.59,0.61,0.69,0.82,0.65,0.8,0.73,0.71,0.75,0.76,0.78,0.25,CB,DEF,3
Armel Bella Kotchap,CB,Germany,0.74,0.76,0.25,0.5,0.5,0.74,0.77,0.67,0.83,0.55,0.61,0.6,0.63,0.87,0.64,0.85,0.76,0.72,0.71,0.77,0.72,0.4,CB,DEF,3
Samuele Birindelli,RB,Italy,0.74,0.83,0.52,0.65,0.71,0.7,0.63,0.8,0.85,0.8,0.8,0.72,0.68,0.56,0.76,0.7,0.72,0.72,0.7,0.7,0.58,0.63,RB,DEF,2
Valeriy Bondar,CB,Ukraine,0.74,0.71,0.32,0.63,0.65,0.75,0.74,0.69,0.73,0.67,0.77,0.65,0.69,0.75,0.74,0.77,0.75,0.71,0.77,0.76,0.69,0.58,CB,DEF,0
Sebastiaan Bornauw,CB,Belgium,0.74,0.74,0.45,0.59,0.55,0.74,0.77,0.67,0.79,0.48,0.52,0.58,0.7,0.81,0.67,0.9,0.72,0.73,0.74,0.7,0.85,0.61,CB,DEF,3
Juan David Cabal,LB,Colombia,0.74,0.71,0.38,0.68,0.65,0.74,0.73,0.68,0.73,0.67,0.63,0.67,0.69,0.77,0.64,0.81,0.77,0.81,0.7,0.72,0.73,0.42,LB,DEF,0
Leandro Cabrera,CB,Uruguay,0.74,0.54,0.45,0.57,0.53,0.74,0.79,0.55,0.54,0.55,0.42,0.55,0.75,0.82,0.74,0.8,0.75,0.73,0.74,0.74,0.75,0.76,CB,DEF,3
Anthony Caci,LB,France,0.74,0.69,0.54,0.7,0.7,0.72,0.74,0.67,0.7,0.68,0.65,0.73,0.73,0.74,0.77,0.79,0.72,0.71,0.72,0.74,0.73,0.59,LB,DEF,0
Milton Casco,LB,Argentina,0.74,0.75,0.68,0.74,0.78,0.67,0.76,0.76,0.74,0.82,0.85,0.77,0.74,0.75,0.77,0.79,0.68,0.71,0.67,0.65,0.65,0.77,LB,DEF,0
Jonny,RB,Spain,0.74,0.68,0.54,0.69,0.74,0.74,0.66,0.74,0.63,0.71,0.77,0.75,0.72,0.59,0.72,0.72,0.75,0.73,0.74,0.73,0.69,0.68,RB,DEF,0
Matías Catalán,CB,Chile,0.74,0.82,0.58,0.66,0.65,0.74,0.78,0.81,0.83,0.59,0.62,0.68,0.71,0.82,0.73,0.78,0.71,0.73,0.8,0.75,0.65,0.58,CB,DEF,0
Calum Chambers,CB,England,0.74,0.52,0.56,0.7,0.68,0.75,0.67,0.53,0.52,0.6,0.66,0.74,0.74,0.75,0.43,0.71,0.76,0.74,0.75,0.74,0.7,0.6,CB,DEF,3
Nathaniel Clyne,RB,England,0.74,0.7,0.6,0.68,0.72,0.74,0.67,0.71,0.69,0.65,0.68,0.73,0.73,0.65,0.63,0.81,0.74,0.74,0.74,0.75,0.68,0.73,RB,DEF,0
Conor Coady,CB,England,0.74,0.45,0.56,0.72,0.64,0.76,0.71,0.41,0.48,0.48,0.53,0.74,0.76,0.74,0.71,0.71,0.75,0.72,0.77,0.76,0.75,0.65,CB,DEF,3
Séamus Coleman,RB,Republic of Ireland,0.74,0.53,0.65,0.71,0.73,0.76,0.7,0.55,0.52,0.62,0.7,0.73,0.74,0.68,0.65,0.67,0.8,0.79,0.76,0.76,0.65,0.74,RB,DEF,0
Omar Colley,CB,Gambia,0.74,0.64,0.31,0.48,0.55,0.73,0.84,0.54,0.72,0.59,0.43,0.59,0.71,0.9,0.74,0.78,0.76,0.75,0.68,0.71,0.78,0.41,CB,DEF,3
Logan Costa,CB,Cape Verde Islands,0.74,0.48,0.38,0.55,0.61,0.75,0.75,0.5,0.47,0.33,0.39,0.66,0.72,0.79,0.67,0.76,0.76,0.74,0.76,0.73,0.73,0.54,CB,DEF,3
Aaron Cresswell,LB,England,0.74,0.59,0.59,0.74,0.74,0.75,0.62,0.64,0.54,0.63,0.75,0.76,0.75,0.61,0.57,0.69,0.77,0.76,0.76,0.75,0.67,0.7,LB,DEF,0
Jorge Cuenca,CB,Spain,0.74,0.6,0.37,0.6,0.53,0.76,0.67,0.59,0.61,0.63,0.67,0.7,0.77,0.64,0.66,0.75,0.76,0.75,0.75,0.76,0.76,0.59,CB,DEF,3
Flavius Daniliuc,CB,Austria,0.74,0.52,0.42,0.61,0.6,0.74,0.77,0.4,0.62,0.46,0.47,0.66,0.71,0.84,0.67,0.78,0.74,0.72,0.73,0.73,0.77,0.56,CB,DEF,3
Maracás,CB,Brazil,0.74,0.76,0.3,0.5,0.59,0.75,0.75,0.75,0.76,0.67,0.63,0.63,0.72,0.75,0.74,0.84,0.75,0.74,0.76,0.74,0.74,0.48,CB,DEF,0
Natan,CB,Brazil,0.74,0.59,0.33,0.48,0.5,0.77,0.74,0.61,0.57,0.57,0.52,0.62,0.74,0.77,0.71,0.76,0.78,0.74,0.8,0.78,0.7,0.51,CB,DEF,3
Stefano Denswil,CB,Suriname,0.74,0.57,0.56,0.67,0.65,0.75,0.75,0.55,0.59,0.57,0.56,0.7,0.67,0.78,0.69,0.7,0.77,0.73,0.74,0.74,0.73,0.76,CB,DEF,0
Alberto Dossena,CB,Italy,0.74,0.43,0.43,0.52,0.59,0.76,0.75,0.47,0.39,0.56,0.42,0.62,0.75,0.8,0.64,0.76,0.77,0.73,0.76,0.77,0.75,0.68,CB,DEF,3
Tyronne Ebuehi,RB,Nigeria,0.74,0.85,0.51,0.6,0.7,0.69,0.71,0.78,0.9,0.76,0.63,0.66,0.74,0.67,0.76,0.75,0.68,0.7,0.69,0.71,0.62,0.68,RB,DEF,2
Escudero,LB,Spain,0.74,0.65,0.62,0.72,0.7,0.74,0.67,0.62,0.68,0.68,0.7,0.73,0.73,0.66,0.65,0.7,0.73,0.71,0.76,0.74,0.69,0.79,LB,DEF,0
Maxime Estève,CB,France,0.74,0.61,0.33,0.52,0.54,0.74,0.77,0.54,0.67,0.33,0.37,0.62,0.7,0.84,0.64,0.79,0.75,0.74,0.76,0.73,0.71,0.61,CB,DEF,3
Jonny Evans,CB,Northern Ireland,0.74,0.33,0.32,0.62,0.56,0.76,0.7,0.32,0.33,0.3,0.55,0.68,0.74,0.75,0.53,0.71,0.73,0.7,0.78,0.79,0.76,0.42,CB,DEF,3
Dimitri Foulquier,RB,France,0.74,0.75,0.59,0.66,0.68,0.72,0.74,0.75,0.75,0.69,0.63,0.68,0.71,0.74,0.76,0.79,0.76,0.69,0.71,0.71,0.67,0.71,RB,DEF,0
Antonino Gallo,LB,Italy,0.74,0.78,0.52,0.7,0.7,0.68,0.66,0.77,0.79,0.71,0.67,0.72,0.74,0.65,0.74,0.74,0.67,0.7,0.67,0.72,0.61,0.6,LB,DEF,2
Agustín García Basso,CB,Argentina,0.74,0.65,0.52,0.6,0.63,0.75,0.77,0.69,0.61,0.65,0.7,0.64,0.73,0.78,0.75,0.82,0.76,0.73,0.76,0.75,0.73,0.65,CB,DEF,0
Unai García,CB,Spain,0.74,0.57,0.42,0.62,0.57,0.76,0.75,0.59,0.55,0.58,0.62,0.7,0.65,0.74,0.8,0.79,0.77,0.76,0.76,0.74,0.76,0.58,CB,DEF,3
Yeimar Gómez Andrade,CB,Colombia,0.74,0.66,0.33,0.49,0.57,0.73,0.86,0.62,0.7,0.56,0.4,0.59,0.66,0.9,0.79,0.81,0.74,0.63,0.7,0.77,0.8,0.52,CB,DEF,3
Sergio Gómez,LB,Spain,0.74,0.69,0.7,0.75,0.77,0.69,0.65,0.76,0.63,0.85,0.83,0.75,0.73,0.58,0.75,0.63,0.72,0.7,0.7,0.74,0.47,0.72,LB,DEF,2
Andreaw Gravillon,CB,France,0.74,0.7,0.56,0.49,0.55,0.74,0.77,0.66,0.74,0.54,0.46,0.62,0.68,0.86,0.6,0.88,0.75,0.74,0.72,0.72,0.77,0.76,CB,DEF,3
Florian Grillitsch,CB,Austria,0.74,0.66,0.6,0.76,0.75,0.76,0.68,0.61,0.7,0.68,0.65,0.79,0.79,0.73,0.68,0.73,0.73,0.68,0.78,0.86,0.69,0.64,CB,DEF,0
Gabriel Gudmundsson,LB,Sweden,0.74,0.85,0.64,0.69,0.72,0.67,0.72,0.84,0.86,0.74,0.68,0.74,0.71,0.69,0.75,0.73,0.7,0.68,0.69,0.66,0.51,0.75,LB,DEF,2
Massadio Haïdara,CB,Mali,0.74,0.76,0.6,0.64,0.71,0.73,0.78,0.74,0.77,0.69,0.72,0.73,0.74,0.78,0.79,0.84,0.74,0.73,0.73,0.74,0.71,0.79,CB,DEF,0
Mees Hilgers,CB,Holland,0.74,0.74,0.43,0.54,0.59,0.75,0.76,0.74,0.74,0.63,0.61,0.58,0.7,0.75,0.73,0.79,0.78,0.77,0.75,0.73,0.69,0.62,CB,DEF,0
Robin Hranáč,CB,Czech Republic,0.74,0.69,0.39,0.51,0.53,0.73,0.78,0.66,0.71,0.55,0.42,0.58,0.73,0.86,0.64,0.85,0.74,0.7,0.72,0.73,0.75,0.71,CB,DEF,3
Elseid Hysaj,LB,Albania,0.74,0.73,0.51,0.66,0.72,0.72,0.69,0.69,0.77,0.69,0.68,0.72,0.74,0.64,0.71,0.7,0.73,0.72,0.72,0.72,0.65,0.68,LB,DEF,0
Juan Iglesias,RB,Spain,0.74,0.81,0.39,0.61,0.66,0.71,0.7,0.79,0.82,0.66,0.53,0.66,0.7,0.68,0.76,0.78,0.74,0.72,0.68,0.71,0.7,0.45,RB,DEF,2
Carlos Izquierdoz,CB,Argentina,0.74,0.48,0.53,0.52,0.53,0.73,0.83,0.47,0.49,0.34,0.49,0.62,0.67,0.85,0.78,0.81,0.68,0.69,0.75,0.75,0.79,0.72,CB,DEF,3
Armando Izzo,CB,Italy,0.74,0.45,0.33,0.47,0.64,0.75,0.73,0.41,0.48,0.6,0.66,0.66,0.72,0.75,0.59,0.71,0.76,0.76,0.75,0.75,0.73,0.56,CB,DEF,3
Ismail Jakobs,LB,Senegal,0.74,0.84,0.6,0.64,0.73,0.67,0.69,0.83,0.84,0.72,0.68,0.73,0.7,0.65,0.78,0.77,0.69,0.7,0.66,0.68,0.61,0.65,LB,DEF,2
Tin Jedvaj,CB,Croatia,0.74,0.7,0.51,0.57,0.64,0.74,0.76,0.73,0.67,0.67,0.65,0.65,0.68,0.79,0.67,0.85,0.74,0.72,0.73,0.74,0.74,0.65,CB,DEF,0
Moritz Jenz,CB,Germany,0.74,0.63,0.29,0.5,0.55,0.73,0.8,0.66,0.61,0.51,0.55,0.59,0.73,0.85,0.65,0.76,0.75,0.79,0.75,0.67,0.71,0.38,CB,DEF,3
Oleksandr Karavaiev,RB,Ukraine,0.74,0.77,0.57,0.7,0.72,0.68,0.65,0.78,0.77,0.75,0.74,0.74,0.73,0.59,0.78,0.7,0.72,0.73,0.65,0.7,0.57,0.62,RB,DEF,2
Robin Knoche,CB,Germany,0.74,0.45,0.42,0.54,0.49,0.76,0.72,0.33,0.55,0.49,0.49,0.51,0.73,0.78,0.55,0.73,0.76,0.75,0.77,0.75,0.77,0.58,CB,DEF,3
Konstantinos Koulierakis,CB,Greece,0.74,0.69,0.43,0.56,0.63,0.74,0.75,0.68,0.7,0.52,0.59,0.67,0.73,0.77,0.66,0.82,0.74,0.72,0.73,0.74,0.74,0.75,CB,DEF,0
Lukas Kübler,RB,Germany,0.74,0.82,0.47,0.6,0.67,0.71,0.73,0.73,0.89,0.66,0.67,0.68,0.72,0.75,0.72,0.75,0.73,0.74,0.7,0.73,0.58,0.56,RB,DEF,0
Marash Kumbulla,CB,Albania,0.74,0.39,0.32,0.53,0.56,0.77,0.73,0.37,0.4,0.43,0.58,0.6,0.78,0.76,0.65,0.74,0.77,0.73,0.79,0.75,0.79,0.5,CB,DEF,3
Toni Lato,LB,Spain,0.74,0.77,0.56,0.71,0.71,0.68,0.62,0.79,0.76,0.74,0.8,0.72,0.7,0.56,0.7,0.69,0.71,0.73,0.68,0.67,0.58,0.64,LB,DEF,2
Adryelson,CB,Brazil,0.74,0.73,0.46,0.59,0.61,0.75,0.73,0.67,0.78,0.64,0.64,0.67,0.74,0.72,0.68,0.79,0.76,0.74,0.76,0.72,0.73,0.55,CB,DEF,0
Andrés Llinás,CB,Colombia,0.74,0.64,0.29,0.5,0.55,0.75,0.75,0.6,0.68,0.59,0.69,0.68,0.68,0.83,0.63,0.81,0.78,0.7,0.76,0.71,0.71,0.35,CB,DEF,3
Gautier Lloris,CB,France,0.74,0.4,0.36,0.54,0.56,0.74,0.77,0.38,0.42,0.53,0.42,0.63,0.75,0.84,0.69,0.75,0.75,0.72,0.74,0.75,0.75,0.53,CB,DEF,3
Dejan Lovren,CB,Croatia,0.74,0.5,0.4,0.58,0.58,0.74,0.74,0.43,0.55,0.46,0.4,0.61,0.7,0.81,0.55,0.78,0.75,0.76,0.72,0.73,0.78,0.63,CB,DEF,3
Kevin Mac Allister,CB,Argentina,0.74,0.75,0.55,0.6,0.72,0.74,0.79,0.82,0.69,0.82,0.77,0.71,0.72,0.73,0.9,0.86,0.76,0.75,0.74,0.73,0.71,0.58,CB,DEF,0
Koki Machida,CB,Japan,0.74,0.78,0.42,0.59,0.52,0.73,0.8,0.72,0.83,0.54,0.35,0.66,0.72,0.85,0.74,0.87,0.72,0.68,0.74,0.74,0.73,0.73,CB,DEF,0
Hörður Magnússon,CB,Iceland,0.74,0.69,0.5,0.68,0.6,0.75,0.75,0.63,0.74,0.52,0.55,0.6,0.73,0.77,0.72,0.8,0.76,0.73,0.76,0.74,0.73,0.67,CB,DEF,0
Ryan Manning,LB,Republic of Ireland,0.74,0.69,0.6,0.72,0.73,0.68,0.71,0.71,0.67,0.73,0.8,0.73,0.72,0.63,0.87,0.71,0.71,0.69,0.68,0.69,0.6,0.65,LB,DEF,2
Mark McKenzie,CB,United States,0.74,0.81,0.36,0.5,0.64,0.73,0.78,0.79,0.82,0.7,0.67,0.66,0.72,0.8,0.75,0.84,0.76,0.75,0.72,0.73,0.69,0.34,CB,DEF,0
Domingos Duarte,CB,Portugal,0.74,0.47,0.36,0.57,0.52,0.75,0.75,0.51,0.44,0.31,0.36,0.62,0.73,0.78,0.7,0.79,0.75,0.74,0.75,0.76,0.76,0.52,CB,DEF,3
Teden Mengi,CB,England,0.74,0.78,0.39,0.55,0.64,0.74,0.74,0.71,0.83,0.69,0.53,0.66,0.72,0.79,0.65,0.84,0.75,0.73,0.74,0.72,0.74,0.54,CB,DEF,0
Stefan Mitrović,CB,Serbia,0.74,0.32,0.34,0.53,0.51,0.75,0.81,0.31,0.32,0.33,0.33,0.58,0.72,0.87,0.71,0.74,0.75,0.69,0.79,0.73,0.74,0.59,CB,DEF,3
César Montes,CB,Mexico,0.74,0.57,0.46,0.6,0.63,0.73,0.79,0.62,0.53,0.74,0.51,0.64,0.72,0.81,0.76,0.85,0.74,0.71,0.7,0.73,0.78,0.55,CB,DEF,3
Mert Müldür,RB,Turkey,0.74,0.74,0.53,0.65,0.74,0.71,0.74,0.73,0.75,0.82,0.71,0.76,0.68,0.73,0.78,0.82,0.71,0.72,0.72,0.69,0.72,0.64,RB,DEF,0
Aihen Muñoz,LB,Spain,0.74,0.77,0.54,0.69,0.73,0.72,0.7,0.78,0.77,0.67,0.7,0.68,0.73,0.62,0.77,0.75,0.72,0.71,0.73,0.72,0.65,0.55,LB,DEF,0
Alex Muñoz,CB,Spain,0.74,0.78,0.67,0.63,0.63,0.74,0.81,0.75,0.8,0.76,0.65,0.62,0.69,0.8,0.9,0.86,0.73,0.71,0.74,0.75,0.75,0.8,CB,DEF,0
Amir Murillo,RB,Panama,0.74,0.82,0.57,0.68,0.71,0.69,0.73,0.8,0.83,0.72,0.68,0.71,0.68,0.72,0.76,0.81,0.72,0.7,0.66,0.7,0.69,0.68,RB,DEF,0
Phillipp Mwene,LB,Austria,0.74,0.8,0.54,0.66,0.75,0.68,0.69,0.83,0.78,0.82,0.86,0.73,0.73,0.66,0.83,0.67,0.69,0.71,0.69,0.73,0.44,0.62,LB,DEF,2
Luca Netz,LB,Germany,0.74,0.77,0.48,0.69,0.72,0.71,0.66,0.76,0.77,0.74,0.71,0.72,0.69,0.64,0.68,0.73,0.76,0.74,0.7,0.71,0.6,0.59,LB,DEF,0
Perry Ng,RB,England,0.74,0.72,0.6,0.66,0.67,0.72,0.75,0.71,0.73,0.64,0.65,0.69,0.72,0.7,0.83,0.75,0.75,0.72,0.71,0.7,0.69,0.64,RB,DEF,0
Michael Ngadeu,CB,Cameroon,0.74,0.64,0.43,0.55,0.55,0.74,0.83,0.51,0.74,0.62,0.38,0.61,0.66,0.92,0.73,0.81,0.73,0.71,0.76,0.75,0.73,0.63,CB,DEF,3
Juan Jesus,CB,Brazil,0.74,0.6,0.33,0.51,0.6,0.76,0.71,0.63,0.58,0.64,0.58,0.56,0.75,0.74,0.56,0.78,0.76,0.74,0.78,0.75,0.74,0.62,CB,DEF,3
Dara O'Shea,CB,Republic of Ireland,0.74,0.67,0.33,0.55,0.58,0.75,0.76,0.65,0.68,0.57,0.63,0.62,0.72,0.77,0.72,0.84,0.75,0.73,0.75,0.73,0.8,0.48,CB,DEF,3
Igoh Ogbu,CB,Nigeria,0.74,0.75,0.39,0.55,0.59,0.72,0.82,0.72,0.78,0.64,0.66,0.63,0.66,0.88,0.71,0.91,0.74,0.7,0.69,0.71,0.76,0.45,CB,DEF,0
Joseph Okumu,CB,Kenya,0.74,0.78,0.41,0.56,0.63,0.73,0.77,0.67,0.87,0.64,0.63,0.68,0.69,0.8,0.74,0.85,0.74,0.72,0.72,0.73,0.78,0.47,CB,DEF,0
Rogério,LB,Brazil,0.74,0.75,0.53,0.68,0.76,0.7,0.59,0.78,0.73,0.72,0.71,0.78,0.73,0.53,0.64,0.68,0.7,0.71,0.69,0.75,0.61,0.59,LB,DEF,2
Christopher Operi,LB,Côte d'Ivoire,0.74,0.77,0.61,0.69,0.72,0.68,0.71,0.74,0.8,0.69,0.64,0.74,0.72,0.69,0.8,0.75,0.7,0.7,0.68,0.67,0.66,0.79,LB,DEF,0
Ivan Ordets,CB,Ukraine,0.74,0.54,0.53,0.49,0.46,0.75,0.8,0.53,0.54,0.47,0.37,0.51,0.71,0.91,0.63,0.75,0.75,0.7,0.74,0.8,0.74,0.73,CB,DEF,3
Romain Perraud,LB,France,0.74,0.69,0.72,0.73,0.74,0.71,0.71,0.73,0.66,0.73,0.8,0.74,0.73,0.64,0.73,0.72,0.73,0.68,0.71,0.74,0.62,0.84,LB,DEF,0
Lucas Perrin,CB,France,0.74,0.44,0.35,0.55,0.59,0.76,0.73,0.43,0.45,0.39,0.5,0.68,0.75,0.76,0.72,0.76,0.77,0.76,0.74,0.78,0.77,0.59,CB,DEF,3
Amos Pieper,CB,Germany,0.74,0.63,0.32,0.52,0.52,0.77,0.75,0.6,0.66,0.38,0.49,0.59,0.75,0.78,0.76,0.72,0.79,0.75,0.76,0.76,0.75,0.5,CB,DEF,3
Baba Rahman,LB,Ghana,0.74,0.75,0.6,0.68,0.69,0.7,0.74,0.72,0.78,0.72,0.68,0.69,0.74,0.73,0.76,0.78,0.71,0.71,0.69,0.71,0.68,0.69,LB,DEF,0
Cristian Ramírez,LB,Ecuador,0.74,0.83,0.48,0.72,0.76,0.66,0.7,0.85,0.81,0.84,0.85,0.72,0.71,0.63,0.86,0.72,0.68,0.72,0.69,0.64,0.52,0.7,LB,DEF,2
Luca Ranieri,CB,Italy,0.74,0.7,0.41,0.59,0.68,0.77,0.63,0.62,0.76,0.61,0.72,0.73,0.75,0.6,0.53,0.75,0.76,0.75,0.78,0.76,0.76,0.54,CB,DEF,0
Federico Rasmussen,CB,Argentina,0.74,0.53,0.34,0.64,0.59,0.73,0.85,0.51,0.55,0.56,0.58,0.6,0.68,0.87,0.84,0.79,0.72,0.73,0.72,0.75,0.71,0.49,CB,DEF,3
Valentin Rosier,RB,France,0.74,0.83,0.52,0.67,0.73,0.7,0.76,0.82,0.83,0.84,0.85,0.72,0.68,0.74,0.78,0.73,0.72,0.71,0.7,0.7,0.63,0.64,RB,DEF,2
Jérôme Roussillon,LB,France,0.74,0.8,0.65,0.69,0.74,0.71,0.74,0.81,0.79,0.77,0.8,0.74,0.69,0.73,0.76,0.8,0.71,0.73,0.7,0.74,0.61,0.75,LB,DEF,0
Francisco Moura,LB,Portugal,0.74,0.76,0.55,0.72,0.74,0.7,0.7,0.77,0.75,0.7,0.69,0.74,0.73,0.7,0.69,0.72,0.74,0.69,0.71,0.71,0.54,0.59,LB,DEF,0
Javi Sánchez,CB,Spain,0.74,0.68,0.56,0.55,0.61,0.74,0.76,0.69,0.68,0.49,0.53,0.7,0.71,0.83,0.66,0.8,0.72,0.75,0.75,0.77,0.67,0.67,CB,DEF,0
Manu Sánchez,LB,Spain,0.74,0.73,0.44,0.62,0.68,0.72,0.6,0.76,0.7,0.69,0.73,0.71,0.66,0.51,0.74,0.68,0.78,0.75,0.66,0.74,0.62,0.5,LB,DEF,2
Saba Sazonov,CB,Georgia,0.74,0.63,0.4,0.58,0.61,0.74,0.75,0.56,0.68,0.59,0.59,0.65,0.7,0.77,0.67,0.78,0.75,0.72,0.74,0.75,0.75,0.7,CB,DEF,3
Joe Scally,RB,United States,0.74,0.74,0.49,0.64,0.71,0.71,0.72,0.79,0.7,0.77,0.75,0.69,0.7,0.71,0.73,0.79,0.75,0.74,0.69,0.7,0.64,0.51,RB,DEF,0
Bart Schenkeveld,CB,Holland,0.74,0.68,0.4,0.61,0.65,0.74,0.77,0.67,0.68,0.61,0.62,0.69,0.7,0.79,0.73,0.78,0.76,0.74,0.73,0.74,0.7,0.55,CB,DEF,0
Alidu Seidu,CB,Ghana,0.74,0.58,0.43,0.61,0.7,0.75,0.67,0.67,0.51,0.63,0.69,0.72,0.75,0.71,0.51,0.78,0.75,0.74,0.76,0.76,0.71,0.62,CB,DEF,0
Ryan Sessegnon,LB,England,0.74,0.77,0.64,0.72,0.76,0.71,0.64,0.78,0.77,0.77,0.75,0.77,0.73,0.6,0.69,0.7,0.73,0.69,0.73,0.71,0.56,0.67,LB,DEF,0
Ahmed Sharahili,CB,Saudi Arabia,0.74,0.75,0.33,0.61,0.64,0.74,0.77,0.74,0.76,0.72,0.69,0.66,0.75,0.8,0.76,0.82,0.74,0.72,0.72,0.75,0.8,0.42,CB,DEF,0
Leonardo Sigali,CB,Argentina,0.74,0.59,0.51,0.6,0.61,0.74,0.75,0.61,0.58,0.6,0.63,0.64,0.73,0.79,0.64,0.83,0.74,0.72,0.74,0.73,0.76,0.69,CB,DEF,3
Ricardo Esgaio,RB,Portugal,0.74,0.68,0.66,0.74,0.76,0.69,0.66,0.67,0.68,0.76,0.8,0.78,0.71,0.59,0.78,0.64,0.74,0.73,0.67,0.67,0.56,0.69,RB,DEF,2
John Souttar,CB,Scotland,0.74,0.73,0.48,0.63,0.7,0.73,0.77,0.69,0.76,0.63,0.68,0.72,0.71,0.84,0.66,0.85,0.75,0.72,0.74,0.7,0.74,0.7,CB,DEF,0
Carl Starfelt,CB,Sweden,0.74,0.75,0.31,0.53,0.68,0.74,0.76,0.71,0.78,0.67,0.65,0.69,0.69,0.75,0.75,0.82,0.76,0.71,0.73,0.74,0.73,0.52,CB,DEF,0
Niklas Stark,CB,Germany,0.74,0.74,0.5,0.62,0.66,0.74,0.76,0.72,0.75,0.65,0.62,0.67,0.73,0.79,0.73,0.8,0.74,0.74,0.74,0.74,0.77,0.63,CB,DEF,0
Pascal Struijk,CB,Holland,0.74,0.56,0.46,0.59,0.64,0.74,0.78,0.55,0.56,0.53,0.53,0.7,0.73,0.81,0.74,0.79,0.74,0.73,0.74,0.75,0.73,0.66,CB,DEF,3
Stoppila Sunzu,CB,Zambia,0.74,0.43,0.41,0.49,0.51,0.74,0.83,0.41,0.45,0.43,0.58,0.57,0.65,0.92,0.72,0.81,0.74,0.72,0.75,0.72,0.76,0.5,CB,DEF,3
Attila Szalai,CB,Hungary,0.74,0.72,0.45,0.62,0.63,0.74,0.79,0.67,0.76,0.64,0.48,0.64,0.73,0.83,0.74,0.77,0.75,0.74,0.72,0.73,0.75,0.68,CB,DEF,0
Matt Targett,LB,England,0.74,0.65,0.47,0.71,0.7,0.73,0.66,0.66,0.64,0.63,0.63,0.73,0.71,0.66,0.66,0.69,0.74,0.72,0.74,0.75,0.6,0.65,LB,DEF,0
Greg Taylor,LB,Scotland,0.74,0.72,0.55,0.73,0.73,0.71,0.73,0.69,0.74,0.79,0.83,0.74,0.72,0.66,0.86,0.71,0.73,0.71,0.73,0.67,0.64,0.72,LB,DEF,0
Nahuel Tenaglia,RB,Argentina,0.74,0.71,0.43,0.65,0.72,0.74,0.79,0.71,0.71,0.74,0.78,0.69,0.73,0.76,0.8,0.83,0.7,0.72,0.77,0.75,0.73,0.47,RB,DEF,0
William Tesillo,CB,Colombia,0.74,0.64,0.29,0.62,0.67,0.76,0.74,0.61,0.66,0.59,0.65,0.7,0.68,0.76,0.73,0.79,0.78,0.76,0.71,0.79,0.74,0.27,CB,DEF,3
Jordan Torunarigha,CB,Nigeria,0.74,0.82,0.41,0.63,0.63,0.74,0.76,0.79,0.84,0.62,0.64,0.62,0.66,0.81,0.7,0.84,0.76,0.75,0.71,0.73,0.77,0.42,CB,DEF,0
Milan van Ewijk,RB,Holland,0.74,0.92,0.57,0.64,0.71,0.69,0.71,0.91,0.93,0.77,0.78,0.69,0.69,0.65,0.82,0.79,0.7,0.69,0.69,0.71,0.6,0.68,RB,DEF,2
Nuno Tavares,LB,Portugal,0.74,0.84,0.65,0.69,0.72,0.68,0.76,0.79,0.88,0.75,0.6,0.72,0.69,0.77,0.74,0.79,0.74,0.73,0.66,0.62,0.58,0.8,LB,DEF,2
Johan Vásquez,CB,Mexico,0.74,0.61,0.32,0.58,0.57,0.74,0.75,0.59,0.62,0.51,0.64,0.61,0.75,0.72,0.74,0.76,0.75,0.75,0.74,0.74,0.74,0.38,CB,DEF,3
Tsuyoshi Watanabe,CB,Japan,0.74,0.77,0.29,0.47,0.55,0.75,0.76,0.76,0.77,0.61,0.39,0.62,0.65,0.81,0.71,0.88,0.75,0.73,0.76,0.73,0.74,0.45,CB,DEF,3
Silvan Widmer,RB,Switzerland,0.74,0.72,0.62,0.7,0.72,0.71,0.77,0.75,0.7,0.75,0.68,0.73,0.75,0.77,0.86,0.81,0.71,0.65,0.72,0.72,0.68,0.73,RB,DEF,0
Christopher Wooh,CB,Cameroon,0.74,0.68,0.45,0.57,0.62,0.73,0.76,0.56,0.77,0.53,0.41,0.68,0.69,0.81,0.65,0.82,0.74,0.73,0.7,0.73,0.76,0.6,CB,DEF,3
Joe Worrall,CB,England,0.74,0.5,0.25,0.51,0.45,0.75,0.76,0.48,0.52,0.43,0.46,0.54,0.68,0.82,0.65,0.8,0.75,0.76,0.76,0.73,0.76,0.34,CB,DEF,3
Rıdvan Yılmaz,LB,Turkey,0.74,0.86,0.56,0.67,0.78,0.68,0.62,0.88,0.84,0.91,0.84,0.74,0.78,0.55,0.75,0.69,0.7,0.67,0.7,0.71,0.51,0.68,LB,DEF,2
Zaldúa,RB,Spain,0.74,0.66,0.37,0.66,0.67,0.73,0.75,0.67,0.66,0.66,0.7,0.72,0.71,0.72,0.73,0.79,0.76,0.73,0.71,0.72,0.75,0.48,RB,DEF,0
Cédric Zesiger,CB,Switzerland,0.74,0.67,0.43,0.57,0.61,0.73,0.8,0.55,0.77,0.49,0.42,0.65,0.74,0.85,0.72,0.91,0.75,0.71,0.72,0.69,0.77,0.64,CB,DEF,3
Max Aarons,RB,England,0.73,0.81,0.42,0.62,0.73,0.69,0.74,0.84,0.79,0.85,0.79,0.72,0.7,0.7,0.84,0.74,0.71,0.69,0.73,0.7,0.53,0.49,RB,DEF,2
Rodrigo Abascal,CB,Uruguay,0.73,0.63,0.44,0.54,0.58,0.73,0.78,0.56,0.68,0.56,0.65,0.62,0.67,0.81,0.71,0.76,0.76,0.73,0.75,0.68,0.69,0.51,CB,DEF,3
Arbilla,CB,Spain,0.73,0.49,0.57,0.7,0.65,0.71,0.79,0.42,0.55,0.56,0.68,0.69,0.71,0.82,0.73,0.74,0.73,0.72,0.68,0.74,0.71,0.84,CB,DEF,3
Areso,RB,Spain,0.73,0.72,0.34,0.65,0.68,0.69,0.7,0.75,0.69,0.76,0.67,0.72,0.68,0.72,0.75,0.78,0.74,0.72,0.65,0.65,0.68,0.49,RB,DEF,2
Daniel Ballard,CB,Northern Ireland,0.73,0.6,0.3,0.53,0.57,0.72,0.81,0.56,0.64,0.5,0.48,0.59,0.68,0.88,0.68,0.82,0.74,0.72,0.72,0.7,0.72,0.44,CB,DEF,3
Leon Balogun,CB,Nigeria,0.73,0.7,0.44,0.59,0.6,0.72,0.77,0.64,0.75,0.53,0.55,0.63,0.67,0.84,0.69,0.83,0.73,0.75,0.73,0.68,0.71,0.65,CB,DEF,3
Valentín Barco,LB,Argentina,0.73,0.76,0.5,0.75,0.77,0.65,0.6,0.77,0.76,0.85,0.81,0.75,0.72,0.48,0.73,0.6,0.68,0.68,0.65,0.68,0.5,0.6,LB,DEF,2
Pier Barrios,CB,Argentina,0.73,0.7,0.47,0.64,0.6,0.72,0.81,0.68,0.71,0.66,0.74,0.62,0.7,0.82,0.76,0.8,0.76,0.69,0.72,0.69,0.68,0.62,CB,DEF,0
Jelle Bataille,RB,Belgium,0.73,0.81,0.61,0.71,0.73,0.63,0.75,0.77,0.84,0.75,0.74,0.72,0.68,0.67,0.86,0.73,0.67,0.64,0.59,0.67,0.58,0.68,RB,DEF,2
Thomas Beelen,CB,Holland,0.73,0.74,0.44,0.64,0.68,0.74,0.75,0.75,0.74,0.59,0.66,0.69,0.69,0.77,0.74,0.85,0.75,0.71,0.75,0.72,0.72,0.6,CB,DEF,0
Gastón Benavídez,RB,Argentina,0.73,0.67,0.36,0.62,0.62,0.72,0.65,0.68,0.66,0.62,0.67,0.64,0.68,0.56,0.75,0.61,0.74,0.75,0.74,0.73,0.53,0.33,RB,DEF,2
Bruno Bianchi,CB,Argentina,0.73,0.52,0.35,0.57,0.57,0.74,0.78,0.49,0.54,0.61,0.49,0.59,0.65,0.84,0.66,0.77,0.75,0.73,0.75,0.72,0.71,0.51,CB,DEF,3
Bigas,CB,Spain,0.73,0.61,0.52,0.63,0.6,0.73,0.74,0.61,0.61,0.62,0.64,0.65,0.69,0.77,0.6,0.76,0.74,0.71,0.75,0.72,0.7,0.62,CB,DEF,3
Fredrik Andre Bjørkan,LB,Norway,0.73,0.8,0.53,0.64,0.72,0.66,0.75,0.81,0.8,0.76,0.76,0.71,0.68,0.7,0.91,0.76,0.68,0.67,0.67,0.67,0.58,0.58,LB,DEF,2
Jayden Bogle,RB,England,0.73,0.79,0.55,0.67,0.74,0.69,0.68,0.79,0.79,0.76,0.73,0.73,0.7,0.65,0.72,0.72,0.72,0.69,0.69,0.7,0.55,0.61,RB,DEF,2
Jan Bořil,CB,Czech Republic,0.73,0.67,0.62,0.69,0.69,0.7,0.79,0.65,0.68,0.69,0.82,0.69,0.7,0.8,0.7,0.78,0.72,0.7,0.7,0.68,0.68,0.74,CB,DEF,0
Juan José Cáceres,RB,Paraguay,0.73,0.84,0.45,0.62,0.66,0.7,0.7,0.8,0.87,0.74,0.78,0.66,0.68,0.63,0.77,0.76,0.72,0.7,0.7,0.7,0.65,0.59,RB,DEF,2
Luca Caldirola,CB,Italy,0.73,0.32,0.42,0.63,0.59,0.76,0.65,0.33,0.32,0.43,0.54,0.61,0.72,0.77,0.34,0.7,0.78,0.76,0.76,0.74,0.74,0.63,CB,DEF,3
Calero,CB,Spain,0.73,0.62,0.42,0.65,0.65,0.73,0.69,0.64,0.61,0.67,0.65,0.68,0.73,0.73,0.58,0.78,0.73,0.73,0.73,0.73,0.73,0.58,CB,DEF,0
Alexander Callens,CB,Peru,0.73,0.72,0.53,0.5,0.57,0.72,0.78,0.69,0.74,0.7,0.6,0.6,0.73,0.78,0.77,0.78,0.76,0.73,0.69,0.72,0.69,0.79,CB,DEF,0
Dani Calvo,CB,Spain,0.73,0.52,0.46,0.55,0.55,0.73,0.8,0.49,0.55,0.46,0.35,0.6,0.69,0.85,0.74,0.79,0.73,0.71,0.74,0.74,0.74,0.58,CB,DEF,3
Mohamed Ali Camara,CB,Guinea,0.73,0.69,0.35,0.51,0.45,0.71,0.84,0.64,0.73,0.36,0.42,0.49,0.65,0.9,0.75,0.89,0.73,0.75,0.7,0.66,0.78,0.37,CB,DEF,3
Wanderson,LB,Brazil,0.73,0.87,0.64,0.67,0.73,0.65,0.73,0.84,0.9,0.8,0.85,0.73,0.73,0.68,0.82,0.76,0.66,0.64,0.64,0.72,0.56,0.72,LB,DEF,2
Federico Ceccherini,CB,Italy,0.73,0.62,0.48,0.57,0.63,0.74,0.72,0.63,0.62,0.64,0.62,0.63,0.74,0.74,0.61,0.74,0.73,0.75,0.75,0.75,0.68,0.7,CB,DEF,0
Farouk Chafaï,CB,Algeria,0.73,0.41,0.57,0.49,0.49,0.75,0.82,0.38,0.43,0.46,0.54,0.56,0.75,0.83,0.87,0.88,0.73,0.7,0.78,0.7,0.82,0.6,CB,DEF,3
Alessandro Circati,CB,Australia,0.73,0.61,0.35,0.53,0.49,0.74,0.74,0.59,0.63,0.36,0.55,0.58,0.72,0.8,0.64,0.79,0.76,0.73,0.73,0.75,0.72,0.52,CB,DEF,3
Clerc,LB,Spain,0.73,0.81,0.58,0.68,0.71,0.66,0.73,0.79,0.82,0.75,0.73,0.71,0.7,0.73,0.79,0.79,0.68,0.67,0.64,0.68,0.62,0.64,LB,DEF,2
Elias Cobbaut,CB,Belgium,0.73,0.68,0.41,0.68,0.68,0.71,0.78,0.59,0.75,0.58,0.54,0.72,0.69,0.82,0.72,0.81,0.72,0.69,0.69,0.72,0.72,0.65,CB,DEF,0
Nazareno Colombo,CB,Argentina,0.73,0.63,0.39,0.52,0.54,0.74,0.79,0.67,0.59,0.64,0.71,0.69,0.72,0.78,0.83,0.77,0.75,0.74,0.75,0.73,0.66,0.56,CB,DEF,3
Eray Cömert,CB,Switzerland,0.73,0.71,0.49,0.62,0.56,0.73,0.77,0.69,0.72,0.68,0.67,0.69,0.71,0.78,0.75,0.82,0.75,0.7,0.73,0.7,0.74,0.76,CB,DEF,0
Jake Cooper,CB,England,0.73,0.51,0.32,0.48,0.53,0.72,0.83,0.51,0.51,0.43,0.46,0.6,0.71,0.9,0.73,0.84,0.71,0.72,0.73,0.71,0.77,0.42,CB,DEF,3
Claudio Corvalán,CB,Argentina,0.73,0.6,0.54,0.66,0.63,0.71,0.8,0.61,0.6,0.61,0.76,0.7,0.74,0.8,0.76,0.75,0.73,0.75,0.65,0.77,0.62,0.74,CB,DEF,0
Nicolas Cozza,LB,France,0.73,0.73,0.41,0.61,0.7,0.74,0.68,0.76,0.7,0.69,0.74,0.7,0.73,0.66,0.68,0.76,0.75,0.74,0.75,0.75,0.67,0.49,LB,DEF,0
Danny da Costa,RB,Germany,0.73,0.75,0.56,0.64,0.69,0.7,0.79,0.75,0.75,0.65,0.66,0.68,0.7,0.78,0.78,0.85,0.71,0.77,0.67,0.7,0.71,0.68,RB,DEF,0
Abner Vinícius,LB,Brazil,0.73,0.82,0.52,0.72,0.73,0.66,0.63,0.8,0.84,0.79,0.73,0.74,0.67,0.58,0.69,0.68,0.71,0.72,0.65,0.65,0.54,0.57,LB,DEF,2
Busanello,LB,Brazil,0.73,0.75,0.57,0.71,0.7,0.67,0.81,0.74,0.76,0.75,0.62,0.72,0.7,0.77,0.88,0.79,0.71,0.64,0.66,0.68,0.62,0.67,LB,DEF,2
Marcus Danielson,CB,Sweden,0.73,0.43,0.37,0.48,0.52,0.74,0.77,0.43,0.43,0.4,0.36,0.53,0.66,0.86,0.58,0.77,0.75,0.71,0.76,0.73,0.73,0.36,CB,DEF,3
Paweł Dawidowicz,CB,Poland,0.73,0.5,0.48,0.62,0.63,0.74,0.74,0.36,0.61,0.62,0.47,0.66,0.73,0.8,0.61,0.68,0.75,0.72,0.73,0.76,0.69,0.77,CB,DEF,3
Thibault De Smet,LB,Belgium,0.73,0.67,0.52,0.64,0.68,0.68,0.72,0.65,0.69,0.61,0.69,0.73,0.72,0.68,0.8,0.72,0.71,0.7,0.66,0.67,0.69,0.68,LB,DEF,2
Amar Dedić,RB,Bosnia and Herzegovina,0.73,0.83,0.58,0.68,0.71,0.66,0.74,0.83,0.83,0.78,0.74,0.7,0.64,0.69,0.88,0.76,0.72,0.7,0.62,0.66,0.56,0.67,RB,DEF,2
Jason Denayer,CB,Belgium,0.73,0.69,0.42,0.64,0.65,0.73,0.75,0.66,0.72,0.64,0.61,0.67,0.68,0.76,0.71,0.81,0.74,0.74,0.72,0.73,0.74,0.55,CB,DEF,0
Fabio Depaoli,RB,Italy,0.73,0.72,0.56,0.69,0.74,0.68,0.61,0.75,0.7,0.74,0.76,0.73,0.73,0.53,0.72,0.68,0.72,0.71,0.66,0.67,0.65,0.59,RB,DEF,2
Mikkel Desler,RB,Denmark,0.73,0.72,0.6,0.68,0.7,0.68,0.69,0.76,0.69,0.68,0.75,0.71,0.68,0.6,0.89,0.71,0.7,0.68,0.69,0.66,0.58,0.59,RB,DEF,2
Sinaly Diomandé,CB,Côte d'Ivoire,0.73,0.65,0.46,0.61,0.58,0.73,0.76,0.57,0.72,0.57,0.54,0.64,0.7,0.78,0.68,0.79,0.75,0.72,0.71,0.7,0.75,0.68,CB,DEF,3
Matt Doherty,RB,Republic of Ireland,0.73,0.67,0.65,0.69,0.69,0.72,0.73,0.68,0.66,0.66,0.66,0.7,0.73,0.71,0.76,0.79,0.72,0.71,0.71,0.71,0.73,0.76,RB,DEF,0
Nery Domínguez,CB,Argentina,0.73,0.51,0.61,0.7,0.68,0.73,0.72,0.49,0.53,0.67,0.65,0.71,0.7,0.8,0.64,0.76,0.74,0.73,0.74,0.72,0.72,0.76,CB,DEF,0
Shane Duffy,CB,Republic of Ireland,0.73,0.34,0.47,0.5,0.48,0.74,0.77,0.33,0.34,0.32,0.36,0.55,0.68,0.83,0.59,0.78,0.74,0.7,0.74,0.72,0.81,0.62,CB,DEF,3
Noë Dussenne,CB,Belgium,0.73,0.32,0.4,0.52,0.52,0.75,0.77,0.32,0.32,0.45,0.53,0.58,0.72,0.81,0.71,0.75,0.73,0.71,0.77,0.75,0.76,0.5,CB,DEF,3
Sampson Dweh,CB,Liberia,0.73,0.72,0.32,0.59,0.66,0.73,0.75,0.71,0.73,0.6,0.63,0.67,0.73,0.78,0.68,0.85,0.75,0.71,0.71,0.71,0.75,0.38,CB,DEF,0
Omar El Hilali,RB,Morocco,0.73,0.82,0.41,0.63,0.67,0.7,0.73,0.83,0.81,0.75,0.67,0.66,0.7,0.72,0.75,0.81,0.71,0.72,0.69,0.7,0.63,0.55,RB,DEF,2
Kiko Femenía,RB,Spain,0.73,0.69,0.56,0.69,0.67,0.71,0.65,0.7,0.69,0.7,0.72,0.69,0.69,0.61,0.69,0.67,0.72,0.71,0.73,0.72,0.59,0.56,RB,DEF,2
Edimilson Fernandes,CB,Switzerland,0.73,0.69,0.65,0.7,0.72,0.76,0.68,0.7,0.69,0.67,0.64,0.75,0.75,0.75,0.66,0.76,0.76,0.75,0.76,0.81,0.65,0.78,CB,DEF,0
Federico Fernández,CB,Argentina,0.73,0.36,0.34,0.58,0.57,0.75,0.76,0.35,0.37,0.47,0.53,0.67,0.71,0.76,0.78,0.73,0.74,0.71,0.75,0.75,0.77,0.43,CB,DEF,3
Junior Firpo,LB,Dominican Republic,0.73,0.73,0.6,0.67,0.69,0.7,0.73,0.72,0.74,0.62,0.62,0.7,0.66,0.73,0.7,0.78,0.73,0.7,0.65,0.74,0.69,0.66,LB,DEF,0
Thomas Foket,RB,Belgium,0.73,0.69,0.57,0.68,0.71,0.71,0.71,0.73,0.65,0.7,0.71,0.73,0.72,0.69,0.76,0.74,0.72,0.72,0.72,0.73,0.63,0.67,RB,DEF,0
Francés,CB,Spain,0.73,0.78,0.45,0.64,0.63,0.73,0.76,0.81,0.76,0.74,0.74,0.62,0.72,0.75,0.77,0.86,0.73,0.7,0.74,0.75,0.71,0.54,CB,DEF,0
Nicolás Freire,CB,Argentina,0.73,0.67,0.29,0.45,0.54,0.72,0.81,0.66,0.68,0.56,0.47,0.62,0.65,0.88,0.68,0.85,0.74,0.7,0.7,0.71,0.72,0.4,CB,DEF,3
Fresneda,RB,Spain,0.73,0.75,0.41,0.6,0.74,0.72,0.69,0.76,0.75,0.71,0.74,0.77,0.67,0.67,0.76,0.74,0.76,0.71,0.72,0.7,0.6,0.43,RB,DEF,2
Marvin Friedrich,CB,Germany,0.73,0.62,0.41,0.57,0.5,0.75,0.71,0.54,0.68,0.4,0.52,0.57,0.69,0.79,0.55,0.73,0.79,0.78,0.7,0.72,0.77,0.58,CB,DEF,3
Federico Gattoni,CB,Argentina,0.73,0.71,0.6,0.59,0.64,0.74,0.75,0.68,0.73,0.62,0.69,0.68,0.7,0.73,0.8,0.79,0.74,0.76,0.76,0.72,0.72,0.7,CB,DEF,0
Valentin Gendrey,RB,France,0.73,0.79,0.34,0.59,0.66,0.68,0.73,0.82,0.76,0.72,0.71,0.69,0.69,0.7,0.79,0.73,0.72,0.75,0.66,0.68,0.51,0.36,RB,DEF,2
Faouzi Ghoulam,LB,Algeria,0.73,0.62,0.65,0.72,0.7,0.72,0.68,0.56,0.67,0.7,0.63,0.72,0.69,0.66,0.69,0.68,0.72,0.71,0.72,0.73,0.69,0.81,LB,DEF,0
Ryan Giles,LB,England,0.73,0.88,0.57,0.73,0.73,0.62,0.65,0.86,0.9,0.83,0.77,0.74,0.72,0.59,0.85,0.63,0.7,0.62,0.6,0.59,0.54,0.62,LB,DEF,2
Benedikt Gimber,CB,Germany,0.73,0.64,0.48,0.59,0.57,0.74,0.77,0.65,0.64,0.65,0.63,0.6,0.7,0.78,0.71,0.77,0.75,0.72,0.74,0.73,0.7,0.62,CB,DEF,3
Sergi Gómez,CB,Spain,0.73,0.61,0.46,0.61,0.59,0.73,0.72,0.57,0.65,0.54,0.44,0.66,0.73,0.76,0.62,0.78,0.73,0.73,0.73,0.73,0.73,0.58,CB,DEF,3
Pedro Malheiro,RB,Portugal,0.73,0.78,0.62,0.65,0.73,0.67,0.61,0.75,0.8,0.7,0.71,0.77,0.71,0.57,0.75,0.65,0.69,0.68,0.69,0.69,0.53,0.68,RB,DEF,2
Manuel Gulde,CB,Germany,0.73,0.57,0.4,0.51,0.56,0.75,0.69,0.59,0.55,0.55,0.64,0.57,0.71,0.76,0.54,0.86,0.74,0.72,0.76,0.75,0.75,0.5,CB,DEF,3
Lewis Hall,LB,England,0.73,0.74,0.62,0.74,0.75,0.68,0.59,0.78,0.7,0.77,0.85,0.72,0.68,0.52,0.73,0.64,0.72,0.68,0.68,0.69,0.54,0.66,LB,DEF,2
Jorrel Hato,CB,Holland,0.73,0.86,0.39,0.66,0.72,0.74,0.7,0.84,0.88,0.75,0.75,0.74,0.75,0.69,0.68,0.88,0.75,0.7,0.73,0.77,0.67,0.53,CB,DEF,0
Lukáš Hejda,CB,Czech Republic,0.73,0.54,0.35,0.54,0.62,0.73,0.79,0.5,0.58,0.57,0.53,0.67,0.7,0.87,0.66,0.8,0.72,0.69,0.74,0.73,0.75,0.46,CB,DEF,3
Junior Hernández,LB,Colombia,0.73,0.81,0.61,0.65,0.68,0.69,0.61,0.76,0.85,0.77,0.82,0.68,0.7,0.59,0.74,0.7,0.71,0.68,0.69,0.71,0.59,0.69,LB,DEF,2
Wesley Hoedt,CB,Holland,0.73,0.56,0.46,0.69,0.6,0.74,0.75,0.6,0.52,0.34,0.55,0.66,0.7,0.81,0.66,0.81,0.74,0.73,0.73,0.74,0.74,0.72,CB,DEF,3
Casper Højer,LB,Denmark,0.73,0.74,0.69,0.75,0.7,0.67,0.73,0.75,0.74,0.69,0.7,0.72,0.71,0.74,0.73,0.75,0.67,0.69,0.66,0.7,0.57,0.85,LB,DEF,2
Rob Holding,CB,England,0.73,0.47,0.34,0.58,0.63,0.75,0.69,0.5,0.45,0.52,0.56,0.67,0.68,0.77,0.5,0.76,0.76,0.75,0.75,0.74,0.73,0.48,CB,DEF,3
Trai Hume,RB,Northern Ireland,0.73,0.81,0.37,0.61,0.67,0.7,0.79,0.78,0.83,0.69,0.66,0.66,0.69,0.76,0.82,0.83,0.71,0.73,0.69,0.67,0.7,0.35,RB,DEF,2
Pontus Jansson,CB,Sweden,0.73,0.49,0.45,0.51,0.59,0.73,0.81,0.48,0.5,0.48,0.34,0.65,0.72,0.88,0.71,0.76,0.71,0.71,0.75,0.74,0.7,0.68,CB,DEF,3
Fali,CB,Spain,0.73,0.43,0.53,0.67,0.57,0.7,0.87,0.36,0.49,0.43,0.67,0.63,0.66,0.9,0.8,0.76,0.72,0.7,0.71,0.65,0.73,0.72,CB,DEF,3
Ben Johnson,RB,England,0.73,0.72,0.4,0.63,0.68,0.73,0.71,0.69,0.74,0.66,0.69,0.69,0.66,0.7,0.75,0.72,0.74,0.72,0.74,0.72,0.65,0.5,RB,DEF,0
Paul Joly,RB,France,0.73,0.66,0.34,0.6,0.58,0.73,0.72,0.68,0.64,0.46,0.64,0.62,0.64,0.74,0.78,0.79,0.77,0.75,0.7,0.73,0.71,0.45,RB,DEF,3
Erik,LB,Brazil,0.73,0.85,0.51,0.69,0.74,0.65,0.74,0.87,0.83,0.84,0.8,0.72,0.68,0.66,0.85,0.73,0.67,0.64,0.66,0.67,0.5,0.57,LB,DEF,2
Christopher Jullien,CB,France,0.73,0.54,0.5,0.62,0.56,0.72,0.77,0.53,0.54,0.36,0.33,0.66,0.63,0.85,0.58,0.86,0.72,0.7,0.71,0.69,0.82,0.64,CB,DEF,3
Anthony Jung,CB,Germany,0.73,0.63,0.62,0.65,0.66,0.74,0.74,0.63,0.63,0.64,0.66,0.68,0.69,0.77,0.71,0.76,0.75,0.76,0.76,0.7,0.68,0.72,CB,DEF,0
David Jurásek,LB,Czech Republic,0.73,0.82,0.61,0.68,0.72,0.67,0.75,0.84,0.81,0.71,0.74,0.72,0.71,0.75,0.75,0.82,0.68,0.65,0.66,0.67,0.64,0.77,LB,DEF,2
Issa Kaboré,RB,Burkina Faso,0.73,0.87,0.39,0.63,0.72,0.65,0.74,0.87,0.87,0.79,0.72,0.71,0.74,0.73,0.73,0.8,0.67,0.72,0.64,0.65,0.59,0.42,RB,DEF,2
Hassane Kamara,LB,Côte d'Ivoire,0.73,0.82,0.59,0.67,0.73,0.67,0.74,0.85,0.8,0.82,0.93,0.67,0.71,0.71,0.78,0.75,0.7,0.71,0.66,0.7,0.5,0.68,LB,DEF,2
Joris Kayembe,LB,Congo DR,0.73,0.79,0.6,0.68,0.73,0.66,0.73,0.76,0.82,0.71,0.68,0.74,0.71,0.71,0.8,0.77,0.69,0.68,0.64,0.67,0.62,0.66,LB,DEF,2
Tomasz Kędziora,CB,Poland,0.73,0.76,0.45,0.65,0.65,0.72,0.75,0.74,0.77,0.71,0.67,0.64,0.73,0.74,0.75,0.82,0.72,0.71,0.74,0.71,0.72,0.56,CB,DEF,0
Boubakar Kouyaté,CB,Mali,0.73,0.61,0.36,0.5,0.58,0.73,0.76,0.67,0.56,0.64,0.42,0.61,0.63,0.8,0.7,0.86,0.73,0.72,0.72,0.73,0.78,0.64,CB,DEF,3
Emil Krafth,RB,Sweden,0.73,0.53,0.58,0.68,0.7,0.75,0.7,0.53,0.53,0.62,0.64,0.73,0.74,0.72,0.68,0.7,0.76,0.74,0.77,0.74,0.69,0.7,RB,DEF,0
Elias Jelert,RB,Denmark,0.73,0.85,0.57,0.68,0.73,0.66,0.73,0.84,0.86,0.87,0.82,0.71,0.67,0.65,0.87,0.69,0.71,0.7,0.67,0.66,0.46,0.61,RB,DEF,2
Bas Kuipers,LB,Holland,0.73,0.67,0.44,0.65,0.68,0.7,0.75,0.68,0.67,0.75,0.75,0.68,0.66,0.71,0.82,0.78,0.7,0.7,0.73,0.72,0.58,0.64,LB,DEF,2
Stefan Lainer,RB,Austria,0.73,0.7,0.62,0.65,0.67,0.73,0.75,0.74,0.67,0.75,0.78,0.65,0.72,0.72,0.76,0.77,0.75,0.73,0.73,0.73,0.63,0.71,RB,DEF,0
Julien Laporte,CB,France,0.73,0.37,0.29,0.46,0.5,0.74,0.81,0.38,0.37,0.38,0.51,0.65,0.66,0.86,0.75,0.78,0.74,0.71,0.75,0.7,0.77,0.41,CB,DEF,3
Jens Stryger Larsen,RB,Denmark,0.73,0.76,0.6,0.66,0.69,0.69,0.79,0.74,0.77,0.71,0.74,0.7,0.72,0.76,0.85,0.78,0.71,0.69,0.71,0.69,0.6,0.69,RB,DEF,0
Tomás Araújo,CB,Portugal,0.73,0.79,0.29,0.65,0.66,0.72,0.79,0.78,0.8,0.59,0.58,0.71,0.66,0.81,0.82,0.88,0.75,0.7,0.66,0.77,0.72,0.4,CB,DEF,0
Tom Lockyer,CB,Wales,0.73,0.53,0.36,0.54,0.61,0.74,0.78,0.52,0.53,0.68,0.64,0.63,0.72,0.79,0.77,0.77,0.74,0.7,0.74,0.75,0.73,0.37,CB,DEF,3
Luciano Lollo,CB,Argentina,0.73,0.35,0.49,0.53,0.57,0.75,0.71,0.34,0.36,0.5,0.49,0.65,0.75,0.72,0.7,0.72,0.75,0.67,0.79,0.72,0.8,0.52,CB,DEF,3
Fabio Lucioni,CB,Italy,0.73,0.59,0.42,0.5,0.52,0.75,0.78,0.59,0.59,0.62,0.55,0.55,0.74,0.8,0.75,0.79,0.74,0.72,0.77,0.74,0.72,0.54,CB,DEF,3
Charalampos Lykogiannis,LB,Greece,0.73,0.77,0.7,0.71,0.66,0.69,0.71,0.71,0.82,0.4,0.47,0.74,0.66,0.79,0.65,0.79,0.71,0.69,0.68,0.7,0.64,0.84,LB,DEF,0
Faitout Maouassa,LB,France,0.73,0.76,0.64,0.71,0.74,0.7,0.74,0.78,0.74,0.78,0.85,0.73,0.7,0.75,0.71,0.79,0.72,0.72,0.72,0.66,0.61,0.76,LB,DEF,0
Erhan Mašović,CB,Serbia,0.73,0.61,0.33,0.49,0.56,0.75,0.69,0.64,0.58,0.56,0.55,0.62,0.67,0.73,0.59,0.78,0.77,0.75,0.76,0.73,0.73,0.42,CB,DEF,3
Gary Medel,CB,Chile,0.73,0.51,0.5,0.62,0.68,0.72,0.73,0.5,0.51,0.72,0.9,0.67,0.79,0.73,0.65,0.68,0.74,0.72,0.72,0.75,0.64,0.65,CB,DEF,0
Björn Meijer,LB,Holland,0.73,0.7,0.62,0.68,0.67,0.7,0.82,0.64,0.75,0.65,0.57,0.7,0.65,0.89,0.8,0.85,0.67,0.68,0.72,0.72,0.73,0.79,LB,DEF,0
Bamo Meïté,CB,Côte d'Ivoire,0.73,0.54,0.33,0.47,0.58,0.75,0.7,0.46,0.6,0.35,0.6,0.65,0.69,0.69,0.65,0.69,0.79,0.75,0.75,0.71,0.73,0.54,CB,DEF,3
Birger Meling,LB,Norway,0.73,0.79,0.55,0.68,0.72,0.69,0.66,0.8,0.79,0.83,0.85,0.7,0.71,0.53,0.84,0.66,0.69,0.68,0.71,0.71,0.55,0.64,LB,DEF,2
Jubal,CB,Brazil,0.73,0.46,0.39,0.46,0.56,0.73,0.76,0.39,0.51,0.53,0.52,0.63,0.71,0.82,0.66,0.74,0.73,0.72,0.73,0.72,0.74,0.45,CB,DEF,3
Matt Miazga,CB,United States,0.73,0.46,0.26,0.47,0.57,0.73,0.78,0.5,0.43,0.54,0.36,0.66,0.7,0.84,0.67,0.79,0.72,0.71,0.72,0.75,0.74,0.35,CB,DEF,3
Filip Mladenović,LB,Serbia,0.73,0.85,0.67,0.7,0.69,0.65,0.66,0.85,0.85,0.82,0.71,0.69,0.69,0.56,0.84,0.72,0.66,0.63,0.66,0.67,0.58,0.69,LB,DEF,2
Andrés Mosquera,CB,Colombia,0.73,0.7,0.42,0.59,0.55,0.74,0.74,0.72,0.68,0.65,0.55,0.61,0.68,0.75,0.74,0.83,0.75,0.73,0.75,0.71,0.74,0.58,CB,DEF,0
Neto Borges,LB,Brazil,0.73,0.7,0.5,0.66,0.72,0.69,0.8,0.7,0.7,0.7,0.59,0.73,0.74,0.84,0.82,0.79,0.7,0.69,0.7,0.69,0.62,0.55,LB,DEF,0
Carlos Neva,LB,Spain,0.73,0.77,0.52,0.62,0.7,0.69,0.68,0.78,0.76,0.75,0.71,0.69,0.68,0.61,0.8,0.74,0.7,0.69,0.68,0.69,0.65,0.65,LB,DEF,2
Tanguy Nianzou,CB,France,0.73,0.6,0.37,0.55,0.63,0.72,0.75,0.53,0.66,0.54,0.58,0.67,0.67,0.78,0.68,0.81,0.73,0.69,0.71,0.71,0.78,0.57,CB,DEF,3
Niels Nkounkou,LB,France,0.73,0.78,0.49,0.69,0.75,0.66,0.73,0.79,0.77,0.75,0.74,0.74,0.69,0.74,0.8,0.76,0.67,0.64,0.68,0.68,0.55,0.58,LB,DEF,2
Armando Obispo,CB,Holland,0.73,0.72,0.42,0.6,0.66,0.72,0.75,0.7,0.73,0.68,0.64,0.7,0.7,0.78,0.68,0.82,0.71,0.75,0.71,0.72,0.73,0.64,CB,DEF,0
Chiedozie Ogbene,RB,Republic of Ireland,0.73,0.91,0.65,0.66,0.74,0.64,0.78,0.9,0.92,0.78,0.65,0.72,0.72,0.79,0.84,0.86,0.65,0.61,0.66,0.64,0.62,0.68,RB,DEF,2
Brian Oliván,LB,Spain,0.73,0.78,0.6,0.71,0.68,0.66,0.76,0.79,0.78,0.65,0.68,0.74,0.68,0.68,0.86,0.75,0.67,0.66,0.66,0.68,0.6,0.65,LB,DEF,2
Jorge Fernandes,CB,Portugal,0.73,0.34,0.34,0.48,0.57,0.74,0.8,0.34,0.34,0.33,0.33,0.63,0.65,0.92,0.61,0.75,0.8,0.74,0.73,0.67,0.71,0.61,CB,DEF,3
Reece Oxford,CB,England,0.73,0.57,0.33,0.54,0.61,0.74,0.67,0.6,0.54,0.62,0.53,0.62,0.73,0.8,0.33,0.8,0.76,0.72,0.74,0.73,0.74,0.49,CB,DEF,3
Nicolas Pallois,CB,France,0.73,0.34,0.54,0.58,0.57,0.73,0.78,0.33,0.34,0.42,0.33,0.56,0.67,0.86,0.55,0.74,0.7,0.68,0.76,0.75,0.74,0.79,CB,DEF,3
Mads Pedersen,LB,Denmark,0.73,0.82,0.52,0.65,0.73,0.67,0.67,0.85,0.79,0.82,0.78,0.71,0.71,0.58,0.73,0.67,0.72,0.7,0.68,0.68,0.48,0.66,LB,DEF,2
Rafael Pérez,CB,Colombia,0.73,0.59,0.45,0.51,0.61,0.71,0.85,0.55,0.63,0.56,0.64,0.62,0.7,0.88,0.81,0.7,0.73,0.69,0.71,0.72,0.68,0.56,CB,DEF,3
Luis Pérez,RB,Spain,0.73,0.87,0.47,0.6,0.66,0.67,0.76,0.88,0.87,0.83,0.77,0.61,0.65,0.73,0.88,0.8,0.7,0.73,0.65,0.7,0.55,0.51,RB,DEF,2
Kamil Piątkowski,CB,Poland,0.73,0.8,0.47,0.64,0.68,0.7,0.82,0.81,0.8,0.74,0.72,0.69,0.68,0.84,0.82,0.91,0.71,0.69,0.69,0.72,0.71,0.68,CB,DEF,0
Leopold Querfeld,CB,Austria,0.73,0.61,0.4,0.55,0.51,0.72,0.82,0.63,0.6,0.51,0.55,0.56,0.66,0.85,0.83,0.86,0.75,0.72,0.69,0.7,0.77,0.68,CB,DEF,3
Carlos Quintana,CB,Argentina,0.73,0.44,0.37,0.48,0.49,0.75,0.79,0.38,0.49,0.3,0.4,0.56,0.7,0.86,0.68,0.76,0.76,0.7,0.75,0.75,0.74,0.52,CB,DEF,3
Juanpe,CB,Spain,0.73,0.5,0.37,0.55,0.49,0.72,0.77,0.5,0.5,0.34,0.31,0.63,0.67,0.83,0.68,0.82,0.73,0.71,0.72,0.7,0.78,0.55,CB,DEF,3
Jacob Rasmussen,CB,Denmark,0.73,0.56,0.39,0.6,0.62,0.72,0.79,0.47,0.63,0.62,0.66,0.64,0.7,0.84,0.75,0.78,0.72,0.7,0.72,0.72,0.74,0.56,CB,DEF,3
Andrei Rațiu,RB,Romania,0.73,0.88,0.56,0.65,0.67,0.69,0.66,0.9,0.86,0.7,0.58,0.7,0.67,0.63,0.68,0.85,0.7,0.68,0.67,0.66,0.75,0.61,RB,DEF,2
Tim Ream,CB,United States,0.73,0.36,0.44,0.69,0.66,0.76,0.7,0.38,0.34,0.4,0.63,0.7,0.7,0.73,0.67,0.62,0.75,0.7,0.79,0.78,0.74,0.53,CB,DEF,3
Devyne Rensch,RB,Holland,0.73,0.74,0.56,0.66,0.7,0.72,0.67,0.75,0.73,0.74,0.63,0.73,0.7,0.63,0.72,0.74,0.73,0.71,0.71,0.72,0.68,0.57,RB,DEF,0
Mihailo Ristić,LB,Serbia,0.73,0.75,0.64,0.66,0.73,0.67,0.68,0.76,0.74,0.69,0.6,0.75,0.69,0.66,0.77,0.75,0.68,0.7,0.66,0.68,0.63,0.84,LB,DEF,2
Connor Roberts,RB,Wales,0.73,0.76,0.61,0.7,0.7,0.68,0.73,0.77,0.75,0.71,0.7,0.71,0.68,0.71,0.81,0.77,0.71,0.67,0.69,0.68,0.61,0.67,RB,DEF,2
Juan Gabriel Rodríguez,CB,Argentina,0.73,0.68,0.39,0.58,0.64,0.72,0.75,0.66,0.69,0.61,0.59,0.7,0.69,0.77,0.71,0.81,0.74,0.71,0.72,0.7,0.73,0.56,CB,DEF,3
Mads Roerslev,RB,Denmark,0.73,0.68,0.45,0.69,0.7,0.7,0.7,0.66,0.7,0.69,0.68,0.72,0.72,0.68,0.77,0.71,0.72,0.67,0.71,0.69,0.64,0.51,RB,DEF,2
Gabriel Rojas,LB,Argentina,0.73,0.83,0.6,0.69,0.73,0.66,0.71,0.83,0.83,0.82,0.77,0.73,0.7,0.64,0.82,0.72,0.67,0.69,0.66,0.67,0.53,0.7,LB,DEF,2
Serdar Saatçı,CB,Turkey,0.73,0.69,0.3,0.49,0.61,0.73,0.76,0.73,0.65,0.57,0.5,0.64,0.64,0.86,0.58,0.83,0.77,0.75,0.71,0.74,0.64,0.42,CB,DEF,3
Modibo Sagnan,CB,Mali,0.73,0.66,0.32,0.58,0.56,0.73,0.76,0.54,0.75,0.51,0.51,0.67,0.68,0.79,0.67,0.77,0.75,0.72,0.73,0.7,0.73,0.4,CB,DEF,3
Hiroki Sakai,RB,Japan,0.73,0.72,0.53,0.65,0.64,0.72,0.73,0.71,0.73,0.7,0.67,0.67,0.68,0.71,0.78,0.74,0.72,0.74,0.75,0.71,0.6,0.67,RB,DEF,0
Kike Salas,CB,Spain,0.73,0.63,0.26,0.46,0.52,0.74,0.74,0.55,0.69,0.45,0.5,0.66,0.73,0.76,0.72,0.73,0.75,0.72,0.74,0.75,0.68,0.3,CB,DEF,3
Ricard,RB,Spain,0.73,0.82,0.57,0.61,0.69,0.68,0.6,0.81,0.82,0.69,0.76,0.73,0.66,0.51,0.77,0.71,0.67,0.69,0.69,0.67,0.65,0.63,RB,DEF,2
Arouna Sangante,CB,Senegal,0.73,0.58,0.34,0.59,0.59,0.73,0.75,0.51,0.63,0.56,0.58,0.64,0.72,0.78,0.7,0.76,0.75,0.73,0.7,0.72,0.73,0.5,CB,DEF,3
Agustín Sant'Anna,RB,Uruguay,0.73,0.76,0.59,0.69,0.71,0.71,0.67,0.79,0.74,0.71,0.75,0.71,0.7,0.63,0.66,0.74,0.73,0.75,0.7,0.7,0.62,0.63,RB,DEF,0
Liam Scales,CB,Republic of Ireland,0.73,0.7,0.56,0.63,0.63,0.71,0.79,0.63,0.76,0.58,0.65,0.66,0.66,0.83,0.74,0.83,0.73,0.72,0.7,0.69,0.75,0.74,CB,DEF,0
Aleksandar Sedlar,CB,Serbia,0.73,0.43,0.43,0.51,0.51,0.74,0.77,0.52,0.36,0.69,0.66,0.62,0.75,0.8,0.74,0.73,0.74,0.72,0.75,0.74,0.69,0.49,CB,DEF,3
Leonardo Sernicola,RB,Italy,0.73,0.7,0.58,0.7,0.71,0.68,0.71,0.68,0.72,0.66,0.77,0.72,0.71,0.68,0.83,0.71,0.69,0.67,0.69,0.69,0.65,0.68,RB,DEF,2
Kiliann Sildillia,RB,France,0.73,0.68,0.3,0.61,0.68,0.74,0.71,0.69,0.68,0.66,0.67,0.68,0.67,0.71,0.7,0.79,0.76,0.75,0.73,0.72,0.73,0.35,RB,DEF,0
Eric Smith,CB,Sweden,0.73,0.65,0.57,0.66,0.66,0.72,0.78,0.61,0.69,0.65,0.55,0.7,0.76,0.81,0.74,0.76,0.69,0.63,0.77,0.78,0.63,0.74,CB,DEF,0
Adam Smith,RB,England,0.73,0.65,0.59,0.7,0.7,0.72,0.7,0.65,0.65,0.65,0.68,0.74,0.73,0.68,0.73,0.71,0.75,0.73,0.73,0.68,0.65,0.72,RB,DEF,0
Santiago Sosa,CB,Argentina,0.73,0.57,0.57,0.63,0.67,0.72,0.78,0.62,0.53,0.67,0.64,0.7,0.74,0.8,0.73,0.81,0.73,0.69,0.73,0.71,0.73,0.67,CB,DEF,0
Jack Stacey,RB,England,0.73,0.71,0.55,0.66,0.7,0.7,0.73,0.73,0.7,0.7,0.7,0.7,0.71,0.71,0.82,0.77,0.72,0.71,0.7,0.69,0.65,0.62,RB,DEF,0
Jack Stephens,CB,England,0.73,0.42,0.42,0.62,0.66,0.74,0.73,0.34,0.49,0.61,0.54,0.69,0.71,0.78,0.66,0.71,0.75,0.72,0.75,0.73,0.74,0.55,CB,DEF,3
Dujon Sterling,LB,England,0.73,0.75,0.51,0.67,0.7,0.71,0.74,0.72,0.78,0.71,0.62,0.72,0.71,0.75,0.67,0.78,0.72,0.71,0.71,0.7,0.65,0.64,LB,DEF,0
Gabriel Suazo,LB,Chile,0.73,0.71,0.59,0.69,0.71,0.69,0.75,0.7,0.71,0.73,0.64,0.72,0.74,0.71,0.81,0.69,0.72,0.73,0.72,0.68,0.53,0.67,LB,DEF,0
Erik Sviatchenko,CB,Denmark,0.73,0.58,0.51,0.6,0.61,0.71,0.83,0.51,0.64,0.68,0.7,0.68,0.68,0.89,0.77,0.89,0.7,0.68,0.71,0.71,0.74,0.67,CB,DEF,3
Montassar Talbi,CB,Tunisia,0.73,0.6,0.3,0.42,0.57,0.73,0.76,0.54,0.64,0.6,0.69,0.65,0.67,0.81,0.64,0.78,0.77,0.73,0.73,0.69,0.71,0.46,CB,DEF,3
Jackson Tchatchoua,RB,Cameroon,0.73,0.88,0.56,0.62,0.72,0.66,0.79,0.84,0.91,0.74,0.74,0.71,0.65,0.78,0.85,0.81,0.7,0.69,0.64,0.64,0.56,0.67,RB,DEF,2
Álvaro Tejero,RB,Spain,0.73,0.82,0.64,0.69,0.71,0.65,0.69,0.82,0.82,0.84,0.84,0.7,0.66,0.61,0.91,0.72,0.66,0.68,0.64,0.67,0.55,0.7,RB,DEF,2
Frederik Tingager,CB,Denmark,0.73,0.53,0.33,0.52,0.54,0.71,0.83,0.54,0.53,0.32,0.39,0.61,0.68,0.92,0.78,0.86,0.71,0.7,0.7,0.71,0.77,0.45,CB,DEF,3
Hassan Tombakti,CB,Saudi Arabia,0.73,0.83,0.34,0.58,0.64,0.73,0.75,0.8,0.85,0.74,0.55,0.65,0.73,0.8,0.75,0.77,0.74,0.74,0.73,0.75,0.68,0.4,CB,DEF,0
Omar Haktab Traoré,RB,Germany,0.73,0.81,0.51,0.61,0.7,0.69,0.71,0.86,0.76,0.69,0.74,0.7,0.65,0.64,0.79,0.75,0.74,0.72,0.68,0.68,0.55,0.62,RB,DEF,2
Axel Tuanzebe,CB,England,0.73,0.8,0.36,0.62,0.68,0.72,0.7,0.72,0.87,0.66,0.66,0.68,0.73,0.75,0.55,0.79,0.72,0.71,0.73,0.72,0.7,0.53,CB,DEF,0
Matthieu Udol,LB,France,0.73,0.72,0.51,0.65,0.72,0.71,0.74,0.72,0.72,0.76,0.78,0.72,0.7,0.69,0.8,0.8,0.72,0.72,0.7,0.68,0.74,0.54,LB,DEF,0
Vallejo,CB,Spain,0.73,0.66,0.42,0.56,0.64,0.74,0.63,0.63,0.69,0.66,0.66,0.69,0.76,0.71,0.33,0.74,0.72,0.71,0.76,0.77,0.7,0.49,CB,DEF,3
Siebe Van der Heyden,CB,Belgium,0.73,0.59,0.34,0.57,0.53,0.74,0.74,0.53,0.63,0.59,0.59,0.59,0.69,0.72,0.75,0.73,0.76,0.74,0.73,0.75,0.71,0.47,CB,DEF,3
Mike van der Hoorn,CB,Holland,0.73,0.54,0.45,0.51,0.47,0.73,0.79,0.43,0.63,0.34,0.36,0.48,0.72,0.86,0.7,0.75,0.72,0.7,0.73,0.71,0.81,0.71,CB,DEF,3
Gustavo Velázquez,CB,Paraguay,0.73,0.74,0.31,0.47,0.55,0.72,0.78,0.75,0.74,0.64,0.65,0.57,0.68,0.81,0.72,0.9,0.69,0.71,0.73,0.73,0.78,0.5,CB,DEF,3
Miloš Veljković,CB,Serbia,0.73,0.34,0.33,0.53,0.59,0.74,0.74,0.36,0.33,0.58,0.63,0.66,0.74,0.78,0.68,0.74,0.75,0.73,0.74,0.72,0.76,0.45,CB,DEF,3
Diego Viera,CB,Paraguay,0.73,0.31,0.27,0.44,0.49,0.74,0.83,0.31,0.31,0.47,0.5,0.51,0.7,0.92,0.71,0.75,0.76,0.72,0.73,0.72,0.74,0.41,CB,DEF,3
Tomáš Vlček,CB,Czech Republic,0.73,0.75,0.39,0.6,0.68,0.73,0.75,0.74,0.75,0.76,0.6,0.69,0.69,0.8,0.64,0.85,0.73,0.7,0.72,0.75,0.71,0.57,CB,DEF,0
Joel Ward,RB,England,0.73,0.51,0.52,0.68,0.65,0.77,0.68,0.5,0.52,0.61,0.53,0.69,0.72,0.71,0.58,0.73,0.76,0.76,0.78,0.77,0.74,0.64,RB,DEF,3
Owen Wijndal,LB,Holland,0.73,0.8,0.54,0.69,0.71,0.67,0.71,0.83,0.77,0.77,0.78,0.71,0.74,0.65,0.77,0.67,0.7,0.7,0.65,0.7,0.57,0.65,LB,DEF,2
Maximilian Wittek,LB,Germany,0.73,0.74,0.67,0.68,0.72,0.67,0.72,0.77,0.72,0.79,0.85,0.7,0.71,0.67,0.79,0.73,0.68,0.71,0.66,0.67,0.58,0.8,LB,DEF,2
Luke Woolfenden,CB,England,0.73,0.68,0.35,0.61,0.63,0.72,0.79,0.7,0.67,0.44,0.7,0.7,0.7,0.85,0.76,0.85,0.74,0.72,0.72,0.71,0.72,0.44,CB,DEF,3
Gregory Wüthrich,CB,Switzerland,0.73,0.47,0.35,0.51,0.54,0.72,0.82,0.47,0.47,0.56,0.36,0.61,0.69,0.91,0.7,0.76,0.73,0.7,0.74,0.72,0.68,0.41,CB,DEF,3
Ashley Young,RB,England,0.73,0.6,0.64,0.75,0.74,0.72,0.7,0.66,0.55,0.69,0.76,0.76,0.72,0.66,0.68,0.75,0.73,0.72,0.69,0.74,0.72,0.71,RB,DEF,0
Carlos Zambrano,CB,Peru,0.73,0.53,0.48,0.57,0.65,0.73,0.77,0.54,0.53,0.63,0.58,0.65,0.66,0.76,0.67,0.77,0.75,0.76,0.72,0.69,0.74,0.63,CB,DEF,3
Mattia Zanotti,RB,Italy,0.73,0.78,0.59,0.69,0.72,0.68,0.72,0.78,0.78,0.82,0.8,0.73,0.64,0.65,0.8,0.72,0.73,0.71,0.68,0.67,0.55,0.58,RB,DEF,2
Akim Zedadka,RB,Algeria,0.73,0.79,0.55,0.65,0.68,0.67,0.65,0.78,0.8,0.76,0.75,0.66,0.67,0.58,0.83,0.64,0.72,0.71,0.66,0.68,0.47,0.59,RB,DEF,2
Jaroslav Zelený,CB,Czech Republic,0.73,0.74,0.63,0.7,0.72,0.71,0.75,0.72,0.75,0.68,0.57,0.73,0.74,0.78,0.74,0.87,0.7,0.68,0.71,0.72,0.76,0.66,CB,DEF,0
David Zima,CB,Czech Republic,0.73,0.73,0.38,0.54,0.63,0.75,0.75,0.74,0.72,0.65,0.58,0.63,0.73,0.78,0.71,0.81,0.74,0.74,0.78,0.76,0.67,0.61,CB,DEF,0
Abdelkabir Abqar,CB,Morocco,0.72,0.46,0.31,0.49,0.53,0.74,0.67,0.33,0.56,0.47,0.34,0.7,0.69,0.7,0.62,0.66,0.78,0.74,0.72,0.71,0.73,0.42,CB,DEF,3
Luis Abram,CB,Peru,0.72,0.66,0.42,0.58,0.6,0.69,0.78,0.63,0.69,0.58,0.58,0.67,0.68,0.76,0.79,0.91,0.68,0.69,0.67,0.69,0.78,0.56,CB,DEF,3
Felix Agu,LB,Germany,0.72,0.85,0.47,0.6,0.75,0.66,0.62,0.87,0.84,0.85,0.84,0.72,0.74,0.5,0.76,0.73,0.66,0.66,0.66,0.67,0.67,0.41,LB,DEF,2
Akapo,RB,Equatorial Guinea,0.72,0.83,0.55,0.61,0.7,0.7,0.74,0.79,0.86,0.73,0.64,0.71,0.64,0.72,0.72,0.86,0.72,0.68,0.7,0.73,0.62,0.74,RB,DEF,2
Bandar Al Ahbabi,RB,United Arab Emirates,0.72,0.83,0.55,0.71,0.71,0.65,0.53,0.85,0.81,0.77,0.84,0.71,0.66,0.43,0.77,0.62,0.65,0.66,0.65,0.67,0.56,0.59,RB,DEF,2
Ameen Al Dakhil,CB,Belgium,0.72,0.7,0.27,0.51,0.62,0.72,0.73,0.69,0.7,0.58,0.6,0.65,0.69,0.75,0.68,0.8,0.73,0.71,0.72,0.71,0.72,0.41,CB,DEF,3
Francisco Álvarez,CB,Argentina,0.72,0.64,0.31,0.46,0.57,0.73,0.74,0.63,0.65,0.5,0.62,0.6,0.7,0.73,0.76,0.77,0.73,0.7,0.75,0.73,0.71,0.43,CB,DEF,3
Robson Bambu,CB,Brazil,0.72,0.73,0.4,0.54,0.61,0.74,0.67,0.71,0.75,0.7,0.65,0.62,0.69,0.67,0.63,0.79,0.75,0.71,0.74,0.72,0.75,0.57,CB,DEF,0
Kelvin Amian,RB,France,0.72,0.78,0.48,0.61,0.67,0.7,0.79,0.77,0.78,0.71,0.76,0.67,0.67,0.79,0.82,0.83,0.7,0.7,0.7,0.7,0.66,0.72,RB,DEF,2
Dennis Appiah,RB,France,0.72,0.7,0.39,0.59,0.65,0.72,0.74,0.68,0.71,0.74,0.69,0.67,0.67,0.68,0.89,0.68,0.72,0.7,0.75,0.73,0.58,0.51,RB,DEF,2
Lucas Arce,RB,Argentina,0.72,0.88,0.43,0.63,0.71,0.63,0.61,0.86,0.9,0.83,0.87,0.67,0.67,0.45,0.85,0.57,0.68,0.67,0.59,0.67,0.43,0.51,RB,DEF,2
Tommaso Augello,LB,Italy,0.72,0.72,0.55,0.68,0.71,0.67,0.59,0.7,0.74,0.75,0.77,0.72,0.67,0.5,0.75,0.61,0.69,0.67,0.66,0.7,0.59,0.64,LB,DEF,2
Kouame Autonne,CB,United Arab Emirates,0.72,0.72,0.29,0.52,0.51,0.72,0.8,0.66,0.77,0.65,0.52,0.56,0.64,0.86,0.76,0.81,0.75,0.69,0.69,0.72,0.7,0.39,CB,DEF,3
Matthias Bader,RB,Germany,0.72,0.71,0.41,0.61,0.69,0.68,0.69,0.74,0.69,0.76,0.77,0.7,0.7,0.63,0.83,0.64,0.69,0.69,0.71,0.69,0.48,0.45,RB,DEF,2
Federico Barba,CB,Italy,0.72,0.68,0.31,0.6,0.62,0.73,0.74,0.69,0.68,0.69,0.47,0.63,0.7,0.77,0.69,0.81,0.73,0.69,0.75,0.72,0.71,0.49,CB,DEF,3
Borna Barišić,LB,Croatia,0.72,0.68,0.63,0.75,0.69,0.67,0.69,0.69,0.67,0.69,0.63,0.71,0.65,0.72,0.71,0.74,0.69,0.69,0.65,0.69,0.65,0.75,LB,DEF,2
Kyle Bartley,CB,England,0.72,0.48,0.29,0.49,0.48,0.71,0.82,0.46,0.49,0.34,0.36,0.56,0.67,0.9,0.68,0.71,0.72,0.67,0.72,0.69,0.71,0.43,CB,DEF,3
Maximilian Bauer,CB,Germany,0.72,0.54,0.26,0.48,0.52,0.74,0.73,0.53,0.54,0.5,0.58,0.57,0.74,0.79,0.64,0.77,0.74,0.7,0.77,0.72,0.71,0.39,CB,DEF,3
Timo Becker,RB,Germany,0.72,0.79,0.49,0.6,0.65,0.69,0.77,0.73,0.83,0.51,0.56,0.67,0.65,0.79,0.77,0.81,0.71,0.66,0.7,0.68,0.69,0.53,RB,DEF,2
Abdelkader Bedrane,CB,Algeria,0.72,0.61,0.3,0.55,0.53,0.72,0.76,0.54,0.67,0.42,0.5,0.64,0.68,0.79,0.74,0.78,0.71,0.72,0.71,0.74,0.74,0.49,CB,DEF,3
Felix Beijmo,RB,Sweden,0.72,0.85,0.51,0.64,0.68,0.64,0.76,0.83,0.87,0.72,0.75,0.69,0.68,0.74,0.89,0.81,0.66,0.63,0.63,0.64,0.6,0.66,RB,DEF,2
Stefan Bell,CB,Germany,0.72,0.34,0.38,0.52,0.48,0.74,0.71,0.33,0.34,0.34,0.33,0.5,0.72,0.85,0.4,0.7,0.75,0.64,0.76,0.74,0.79,0.64,CB,DEF,3
Bartosz Bereszyński,RB,Poland,0.72,0.76,0.56,0.64,0.69,0.67,0.72,0.74,0.78,0.69,0.71,0.7,0.66,0.68,0.81,0.72,0.69,0.7,0.66,0.67,0.58,0.64,RB,DEF,2
Pietro Beruatto,LB,Italy,0.72,0.78,0.51,0.6,0.65,0.68,0.69,0.75,0.8,0.71,0.6,0.67,0.63,0.68,0.8,0.75,0.7,0.7,0.68,0.68,0.64,0.64,LB,DEF,2
Ermin Bičakčić,CB,Bosnia and Herzegovina,0.72,0.54,0.37,0.49,0.47,0.71,0.76,0.34,0.7,0.52,0.59,0.55,0.71,0.82,0.63,0.73,0.71,0.7,0.71,0.71,0.73,0.59,CB,DEF,3
Lucas Blondel,RB,Argentina,0.72,0.79,0.61,0.6,0.7,0.68,0.7,0.75,0.82,0.71,0.71,0.7,0.68,0.65,0.83,0.67,0.71,0.68,0.7,0.69,0.5,0.76,RB,DEF,2
Toni Borevković,CB,Croatia,0.72,0.45,0.3,0.46,0.49,0.73,0.77,0.38,0.51,0.32,0.32,0.61,0.63,0.84,0.67,0.74,0.74,0.73,0.73,0.71,0.72,0.4,CB,DEF,3
Sebastián Boselli,CB,Uruguay,0.72,0.75,0.5,0.66,0.66,0.7,0.77,0.7,0.79,0.68,0.67,0.71,0.66,0.78,0.75,0.82,0.7,0.71,0.68,0.71,0.72,0.55,CB,DEF,0
Eric Botteghin,CB,Brazil,0.72,0.31,0.35,0.46,0.49,0.72,0.82,0.32,0.3,0.31,0.32,0.54,0.65,0.92,0.66,0.79,0.72,0.69,0.74,0.67,0.77,0.59,CB,DEF,3
Pedro Rebocho,LB,Portugal,0.72,0.76,0.57,0.68,0.72,0.66,0.74,0.78,0.75,0.77,0.83,0.7,0.66,0.7,0.85,0.77,0.68,0.7,0.64,0.66,0.62,0.72,LB,DEF,2
Hugo Bueno,LB,Spain,0.72,0.75,0.53,0.71,0.77,0.65,0.65,0.75,0.75,0.76,0.71,0.78,0.7,0.63,0.73,0.64,0.68,0.66,0.66,0.67,0.47,0.55,LB,DEF,2
Cameron Burgess,CB,Australia,0.72,0.51,0.37,0.56,0.54,0.72,0.8,0.5,0.52,0.45,0.55,0.65,0.67,0.86,0.74,0.79,0.73,0.71,0.72,0.7,0.72,0.45,CB,DEF,3
Marnon Busch,RB,Germany,0.72,0.81,0.53,0.63,0.7,0.66,0.74,0.84,0.79,0.72,0.7,0.69,0.68,0.74,0.73,0.79,0.7,0.68,0.65,0.64,0.57,0.75,RB,DEF,2
Sam Byram,LB,England,0.72,0.71,0.57,0.65,0.71,0.71,0.69,0.7,0.71,0.71,0.71,0.71,0.7,0.69,0.67,0.74,0.73,0.71,0.71,0.7,0.7,0.66,LB,DEF,0
Jimmy Cabot,RB,France,0.72,0.84,0.66,0.67,0.76,0.64,0.58,0.83,0.84,0.87,0.92,0.73,0.74,0.5,0.7,0.67,0.66,0.63,0.63,0.66,0.56,0.65,RB,DEF,2
Liberato Cacace,LB,New Zealand,0.72,0.71,0.6,0.66,0.69,0.68,0.76,0.72,0.71,0.68,0.75,0.68,0.68,0.75,0.82,0.78,0.71,0.7,0.68,0.66,0.65,0.62,LB,DEF,2
Antonio Candela,RB,Italy,0.72,0.84,0.54,0.64,0.67,0.66,0.75,0.84,0.84,0.75,0.64,0.67,0.66,0.74,0.81,0.81,0.68,0.65,0.66,0.67,0.6,0.64,RB,DEF,2
Bernardo Vital,CB,Portugal,0.72,0.65,0.33,0.45,0.49,0.75,0.71,0.66,0.64,0.54,0.56,0.57,0.73,0.74,0.69,0.75,0.78,0.74,0.75,0.72,0.69,0.5,CB,DEF,3
Byron Castillo,RB,Ecuador,0.72,0.89,0.56,0.65,0.68,0.64,0.65,0.89,0.89,0.78,0.89,0.68,0.67,0.59,0.85,0.77,0.62,0.6,0.65,0.67,0.66,0.6,RB,DEF,2
Maxime Chanot,CB,Luxembourg,0.72,0.47,0.49,0.48,0.5,0.71,0.8,0.5,0.45,0.54,0.57,0.61,0.68,0.87,0.7,0.81,0.73,0.71,0.7,0.66,0.75,0.73,CB,DEF,3
Jhoanner Chávez,LB,Ecuador,0.72,0.85,0.58,0.63,0.7,0.65,0.67,0.85,0.85,0.73,0.62,0.72,0.69,0.64,0.75,0.75,0.71,0.64,0.63,0.66,0.56,0.71,LB,DEF,2
Hamza Choudhury,RB,England,0.72,0.64,0.5,0.66,0.67,0.73,0.74,0.65,0.64,0.74,0.71,0.68,0.65,0.71,0.69,0.73,0.73,0.76,0.73,0.74,0.64,0.68,RB,DEF,0
Ibrahim Cissé,CB,France,0.72,0.68,0.38,0.64,0.64,0.72,0.75,0.66,0.69,0.74,0.74,0.66,0.69,0.77,0.75,0.81,0.73,0.66,0.73,0.72,0.71,0.45,CB,DEF,0
Matt Clarke,CB,England,0.72,0.51,0.37,0.53,0.62,0.71,0.78,0.5,0.52,0.47,0.65,0.61,0.64,0.86,0.63,0.79,0.72,0.69,0.72,0.71,0.71,0.57,CB,DEF,3
Jake Clarke-Salter,CB,England,0.72,0.64,0.33,0.53,0.51,0.74,0.75,0.6,0.68,0.51,0.49,0.58,0.64,0.78,0.71,0.8,0.74,0.71,0.75,0.72,0.75,0.45,CB,DEF,3
Alex Cochrane,LB,England,0.72,0.73,0.45,0.66,0.69,0.68,0.67,0.72,0.74,0.72,0.75,0.71,0.66,0.6,0.81,0.69,0.71,0.68,0.7,0.64,0.59,0.55,LB,DEF,2
Germán Conti,CB,Argentina,0.72,0.55,0.38,0.52,0.48,0.73,0.75,0.54,0.56,0.45,0.34,0.53,0.68,0.8,0.64,0.78,0.75,0.73,0.72,0.7,0.74,0.5,CB,DEF,3
Steve Cook,CB,England,0.72,0.35,0.34,0.55,0.57,0.73,0.75,0.36,0.34,0.48,0.55,0.62,0.71,0.8,0.65,0.72,0.73,0.73,0.73,0.73,0.73,0.46,CB,DEF,3
Derek Cornelius,CB,Canada,0.72,0.68,0.45,0.51,0.57,0.68,0.85,0.63,0.72,0.61,0.52,0.6,0.7,0.91,0.7,0.89,0.64,0.62,0.69,0.71,0.78,0.76,CB,DEF,3
Ayrton Costa,LB,Argentina,0.72,0.71,0.46,0.62,0.64,0.72,0.72,0.73,0.7,0.71,0.66,0.63,0.7,0.69,0.73,0.75,0.72,0.74,0.72,0.75,0.65,0.55,LB,DEF,0
David Costas,CB,Spain,0.72,0.73,0.46,0.64,0.68,0.71,0.74,0.69,0.77,0.66,0.63,0.7,0.7,0.78,0.66,0.82,0.71,0.7,0.7,0.71,0.72,0.58,CB,DEF,0
Charlie Cresswell,CB,England,0.72,0.52,0.3,0.5,0.55,0.72,0.74,0.54,0.51,0.39,0.52,0.63,0.69,0.79,0.65,0.78,0.73,0.72,0.73,0.69,0.73,0.55,CB,DEF,3
Pau Cubarsí,CB,Spain,0.72,0.67,0.25,0.58,0.69,0.74,0.63,0.65,0.69,0.65,0.62,0.72,0.72,0.6,0.68,0.73,0.75,0.73,0.74,0.73,0.74,0.32,CB,DEF,3
Carlos Cuesta,CB,Colombia,0.72,0.76,0.28,0.52,0.62,0.71,0.74,0.76,0.76,0.71,0.7,0.66,0.67,0.74,0.73,0.84,0.73,0.69,0.69,0.73,0.72,0.41,CB,DEF,2
Rafael Czichos,CB,Germany,0.72,0.57,0.47,0.59,0.6,0.72,0.77,0.51,0.61,0.55,0.6,0.62,0.67,0.82,0.67,0.78,0.74,0.73,0.71,0.71,0.72,0.63,CB,DEF,3
Zé Pedro,CB,Portugal,0.72,0.64,0.53,0.63,0.61,0.72,0.72,0.63,0.64,0.6,0.64,0.64,0.74,0.74,0.66,0.75,0.73,0.67,0.73,0.74,0.7,0.61,CB,DEF,3
Riccieli,CB,Brazil,0.72,0.53,0.33,0.5,0.56,0.73,0.77,0.52,0.53,0.44,0.49,0.62,0.7,0.8,0.69,0.8,0.74,0.75,0.76,0.7,0.65,0.55,CB,DEF,3
Jesper Daland,CB,Norway,0.72,0.6,0.4,0.52,0.57,0.72,0.76,0.5,0.68,0.53,0.57,0.64,0.69,0.8,0.72,0.77,0.73,0.7,0.72,0.71,0.75,0.56,CB,DEF,3
Lorenzo De Silvestri,RB,Italy,0.72,0.63,0.67,0.71,0.68,0.71,0.73,0.59,0.67,0.65,0.59,0.7,0.71,0.77,0.66,0.82,0.71,0.71,0.69,0.69,0.76,0.72,RB,DEF,0
Tiago Esgaio,RB,Portugal,0.72,0.7,0.55,0.68,0.71,0.69,0.63,0.71,0.69,0.66,0.77,0.72,0.67,0.51,0.8,0.72,0.7,0.67,0.73,0.68,0.6,0.67,RB,DEF,2
Koni De Winter,CB,Belgium,0.72,0.67,0.39,0.57,0.66,0.73,0.71,0.65,0.69,0.62,0.54,0.68,0.73,0.75,0.66,0.79,0.75,0.74,0.72,0.71,0.72,0.52,CB,DEF,3
Thomas Delaine,LB,France,0.72,0.81,0.5,0.69,0.71,0.66,0.71,0.77,0.85,0.76,0.66,0.7,0.7,0.69,0.74,0.76,0.67,0.67,0.66,0.66,0.64,0.62,LB,DEF,2
Hannes Delcroix,CB,Belgium,0.72,0.67,0.33,0.61,0.62,0.72,0.7,0.64,0.69,0.65,0.67,0.67,0.69,0.73,0.64,0.75,0.75,0.71,0.69,0.73,0.7,0.45,CB,DEF,3
Rafael Delgado,LB,Argentina,0.72,0.78,0.64,0.69,0.69,0.69,0.81,0.76,0.8,0.78,0.77,0.65,0.68,0.79,0.8,0.86,0.7,0.67,0.68,0.69,0.71,0.8,LB,DEF,0
Olivier Deman,LB,Belgium,0.72,0.66,0.63,0.69,0.71,0.66,0.71,0.73,0.61,0.76,0.67,0.72,0.72,0.63,0.86,0.74,0.64,0.66,0.67,0.68,0.68,0.71,LB,DEF,2
Gianluca Di Chiara,LB,Italy,0.72,0.78,0.54,0.7,0.68,0.64,0.77,0.74,0.81,0.66,0.63,0.71,0.63,0.79,0.84,0.77,0.66,0.68,0.64,0.64,0.58,0.73,LB,DEF,2
Rob Dickie,CB,England,0.72,0.53,0.44,0.53,0.58,0.73,0.78,0.54,0.53,0.48,0.5,0.64,0.69,0.84,0.75,0.8,0.73,0.73,0.72,0.72,0.73,0.65,CB,DEF,3
Kevin Diks,CB,Holland,0.72,0.74,0.56,0.65,0.68,0.71,0.77,0.76,0.72,0.74,0.74,0.69,0.69,0.75,0.84,0.81,0.74,0.72,0.69,0.7,0.69,0.62,CB,DEF,0
Josh Doig,LB,Scotland,0.72,0.79,0.63,0.66,0.7,0.67,0.73,0.75,0.82,0.69,0.71,0.7,0.63,0.69,0.82,0.76,0.7,0.7,0.62,0.67,0.67,0.66,LB,DEF,2
Guéla Doué,RB,Côte d'Ivoire,0.72,0.71,0.4,0.63,0.7,0.72,0.71,0.68,0.74,0.65,0.61,0.72,0.69,0.76,0.67,0.78,0.74,0.71,0.7,0.72,0.69,0.62,RB,DEF,0
Callum Doyle,CB,England,0.72,0.58,0.37,0.66,0.68,0.72,0.75,0.6,0.56,0.57,0.58,0.71,0.69,0.78,0.7,0.79,0.73,0.72,0.72,0.72,0.72,0.48,CB,DEF,3
Hjalmar Ekdal,CB,Sweden,0.72,0.59,0.33,0.52,0.62,0.72,0.75,0.53,0.64,0.68,0.55,0.64,0.69,0.79,0.66,0.77,0.73,0.71,0.72,0.7,0.71,0.43,CB,DEF,3
Jack Elliott,CB,England,0.72,0.49,0.24,0.48,0.52,0.73,0.8,0.5,0.48,0.37,0.32,0.63,0.73,0.79,0.89,0.73,0.76,0.71,0.75,0.69,0.7,0.34,CB,DEF,3
Martin Erlić,CB,Croatia,0.72,0.55,0.34,0.46,0.53,0.73,0.71,0.42,0.66,0.34,0.39,0.56,0.7,0.8,0.48,0.74,0.75,0.73,0.71,0.71,0.74,0.55,CB,DEF,3
Álvaro Carreras,LB,Spain,0.72,0.8,0.56,0.73,0.75,0.64,0.7,0.79,0.81,0.77,0.69,0.76,0.72,0.63,0.82,0.72,0.65,0.63,0.63,0.67,0.55,0.68,LB,DEF,2
Josan,RB,Spain,0.72,0.82,0.68,0.67,0.74,0.66,0.47,0.81,0.82,0.78,0.78,0.72,0.7,0.34,0.65,0.62,0.72,0.68,0.61,0.66,0.65,0.7,RB,DEF,2
Frederico Venâncio,CB,Portugal,0.72,0.57,0.33,0.5,0.56,0.71,0.69,0.6,0.54,0.54,0.54,0.65,0.73,0.83,0.32,0.81,0.7,0.68,0.72,0.73,0.71,0.53,CB,DEF,3
Kilian Fischer,RB,Germany,0.72,0.85,0.38,0.64,0.68,0.67,0.7,0.83,0.87,0.7,0.71,0.7,0.67,0.69,0.73,0.76,0.69,0.65,0.66,0.7,0.56,0.44,RB,DEF,2
Ryan Flamingo,CB,Holland,0.72,0.66,0.61,0.62,0.65,0.72,0.74,0.69,0.64,0.66,0.66,0.66,0.7,0.74,0.77,0.8,0.74,0.72,0.68,0.73,0.71,0.71,CB,DEF,0
Jonas Föhrenbach,LB,Germany,0.72,0.78,0.39,0.57,0.63,0.69,0.75,0.66,0.88,0.62,0.61,0.63,0.64,0.74,0.85,0.74,0.7,0.7,0.7,0.7,0.63,0.61,LB,DEF,2
Dael Fry,CB,England,0.72,0.63,0.29,0.56,0.59,0.73,0.72,0.57,0.67,0.35,0.62,0.65,0.73,0.77,0.67,0.78,0.72,0.72,0.75,0.74,0.73,0.4,CB,DEF,3
Ramiro Funes Mori,CB,Argentina,0.72,0.57,0.5,0.67,0.64,0.71,0.76,0.53,0.6,0.59,0.52,0.68,0.7,0.79,0.67,0.78,0.7,0.71,0.7,0.71,0.75,0.73,CB,DEF,3
Darnell Furlong,RB,England,0.72,0.73,0.36,0.6,0.69,0.68,0.75,0.71,0.75,0.71,0.68,0.71,0.67,0.71,0.83,0.81,0.68,0.7,0.68,0.67,0.72,0.36,RB,DEF,2
Ulisses Garcia,LB,Switzerland,0.72,0.79,0.47,0.65,0.68,0.65,0.74,0.78,0.8,0.74,0.71,0.65,0.65,0.76,0.79,0.78,0.68,0.72,0.65,0.63,0.56,0.53,LB,DEF,2
Joaquín García,RB,Argentina,0.72,0.82,0.46,0.65,0.72,0.65,0.73,0.8,0.84,0.78,0.77,0.7,0.69,0.69,0.85,0.74,0.68,0.69,0.64,0.64,0.57,0.55,RB,DEF,2
Kialonda Gaspar,CB,Angola,0.72,0.64,0.3,0.4,0.54,0.72,0.81,0.63,0.64,0.41,0.37,0.58,0.67,0.9,0.69,0.82,0.75,0.73,0.75,0.65,0.7,0.48,CB,DEF,3
Jusuf Gazibegović,RB,Bosnia and Herzegovina,0.72,0.77,0.43,0.65,0.69,0.67,0.75,0.76,0.77,0.82,0.82,0.69,0.65,0.68,0.92,0.67,0.68,0.67,0.7,0.69,0.47,0.67,RB,DEF,2
Lautaro Giannetti,CB,Argentina,0.72,0.65,0.34,0.53,0.55,0.72,0.76,0.63,0.66,0.49,0.56,0.65,0.66,0.81,0.68,0.78,0.74,0.72,0.72,0.73,0.68,0.49,CB,DEF,3
Dimitris Giannoulis,LB,Greece,0.72,0.82,0.42,0.62,0.71,0.67,0.63,0.79,0.84,0.76,0.73,0.7,0.7,0.56,0.73,0.71,0.69,0.68,0.65,0.7,0.6,0.68,LB,DEF,2
Jakob Glesnes,CB,Norway,0.72,0.52,0.55,0.55,0.6,0.73,0.83,0.54,0.51,0.41,0.61,0.63,0.72,0.83,0.91,0.83,0.75,0.69,0.72,0.74,0.68,0.88,CB,DEF,3
Edoardo Goldaniga,CB,Italy,0.72,0.53,0.34,0.5,0.56,0.73,0.76,0.51,0.55,0.65,0.47,0.58,0.69,0.81,0.66,0.77,0.74,0.7,0.73,0.72,0.71,0.5,CB,DEF,3
Valentín Gómez,CB,Argentina,0.72,0.79,0.32,0.57,0.67,0.72,0.76,0.78,0.8,0.75,0.73,0.68,0.7,0.65,0.91,0.77,0.74,0.75,0.7,0.73,0.68,0.5,CB,DEF,0
Elías Gómez,LB,Argentina,0.72,0.83,0.61,0.7,0.73,0.64,0.8,0.81,0.84,0.81,0.75,0.72,0.68,0.78,0.84,0.84,0.65,0.67,0.59,0.65,0.67,0.69,LB,DEF,2
Sergio,CB,Spain,0.72,0.51,0.4,0.53,0.51,0.74,0.68,0.45,0.55,0.3,0.48,0.69,0.64,0.73,0.53,0.75,0.74,0.71,0.75,0.73,0.76,0.49,CB,DEF,3
Dimitrios Goutas,CB,Greece,0.72,0.53,0.45,0.48,0.53,0.72,0.79,0.52,0.53,0.5,0.49,0.59,0.68,0.83,0.77,0.82,0.71,0.69,0.71,0.72,0.77,0.55,CB,DEF,3
Stian Gregersen,CB,Norway,0.72,0.76,0.44,0.52,0.46,0.69,0.84,0.69,0.82,0.33,0.45,0.54,0.68,0.9,0.78,0.87,0.7,0.68,0.68,0.69,0.72,0.51,CB,DEF,3
Pantelis Hatzidiakos,CB,Greece,0.72,0.67,0.55,0.66,0.66,0.72,0.71,0.68,0.66,0.67,0.67,0.7,0.7,0.72,0.67,0.79,0.73,0.71,0.71,0.73,0.71,0.72,CB,DEF,0
Kortney Hause,CB,England,0.72,0.52,0.44,0.58,0.57,0.71,0.71,0.5,0.53,0.49,0.53,0.63,0.67,0.86,0.34,0.76,0.7,0.7,0.72,0.71,0.69,0.66,CB,DEF,3
Silvan Hefti,RB,Switzerland,0.72,0.77,0.49,0.63,0.65,0.67,0.8,0.74,0.79,0.71,0.65,0.65,0.66,0.79,0.88,0.81,0.67,0.7,0.67,0.65,0.66,0.7,RB,DEF,2
Christophe Hérelle,CB,France,0.72,0.5,0.48,0.61,0.61,0.72,0.73,0.41,0.58,0.55,0.6,0.65,0.69,0.76,0.67,0.73,0.72,0.72,0.71,0.72,0.74,0.59,CB,DEF,3
Javi Hernández,LB,Spain,0.72,0.71,0.56,0.67,0.67,0.7,0.72,0.72,0.7,0.69,0.64,0.69,0.7,0.72,0.77,0.84,0.71,0.68,0.71,0.71,0.63,0.72,LB,DEF,0
Andrés Herrera,RB,Argentina,0.72,0.85,0.67,0.63,0.72,0.68,0.7,0.83,0.87,0.77,0.72,0.68,0.69,0.69,0.69,0.78,0.71,0.68,0.64,0.7,0.62,0.79,RB,DEF,2
Ki-Jana Hoever,RB,Holland,0.72,0.73,0.54,0.68,0.69,0.67,0.71,0.75,0.71,0.67,0.64,0.69,0.67,0.66,0.82,0.68,0.72,0.66,0.66,0.7,0.53,0.66,RB,DEF,2
Rodrigo Huescas,RB,Mexico,0.72,0.85,0.66,0.68,0.7,0.66,0.57,0.84,0.85,0.8,0.75,0.7,0.65,0.42,0.8,0.63,0.7,0.68,0.66,0.61,0.59,0.71,RB,DEF,2
Sverrir Ingi Ingason,CB,Iceland,0.72,0.52,0.53,0.57,0.57,0.72,0.75,0.5,0.54,0.54,0.58,0.68,0.71,0.78,0.67,0.76,0.71,0.7,0.72,0.74,0.73,0.64,CB,DEF,3
Juan Manuel Insaurralde,CB,Argentina,0.72,0.45,0.53,0.57,0.58,0.71,0.8,0.51,0.4,0.6,0.45,0.6,0.66,0.83,0.7,0.82,0.7,0.71,0.7,0.69,0.78,0.78,CB,DEF,3
Paul Jaeckel,CB,Germany,0.72,0.64,0.33,0.54,0.51,0.73,0.71,0.66,0.63,0.62,0.59,0.6,0.68,0.76,0.54,0.8,0.73,0.72,0.73,0.75,0.71,0.47,CB,DEF,3
Václav Jemelka,CB,Czech Republic,0.72,0.66,0.49,0.64,0.68,0.7,0.77,0.64,0.68,0.59,0.72,0.7,0.66,0.8,0.71,0.82,0.69,0.68,0.69,0.72,0.74,0.56,CB,DEF,0
Alfie Jones,CB,England,0.72,0.59,0.4,0.59,0.59,0.72,0.77,0.56,0.61,0.52,0.61,0.62,0.68,0.79,0.76,0.71,0.72,0.71,0.72,0.71,0.72,0.49,CB,DEF,3
DeJuan Jones,LB,United States,0.72,0.82,0.56,0.65,0.7,0.67,0.75,0.8,0.84,0.85,0.71,0.68,0.68,0.76,0.77,0.76,0.69,0.65,0.69,0.63,0.69,0.65,LB,DEF,2
Zanka,CB,Denmark,0.72,0.47,0.39,0.58,0.56,0.72,0.76,0.44,0.49,0.45,0.56,0.64,0.67,0.83,0.57,0.72,0.73,0.69,0.73,0.71,0.7,0.62,CB,DEF,3
Gédéon Kalulu,RB,Congo DR,0.72,0.81,0.4,0.58,0.7,0.71,0.76,0.79,0.82,0.79,0.74,0.68,0.69,0.79,0.74,0.83,0.72,0.68,0.73,0.69,0.65,0.5,RB,DEF,2
Marc-Oliver Kempf,CB,Germany,0.72,0.72,0.41,0.56,0.61,0.72,0.77,0.71,0.72,0.62,0.64,0.63,0.67,0.81,0.73,0.86,0.73,0.72,0.71,0.72,0.74,0.64,CB,DEF,0
Jonjoe Kenny,RB,England,0.72,0.69,0.54,0.65,0.69,0.7,0.71,0.72,0.67,0.68,0.75,0.69,0.67,0.64,0.84,0.7,0.73,0.71,0.68,0.72,0.59,0.78,RB,DEF,2
Frankie Kent,CB,England,0.72,0.62,0.3,0.52,0.59,0.72,0.79,0.6,0.63,0.58,0.62,0.65,0.69,0.8,0.82,0.81,0.72,0.7,0.73,0.71,0.74,0.38,CB,DEF,3
Abdukodir Khusanov,CB,Uzbekistan,0.72,0.71,0.39,0.54,0.55,0.71,0.72,0.62,0.79,0.59,0.51,0.58,0.69,0.81,0.5,0.78,0.73,0.72,0.7,0.71,0.69,0.49,CB,DEF,3
Sean Klaiber,RB,Suriname,0.72,0.79,0.62,0.68,0.66,0.67,0.78,0.77,0.81,0.68,0.62,0.67,0.69,0.8,0.75,0.75,0.69,0.69,0.67,0.66,0.64,0.77,RB,DEF,2
Christoph Klarer,CB,Austria,0.72,0.67,0.37,0.49,0.54,0.73,0.76,0.59,0.73,0.49,0.4,0.65,0.69,0.8,0.71,0.76,0.75,0.7,0.75,0.71,0.68,0.44,CB,DEF,3
Mats Köhlert,LB,Germany,0.72,0.79,0.63,0.72,0.72,0.63,0.68,0.79,0.79,0.77,0.89,0.72,0.68,0.6,0.8,0.69,0.64,0.63,0.66,0.64,0.53,0.68,LB,DEF,2
Giannis Kotsiras,RB,Greece,0.72,0.77,0.52,0.67,0.7,0.68,0.72,0.76,0.78,0.69,0.67,0.71,0.69,0.7,0.77,0.75,0.7,0.69,0.68,0.68,0.6,0.45,RB,DEF,2
Dimitri Lavalée,CB,Belgium,0.72,0.64,0.29,0.61,0.64,0.71,0.72,0.54,0.73,0.63,0.62,0.69,0.69,0.76,0.6,0.76,0.72,0.73,0.69,0.7,0.72,0.45,CB,DEF,3
Maxim Leitsch,CB,Germany,0.72,0.76,0.37,0.57,0.58,0.74,0.67,0.77,0.75,0.58,0.58,0.54,0.74,0.72,0.56,0.76,0.75,0.74,0.75,0.74,0.71,0.56,CB,DEF,3
Darragh Lenihan,CB,Republic of Ireland,0.72,0.65,0.46,0.58,0.59,0.72,0.76,0.61,0.68,0.62,0.63,0.59,0.64,0.77,0.72,0.79,0.73,0.72,0.72,0.73,0.71,0.54,CB,DEF,3
Timo Letschert,CB,Holland,0.72,0.57,0.54,0.62,0.59,0.7,0.81,0.53,0.6,0.64,0.54,0.64,0.63,0.88,0.71,0.81,0.71,0.66,0.69,0.72,0.74,0.68,CB,DEF,3
Martin Linnes,RB,Norway,0.72,0.84,0.58,0.64,0.7,0.65,0.68,0.83,0.85,0.75,0.78,0.7,0.7,0.64,0.86,0.72,0.65,0.65,0.67,0.65,0.54,0.62,RB,DEF,2
Max Lowe,LB,England,0.72,0.78,0.46,0.63,0.73,0.69,0.67,0.78,0.78,0.74,0.69,0.73,0.69,0.66,0.69,0.76,0.74,0.69,0.66,0.68,0.66,0.62,LB,DEF,2
Abel Luciatti,CB,Argentina,0.72,0.63,0.5,0.45,0.54,0.73,0.78,0.64,0.62,0.7,0.74,0.55,0.7,0.83,0.75,0.83,0.73,0.71,0.73,0.71,0.74,0.59,CB,DEF,3
Nélson Monte,CB,Portugal,0.72,0.54,0.37,0.59,0.59,0.73,0.77,0.53,0.55,0.58,0.58,0.63,0.72,0.78,0.82,0.72,0.74,0.73,0.72,0.75,0.64,0.49,CB,DEF,3
Tomás Ribeiro,CB,Portugal,0.72,0.65,0.34,0.49,0.56,0.72,0.75,0.64,0.66,0.61,0.6,0.65,0.72,0.75,0.72,0.79,0.73,0.71,0.72,0.7,0.72,0.66,CB,DEF,3
Soungoutou Magassa,CB,France,0.72,0.58,0.48,0.64,0.62,0.71,0.71,0.51,0.64,0.52,0.53,0.67,0.68,0.77,0.59,0.76,0.74,0.72,0.69,0.7,0.71,0.54,CB,DEF,3
Facundo Mallo,CB,Uruguay,0.72,0.59,0.31,0.43,0.48,0.72,0.78,0.59,0.59,0.39,0.53,0.54,0.67,0.81,0.73,0.8,0.73,0.71,0.72,0.73,0.72,0.43,CB,DEF,3
Emanuel Mammana,CB,Argentina,0.72,0.76,0.43,0.64,0.71,0.72,0.72,0.77,0.75,0.74,0.69,0.73,0.72,0.75,0.67,0.77,0.72,0.73,0.74,0.69,0.71,0.65,CB,DEF,0
Wilson Manafá,RB,Portugal,0.72,0.84,0.58,0.65,0.72,0.67,0.67,0.87,0.82,0.8,0.8,0.69,0.63,0.61,0.74,0.75,0.67,0.67,0.69,0.7,0.59,0.66,RB,DEF,2
Aarón,LB,Spain,0.72,0.52,0.54,0.72,0.75,0.71,0.64,0.66,0.41,0.77,0.75,0.76,0.71,0.61,0.74,0.68,0.72,0.7,0.71,0.72,0.63,0.69,LB,DEF,0
Pablo Martinez,CB,France,0.72,0.63,0.54,0.63,0.67,0.71,0.77,0.61,0.64,0.66,0.69,0.7,0.73,0.8,0.72,0.8,0.7,0.68,0.73,0.72,0.72,0.52,CB,DEF,0
David Martínez,CB,Paraguay,0.72,0.75,0.54,0.68,0.66,0.7,0.74,0.72,0.77,0.67,0.68,0.67,0.69,0.79,0.59,0.84,0.72,0.71,0.7,0.68,0.71,0.8,CB,DEF,0
Adam Masina,CB,Morocco,0.72,0.64,0.42,0.66,0.67,0.73,0.61,0.58,0.68,0.63,0.35,0.72,0.68,0.7,0.33,0.74,0.75,0.76,0.71,0.71,0.73,0.63,CB,DEF,3
Christian Mawissa,CB,France,0.72,0.65,0.31,0.54,0.62,0.73,0.73,0.66,0.64,0.43,0.58,0.64,0.7,0.74,0.69,0.79,0.75,0.74,0.72,0.72,0.71,0.45,CB,DEF,3
Paddy McNair,CB,Northern Ireland,0.72,0.62,0.62,0.67,0.68,0.73,0.76,0.62,0.62,0.62,0.63,0.69,0.71,0.75,0.76,0.78,0.74,0.71,0.73,0.71,0.72,0.69,CB,DEF,0
Eugenio Mena,LB,Chile,0.72,0.68,0.52,0.69,0.69,0.69,0.69,0.69,0.67,0.72,0.64,0.71,0.71,0.67,0.65,0.68,0.72,0.72,0.67,0.72,0.57,0.6,LB,DEF,2
Benjamin Mendy,LB,France,0.72,0.69,0.53,0.73,0.73,0.71,0.67,0.66,0.71,0.64,0.63,0.77,0.67,0.77,0.38,0.76,0.75,0.76,0.69,0.71,0.64,0.76,LB,DEF,0
Levent Mercan,LB,Turkey,0.72,0.8,0.62,0.7,0.7,0.67,0.66,0.81,0.79,0.78,0.76,0.74,0.62,0.66,0.64,0.72,0.7,0.71,0.69,0.66,0.53,0.8,LB,DEF,2
Fernando Meza,RB,Argentina,0.72,0.67,0.38,0.6,0.68,0.73,0.71,0.68,0.66,0.73,0.71,0.67,0.69,0.7,0.7,0.78,0.73,0.71,0.7,0.77,0.74,0.66,RB,DEF,0
Giannis Michailidis,CB,Greece,0.72,0.67,0.51,0.63,0.62,0.72,0.7,0.68,0.67,0.64,0.59,0.67,0.71,0.7,0.64,0.77,0.72,0.73,0.72,0.71,0.72,0.7,CB,DEF,0
Samy Mmaee,CB,Morocco,0.72,0.63,0.4,0.51,0.57,0.73,0.74,0.63,0.63,0.66,0.66,0.6,0.63,0.78,0.64,0.81,0.74,0.73,0.74,0.68,0.73,0.58,CB,DEF,3
Tobias Mølgaard,CB,Denmark,0.72,0.83,0.44,0.61,0.66,0.71,0.81,0.84,0.82,0.72,0.74,0.65,0.73,0.83,0.83,0.87,0.73,0.71,0.71,0.71,0.66,0.55,CB,DEF,0
Leonardo Morales,CB,Argentina,0.72,0.7,0.33,0.52,0.64,0.72,0.76,0.68,0.72,0.61,0.71,0.66,0.71,0.75,0.83,0.77,0.71,0.7,0.75,0.72,0.7,0.32,CB,DEF,3
Miro Muheim,LB,Switzerland,0.72,0.74,0.64,0.7,0.69,0.68,0.72,0.77,0.72,0.71,0.71,0.68,0.68,0.68,0.83,0.73,0.69,0.67,0.71,0.65,0.58,0.71,LB,DEF,2
Ximo Navarro,RB,Spain,0.72,0.71,0.47,0.62,0.66,0.71,0.73,0.69,0.73,0.7,0.69,0.67,0.69,0.69,0.83,0.73,0.68,0.7,0.74,0.73,0.68,0.64,RB,DEF,2
Phil Neumann,CB,Germany,0.72,0.87,0.33,0.61,0.67,0.71,0.79,0.83,0.91,0.64,0.63,0.71,0.62,0.81,0.82,0.87,0.71,0.7,0.7,0.72,0.69,0.36,CB,DEF,2
Joakim Nilsson,CB,Sweden,0.72,0.59,0.32,0.54,0.54,0.73,0.71,0.53,0.63,0.62,0.59,0.63,0.68,0.76,0.59,0.84,0.74,0.66,0.74,0.71,0.73,0.45,CB,DEF,3
Stanley Nsoki,CB,France,0.72,0.74,0.38,0.62,0.67,0.72,0.77,0.7,0.77,0.64,0.65,0.67,0.63,0.79,0.75,0.83,0.74,0.72,0.69,0.7,0.74,0.47,CB,DEF,0
Bram Nuytinck,CB,Holland,0.72,0.46,0.4,0.53,0.57,0.74,0.73,0.46,0.46,0.53,0.55,0.6,0.68,0.8,0.58,0.67,0.74,0.72,0.75,0.74,0.71,0.62,CB,DEF,3
Caleb Okoli,CB,Italy,0.72,0.43,0.3,0.46,0.53,0.72,0.8,0.47,0.4,0.54,0.58,0.53,0.69,0.9,0.68,0.75,0.73,0.7,0.73,0.75,0.66,0.54,CB,DEF,3
Gabriel Osho,CB,Nigeria,0.72,0.7,0.3,0.54,0.63,0.72,0.74,0.68,0.71,0.6,0.63,0.65,0.7,0.78,0.7,0.81,0.73,0.7,0.72,0.7,0.71,0.42,CB,DEF,3
Yordan Osorio,CB,Venezuela,0.72,0.51,0.31,0.45,0.51,0.72,0.81,0.55,0.48,0.45,0.41,0.59,0.68,0.85,0.76,0.77,0.73,0.72,0.71,0.72,0.7,0.4,CB,DEF,3
Leo Østigård,CB,Norway,0.72,0.64,0.37,0.5,0.61,0.71,0.79,0.63,0.64,0.66,0.61,0.61,0.71,0.82,0.65,0.83,0.73,0.7,0.68,0.69,0.74,0.52,CB,DEF,3
Park Jin Seob,CB,Korea Republic,0.72,0.69,0.54,0.59,0.63,0.71,0.83,0.67,0.7,0.57,0.56,0.69,0.64,0.86,0.84,0.85,0.72,0.66,0.72,0.68,0.72,0.66,CB,DEF,0
Alexandre Penetra,CB,Portugal,0.72,0.67,0.36,0.53,0.51,0.74,0.72,0.65,0.68,0.51,0.61,0.6,0.7,0.73,0.75,0.78,0.75,0.73,0.74,0.74,0.71,0.42,CB,DEF,3
Gabriel Pereira,CB,Brazil,0.72,0.59,0.35,0.47,0.52,0.73,0.79,0.58,0.6,0.49,0.5,0.56,0.73,0.85,0.74,0.82,0.75,0.69,0.75,0.68,0.74,0.54,CB,DEF,3
Patric Pfeiffer,CB,Germany,0.72,0.71,0.35,0.47,0.57,0.7,0.77,0.63,0.78,0.42,0.38,0.62,0.69,0.9,0.52,0.85,0.7,0.67,0.72,0.7,0.71,0.51,CB,DEF,3
Ronaël Pierre-Gabriel,RB,France,0.72,0.74,0.48,0.61,0.69,0.72,0.74,0.71,0.76,0.66,0.73,0.69,0.7,0.75,0.74,0.77,0.73,0.7,0.74,0.7,0.64,0.57,RB,DEF,0
Lucas Pires,LB,Brazil,0.72,0.76,0.49,0.64,0.64,0.67,0.66,0.77,0.76,0.71,0.64,0.68,0.7,0.64,0.74,0.74,0.69,0.68,0.66,0.68,0.61,0.68,LB,DEF,2
Diego Polenta,CB,Uruguay,0.72,0.66,0.42,0.61,0.58,0.69,0.83,0.68,0.65,0.59,0.53,0.65,0.63,0.92,0.7,0.82,0.71,0.68,0.71,0.67,0.65,0.7,CB,DEF,3
Juan Portillo,LB,Argentina,0.72,0.79,0.57,0.65,0.68,0.69,0.79,0.82,0.77,0.76,0.8,0.68,0.63,0.75,0.82,0.82,0.7,0.68,0.7,0.68,0.64,0.65,LB,DEF,2
Pulido,CB,Spain,0.72,0.41,0.43,0.54,0.53,0.72,0.81,0.52,0.32,0.58,0.43,0.69,0.69,0.82,0.77,0.78,0.7,0.68,0.74,0.74,0.71,0.58,CB,DEF,3
José Quintero,RB,Ecuador,0.72,0.83,0.59,0.67,0.69,0.67,0.73,0.82,0.84,0.79,0.7,0.67,0.67,0.71,0.71,0.78,0.68,0.66,0.68,0.68,0.59,0.66,RB,DEF,2
Youri Regeer,RB,Holland,0.72,0.74,0.59,0.7,0.73,0.67,0.65,0.72,0.75,0.7,0.73,0.73,0.69,0.63,0.76,0.69,0.69,0.65,0.69,0.69,0.56,0.63,RB,DEF,2
Chadi Riad,CB,Morocco,0.72,0.62,0.32,0.54,0.54,0.72,0.74,0.63,0.61,0.7,0.65,0.68,0.67,0.8,0.59,0.81,0.76,0.71,0.69,0.68,0.73,0.42,CB,DEF,3
Omar Richards,LB,England,0.72,0.7,0.46,0.61,0.72,0.7,0.58,0.79,0.63,0.76,0.77,0.74,0.69,0.48,0.61,0.63,0.74,0.75,0.69,0.7,0.56,0.43,LB,DEF,2
Stefan Ristovski,RB,North Macedonia,0.72,0.8,0.6,0.66,0.66,0.69,0.76,0.73,0.85,0.56,0.72,0.67,0.66,0.75,0.75,0.79,0.7,0.72,0.68,0.67,0.69,0.68,RB,DEF,2
Miles Robinson,CB,United States,0.72,0.82,0.35,0.54,0.67,0.7,0.78,0.83,0.81,0.74,0.39,0.68,0.74,0.79,0.78,0.84,0.73,0.7,0.72,0.67,0.64,0.49,CB,DEF,0
Felipe Román,RB,Colombia,0.72,0.82,0.52,0.65,0.64,0.65,0.73,0.83,0.82,0.78,0.65,0.72,0.76,0.73,0.8,0.81,0.6,0.61,0.7,0.66,0.62,0.5,RB,DEF,2
Facundo Roncaglia,CB,Argentina,0.72,0.57,0.51,0.63,0.6,0.73,0.72,0.54,0.59,0.63,0.64,0.63,0.72,0.75,0.65,0.72,0.75,0.75,0.72,0.74,0.7,0.77,CB,DEF,3
Lazaros Rota,RB,Greece,0.72,0.78,0.44,0.62,0.69,0.67,0.7,0.76,0.8,0.75,0.66,0.69,0.65,0.65,0.8,0.72,0.7,0.7,0.65,0.7,0.56,0.55,RB,DEF,2
Tom Rothe,LB,Germany,0.72,0.69,0.45,0.68,0.68,0.69,0.76,0.66,0.71,0.57,0.51,0.74,0.7,0.79,0.75,0.77,0.68,0.67,0.69,0.7,0.67,0.58,LB,DEF,2
Matěj Ryneš,LB,Czech Republic,0.72,0.77,0.66,0.71,0.71,0.66,0.75,0.75,0.78,0.73,0.67,0.73,0.7,0.75,0.74,0.84,0.67,0.66,0.61,0.67,0.73,0.83,LB,DEF,2
Falaye Sacko,RB,Mali,0.72,0.87,0.45,0.62,0.71,0.66,0.72,0.87,0.87,0.83,0.74,0.69,0.63,0.66,0.88,0.79,0.67,0.66,0.65,0.66,0.63,0.53,RB,DEF,2
Mujaid,CB,Spain,0.72,0.63,0.26,0.57,0.55,0.72,0.77,0.53,0.71,0.63,0.63,0.6,0.72,0.81,0.75,0.75,0.73,0.76,0.7,0.71,0.7,0.41,CB,DEF,3
Bartosz Salamon,CB,Poland,0.72,0.46,0.47,0.58,0.54,0.72,0.8,0.46,0.46,0.5,0.34,0.6,0.67,0.93,0.66,0.77,0.75,0.67,0.72,0.71,0.7,0.73,CB,DEF,3
Alan Saldivia,CB,Uruguay,0.72,0.73,0.25,0.47,0.57,0.71,0.79,0.7,0.76,0.64,0.68,0.64,0.69,0.8,0.78,0.79,0.74,0.71,0.7,0.68,0.66,0.34,CB,DEF,3
Manolis Saliakas,RB,Greece,0.72,0.69,0.57,0.66,0.69,0.67,0.68,0.77,0.62,0.74,0.78,0.71,0.71,0.61,0.8,0.62,0.71,0.73,0.69,0.68,0.44,0.57,RB,DEF,2
Mario Sampirisi,CB,Italy,0.72,0.68,0.41,0.61,0.61,0.71,0.78,0.61,0.74,0.68,0.71,0.59,0.7,0.79,0.78,0.77,0.74,0.73,0.7,0.68,0.7,0.58,CB,DEF,0
Juanlu Sánchez,RB,Spain,0.72,0.65,0.59,0.63,0.73,0.69,0.62,0.65,0.65,0.53,0.64,0.79,0.71,0.55,0.75,0.65,0.7,0.71,0.7,0.68,0.64,0.57,RB,DEF,2
Killian Sardella,RB,Belgium,0.72,0.74,0.38,0.67,0.73,0.67,0.64,0.75,0.73,0.81,0.78,0.74,0.69,0.58,0.71,0.7,0.72,0.69,0.63,0.66,0.64,0.5,RB,DEF,2
Sebastian Schonlau,CB,Germany,0.72,0.61,0.41,0.54,0.58,0.74,0.72,0.62,0.61,0.65,0.63,0.6,0.69,0.74,0.71,0.78,0.76,0.73,0.74,0.73,0.72,0.48,CB,DEF,3
Richard Schunke,CB,Argentina,0.72,0.59,0.34,0.53,0.54,0.71,0.8,0.58,0.6,0.53,0.55,0.7,0.73,0.86,0.74,0.78,0.72,0.68,0.72,0.72,0.68,0.43,CB,DEF,3
Djibril Sidibé,RB,France,0.72,0.66,0.58,0.67,0.67,0.71,0.73,0.64,0.68,0.59,0.68,0.67,0.75,0.75,0.68,0.75,0.71,0.7,0.71,0.72,0.69,0.64,RB,DEF,0
Daley Sinkgraven,LB,Holland,0.72,0.73,0.6,0.72,0.74,0.68,0.61,0.78,0.69,0.79,0.78,0.75,0.66,0.5,0.72,0.69,0.69,0.66,0.67,0.7,0.67,0.63,LB,DEF,2
Mile Škorić,CB,Croatia,0.72,0.55,0.42,0.49,0.49,0.73,0.78,0.52,0.58,0.48,0.46,0.55,0.68,0.85,0.71,0.79,0.71,0.68,0.76,0.72,0.72,0.46,CB,DEF,3
Hrvoje Smolčić,CB,Croatia,0.72,0.68,0.28,0.49,0.58,0.72,0.73,0.66,0.69,0.68,0.65,0.56,0.68,0.78,0.66,0.82,0.75,0.71,0.72,0.69,0.73,0.41,CB,DEF,3
Mads Bech Sørensen,CB,Denmark,0.72,0.53,0.43,0.56,0.61,0.73,0.75,0.49,0.57,0.5,0.53,0.66,0.73,0.8,0.67,0.72,0.71,0.7,0.76,0.74,0.68,0.51,CB,DEF,3
Djed Spence,RB,England,0.72,0.86,0.43,0.6,0.74,0.67,0.6,0.86,0.86,0.78,0.67,0.72,0.71,0.6,0.68,0.71,0.72,0.63,0.66,0.7,0.51,0.54,RB,DEF,2
Petar Stojanović,RB,Slovenia,0.72,0.79,0.51,0.67,0.69,0.66,0.75,0.79,0.79,0.69,0.75,0.7,0.62,0.66,0.85,0.75,0.71,0.69,0.64,0.64,0.6,0.68,RB,DEF,2
Róber Pier,CB,Spain,0.72,0.55,0.48,0.65,0.64,0.73,0.72,0.57,0.53,0.57,0.56,0.77,0.69,0.71,0.81,0.71,0.75,0.71,0.73,0.74,0.68,0.55,CB,DEF,3
Issiaga Sylla,LB,Guinea,0.72,0.68,0.61,0.67,0.67,0.68,0.73,0.69,0.68,0.67,0.66,0.66,0.68,0.68,0.85,0.71,0.7,0.71,0.64,0.7,0.63,0.65,LB,DEF,2
Abakar Sylla,CB,Côte d'Ivoire,0.72,0.7,0.3,0.56,0.68,0.7,0.76,0.68,0.71,0.71,0.72,0.68,0.69,0.78,0.71,0.78,0.73,0.71,0.68,0.69,0.68,0.58,CB,DEF,2
Japhet Tanganga,CB,England,0.72,0.7,0.33,0.61,0.66,0.71,0.75,0.64,0.75,0.68,0.66,0.67,0.69,0.81,0.57,0.79,0.71,0.7,0.71,0.7,0.69,0.52,CB,DEF,3
Shogo Taniguchi,CB,Japan,0.72,0.62,0.45,0.6,0.6,0.75,0.73,0.53,0.7,0.56,0.59,0.66,0.7,0.72,0.82,0.74,0.74,0.69,0.77,0.75,0.73,0.63,CB,DEF,3
Charlie Taylor,LB,England,0.72,0.58,0.52,0.68,0.69,0.72,0.77,0.65,0.53,0.67,0.66,0.7,0.7,0.77,0.76,0.77,0.72,0.73,0.73,0.72,0.7,0.63,LB,DEF,0
Marcel Tisserand,CB,Congo DR,0.72,0.72,0.58,0.67,0.67,0.7,0.8,0.75,0.7,0.71,0.64,0.7,0.73,0.82,0.8,0.87,0.7,0.68,0.71,0.7,0.72,0.67,CB,DEF,0
Harry Toffolo,LB,England,0.72,0.7,0.53,0.67,0.66,0.7,0.7,0.69,0.71,0.69,0.69,0.65,0.68,0.69,0.79,0.72,0.69,0.71,0.73,0.67,0.64,0.58,LB,DEF,2
Jeremy Toljan,RB,Germany,0.72,0.79,0.42,0.66,0.7,0.66,0.64,0.79,0.79,0.71,0.69,0.73,0.68,0.62,0.7,0.67,0.71,0.7,0.64,0.66,0.49,0.49,RB,DEF,2
Torrente,CB,Spain,0.72,0.58,0.31,0.54,0.48,0.73,0.69,0.56,0.6,0.36,0.41,0.62,0.66,0.74,0.56,0.77,0.75,0.72,0.71,0.7,0.75,0.54,CB,DEF,3
Isaak Touré,CB,France,0.72,0.66,0.3,0.51,0.55,0.69,0.84,0.62,0.69,0.52,0.35,0.65,0.67,0.92,0.68,0.81,0.71,0.67,0.68,0.69,0.66,0.39,CB,DEF,3
Ismaël Traoré,CB,Côte d'Ivoire,0.72,0.35,0.45,0.58,0.5,0.72,0.82,0.36,0.34,0.64,0.58,0.59,0.69,0.88,0.73,0.75,0.72,0.7,0.72,0.71,0.72,0.6,CB,DEF,3
Nicolás Tripichio,RB,Argentina,0.72,0.81,0.51,0.66,0.71,0.66,0.69,0.81,0.81,0.79,0.75,0.71,0.65,0.63,0.82,0.77,0.64,0.65,0.64,0.72,0.65,0.59,RB,DEF,2
William Troost-Ekong,CB,Nigeria,0.72,0.58,0.32,0.44,0.44,0.72,0.77,0.51,0.63,0.32,0.55,0.47,0.69,0.84,0.65,0.8,0.73,0.71,0.71,0.73,0.75,0.53,CB,DEF,3
Auston Trusty,CB,United States,0.72,0.76,0.47,0.56,0.61,0.7,0.8,0.74,0.78,0.51,0.53,0.63,0.71,0.82,0.78,0.87,0.71,0.67,0.71,0.69,0.71,0.56,CB,DEF,0
Oleksandr Tymchyk,RB,Ukraine,0.72,0.87,0.45,0.64,0.67,0.68,0.58,0.85,0.89,0.74,0.7,0.66,0.66,0.51,0.7,0.69,0.72,0.65,0.64,0.75,0.58,0.59,RB,DEF,2
Filip Uremović,CB,Croatia,0.72,0.76,0.3,0.47,0.53,0.72,0.74,0.63,0.86,0.55,0.6,0.6,0.68,0.77,0.65,0.76,0.76,0.75,0.7,0.7,0.67,0.45,CB,DEF,3
Nicolás Valentini,CB,Argentina,0.72,0.73,0.32,0.54,0.62,0.72,0.74,0.72,0.73,0.62,0.54,0.64,0.69,0.74,0.73,0.86,0.73,0.74,0.73,0.7,0.68,0.44,CB,DEF,3
Emanuele Valeri,LB,Italy,0.72,0.67,0.65,0.69,0.72,0.69,0.53,0.69,0.66,0.67,0.68,0.72,0.72,0.39,0.71,0.53,0.74,0.72,0.7,0.67,0.56,0.68,LB,DEF,2
Juan Pablo Vargas,CB,Costa Rica,0.72,0.51,0.24,0.44,0.48,0.72,0.77,0.5,0.51,0.54,0.4,0.66,0.69,0.88,0.6,0.8,0.76,0.69,0.73,0.66,0.73,0.37,CB,DEF,3
Denis Vavro,CB,Slovakia,0.72,0.67,0.58,0.58,0.59,0.7,0.81,0.64,0.69,0.55,0.69,0.62,0.67,0.84,0.73,0.83,0.7,0.71,0.7,0.71,0.71,0.78,CB,DEF,0
Pablo Vázquez,CB,Spain,0.72,0.67,0.32,0.5,0.47,0.71,0.71,0.66,0.68,0.36,0.51,0.62,0.68,0.8,0.48,0.82,0.71,0.7,0.71,0.7,0.71,0.54,CB,DEF,3
Nick Viergever,CB,Holland,0.72,0.7,0.54,0.64,0.66,0.72,0.73,0.66,0.74,0.64,0.66,0.67,0.73,0.75,0.69,0.75,0.72,0.72,0.73,0.71,0.68,0.62,CB,DEF,0
Hauke Wahl,CB,Germany,0.72,0.54,0.32,0.55,0.63,0.73,0.74,0.45,0.62,0.6,0.66,0.7,0.7,0.78,0.77,0.7,0.75,0.69,0.74,0.74,0.68,0.44,CB,DEF,3
Marcelo Weigandt,RB,Argentina,0.72,0.79,0.47,0.59,0.7,0.68,0.75,0.77,0.81,0.73,0.76,0.68,0.7,0.73,0.76,0.79,0.73,0.69,0.66,0.66,0.62,0.59,RB,DEF,2
Tomáš Wiesner,RB,Czech Republic,0.72,0.82,0.64,0.68,0.73,0.65,0.63,0.84,0.8,0.83,0.79,0.71,0.69,0.56,0.72,0.74,0.66,0.67,0.63,0.65,0.62,0.69,RB,DEF,2
Mateusz Wieteska,CB,Poland,0.72,0.47,0.37,0.5,0.59,0.73,0.73,0.41,0.52,0.64,0.54,0.64,0.66,0.77,0.63,0.73,0.73,0.71,0.73,0.72,0.74,0.46,CB,DEF,3
Cláudio Winck,RB,Brazil,0.72,0.73,0.59,0.65,0.68,0.68,0.74,0.72,0.74,0.65,0.63,0.69,0.68,0.67,0.86,0.73,0.71,0.67,0.68,0.67,0.64,0.72,RB,DEF,2
Miki Yamane,RB,Japan,0.72,0.77,0.61,0.65,0.65,0.68,0.74,0.71,0.82,0.54,0.66,0.65,0.7,0.73,0.82,0.76,0.71,0.69,0.67,0.68,0.64,0.7,RB,DEF,2
Maya Yoshida,CB,Japan,0.72,0.56,0.41,0.54,0.63,0.72,0.73,0.51,0.6,0.6,0.57,0.67,0.7,0.77,0.68,0.76,0.71,0.71,0.73,0.74,0.72,0.5,CB,DEF,3
Étienne Youté Kinkoué,CB,France,0.72,0.61,0.31,0.5,0.48,0.7,0.78,0.57,0.65,0.57,0.47,0.56,0.69,0.87,0.63,0.78,0.74,0.7,0.68,0.69,0.69,0.43,CB,DEF,3
Francesco Zampano,LB,Italy,0.72,0.83,0.5,0.65,0.72,0.64,0.74,0.84,0.82,0.84,0.82,0.71,0.64,0.72,0.84,0.79,0.67,0.65,0.63,0.64,0.58,0.6,LB,DEF,2
Alessandro Zanoli,RB,Italy,0.72,0.7,0.4,0.63,0.69,0.69,0.71,0.68,0.72,0.68,0.51,0.71,0.7,0.72,0.74,0.73,0.74,0.7,0.67,0.69,0.6,0.45,RB,DEF,2
Giovanni Zaro,CB,Italy,0.72,0.47,0.46,0.51,0.5,0.73,0.77,0.35,0.57,0.43,0.35,0.6,0.7,0.85,0.68,0.74,0.73,0.7,0.77,0.68,0.73,0.61,CB,DEF,3
Matthias Zimmermann,RB,Germany,0.72,0.69,0.52,0.66,0.67,0.68,0.7,0.73,0.66,0.74,0.77,0.68,0.7,0.66,0.75,0.68,0.68,0.7,0.71,0.71,0.54,0.62,RB,DEF,2
Christoph Zimmermann,CB,Germany,0.72,0.44,0.3,0.44,0.46,0.73,0.77,0.31,0.55,0.33,0.36,0.51,0.67,0.85,0.65,0.73,0.73,0.73,0.74,0.72,0.73,0.5,CB,DEF,3
Nermin Zolotić,CB,Bosnia and Herzegovina,0.72,0.53,0.53,0.64,0.63,0.7,0.78,0.54,0.53,0.56,0.46,0.66,0.71,0.82,0.72,0.79,0.75,0.71,0.68,0.66,0.72,0.61,CB,DEF,3
Ali Abdi,LB,Tunisia,0.71,0.89,0.6,0.66,0.71,0.62,0.76,0.83,0.93,0.76,0.68,0.71,0.7,0.71,0.9,0.83,0.61,0.61,0.62,0.59,0.69,0.67,LB,DEF,2
Emanuel Aguilera,CB,Argentina,0.71,0.54,0.56,0.55,0.42,0.72,0.79,0.54,0.54,0.3,0.31,0.48,0.7,0.85,0.73,0.73,0.73,0.65,0.73,0.72,0.74,0.75,CB,DEF,3
José Aja,CB,Uruguay,0.71,0.38,0.41,0.43,0.4,0.73,0.81,0.4,0.36,0.39,0.34,0.52,0.52,0.9,0.66,0.81,0.75,0.65,0.74,0.69,0.78,0.53,CB,DEF,3
Fernando Alarcón,CB,Argentina,0.71,0.52,0.33,0.45,0.37,0.73,0.73,0.5,0.53,0.53,0.58,0.32,0.67,0.76,0.65,0.84,0.76,0.7,0.7,0.72,0.75,0.47,CB,DEF,3
Bruno Langa,LB,Mozambique,0.71,0.82,0.46,0.54,0.76,0.67,0.65,0.82,0.82,0.81,0.83,0.73,0.75,0.61,0.75,0.71,0.7,0.67,0.69,0.67,0.54,0.72,LB,DEF,2
Lucas Lima,LB,Brazil,0.71,0.72,0.57,0.7,0.7,0.65,0.74,0.7,0.74,0.73,0.72,0.71,0.67,0.77,0.77,0.64,0.68,0.66,0.67,0.7,0.41,0.72,LB,DEF,2
Branco Ampuero,CB,Chile,0.71,0.48,0.3,0.53,0.47,0.72,0.73,0.42,0.53,0.51,0.6,0.52,0.71,0.81,0.59,0.71,0.73,0.71,0.72,0.71,0.68,0.42,CB,DEF,3
Mads Juel Andersen,CB,Denmark,0.71,0.42,0.34,0.45,0.49,0.7,0.8,0.52,0.34,0.34,0.43,0.58,0.69,0.88,0.64,0.77,0.71,0.69,0.7,0.71,0.7,0.45,CB,DEF,3
Andrés Andrade,CB,Panama,0.71,0.74,0.51,0.61,0.65,0.71,0.79,0.73,0.74,0.59,0.59,0.68,0.68,0.78,0.85,0.81,0.72,0.69,0.71,0.71,0.67,0.62,CB,DEF,0
Santiago Arzamendia,LB,Paraguay,0.71,0.75,0.68,0.66,0.73,0.66,0.71,0.78,0.73,0.73,0.8,0.72,0.7,0.68,0.75,0.63,0.73,0.72,0.67,0.63,0.4,0.78,LB,DEF,2
Rob Atkinson,CB,England,0.71,0.54,0.25,0.48,0.56,0.71,0.79,0.52,0.55,0.36,0.4,0.57,0.65,0.85,0.75,0.8,0.72,0.7,0.71,0.71,0.73,0.29,CB,DEF,3
Luke Ayling,RB,England,0.71,0.53,0.58,0.63,0.69,0.71,0.72,0.53,0.53,0.64,0.59,0.7,0.69,0.73,0.76,0.7,0.73,0.72,0.7,0.73,0.66,0.67,RB,DEF,3
Javier Báez,CB,Paraguay,0.71,0.69,0.55,0.65,0.65,0.72,0.72,0.68,0.7,0.71,0.64,0.63,0.69,0.74,0.71,0.73,0.71,0.7,0.7,0.74,0.75,0.56,CB,DEF,0
Danovis Banguero,LB,Colombia,0.71,0.8,0.59,0.62,0.62,0.66,0.78,0.8,0.8,0.7,0.49,0.64,0.65,0.84,0.8,0.83,0.65,0.7,0.65,0.68,0.59,0.71,LB,DEF,2
Mattia Bani,CB,Italy,0.71,0.46,0.2,0.42,0.53,0.74,0.7,0.45,0.46,0.52,0.48,0.54,0.71,0.76,0.61,0.73,0.74,0.74,0.74,0.73,0.71,0.25,CB,DEF,3
Miguel Barbieri,CB,Argentina,0.71,0.63,0.34,0.43,0.53,0.7,0.71,0.57,0.67,0.58,0.54,0.58,0.67,0.86,0.37,0.83,0.71,0.68,0.69,0.69,0.74,0.56,CB,DEF,3
Juan Barinaga,RB,Argentina,0.71,0.71,0.48,0.64,0.65,0.68,0.71,0.71,0.71,0.72,0.67,0.64,0.64,0.7,0.75,0.69,0.72,0.71,0.68,0.69,0.54,0.53,RB,DEF,2
Dylan Batubinsika,CB,Congo DR,0.71,0.68,0.28,0.52,0.54,0.69,0.78,0.65,0.7,0.52,0.55,0.59,0.64,0.84,0.64,0.84,0.7,0.68,0.68,0.66,0.72,0.5,CB,DEF,3
Dominik Baumgartner,CB,Austria,0.71,0.7,0.35,0.53,0.52,0.71,0.77,0.68,0.72,0.68,0.59,0.57,0.68,0.79,0.77,0.79,0.71,0.68,0.73,0.71,0.7,0.52,CB,DEF,3
Amari'i Bell,CB,Jamaica,0.71,0.75,0.5,0.6,0.67,0.71,0.73,0.74,0.76,0.63,0.71,0.66,0.71,0.72,0.79,0.86,0.72,0.7,0.71,0.7,0.69,0.55,CB,DEF,0
Gastón Benedetti,LB,Argentina,0.71,0.72,0.57,0.63,0.67,0.67,0.64,0.71,0.73,0.7,0.47,0.64,0.7,0.52,0.82,0.65,0.69,0.68,0.66,0.68,0.62,0.63,LB,DEF,2
Loris Benito,CB,Switzerland,0.71,0.66,0.51,0.63,0.64,0.71,0.77,0.65,0.66,0.69,0.55,0.66,0.7,0.77,0.85,0.76,0.71,0.68,0.74,0.7,0.67,0.62,CB,DEF,0
Matteo Bianchetti,CB,Italy,0.71,0.51,0.35,0.56,0.58,0.72,0.74,0.5,0.52,0.67,0.44,0.59,0.71,0.78,0.7,0.76,0.71,0.71,0.73,0.73,0.72,0.65,CB,DEF,3
Lautaro Blanco,LB,Argentina,0.71,0.78,0.46,0.64,0.69,0.63,0.69,0.76,0.8,0.73,0.73,0.69,0.68,0.66,0.78,0.69,0.66,0.67,0.65,0.6,0.52,0.6,LB,DEF,2
Daniel Bocanegra,CB,Colombia,0.71,0.64,0.55,0.68,0.64,0.7,0.77,0.62,0.66,0.64,0.59,0.68,0.71,0.8,0.75,0.77,0.68,0.65,0.74,0.68,0.7,0.72,CB,DEF,0
Paweł Bochniewicz,CB,Poland,0.71,0.51,0.25,0.52,0.5,0.71,0.78,0.33,0.65,0.32,0.34,0.56,0.64,0.84,0.74,0.77,0.71,0.7,0.71,0.73,0.7,0.34,CB,DEF,3
Ezequiel Bonifacio,RB,Argentina,0.71,0.72,0.58,0.67,0.73,0.67,0.72,0.74,0.71,0.76,0.82,0.71,0.7,0.69,0.74,0.74,0.7,0.7,0.65,0.65,0.61,0.65,RB,DEF,2
Flavien-Enzo Boyomo,CB,Cameroon,0.71,0.73,0.3,0.47,0.46,0.72,0.74,0.74,0.72,0.53,0.57,0.59,0.65,0.8,0.72,0.82,0.76,0.73,0.69,0.71,0.7,0.47,CB,DEF,3
Anthony Briançon,CB,France,0.71,0.46,0.47,0.56,0.53,0.7,0.82,0.55,0.39,0.52,0.65,0.58,0.65,0.87,0.71,0.82,0.71,0.66,0.69,0.7,0.73,0.7,CB,DEF,3
Miguel Brizuela,CB,Argentina,0.71,0.54,0.41,0.55,0.53,0.7,0.8,0.55,0.53,0.54,0.49,0.56,0.63,0.82,0.75,0.76,0.72,0.7,0.7,0.68,0.7,0.63,CB,DEF,3
Brandon Bye,RB,United States,0.71,0.77,0.58,0.61,0.65,0.68,0.73,0.74,0.79,0.69,0.61,0.65,0.68,0.73,0.81,0.78,0.7,0.65,0.68,0.65,0.67,0.68,RB,DEF,2
Yonathan Cabral,CB,Argentina,0.71,0.43,0.29,0.52,0.5,0.71,0.77,0.33,0.51,0.5,0.4,0.44,0.67,0.87,0.66,0.71,0.73,0.67,0.67,0.72,0.79,0.4,CB,DEF,3
Omar Campos,LB,Mexico,0.71,0.8,0.6,0.64,0.72,0.66,0.61,0.81,0.79,0.81,0.87,0.7,0.6,0.59,0.75,0.71,0.7,0.7,0.65,0.66,0.57,0.64,LB,DEF,2
Fali Candé,CB,Guinea-Bissau,0.71,0.8,0.5,0.62,0.65,0.72,0.75,0.79,0.81,0.71,0.62,0.63,0.65,0.72,0.84,0.81,0.75,0.71,0.73,0.67,0.69,0.68,CB,DEF,0
Reggie Cannon,RB,United States,0.71,0.86,0.36,0.57,0.67,0.67,0.82,0.85,0.87,0.76,0.72,0.68,0.65,0.82,0.84,0.86,0.67,0.69,0.66,0.69,0.6,0.48,RB,DEF,2
Manuel Capasso,CB,Argentina,0.71,0.54,0.36,0.41,0.5,0.72,0.76,0.53,0.55,0.42,0.48,0.58,0.68,0.84,0.68,0.8,0.73,0.7,0.73,0.71,0.72,0.48,CB,DEF,3
Eíran Cashin,CB,Republic of Ireland,0.71,0.58,0.35,0.56,0.6,0.69,0.81,0.6,0.57,0.56,0.68,0.59,0.63,0.88,0.71,0.84,0.71,0.7,0.68,0.67,0.72,0.43,CB,DEF,3
Maximiliano Caufriez,CB,Belgium,0.71,0.56,0.3,0.57,0.57,0.71,0.74,0.54,0.57,0.43,0.53,0.67,0.72,0.77,0.68,0.73,0.71,0.7,0.72,0.72,0.69,0.55,CB,DEF,3
Ondřej Čelůstka,CB,Czech Republic,0.71,0.61,0.52,0.62,0.57,0.69,0.76,0.59,0.62,0.6,0.61,0.58,0.66,0.84,0.57,0.82,0.69,0.69,0.7,0.67,0.74,0.59,CB,DEF,3
Álex Centelles,LB,Spain,0.71,0.74,0.52,0.66,0.69,0.66,0.74,0.72,0.75,0.65,0.55,0.72,0.71,0.69,0.85,0.74,0.67,0.65,0.65,0.66,0.64,0.64,LB,DEF,2
Fabien Centonze,RB,France,0.71,0.71,0.51,0.68,0.69,0.68,0.73,0.71,0.71,0.7,0.75,0.71,0.58,0.72,0.75,0.75,0.71,0.7,0.66,0.68,0.61,0.64,RB,DEF,2
Timmy Chandler,RB,United States,0.71,0.45,0.68,0.72,0.68,0.72,0.76,0.54,0.37,0.54,0.51,0.71,0.73,0.79,0.68,0.82,0.74,0.72,0.71,0.68,0.8,0.78,RB,DEF,3
Choi Jun,RB,Korea Republic,0.71,0.79,0.5,0.66,0.67,0.63,0.72,0.73,0.83,0.62,0.7,0.67,0.71,0.69,0.87,0.65,0.68,0.64,0.61,0.67,0.46,0.56,RB,DEF,2
Víctor Chust,CB,Spain,0.71,0.68,0.3,0.52,0.54,0.72,0.67,0.66,0.7,0.39,0.57,0.7,0.67,0.72,0.54,0.75,0.72,0.7,0.73,0.71,0.7,0.32,CB,DEF,3
Diego Coppola,CB,Italy,0.71,0.53,0.4,0.55,0.5,0.73,0.65,0.55,0.52,0.33,0.37,0.54,0.7,0.74,0.42,0.75,0.75,0.71,0.72,0.73,0.71,0.59,CB,DEF,3
Córdoba,CB,Spain,0.71,0.59,0.36,0.49,0.51,0.71,0.71,0.55,0.63,0.35,0.67,0.63,0.71,0.71,0.71,0.75,0.72,0.7,0.69,0.73,0.74,0.6,CB,DEF,3
Soumaila Coulibaly,CB,France,0.71,0.86,0.36,0.54,0.65,0.68,0.79,0.83,0.89,0.79,0.54,0.67,0.65,0.82,0.7,0.88,0.69,0.67,0.65,0.69,0.7,0.56,CB,DEF,2
Woyo Coulibaly,RB,France,0.71,0.76,0.5,0.65,0.68,0.66,0.81,0.73,0.79,0.71,0.52,0.7,0.6,0.83,0.83,0.87,0.68,0.71,0.61,0.65,0.71,0.65,RB,DEF,2
Marco Curto,CB,Italy,0.71,0.63,0.37,0.48,0.5,0.71,0.79,0.6,0.66,0.37,0.38,0.59,0.71,0.84,0.78,0.77,0.72,0.7,0.72,0.72,0.65,0.4,CB,DEF,3
Damien Da Silva,CB,France,0.71,0.43,0.37,0.56,0.52,0.71,0.78,0.39,0.47,0.35,0.41,0.68,0.68,0.83,0.73,0.75,0.71,0.69,0.71,0.69,0.74,0.57,CB,DEF,3
Henrik Dalsgaard,RB,Denmark,0.71,0.69,0.58,0.62,0.63,0.7,0.78,0.66,0.71,0.62,0.49,0.67,0.66,0.79,0.75,0.78,0.7,0.68,0.71,0.7,0.68,0.65,RB,DEF,2
Márton Dárdai,CB,Hungary,0.71,0.6,0.36,0.67,0.62,0.72,0.74,0.66,0.55,0.65,0.64,0.62,0.69,0.75,0.75,0.76,0.72,0.72,0.71,0.74,0.69,0.64,CB,DEF,3
Harry Darling,CB,England,0.71,0.68,0.45,0.59,0.62,0.7,0.77,0.67,0.69,0.52,0.66,0.64,0.68,0.8,0.77,0.79,0.7,0.69,0.72,0.68,0.69,0.53,CB,DEF,3
Ben Davies,CB,England,0.71,0.66,0.39,0.59,0.64,0.72,0.72,0.64,0.67,0.65,0.62,0.68,0.71,0.78,0.65,0.77,0.72,0.7,0.73,0.71,0.69,0.42,CB,DEF,3
Vítor Costa,LB,Brazil,0.71,0.76,0.54,0.6,0.67,0.66,0.72,0.78,0.75,0.69,0.67,0.67,0.65,0.65,0.85,0.72,0.71,0.68,0.61,0.71,0.55,0.65,LB,DEF,2
Fabiano Souza,RB,Brazil,0.71,0.84,0.52,0.63,0.69,0.65,0.73,0.86,0.83,0.76,0.83,0.67,0.66,0.69,0.81,0.77,0.67,0.63,0.64,0.67,0.57,0.68,RB,DEF,2
Jordy de Wijs,CB,Holland,0.71,0.52,0.51,0.49,0.5,0.7,0.83,0.42,0.61,0.35,0.51,0.58,0.65,0.92,0.72,0.78,0.72,0.67,0.69,0.67,0.71,0.75,CB,DEF,3
Marco Di Cesare,CB,Argentina,0.71,0.52,0.31,0.44,0.43,0.74,0.75,0.5,0.53,0.43,0.62,0.45,0.68,0.79,0.68,0.76,0.76,0.71,0.75,0.71,0.71,0.48,CB,DEF,3
Moussa Diarra,LB,Mali,0.71,0.65,0.32,0.57,0.62,0.71,0.72,0.68,0.63,0.61,0.63,0.62,0.69,0.71,0.73,0.74,0.74,0.72,0.7,0.72,0.65,0.26,LB,DEF,3
El Hadji Malick Diouf,LB,Senegal,0.71,0.78,0.58,0.64,0.69,0.67,0.71,0.76,0.79,0.62,0.67,0.7,0.67,0.73,0.71,0.88,0.68,0.68,0.64,0.64,0.79,0.64,LB,DEF,2
Vladyslav Dubinchak,LB,Ukraine,0.71,0.77,0.46,0.69,0.71,0.68,0.6,0.79,0.75,0.73,0.82,0.69,0.65,0.48,0.73,0.57,0.7,0.67,0.7,0.73,0.45,0.62,LB,DEF,2
Rade Dugalić,CB,Serbia,0.71,0.43,0.49,0.54,0.41,0.71,0.82,0.48,0.39,0.37,0.34,0.44,0.67,0.9,0.75,0.83,0.75,0.68,0.62,0.76,0.76,0.75,CB,DEF,3
Jean-Kévin Duverne,LB,Haiti,0.71,0.6,0.38,0.62,0.67,0.72,0.73,0.57,0.62,0.65,0.65,0.71,0.69,0.75,0.73,0.73,0.73,0.72,0.71,0.72,0.7,0.55,LB,DEF,3
Lasha Dvali,CB,Georgia,0.71,0.54,0.39,0.51,0.45,0.71,0.78,0.53,0.54,0.49,0.39,0.5,0.68,0.81,0.76,0.79,0.72,0.7,0.67,0.73,0.73,0.57,CB,DEF,3
Enzo Ebosse,CB,Cameroon,0.71,0.62,0.35,0.56,0.64,0.72,0.71,0.66,0.59,0.46,0.62,0.7,0.63,0.75,0.66,0.75,0.75,0.73,0.71,0.72,0.68,0.45,CB,DEF,3
Souffian El Karouani,LB,Morocco,0.71,0.7,0.43,0.67,0.71,0.65,0.67,0.75,0.66,0.71,0.71,0.73,0.71,0.61,0.77,0.67,0.67,0.67,0.66,0.65,0.54,0.53,LB,DEF,2
Zakaria El Ouahdi,RB,Morocco,0.71,0.73,0.55,0.67,0.75,0.62,0.58,0.78,0.69,0.82,0.83,0.72,0.73,0.51,0.81,0.53,0.69,0.67,0.58,0.71,0.3,0.48,RB,DEF,2
Eren Elmalı,LB,Turkey,0.71,0.8,0.4,0.62,0.69,0.66,0.75,0.76,0.84,0.74,0.68,0.65,0.68,0.74,0.81,0.79,0.69,0.64,0.67,0.65,0.62,0.58,LB,DEF,2
Ivo Pinto,RB,Portugal,0.71,0.78,0.46,0.64,0.66,0.65,0.73,0.76,0.8,0.7,0.63,0.67,0.69,0.71,0.79,0.76,0.67,0.66,0.65,0.64,0.59,0.61,RB,DEF,2
Damián Fernández,CB,Argentina,0.71,0.78,0.33,0.52,0.59,0.7,0.78,0.79,0.77,0.66,0.65,0.6,0.67,0.76,0.78,0.83,0.71,0.73,0.68,0.71,0.68,0.47,CB,DEF,2
Miguel Maga,RB,Portugal,0.71,0.78,0.54,0.64,0.68,0.65,0.54,0.77,0.78,0.75,0.73,0.7,0.72,0.44,0.72,0.5,0.69,0.67,0.67,0.69,0.4,0.6,RB,DEF,2
Fabricio Formiliano,CB,Uruguay,0.71,0.61,0.36,0.47,0.52,0.7,0.77,0.59,0.63,0.59,0.71,0.6,0.65,0.84,0.61,0.82,0.71,0.64,0.76,0.63,0.72,0.42,CB,DEF,3
Marcel Franke,CB,Germany,0.71,0.55,0.31,0.44,0.46,0.7,0.81,0.5,0.59,0.37,0.39,0.49,0.67,0.9,0.7,0.78,0.71,0.7,0.7,0.67,0.7,0.49,CB,DEF,3
Fabian Frei,CB,Switzerland,0.71,0.48,0.68,0.71,0.67,0.72,0.71,0.43,0.52,0.5,0.61,0.7,0.68,0.71,0.75,0.66,0.68,0.72,0.77,0.74,0.69,0.73,CB,DEF,3
Martin Frese,LB,Denmark,0.71,0.79,0.65,0.68,0.71,0.64,0.68,0.77,0.8,0.75,0.73,0.73,0.65,0.66,0.77,0.69,0.68,0.67,0.65,0.63,0.5,0.74,LB,DEF,2
Gabriel Fuentes,LB,Colombia,0.71,0.83,0.49,0.62,0.67,0.65,0.75,0.81,0.85,0.75,0.72,0.7,0.61,0.73,0.81,0.77,0.66,0.68,0.62,0.7,0.55,0.58,LB,DEF,2
Niko Gießelmann,LB,Germany,0.71,0.63,0.59,0.68,0.66,0.69,0.74,0.66,0.6,0.66,0.67,0.66,0.69,0.74,0.74,0.75,0.71,0.69,0.68,0.69,0.67,0.65,LB,DEF,2
Robert Gumny,RB,Poland,0.71,0.76,0.42,0.6,0.69,0.67,0.67,0.77,0.75,0.77,0.74,0.7,0.68,0.68,0.77,0.71,0.7,0.68,0.65,0.7,0.53,0.47,RB,DEF,2
Koray Günter,CB,Germany,0.71,0.6,0.46,0.6,0.62,0.72,0.68,0.67,0.55,0.65,0.7,0.63,0.7,0.74,0.5,0.75,0.71,0.7,0.74,0.74,0.67,0.63,CB,DEF,3
Rodrigo Guth,CB,Brazil,0.71,0.68,0.38,0.52,0.53,0.72,0.73,0.64,0.71,0.59,0.63,0.54,0.71,0.77,0.74,0.76,0.73,0.71,0.74,0.72,0.68,0.49,CB,DEF,3
Ehsan Haji Safi,LB,Iran,0.71,0.7,0.64,0.72,0.71,0.68,0.73,0.69,0.7,0.7,0.78,0.73,0.7,0.74,0.7,0.76,0.7,0.67,0.7,0.65,0.67,0.76,LB,DEF,2
Craig Halkett,CB,Scotland,0.71,0.56,0.5,0.57,0.6,0.7,0.75,0.63,0.51,0.55,0.66,0.64,0.64,0.78,0.67,0.89,0.71,0.68,0.73,0.64,0.73,0.53,CB,DEF,3
Johannes Handl,CB,Austria,0.71,0.55,0.3,0.44,0.45,0.7,0.82,0.45,0.64,0.41,0.31,0.52,0.66,0.92,0.76,0.84,0.7,0.68,0.7,0.69,0.78,0.45,CB,DEF,3
Grant Hanley,CB,Scotland,0.71,0.52,0.3,0.47,0.49,0.71,0.78,0.51,0.53,0.44,0.51,0.52,0.68,0.83,0.65,0.78,0.72,0.72,0.7,0.71,0.71,0.4,CB,DEF,3
Kian Hansen,CB,Denmark,0.71,0.47,0.46,0.62,0.56,0.71,0.73,0.44,0.5,0.59,0.63,0.65,0.68,0.78,0.69,0.7,0.72,0.68,0.72,0.72,0.7,0.64,CB,DEF,3
Varazdat Haroyan,CB,Armenia,0.71,0.58,0.29,0.47,0.5,0.71,0.76,0.6,0.56,0.56,0.72,0.51,0.65,0.77,0.71,0.8,0.74,0.69,0.67,0.72,0.74,0.39,CB,DEF,3
Dominique Heintz,CB,Germany,0.71,0.54,0.37,0.6,0.58,0.71,0.77,0.52,0.56,0.42,0.48,0.62,0.71,0.83,0.66,0.68,0.7,0.69,0.72,0.73,0.7,0.49,CB,DEF,3
Michał Helik,CB,Poland,0.71,0.6,0.52,0.48,0.55,0.7,0.81,0.57,0.63,0.53,0.59,0.59,0.67,0.87,0.73,0.86,0.7,0.66,0.69,0.7,0.76,0.6,CB,DEF,3
Leo Coelho,CB,Brazil,0.71,0.61,0.44,0.47,0.52,0.76,0.68,0.55,0.65,0.72,0.54,0.52,0.55,0.7,0.65,0.69,0.76,0.73,0.79,0.78,0.68,0.49,CB,DEF,3
Valentin Henry,RB,France,0.71,0.81,0.61,0.64,0.71,0.63,0.75,0.83,0.79,0.84,0.76,0.72,0.62,0.74,0.84,0.8,0.67,0.66,0.62,0.59,0.59,0.68,RB,DEF,2
Edwin Herrera,LB,Colombia,0.71,0.83,0.48,0.6,0.66,0.66,0.63,0.84,0.83,0.78,0.82,0.66,0.65,0.56,0.84,0.66,0.7,0.64,0.66,0.69,0.49,0.54,LB,DEF,2
Aaron Herrera,RB,Guatemala,0.71,0.71,0.49,0.69,0.7,0.67,0.75,0.7,0.72,0.67,0.59,0.7,0.68,0.76,0.76,0.74,0.69,0.69,0.69,0.64,0.57,0.52,RB,DEF,2
Mason Holgate,CB,England,0.71,0.68,0.43,0.65,0.63,0.71,0.71,0.65,0.7,0.67,0.64,0.64,0.68,0.72,0.59,0.75,0.71,0.72,0.71,0.7,0.7,0.55,CB,DEF,2
Ryan Hollingshead,RB,United States,0.71,0.49,0.64,0.66,0.7,0.7,0.81,0.53,0.46,0.61,0.6,0.7,0.72,0.81,0.86,0.79,0.72,0.69,0.68,0.7,0.74,0.78,RB,DEF,3
Sebastian Holmén,CB,Sweden,0.71,0.52,0.36,0.49,0.51,0.72,0.78,0.62,0.44,0.58,0.54,0.58,0.67,0.83,0.74,0.82,0.72,0.72,0.71,0.71,0.72,0.57,CB,DEF,3
Hong Chul,LB,Korea Republic,0.71,0.83,0.51,0.66,0.69,0.64,0.72,0.82,0.84,0.85,0.83,0.68,0.66,0.69,0.8,0.75,0.67,0.62,0.63,0.68,0.56,0.65,LB,DEF,2
Cédric Hountondji,CB,Benin,0.71,0.38,0.33,0.52,0.56,0.72,0.7,0.35,0.4,0.49,0.31,0.68,0.7,0.8,0.53,0.72,0.73,0.7,0.72,0.73,0.72,0.48,CB,DEF,3
Even Hovland,CB,Norway,0.71,0.45,0.28,0.53,0.45,0.69,0.8,0.38,0.51,0.34,0.33,0.59,0.67,0.87,0.68,0.79,0.68,0.68,0.7,0.66,0.77,0.31,CB,DEF,3
Nikolas Ioannou,LB,Cyprus,0.71,0.75,0.54,0.61,0.68,0.66,0.78,0.7,0.79,0.75,0.71,0.68,0.7,0.78,0.81,0.79,0.69,0.68,0.65,0.62,0.68,0.56,LB,DEF,2
Alessio Iovine,RB,Italy,0.71,0.69,0.57,0.65,0.71,0.68,0.65,0.66,0.71,0.72,0.77,0.71,0.72,0.61,0.79,0.66,0.72,0.7,0.67,0.67,0.58,0.62,RB,DEF,2
Ardian Ismajli,CB,Albania,0.71,0.67,0.3,0.49,0.61,0.75,0.63,0.66,0.68,0.66,0.71,0.59,0.71,0.62,0.58,0.74,0.75,0.73,0.75,0.76,0.72,0.6,CB,DEF,3
Jiang Guangtai,CB,China PR,0.71,0.81,0.36,0.48,0.63,0.7,0.8,0.8,0.81,0.74,0.73,0.65,0.66,0.81,0.81,0.9,0.69,0.68,0.68,0.72,0.73,0.53,CB,DEF,2
Christian Kabasele,CB,Belgium,0.71,0.5,0.5,0.51,0.59,0.71,0.71,0.42,0.57,0.46,0.48,0.64,0.71,0.78,0.57,0.7,0.71,0.69,0.72,0.71,0.7,0.57,CB,DEF,3
Tomáš Kalas,CB,Czech Republic,0.71,0.75,0.47,0.54,0.6,0.7,0.77,0.62,0.85,0.57,0.62,0.61,0.69,0.82,0.72,0.78,0.73,0.72,0.66,0.7,0.68,0.66,CB,DEF,2
Warren Kamanzi,RB,Norway,0.71,0.8,0.52,0.63,0.71,0.65,0.63,0.77,0.83,0.78,0.75,0.69,0.7,0.58,0.73,0.7,0.67,0.66,0.64,0.65,0.59,0.56,RB,DEF,2
Ismaël Kandouss,CB,Morocco,0.71,0.51,0.29,0.47,0.59,0.71,0.78,0.53,0.5,0.43,0.42,0.63,0.64,0.84,0.71,0.79,0.72,0.68,0.71,0.72,0.71,0.53,CB,DEF,3
Ahmetcan Kaplan,CB,Turkey,0.71,0.64,0.3,0.57,0.57,0.71,0.7,0.62,0.65,0.54,0.43,0.67,0.7,0.76,0.61,0.76,0.72,0.68,0.73,0.71,0.68,0.44,CB,DEF,3
Michał Karbownik,LB,Poland,0.71,0.85,0.45,0.68,0.76,0.63,0.62,0.82,0.87,0.8,0.84,0.74,0.67,0.52,0.8,0.67,0.64,0.61,0.63,0.67,0.55,0.45,LB,DEF,2
Michael Kayode,RB,Italy,0.71,0.65,0.35,0.56,0.71,0.72,0.58,0.66,0.64,0.58,0.68,0.71,0.7,0.49,0.62,0.6,0.73,0.72,0.73,0.73,0.63,0.31,RB,DEF,2
Luca Kilian,CB,Germany,0.71,0.68,0.39,0.55,0.54,0.7,0.76,0.65,0.7,0.5,0.47,0.59,0.71,0.85,0.59,0.77,0.72,0.71,0.65,0.7,0.74,0.56,CB,DEF,3
Juan Cruz Komar,CB,Argentina,0.71,0.58,0.36,0.5,0.53,0.71,0.76,0.6,0.56,0.58,0.46,0.62,0.68,0.78,0.76,0.72,0.72,0.7,0.7,0.72,0.74,0.47,CB,DEF,3
Yukhym Konoplia,RB,Ukraine,0.71,0.79,0.47,0.67,0.69,0.67,0.64,0.78,0.79,0.77,0.67,0.68,0.64,0.58,0.71,0.71,0.7,0.68,0.63,0.71,0.61,0.61,RB,DEF,2
Koffi Kouao,RB,Côte d'Ivoire,0.71,0.77,0.39,0.55,0.69,0.67,0.71,0.74,0.79,0.74,0.84,0.68,0.65,0.68,0.75,0.66,0.72,0.74,0.63,0.71,0.49,0.48,RB,DEF,2
Saël Kumbedi,RB,France,0.71,0.82,0.42,0.62,0.72,0.65,0.62,0.8,0.83,0.81,0.85,0.71,0.69,0.56,0.66,0.63,0.67,0.7,0.65,0.68,0.46,0.5,RB,DEF,2
Giorgos Kyriakopoulos,LB,Greece,0.71,0.61,0.49,0.64,0.71,0.71,0.66,0.65,0.58,0.65,0.57,0.73,0.7,0.65,0.63,0.64,0.72,0.73,0.73,0.72,0.53,0.68,LB,DEF,2
Richie Laryea,RB,Canada,0.71,0.83,0.61,0.65,0.74,0.65,0.72,0.82,0.84,0.8,0.69,0.71,0.68,0.65,0.84,0.71,0.69,0.65,0.66,0.63,0.51,0.7,RB,DEF,2
Joaquín Laso,CB,Argentina,0.71,0.56,0.41,0.53,0.59,0.69,0.78,0.5,0.61,0.53,0.57,0.6,0.68,0.81,0.69,0.77,0.69,0.71,0.66,0.72,0.71,0.55,CB,DEF,3
Numa Lavanchy,RB,Switzerland,0.71,0.8,0.61,0.65,0.7,0.64,0.71,0.78,0.81,0.76,0.79,0.71,0.67,0.63,0.92,0.72,0.65,0.64,0.65,0.64,0.57,0.59,RB,DEF,2
Jordan Lefort,LB,France,0.71,0.66,0.26,0.59,0.64,0.68,0.74,0.64,0.68,0.57,0.56,0.68,0.72,0.72,0.79,0.73,0.68,0.69,0.69,0.68,0.65,0.25,LB,DEF,3
Tim Leibold,LB,Germany,0.71,0.75,0.57,0.69,0.73,0.65,0.69,0.83,0.69,0.84,0.82,0.71,0.66,0.63,0.76,0.72,0.66,0.68,0.66,0.67,0.54,0.66,LB,DEF,2
Toni Leistner,CB,Germany,0.71,0.47,0.4,0.54,0.49,0.71,0.81,0.49,0.45,0.37,0.5,0.5,0.67,0.88,0.69,0.8,0.72,0.71,0.72,0.69,0.72,0.54,CB,DEF,3
Ryan Leonard,RB,England,0.71,0.71,0.64,0.65,0.66,0.67,0.77,0.68,0.73,0.75,0.69,0.64,0.7,0.78,0.82,0.76,0.68,0.7,0.67,0.68,0.6,0.8,RB,DEF,2
Liam Lindsay,CB,Scotland,0.71,0.39,0.35,0.52,0.5,0.71,0.81,0.37,0.41,0.37,0.34,0.52,0.67,0.83,0.77,0.74,0.7,0.68,0.72,0.69,0.74,0.51,CB,DEF,3
Pol Lirola,RB,Spain,0.71,0.68,0.62,0.69,0.69,0.67,0.67,0.71,0.65,0.66,0.71,0.71,0.69,0.63,0.71,0.72,0.7,0.69,0.67,0.64,0.63,0.65,RB,DEF,2
Marius Lode,CB,Norway,0.71,0.76,0.42,0.59,0.65,0.7,0.76,0.74,0.77,0.69,0.63,0.67,0.71,0.78,0.79,0.81,0.71,0.7,0.7,0.7,0.67,0.56,CB,DEF,2
Matteo Lovato,CB,Italy,0.71,0.66,0.3,0.52,0.6,0.72,0.69,0.64,0.67,0.55,0.43,0.62,0.73,0.77,0.53,0.75,0.73,0.71,0.75,0.71,0.64,0.4,CB,DEF,3
Kristoffer Lund Hansen,LB,United States,0.71,0.84,0.54,0.65,0.66,0.63,0.73,0.8,0.87,0.76,0.73,0.65,0.68,0.69,0.92,0.75,0.65,0.63,0.62,0.64,0.59,0.6,LB,DEF,2
Yvann Maçon,RB,France,0.71,0.84,0.51,0.61,0.72,0.65,0.72,0.85,0.83,0.79,0.74,0.72,0.66,0.69,0.8,0.77,0.68,0.67,0.63,0.65,0.59,0.67,RB,DEF,2
Matej Maglica,CB,Croatia,0.71,0.53,0.5,0.46,0.44,0.69,0.82,0.35,0.68,0.35,0.32,0.54,0.68,0.93,0.66,0.77,0.71,0.66,0.67,0.67,0.74,0.78,CB,DEF,3
Eliaquim Mangala,CB,France,0.71,0.48,0.42,0.53,0.51,0.71,0.75,0.5,0.46,0.57,0.55,0.51,0.61,0.82,0.52,0.78,0.7,0.69,0.72,0.69,0.72,0.66,CB,DEF,3
Manquillo,RB,Spain,0.71,0.63,0.45,0.63,0.71,0.73,0.6,0.64,0.62,0.66,0.67,0.74,0.65,0.61,0.5,0.67,0.75,0.74,0.73,0.74,0.63,0.69,RB,DEF,0
Nikola Maraš,CB,Serbia,0.71,0.64,0.37,0.5,0.55,0.7,0.77,0.63,0.65,0.64,0.52,0.58,0.62,0.81,0.74,0.82,0.73,0.74,0.7,0.64,0.72,0.48,CB,DEF,3
Adrián Marín,LB,Spain,0.71,0.73,0.48,0.64,0.68,0.68,0.72,0.72,0.74,0.7,0.6,0.69,0.69,0.71,0.75,0.74,0.71,0.65,0.69,0.7,0.59,0.63,LB,DEF,2
Rafa Marín,CB,Spain,0.71,0.67,0.28,0.58,0.57,0.71,0.72,0.66,0.67,0.65,0.67,0.71,0.67,0.71,0.74,0.78,0.74,0.72,0.7,0.68,0.71,0.31,CB,DEF,3
Damián Martínez,RB,Argentina,0.71,0.74,0.64,0.65,0.72,0.67,0.74,0.75,0.73,0.71,0.75,0.72,0.7,0.71,0.77,0.74,0.69,0.67,0.68,0.67,0.57,0.71,RB,DEF,2
Thiago Martins,CB,Brazil,0.71,0.73,0.41,0.56,0.58,0.71,0.74,0.64,0.8,0.44,0.53,0.68,0.65,0.76,0.73,0.81,0.71,0.69,0.7,0.69,0.75,0.65,CB,DEF,3
Bruno Martins Indi,CB,Holland,0.71,0.39,0.42,0.58,0.58,0.71,0.76,0.33,0.44,0.52,0.57,0.62,0.68,0.83,0.65,0.69,0.71,0.7,0.73,0.7,0.7,0.57,CB,DEF,3
Gastón Martirena,RB,Uruguay,0.71,0.82,0.64,0.67,0.68,0.65,0.6,0.76,0.87,0.79,0.6,0.65,0.61,0.48,0.85,0.59,0.71,0.66,0.59,0.71,0.5,0.78,RB,DEF,2
Scott McKenna,CB,Scotland,0.71,0.51,0.32,0.46,0.51,0.7,0.8,0.51,0.51,0.42,0.56,0.58,0.67,0.86,0.65,0.8,0.71,0.67,0.71,0.69,0.72,0.59,CB,DEF,3
Jérémy Mellot,RB,France,0.71,0.82,0.42,0.57,0.69,0.66,0.78,0.79,0.85,0.83,0.69,0.67,0.61,0.77,0.92,0.82,0.69,0.65,0.66,0.64,0.63,0.55,RB,DEF,2
Joe Mendes,RB,Sweden,0.71,0.85,0.4,0.6,0.73,0.65,0.62,0.83,0.86,0.78,0.73,0.74,0.74,0.53,0.76,0.63,0.68,0.64,0.68,0.63,0.47,0.43,RB,DEF,2
Javier Méndez,CB,Uruguay,0.71,0.67,0.58,0.6,0.63,0.72,0.76,0.65,0.68,0.65,0.56,0.66,0.71,0.75,0.77,0.7,0.79,0.69,0.74,0.67,0.55,0.69,CB,DEF,0
Armando Méndez,RB,Uruguay,0.71,0.8,0.37,0.52,0.6,0.66,0.86,0.83,0.78,0.55,0.72,0.57,0.66,0.93,0.82,0.82,0.7,0.74,0.65,0.66,0.48,0.33,RB,DEF,2
Formose Mendy,CB,Senegal,0.71,0.75,0.37,0.56,0.6,0.7,0.75,0.69,0.79,0.6,0.5,0.69,0.63,0.78,0.73,0.82,0.72,0.69,0.68,0.69,0.72,0.4,CB,DEF,3
Chris Mepham,CB,Wales,0.71,0.47,0.37,0.55,0.6,0.72,0.72,0.39,0.54,0.51,0.61,0.64,0.68,0.77,0.62,0.68,0.74,0.72,0.7,0.71,0.7,0.52,CB,DEF,3
Kamal Miller,CB,Canada,0.71,0.76,0.48,0.6,0.63,0.69,0.8,0.74,0.77,0.62,0.46,0.65,0.68,0.82,0.8,0.83,0.69,0.73,0.68,0.69,0.67,0.54,CB,DEF,2
Montero,CB,Spain,0.71,0.68,0.29,0.52,0.59,0.71,0.71,0.67,0.68,0.59,0.65,0.64,0.64,0.73,0.59,0.75,0.75,0.74,0.72,0.66,0.67,0.37,CB,DEF,3
Shaquell Moore,RB,United States,0.71,0.8,0.56,0.61,0.68,0.63,0.76,0.81,0.79,0.82,0.66,0.68,0.66,0.78,0.87,0.8,0.67,0.66,0.6,0.62,0.55,0.6,RB,DEF,2
Mateu Morey,RB,Spain,0.71,0.7,0.46,0.67,0.75,0.68,0.56,0.75,0.66,0.78,0.84,0.75,0.72,0.52,0.48,0.54,0.69,0.73,0.69,0.75,0.41,0.51,RB,DEF,2
Fahd Moufi,RB,Morocco,0.71,0.74,0.39,0.63,0.69,0.66,0.77,0.73,0.74,0.69,0.72,0.68,0.68,0.75,0.84,0.75,0.69,0.68,0.66,0.67,0.57,0.59,RB,DEF,2
Bali Mumba,LB,England,0.71,0.84,0.61,0.66,0.73,0.64,0.62,0.87,0.82,0.9,0.93,0.7,0.69,0.55,0.76,0.69,0.67,0.64,0.66,0.63,0.51,0.6,LB,DEF,2
Facundo Mura,RB,Argentina,0.71,0.83,0.54,0.65,0.7,0.65,0.71,0.84,0.82,0.76,0.74,0.69,0.67,0.68,0.79,0.75,0.7,0.67,0.64,0.62,0.55,0.67,RB,DEF,2
Jesús Murillo,CB,Colombia,0.71,0.81,0.38,0.54,0.62,0.71,0.79,0.82,0.8,0.73,0.66,0.6,0.71,0.79,0.83,0.78,0.7,0.68,0.72,0.74,0.68,0.45,CB,DEF,2
Sei Muroya,RB,Japan,0.71,0.79,0.59,0.6,0.7,0.64,0.67,0.85,0.74,0.81,0.81,0.69,0.71,0.64,0.76,0.66,0.67,0.64,0.65,0.7,0.44,0.68,RB,DEF,2
Mickaël Nadé,CB,France,0.71,0.35,0.3,0.44,0.51,0.7,0.83,0.36,0.35,0.41,0.66,0.58,0.69,0.91,0.73,0.72,0.72,0.69,0.69,0.7,0.68,0.39,CB,DEF,3
Adamo Nagalo,CB,Burkina Faso,0.71,0.7,0.29,0.55,0.62,0.7,0.77,0.66,0.74,0.6,0.68,0.67,0.63,0.81,0.71,0.79,0.73,0.68,0.69,0.68,0.69,0.45,CB,DEF,3
Kal Naismith,CB,Scotland,0.71,0.66,0.65,0.66,0.67,0.7,0.77,0.67,0.65,0.74,0.74,0.64,0.69,0.78,0.77,0.78,0.71,0.69,0.7,0.7,0.7,0.73,CB,DEF,0
Tim Oberdorf,CB,Germany,0.71,0.68,0.46,0.58,0.61,0.71,0.72,0.64,0.72,0.65,0.65,0.68,0.73,0.75,0.71,0.75,0.72,0.69,0.74,0.67,0.68,0.5,CB,DEF,2
Denis Odoi,RB,Ghana,0.71,0.7,0.6,0.66,0.71,0.69,0.71,0.73,0.68,0.75,0.72,0.71,0.69,0.66,0.73,0.74,0.69,0.69,0.69,0.7,0.67,0.7,RB,DEF,2
Moses Odubajo,RB,England,0.71,0.8,0.55,0.66,0.68,0.68,0.7,0.8,0.8,0.75,0.74,0.66,0.68,0.69,0.71,0.78,0.68,0.68,0.68,0.67,0.65,0.6,RB,DEF,2
Emanuel Olivera,CB,Argentina,0.71,0.66,0.43,0.51,0.55,0.72,0.73,0.67,0.66,0.63,0.65,0.55,0.67,0.75,0.72,0.76,0.73,0.72,0.75,0.69,0.7,0.65,CB,DEF,3
Andrew Omobamidele,CB,Republic of Ireland,0.71,0.71,0.27,0.52,0.56,0.71,0.75,0.72,0.71,0.52,0.52,0.59,0.66,0.81,0.67,0.74,0.72,0.7,0.71,0.69,0.68,0.42,CB,DEF,3
Bruno Onyemaechi,LB,Nigeria,0.71,0.81,0.42,0.58,0.63,0.69,0.72,0.8,0.81,0.58,0.57,0.63,0.66,0.76,0.73,0.76,0.72,0.71,0.72,0.69,0.53,0.65,LB,DEF,2
Jerome Opoku,CB,Ghana,0.71,0.58,0.43,0.52,0.58,0.72,0.8,0.62,0.54,0.59,0.58,0.61,0.59,0.88,0.68,0.79,0.73,0.69,0.73,0.73,0.62,0.6,CB,DEF,3
Aiham Ousou,CB,Syria,0.71,0.76,0.31,0.59,0.67,0.7,0.74,0.71,0.8,0.7,0.67,0.67,0.69,0.8,0.66,0.85,0.71,0.71,0.67,0.71,0.72,0.47,CB,DEF,2
Kenneth Paal,LB,Suriname,0.71,0.81,0.51,0.68,0.72,0.65,0.72,0.83,0.79,0.81,0.8,0.72,0.65,0.71,0.77,0.79,0.66,0.64,0.65,0.67,0.59,0.6,LB,DEF,2
Pacheco,CB,Spain,0.71,0.49,0.22,0.51,0.49,0.71,0.68,0.45,0.53,0.46,0.59,0.71,0.65,0.73,0.62,0.73,0.73,0.72,0.7,0.69,0.75,0.32,CB,DEF,3
Leart Paqarada,LB,Kosovo,0.71,0.7,0.47,0.7,0.7,0.65,0.68,0.74,0.67,0.73,0.67,0.71,0.71,0.66,0.76,0.71,0.69,0.67,0.64,0.63,0.57,0.68,LB,DEF,2
Franco Pardo,CB,Argentina,0.71,0.69,0.42,0.51,0.54,0.69,0.79,0.68,0.7,0.55,0.6,0.57,0.67,0.83,0.71,0.81,0.7,0.71,0.7,0.66,0.7,0.59,CB,DEF,3
Nathan Patterson,RB,Scotland,0.71,0.75,0.46,0.6,0.69,0.69,0.7,0.71,0.78,0.73,0.75,0.69,0.66,0.68,0.71,0.73,0.74,0.72,0.69,0.64,0.62,0.62,RB,DEF,2
Andy Pelmard,CB,France,0.71,0.85,0.34,0.6,0.7,0.7,0.76,0.81,0.88,0.75,0.77,0.7,0.68,0.75,0.82,0.81,0.71,0.7,0.7,0.7,0.63,0.53,CB,DEF,2
Fabio Pereyra,CB,Argentina,0.71,0.61,0.35,0.48,0.52,0.7,0.79,0.6,0.61,0.59,0.52,0.58,0.65,0.83,0.71,0.82,0.69,0.73,0.7,0.71,0.72,0.5,CB,DEF,3
Mario Gaspar,CB,Spain,0.71,0.64,0.66,0.64,0.67,0.71,0.73,0.63,0.64,0.65,0.55,0.68,0.69,0.72,0.72,0.72,0.72,0.73,0.71,0.74,0.63,0.71,CB,DEF,0
Gino Peruzzi,RB,Argentina,0.71,0.72,0.49,0.63,0.68,0.66,0.7,0.71,0.73,0.75,0.67,0.68,0.68,0.66,0.8,0.69,0.7,0.7,0.64,0.64,0.56,0.64,RB,DEF,2
Giuseppe Pezzella,LB,Italy,0.71,0.67,0.56,0.66,0.68,0.68,0.7,0.67,0.67,0.62,0.63,0.68,0.73,0.68,0.71,0.71,0.72,0.67,0.66,0.66,0.65,0.73,LB,DEF,2
Nathaniel Phillips,CB,England,0.71,0.49,0.3,0.49,0.5,0.71,0.75,0.48,0.5,0.41,0.45,0.53,0.68,0.79,0.65,0.76,0.71,0.67,0.73,0.7,0.74,0.49,CB,DEF,3
Juan Pintado,RB,Uruguay,0.71,0.86,0.42,0.6,0.71,0.64,0.6,0.84,0.88,0.86,0.84,0.64,0.65,0.41,0.89,0.61,0.65,0.68,0.66,0.63,0.55,0.6,RB,DEF,2
Lorenzo Pirola,CB,Italy,0.71,0.64,0.42,0.52,0.58,0.72,0.64,0.62,0.66,0.6,0.64,0.62,0.68,0.72,0.43,0.78,0.76,0.74,0.7,0.67,0.73,0.57,CB,DEF,3
Jackson Porozo,CB,Ecuador,0.71,0.7,0.31,0.42,0.45,0.71,0.74,0.59,0.79,0.37,0.41,0.54,0.65,0.8,0.63,0.8,0.73,0.69,0.68,0.72,0.72,0.4,CB,DEF,3
Cameron Pring,LB,England,0.71,0.81,0.48,0.61,0.67,0.66,0.71,0.84,0.79,0.7,0.67,0.65,0.63,0.71,0.76,0.81,0.66,0.72,0.65,0.66,0.63,0.64,LB,DEF,2
Mateus Quaresma,LB,Brazil,0.71,0.7,0.33,0.59,0.67,0.67,0.71,0.72,0.68,0.57,0.63,0.66,0.7,0.73,0.73,0.71,0.72,0.71,0.64,0.71,0.52,0.34,LB,DEF,2
Anthony Ralston,RB,Scotland,0.71,0.76,0.59,0.69,0.69,0.64,0.78,0.74,0.77,0.73,0.76,0.69,0.69,0.77,0.81,0.81,0.68,0.67,0.59,0.63,0.68,0.68,RB,DEF,2
Luca Ravanelli,CB,Italy,0.71,0.6,0.38,0.46,0.52,0.73,0.68,0.52,0.67,0.47,0.62,0.53,0.71,0.73,0.5,0.74,0.74,0.73,0.73,0.7,0.72,0.6,CB,DEF,3
Bryan Reynolds,RB,United States,0.71,0.7,0.47,0.64,0.69,0.66,0.74,0.72,0.69,0.69,0.54,0.7,0.77,0.71,0.85,0.75,0.65,0.62,0.69,0.69,0.61,0.49,RB,DEF,2
Federico Ricca,CB,Uruguay,0.71,0.64,0.5,0.6,0.66,0.73,0.69,0.66,0.63,0.69,0.72,0.68,0.68,0.66,0.69,0.75,0.74,0.73,0.72,0.72,0.72,0.71,CB,DEF,0
Jack Robinson,CB,England,0.71,0.59,0.41,0.59,0.61,0.71,0.73,0.66,0.54,0.7,0.7,0.64,0.68,0.71,0.71,0.74,0.73,0.72,0.72,0.7,0.66,0.43,CB,DEF,3
Facundo Rodríguez,CB,Argentina,0.71,0.66,0.29,0.43,0.52,0.73,0.75,0.63,0.68,0.57,0.57,0.66,0.69,0.78,0.71,0.76,0.75,0.7,0.75,0.71,0.66,0.43,CB,DEF,3
Simone Romagnoli,CB,Italy,0.71,0.44,0.4,0.47,0.55,0.71,0.76,0.34,0.52,0.52,0.35,0.58,0.68,0.86,0.61,0.74,0.72,0.69,0.72,0.69,0.73,0.43,CB,DEF,3
Lazar Rosić,CB,Serbia,0.71,0.5,0.31,0.47,0.48,0.7,0.73,0.54,0.46,0.45,0.43,0.5,0.65,0.85,0.46,0.8,0.72,0.71,0.69,0.68,0.72,0.41,CB,DEF,3
Steve Rouiller,CB,Switzerland,0.71,0.51,0.27,0.48,0.53,0.71,0.78,0.5,0.52,0.45,0.74,0.58,0.71,0.79,0.8,0.76,0.71,0.69,0.74,0.69,0.72,0.48,CB,DEF,3
Kye Rowles,CB,Australia,0.71,0.64,0.24,0.46,0.47,0.72,0.76,0.61,0.67,0.6,0.64,0.5,0.66,0.78,0.74,0.8,0.73,0.7,0.73,0.69,0.72,0.34,CB,DEF,3
Jorge Sáenz,CB,Spain,0.71,0.61,0.41,0.56,0.62,0.72,0.77,0.53,0.68,0.58,0.6,0.67,0.69,0.78,0.78,0.73,0.72,0.7,0.74,0.7,0.69,0.52,CB,DEF,3
Yoann Salmier,CB,France,0.71,0.35,0.4,0.58,0.57,0.71,0.76,0.37,0.34,0.37,0.42,0.65,0.72,0.84,0.66,0.74,0.72,0.68,0.71,0.71,0.72,0.62,CB,DEF,3
Alfons Sampsted,RB,Iceland,0.71,0.74,0.47,0.61,0.68,0.66,0.74,0.81,0.69,0.79,0.77,0.68,0.67,0.67,0.91,0.83,0.65,0.63,0.67,0.74,0.57,0.51,RB,DEF,2
Marcelo Saracchi,LB,Uruguay,0.71,0.8,0.62,0.67,0.71,0.65,0.7,0.82,0.78,0.84,0.84,0.7,0.66,0.62,0.77,0.74,0.65,0.66,0.64,0.67,0.58,0.68,LB,DEF,2
Malang Sarr,CB,France,0.71,0.56,0.45,0.65,0.64,0.72,0.7,0.53,0.59,0.63,0.63,0.65,0.67,0.77,0.55,0.73,0.74,0.73,0.71,0.7,0.7,0.62,CB,DEF,3
Vincent Sasso,CB,France,0.71,0.37,0.27,0.52,0.53,0.71,0.77,0.35,0.38,0.36,0.43,0.58,0.65,0.82,0.66,0.77,0.72,0.69,0.71,0.68,0.78,0.4,CB,DEF,3
Joan Sastre,RB,Spain,0.71,0.77,0.42,0.59,0.68,0.68,0.65,0.75,0.79,0.67,0.65,0.7,0.64,0.64,0.7,0.73,0.71,0.7,0.66,0.67,0.62,0.39,RB,DEF,2
Isaac Schmidt,LB,Switzerland,0.71,0.86,0.54,0.59,0.74,0.66,0.66,0.87,0.86,0.86,0.86,0.72,0.64,0.6,0.8,0.72,0.69,0.68,0.66,0.65,0.54,0.58,LB,DEF,2
Benno Schmitz,RB,Germany,0.71,0.6,0.5,0.69,0.69,0.71,0.72,0.68,0.54,0.66,0.65,0.71,0.68,0.74,0.71,0.75,0.72,0.66,0.72,0.72,0.65,0.71,RB,DEF,0
David Schnegg,LB,Austria,0.71,0.75,0.56,0.64,0.68,0.68,0.77,0.75,0.75,0.67,0.61,0.67,0.67,0.79,0.82,0.77,0.69,0.7,0.7,0.68,0.55,0.66,LB,DEF,2
Tim Siersleben,CB,Germany,0.71,0.52,0.33,0.48,0.56,0.73,0.72,0.59,0.46,0.55,0.6,0.58,0.7,0.77,0.63,0.83,0.75,0.68,0.73,0.73,0.7,0.45,CB,DEF,3
Matte Smets,CB,Belgium,0.71,0.67,0.33,0.64,0.65,0.73,0.73,0.65,0.68,0.64,0.69,0.72,0.68,0.72,0.8,0.73,0.76,0.72,0.73,0.71,0.64,0.52,CB,DEF,0
Danilo,LB,Brazil,0.71,0.71,0.59,0.64,0.72,0.69,0.7,0.75,0.67,0.84,0.86,0.69,0.7,0.65,0.75,0.81,0.68,0.69,0.71,0.7,0.62,0.68,LB,DEF,2
Brandon Soppy,RB,France,0.71,0.79,0.5,0.64,0.68,0.66,0.74,0.8,0.78,0.74,0.73,0.68,0.65,0.76,0.73,0.82,0.69,0.68,0.63,0.64,0.65,0.64,RB,DEF,2
Harry Souttar,CB,Australia,0.71,0.46,0.28,0.51,0.55,0.7,0.78,0.4,0.51,0.52,0.3,0.62,0.66,0.89,0.64,0.77,0.71,0.69,0.69,0.71,0.73,0.33,CB,DEF,3
Pascal Stenzel,RB,Germany,0.71,0.59,0.6,0.69,0.68,0.71,0.69,0.52,0.64,0.61,0.62,0.71,0.67,0.67,0.69,0.65,0.73,0.7,0.71,0.73,0.63,0.75,RB,DEF,0
Leonidas Stergiou,CB,Switzerland,0.71,0.76,0.42,0.6,0.67,0.7,0.75,0.8,0.72,0.77,0.72,0.68,0.72,0.77,0.76,0.82,0.72,0.68,0.7,0.72,0.64,0.54,CB,DEF,2
Filip Stojković,RB,Montenegro,0.71,0.7,0.42,0.67,0.66,0.68,0.79,0.69,0.7,0.7,0.73,0.64,0.68,0.78,0.82,0.78,0.69,0.7,0.66,0.66,0.68,0.65,RB,DEF,2
Jordan Storey,CB,England,0.71,0.56,0.34,0.54,0.57,0.71,0.74,0.53,0.58,0.5,0.54,0.6,0.69,0.78,0.71,0.74,0.7,0.69,0.69,0.76,0.7,0.48,CB,DEF,3
Cristián Suárez,CB,Chile,0.71,0.66,0.41,0.61,0.61,0.72,0.71,0.54,0.76,0.66,0.62,0.63,0.71,0.71,0.71,0.74,0.72,0.7,0.72,0.72,0.71,0.45,CB,DEF,3
Gastón Suso,CB,Argentina,0.71,0.49,0.41,0.52,0.51,0.72,0.75,0.46,0.52,0.54,0.63,0.52,0.68,0.78,0.7,0.71,0.74,0.74,0.7,0.72,0.7,0.47,CB,DEF,3
César Tárrega,CB,Spain,0.71,0.63,0.4,0.52,0.52,0.71,0.73,0.64,0.63,0.57,0.7,0.67,0.65,0.85,0.52,0.85,0.68,0.69,0.74,0.71,0.75,0.6,CB,DEF,3
Aleksa Terzić,LB,Serbia,0.71,0.82,0.45,0.59,0.7,0.66,0.62,0.84,0.8,0.7,0.61,0.73,0.68,0.57,0.66,0.72,0.71,0.69,0.67,0.61,0.59,0.45,LB,DEF,2
Kévin Théophile-Catherine,CB,France,0.71,0.71,0.49,0.65,0.66,0.69,0.79,0.76,0.67,0.69,0.72,0.67,0.65,0.81,0.68,0.84,0.77,0.67,0.65,0.67,0.66,0.6,CB,DEF,2
Bobby Thomas,CB,England,0.71,0.53,0.36,0.53,0.52,0.7,0.8,0.52,0.54,0.45,0.48,0.55,0.61,0.83,0.69,0.75,0.7,0.68,0.69,0.7,0.7,0.47,CB,DEF,3
Luke Thomas,LB,England,0.71,0.75,0.42,0.64,0.68,0.68,0.69,0.77,0.74,0.69,0.71,0.67,0.68,0.65,0.75,0.74,0.69,0.67,0.69,0.68,0.61,0.44,LB,DEF,2
Nouhou,LB,Cameroon,0.71,0.87,0.36,0.52,0.6,0.68,0.82,0.86,0.87,0.7,0.67,0.59,0.64,0.8,0.83,0.8,0.74,0.75,0.64,0.68,0.51,0.54,LB,DEF,2
Boris Tomiak,CB,Germany,0.71,0.72,0.43,0.46,0.41,0.71,0.81,0.67,0.76,0.59,0.47,0.46,0.67,0.86,0.77,0.85,0.72,0.69,0.73,0.69,0.72,0.62,CB,DEF,3
Michal Tomič,RB,Slovakia,0.71,0.76,0.64,0.68,0.71,0.65,0.66,0.75,0.77,0.72,0.66,0.71,0.68,0.62,0.73,0.7,0.66,0.68,0.63,0.67,0.58,0.71,RB,DEF,2
Nemanja Tošić,LB,Serbia,0.71,0.71,0.47,0.66,0.68,0.67,0.74,0.69,0.72,0.67,0.77,0.7,0.66,0.76,0.82,0.78,0.67,0.71,0.65,0.65,0.68,0.55,LB,DEF,2
Conor Townsend,LB,England,0.71,0.67,0.46,0.64,0.67,0.68,0.7,0.65,0.68,0.69,0.72,0.67,0.68,0.71,0.81,0.7,0.71,0.67,0.69,0.67,0.57,0.47,LB,DEF,2
Mamadou Traore,CB,Mali,0.71,0.44,0.32,0.56,0.54,0.71,0.75,0.38,0.48,0.43,0.52,0.63,0.64,0.81,0.64,0.82,0.75,0.65,0.7,0.66,0.74,0.42,CB,DEF,3
Jere Uronen,LB,Finland,0.71,0.64,0.57,0.69,0.68,0.68,0.7,0.66,0.63,0.71,0.73,0.66,0.69,0.65,0.79,0.67,0.71,0.69,0.66,0.7,0.59,0.75,LB,DEF,2
Georgios Vagiannidis,RB,Greece,0.71,0.79,0.47,0.64,0.67,0.65,0.66,0.81,0.78,0.73,0.68,0.68,0.68,0.59,0.78,0.72,0.68,0.67,0.64,0.65,0.59,0.56,RB,DEF,2
Bruno Wilson,CB,Portugal,0.71,0.5,0.3,0.45,0.49,0.73,0.79,0.54,0.46,0.31,0.35,0.59,0.69,0.82,0.75,0.75,0.73,0.7,0.78,0.68,0.68,0.46,CB,DEF,3
Yan Valery,RB,Tunisia,0.71,0.64,0.52,0.63,0.67,0.7,0.72,0.69,0.6,0.65,0.67,0.66,0.71,0.7,0.75,0.73,0.72,0.68,0.69,0.7,0.68,0.67,RB,DEF,2
Albert Vallci,CB,Austria,0.71,0.7,0.61,0.6,0.57,0.7,0.79,0.73,0.68,0.56,0.45,0.56,0.66,0.81,0.8,0.91,0.72,0.72,0.68,0.63,0.8,0.69,CB,DEF,3
Zeno Van Den Bosch,CB,Belgium,0.71,0.6,0.27,0.64,0.51,0.72,0.7,0.54,0.64,0.5,0.49,0.6,0.67,0.78,0.56,0.77,0.74,0.73,0.7,0.7,0.72,0.34,CB,DEF,3
Leonel Vangioni,LB,Argentina,0.71,0.73,0.62,0.68,0.67,0.69,0.69,0.76,0.71,0.7,0.67,0.67,0.69,0.66,0.65,0.72,0.7,0.71,0.71,0.71,0.55,0.76,LB,DEF,2
Zinho Vanheusden,CB,Belgium,0.71,0.5,0.45,0.61,0.65,0.71,0.74,0.52,0.48,0.65,0.59,0.66,0.68,0.81,0.66,0.75,0.72,0.73,0.71,0.71,0.7,0.58,CB,DEF,3
Emiliano Velázquez,CB,Uruguay,0.71,0.51,0.47,0.48,0.57,0.72,0.77,0.63,0.42,0.34,0.5,0.68,0.68,0.82,0.72,0.77,0.74,0.71,0.73,0.71,0.63,0.57,CB,DEF,3
Lorenzo Venuti,RB,Italy,0.71,0.66,0.44,0.62,0.66,0.67,0.62,0.71,0.61,0.7,0.74,0.7,0.67,0.53,0.75,0.64,0.67,0.7,0.67,0.7,0.58,0.48,RB,DEF,2
Calvin Verdonk,LB,Indonesia,0.71,0.79,0.58,0.66,0.66,0.68,0.69,0.74,0.83,0.69,0.8,0.66,0.66,0.67,0.71,0.74,0.68,0.74,0.66,0.67,0.65,0.78,LB,DEF,2
Paulinho,LB,Brazil,0.71,0.83,0.65,0.67,0.71,0.64,0.67,0.84,0.83,0.82,0.77,0.7,0.66,0.64,0.8,0.77,0.64,0.63,0.64,0.65,0.6,0.74,LB,DEF,2
Mikel Villanueva,CB,Venezuela,0.71,0.53,0.4,0.58,0.62,0.71,0.79,0.54,0.53,0.48,0.65,0.66,0.7,0.86,0.72,0.68,0.71,0.7,0.75,0.68,0.64,0.64,CB,DEF,3
Mattia Viti,CB,Italy,0.71,0.66,0.35,0.5,0.52,0.72,0.67,0.63,0.68,0.52,0.49,0.6,0.68,0.7,0.57,0.76,0.74,0.71,0.71,0.71,0.74,0.56,CB,DEF,3
Bart Vriends,CB,Holland,0.71,0.51,0.32,0.48,0.48,0.71,0.8,0.38,0.62,0.38,0.42,0.56,0.65,0.85,0.8,0.76,0.72,0.65,0.73,0.68,0.75,0.42,CB,DEF,3
DeAndre Yedlin,RB,United States,0.71,0.85,0.5,0.59,0.65,0.66,0.73,0.85,0.85,0.88,0.8,0.6,0.67,0.66,0.87,0.75,0.68,0.63,0.66,0.68,0.55,0.73,RB,DEF,2
Darlin Yongwa,LB,Cameroon,0.71,0.85,0.4,0.6,0.68,0.66,0.72,0.81,0.88,0.86,0.84,0.67,0.66,0.71,0.78,0.72,0.68,0.7,0.67,0.66,0.48,0.35,LB,DEF,2
Philipp Ziereis,CB,Germany,0.71,0.6,0.24,0.58,0.57,0.71,0.79,0.55,0.64,0.6,0.58,0.56,0.69,0.81,0.79,0.79,0.74,0.72,0.69,0.68,0.72,0.4,CB,DEF,3
Ondřej Zmrzlý,LB,Czech Republic,0.71,0.72,0.63,0.69,0.69,0.65,0.71,0.73,0.71,0.67,0.64,0.71,0.67,0.7,0.72,0.74,0.68,0.68,0.63,0.65,0.61,0.66,LB,DEF,2
Davide Adorni,CB,Italy,0.7,0.74,0.44,0.52,0.53,0.71,0.7,0.71,0.76,0.69,0.65,0.53,0.68,0.67,0.76,0.75,0.73,0.7,0.72,0.68,0.7,0.59,CB,DEF,2
Juan Felipe Aguirre,CB,Colombia,0.7,0.59,0.38,0.52,0.53,0.72,0.72,0.53,0.64,0.49,0.64,0.56,0.6,0.8,0.61,0.81,0.68,0.75,0.78,0.63,0.76,0.45,CB,DEF,3
Ahn Hyun Beom,RB,Korea Republic,0.7,0.9,0.61,0.63,0.69,0.6,0.74,0.9,0.9,0.84,0.72,0.63,0.69,0.73,0.91,0.76,0.65,0.59,0.58,0.62,0.48,0.64,RB,DEF,2
Ahn Young Kyu,CB,Korea Republic,0.7,0.61,0.31,0.41,0.56,0.71,0.76,0.58,0.64,0.64,0.54,0.62,0.63,0.82,0.68,0.77,0.72,0.64,0.74,0.67,0.7,0.48,CB,DEF,3
Semi Ajayi,CB,Nigeria,0.7,0.69,0.48,0.47,0.59,0.69,0.81,0.61,0.76,0.55,0.35,0.61,0.66,0.83,0.79,0.83,0.68,0.66,0.7,0.66,0.75,0.61,CB,DEF,3
Sami Al Khaibari,CB,Saudi Arabia,0.7,0.51,0.27,0.43,0.39,0.71,0.8,0.48,0.54,0.33,0.64,0.41,0.66,0.85,0.84,0.83,0.69,0.69,0.7,0.7,0.79,0.38,CB,DEF,3
Ezgjan Alioski,LB,North Macedonia,0.7,0.73,0.71,0.7,0.72,0.64,0.71,0.74,0.72,0.76,0.77,0.72,0.66,0.66,0.71,0.74,0.67,0.65,0.63,0.62,0.64,0.76,LB,DEF,2
Miguel Lopes,CB,Portugal,0.7,0.65,0.52,0.65,0.66,0.7,0.72,0.66,0.64,0.6,0.63,0.7,0.67,0.72,0.64,0.73,0.7,0.69,0.7,0.72,0.64,0.7,CB,DEF,2
Giorgio Altare,CB,Italy,0.7,0.57,0.39,0.47,0.5,0.71,0.77,0.48,0.64,0.37,0.44,0.54,0.58,0.84,0.66,0.78,0.72,0.7,0.71,0.7,0.71,0.52,CB,DEF,3
Jair Amador,CB,Portugal,0.7,0.64,0.29,0.48,0.46,0.68,0.82,0.6,0.68,0.52,0.58,0.6,0.59,0.9,0.78,0.81,0.7,0.67,0.64,0.68,0.79,0.41,CB,DEF,3
Jordan Amavi,LB,France,0.7,0.67,0.6,0.65,0.66,0.69,0.68,0.66,0.67,0.64,0.7,0.67,0.67,0.7,0.58,0.72,0.71,0.7,0.66,0.69,0.66,0.72,LB,DEF,2
Aurèle Amenda,CB,Switzerland,0.7,0.72,0.27,0.51,0.47,0.67,0.82,0.71,0.72,0.34,0.37,0.56,0.66,0.9,0.7,0.83,0.69,0.68,0.69,0.66,0.6,0.42,CB,DEF,3
José Amo,CB,Spain,0.7,0.59,0.38,0.55,0.62,0.68,0.77,0.66,0.53,0.64,0.59,0.7,0.67,0.78,0.74,0.77,0.67,0.69,0.68,0.69,0.67,0.53,CB,DEF,3
Joel Andersson,RB,Sweden,0.7,0.83,0.51,0.66,0.69,0.63,0.72,0.82,0.83,0.84,0.81,0.68,0.63,0.65,0.87,0.69,0.65,0.64,0.64,0.64,0.47,0.56,RB,DEF,2
Fabrizio Angileri,LB,Argentina,0.7,0.77,0.68,0.69,0.69,0.65,0.78,0.76,0.77,0.73,0.69,0.69,0.66,0.8,0.79,0.82,0.67,0.66,0.65,0.63,0.63,0.85,LB,DEF,2
Jorge Arias,CB,Colombia,0.7,0.76,0.48,0.61,0.59,0.68,0.78,0.7,0.8,0.71,0.63,0.59,0.73,0.78,0.82,0.79,0.7,0.67,0.63,0.75,0.68,0.56,CB,DEF,2
Zoran Arsenić,CB,Croatia,0.7,0.69,0.4,0.59,0.61,0.69,0.79,0.7,0.68,0.67,0.72,0.63,0.7,0.81,0.77,0.79,0.69,0.69,0.71,0.68,0.64,0.59,CB,DEF,2
Jonas Auer,LB,Austria,0.7,0.77,0.56,0.63,0.65,0.65,0.71,0.78,0.77,0.76,0.71,0.66,0.63,0.68,0.81,0.71,0.68,0.65,0.65,0.64,0.54,0.6,LB,DEF,2
Gastón Ávila,CB,Argentina,0.7,0.7,0.46,0.63,0.63,0.69,0.72,0.67,0.72,0.67,0.69,0.64,0.65,0.73,0.68,0.75,0.69,0.7,0.69,0.69,0.69,0.78,CB,DEF,2
Tomás Avilés,CB,Argentina,0.7,0.6,0.48,0.58,0.58,0.71,0.7,0.58,0.61,0.57,0.48,0.62,0.63,0.7,0.62,0.74,0.73,0.67,0.68,0.72,0.73,0.57,CB,DEF,3
Chidozie Awaziem,CB,Nigeria,0.7,0.72,0.39,0.48,0.6,0.69,0.76,0.7,0.73,0.69,0.51,0.61,0.7,0.77,0.72,0.79,0.71,0.69,0.67,0.68,0.7,0.53,CB,DEF,3
Irakli Azarov,LB,Georgia,0.7,0.75,0.37,0.65,0.7,0.63,0.57,0.77,0.74,0.72,0.69,0.7,0.66,0.52,0.71,0.63,0.66,0.64,0.58,0.72,0.54,0.5,LB,DEF,2
George Baldock,RB,Greece,0.7,0.7,0.47,0.63,0.69,0.65,0.72,0.74,0.67,0.75,0.73,0.68,0.66,0.67,0.79,0.7,0.68,0.68,0.66,0.64,0.55,0.46,RB,DEF,2
Jure Balkovec,CB,Slovenia,0.7,0.67,0.55,0.68,0.66,0.7,0.72,0.68,0.66,0.62,0.63,0.68,0.66,0.75,0.7,0.74,0.7,0.71,0.73,0.7,0.61,0.74,CB,DEF,2
Fodé Ballo-Touré,LB,Senegal,0.7,0.81,0.51,0.68,0.72,0.68,0.62,0.86,0.77,0.7,0.69,0.72,0.71,0.7,0.34,0.78,0.71,0.68,0.68,0.68,0.58,0.56,LB,DEF,2
Abdoulaye Bamba,CB,Côte d'Ivoire,0.7,0.65,0.4,0.63,0.63,0.71,0.67,0.68,0.63,0.72,0.64,0.67,0.69,0.67,0.67,0.73,0.74,0.69,0.71,0.69,0.7,0.5,CB,DEF,2
Nicușor Bancu,LB,Romania,0.7,0.81,0.66,0.66,0.7,0.62,0.76,0.81,0.81,0.82,0.72,0.68,0.67,0.7,0.9,0.75,0.63,0.62,0.63,0.61,0.55,0.79,LB,DEF,2
Rayyan Baniya,CB,Turkey,0.7,0.65,0.31,0.43,0.53,0.7,0.77,0.63,0.66,0.53,0.54,0.59,0.7,0.82,0.69,0.7,0.74,0.66,0.69,0.71,0.65,0.45,CB,DEF,3
David Bates,CB,Scotland,0.7,0.48,0.29,0.48,0.5,0.71,0.76,0.41,0.54,0.35,0.45,0.52,0.58,0.82,0.68,0.71,0.72,0.7,0.7,0.71,0.69,0.34,CB,DEF,3
Emin Bayram,CB,Turkey,0.7,0.63,0.4,0.59,0.69,0.71,0.7,0.62,0.63,0.62,0.64,0.75,0.62,0.66,0.74,0.69,0.72,0.7,0.72,0.7,0.66,0.5,CB,DEF,2
Jeanuël Belocian,CB,France,0.7,0.68,0.41,0.64,0.65,0.7,0.69,0.65,0.7,0.67,0.68,0.68,0.66,0.72,0.59,0.75,0.72,0.7,0.69,0.68,0.69,0.54,CB,DEF,2
Berrocal,CB,Spain,0.7,0.59,0.38,0.5,0.51,0.7,0.75,0.55,0.62,0.61,0.61,0.61,0.68,0.77,0.76,0.74,0.71,0.69,0.7,0.69,0.68,0.58,CB,DEF,3
Giulian Biancone,CB,France,0.7,0.64,0.45,0.62,0.65,0.69,0.72,0.59,0.68,0.54,0.51,0.7,0.66,0.78,0.61,0.75,0.72,0.71,0.68,0.65,0.68,0.62,CB,DEF,3
Jake Bidwell,LB,England,0.7,0.67,0.48,0.65,0.62,0.67,0.76,0.65,0.68,0.62,0.64,0.68,0.67,0.74,0.8,0.74,0.68,0.65,0.68,0.67,0.65,0.66,LB,DEF,2
Brian Blasi,CB,Argentina,0.7,0.68,0.41,0.56,0.6,0.69,0.76,0.65,0.7,0.66,0.54,0.6,0.71,0.75,0.78,0.76,0.7,0.66,0.68,0.72,0.7,0.53,CB,DEF,3
Lewin Blum,RB,Switzerland,0.7,0.74,0.27,0.64,0.69,0.65,0.66,0.75,0.73,0.73,0.74,0.68,0.64,0.65,0.74,0.67,0.67,0.69,0.68,0.65,0.5,0.23,RB,DEF,2
Éric Bocat,LB,France,0.7,0.78,0.52,0.66,0.69,0.63,0.67,0.76,0.79,0.69,0.73,0.7,0.68,0.64,0.76,0.71,0.64,0.62,0.64,0.66,0.56,0.58,LB,DEF,2
Herbert Bockhorn,RB,Uganda,0.7,0.8,0.61,0.64,0.68,0.65,0.69,0.76,0.84,0.75,0.83,0.67,0.58,0.65,0.83,0.74,0.68,0.65,0.63,0.65,0.62,0.61,RB,DEF,2
Kevin Bonifazi,CB,Italy,0.7,0.35,0.35,0.52,0.55,0.72,0.61,0.37,0.33,0.39,0.64,0.62,0.68,0.7,0.32,0.66,0.76,0.72,0.67,0.73,0.71,0.49,CB,DEF,3
Robin Bormuth,CB,Germany,0.7,0.68,0.27,0.46,0.5,0.71,0.76,0.65,0.7,0.56,0.6,0.58,0.65,0.83,0.71,0.79,0.7,0.68,0.72,0.72,0.68,0.39,CB,DEF,3
Endre Botka,RB,Hungary,0.7,0.71,0.41,0.59,0.61,0.7,0.72,0.74,0.68,0.62,0.63,0.61,0.65,0.72,0.62,0.78,0.7,0.74,0.71,0.7,0.67,0.52,RB,DEF,2
Claudio Bravo,LB,Argentina,0.7,0.74,0.47,0.6,0.64,0.67,0.71,0.73,0.74,0.77,0.73,0.62,0.62,0.63,0.81,0.69,0.68,0.68,0.66,0.7,0.57,0.57,LB,DEF,2
James Bree,RB,England,0.7,0.68,0.45,0.65,0.66,0.68,0.66,0.7,0.67,0.64,0.64,0.69,0.66,0.68,0.72,0.71,0.7,0.66,0.69,0.67,0.6,0.54,RB,DEF,2
David Brekalo,CB,Slovenia,0.7,0.73,0.27,0.48,0.61,0.69,0.81,0.74,0.73,0.48,0.63,0.64,0.65,0.85,0.83,0.88,0.68,0.68,0.7,0.67,0.71,0.35,CB,DEF,3
Abel Bretones,LB,Spain,0.7,0.75,0.64,0.66,0.66,0.64,0.78,0.73,0.77,0.72,0.58,0.66,0.65,0.75,0.81,0.78,0.65,0.66,0.62,0.66,0.64,0.72,LB,DEF,2
Callum Brittain,RB,England,0.7,0.8,0.52,0.64,0.68,0.64,0.71,0.78,0.81,0.79,0.73,0.66,0.67,0.69,0.75,0.71,0.69,0.64,0.64,0.64,0.52,0.52,RB,DEF,2
Dylan Bronn,CB,Tunisia,0.7,0.6,0.61,0.64,0.61,0.7,0.75,0.62,0.58,0.66,0.63,0.64,0.68,0.77,0.72,0.76,0.7,0.7,0.72,0.7,0.68,0.74,CB,DEF,3
Joe Bryan,LB,England,0.7,0.72,0.6,0.68,0.68,0.67,0.71,0.74,0.71,0.75,0.77,0.68,0.62,0.71,0.7,0.78,0.69,0.68,0.65,0.65,0.67,0.69,LB,DEF,2
Lee Buchanan,LB,England,0.7,0.74,0.41,0.57,0.66,0.67,0.63,0.71,0.77,0.69,0.71,0.66,0.65,0.61,0.73,0.72,0.68,0.7,0.67,0.65,0.65,0.53,LB,DEF,2
Reece Burke,CB,England,0.7,0.61,0.36,0.54,0.61,0.71,0.73,0.54,0.67,0.52,0.48,0.61,0.71,0.75,0.69,0.72,0.72,0.7,0.71,0.7,0.7,0.54,CB,DEF,3
Harrison Burrows,LB,England,0.7,0.77,0.63,0.68,0.69,0.63,0.66,0.79,0.76,0.8,0.79,0.68,0.68,0.58,0.84,0.69,0.65,0.64,0.63,0.62,0.56,0.67,LB,DEF,2
Maxime Busi,RB,Belgium,0.7,0.69,0.49,0.63,0.68,0.67,0.66,0.69,0.69,0.69,0.68,0.7,0.68,0.65,0.67,0.72,0.68,0.66,0.65,0.65,0.7,0.54,RB,DEF,2
Erick Cabaco,CB,Uruguay,0.7,0.43,0.41,0.5,0.54,0.7,0.75,0.44,0.43,0.58,0.47,0.62,0.68,0.78,0.63,0.7,0.68,0.7,0.71,0.7,0.7,0.52,CB,DEF,3
Ben Cabango,CB,Wales,0.7,0.62,0.28,0.47,0.52,0.7,0.75,0.57,0.66,0.45,0.55,0.58,0.69,0.81,0.68,0.76,0.71,0.71,0.7,0.71,0.67,0.36,CB,DEF,3
Mattia Caldara,CB,Italy,0.7,0.35,0.44,0.55,0.62,0.71,0.68,0.36,0.34,0.57,0.6,0.61,0.7,0.71,0.56,0.69,0.74,0.74,0.65,0.7,0.74,0.55,CB,DEF,3
Mateo Carabajal,CB,Argentina,0.7,0.71,0.43,0.62,0.62,0.7,0.74,0.69,0.72,0.71,0.69,0.66,0.71,0.73,0.81,0.76,0.7,0.7,0.69,0.71,0.69,0.53,CB,DEF,2
Iza Carcelén,RB,Spain,0.7,0.74,0.58,0.66,0.68,0.65,0.68,0.75,0.74,0.69,0.73,0.68,0.6,0.56,0.88,0.67,0.65,0.63,0.67,0.68,0.58,0.69,RB,DEF,2
Hayden Carter,CB,England,0.7,0.71,0.4,0.57,0.59,0.69,0.78,0.67,0.75,0.63,0.54,0.62,0.65,0.8,0.77,0.79,0.7,0.69,0.69,0.68,0.69,0.6,CB,DEF,3
Pietro Ceccaroni,CB,Italy,0.7,0.65,0.47,0.62,0.62,0.71,0.71,0.59,0.7,0.61,0.7,0.61,0.67,0.74,0.69,0.77,0.72,0.7,0.71,0.7,0.72,0.55,CB,DEF,3
Štěpán Chaloupek,CB,Czech Republic,0.7,0.71,0.34,0.52,0.57,0.68,0.76,0.66,0.75,0.51,0.55,0.66,0.66,0.81,0.65,0.8,0.68,0.72,0.67,0.67,0.7,0.45,CB,DEF,3
Pep Chavarría,LB,Spain,0.7,0.82,0.49,0.64,0.67,0.64,0.74,0.79,0.84,0.74,0.71,0.66,0.68,0.73,0.86,0.77,0.65,0.59,0.64,0.67,0.59,0.59,LB,DEF,2
Maxime Colin,RB,France,0.7,0.7,0.43,0.62,0.65,0.68,0.74,0.69,0.7,0.69,0.68,0.65,0.67,0.71,0.81,0.74,0.68,0.68,0.68,0.68,0.63,0.62,RB,DEF,2
Jamilu Collins,LB,Nigeria,0.7,0.77,0.36,0.59,0.68,0.67,0.7,0.79,0.76,0.77,0.74,0.67,0.64,0.7,0.71,0.74,0.71,0.67,0.65,0.68,0.57,0.42,LB,DEF,2
Aldo Corzo,CB,Peru,0.7,0.67,0.51,0.63,0.63,0.71,0.7,0.68,0.66,0.61,0.74,0.68,0.67,0.7,0.69,0.72,0.69,0.73,0.72,0.74,0.66,0.68,CB,DEF,2
Pedro Álvaro,CB,Portugal,0.7,0.64,0.32,0.45,0.53,0.71,0.75,0.63,0.64,0.51,0.53,0.55,0.68,0.78,0.71,0.75,0.7,0.69,0.74,0.73,0.63,0.48,CB,DEF,3
Matteo Cotali,LB,Italy,0.7,0.74,0.52,0.65,0.68,0.65,0.67,0.77,0.71,0.79,0.8,0.67,0.7,0.61,0.81,0.71,0.64,0.63,0.67,0.66,0.58,0.57,LB,DEF,2
Lewie Coyle,RB,England,0.7,0.72,0.49,0.62,0.66,0.66,0.73,0.74,0.7,0.73,0.77,0.65,0.67,0.7,0.79,0.72,0.69,0.66,0.67,0.65,0.57,0.57,RB,DEF,2
Bradley Danger,CB,France,0.7,0.75,0.53,0.63,0.67,0.69,0.76,0.76,0.74,0.67,0.64,0.69,0.67,0.75,0.81,0.8,0.72,0.68,0.68,0.67,0.64,0.57,CB,DEF,2
De La Fuente,CB,Spain,0.7,0.58,0.55,0.62,0.58,0.71,0.7,0.6,0.57,0.58,0.56,0.65,0.67,0.71,0.65,0.76,0.71,0.68,0.71,0.7,0.72,0.7,CB,DEF,3
Hernán De La Fuente,RB,Argentina,0.7,0.85,0.6,0.6,0.71,0.62,0.75,0.82,0.87,0.82,0.73,0.7,0.65,0.73,0.78,0.76,0.66,0.63,0.55,0.68,0.54,0.7,RB,DEF,2
Lorenzo Dickmann,RB,Italy,0.7,0.69,0.52,0.61,0.66,0.69,0.64,0.7,0.69,0.71,0.83,0.64,0.64,0.56,0.81,0.61,0.7,0.7,0.7,0.72,0.53,0.57,RB,DEF,2
Carlos Domínguez,CB,Spain,0.7,0.66,0.28,0.52,0.51,0.71,0.62,0.63,0.69,0.46,0.56,0.68,0.68,0.62,0.53,0.73,0.72,0.71,0.69,0.71,0.72,0.36,CB,DEF,3
Doo Hyun Seok,RB,Korea Republic,0.7,0.82,0.6,0.6,0.71,0.62,0.66,0.81,0.83,0.88,0.9,0.66,0.71,0.61,0.88,0.71,0.67,0.59,0.6,0.64,0.54,0.65,RB,DEF,2
Cody Drameh,RB,England,0.7,0.8,0.35,0.61,0.68,0.66,0.7,0.79,0.8,0.67,0.69,0.65,0.65,0.68,0.74,0.74,0.71,0.69,0.65,0.63,0.59,0.42,RB,DEF,2
Jeremy Dudziak,LB,Tunisia,0.7,0.7,0.61,0.7,0.75,0.64,0.65,0.78,0.63,0.87,0.85,0.73,0.68,0.58,0.72,0.69,0.68,0.67,0.62,0.64,0.55,0.66,LB,DEF,2
George Edmundson,CB,England,0.7,0.69,0.35,0.51,0.57,0.68,0.8,0.68,0.69,0.51,0.55,0.59,0.65,0.89,0.72,0.75,0.69,0.67,0.68,0.68,0.68,0.52,CB,DEF,3
Oualid El Hajjam,RB,Morocco,0.7,0.68,0.45,0.64,0.66,0.69,0.72,0.67,0.69,0.66,0.67,0.66,0.67,0.7,0.76,0.72,0.69,0.67,0.7,0.7,0.66,0.59,RB,DEF,2
Omar Elabdellaoui,RB,Norway,0.7,0.75,0.53,0.66,0.7,0.66,0.7,0.77,0.74,0.8,0.8,0.68,0.7,0.69,0.75,0.74,0.67,0.66,0.66,0.67,0.58,0.67,RB,DEF,2
Elgezabal,CB,Spain,0.7,0.52,0.5,0.58,0.53,0.7,0.75,0.54,0.5,0.53,0.51,0.64,0.65,0.76,0.73,0.72,0.68,0.66,0.73,0.74,0.65,0.66,CB,DEF,3
Juan Elordi,LB,Argentina,0.7,0.62,0.45,0.64,0.68,0.72,0.63,0.6,0.64,0.52,0.73,0.71,0.54,0.6,0.57,0.67,0.72,0.72,0.75,0.7,0.66,0.45,LB,DEF,2
Lukas Engel,LB,Denmark,0.7,0.82,0.58,0.63,0.68,0.63,0.69,0.8,0.83,0.68,0.67,0.7,0.63,0.65,0.8,0.75,0.65,0.67,0.62,0.6,0.61,0.64,LB,DEF,2
Caner Erkin,LB,Turkey,0.7,0.63,0.71,0.76,0.73,0.66,0.67,0.64,0.62,0.68,0.69,0.75,0.7,0.61,0.62,0.67,0.68,0.69,0.65,0.66,0.6,0.81,LB,DEF,2
Patrick Erras,CB,Germany,0.7,0.33,0.41,0.62,0.49,0.7,0.76,0.32,0.34,0.31,0.29,0.62,0.66,0.87,0.67,0.71,0.72,0.64,0.68,0.71,0.7,0.48,CB,DEF,3
Matías Espinoza,LB,Paraguay,0.7,0.76,0.44,0.6,0.62,0.65,0.69,0.75,0.76,0.82,0.61,0.64,0.69,0.69,0.8,0.73,0.68,0.63,0.64,0.65,0.59,0.5,LB,DEF,2
Maximiliano Falcón,CB,Uruguay,0.7,0.75,0.4,0.34,0.41,0.67,0.87,0.73,0.77,0.44,0.38,0.45,0.7,0.85,0.89,0.85,0.66,0.65,0.62,0.74,0.7,0.66,CB,DEF,3
Juninho,CB,Brazil,0.7,0.74,0.48,0.53,0.63,0.67,0.79,0.73,0.75,0.69,0.63,0.67,0.66,0.86,0.73,0.88,0.69,0.67,0.64,0.67,0.71,0.63,CB,DEF,2
Will Fish,CB,England,0.7,0.63,0.34,0.52,0.56,0.69,0.77,0.61,0.65,0.41,0.5,0.63,0.66,0.8,0.75,0.8,0.69,0.67,0.7,0.68,0.71,0.5,CB,DEF,3
Mamadou Fofana,CB,Mali,0.7,0.64,0.33,0.54,0.63,0.69,0.77,0.68,0.61,0.7,0.56,0.66,0.66,0.76,0.82,0.78,0.67,0.66,0.71,0.72,0.69,0.4,CB,DEF,3
Nahuel Furtado,RB,Uruguay,0.7,0.75,0.57,0.56,0.65,0.68,0.6,0.75,0.75,0.75,0.69,0.67,0.6,0.52,0.77,0.67,0.68,0.65,0.67,0.75,0.62,0.61,RB,DEF,2
Jonathan Galván,CB,Argentina,0.7,0.58,0.59,0.62,0.67,0.68,0.8,0.56,0.59,0.64,0.68,0.7,0.72,0.81,0.83,0.8,0.68,0.64,0.66,0.69,0.72,0.81,CB,DEF,2
Cristian Gamboa,RB,Costa Rica,0.7,0.77,0.47,0.64,0.68,0.66,0.69,0.78,0.76,0.79,0.82,0.68,0.67,0.65,0.7,0.76,0.68,0.66,0.65,0.66,0.64,0.66,RB,DEF,2
Fran Gámez,RB,Spain,0.7,0.79,0.53,0.61,0.65,0.66,0.74,0.77,0.8,0.71,0.69,0.63,0.66,0.71,0.84,0.76,0.68,0.64,0.66,0.67,0.59,0.63,RB,DEF,2
Imanol,LB,Spain,0.7,0.67,0.47,0.66,0.65,0.68,0.55,0.66,0.67,0.68,0.78,0.64,0.63,0.41,0.74,0.56,0.69,0.71,0.64,0.72,0.65,0.53,LB,DEF,2
Nicolas Gavory,LB,France,0.7,0.63,0.62,0.7,0.7,0.67,0.69,0.69,0.58,0.72,0.7,0.71,0.69,0.67,0.74,0.71,0.7,0.69,0.66,0.66,0.65,0.73,LB,DEF,2
Klaus Gjasula,CB,Albania,0.7,0.34,0.51,0.55,0.53,0.69,0.82,0.34,0.34,0.49,0.4,0.55,0.67,0.86,0.68,0.7,0.71,0.61,0.71,0.68,0.68,0.67,CB,DEF,3
Erik Godoy,CB,Argentina,0.7,0.58,0.32,0.55,0.51,0.69,0.77,0.55,0.6,0.51,0.52,0.56,0.67,0.81,0.68,0.75,0.69,0.68,0.71,0.66,0.66,0.4,CB,DEF,3
Josué Sá,CB,Portugal,0.7,0.53,0.36,0.49,0.64,0.7,0.74,0.52,0.53,0.62,0.58,0.67,0.7,0.77,0.74,0.65,0.7,0.68,0.71,0.69,0.7,0.48,CB,DEF,3
Oumar Gonzalez,CB,Cameroon,0.7,0.5,0.37,0.39,0.56,0.7,0.78,0.54,0.46,0.41,0.48,0.62,0.68,0.85,0.69,0.81,0.71,0.68,0.68,0.69,0.75,0.5,CB,DEF,3
Semih Güler,CB,Turkey,0.7,0.72,0.37,0.48,0.56,0.7,0.78,0.7,0.73,0.67,0.58,0.56,0.63,0.8,0.74,0.78,0.73,0.71,0.69,0.7,0.65,0.61,CB,DEF,3
Jostein Gundersen,CB,Norway,0.7,0.55,0.45,0.53,0.58,0.7,0.75,0.54,0.56,0.59,0.7,0.63,0.7,0.8,0.71,0.74,0.7,0.66,0.71,0.69,0.68,0.6,CB,DEF,3
Cristian Gutiérrez,LB,Spain,0.7,0.77,0.62,0.68,0.69,0.67,0.56,0.8,0.75,0.75,0.73,0.7,0.69,0.57,0.49,0.73,0.67,0.68,0.68,0.66,0.66,0.61,LB,DEF,2
Dennis Hadžikadunić,CB,Bosnia and Herzegovina,0.7,0.63,0.3,0.49,0.54,0.69,0.76,0.58,0.67,0.6,0.56,0.63,0.68,0.77,0.7,0.74,0.7,0.68,0.68,0.68,0.68,0.42,CB,DEF,3
Daiki Hashioka,RB,Japan,0.7,0.7,0.59,0.65,0.68,0.65,0.76,0.66,0.74,0.61,0.59,0.69,0.7,0.74,0.89,0.74,0.66,0.63,0.67,0.6,0.65,0.62,RB,DEF,2
Kristoffer Haugen,LB,Norway,0.7,0.79,0.6,0.65,0.65,0.63,0.74,0.79,0.79,0.7,0.61,0.66,0.65,0.74,0.84,0.74,0.65,0.64,0.65,0.64,0.51,0.71,LB,DEF,2
Lucas Áfrico,CB,Brazil,0.7,0.48,0.41,0.56,0.52,0.7,0.76,0.42,0.53,0.36,0.38,0.58,0.64,0.8,0.6,0.69,0.7,0.68,0.72,0.68,0.67,0.62,CB,DEF,3
Lucas Hernández,LB,Uruguay,0.7,0.55,0.52,0.67,0.65,0.7,0.69,0.53,0.57,0.65,0.63,0.66,0.7,0.72,0.56,0.7,0.65,0.72,0.73,0.72,0.69,0.65,LB,DEF,3
André Hoffmann,CB,Germany,0.7,0.41,0.38,0.54,0.56,0.7,0.73,0.49,0.34,0.52,0.56,0.62,0.68,0.82,0.55,0.78,0.71,0.68,0.7,0.67,0.72,0.61,CB,DEF,3
Valber Huerta,CB,Chile,0.7,0.43,0.24,0.42,0.41,0.71,0.79,0.34,0.5,0.6,0.48,0.44,0.65,0.86,0.74,0.75,0.72,0.7,0.71,0.7,0.74,0.38,CB,DEF,3
Andrew Hughes,CB,Wales,0.7,0.6,0.42,0.62,0.6,0.7,0.78,0.56,0.63,0.61,0.56,0.62,0.68,0.78,0.81,0.78,0.7,0.7,0.69,0.7,0.71,0.51,CB,DEF,3
Shaun Hutchinson,CB,England,0.7,0.43,0.29,0.5,0.5,0.71,0.76,0.38,0.47,0.5,0.48,0.47,0.68,0.81,0.65,0.74,0.72,0.71,0.69,0.72,0.74,0.54,CB,DEF,3
Dominic Hyam,CB,Scotland,0.7,0.53,0.32,0.54,0.58,0.7,0.76,0.52,0.54,0.56,0.5,0.62,0.69,0.79,0.74,0.77,0.7,0.69,0.71,0.7,0.72,0.54,CB,DEF,3
Emanuel Insua,LB,Argentina,0.7,0.75,0.54,0.58,0.64,0.67,0.74,0.73,0.77,0.59,0.64,0.66,0.66,0.71,0.75,0.77,0.71,0.67,0.66,0.65,0.64,0.7,LB,DEF,2
Insua,CB,Spain,0.7,0.45,0.37,0.54,0.53,0.71,0.71,0.43,0.47,0.45,0.56,0.66,0.63,0.81,0.5,0.71,0.72,0.63,0.72,0.72,0.68,0.46,CB,DEF,3
Robin Jansson,CB,Sweden,0.7,0.48,0.28,0.53,0.59,0.71,0.75,0.48,0.48,0.52,0.53,0.64,0.52,0.82,0.67,0.77,0.74,0.72,0.71,0.65,0.71,0.32,CB,DEF,3
Adis Jasic,RB,Austria,0.7,0.79,0.59,0.64,0.66,0.64,0.74,0.79,0.79,0.74,0.74,0.65,0.64,0.68,0.89,0.76,0.67,0.65,0.6,0.65,0.6,0.67,RB,DEF,2
Marco John,LB,Germany,0.7,0.74,0.53,0.69,0.71,0.64,0.55,0.68,0.78,0.7,0.7,0.72,0.67,0.53,0.64,0.52,0.64,0.66,0.66,0.71,0.43,0.6,LB,DEF,2
Sebastian Jung,RB,Germany,0.7,0.65,0.5,0.66,0.68,0.69,0.7,0.66,0.65,0.68,0.73,0.7,0.64,0.67,0.69,0.68,0.69,0.67,0.72,0.71,0.59,0.71,RB,DEF,2
Brian Kaltak,CB,Vanuatu,0.7,0.84,0.54,0.55,0.55,0.64,0.87,0.78,0.88,0.56,0.55,0.61,0.6,0.89,0.82,0.89,0.66,0.71,0.59,0.61,0.7,0.85,CB,DEF,2
Lindrit Kamberi,CB,Switzerland,0.7,0.7,0.35,0.59,0.66,0.68,0.73,0.7,0.7,0.6,0.67,0.68,0.69,0.74,0.72,0.77,0.7,0.7,0.67,0.66,0.7,0.56,CB,DEF,2
Marcin Kamiński,CB,Poland,0.7,0.52,0.57,0.64,0.59,0.7,0.73,0.5,0.53,0.48,0.54,0.64,0.64,0.78,0.7,0.77,0.75,0.68,0.65,0.71,0.74,0.68,CB,DEF,3
Stephen Kingsley,CB,Scotland,0.7,0.56,0.58,0.7,0.71,0.7,0.73,0.54,0.57,0.67,0.71,0.7,0.69,0.73,0.75,0.71,0.73,0.68,0.7,0.68,0.69,0.61,CB,DEF,2
Liam Kitching,CB,England,0.7,0.67,0.34,0.53,0.58,0.67,0.79,0.63,0.71,0.4,0.41,0.6,0.63,0.83,0.71,0.8,0.67,0.64,0.65,0.68,0.7,0.44,CB,DEF,3
Joris Kramer,CB,Holland,0.7,0.64,0.36,0.45,0.52,0.71,0.73,0.53,0.73,0.58,0.5,0.6,0.58,0.75,0.67,0.79,0.69,0.65,0.74,0.74,0.68,0.58,CB,DEF,3
Thomas Thiesson Kristensen,CB,Denmark,0.7,0.65,0.26,0.5,0.59,0.7,0.74,0.64,0.65,0.35,0.66,0.63,0.65,0.79,0.65,0.81,0.71,0.64,0.7,0.71,0.71,0.3,CB,DEF,3
Ethan Laird,RB,England,0.7,0.84,0.54,0.64,0.69,0.63,0.71,0.85,0.84,0.78,0.7,0.68,0.69,0.71,0.66,0.82,0.63,0.66,0.61,0.63,0.63,0.63,RB,DEF,2
Johan Larsson,RB,Sweden,0.7,0.8,0.63,0.69,0.66,0.63,0.74,0.8,0.8,0.75,0.76,0.64,0.68,0.72,0.85,0.77,0.63,0.62,0.61,0.68,0.58,0.7,RB,DEF,2
Joel Latibeaudiere,CB,Jamaica,0.7,0.66,0.38,0.58,0.63,0.7,0.74,0.66,0.66,0.6,0.64,0.62,0.68,0.74,0.75,0.75,0.72,0.68,0.71,0.67,0.68,0.58,CB,DEF,3
Rasmus Lauritsen,CB,Denmark,0.7,0.55,0.41,0.56,0.52,0.7,0.76,0.55,0.55,0.49,0.59,0.57,0.68,0.78,0.71,0.79,0.71,0.69,0.69,0.68,0.75,0.45,CB,DEF,3
Julien Le Cardinal,CB,France,0.7,0.66,0.31,0.62,0.65,0.7,0.74,0.65,0.67,0.56,0.67,0.68,0.72,0.75,0.76,0.75,0.72,0.67,0.69,0.68,0.69,0.32,CB,DEF,3
Álvaro Lemos,RB,Spain,0.7,0.82,0.64,0.64,0.7,0.63,0.8,0.85,0.79,0.81,0.84,0.69,0.65,0.74,0.91,0.82,0.61,0.62,0.64,0.66,0.61,0.74,RB,DEF,2
Lim Chai Min,CB,Korea Republic,0.7,0.7,0.38,0.48,0.5,0.69,0.79,0.68,0.71,0.58,0.49,0.62,0.63,0.85,0.74,0.85,0.71,0.64,0.71,0.66,0.71,0.58,CB,DEF,3
Daniel Londoño,LB,Colombia,0.7,0.7,0.47,0.62,0.62,0.64,0.75,0.66,0.73,0.71,0.54,0.68,0.65,0.76,0.82,0.76,0.65,0.69,0.64,0.58,0.66,0.43,LB,DEF,2
Kevin Long,CB,Republic of Ireland,0.7,0.48,0.35,0.5,0.55,0.7,0.7,0.5,0.47,0.54,0.49,0.56,0.66,0.8,0.44,0.77,0.7,0.66,0.72,0.68,0.72,0.56,CB,DEF,3
Aaron Long,CB,United States,0.7,0.78,0.39,0.54,0.6,0.68,0.8,0.77,0.78,0.68,0.59,0.6,0.65,0.8,0.8,0.92,0.69,0.67,0.66,0.64,0.78,0.46,CB,DEF,2
Javi López,LB,Spain,0.7,0.77,0.29,0.54,0.59,0.67,0.68,0.74,0.79,0.73,0.55,0.65,0.65,0.67,0.75,0.74,0.7,0.68,0.65,0.68,0.64,0.3,LB,DEF,2
Leandro Lozano,RB,Uruguay,0.7,0.78,0.56,0.63,0.66,0.65,0.69,0.82,0.75,0.75,0.73,0.65,0.66,0.67,0.74,0.77,0.69,0.68,0.63,0.64,0.61,0.64,RB,DEF,2
Seiya Maikuma,RB,Japan,0.7,0.74,0.6,0.64,0.67,0.65,0.67,0.77,0.71,0.78,0.69,0.69,0.67,0.63,0.8,0.68,0.67,0.65,0.67,0.66,0.51,0.66,RB,DEF,2
Jordy Makengo,LB,France,0.7,0.82,0.3,0.58,0.64,0.67,0.72,0.79,0.85,0.61,0.62,0.63,0.67,0.77,0.67,0.82,0.7,0.66,0.67,0.66,0.62,0.34,LB,DEF,2
Ángelo Martino,LB,Argentina,0.7,0.76,0.57,0.65,0.71,0.65,0.64,0.75,0.76,0.81,0.79,0.7,0.66,0.57,0.72,0.7,0.63,0.64,0.63,0.72,0.62,0.66,LB,DEF,2
Pedro Santos,LB,Portugal,0.7,0.69,0.68,0.7,0.73,0.67,0.64,0.7,0.68,0.71,0.72,0.73,0.7,0.58,0.72,0.66,0.7,0.65,0.71,0.63,0.6,0.75,LB,DEF,2
Andrea Masiello,CB,Italy,0.7,0.36,0.46,0.58,0.61,0.71,0.68,0.35,0.36,0.55,0.54,0.66,0.65,0.72,0.54,0.68,0.7,0.67,0.75,0.7,0.71,0.63,CB,DEF,3
Facundo Mater,RB,Argentina,0.7,0.76,0.63,0.63,0.69,0.66,0.7,0.77,0.75,0.71,0.73,0.7,0.65,0.63,0.82,0.72,0.67,0.69,0.66,0.66,0.57,0.63,RB,DEF,2
Marc Mateu,LB,Spain,0.7,0.65,0.69,0.74,0.7,0.65,0.68,0.66,0.64,0.69,0.68,0.7,0.68,0.71,0.75,0.72,0.67,0.66,0.64,0.66,0.62,0.74,LB,DEF,2
Chrislain Matsima,CB,France,0.7,0.73,0.34,0.48,0.55,0.69,0.7,0.62,0.82,0.37,0.34,0.6,0.68,0.81,0.46,0.83,0.7,0.64,0.69,0.69,0.75,0.54,CB,DEF,3
Ross McCrorie,RB,Scotland,0.7,0.78,0.53,0.61,0.68,0.67,0.83,0.74,0.81,0.67,0.7,0.66,0.65,0.81,0.89,0.82,0.69,0.65,0.66,0.65,0.66,0.57,RB,DEF,2
Mark McGuinness,CB,Republic of Ireland,0.7,0.54,0.35,0.5,0.58,0.69,0.79,0.53,0.54,0.51,0.5,0.63,0.63,0.87,0.69,0.77,0.67,0.67,0.7,0.69,0.69,0.49,CB,DEF,3
Luke McNally,CB,Republic of Ireland,0.7,0.49,0.35,0.53,0.6,0.7,0.77,0.53,0.45,0.4,0.38,0.63,0.68,0.81,0.72,0.78,0.71,0.69,0.69,0.7,0.71,0.39,CB,DEF,3
Danny McNamara,RB,Republic of Ireland,0.7,0.78,0.41,0.6,0.67,0.65,0.69,0.79,0.78,0.77,0.78,0.65,0.68,0.65,0.78,0.73,0.67,0.65,0.66,0.66,0.57,0.5,RB,DEF,2
Jakov Medić,CB,Croatia,0.7,0.66,0.52,0.59,0.58,0.67,0.83,0.62,0.69,0.57,0.53,0.61,0.66,0.9,0.73,0.81,0.69,0.67,0.67,0.65,0.69,0.73,CB,DEF,3
Dario Melnjak,LB,Croatia,0.7,0.69,0.66,0.63,0.68,0.66,0.66,0.68,0.69,0.67,0.66,0.69,0.67,0.61,0.74,0.69,0.7,0.69,0.62,0.64,0.65,0.68,LB,DEF,2
Gideon Mensah,LB,Ghana,0.7,0.76,0.56,0.63,0.7,0.64,0.67,0.77,0.75,0.72,0.8,0.69,0.67,0.58,0.75,0.71,0.67,0.68,0.62,0.64,0.61,0.65,LB,DEF,2
Karol Mets,CB,Estonia,0.7,0.67,0.51,0.58,0.6,0.69,0.8,0.54,0.78,0.59,0.57,0.65,0.62,0.84,0.74,0.75,0.73,0.68,0.68,0.67,0.66,0.58,CB,DEF,3
Eric Meza,RB,Argentina,0.7,0.83,0.61,0.66,0.72,0.64,0.7,0.83,0.83,0.82,0.71,0.69,0.68,0.7,0.72,0.74,0.7,0.6,0.63,0.64,0.54,0.73,RB,DEF,2
Florian Miguel,LB,France,0.7,0.7,0.53,0.61,0.67,0.68,0.74,0.72,0.69,0.69,0.7,0.66,0.7,0.74,0.75,0.78,0.65,0.66,0.7,0.7,0.66,0.54,LB,DEF,2
Enea Mihaj,CB,Albania,0.7,0.61,0.42,0.5,0.49,0.72,0.71,0.59,0.63,0.51,0.59,0.47,0.6,0.74,0.67,0.77,0.74,0.73,0.71,0.69,0.72,0.67,CB,DEF,3
Pedro Milans,RB,Uruguay,0.7,0.68,0.47,0.6,0.66,0.66,0.65,0.69,0.67,0.71,0.69,0.65,0.63,0.65,0.72,0.64,0.66,0.72,0.64,0.71,0.51,0.62,RB,DEF,2
Lucas Mincarelli,LB,France,0.7,0.7,0.5,0.63,0.66,0.69,0.59,0.73,0.68,0.67,0.66,0.65,0.69,0.52,0.64,0.64,0.72,0.67,0.69,0.68,0.59,0.53,LB,DEF,2
Ignasi Miquel,CB,Spain,0.7,0.54,0.35,0.56,0.59,0.7,0.71,0.55,0.54,0.58,0.35,0.67,0.69,0.77,0.63,0.74,0.7,0.71,0.7,0.71,0.7,0.55,CB,DEF,3
Gerasimos Mitoglou,CB,Greece,0.7,0.63,0.31,0.51,0.46,0.68,0.82,0.58,0.67,0.6,0.63,0.5,0.67,0.83,0.8,0.77,0.71,0.69,0.69,0.64,0.67,0.4,CB,DEF,3
Brede Mathias Moe,CB,Norway,0.7,0.59,0.43,0.53,0.59,0.7,0.78,0.6,0.59,0.51,0.65,0.63,0.69,0.83,0.75,0.77,0.7,0.69,0.71,0.7,0.66,0.64,CB,DEF,3
Sadegh Moharrami,RB,Iran,0.7,0.83,0.3,0.57,0.67,0.64,0.58,0.85,0.81,0.75,0.84,0.68,0.62,0.47,0.77,0.65,0.66,0.7,0.6,0.68,0.56,0.34,RB,DEF,1
Elliott Moore,CB,England,0.7,0.33,0.3,0.48,0.49,0.69,0.83,0.34,0.33,0.33,0.35,0.58,0.67,0.92,0.8,0.77,0.68,0.66,0.7,0.65,0.75,0.41,CB,DEF,3
Weverson,LB,Brazil,0.7,0.81,0.54,0.64,0.63,0.67,0.61,0.81,0.81,0.76,0.68,0.62,0.63,0.56,0.75,0.72,0.69,0.61,0.67,0.69,0.6,0.63,LB,DEF,2
Jorge Morel,CB,Paraguay,0.7,0.67,0.48,0.61,0.6,0.69,0.78,0.67,0.67,0.64,0.66,0.66,0.68,0.79,0.8,0.78,0.71,0.66,0.68,0.7,0.68,0.55,CB,DEF,2
Yerson Mosquera,CB,Colombia,0.7,0.78,0.3,0.49,0.52,0.69,0.73,0.76,0.8,0.69,0.55,0.59,0.68,0.75,0.68,0.81,0.69,0.68,0.7,0.7,0.69,0.45,CB,DEF,2
Santiago Mouriño,CB,Uruguay,0.7,0.69,0.36,0.49,0.5,0.69,0.77,0.66,0.71,0.66,0.7,0.5,0.67,0.8,0.71,0.82,0.74,0.69,0.65,0.66,0.71,0.55,CB,DEF,3
Abdul Mumin,CB,Ghana,0.7,0.77,0.36,0.57,0.63,0.69,0.74,0.76,0.78,0.63,0.65,0.65,0.65,0.76,0.7,0.81,0.7,0.67,0.7,0.69,0.64,0.52,CB,DEF,2
Derry John Murkin,LB,England,0.7,0.87,0.42,0.64,0.66,0.61,0.76,0.86,0.88,0.7,0.74,0.65,0.65,0.74,0.77,0.73,0.65,0.64,0.58,0.6,0.59,0.68,LB,DEF,2
Rúben Vinagre,LB,Portugal,0.7,0.82,0.55,0.69,0.76,0.64,0.58,0.82,0.82,0.83,0.78,0.74,0.72,0.55,0.57,0.7,0.66,0.65,0.63,0.64,0.57,0.64,LB,DEF,2
Maik Nawrocki,CB,Poland,0.7,0.75,0.51,0.57,0.62,0.7,0.69,0.74,0.75,0.68,0.58,0.66,0.67,0.74,0.56,0.77,0.7,0.68,0.72,0.7,0.62,0.59,CB,DEF,2
Abdoulaye Ndiaye,CB,Senegal,0.7,0.64,0.31,0.49,0.49,0.71,0.71,0.58,0.69,0.42,0.55,0.53,0.68,0.76,0.61,0.78,0.75,0.69,0.69,0.68,0.71,0.55,CB,DEF,3
Andreas Ndoj,CB,Greece,0.7,0.64,0.38,0.53,0.48,0.72,0.73,0.63,0.65,0.49,0.55,0.52,0.61,0.76,0.68,0.8,0.71,0.71,0.72,0.73,0.72,0.5,CB,DEF,3
Sean Nealis,CB,United States,0.7,0.67,0.32,0.39,0.49,0.69,0.84,0.6,0.72,0.61,0.45,0.5,0.67,0.87,0.84,0.84,0.72,0.65,0.69,0.64,0.74,0.42,CB,DEF,3
Ionuț Nedelcearu,CB,Romania,0.7,0.71,0.48,0.56,0.57,0.68,0.79,0.67,0.75,0.58,0.56,0.58,0.68,0.83,0.75,0.84,0.7,0.67,0.67,0.65,0.73,0.65,CB,DEF,3
Franco Negri,LB,Argentina,0.7,0.77,0.59,0.66,0.71,0.65,0.67,0.78,0.77,0.7,0.74,0.68,0.63,0.66,0.72,0.73,0.67,0.66,0.64,0.66,0.59,0.67,LB,DEF,2
Kiki,LB,Portugal,0.7,0.84,0.48,0.61,0.62,0.66,0.68,0.83,0.84,0.63,0.64,0.62,0.67,0.68,0.73,0.76,0.65,0.63,0.69,0.7,0.58,0.57,LB,DEF,2
Curtis Nelson,CB,England,0.7,0.65,0.36,0.52,0.59,0.68,0.82,0.65,0.65,0.69,0.63,0.59,0.67,0.88,0.77,0.89,0.68,0.67,0.69,0.68,0.68,0.42,CB,DEF,3
Dimitrios Nikolaou,CB,Greece,0.7,0.36,0.4,0.44,0.42,0.7,0.78,0.38,0.35,0.35,0.43,0.55,0.67,0.85,0.66,0.71,0.7,0.69,0.71,0.69,0.69,0.67,CB,DEF,3
Rúben Vezo,CB,Portugal,0.7,0.68,0.54,0.62,0.62,0.7,0.73,0.67,0.69,0.68,0.69,0.62,0.66,0.74,0.7,0.75,0.71,0.7,0.7,0.71,0.68,0.59,CB,DEF,2
Luke O'Nien,CB,England,0.7,0.72,0.58,0.62,0.65,0.68,0.82,0.75,0.7,0.77,0.81,0.63,0.67,0.75,0.91,0.86,0.69,0.68,0.7,0.66,0.64,0.58,CB,DEF,2
Cas Odenthal,CB,Holland,0.7,0.61,0.35,0.54,0.61,0.69,0.74,0.53,0.68,0.59,0.67,0.63,0.68,0.79,0.67,0.73,0.73,0.71,0.67,0.68,0.67,0.54,CB,DEF,3
Lucas Rosa,RB,Brazil,0.7,0.73,0.42,0.57,0.6,0.65,0.62,0.75,0.71,0.62,0.72,0.65,0.64,0.57,0.8,0.67,0.68,0.73,0.63,0.65,0.58,0.58,RB,DEF,2
José Ortíz,CB,Colombia,0.7,0.72,0.47,0.47,0.53,0.7,0.74,0.71,0.72,0.6,0.65,0.57,0.69,0.79,0.66,0.81,0.68,0.67,0.72,0.7,0.7,0.67,CB,DEF,3
Ben Osborn,LB,England,0.7,0.69,0.65,0.7,0.72,0.65,0.63,0.69,0.69,0.8,0.83,0.71,0.68,0.56,0.84,0.6,0.68,0.67,0.66,0.64,0.5,0.73,LB,DEF,2
Cenk Özkacar,CB,Turkey,0.7,0.6,0.36,0.56,0.61,0.69,0.75,0.61,0.6,0.62,0.55,0.64,0.66,0.79,0.68,0.8,0.7,0.7,0.69,0.68,0.71,0.64,CB,DEF,3
Sergi Palencia,RB,Spain,0.7,0.78,0.56,0.6,0.69,0.65,0.72,0.78,0.78,0.72,0.74,0.67,0.65,0.67,0.79,0.73,0.65,0.63,0.68,0.66,0.57,0.68,RB,DEF,2
Victor Pálsson,CB,Iceland,0.7,0.7,0.52,0.59,0.57,0.68,0.77,0.65,0.74,0.67,0.59,0.6,0.68,0.74,0.78,0.75,0.65,0.6,0.69,0.72,0.7,0.71,CB,DEF,2
Park Ji Soo,CB,Korea Republic,0.7,0.69,0.48,0.56,0.6,0.7,0.76,0.65,0.73,0.73,0.64,0.62,0.58,0.78,0.72,0.81,0.71,0.68,0.71,0.65,0.72,0.54,CB,DEF,2
Antonio Pergreffi,CB,Italy,0.7,0.49,0.45,0.53,0.54,0.7,0.77,0.51,0.47,0.32,0.4,0.6,0.65,0.83,0.7,0.75,0.72,0.7,0.7,0.66,0.7,0.55,CB,DEF,3
Léo Pétrot,LB,France,0.7,0.65,0.33,0.54,0.58,0.71,0.75,0.64,0.66,0.61,0.55,0.61,0.67,0.81,0.69,0.79,0.72,0.73,0.7,0.69,0.68,0.3,LB,DEF,3
Iván Piris,RB,Paraguay,0.7,0.69,0.48,0.61,0.68,0.69,0.68,0.71,0.67,0.75,0.78,0.66,0.71,0.65,0.68,0.7,0.73,0.68,0.67,0.73,0.59,0.64,RB,DEF,2
Bruno Pittón,LB,Argentina,0.7,0.71,0.67,0.7,0.65,0.64,0.65,0.72,0.7,0.71,0.81,0.67,0.67,0.61,0.82,0.77,0.69,0.59,0.58,0.65,0.71,0.74,LB,DEF,2
Ryan Porteous,CB,Scotland,0.7,0.68,0.42,0.62,0.6,0.68,0.8,0.6,0.74,0.47,0.68,0.62,0.62,0.81,0.74,0.78,0.69,0.69,0.67,0.68,0.7,0.68,CB,DEF,3
Lucas Possignolo,CB,Brazil,0.7,0.49,0.37,0.46,0.5,0.7,0.75,0.52,0.47,0.64,0.56,0.52,0.67,0.79,0.68,0.77,0.7,0.69,0.68,0.72,0.71,0.53,CB,DEF,3
Álex Pozo,RB,Spain,0.7,0.73,0.64,0.66,0.73,0.66,0.5,0.76,0.71,0.84,0.83,0.74,0.67,0.4,0.72,0.62,0.7,0.66,0.66,0.61,0.67,0.69,RB,DEF,2
Pubill,RB,Spain,0.7,0.78,0.56,0.62,0.67,0.64,0.78,0.76,0.79,0.75,0.58,0.67,0.69,0.83,0.79,0.83,0.64,0.65,0.62,0.67,0.62,0.7,RB,DEF,2
Tymoteusz Puchacz,LB,Poland,0.7,0.86,0.64,0.62,0.7,0.63,0.8,0.8,0.9,0.79,0.73,0.66,0.64,0.76,0.87,0.79,0.62,0.64,0.64,0.64,0.56,0.77,LB,DEF,2
Julián Quiñónes,CB,Colombia,0.7,0.55,0.35,0.49,0.42,0.68,0.83,0.51,0.58,0.46,0.6,0.5,0.61,0.94,0.68,0.87,0.67,0.62,0.68,0.65,0.78,0.63,CB,DEF,3
Leonel Quiñonez,LB,Ecuador,0.7,0.76,0.63,0.68,0.68,0.65,0.73,0.78,0.75,0.78,0.71,0.67,0.64,0.7,0.79,0.74,0.67,0.66,0.64,0.65,0.56,0.77,LB,DEF,2
Aarón Quirós,CB,Argentina,0.7,0.62,0.49,0.63,0.65,0.72,0.59,0.62,0.62,0.41,0.74,0.7,0.71,0.51,0.61,0.74,0.71,0.73,0.74,0.71,0.71,0.6,CB,DEF,3
Miguel Nóbrega,CB,Portugal,0.7,0.56,0.36,0.48,0.48,0.71,0.76,0.58,0.54,0.51,0.47,0.56,0.68,0.82,0.7,0.81,0.73,0.69,0.71,0.69,0.71,0.57,CB,DEF,3
Yonatthan Rak,CB,Uruguay,0.7,0.66,0.39,0.54,0.53,0.71,0.71,0.68,0.65,0.47,0.53,0.58,0.6,0.73,0.64,0.8,0.72,0.7,0.69,0.72,0.73,0.46,CB,DEF,3
Benito,LB,Spain,0.7,0.86,0.65,0.65,0.7,0.63,0.67,0.85,0.87,0.77,0.76,0.69,0.67,0.67,0.7,0.8,0.64,0.65,0.6,0.62,0.68,0.72,LB,DEF,2
Williams Riveros,CB,Paraguay,0.7,0.58,0.39,0.5,0.53,0.69,0.76,0.57,0.58,0.61,0.62,0.66,0.65,0.83,0.71,0.77,0.7,0.67,0.69,0.7,0.68,0.44,CB,DEF,3
Alan Rodríguez,LB,Paraguay,0.7,0.83,0.52,0.69,0.68,0.62,0.59,0.81,0.84,0.75,0.65,0.67,0.67,0.58,0.73,0.62,0.63,0.61,0.65,0.66,0.43,0.56,LB,DEF,2
Keegan Rosenberry,RB,United States,0.7,0.68,0.51,0.61,0.65,0.68,0.74,0.68,0.68,0.77,0.78,0.63,0.67,0.68,0.86,0.71,0.69,0.67,0.69,0.68,0.65,0.66,RB,DEF,2
Marwane Saadane,CB,Morocco,0.7,0.55,0.51,0.6,0.61,0.68,0.84,0.56,0.55,0.63,0.59,0.69,0.62,0.84,0.86,0.77,0.7,0.65,0.67,0.65,0.7,0.61,CB,DEF,3
Kyriani Sabbe,RB,Belgium,0.7,0.76,0.51,0.68,0.71,0.63,0.58,0.79,0.73,0.74,0.85,0.71,0.64,0.51,0.69,0.63,0.66,0.64,0.62,0.65,0.52,0.61,RB,DEF,2
Stefano Sabelli,RB,Italy,0.7,0.7,0.39,0.6,0.63,0.66,0.67,0.68,0.72,0.69,0.78,0.61,0.7,0.58,0.86,0.64,0.69,0.71,0.64,0.66,0.58,0.35,RB,DEF,2
Saborit,LB,Spain,0.7,0.69,0.47,0.64,0.66,0.68,0.75,0.67,0.7,0.73,0.39,0.7,0.63,0.77,0.74,0.81,0.71,0.69,0.62,0.68,0.71,0.54,LB,DEF,2
Michal Sáček,RB,Czech Republic,0.7,0.74,0.63,0.67,0.69,0.64,0.72,0.77,0.72,0.82,0.78,0.66,0.69,0.66,0.82,0.73,0.64,0.63,0.64,0.65,0.59,0.69,RB,DEF,2
Marco Sala,LB,Italy,0.7,0.81,0.54,0.66,0.68,0.63,0.65,0.82,0.81,0.79,0.77,0.66,0.65,0.6,0.77,0.72,0.65,0.64,0.62,0.64,0.55,0.61,LB,DEF,2
Tobias Salquist,CB,Denmark,0.7,0.67,0.41,0.51,0.52,0.69,0.8,0.65,0.69,0.62,0.65,0.6,0.68,0.86,0.78,0.81,0.7,0.67,0.7,0.69,0.69,0.61,CB,DEF,3
Agustín Sández,LB,Argentina,0.7,0.75,0.42,0.56,0.62,0.67,0.79,0.73,0.76,0.66,0.63,0.59,0.66,0.77,0.82,0.8,0.67,0.69,0.68,0.65,0.66,0.52,LB,DEF,2
Hevertton,RB,Brazil,0.7,0.79,0.57,0.64,0.7,0.64,0.72,0.79,0.79,0.7,0.62,0.74,0.63,0.71,0.73,0.73,0.71,0.68,0.58,0.67,0.51,0.73,RB,DEF,2
Rúben Fernandes,CB,Portugal,0.7,0.52,0.51,0.58,0.56,0.72,0.75,0.51,0.52,0.54,0.55,0.65,0.67,0.75,0.8,0.71,0.71,0.69,0.75,0.73,0.69,0.65,CB,DEF,3
Carlos Ponck,CB,Cape Verde Islands,0.7,0.68,0.45,0.52,0.6,0.69,0.77,0.67,0.68,0.61,0.57,0.61,0.63,0.81,0.7,0.84,0.7,0.67,0.69,0.67,0.72,0.7,CB,DEF,3
Zvonimir Šarlija,CB,Croatia,0.7,0.58,0.32,0.49,0.48,0.7,0.76,0.54,0.61,0.47,0.55,0.5,0.65,0.78,0.65,0.74,0.71,0.71,0.69,0.69,0.69,0.52,CB,DEF,3
Stefano Scognamillo,CB,Italy,0.7,0.78,0.45,0.58,0.59,0.69,0.78,0.8,0.77,0.64,0.68,0.57,0.67,0.82,0.74,0.86,0.72,0.66,0.7,0.65,0.68,0.65,CB,DEF,2
Marvin Senaya,RB,France,0.7,0.7,0.46,0.57,0.67,0.67,0.64,0.7,0.7,0.63,0.69,0.68,0.68,0.63,0.72,0.67,0.73,0.68,0.65,0.66,0.58,0.42,RB,DEF,2
Jamil Siebert,CB,Germany,0.7,0.74,0.33,0.5,0.52,0.68,0.8,0.69,0.78,0.51,0.51,0.58,0.65,0.88,0.72,0.75,0.71,0.68,0.68,0.64,0.68,0.52,CB,DEF,3
Francisco Sierralta,CB,Chile,0.7,0.52,0.3,0.51,0.52,0.69,0.74,0.51,0.52,0.48,0.34,0.63,0.68,0.84,0.52,0.75,0.68,0.68,0.7,0.7,0.67,0.38,CB,DEF,3
Manu Silva,CB,Portugal,0.7,0.59,0.4,0.59,0.56,0.69,0.76,0.62,0.57,0.53,0.48,0.59,0.7,0.81,0.67,0.77,0.73,0.68,0.66,0.68,0.66,0.54,CB,DEF,3
Rafa Soares,LB,Portugal,0.7,0.74,0.6,0.67,0.7,0.66,0.66,0.75,0.74,0.72,0.72,0.7,0.64,0.61,0.74,0.7,0.67,0.68,0.65,0.66,0.59,0.74,LB,DEF,2
Lucas Soares,RB,Brazil,0.7,0.82,0.37,0.57,0.69,0.65,0.6,0.8,0.83,0.74,0.79,0.67,0.67,0.56,0.75,0.58,0.68,0.68,0.7,0.65,0.38,0.4,RB,DEF,1
Eduard Sobol,LB,Ukraine,0.7,0.74,0.64,0.67,0.68,0.67,0.69,0.73,0.75,0.68,0.64,0.7,0.64,0.67,0.7,0.74,0.68,0.67,0.66,0.66,0.65,0.76,LB,DEF,2
Oliver Sonne,RB,Peru,0.7,0.77,0.45,0.63,0.67,0.63,0.66,0.77,0.77,0.66,0.64,0.68,0.67,0.62,0.79,0.68,0.67,0.68,0.59,0.64,0.52,0.64,RB,DEF,2
Luca Sosa,CB,Argentina,0.7,0.69,0.37,0.56,0.58,0.7,0.75,0.71,0.68,0.56,0.53,0.61,0.63,0.8,0.68,0.79,0.72,0.68,0.7,0.72,0.62,0.33,CB,DEF,3
Alexis Soto,LB,Argentina,0.7,0.79,0.46,0.62,0.71,0.64,0.73,0.76,0.81,0.76,0.77,0.7,0.64,0.69,0.81,0.7,0.67,0.65,0.63,0.66,0.52,0.56,LB,DEF,2
Arnaud Souquet,RB,France,0.7,0.65,0.58,0.66,0.68,0.66,0.7,0.66,0.64,0.68,0.64,0.67,0.69,0.65,0.74,0.71,0.71,0.7,0.63,0.62,0.67,0.71,RB,DEF,2
Jorne Spileers,CB,Belgium,0.7,0.73,0.31,0.58,0.57,0.7,0.71,0.68,0.77,0.57,0.59,0.63,0.68,0.73,0.72,0.76,0.7,0.66,0.72,0.71,0.7,0.49,CB,DEF,3
Stratos Svarnas,CB,Greece,0.7,0.73,0.36,0.49,0.5,0.7,0.79,0.72,0.73,0.67,0.6,0.48,0.65,0.81,0.79,0.81,0.72,0.67,0.71,0.72,0.64,0.58,CB,DEF,3
Oleksandr Svatok,CB,Ukraine,0.7,0.63,0.36,0.54,0.51,0.71,0.71,0.61,0.64,0.5,0.67,0.53,0.65,0.74,0.68,0.73,0.72,0.7,0.72,0.71,0.67,0.57,CB,DEF,3
Ross Sykes,CB,England,0.7,0.37,0.47,0.54,0.54,0.69,0.79,0.35,0.39,0.33,0.36,0.58,0.66,0.85,0.72,0.78,0.68,0.65,0.7,0.68,0.77,0.55,CB,DEF,3
Enzo Tchato,RB,Cameroon,0.7,0.82,0.45,0.59,0.65,0.66,0.61,0.78,0.86,0.6,0.65,0.68,0.66,0.59,0.65,0.7,0.69,0.65,0.63,0.68,0.59,0.42,RB,DEF,2
Romain Thomas,CB,France,0.7,0.32,0.36,0.51,0.44,0.71,0.69,0.33,0.32,0.34,0.4,0.61,0.69,0.82,0.42,0.73,0.72,0.7,0.7,0.68,0.74,0.62,CB,DEF,3
Anton Tinnerholm,RB,Sweden,0.7,0.7,0.51,0.63,0.65,0.65,0.78,0.65,0.74,0.69,0.66,0.64,0.72,0.75,0.88,0.59,0.68,0.66,0.71,0.68,0.35,0.52,RB,DEF,2
Fernando Tobio,CB,Argentina,0.7,0.45,0.3,0.53,0.46,0.69,0.79,0.44,0.45,0.34,0.39,0.5,0.66,0.83,0.69,0.81,0.67,0.69,0.7,0.68,0.7,0.4,CB,DEF,3
John Tolkin,LB,United States,0.7,0.81,0.46,0.63,0.64,0.65,0.68,0.81,0.81,0.77,0.75,0.6,0.64,0.61,0.83,0.7,0.68,0.65,0.66,0.67,0.51,0.53,LB,DEF,2
Marlon Torres,CB,Colombia,0.7,0.74,0.43,0.5,0.49,0.68,0.8,0.72,0.76,0.71,0.55,0.59,0.63,0.82,0.75,0.91,0.67,0.63,0.64,0.7,0.8,0.52,CB,DEF,3
Ahmed Touba,CB,Algeria,0.7,0.72,0.53,0.61,0.62,0.68,0.8,0.65,0.77,0.62,0.64,0.66,0.64,0.84,0.74,0.78,0.69,0.72,0.7,0.64,0.63,0.56,CB,DEF,2
Keigo Tsunemoto,RB,Japan,0.7,0.76,0.49,0.61,0.64,0.66,0.59,0.78,0.75,0.78,0.76,0.65,0.64,0.48,0.81,0.65,0.69,0.66,0.64,0.68,0.61,0.57,RB,DEF,2
Josh Tymon,LB,England,0.7,0.74,0.52,0.68,0.65,0.64,0.71,0.75,0.74,0.67,0.7,0.64,0.65,0.67,0.8,0.71,0.67,0.62,0.64,0.66,0.56,0.66,LB,DEF,2
Rav van den Berg,CB,Holland,0.7,0.65,0.35,0.51,0.6,0.7,0.7,0.67,0.64,0.53,0.52,0.65,0.7,0.76,0.63,0.77,0.71,0.71,0.71,0.68,0.67,0.48,CB,DEF,3
Ignace Van der Brempt,RB,Belgium,0.7,0.76,0.55,0.64,0.7,0.64,0.74,0.8,0.73,0.69,0.61,0.71,0.67,0.74,0.75,0.75,0.67,0.64,0.66,0.63,0.52,0.6,RB,DEF,2
Rick van Drongelen,CB,Holland,0.7,0.61,0.26,0.56,0.53,0.69,0.73,0.55,0.66,0.55,0.59,0.58,0.62,0.79,0.55,0.79,0.7,0.69,0.68,0.67,0.75,0.28,CB,DEF,3
Jesús Vázquez,LB,Spain,0.7,0.72,0.5,0.65,0.66,0.67,0.62,0.7,0.73,0.65,0.62,0.63,0.7,0.6,0.65,0.69,0.71,0.7,0.66,0.64,0.62,0.66,LB,DEF,2
Ranko Veselinović,CB,Serbia,0.7,0.66,0.27,0.49,0.5,0.7,0.78,0.56,0.74,0.45,0.59,0.57,0.68,0.79,0.77,0.74,0.71,0.67,0.7,0.69,0.67,0.38,CB,DEF,3
Francesco Vicari,CB,Italy,0.7,0.33,0.27,0.52,0.45,0.71,0.65,0.35,0.31,0.37,0.37,0.56,0.68,0.81,0.31,0.69,0.74,0.73,0.71,0.68,0.7,0.44,CB,DEF,3
Joel Pereira,RB,Portugal,0.7,0.73,0.41,0.67,0.67,0.64,0.67,0.77,0.69,0.72,0.66,0.67,0.65,0.62,0.83,0.66,0.66,0.65,0.65,0.67,0.49,0.53,RB,DEF,2
Alex Vigo,RB,Argentina,0.7,0.85,0.57,0.63,0.73,0.62,0.72,0.89,0.82,0.84,0.75,0.7,0.63,0.65,0.81,0.76,0.64,0.64,0.62,0.63,0.55,0.65,RB,DEF,2
Oliver Villadsen,RB,Denmark,0.7,0.86,0.48,0.63,0.71,0.62,0.66,0.86,0.86,0.81,0.79,0.71,0.67,0.62,0.77,0.66,0.65,0.63,0.63,0.63,0.44,0.55,RB,DEF,2
Aleksandar Vukotić,CB,Serbia,0.7,0.46,0.42,0.49,0.41,0.68,0.82,0.38,0.53,0.36,0.3,0.52,0.59,0.95,0.61,0.74,0.68,0.58,0.68,0.68,0.77,0.59,CB,DEF,3
Güray Vural,LB,Turkey,0.7,0.74,0.68,0.71,0.71,0.64,0.64,0.72,0.75,0.74,0.8,0.7,0.7,0.62,0.67,0.69,0.64,0.67,0.61,0.7,0.57,0.78,LB,DEF,2
Zak Vyner,CB,Kenya,0.7,0.68,0.35,0.56,0.62,0.7,0.72,0.66,0.69,0.64,0.56,0.63,0.66,0.75,0.73,0.76,0.72,0.7,0.7,0.69,0.69,0.45,CB,DEF,3
Sebastian Walukiewicz,CB,Poland,0.7,0.5,0.38,0.48,0.57,0.7,0.74,0.59,0.43,0.44,0.46,0.62,0.62,0.79,0.68,0.79,0.71,0.71,0.71,0.68,0.71,0.42,CB,DEF,3
Brice Wembangomo,RB,Norway,0.7,0.91,0.52,0.61,0.72,0.61,0.74,0.91,0.91,0.82,0.82,0.7,0.63,0.73,0.83,0.81,0.63,0.61,0.59,0.63,0.56,0.58,RB,DEF,2
Nicolas Wimmer,CB,Austria,0.7,0.49,0.45,0.51,0.59,0.7,0.79,0.52,0.46,0.58,0.42,0.62,0.68,0.84,0.76,0.79,0.68,0.68,0.72,0.68,0.72,0.69,CB,DEF,3
David Møller Wolfe,LB,Norway,0.7,0.77,0.52,0.59,0.68,0.65,0.72,0.75,0.78,0.67,0.65,0.72,0.66,0.72,0.78,0.75,0.67,0.65,0.64,0.65,0.58,0.56,LB,DEF,2
Gabriele Zappa,RB,Italy,0.7,0.75,0.55,0.61,0.67,0.65,0.7,0.67,0.81,0.68,0.5,0.66,0.68,0.66,0.81,0.65,0.67,0.65,0.63,0.68,0.54,0.68,RB,DEF,2
Deyovaisio Zeefuik,RB,Holland,0.7,0.8,0.41,0.6,0.67,0.66,0.77,0.76,0.84,0.71,0.75,0.64,0.65,0.76,0.74,0.78,0.7,0.66,0.62,0.7,0.58,0.65,RB,DEF,2
Nadir Zortea,RB,Italy,0.7,0.64,0.59,0.67,0.72,0.67,0.52,0.67,0.62,0.67,0.64,0.73,0.7,0.45,0.53,0.54,0.7,0.7,0.68,0.68,0.53,0.73,RB,DEF,2
Afonso Freitas,LB,Portugal,0.69,0.69,0.52,0.6,0.68,0.64,0.66,0.69,0.69,0.64,0.65,0.72,0.71,0.68,0.71,0.66,0.63,0.65,0.64,0.69,0.54,0.57,LB,DEF,2
Sam Adekugbe,LB,Canada,0.69,0.86,0.5,0.6,0.7,0.61,0.76,0.88,0.84,0.87,0.77,0.67,0.63,0.74,0.88,0.75,0.62,0.63,0.61,0.65,0.48,0.62,LB,DEF,2
Shawn Adewoye,CB,Belgium,0.69,0.66,0.24,0.47,0.45,0.68,0.72,0.68,0.65,0.58,0.62,0.5,0.66,0.77,0.63,0.78,0.7,0.68,0.68,0.67,0.68,0.35,CB,DEF,5
Saad Agouzoul,CB,Morocco,0.69,0.44,0.38,0.53,0.51,0.7,0.67,0.42,0.46,0.34,0.43,0.58,0.68,0.77,0.47,0.69,0.69,0.67,0.71,0.72,0.69,0.46,CB,DEF,3
Pablo Aguilar,CB,Paraguay,0.69,0.51,0.52,0.54,0.57,0.7,0.7,0.52,0.5,0.58,0.53,0.61,0.62,0.74,0.6,0.75,0.68,0.69,0.72,0.68,0.75,0.65,CB,DEF,3
Martín,RB,Spain,0.69,0.63,0.35,0.61,0.67,0.67,0.64,0.67,0.59,0.68,0.65,0.7,0.69,0.61,0.69,0.69,0.67,0.66,0.68,0.68,0.66,0.47,RB,DEF,2
Lucas Ahijado,RB,Spain,0.69,0.77,0.59,0.63,0.67,0.63,0.66,0.75,0.78,0.76,0.75,0.66,0.63,0.64,0.82,0.68,0.66,0.64,0.62,0.65,0.54,0.66,RB,DEF,2
Arlind Ajeti,CB,Albania,0.69,0.61,0.35,0.52,0.54,0.67,0.78,0.6,0.62,0.51,0.75,0.59,0.66,0.84,0.64,0.78,0.69,0.67,0.64,0.67,0.68,0.52,CB,DEF,3
Samet Akaydın,CB,Turkey,0.69,0.61,0.37,0.44,0.49,0.69,0.76,0.59,0.62,0.56,0.49,0.52,0.69,0.78,0.7,0.76,0.69,0.69,0.68,0.69,0.7,0.5,CB,DEF,3
Abdulelah Al Amri,CB,Saudi Arabia,0.69,0.69,0.29,0.49,0.47,0.67,0.81,0.63,0.73,0.55,0.51,0.4,0.63,0.8,0.76,0.94,0.66,0.7,0.61,0.68,0.78,0.49,CB,DEF,3
Yasser Al Shahrani,LB,Saudi Arabia,0.69,0.75,0.54,0.65,0.7,0.65,0.61,0.83,0.69,0.85,0.73,0.69,0.66,0.57,0.71,0.71,0.65,0.66,0.65,0.67,0.55,0.68,LB,DEF,2
Ricardo Santos,CB,Portugal,0.69,0.67,0.39,0.47,0.49,0.67,0.86,0.7,0.65,0.33,0.34,0.49,0.65,0.95,0.84,0.77,0.68,0.66,0.67,0.66,0.68,0.56,CB,DEF,3
Stephan Ambrosius,CB,Ghana,0.69,0.65,0.3,0.45,0.52,0.68,0.75,0.7,0.61,0.71,0.64,0.56,0.64,0.8,0.65,0.79,0.71,0.66,0.66,0.67,0.66,0.48,CB,DEF,3
Emiliano Amor,CB,Argentina,0.69,0.47,0.36,0.47,0.5,0.69,0.72,0.48,0.46,0.42,0.43,0.54,0.65,0.8,0.52,0.76,0.69,0.65,0.7,0.67,0.72,0.45,CB,DEF,3
Stelios Andreou,CB,Cyprus,0.69,0.71,0.3,0.55,0.56,0.68,0.76,0.63,0.78,0.62,0.59,0.58,0.64,0.77,0.78,0.76,0.71,0.67,0.66,0.68,0.67,0.48,CB,DEF,3
Anderson Angulo,CB,Colombia,0.69,0.63,0.26,0.38,0.46,0.7,0.74,0.65,0.61,0.44,0.5,0.58,0.65,0.82,0.65,0.79,0.71,0.68,0.73,0.67,0.66,0.4,CB,DEF,3
Álvaro Angulo,LB,Colombia,0.69,0.92,0.36,0.58,0.66,0.58,0.63,0.93,0.91,0.84,0.8,0.62,0.62,0.5,0.87,0.73,0.59,0.62,0.54,0.61,0.6,0.35,LB,DEF,1
Bright Akwo Arrey-Mbi,CB,Germany,0.69,0.84,0.29,0.47,0.57,0.67,0.78,0.76,0.9,0.69,0.68,0.58,0.67,0.8,0.8,0.83,0.69,0.68,0.66,0.65,0.67,0.38,CB,DEF,2
Anderson Arroyo,CB,Colombia,0.69,0.71,0.29,0.55,0.61,0.69,0.74,0.72,0.7,0.66,0.71,0.61,0.67,0.7,0.82,0.76,0.69,0.7,0.67,0.7,0.68,0.28,CB,DEF,2
Carlos Ascues,CB,Peru,0.69,0.57,0.61,0.6,0.66,0.67,0.75,0.59,0.56,0.6,0.65,0.68,0.68,0.78,0.72,0.75,0.68,0.65,0.63,0.71,0.67,0.65,CB,DEF,2
Mehmet Can Aydın,RB,Turkey,0.69,0.77,0.58,0.64,0.73,0.65,0.66,0.79,0.75,0.79,0.78,0.7,0.68,0.62,0.68,0.68,0.68,0.65,0.65,0.67,0.5,0.65,RB,DEF,2
Paulo Azzi,LB,Brazil,0.69,0.82,0.63,0.64,0.71,0.61,0.69,0.79,0.84,0.74,0.64,0.68,0.7,0.68,0.73,0.74,0.62,0.6,0.58,0.64,0.58,0.72,LB,DEF,2
Jonas Bager,CB,Denmark,0.69,0.71,0.31,0.49,0.56,0.69,0.75,0.72,0.7,0.7,0.66,0.64,0.67,0.77,0.72,0.8,0.7,0.69,0.68,0.69,0.65,0.44,CB,DEF,2
Samson Baidoo,CB,Austria,0.69,0.7,0.26,0.5,0.6,0.68,0.69,0.72,0.69,0.53,0.56,0.67,0.61,0.74,0.56,0.78,0.71,0.7,0.69,0.64,0.65,0.39,CB,DEF,3
Bünyamin Balcı,RB,Turkey,0.69,0.74,0.45,0.61,0.67,0.64,0.66,0.72,0.76,0.73,0.81,0.64,0.64,0.61,0.78,0.65,0.67,0.65,0.63,0.65,0.52,0.63,RB,DEF,2
Botond Balogh,CB,Hungary,0.69,0.53,0.33,0.46,0.46,0.71,0.66,0.45,0.59,0.43,0.43,0.52,0.67,0.76,0.48,0.74,0.73,0.67,0.72,0.69,0.73,0.45,CB,DEF,3
Alex Bangura,LB,Sierra Leone,0.69,0.92,0.3,0.51,0.69,0.6,0.78,0.93,0.92,0.8,0.64,0.62,0.62,0.77,0.9,0.81,0.64,0.62,0.58,0.61,0.5,0.45,LB,DEF,2
Dani Barcia,CB,Spain,0.69,0.61,0.21,0.44,0.43,0.71,0.61,0.63,0.6,0.49,0.56,0.63,0.73,0.59,0.56,0.67,0.69,0.68,0.74,0.75,0.67,0.31,CB,DEF,3
Danny Batth,CB,England,0.69,0.3,0.23,0.41,0.38,0.69,0.8,0.28,0.32,0.28,0.33,0.45,0.64,0.91,0.6,0.74,0.7,0.64,0.7,0.69,0.71,0.32,CB,DEF,5
Owen Beck,LB,Wales,0.69,0.71,0.51,0.64,0.71,0.64,0.67,0.72,0.71,0.81,0.83,0.65,0.68,0.63,0.7,0.63,0.67,0.69,0.62,0.66,0.48,0.68,LB,DEF,2
Mortadha Ben Ouanes,LB,Tunisia,0.69,0.72,0.6,0.68,0.68,0.66,0.65,0.73,0.72,0.68,0.63,0.69,0.63,0.63,0.7,0.7,0.67,0.66,0.69,0.64,0.59,0.65,LB,DEF,2
Di'Shon Bernard,CB,Jamaica,0.69,0.66,0.4,0.53,0.59,0.67,0.75,0.61,0.7,0.59,0.52,0.6,0.67,0.82,0.67,0.77,0.68,0.67,0.67,0.68,0.65,0.48,CB,DEF,3
Maxime Bernauer,CB,France,0.69,0.67,0.53,0.73,0.69,0.68,0.7,0.71,0.64,0.67,0.63,0.73,0.68,0.72,0.67,0.78,0.67,0.67,0.67,0.69,0.69,0.71,CB,DEF,2
Luis Binks,CB,England,0.69,0.58,0.3,0.52,0.57,0.67,0.78,0.54,0.61,0.51,0.55,0.63,0.67,0.82,0.71,0.76,0.66,0.64,0.68,0.69,0.7,0.43,CB,DEF,3
Miha Blažič,CB,Slovenia,0.69,0.56,0.34,0.53,0.46,0.7,0.67,0.52,0.6,0.5,0.54,0.59,0.68,0.79,0.43,0.74,0.7,0.67,0.7,0.7,0.7,0.48,CB,DEF,3
Jordan Bos,LB,Australia,0.69,0.87,0.58,0.6,0.69,0.61,0.79,0.83,0.9,0.78,0.82,0.65,0.66,0.8,0.83,0.83,0.62,0.61,0.6,0.63,0.58,0.66,LB,DEF,2
Michael Boxall,CB,New Zealand,0.69,0.54,0.42,0.58,0.57,0.67,0.8,0.4,0.66,0.47,0.5,0.6,0.66,0.91,0.67,0.73,0.69,0.66,0.66,0.67,0.65,0.61,CB,DEF,3
Dedryck Boyata,CB,Belgium,0.69,0.55,0.3,0.5,0.57,0.69,0.73,0.54,0.55,0.58,0.61,0.59,0.64,0.8,0.6,0.78,0.69,0.68,0.69,0.67,0.71,0.54,CB,DEF,3
Chumi,CB,Spain,0.69,0.51,0.36,0.53,0.56,0.7,0.68,0.5,0.52,0.38,0.57,0.66,0.68,0.72,0.56,0.69,0.71,0.7,0.7,0.69,0.67,0.47,CB,DEF,3
Andrew Brody,RB,United States,0.69,0.73,0.4,0.57,0.66,0.64,0.71,0.72,0.74,0.69,0.66,0.64,0.61,0.7,0.87,0.69,0.66,0.65,0.65,0.64,0.54,0.47,RB,DEF,2
Nathaniel Brown,LB,Germany,0.69,0.86,0.47,0.59,0.7,0.6,0.5,0.82,0.89,0.83,0.79,0.67,0.63,0.34,0.82,0.49,0.66,0.65,0.58,0.59,0.42,0.55,LB,DEF,1
Julio Buffarini,RB,Argentina,0.69,0.69,0.58,0.64,0.68,0.64,0.78,0.66,0.71,0.73,0.76,0.67,0.7,0.76,0.79,0.75,0.67,0.65,0.61,0.66,0.63,0.69,RB,DEF,2
Onur Bulut,RB,Turkey,0.69,0.76,0.59,0.68,0.67,0.63,0.7,0.75,0.77,0.74,0.73,0.65,0.65,0.65,0.79,0.67,0.64,0.62,0.62,0.68,0.51,0.64,RB,DEF,2
Nathan Byrne,RB,England,0.69,0.78,0.5,0.63,0.68,0.63,0.67,0.82,0.75,0.74,0.8,0.68,0.6,0.62,0.77,0.74,0.66,0.63,0.62,0.62,0.59,0.54,RB,DEF,2
Víctor Cabrera,CB,Argentina,0.69,0.62,0.39,0.57,0.59,0.69,0.72,0.64,0.61,0.55,0.61,0.59,0.6,0.71,0.69,0.73,0.7,0.68,0.7,0.7,0.65,0.45,CB,DEF,3
Luis Adrián Caicedo,CB,Ecuador,0.69,0.57,0.35,0.49,0.51,0.7,0.8,0.61,0.53,0.53,0.66,0.62,0.62,0.83,0.8,0.78,0.73,0.67,0.68,0.69,0.67,0.38,CB,DEF,3
Gastón Campi,CB,Argentina,0.69,0.35,0.45,0.58,0.58,0.68,0.77,0.39,0.32,0.31,0.32,0.64,0.66,0.9,0.66,0.66,0.69,0.67,0.67,0.68,0.7,0.66,CB,DEF,3
Michele Camporese,CB,Italy,0.69,0.65,0.31,0.38,0.53,0.7,0.72,0.59,0.7,0.62,0.66,0.52,0.61,0.76,0.67,0.79,0.71,0.7,0.71,0.66,0.74,0.49,CB,DEF,3
Andrea Carboni,CB,Italy,0.69,0.6,0.36,0.55,0.61,0.71,0.67,0.57,0.62,0.52,0.55,0.69,0.65,0.69,0.61,0.67,0.73,0.74,0.72,0.72,0.6,0.52,CB,DEF,3
Carreira,RB,Spain,0.69,0.65,0.41,0.6,0.63,0.66,0.52,0.67,0.63,0.65,0.74,0.68,0.7,0.45,0.67,0.6,0.68,0.67,0.63,0.67,0.65,0.3,RB,DEF,1
Rasmus Carstensen,RB,Denmark,0.69,0.73,0.48,0.63,0.67,0.63,0.71,0.77,0.7,0.75,0.72,0.69,0.64,0.69,0.79,0.68,0.66,0.64,0.65,0.62,0.48,0.58,RB,DEF,2
Joan Castro,RB,Colombia,0.69,0.7,0.38,0.6,0.64,0.67,0.63,0.72,0.69,0.8,0.74,0.67,0.62,0.6,0.73,0.72,0.68,0.64,0.71,0.63,0.65,0.34,RB,DEF,2
Andrea Cistana,CB,Italy,0.69,0.68,0.52,0.57,0.64,0.69,0.72,0.62,0.72,0.73,0.73,0.65,0.66,0.71,0.74,0.77,0.68,0.66,0.71,0.7,0.71,0.62,CB,DEF,2
Eldar Ćivić,LB,Bosnia and Herzegovina,0.69,0.8,0.53,0.66,0.69,0.63,0.7,0.79,0.8,0.72,0.68,0.71,0.61,0.66,0.72,0.71,0.67,0.65,0.6,0.64,0.54,0.7,LB,DEF,2
Harry Clarke,RB,England,0.69,0.79,0.57,0.6,0.65,0.65,0.79,0.76,0.82,0.68,0.72,0.65,0.64,0.79,0.8,0.83,0.67,0.65,0.66,0.61,0.66,0.7,RB,DEF,2
João Aurélio,RB,Portugal,0.69,0.6,0.59,0.66,0.66,0.65,0.73,0.66,0.55,0.65,0.63,0.68,0.68,0.66,0.83,0.67,0.68,0.64,0.64,0.65,0.59,0.65,RB,DEF,2
Sébastien Corchia,RB,France,0.69,0.66,0.62,0.69,0.68,0.68,0.53,0.68,0.64,0.69,0.73,0.68,0.71,0.45,0.59,0.51,0.69,0.69,0.71,0.7,0.47,0.71,RB,DEF,2
Tomás Silva,RB,Portugal,0.69,0.71,0.51,0.69,0.72,0.63,0.6,0.7,0.71,0.63,0.82,0.74,0.65,0.52,0.76,0.58,0.64,0.64,0.64,0.64,0.52,0.66,RB,DEF,2
Pastor,RB,Brazil,0.69,0.8,0.39,0.54,0.66,0.65,0.7,0.8,0.8,0.75,0.75,0.66,0.59,0.7,0.76,0.71,0.71,0.69,0.62,0.64,0.5,0.5,RB,DEF,2
Tommaso D'Orazio,LB,Italy,0.69,0.77,0.61,0.61,0.68,0.62,0.66,0.71,0.81,0.66,0.75,0.67,0.63,0.61,0.79,0.69,0.64,0.66,0.6,0.62,0.59,0.64,LB,DEF,2
Jefté,LB,Brazil,0.69,0.82,0.52,0.62,0.66,0.62,0.69,0.84,0.81,0.7,0.74,0.63,0.66,0.66,0.74,0.78,0.65,0.66,0.59,0.61,0.61,0.6,LB,DEF,2
Colin Dagba,RB,France,0.69,0.7,0.53,0.66,0.7,0.67,0.56,0.72,0.69,0.81,0.86,0.7,0.65,0.49,0.6,0.58,0.7,0.68,0.67,0.68,0.54,0.66,RB,DEF,2
Samuel Dahl,LB,Sweden,0.69,0.83,0.38,0.59,0.69,0.62,0.65,0.81,0.85,0.72,0.83,0.7,0.61,0.52,0.83,0.64,0.69,0.68,0.58,0.58,0.5,0.36,LB,DEF,1
Jay Dasilva,LB,Wales,0.69,0.83,0.42,0.64,0.72,0.63,0.61,0.86,0.81,0.85,0.84,0.7,0.64,0.57,0.69,0.69,0.66,0.65,0.62,0.63,0.51,0.5,LB,DEF,2
André Geraldes,RB,Portugal,0.69,0.72,0.41,0.63,0.65,0.66,0.7,0.7,0.74,0.69,0.72,0.66,0.6,0.71,0.7,0.73,0.67,0.66,0.66,0.67,0.6,0.57,RB,DEF,2
Matheus Silva,RB,Brazil,0.69,0.82,0.49,0.58,0.69,0.64,0.68,0.83,0.82,0.72,0.68,0.68,0.66,0.65,0.7,0.78,0.64,0.67,0.64,0.62,0.64,0.66,RB,DEF,2
Justin de Haas,CB,Holland,0.69,0.62,0.32,0.43,0.43,0.7,0.76,0.6,0.63,0.48,0.52,0.45,0.62,0.83,0.63,0.79,0.74,0.7,0.7,0.63,0.7,0.45,CB,DEF,3
Matías de los Santos,CB,Uruguay,0.69,0.53,0.55,0.56,0.54,0.68,0.76,0.53,0.53,0.51,0.54,0.57,0.61,0.84,0.61,0.8,0.7,0.65,0.67,0.65,0.72,0.7,CB,DEF,3
Arthur,RB,Brazil,0.69,0.74,0.4,0.62,0.68,0.63,0.57,0.72,0.75,0.77,0.75,0.69,0.68,0.53,0.63,0.65,0.66,0.64,0.6,0.65,0.6,0.43,RB,DEF,1
Jannik Dehm,RB,Germany,0.69,0.81,0.49,0.62,0.67,0.63,0.68,0.85,0.78,0.76,0.74,0.68,0.66,0.64,0.73,0.69,0.65,0.63,0.64,0.65,0.48,0.62,RB,DEF,2
Matías Di Benedetto,CB,Argentina,0.69,0.43,0.35,0.49,0.41,0.71,0.7,0.39,0.47,0.38,0.7,0.49,0.66,0.74,0.64,0.7,0.72,0.69,0.7,0.7,0.71,0.53,CB,DEF,3
Salim Diakité,RB,Mali,0.69,0.79,0.62,0.62,0.62,0.67,0.76,0.76,0.82,0.61,0.65,0.62,0.65,0.81,0.67,0.85,0.7,0.67,0.66,0.62,0.68,0.65,RB,DEF,2
Ismaël Chester Diallo,LB,Côte d'Ivoire,0.69,0.66,0.38,0.54,0.68,0.68,0.74,0.68,0.65,0.69,0.72,0.66,0.67,0.74,0.77,0.76,0.69,0.68,0.68,0.68,0.68,0.5,LB,DEF,2
Mamadou Diarra,CB,Senegal,0.69,0.57,0.32,0.5,0.51,0.71,0.7,0.53,0.61,0.5,0.5,0.59,0.65,0.71,0.71,0.74,0.72,0.7,0.71,0.7,0.71,0.47,CB,DEF,3
Gabriel Díaz Núñez,LB,Argentina,0.69,0.71,0.33,0.55,0.64,0.67,0.57,0.71,0.71,0.63,0.81,0.62,0.65,0.46,0.75,0.57,0.65,0.67,0.72,0.71,0.54,0.33,LB,DEF,1
Adrián Diéguez,CB,Spain,0.69,0.57,0.31,0.58,0.53,0.69,0.68,0.59,0.56,0.61,0.48,0.62,0.65,0.73,0.59,0.72,0.7,0.7,0.69,0.69,0.67,0.45,CB,DEF,3
Maximilian Dietz,CB,United States,0.69,0.63,0.26,0.42,0.54,0.71,0.7,0.55,0.7,0.56,0.59,0.63,0.69,0.73,0.7,0.72,0.72,0.71,0.72,0.68,0.69,0.38,CB,DEF,3
Mitchell Dijks,LB,Holland,0.69,0.65,0.4,0.63,0.62,0.67,0.82,0.53,0.75,0.43,0.41,0.67,0.69,0.91,0.7,0.66,0.71,0.67,0.66,0.67,0.57,0.6,LB,DEF,3
Anfernee Dijksteel,RB,Suriname,0.69,0.73,0.34,0.55,0.65,0.69,0.73,0.76,0.7,0.67,0.68,0.66,0.68,0.76,0.68,0.73,0.71,0.68,0.69,0.67,0.64,0.54,RB,DEF,2
Souleyman Doumbia,LB,Côte d'Ivoire,0.69,0.81,0.43,0.61,0.69,0.63,0.66,0.78,0.83,0.67,0.82,0.69,0.61,0.65,0.69,0.75,0.65,0.65,0.62,0.62,0.61,0.6,LB,DEF,2
Jimmy Dunne,CB,Republic of Ireland,0.69,0.55,0.37,0.5,0.57,0.69,0.71,0.56,0.55,0.53,0.6,0.66,0.68,0.75,0.66,0.77,0.69,0.66,0.7,0.68,0.74,0.44,CB,DEF,3
Festy Ebosele,RB,Republic of Ireland,0.69,0.9,0.45,0.58,0.73,0.62,0.74,0.93,0.88,0.83,0.79,0.7,0.64,0.73,0.78,0.79,0.64,0.6,0.62,0.64,0.5,0.49,RB,DEF,2
Mike Eerdhuijzen,CB,Holland,0.69,0.54,0.25,0.5,0.47,0.69,0.75,0.47,0.59,0.57,0.48,0.47,0.63,0.84,0.67,0.78,0.69,0.65,0.7,0.69,0.73,0.37,CB,DEF,3
Daniel Elfadli,CB,Libya,0.69,0.65,0.52,0.57,0.59,0.7,0.73,0.67,0.63,0.58,0.63,0.62,0.67,0.73,0.77,0.74,0.71,0.7,0.72,0.71,0.63,0.59,CB,DEF,3
Björn Engels,CB,Belgium,0.69,0.38,0.38,0.58,0.48,0.71,0.65,0.34,0.42,0.36,0.32,0.56,0.58,0.78,0.33,0.72,0.71,0.69,0.7,0.7,0.74,0.41,CB,DEF,3
Stephen Eze,CB,Nigeria,0.69,0.71,0.29,0.41,0.44,0.68,0.85,0.67,0.75,0.37,0.38,0.49,0.66,0.91,0.81,0.84,0.68,0.61,0.66,0.71,0.7,0.46,CB,DEF,3
Rodrigo Conceição,RB,Portugal,0.69,0.75,0.53,0.6,0.69,0.65,0.64,0.74,0.75,0.7,0.8,0.69,0.65,0.55,0.75,0.66,0.69,0.64,0.62,0.66,0.56,0.7,RB,DEF,2
Matías Fernández,RB,Chile,0.69,0.8,0.5,0.66,0.69,0.62,0.62,0.8,0.8,0.72,0.77,0.69,0.66,0.59,0.7,0.65,0.64,0.63,0.63,0.64,0.48,0.53,RB,DEF,2
Alex Ferrari,CB,Italy,0.69,0.56,0.35,0.5,0.63,0.71,0.72,0.59,0.53,0.65,0.7,0.63,0.7,0.69,0.76,0.7,0.71,0.71,0.72,0.7,0.7,0.59,CB,DEF,3
Nicolás Ferreyra,CB,Argentina,0.69,0.36,0.43,0.4,0.52,0.68,0.81,0.34,0.37,0.32,0.52,0.63,0.7,0.92,0.67,0.77,0.67,0.61,0.68,0.68,0.75,0.5,CB,DEF,3
Petar Filipović,CB,Croatia,0.69,0.66,0.52,0.6,0.6,0.68,0.74,0.64,0.68,0.71,0.52,0.61,0.67,0.75,0.73,0.76,0.68,0.69,0.68,0.68,0.7,0.51,CB,DEF,2
Max Finkgräfe,LB,Germany,0.69,0.76,0.43,0.6,0.72,0.64,0.67,0.74,0.77,0.74,0.72,0.7,0.67,0.66,0.69,0.67,0.68,0.67,0.62,0.67,0.5,0.53,LB,DEF,2
Sherel Floranus,RB,Curaçao,0.69,0.87,0.46,0.58,0.68,0.64,0.75,0.84,0.89,0.8,0.7,0.65,0.66,0.73,0.76,0.81,0.64,0.6,0.63,0.67,0.6,0.55,RB,DEF,2
Fontàs,CB,Spain,0.69,0.3,0.48,0.67,0.61,0.68,0.74,0.31,0.3,0.54,0.38,0.67,0.7,0.78,0.67,0.65,0.69,0.64,0.67,0.7,0.66,0.58,CB,DEF,3
Jímer Fory,LB,Colombia,0.69,0.72,0.52,0.62,0.64,0.63,0.7,0.73,0.72,0.72,0.54,0.69,0.67,0.75,0.81,0.74,0.63,0.58,0.7,0.6,0.55,0.49,LB,DEF,2
Franquesa,LB,Spain,0.69,0.77,0.52,0.6,0.66,0.62,0.66,0.82,0.72,0.72,0.76,0.65,0.63,0.6,0.82,0.7,0.69,0.65,0.59,0.61,0.52,0.52,LB,DEF,2
Jean Franco Fuentes,CB,Venezuela,0.69,0.6,0.38,0.55,0.47,0.7,0.68,0.58,0.61,0.63,0.67,0.55,0.62,0.75,0.54,0.73,0.7,0.66,0.72,0.72,0.68,0.4,CB,DEF,3
Ruben Gabrielsen,CB,Norway,0.69,0.62,0.48,0.48,0.53,0.68,0.84,0.64,0.61,0.7,0.63,0.5,0.62,0.9,0.79,0.86,0.7,0.68,0.64,0.68,0.71,0.66,CB,DEF,3
Lucas Galvão,CB,Brazil,0.69,0.69,0.49,0.61,0.66,0.68,0.73,0.74,0.65,0.73,0.68,0.65,0.66,0.76,0.7,0.8,0.67,0.68,0.69,0.71,0.66,0.56,CB,DEF,2
Gao Zhunyi,LB,China PR,0.69,0.71,0.52,0.62,0.67,0.66,0.74,0.74,0.69,0.68,0.58,0.68,0.64,0.77,0.75,0.81,0.7,0.67,0.65,0.63,0.66,0.65,LB,DEF,2
Saúl,LB,Spain,0.69,0.72,0.45,0.63,0.65,0.68,0.66,0.71,0.72,0.61,0.62,0.69,0.68,0.72,0.56,0.78,0.68,0.69,0.67,0.68,0.69,0.66,LB,DEF,2
Stefan Gartenmann,CB,Denmark,0.69,0.59,0.33,0.57,0.61,0.68,0.77,0.51,0.66,0.56,0.65,0.66,0.7,0.82,0.76,0.74,0.7,0.67,0.68,0.69,0.65,0.54,CB,DEF,3
Pedro Amaral,LB,Portugal,0.69,0.73,0.46,0.55,0.67,0.67,0.65,0.71,0.74,0.58,0.7,0.7,0.69,0.63,0.7,0.61,0.69,0.64,0.7,0.67,0.59,0.73,LB,DEF,2
Jules Gaudin,LB,France,0.69,0.68,0.55,0.63,0.67,0.64,0.66,0.67,0.69,0.7,0.63,0.68,0.69,0.59,0.81,0.67,0.65,0.65,0.62,0.65,0.64,0.58,LB,DEF,2
Linus Gechter,CB,Germany,0.69,0.63,0.32,0.5,0.49,0.7,0.73,0.61,0.64,0.52,0.51,0.52,0.63,0.8,0.65,0.81,0.72,0.68,0.7,0.69,0.71,0.5,CB,DEF,3
Paolo Ghiglione,RB,Italy,0.69,0.8,0.52,0.64,0.69,0.65,0.66,0.78,0.82,0.66,0.62,0.7,0.68,0.74,0.5,0.77,0.67,0.67,0.63,0.66,0.58,0.6,RB,DEF,2
Daniele Ghilardi,CB,Italy,0.69,0.62,0.41,0.45,0.49,0.7,0.67,0.59,0.64,0.42,0.55,0.57,0.67,0.7,0.61,0.75,0.74,0.7,0.68,0.66,0.75,0.45,CB,DEF,3
Ben Gibson,CB,England,0.69,0.49,0.27,0.48,0.46,0.7,0.75,0.51,0.48,0.47,0.6,0.5,0.57,0.81,0.64,0.78,0.71,0.69,0.68,0.7,0.72,0.35,CB,DEF,3
Lewis Gibson,CB,England,0.69,0.56,0.33,0.51,0.58,0.69,0.73,0.56,0.56,0.56,0.66,0.62,0.66,0.79,0.64,0.73,0.69,0.68,0.71,0.68,0.64,0.48,CB,DEF,3
Óscar Gil,RB,Spain,0.69,0.81,0.46,0.62,0.66,0.64,0.7,0.78,0.83,0.73,0.72,0.66,0.65,0.63,0.8,0.71,0.65,0.64,0.64,0.65,0.55,0.63,RB,DEF,2
Simone Giordano,LB,Italy,0.69,0.78,0.53,0.65,0.65,0.63,0.59,0.78,0.78,0.72,0.71,0.62,0.67,0.55,0.76,0.62,0.64,0.65,0.65,0.64,0.46,0.59,LB,DEF,2
Justen Glad,CB,United States,0.69,0.69,0.35,0.5,0.5,0.7,0.74,0.68,0.69,0.49,0.65,0.56,0.64,0.73,0.76,0.75,0.7,0.66,0.7,0.73,0.68,0.45,CB,DEF,3
Giorgi Gocholeishvili,RB,Georgia,0.69,0.83,0.4,0.62,0.66,0.61,0.6,0.82,0.84,0.68,0.7,0.64,0.68,0.54,0.7,0.63,0.64,0.65,0.59,0.64,0.48,0.42,RB,DEF,1
Bruno Godeau,CB,Belgium,0.69,0.32,0.35,0.59,0.51,0.71,0.71,0.31,0.33,0.56,0.57,0.57,0.67,0.72,0.76,0.63,0.68,0.65,0.74,0.76,0.7,0.56,CB,DEF,3
Wouter Goes,CB,Holland,0.69,0.49,0.31,0.51,0.6,0.7,0.69,0.69,0.33,0.69,0.7,0.62,0.7,0.66,0.66,0.72,0.72,0.71,0.69,0.67,0.67,0.44,CB,DEF,3
Rubén Alves,CB,Spain,0.69,0.69,0.44,0.5,0.6,0.68,0.74,0.72,0.67,0.7,0.56,0.63,0.67,0.79,0.64,0.81,0.68,0.69,0.69,0.68,0.66,0.62,CB,DEF,2
Lynden Gooch,RB,United States,0.69,0.81,0.61,0.62,0.68,0.63,0.76,0.8,0.81,0.83,0.8,0.65,0.67,0.77,0.73,0.77,0.67,0.65,0.6,0.63,0.53,0.65,RB,DEF,2
Fausto Grillo,CB,Argentina,0.69,0.76,0.38,0.54,0.65,0.7,0.72,0.74,0.77,0.74,0.66,0.63,0.7,0.74,0.75,0.78,0.7,0.7,0.71,0.7,0.63,0.38,CB,DEF,2
Gwon Wan Gyu,CB,Korea Republic,0.69,0.74,0.32,0.53,0.58,0.68,0.77,0.72,0.76,0.78,0.71,0.61,0.61,0.82,0.7,0.83,0.65,0.67,0.71,0.68,0.69,0.32,CB,DEF,2
Jan Gyamerah,RB,Germany,0.69,0.78,0.48,0.58,0.67,0.65,0.69,0.76,0.8,0.7,0.75,0.67,0.67,0.7,0.76,0.76,0.68,0.65,0.65,0.65,0.6,0.51,RB,DEF,2
Florent Hadergjonaj,RB,Kosovo,0.69,0.75,0.5,0.63,0.67,0.64,0.67,0.73,0.76,0.7,0.71,0.66,0.61,0.64,0.76,0.65,0.65,0.64,0.61,0.66,0.63,0.59,RB,DEF,2
Milan Havel,LB,Czech Republic,0.69,0.69,0.51,0.66,0.66,0.66,0.7,0.68,0.69,0.65,0.69,0.67,0.66,0.7,0.69,0.74,0.66,0.66,0.66,0.66,0.7,0.51,LB,DEF,2
Matt Hedges,CB,United States,0.69,0.39,0.28,0.5,0.51,0.67,0.79,0.44,0.35,0.44,0.4,0.6,0.64,0.85,0.74,0.77,0.66,0.64,0.68,0.68,0.72,0.4,CB,DEF,3
Jürgen Heil,RB,Austria,0.69,0.66,0.6,0.65,0.66,0.65,0.74,0.69,0.64,0.68,0.72,0.67,0.66,0.71,0.86,0.68,0.67,0.64,0.68,0.65,0.54,0.65,RB,DEF,2
Herzog,CB,Spain,0.69,0.75,0.3,0.55,0.56,0.66,0.73,0.76,0.74,0.63,0.47,0.64,0.75,0.76,0.65,0.87,0.68,0.64,0.62,0.64,0.74,0.53,CB,DEF,3
James Hill,CB,England,0.69,0.7,0.39,0.57,0.59,0.69,0.72,0.65,0.74,0.57,0.64,0.62,0.67,0.75,0.65,0.75,0.69,0.68,0.68,0.71,0.68,0.51,CB,DEF,3
Daniel Høegh,CB,Denmark,0.69,0.35,0.4,0.51,0.52,0.68,0.76,0.35,0.35,0.48,0.51,0.63,0.67,0.84,0.66,0.7,0.67,0.66,0.69,0.68,0.69,0.58,CB,DEF,3
Marcel Hoffmeier,CB,Germany,0.69,0.75,0.44,0.61,0.65,0.69,0.74,0.77,0.73,0.71,0.7,0.65,0.69,0.72,0.84,0.79,0.72,0.63,0.7,0.67,0.64,0.58,CB,DEF,2
Majid Hosseini,CB,Iran,0.69,0.58,0.3,0.47,0.5,0.7,0.75,0.56,0.6,0.57,0.67,0.52,0.63,0.75,0.74,0.76,0.7,0.69,0.69,0.7,0.71,0.46,CB,DEF,3
Niklas Hult,LB,Sweden,0.69,0.7,0.59,0.67,0.7,0.63,0.65,0.8,0.62,0.77,0.81,0.69,0.67,0.6,0.76,0.68,0.66,0.63,0.63,0.67,0.5,0.66,LB,DEF,2
Hwang Seok Ho,CB,Korea Republic,0.69,0.56,0.33,0.55,0.6,0.68,0.77,0.61,0.51,0.52,0.54,0.61,0.65,0.82,0.7,0.78,0.72,0.67,0.68,0.64,0.68,0.43,CB,DEF,3
Hwang Jae Won,CB,Korea Republic,0.69,0.77,0.46,0.64,0.7,0.69,0.76,0.76,0.77,0.82,0.66,0.67,0.7,0.71,0.9,0.78,0.69,0.64,0.71,0.73,0.61,0.58,CB,DEF,2
Robert Ivanov,CB,Finland,0.69,0.62,0.32,0.56,0.53,0.7,0.77,0.57,0.66,0.46,0.39,0.57,0.68,0.86,0.72,0.78,0.68,0.65,0.74,0.7,0.68,0.45,CB,DEF,3
Emmanuel Iyoha,LB,Germany,0.69,0.7,0.63,0.61,0.71,0.64,0.74,0.74,0.67,0.72,0.54,0.71,0.69,0.79,0.77,0.86,0.63,0.59,0.65,0.64,0.71,0.72,LB,DEF,2
Frederik Jäkel,CB,Germany,0.69,0.7,0.29,0.44,0.49,0.67,0.78,0.61,0.78,0.39,0.4,0.58,0.62,0.86,0.68,0.76,0.68,0.64,0.68,0.65,0.71,0.4,CB,DEF,5
Saidy Janko,RB,Gambia,0.69,0.87,0.52,0.59,0.66,0.64,0.75,0.88,0.86,0.75,0.7,0.63,0.65,0.8,0.7,0.85,0.67,0.64,0.6,0.66,0.59,0.67,RB,DEF,2
Leonardo Jara,RB,Argentina,0.69,0.57,0.58,0.65,0.65,0.67,0.79,0.53,0.61,0.56,0.51,0.71,0.67,0.8,0.81,0.72,0.7,0.68,0.68,0.63,0.64,0.75,RB,DEF,3
Julian Jeanvier,CB,Guinea,0.69,0.61,0.35,0.49,0.54,0.68,0.73,0.59,0.62,0.66,0.65,0.59,0.69,0.78,0.62,0.75,0.7,0.71,0.65,0.67,0.69,0.46,CB,DEF,3
Jeon Min Gwang,CB,Korea Republic,0.69,0.74,0.51,0.57,0.56,0.69,0.78,0.73,0.74,0.63,0.57,0.57,0.64,0.8,0.82,0.82,0.71,0.66,0.69,0.68,0.68,0.61,CB,DEF,2
Jiang Shenglong,CB,China PR,0.69,0.73,0.5,0.54,0.57,0.66,0.8,0.72,0.73,0.63,0.45,0.61,0.6,0.84,0.75,0.91,0.68,0.64,0.65,0.62,0.76,0.53,CB,DEF,3
Matej Jonjić,CB,Croatia,0.69,0.66,0.47,0.5,0.49,0.69,0.79,0.59,0.71,0.56,0.39,0.5,0.61,0.87,0.75,0.83,0.69,0.66,0.71,0.67,0.71,0.45,CB,DEF,3
Emir Karić,LB,Austria,0.69,0.7,0.44,0.61,0.65,0.65,0.74,0.73,0.68,0.68,0.65,0.66,0.67,0.75,0.76,0.83,0.66,0.65,0.66,0.63,0.58,0.55,LB,DEF,2
Nikola Katić,CB,Croatia,0.69,0.55,0.35,0.45,0.54,0.67,0.78,0.48,0.6,0.33,0.33,0.61,0.64,0.83,0.69,0.78,0.68,0.69,0.64,0.67,0.72,0.5,CB,DEF,3
Panos Katseris,RB,Greece,0.69,0.8,0.51,0.62,0.66,0.62,0.63,0.81,0.8,0.73,0.72,0.66,0.62,0.56,0.78,0.68,0.65,0.62,0.6,0.64,0.54,0.63,RB,DEF,2
Noah Katterbach,LB,Germany,0.69,0.71,0.4,0.57,0.72,0.66,0.58,0.72,0.71,0.77,0.76,0.71,0.68,0.54,0.64,0.61,0.68,0.67,0.66,0.67,0.53,0.46,LB,DEF,2
Kévin Keben,CB,Cameroon,0.69,0.64,0.32,0.5,0.56,0.69,0.7,0.66,0.62,0.4,0.44,0.63,0.64,0.77,0.63,0.81,0.71,0.67,0.69,0.66,0.71,0.43,CB,DEF,3
Check Keita,CB,France,0.69,0.49,0.3,0.43,0.52,0.7,0.71,0.49,0.49,0.4,0.48,0.56,0.69,0.74,0.62,0.73,0.73,0.69,0.68,0.7,0.71,0.47,CB,DEF,3
Henry Kessler,CB,United States,0.69,0.54,0.27,0.48,0.6,0.69,0.77,0.61,0.49,0.59,0.59,0.65,0.65,0.84,0.75,0.83,0.69,0.68,0.68,0.66,0.74,0.39,CB,DEF,3
Josh Key,RB,England,0.69,0.84,0.5,0.61,0.67,0.61,0.71,0.85,0.83,0.78,0.75,0.63,0.66,0.7,0.82,0.73,0.67,0.63,0.63,0.63,0.35,0.54,RB,DEF,2
Kim Jin Hyuk,CB,Korea Republic,0.69,0.59,0.58,0.55,0.6,0.68,0.78,0.61,0.57,0.58,0.53,0.64,0.62,0.84,0.72,0.83,0.65,0.62,0.72,0.67,0.73,0.66,CB,DEF,3
Kim Young Gwon,CB,Korea Republic,0.69,0.67,0.44,0.62,0.57,0.67,0.77,0.65,0.68,0.57,0.52,0.62,0.57,0.83,0.7,0.8,0.68,0.64,0.67,0.65,0.7,0.5,CB,DEF,3
Anton Krivotsyuk,CB,Azerbaijan,0.69,0.83,0.4,0.52,0.62,0.66,0.78,0.81,0.85,0.75,0.58,0.64,0.64,0.78,0.8,0.9,0.71,0.66,0.6,0.63,0.73,0.53,CB,DEF,2
Sergiy Kryvtsov,CB,Ukraine,0.69,0.57,0.44,0.55,0.5,0.68,0.76,0.59,0.55,0.45,0.7,0.54,0.7,0.8,0.69,0.73,0.65,0.64,0.69,0.71,0.74,0.65,CB,DEF,3
Mathías Laborda,CB,Uruguay,0.69,0.7,0.41,0.52,0.58,0.69,0.7,0.71,0.69,0.66,0.67,0.61,0.65,0.72,0.67,0.91,0.68,0.65,0.69,0.7,0.75,0.41,CB,DEF,2
Ali Lajami,CB,Saudi Arabia,0.69,0.76,0.48,0.58,0.6,0.67,0.76,0.78,0.74,0.79,0.73,0.61,0.66,0.73,0.78,0.8,0.66,0.71,0.65,0.71,0.64,0.56,CB,DEF,2
Luke Leahy,LB,England,0.69,0.7,0.66,0.69,0.68,0.63,0.75,0.69,0.71,0.72,0.73,0.68,0.66,0.69,0.84,0.77,0.64,0.59,0.63,0.65,0.59,0.68,LB,DEF,2
Quentin Lecoeuche,LB,France,0.69,0.77,0.47,0.62,0.65,0.63,0.69,0.78,0.77,0.82,0.81,0.63,0.59,0.66,0.85,0.75,0.66,0.63,0.61,0.63,0.6,0.49,LB,DEF,2
Lee Han Beom,CB,Korea Republic,0.69,0.61,0.28,0.5,0.57,0.69,0.73,0.6,0.62,0.5,0.55,0.63,0.62,0.8,0.59,0.88,0.7,0.67,0.71,0.65,0.71,0.31,CB,DEF,3
José León,CB,Spain,0.69,0.69,0.36,0.53,0.55,0.68,0.77,0.69,0.69,0.62,0.65,0.65,0.68,0.8,0.82,0.78,0.7,0.67,0.68,0.69,0.65,0.59,CB,DEF,2
Gift Links,LB,South Africa,0.69,0.85,0.57,0.66,0.71,0.6,0.66,0.88,0.83,0.9,0.92,0.7,0.61,0.63,0.77,0.69,0.61,0.59,0.63,0.62,0.45,0.58,LB,DEF,2
Luka Lochoshvili,CB,Georgia,0.69,0.39,0.28,0.4,0.46,0.68,0.83,0.4,0.38,0.36,0.36,0.52,0.64,0.94,0.68,0.75,0.7,0.68,0.68,0.67,0.68,0.45,CB,DEF,3
Lluís López,CB,Spain,0.69,0.65,0.36,0.56,0.61,0.69,0.74,0.67,0.64,0.7,0.66,0.65,0.66,0.77,0.72,0.77,0.69,0.68,0.68,0.7,0.67,0.57,CB,DEF,2
Daniel Lovitz,LB,United States,0.69,0.7,0.53,0.65,0.62,0.65,0.72,0.69,0.7,0.7,0.73,0.61,0.63,0.66,0.81,0.72,0.69,0.66,0.63,0.62,0.68,0.61,LB,DEF,2
Nilson Loyola,LB,Peru,0.69,0.77,0.5,0.56,0.6,0.65,0.55,0.76,0.78,0.68,0.71,0.62,0.63,0.5,0.73,0.67,0.68,0.71,0.63,0.62,0.62,0.53,LB,DEF,2
Felipe Loyola,RB,Chile,0.69,0.71,0.4,0.58,0.64,0.64,0.71,0.72,0.7,0.63,0.62,0.68,0.66,0.74,0.78,0.71,0.68,0.62,0.63,0.65,0.51,0.31,RB,DEF,2
Raúl Alberto Lozano,RB,Argentina,0.69,0.8,0.5,0.53,0.64,0.66,0.69,0.82,0.78,0.68,0.65,0.62,0.64,0.63,0.81,0.63,0.7,0.66,0.7,0.67,0.37,0.5,RB,DEF,2
Oier Luengo,CB,Spain,0.69,0.61,0.32,0.49,0.55,0.69,0.74,0.57,0.64,0.53,0.51,0.57,0.64,0.78,0.68,0.75,0.7,0.67,0.68,0.69,0.7,0.45,CB,DEF,3
Gonzalo Luján,CB,Argentina,0.69,0.62,0.34,0.56,0.59,0.69,0.76,0.66,0.59,0.56,0.61,0.61,0.68,0.78,0.74,0.77,0.71,0.68,0.7,0.68,0.65,0.65,CB,DEF,3
Alejandro Maciel,CB,Argentina,0.69,0.53,0.32,0.37,0.47,0.71,0.74,0.54,0.53,0.47,0.53,0.52,0.65,0.8,0.62,0.72,0.75,0.71,0.71,0.68,0.6,0.39,CB,DEF,3
Thorsten Mahrer,CB,Austria,0.69,0.33,0.3,0.47,0.53,0.69,0.79,0.33,0.33,0.55,0.47,0.57,0.62,0.83,0.8,0.74,0.68,0.66,0.69,0.68,0.75,0.43,CB,DEF,3
Iago Maidana,CB,Brazil,0.69,0.7,0.4,0.46,0.48,0.69,0.79,0.68,0.71,0.58,0.41,0.55,0.59,0.88,0.71,0.81,0.69,0.69,0.72,0.68,0.62,0.54,CB,DEF,3
Cebrail Makreckis,RB,Latvia,0.69,0.7,0.58,0.67,0.74,0.65,0.64,0.71,0.7,0.8,0.73,0.72,0.73,0.61,0.67,0.65,0.66,0.61,0.71,0.63,0.52,0.63,RB,DEF,2
Daniel Mancilla,LB,Bolivia,0.69,0.78,0.46,0.56,0.59,0.66,0.59,0.79,0.77,0.84,0.72,0.54,0.64,0.35,0.9,0.57,0.65,0.63,0.7,0.67,0.57,0.36,LB,DEF,1
Cristian Manea,RB,Romania,0.69,0.78,0.48,0.61,0.63,0.65,0.73,0.77,0.79,0.68,0.71,0.63,0.65,0.72,0.8,0.8,0.65,0.64,0.66,0.65,0.65,0.6,RB,DEF,2
Sasha Marcich,LB,Argentina,0.69,0.75,0.41,0.56,0.57,0.7,0.65,0.78,0.73,0.74,0.71,0.55,0.67,0.61,0.66,0.74,0.72,0.69,0.73,0.65,0.61,0.44,LB,DEF,2
Jaílson,CB,Brazil,0.69,0.7,0.54,0.6,0.64,0.69,0.76,0.73,0.68,0.65,0.53,0.66,0.64,0.76,0.76,0.8,0.73,0.66,0.69,0.65,0.65,0.67,CB,DEF,2
Aleš Matějů,CB,Czech Republic,0.69,0.7,0.53,0.6,0.62,0.67,0.8,0.68,0.71,0.66,0.69,0.61,0.65,0.81,0.79,0.84,0.67,0.66,0.66,0.66,0.72,0.64,CB,DEF,2
Marcus Mathisen,CB,Denmark,0.69,0.65,0.5,0.58,0.62,0.67,0.81,0.55,0.73,0.65,0.65,0.62,0.65,0.84,0.8,0.74,0.69,0.64,0.67,0.66,0.61,0.62,CB,DEF,2
José Matos,LB,Spain,0.69,0.79,0.55,0.64,0.67,0.6,0.58,0.74,0.83,0.81,0.88,0.67,0.63,0.34,0.87,0.57,0.62,0.64,0.55,0.63,0.63,0.71,LB,DEF,1
Andreas Maxsø,CB,Denmark,0.69,0.47,0.45,0.54,0.53,0.68,0.8,0.49,0.45,0.49,0.67,0.66,0.66,0.86,0.77,0.83,0.67,0.65,0.69,0.67,0.69,0.52,CB,DEF,3
Sam McCallum,LB,England,0.69,0.79,0.55,0.63,0.66,0.65,0.69,0.8,0.79,0.65,0.58,0.67,0.66,0.68,0.72,0.76,0.65,0.62,0.62,0.71,0.6,0.61,LB,DEF,2
Kyle McFadzean,CB,England,0.69,0.3,0.37,0.48,0.49,0.68,0.78,0.32,0.29,0.32,0.47,0.51,0.65,0.84,0.63,0.73,0.68,0.6,0.7,0.68,0.71,0.51,CB,DEF,3
Houboulang Mendes,RB,Guinea-Bissau,0.69,0.72,0.42,0.59,0.63,0.68,0.71,0.7,0.74,0.58,0.56,0.68,0.58,0.77,0.64,0.79,0.69,0.67,0.65,0.69,0.7,0.52,RB,DEF,2
Antoine Mendy,CB,France,0.69,0.67,0.41,0.55,0.63,0.7,0.67,0.66,0.67,0.64,0.67,0.64,0.66,0.64,0.69,0.7,0.72,0.7,0.7,0.7,0.65,0.52,CB,DEF,2
Nicolas Meriano,CB,Argentina,0.69,0.59,0.41,0.49,0.5,0.71,0.73,0.59,0.59,0.58,0.55,0.47,0.57,0.75,0.72,0.73,0.73,0.71,0.71,0.7,0.67,0.42,CB,DEF,3
Marco Meyerhöfer,RB,Germany,0.69,0.59,0.4,0.61,0.69,0.66,0.67,0.7,0.5,0.77,0.74,0.7,0.66,0.66,0.73,0.69,0.66,0.68,0.67,0.68,0.59,0.47,RB,DEF,2
Damian Michalski,CB,Poland,0.69,0.61,0.56,0.55,0.59,0.68,0.81,0.71,0.52,0.64,0.57,0.58,0.66,0.9,0.74,0.85,0.69,0.67,0.71,0.62,0.68,0.65,CB,DEF,3
Clément Michelin,RB,France,0.69,0.71,0.5,0.65,0.67,0.65,0.66,0.7,0.71,0.69,0.71,0.67,0.63,0.61,0.75,0.69,0.66,0.64,0.66,0.65,0.61,0.58,RB,DEF,2
Antonio Milić,CB,Croatia,0.69,0.34,0.42,0.59,0.5,0.7,0.75,0.33,0.34,0.4,0.42,0.6,0.68,0.84,0.62,0.7,0.69,0.68,0.7,0.71,0.7,0.57,CB,DEF,3
Richard Mina,CB,Ecuador,0.69,0.66,0.37,0.52,0.53,0.68,0.75,0.64,0.68,0.7,0.68,0.63,0.67,0.81,0.69,0.78,0.69,0.67,0.67,0.68,0.65,0.39,CB,DEF,3
Niklas Moisander,CB,Finland,0.69,0.37,0.49,0.65,0.64,0.69,0.68,0.35,0.39,0.51,0.64,0.67,0.7,0.8,0.42,0.67,0.66,0.65,0.73,0.71,0.66,0.67,CB,DEF,3
Steven Moreira,CB,Cape Verde Islands,0.69,0.68,0.32,0.65,0.66,0.69,0.73,0.7,0.67,0.76,0.69,0.64,0.72,0.69,0.81,0.72,0.7,0.67,0.7,0.69,0.64,0.43,CB,DEF,2
Ezequiel Muñoz,CB,Argentina,0.69,0.44,0.31,0.47,0.49,0.7,0.67,0.37,0.5,0.48,0.52,0.51,0.64,0.79,0.39,0.69,0.72,0.7,0.7,0.68,0.7,0.57,CB,DEF,3
Maurice Neubauer,LB,Germany,0.69,0.74,0.33,0.59,0.63,0.63,0.66,0.71,0.76,0.66,0.7,0.63,0.64,0.55,0.91,0.6,0.69,0.65,0.64,0.61,0.48,0.34,LB,DEF,1
Filipe Ferreira,LB,Portugal,0.69,0.66,0.53,0.64,0.67,0.67,0.66,0.64,0.68,0.64,0.72,0.69,0.65,0.66,0.66,0.66,0.71,0.71,0.68,0.64,0.55,0.68,LB,DEF,2
Jeremy Ngakia,RB,England,0.69,0.71,0.28,0.53,0.67,0.68,0.63,0.74,0.69,0.63,0.73,0.65,0.68,0.6,0.67,0.69,0.72,0.68,0.67,0.67,0.58,0.24,RB,DEF,2
Siyabonga Ngezana,CB,South Africa,0.69,0.73,0.25,0.43,0.55,0.7,0.76,0.73,0.73,0.53,0.64,0.6,0.6,0.81,0.77,0.88,0.73,0.74,0.66,0.65,0.74,0.32,CB,DEF,3
Adam Obert,CB,Slovakia,0.69,0.64,0.44,0.62,0.65,0.7,0.64,0.66,0.62,0.68,0.66,0.67,0.68,0.68,0.59,0.71,0.71,0.7,0.69,0.72,0.67,0.58,CB,DEF,2
Hakeem Odoffin,CB,England,0.69,0.69,0.5,0.57,0.6,0.68,0.75,0.62,0.75,0.64,0.41,0.62,0.67,0.76,0.74,0.74,0.68,0.66,0.68,0.7,0.64,0.56,CB,DEF,3
Tim Oermann,CB,Germany,0.69,0.76,0.34,0.55,0.6,0.7,0.68,0.68,0.82,0.61,0.58,0.68,0.63,0.71,0.64,0.75,0.72,0.7,0.69,0.68,0.69,0.49,CB,DEF,2
Maximiliano Olivera,LB,Uruguay,0.69,0.58,0.57,0.63,0.65,0.69,0.7,0.61,0.55,0.65,0.58,0.61,0.59,0.71,0.65,0.73,0.72,0.72,0.64,0.7,0.69,0.66,LB,DEF,3
Kenneth Omeruo,CB,Nigeria,0.69,0.62,0.32,0.48,0.56,0.69,0.76,0.59,0.65,0.61,0.54,0.55,0.7,0.79,0.74,0.75,0.71,0.69,0.68,0.69,0.68,0.54,CB,DEF,3
Joel Ordoñez,CB,Ecuador,0.69,0.67,0.26,0.51,0.54,0.68,0.74,0.64,0.7,0.57,0.62,0.6,0.64,0.79,0.64,0.77,0.68,0.65,0.69,0.68,0.66,0.35,CB,DEF,3
Erick Otieno,LB,Kenya,0.69,0.91,0.48,0.63,0.69,0.6,0.75,0.9,0.91,0.82,0.9,0.67,0.63,0.76,0.83,0.74,0.62,0.6,0.63,0.62,0.44,0.59,LB,DEF,2
Kassoum Ouattara,LB,France,0.69,0.77,0.41,0.6,0.68,0.63,0.68,0.76,0.78,0.68,0.74,0.67,0.65,0.65,0.75,0.71,0.68,0.66,0.59,0.63,0.55,0.42,LB,DEF,2
Godfried Ayesu Owusu Frimpong,LB,Holland,0.69,0.76,0.39,0.57,0.65,0.66,0.66,0.75,0.76,0.61,0.7,0.67,0.66,0.65,0.68,0.65,0.67,0.66,0.69,0.69,0.48,0.66,LB,DEF,2
Erik Palmer-Brown,CB,United States,0.69,0.62,0.3,0.51,0.52,0.69,0.74,0.56,0.67,0.61,0.45,0.57,0.63,0.84,0.56,0.77,0.69,0.67,0.69,0.69,0.67,0.48,CB,DEF,3
Jonathan Panzo,CB,England,0.69,0.68,0.43,0.62,0.64,0.67,0.72,0.66,0.7,0.61,0.65,0.66,0.61,0.76,0.66,0.77,0.72,0.69,0.6,0.7,0.69,0.63,CB,DEF,2
Franco Paredes,RB,Argentina,0.69,0.78,0.39,0.62,0.69,0.66,0.71,0.78,0.78,0.78,0.71,0.68,0.65,0.69,0.71,0.78,0.65,0.66,0.64,0.67,0.68,0.49,RB,DEF,2
Park Seung Wook,RB,Korea Republic,0.69,0.79,0.42,0.61,0.62,0.64,0.79,0.76,0.82,0.71,0.66,0.6,0.65,0.79,0.85,0.81,0.63,0.65,0.66,0.61,0.61,0.52,RB,DEF,2
Tim Parker,CB,United States,0.69,0.68,0.31,0.44,0.51,0.66,0.81,0.65,0.71,0.49,0.47,0.61,0.68,0.86,0.72,0.85,0.65,0.63,0.66,0.65,0.72,0.33,CB,DEF,3
Alexandru Pașcanu,RB,Romania,0.69,0.71,0.39,0.51,0.58,0.68,0.81,0.7,0.71,0.75,0.54,0.64,0.67,0.84,0.83,0.8,0.69,0.66,0.69,0.68,0.65,0.43,RB,DEF,2
Felix Passlack,RB,Germany,0.69,0.72,0.63,0.65,0.71,0.64,0.71,0.76,0.68,0.75,0.84,0.7,0.7,0.65,0.77,0.63,0.68,0.67,0.68,0.61,0.44,0.71,RB,DEF,2
Nicolás Paz,CB,Argentina,0.69,0.71,0.39,0.56,0.58,0.67,0.78,0.7,0.72,0.67,0.74,0.58,0.66,0.78,0.73,0.78,0.68,0.76,0.66,0.63,0.64,0.49,CB,DEF,2
Nathan,CB,Brazil,0.69,0.72,0.44,0.52,0.58,0.67,0.74,0.73,0.71,0.7,0.65,0.56,0.61,0.76,0.65,0.88,0.68,0.68,0.66,0.68,0.68,0.58,CB,DEF,2
Marco Pellegrino,CB,Argentina,0.69,0.61,0.39,0.52,0.56,0.7,0.7,0.59,0.62,0.59,0.63,0.53,0.61,0.8,0.52,0.75,0.76,0.7,0.68,0.65,0.67,0.63,CB,DEF,3
Timothée Pembélé,RB,France,0.69,0.8,0.49,0.63,0.71,0.64,0.62,0.78,0.81,0.78,0.67,0.73,0.66,0.6,0.66,0.73,0.67,0.65,0.63,0.62,0.6,0.58,RB,DEF,2
Raul Gustavo,CB,Brazil,0.69,0.63,0.42,0.48,0.59,0.69,0.69,0.64,0.62,0.59,0.58,0.6,0.69,0.76,0.61,0.76,0.71,0.69,0.7,0.67,0.67,0.65,CB,DEF,3
Matheus Pereira,LB,Brazil,0.69,0.77,0.43,0.56,0.68,0.64,0.7,0.76,0.78,0.61,0.8,0.68,0.65,0.68,0.77,0.7,0.69,0.69,0.61,0.63,0.53,0.39,LB,DEF,2
Gonzalo Pérez,CB,Uruguay,0.69,0.62,0.38,0.54,0.46,0.71,0.63,0.56,0.67,0.53,0.6,0.59,0.61,0.63,0.62,0.67,0.75,0.68,0.66,0.76,0.7,0.3,CB,DEF,3
Damián Pérez,LB,Argentina,0.69,0.76,0.52,0.6,0.67,0.64,0.71,0.78,0.74,0.83,0.85,0.63,0.69,0.61,0.81,0.8,0.65,0.66,0.65,0.63,0.58,0.69,LB,DEF,2
Manuel Pfeifer,LB,Austria,0.69,0.69,0.32,0.57,0.6,0.67,0.72,0.68,0.69,0.7,0.71,0.6,0.67,0.69,0.81,0.71,0.68,0.65,0.67,0.66,0.63,0.46,LB,DEF,2
Harry Pickering,LB,England,0.69,0.73,0.52,0.64,0.66,0.64,0.72,0.74,0.73,0.72,0.69,0.65,0.65,0.71,0.81,0.73,0.66,0.65,0.65,0.65,0.55,0.61,LB,DEF,2
Niccolò Pierozzi,RB,Italy,0.69,0.73,0.63,0.65,0.72,0.65,0.65,0.74,0.72,0.78,0.77,0.72,0.62,0.65,0.68,0.68,0.67,0.66,0.67,0.64,0.54,0.65,RB,DEF,2
Stavros Pilios,LB,Greece,0.69,0.77,0.48,0.65,0.7,0.62,0.63,0.76,0.77,0.72,0.71,0.72,0.63,0.59,0.7,0.6,0.66,0.67,0.6,0.64,0.44,0.62,LB,DEF,2
Ewoud Pletinckx,CB,Belgium,0.69,0.43,0.3,0.44,0.46,0.68,0.79,0.36,0.48,0.32,0.37,0.6,0.64,0.83,0.8,0.74,0.71,0.67,0.67,0.65,0.71,0.41,CB,DEF,3
Regan Poole,CB,Wales,0.69,0.68,0.32,0.55,0.6,0.69,0.78,0.71,0.66,0.63,0.67,0.61,0.68,0.78,0.81,0.89,0.68,0.66,0.7,0.68,0.69,0.32,CB,DEF,3
Boris Popović,CB,Serbia,0.69,0.55,0.33,0.51,0.51,0.68,0.69,0.55,0.55,0.61,0.55,0.6,0.65,0.81,0.42,0.76,0.7,0.69,0.66,0.66,0.69,0.56,CB,DEF,3
Postigo,CB,Spain,0.69,0.65,0.46,0.51,0.53,0.69,0.71,0.52,0.75,0.5,0.46,0.58,0.65,0.79,0.56,0.73,0.68,0.62,0.73,0.7,0.68,0.56,CB,DEF,3
Brad Potts,RB,England,0.69,0.7,0.68,0.67,0.67,0.63,0.78,0.66,0.74,0.62,0.65,0.68,0.68,0.76,0.87,0.73,0.66,0.63,0.62,0.64,0.58,0.77,RB,DEF,2
Achilleas Poungouras,CB,Greece,0.69,0.63,0.41,0.47,0.49,0.69,0.73,0.61,0.64,0.54,0.59,0.49,0.69,0.77,0.67,0.75,0.71,0.67,0.69,0.71,0.65,0.65,CB,DEF,3
Sebastián Prieto,LB,Argentina,0.69,0.72,0.43,0.59,0.66,0.65,0.69,0.73,0.72,0.61,0.7,0.69,0.65,0.67,0.75,0.74,0.7,0.69,0.59,0.62,0.65,0.37,LB,DEF,2
Aleksandar Radovanović,CB,Serbia,0.69,0.4,0.29,0.5,0.5,0.68,0.77,0.47,0.34,0.34,0.43,0.62,0.6,0.84,0.66,0.77,0.71,0.67,0.65,0.65,0.71,0.34,CB,DEF,3
Risto Radunović,LB,Montenegro,0.69,0.74,0.58,0.64,0.64,0.65,0.8,0.72,0.75,0.78,0.74,0.62,0.65,0.82,0.82,0.81,0.68,0.64,0.66,0.62,0.61,0.73,LB,DEF,2
Iván Ramírez,RB,Paraguay,0.69,0.71,0.45,0.62,0.63,0.65,0.7,0.7,0.72,0.63,0.68,0.67,0.65,0.68,0.77,0.71,0.68,0.66,0.63,0.65,0.61,0.57,RB,DEF,2
Joe Rankin-Costello,RB,England,0.69,0.74,0.58,0.62,0.68,0.67,0.7,0.77,0.71,0.69,0.66,0.67,0.69,0.72,0.65,0.75,0.69,0.68,0.67,0.68,0.55,0.62,RB,DEF,2
Serge-Philippe Raux-Yao,CB,France,0.69,0.44,0.34,0.44,0.49,0.69,0.79,0.36,0.5,0.47,0.32,0.58,0.65,0.9,0.66,0.72,0.7,0.66,0.69,0.67,0.68,0.45,CB,DEF,3
Alejandro Rébola,CB,Argentina,0.69,0.41,0.26,0.42,0.43,0.71,0.74,0.34,0.47,0.4,0.42,0.44,0.7,0.83,0.63,0.69,0.7,0.69,0.73,0.71,0.67,0.46,CB,DEF,3
Zé Carlos,RB,Portugal,0.69,0.77,0.4,0.57,0.68,0.66,0.64,0.78,0.76,0.59,0.71,0.7,0.68,0.57,0.77,0.63,0.68,0.64,0.68,0.69,0.47,0.64,RB,DEF,2
Alex Pinto,RB,Portugal,0.69,0.75,0.46,0.53,0.63,0.65,0.77,0.72,0.77,0.52,0.49,0.66,0.68,0.77,0.75,0.77,0.65,0.64,0.65,0.69,0.59,0.54,RB,DEF,2
Rene Renner,LB,Austria,0.69,0.81,0.61,0.63,0.67,0.62,0.69,0.81,0.81,0.76,0.72,0.64,0.64,0.58,0.88,0.74,0.63,0.63,0.61,0.62,0.63,0.64,LB,DEF,2
Ríos Reina,LB,Spain,0.69,0.78,0.6,0.68,0.67,0.62,0.8,0.77,0.78,0.71,0.61,0.66,0.63,0.82,0.85,0.79,0.6,0.64,0.63,0.66,0.54,0.76,LB,DEF,2
Guzmán Rodríguez,CB,Uruguay,0.69,0.74,0.3,0.38,0.56,0.71,0.74,0.7,0.78,0.72,0.5,0.54,0.62,0.74,0.73,0.75,0.63,0.7,0.73,0.81,0.65,0.41,CB,DEF,3
Chema,CB,Spain,0.69,0.55,0.59,0.57,0.6,0.68,0.75,0.56,0.54,0.65,0.52,0.66,0.66,0.79,0.66,0.74,0.68,0.67,0.69,0.68,0.66,0.75,CB,DEF,3
Alex Roldan,RB,El Salvador,0.69,0.75,0.57,0.65,0.7,0.62,0.71,0.76,0.74,0.72,0.72,0.74,0.66,0.62,0.84,0.72,0.63,0.6,0.62,0.65,0.59,0.63,RB,DEF,2
Kevin Rolón,LB,Uruguay,0.69,0.72,0.49,0.61,0.67,0.66,0.53,0.72,0.72,0.72,0.75,0.67,0.65,0.42,0.7,0.5,0.71,0.66,0.64,0.71,0.45,0.61,LB,DEF,1
Jhohan Romaña,CB,Colombia,0.69,0.59,0.29,0.5,0.48,0.68,0.79,0.6,0.59,0.37,0.51,0.59,0.6,0.87,0.69,0.8,0.71,0.61,0.69,0.65,0.7,0.4,CB,DEF,3
Carlos Romero,LB,Spain,0.69,0.71,0.53,0.65,0.65,0.65,0.66,0.7,0.72,0.7,0.66,0.65,0.65,0.63,0.76,0.68,0.68,0.65,0.65,0.64,0.59,0.56,LB,DEF,2
Dave Romney,CB,United States,0.69,0.5,0.32,0.6,0.61,0.69,0.74,0.54,0.47,0.54,0.49,0.61,0.7,0.75,0.72,0.72,0.68,0.68,0.7,0.7,0.7,0.52,CB,DEF,3
Dany Rosero,CB,Colombia,0.69,0.63,0.38,0.52,0.57,0.68,0.8,0.53,0.71,0.7,0.64,0.62,0.63,0.82,0.86,0.8,0.71,0.65,0.64,0.68,0.73,0.48,CB,DEF,3
Miguel Rubio,CB,Spain,0.69,0.43,0.29,0.45,0.45,0.68,0.67,0.37,0.48,0.35,0.3,0.65,0.67,0.82,0.33,0.7,0.67,0.69,0.64,0.72,0.7,0.45,CB,DEF,3
Jean Ruiz,CB,France,0.69,0.8,0.42,0.61,0.58,0.69,0.75,0.67,0.91,0.63,0.47,0.61,0.59,0.82,0.75,0.8,0.72,0.65,0.7,0.66,0.68,0.55,CB,DEF,2
Théo Sainte-Luce,LB,France,0.69,0.73,0.47,0.59,0.68,0.65,0.6,0.71,0.75,0.72,0.7,0.69,0.63,0.59,0.69,0.61,0.65,0.67,0.67,0.68,0.48,0.56,LB,DEF,2
Alessandro Salvi,RB,Italy,0.69,0.71,0.59,0.63,0.66,0.65,0.73,0.74,0.69,0.82,0.78,0.64,0.67,0.73,0.74,0.77,0.67,0.66,0.66,0.63,0.61,0.64,RB,DEF,2
Junior Sambia,RB,France,0.69,0.66,0.66,0.69,0.69,0.67,0.65,0.64,0.67,0.73,0.69,0.69,0.64,0.63,0.68,0.68,0.68,0.67,0.66,0.67,0.62,0.82,RB,DEF,2
Shurandy Sambo,RB,Holland,0.69,0.79,0.43,0.6,0.67,0.64,0.72,0.78,0.79,0.74,0.74,0.66,0.66,0.71,0.76,0.76,0.64,0.65,0.64,0.66,0.58,0.59,RB,DEF,2
Jaime Sánchez,CB,Spain,0.69,0.64,0.33,0.51,0.49,0.69,0.7,0.6,0.68,0.59,0.53,0.68,0.68,0.74,0.62,0.73,0.69,0.68,0.7,0.69,0.68,0.65,CB,DEF,3
Rubén Sánchez,RB,Spain,0.69,0.82,0.61,0.63,0.66,0.62,0.69,0.84,0.8,0.8,0.65,0.65,0.66,0.64,0.81,0.77,0.63,0.61,0.62,0.63,0.61,0.65,RB,DEF,2
Derick Poloni,LB,Brazil,0.69,0.74,0.61,0.62,0.68,0.67,0.67,0.72,0.75,0.68,0.76,0.67,0.65,0.64,0.72,0.69,0.68,0.66,0.66,0.72,0.55,0.68,LB,DEF,2
Tayyip Sanuç,CB,Turkey,0.69,0.57,0.43,0.47,0.57,0.68,0.74,0.52,0.61,0.52,0.53,0.6,0.66,0.76,0.68,0.73,0.69,0.7,0.66,0.65,0.7,0.47,CB,DEF,3
Ľubomír Šatka,CB,Slovakia,0.69,0.63,0.29,0.53,0.53,0.7,0.69,0.62,0.63,0.64,0.55,0.66,0.69,0.75,0.61,0.74,0.71,0.69,0.7,0.68,0.67,0.45,CB,DEF,3
Gastón Sauro,CB,Argentina,0.69,0.4,0.33,0.51,0.52,0.68,0.73,0.47,0.34,0.48,0.5,0.57,0.65,0.81,0.55,0.77,0.7,0.65,0.68,0.66,0.71,0.53,CB,DEF,3
Dominik Schmid,LB,Switzerland,0.69,0.77,0.56,0.7,0.66,0.6,0.71,0.77,0.77,0.71,0.7,0.69,0.67,0.69,0.86,0.7,0.59,0.61,0.62,0.62,0.5,0.7,LB,DEF,2
Vladimir Screciu,CB,Romania,0.69,0.73,0.39,0.56,0.59,0.69,0.76,0.74,0.72,0.69,0.8,0.59,0.68,0.76,0.76,0.8,0.7,0.67,0.68,0.69,0.67,0.48,CB,DEF,2
Eddie Segura,CB,Colombia,0.69,0.59,0.3,0.49,0.57,0.68,0.74,0.53,0.63,0.61,0.6,0.64,0.67,0.77,0.71,0.72,0.7,0.69,0.67,0.69,0.65,0.36,CB,DEF,3
Yoan Severin,CB,France,0.69,0.65,0.27,0.5,0.51,0.67,0.77,0.63,0.66,0.54,0.56,0.57,0.68,0.82,0.7,0.77,0.7,0.68,0.69,0.64,0.61,0.4,CB,DEF,3
Jamie Shackleton,RB,England,0.69,0.78,0.48,0.65,0.72,0.64,0.68,0.81,0.76,0.83,0.87,0.7,0.67,0.61,0.8,0.68,0.66,0.59,0.66,0.66,0.49,0.55,RB,DEF,2
Conor Shaughnessy,CB,Republic of Ireland,0.69,0.6,0.49,0.58,0.59,0.68,0.78,0.57,0.63,0.5,0.53,0.63,0.64,0.82,0.77,0.77,0.67,0.65,0.7,0.68,0.69,0.6,CB,DEF,3
Niko Sigur,RB,Croatia,0.69,0.71,0.56,0.67,0.73,0.61,0.68,0.69,0.72,0.75,0.72,0.72,0.75,0.56,0.81,0.58,0.62,0.65,0.59,0.66,0.48,0.74,RB,DEF,2
Sheriff Sinyan,CB,Gambia,0.69,0.71,0.43,0.57,0.62,0.68,0.74,0.67,0.74,0.64,0.62,0.63,0.65,0.8,0.64,0.79,0.69,0.65,0.66,0.68,0.69,0.53,CB,DEF,2
Nikola Šipčić,CB,Montenegro,0.69,0.67,0.36,0.5,0.59,0.67,0.78,0.61,0.72,0.64,0.51,0.6,0.6,0.83,0.72,0.79,0.69,0.63,0.65,0.68,0.7,0.48,CB,DEF,3
Tommy Smith,RB,England,0.69,0.65,0.46,0.64,0.64,0.66,0.73,0.64,0.66,0.6,0.63,0.68,0.67,0.71,0.78,0.73,0.68,0.66,0.66,0.65,0.65,0.53,RB,DEF,2
Christian Sørensen,LB,Denmark,0.69,0.73,0.62,0.7,0.69,0.61,0.69,0.74,0.73,0.77,0.76,0.69,0.65,0.62,0.88,0.59,0.63,0.62,0.62,0.64,0.41,0.72,LB,DEF,2
Diego Sosa,LB,Argentina,0.69,0.69,0.53,0.62,0.6,0.66,0.71,0.69,0.69,0.68,0.61,0.64,0.59,0.72,0.77,0.71,0.67,0.66,0.64,0.74,0.57,0.57,LB,DEF,2
Saïdou Sow,CB,Guinea,0.69,0.61,0.41,0.54,0.6,0.69,0.66,0.61,0.61,0.52,0.57,0.63,0.67,0.77,0.42,0.76,0.7,0.69,0.68,0.69,0.7,0.49,CB,DEF,3
Callum Styles,LB,Hungary,0.69,0.69,0.62,0.66,0.69,0.64,0.66,0.68,0.69,0.81,0.87,0.68,0.69,0.58,0.85,0.55,0.68,0.64,0.63,0.68,0.44,0.6,LB,DEF,2
Lucas Suárez,CB,Argentina,0.69,0.63,0.29,0.48,0.55,0.7,0.74,0.68,0.59,0.56,0.52,0.59,0.66,0.79,0.69,0.78,0.7,0.72,0.72,0.67,0.68,0.46,CB,DEF,3
Mateo Sušić,RB,Bosnia and Herzegovina,0.69,0.71,0.56,0.61,0.66,0.65,0.71,0.68,0.73,0.65,0.67,0.65,0.7,0.7,0.73,0.69,0.65,0.66,0.67,0.65,0.58,0.68,RB,DEF,2
Gustav Svensson,CB,Sweden,0.69,0.35,0.46,0.58,0.62,0.68,0.79,0.34,0.35,0.47,0.59,0.64,0.68,0.83,0.76,0.68,0.68,0.67,0.69,0.68,0.64,0.65,CB,DEF,3
Michael Svoboda,CB,Austria,0.69,0.59,0.44,0.52,0.56,0.67,0.81,0.48,0.68,0.32,0.33,0.61,0.63,0.88,0.75,0.75,0.69,0.65,0.66,0.65,0.65,0.67,CB,DEF,3
Miguel Tapias,CB,Mexico,0.69,0.68,0.37,0.5,0.52,0.69,0.69,0.69,0.68,0.57,0.63,0.59,0.7,0.69,0.7,0.77,0.72,0.7,0.65,0.67,0.72,0.5,CB,DEF,3
Rasmus Thelander,CB,Denmark,0.69,0.39,0.3,0.45,0.43,0.67,0.81,0.37,0.41,0.38,0.42,0.52,0.6,0.87,0.69,0.76,0.7,0.71,0.63,0.64,0.74,0.55,CB,DEF,3
Emirhan Topçu,CB,Turkey,0.69,0.55,0.33,0.54,0.63,0.69,0.7,0.53,0.56,0.55,0.57,0.61,0.68,0.74,0.62,0.7,0.73,0.69,0.66,0.68,0.65,0.26,CB,DEF,3
Fáiner Torijano,CB,Colombia,0.69,0.7,0.34,0.51,0.51,0.7,0.73,0.7,0.7,0.64,0.65,0.59,0.64,0.76,0.73,0.83,0.7,0.65,0.69,0.7,0.75,0.64,CB,DEF,3
Miguel Ángel Torrén,CB,Argentina,0.69,0.6,0.49,0.63,0.63,0.67,0.76,0.66,0.55,0.67,0.69,0.64,0.71,0.76,0.7,0.77,0.65,0.64,0.69,0.68,0.7,0.57,CB,DEF,2
Almamy Touré,CB,Mali,0.69,0.71,0.57,0.64,0.67,0.69,0.72,0.69,0.72,0.67,0.66,0.68,0.67,0.77,0.66,0.78,0.69,0.68,0.68,0.69,0.68,0.67,CB,DEF,2
Philipp Treu,LB,Germany,0.69,0.76,0.41,0.64,0.69,0.63,0.6,0.77,0.76,0.82,0.87,0.69,0.65,0.54,0.73,0.56,0.66,0.65,0.66,0.64,0.42,0.38,LB,DEF,1
Leonardo Buta,LB,Portugal,0.69,0.74,0.49,0.6,0.67,0.64,0.69,0.75,0.73,0.71,0.68,0.68,0.65,0.69,0.74,0.68,0.68,0.65,0.63,0.64,0.5,0.5,LB,DEF,2
Edgaras Utkus,CB,Lithuania,0.69,0.55,0.37,0.59,0.56,0.69,0.73,0.49,0.59,0.45,0.5,0.6,0.54,0.79,0.63,0.77,0.68,0.63,0.71,0.69,0.74,0.51,CB,DEF,3
Necip Uysal,CB,Turkey,0.69,0.53,0.56,0.61,0.64,0.69,0.73,0.52,0.54,0.59,0.67,0.65,0.7,0.76,0.66,0.7,0.74,0.7,0.65,0.68,0.62,0.65,CB,DEF,3
Leo Väisänen,CB,Finland,0.69,0.72,0.3,0.56,0.59,0.69,0.73,0.71,0.72,0.57,0.57,0.66,0.66,0.74,0.73,0.78,0.7,0.67,0.68,0.68,0.68,0.38,CB,DEF,3
Lautaro Valenti,CB,Argentina,0.69,0.7,0.51,0.55,0.57,0.68,0.75,0.68,0.71,0.6,0.58,0.59,0.62,0.78,0.73,0.78,0.7,0.68,0.67,0.66,0.69,0.7,CB,DEF,2
Gustav Valsvik,CB,Norway,0.69,0.38,0.49,0.53,0.42,0.67,0.82,0.36,0.39,0.32,0.36,0.49,0.65,0.91,0.73,0.73,0.66,0.64,0.69,0.68,0.69,0.67,CB,DEF,3
Rein Van Helden,CB,Belgium,0.69,0.63,0.29,0.61,0.58,0.69,0.74,0.59,0.67,0.51,0.59,0.63,0.67,0.75,0.77,0.81,0.71,0.67,0.68,0.67,0.67,0.45,CB,DEF,3
Bart van Rooij,RB,Holland,0.69,0.78,0.36,0.59,0.66,0.62,0.63,0.77,0.79,0.69,0.72,0.67,0.65,0.61,0.75,0.53,0.66,0.64,0.63,0.63,0.42,0.52,RB,DEF,1
Hugo Vandermersch,RB,France,0.69,0.67,0.39,0.6,0.63,0.67,0.71,0.74,0.62,0.69,0.7,0.64,0.6,0.67,0.83,0.74,0.7,0.7,0.65,0.63,0.65,0.43,RB,DEF,2
Jordi Vanlerberghe,CB,Belgium,0.69,0.59,0.61,0.67,0.63,0.68,0.75,0.6,0.58,0.6,0.53,0.67,0.65,0.77,0.74,0.75,0.7,0.69,0.67,0.68,0.67,0.74,CB,DEF,3
Thibaut Vargas,RB,France,0.69,0.74,0.38,0.59,0.65,0.64,0.65,0.74,0.74,0.7,0.72,0.67,0.65,0.6,0.74,0.69,0.68,0.66,0.62,0.65,0.57,0.59,RB,DEF,2
Edwin Velasco,LB,Colombia,0.69,0.79,0.39,0.56,0.64,0.64,0.78,0.77,0.8,0.7,0.71,0.6,0.6,0.8,0.85,0.83,0.65,0.66,0.59,0.7,0.63,0.55,LB,DEF,2
Brayan Vera,CB,Colombia,0.69,0.7,0.4,0.52,0.55,0.69,0.71,0.69,0.7,0.67,0.65,0.62,0.64,0.78,0.56,0.78,0.69,0.68,0.72,0.68,0.67,0.45,CB,DEF,3
Marko Vešović,RB,Montenegro,0.69,0.79,0.55,0.65,0.7,0.64,0.7,0.78,0.79,0.8,0.72,0.67,0.66,0.7,0.69,0.75,0.68,0.65,0.63,0.6,0.59,0.59,RB,DEF,2
Sam Vines,LB,United States,0.69,0.76,0.33,0.57,0.63,0.66,0.68,0.74,0.78,0.75,0.73,0.62,0.65,0.67,0.77,0.7,0.71,0.68,0.66,0.65,0.55,0.32,LB,DEF,2
Alessandro Vogliacco,CB,Italy,0.69,0.65,0.36,0.52,0.55,0.71,0.66,0.6,0.69,0.46,0.54,0.58,0.68,0.69,0.55,0.7,0.74,0.74,0.69,0.68,0.68,0.6,CB,DEF,3
Murray Wallace,CB,Scotland,0.69,0.53,0.29,0.54,0.58,0.7,0.76,0.5,0.56,0.52,0.53,0.61,0.67,0.79,0.76,0.73,0.72,0.69,0.69,0.68,0.7,0.45,CB,DEF,3
Scott Wharton,CB,England,0.69,0.55,0.32,0.53,0.61,0.69,0.75,0.57,0.53,0.58,0.62,0.63,0.64,0.8,0.69,0.76,0.69,0.68,0.69,0.68,0.7,0.36,CB,DEF,3
Jack Whatmough,CB,England,0.69,0.49,0.26,0.48,0.56,0.68,0.78,0.42,0.54,0.6,0.44,0.6,0.69,0.83,0.72,0.79,0.69,0.66,0.68,0.66,0.67,0.34,CB,DEF,3
Ben Wilmot,CB,England,0.69,0.54,0.39,0.55,0.59,0.7,0.72,0.55,0.53,0.42,0.52,0.62,0.67,0.74,0.71,0.72,0.7,0.69,0.7,0.7,0.7,0.69,CB,DEF,3
Nathan Wood,CB,England,0.69,0.76,0.24,0.47,0.54,0.69,0.72,0.65,0.85,0.46,0.61,0.58,0.65,0.77,0.63,0.76,0.69,0.68,0.71,0.66,0.65,0.36,CB,DEF,3
Mohamed Youssouf,RB,Netherlands,0.69,0.67,0.48,0.62,0.67,0.66,0.69,0.62,0.71,0.8,0.86,0.64,0.67,0.68,0.8,0.68,0.68,0.65,0.67,0.65,0.6,0.56,RB,DEF,2
Benedikt Zech,CB,Austria,0.69,0.8,0.29,0.54,0.56,0.7,0.72,0.8,0.8,0.7,0.61,0.56,0.66,0.75,0.7,0.81,0.71,0.67,0.71,0.73,0.65,0.4,CB,DEF,2
Zheng Zheng,CB,China PR,0.69,0.64,0.57,0.67,0.65,0.7,0.72,0.61,0.66,0.66,0.75,0.67,0.63,0.75,0.71,0.69,0.73,0.7,0.7,0.7,0.56,0.59,CB,DEF,2
Zhu Chenjie,CB,China PR,0.69,0.78,0.41,0.47,0.59,0.68,0.77,0.77,0.79,0.68,0.78,0.6,0.65,0.77,0.79,0.88,0.72,0.66,0.65,0.64,0.74,0.57,CB,DEF,2
Ismaël Aaneba,CB,France,0.68,0.72,0.47,0.59,0.61,0.69,0.68,0.73,0.72,0.7,0.65,0.66,0.63,0.7,0.66,0.76,0.67,0.66,0.69,0.74,0.67,0.64,CB,DEF,2
Braian Aguirre,RB,Argentina,0.68,0.69,0.41,0.55,0.62,0.65,0.72,0.7,0.68,0.64,0.7,0.64,0.64,0.73,0.74,0.71,0.66,0.68,0.64,0.67,0.56,0.46,RB,DEF,2
Darío Aimar,CB,Ecuador,0.68,0.58,0.29,0.45,0.49,0.68,0.69,0.62,0.55,0.6,0.55,0.65,0.62,0.73,0.63,0.74,0.7,0.65,0.67,0.68,0.68,0.39,CB,DEF,5
Fatih Aksoy,CB,Turkey,0.68,0.37,0.42,0.54,0.6,0.7,0.72,0.4,0.35,0.57,0.41,0.67,0.56,0.74,0.74,0.65,0.72,0.72,0.7,0.66,0.65,0.54,CB,DEF,3
Muteb Al Harbi,LB,Saudi Arabia,0.68,0.93,0.54,0.64,0.69,0.55,0.61,0.92,0.93,0.87,0.68,0.68,0.59,0.56,0.87,0.64,0.59,0.58,0.55,0.56,0.41,0.58,LB,DEF,1
Alcalá,CB,Spain,0.68,0.3,0.47,0.55,0.49,0.67,0.71,0.3,0.3,0.29,0.31,0.57,0.66,0.9,0.34,0.79,0.68,0.62,0.67,0.62,0.78,0.75,CB,DEF,3
Haitam Aleesami,CB,Norway,0.68,0.73,0.56,0.64,0.62,0.66,0.74,0.7,0.75,0.68,0.59,0.62,0.67,0.75,0.78,0.77,0.68,0.66,0.64,0.65,0.68,0.61,CB,DEF,2
Ayoub Amraoui,LB,Morocco,0.68,0.72,0.42,0.55,0.65,0.65,0.67,0.73,0.71,0.67,0.67,0.64,0.65,0.6,0.74,0.68,0.68,0.68,0.64,0.65,0.56,0.54,LB,DEF,2
Malte Amundsen,CB,Denmark,0.68,0.74,0.47,0.64,0.65,0.67,0.73,0.72,0.75,0.64,0.66,0.63,0.68,0.76,0.73,0.78,0.67,0.65,0.68,0.69,0.6,0.6,CB,DEF,2
Federico Andueza,CB,Uruguay,0.68,0.6,0.37,0.49,0.55,0.68,0.76,0.64,0.56,0.58,0.57,0.6,0.6,0.82,0.72,0.79,0.69,0.66,0.7,0.66,0.68,0.54,CB,DEF,3
Jeison Angulo,LB,Colombia,0.68,0.73,0.35,0.57,0.68,0.64,0.74,0.75,0.71,0.76,0.64,0.65,0.63,0.76,0.8,0.74,0.66,0.64,0.7,0.59,0.53,0.35,LB,DEF,2
João Silva,CB,Portugal,0.68,0.59,0.24,0.45,0.48,0.68,0.71,0.52,0.65,0.62,0.56,0.56,0.66,0.71,0.73,0.73,0.67,0.63,0.7,0.67,0.71,0.38,CB,DEF,5
Arambarri,CB,Spain,0.68,0.48,0.29,0.53,0.44,0.68,0.72,0.46,0.49,0.38,0.66,0.67,0.6,0.75,0.72,0.73,0.7,0.67,0.67,0.65,0.72,0.51,CB,DEF,3
Carlens Arcus,RB,Haiti,0.68,0.75,0.43,0.63,0.64,0.61,0.73,0.74,0.75,0.66,0.77,0.64,0.66,0.73,0.77,0.76,0.65,0.64,0.58,0.6,0.6,0.54,RB,DEF,2
Nathaniel Atkinson,RB,Australia,0.68,0.76,0.53,0.62,0.71,0.59,0.73,0.75,0.76,0.81,0.82,0.67,0.62,0.71,0.83,0.74,0.66,0.62,0.52,0.6,0.55,0.54,RB,DEF,2
Pedrinho,LB,Brazil,0.68,0.74,0.32,0.56,0.63,0.63,0.58,0.77,0.72,0.68,0.74,0.61,0.62,0.54,0.74,0.6,0.67,0.68,0.6,0.69,0.46,0.48,LB,DEF,1
Leandro Bacuna,RB,Curaçao,0.68,0.75,0.64,0.67,0.7,0.63,0.76,0.72,0.78,0.76,0.72,0.69,0.6,0.78,0.77,0.79,0.68,0.64,0.59,0.62,0.6,0.78,RB,DEF,2
Gabriel Báez,LB,Argentina,0.68,0.76,0.35,0.49,0.63,0.63,0.72,0.72,0.8,0.63,0.72,0.63,0.62,0.72,0.81,0.73,0.66,0.68,0.66,0.56,0.55,0.28,LB,DEF,2
Antonio Barreca,LB,Italy,0.68,0.71,0.36,0.62,0.69,0.65,0.62,0.67,0.74,0.77,0.79,0.7,0.61,0.63,0.61,0.68,0.66,0.67,0.62,0.67,0.61,0.54,LB,DEF,2
Lucas Bartlett,CB,United States,0.68,0.52,0.26,0.38,0.42,0.67,0.78,0.53,0.52,0.34,0.35,0.5,0.7,0.85,0.66,0.85,0.7,0.61,0.7,0.62,0.69,0.39,CB,DEF,5
Jonathan Bay,LB,Argentina,0.68,0.69,0.52,0.56,0.62,0.65,0.71,0.68,0.7,0.63,0.69,0.6,0.67,0.7,0.76,0.69,0.7,0.68,0.62,0.64,0.57,0.67,LB,DEF,2
Marcel Beifus,CB,Germany,0.68,0.66,0.53,0.53,0.58,0.68,0.68,0.63,0.68,0.61,0.62,0.63,0.65,0.71,0.64,0.72,0.7,0.69,0.69,0.67,0.64,0.62,CB,DEF,2
Leon Bell Bell,LB,Cameroon,0.68,0.78,0.61,0.59,0.7,0.62,0.68,0.81,0.75,0.73,0.74,0.69,0.6,0.61,0.85,0.71,0.67,0.65,0.6,0.6,0.54,0.65,LB,DEF,2
Alan Benítez,RB,Paraguay,0.68,0.74,0.52,0.58,0.65,0.64,0.62,0.68,0.78,0.71,0.75,0.65,0.66,0.58,0.63,0.64,0.65,0.64,0.66,0.64,0.57,0.54,RB,DEF,2
El Chadaille Bitshiabu,CB,France,0.68,0.57,0.36,0.54,0.5,0.66,0.76,0.35,0.75,0.35,0.32,0.55,0.65,0.91,0.55,0.72,0.69,0.62,0.65,0.66,0.68,0.73,CB,DEF,3
Odin Luraas Bjørtuft,CB,Norway,0.68,0.64,0.37,0.6,0.59,0.69,0.74,0.66,0.63,0.58,0.62,0.63,0.68,0.77,0.76,0.76,0.69,0.67,0.7,0.68,0.65,0.5,CB,DEF,3
Tristan Blackmon,CB,United States,0.68,0.88,0.42,0.58,0.66,0.66,0.75,0.87,0.89,0.68,0.64,0.64,0.68,0.79,0.71,0.88,0.64,0.62,0.65,0.69,0.68,0.46,CB,DEF,2
Jérôme Boateng,CB,Germany,0.68,0.33,0.47,0.67,0.56,0.7,0.6,0.31,0.35,0.37,0.42,0.64,0.66,0.69,0.31,0.61,0.72,0.66,0.72,0.67,0.7,0.76,CB,DEF,3
Kennedy Boateng,CB,Togo,0.68,0.66,0.41,0.49,0.49,0.67,0.72,0.63,0.68,0.54,0.56,0.58,0.67,0.75,0.66,0.75,0.69,0.67,0.65,0.67,0.7,0.66,CB,DEF,3
Nicolai Boilesen,CB,Denmark,0.68,0.52,0.5,0.64,0.65,0.69,0.69,0.52,0.52,0.6,0.63,0.68,0.67,0.73,0.65,0.69,0.69,0.68,0.7,0.7,0.65,0.64,CB,DEF,3
Christopher Braun,RB,Germany,0.68,0.79,0.44,0.6,0.63,0.63,0.79,0.79,0.79,0.79,0.74,0.59,0.62,0.82,0.81,0.76,0.67,0.65,0.64,0.62,0.49,0.47,RB,DEF,2
Néstor Breitenbruch,CB,Argentina,0.68,0.74,0.42,0.57,0.62,0.65,0.75,0.7,0.77,0.67,0.69,0.65,0.65,0.77,0.72,0.83,0.66,0.6,0.63,0.66,0.74,0.52,CB,DEF,2
Fabrizio Brignani,CB,Italy,0.68,0.62,0.43,0.41,0.54,0.71,0.68,0.58,0.65,0.65,0.65,0.55,0.54,0.7,0.7,0.75,0.71,0.67,0.75,0.67,0.75,0.6,CB,DEF,3
Aitor Buñuel,RB,Spain,0.68,0.84,0.38,0.58,0.69,0.6,0.75,0.83,0.85,0.82,0.9,0.67,0.61,0.7,0.87,0.74,0.6,0.61,0.6,0.62,0.53,0.44,RB,DEF,2
Alexander Busch,CB,Denmark,0.68,0.54,0.29,0.45,0.53,0.69,0.67,0.51,0.57,0.52,0.53,0.63,0.64,0.68,0.66,0.67,0.72,0.7,0.68,0.67,0.69,0.44,CB,DEF,3
Martín Cáceres,CB,Uruguay,0.68,0.64,0.51,0.63,0.64,0.67,0.74,0.65,0.64,0.65,0.76,0.62,0.65,0.73,0.68,0.87,0.66,0.64,0.66,0.67,0.71,0.69,CB,DEF,2
Darío Cáceres,LB,Paraguay,0.68,0.81,0.36,0.55,0.63,0.64,0.69,0.8,0.81,0.74,0.77,0.57,0.63,0.64,0.83,0.77,0.65,0.63,0.61,0.65,0.66,0.44,LB,DEF,2
Gonzalo Verdú,CB,Spain,0.68,0.48,0.53,0.57,0.56,0.67,0.75,0.42,0.53,0.63,0.54,0.58,0.66,0.84,0.63,0.71,0.65,0.61,0.71,0.68,0.65,0.63,CB,DEF,3
Maximiliano Caire,RB,Argentina,0.68,0.67,0.53,0.62,0.66,0.67,0.61,0.64,0.69,0.61,0.73,0.67,0.67,0.62,0.59,0.69,0.68,0.65,0.66,0.66,0.66,0.64,RB,DEF,2
Arturo Calabresi,RB,Italy,0.68,0.5,0.31,0.6,0.62,0.68,0.74,0.34,0.63,0.57,0.6,0.62,0.68,0.77,0.71,0.66,0.7,0.7,0.65,0.7,0.66,0.45,RB,DEF,3
Calegari,RB,Brazil,0.68,0.81,0.33,0.59,0.67,0.61,0.58,0.8,0.82,0.8,0.8,0.67,0.57,0.46,0.77,0.62,0.66,0.65,0.55,0.62,0.55,0.38,RB,DEF,1
Iván Calero,RB,Spain,0.68,0.79,0.48,0.67,0.68,0.62,0.61,0.8,0.78,0.8,0.82,0.65,0.63,0.58,0.75,0.69,0.6,0.63,0.64,0.63,0.55,0.61,RB,DEF,2
Rudy Camacho,CB,France,0.68,0.36,0.46,0.62,0.59,0.66,0.8,0.34,0.38,0.39,0.57,0.67,0.64,0.81,0.78,0.69,0.64,0.63,0.66,0.69,0.68,0.6,CB,DEF,3
Antonio Caracciolo,CB,Italy,0.68,0.47,0.32,0.49,0.62,0.68,0.75,0.57,0.39,0.71,0.71,0.61,0.67,0.79,0.7,0.75,0.66,0.65,0.7,0.68,0.69,0.25,CB,DEF,3
Pedro Lima,RB,Brazil,0.68,0.85,0.48,0.67,0.72,0.6,0.57,0.86,0.84,0.81,0.75,0.68,0.6,0.54,0.59,0.7,0.61,0.66,0.52,0.68,0.56,0.53,RB,DEF,1
Luis Cardozo,CB,Paraguay,0.68,0.57,0.35,0.46,0.55,0.7,0.68,0.6,0.54,0.57,0.6,0.66,0.62,0.74,0.6,0.71,0.71,0.68,0.73,0.72,0.6,0.38,CB,DEF,3
Lorenzo Carissoni,LB,Italy,0.68,0.76,0.5,0.59,0.65,0.62,0.68,0.75,0.76,0.59,0.65,0.66,0.61,0.69,0.71,0.69,0.66,0.64,0.61,0.63,0.52,0.59,LB,DEF,2
Nilson Castrillón,RB,Colombia,0.68,0.7,0.29,0.47,0.55,0.67,0.71,0.69,0.7,0.7,0.62,0.62,0.63,0.71,0.82,0.74,0.68,0.62,0.7,0.65,0.63,0.29,RB,DEF,2
Agustín Cayetano,LB,Uruguay,0.68,0.65,0.35,0.58,0.5,0.66,0.62,0.63,0.66,0.57,0.56,0.56,0.51,0.66,0.71,0.56,0.67,0.76,0.67,0.7,0.43,0.27,LB,DEF,5
Luca Ceppitelli,CB,Italy,0.68,0.36,0.4,0.43,0.48,0.7,0.65,0.38,0.35,0.47,0.55,0.54,0.61,0.77,0.37,0.72,0.7,0.66,0.75,0.66,0.71,0.5,CB,DEF,3
Aníbal Chalá,LB,Ecuador,0.68,0.91,0.45,0.58,0.62,0.63,0.68,0.9,0.91,0.72,0.65,0.62,0.58,0.62,0.79,0.76,0.63,0.61,0.65,0.62,0.56,0.61,LB,DEF,2
Walter Jhonnier Chalá,CB,Ecuador,0.68,0.73,0.24,0.44,0.45,0.69,0.72,0.71,0.75,0.61,0.65,0.58,0.6,0.75,0.67,0.83,0.72,0.64,0.68,0.65,0.73,0.39,CB,DEF,5
Issam Chebake,RB,Morocco,0.68,0.67,0.45,0.56,0.66,0.67,0.68,0.66,0.67,0.69,0.7,0.62,0.65,0.64,0.73,0.7,0.7,0.67,0.66,0.66,0.66,0.57,RB,DEF,2
Denis Ciobotariu,CB,Romania,0.68,0.69,0.27,0.49,0.56,0.67,0.75,0.7,0.68,0.63,0.63,0.58,0.64,0.8,0.71,0.78,0.67,0.64,0.68,0.68,0.64,0.35,CB,DEF,3
Dennis Cirkin,LB,England,0.68,0.77,0.47,0.58,0.65,0.64,0.62,0.75,0.78,0.68,0.65,0.63,0.65,0.57,0.68,0.7,0.66,0.64,0.63,0.65,0.62,0.37,LB,DEF,2
David Čolina,LB,Croatia,0.68,0.78,0.4,0.52,0.64,0.66,0.54,0.82,0.75,0.71,0.79,0.65,0.64,0.46,0.72,0.58,0.68,0.66,0.67,0.71,0.47,0.39,LB,DEF,1
Arnau Comas,CB,Spain,0.68,0.76,0.35,0.54,0.55,0.67,0.73,0.74,0.78,0.64,0.56,0.62,0.63,0.79,0.62,0.81,0.67,0.66,0.68,0.65,0.66,0.44,CB,DEF,2
Kamil Çörekçi,RB,Turkey,0.68,0.77,0.49,0.64,0.69,0.63,0.68,0.75,0.78,0.76,0.83,0.67,0.62,0.65,0.72,0.67,0.65,0.68,0.64,0.64,0.5,0.63,RB,DEF,2
Emanuel Coronel,RB,Argentina,0.68,0.68,0.32,0.51,0.56,0.67,0.65,0.69,0.68,0.7,0.77,0.58,0.63,0.6,0.73,0.69,0.68,0.7,0.68,0.64,0.65,0.47,RB,DEF,2
Nenad Cvetkovic,CB,Serbia,0.68,0.73,0.39,0.5,0.4,0.67,0.74,0.76,0.71,0.69,0.52,0.37,0.56,0.79,0.59,0.88,0.72,0.71,0.61,0.63,0.74,0.51,CB,DEF,5
Jakub Czerwiński,CB,Poland,0.68,0.52,0.32,0.44,0.45,0.67,0.81,0.54,0.5,0.63,0.64,0.52,0.62,0.84,0.78,0.76,0.68,0.65,0.66,0.66,0.67,0.57,CB,DEF,3
Josh Dacres-Cogley,RB,England,0.68,0.89,0.51,0.6,0.67,0.59,0.72,0.87,0.91,0.81,0.81,0.62,0.61,0.67,0.91,0.76,0.6,0.58,0.58,0.59,0.55,0.6,RB,DEF,2
Amadou Dante,LB,Mali,0.68,0.81,0.51,0.56,0.68,0.63,0.69,0.82,0.81,0.84,0.76,0.65,0.64,0.62,0.8,0.76,0.65,0.63,0.63,0.63,0.6,0.55,LB,DEF,2
Joyskim Dawa,CB,Cameroon,0.68,0.82,0.45,0.43,0.41,0.66,0.86,0.81,0.82,0.57,0.35,0.38,0.61,0.9,0.81,0.9,0.69,0.69,0.62,0.64,0.68,0.67,CB,DEF,3
Mees de Wit,LB,Holland,0.68,0.75,0.52,0.65,0.68,0.61,0.72,0.76,0.74,0.54,0.63,0.69,0.64,0.73,0.77,0.76,0.65,0.64,0.57,0.6,0.58,0.47,LB,DEF,2
Mats Deijl,RB,Holland,0.68,0.7,0.5,0.57,0.62,0.66,0.69,0.67,0.72,0.62,0.67,0.61,0.63,0.64,0.79,0.64,0.69,0.66,0.69,0.64,0.53,0.66,RB,DEF,2
Harrison Delbridge,CB,Australia,0.68,0.46,0.33,0.42,0.46,0.67,0.84,0.52,0.41,0.5,0.33,0.54,0.52,0.9,0.74,0.86,0.67,0.6,0.68,0.63,0.76,0.5,CB,DEF,5
Nicolás Demartini,CB,Argentina,0.68,0.58,0.29,0.45,0.49,0.69,0.72,0.59,0.58,0.7,0.54,0.55,0.68,0.79,0.67,0.75,0.69,0.65,0.7,0.7,0.65,0.43,CB,DEF,3
Alec Deneumostier,CB,Peru,0.68,0.57,0.29,0.48,0.48,0.68,0.62,0.54,0.6,0.48,0.53,0.6,0.62,0.72,0.34,0.71,0.68,0.66,0.69,0.67,0.7,0.39,CB,DEF,5
Cristian Devenish,CB,Colombia,0.68,0.5,0.36,0.45,0.48,0.68,0.71,0.46,0.54,0.46,0.4,0.53,0.66,0.81,0.53,0.72,0.72,0.68,0.67,0.65,0.65,0.54,CB,DEF,3
Nicky Devlin,RB,Scotland,0.68,0.79,0.5,0.56,0.64,0.63,0.79,0.77,0.81,0.73,0.67,0.65,0.64,0.74,0.87,0.79,0.63,0.62,0.64,0.6,0.62,0.57,RB,DEF,2
Matteo Di Gennaro,CB,Italy,0.68,0.63,0.45,0.48,0.47,0.69,0.71,0.6,0.65,0.55,0.56,0.5,0.62,0.75,0.64,0.79,0.7,0.66,0.7,0.64,0.74,0.7,CB,DEF,3
Alessandro Di Pardo,RB,Italy,0.68,0.75,0.54,0.64,0.7,0.63,0.6,0.76,0.74,0.76,0.71,0.7,0.62,0.56,0.65,0.68,0.65,0.64,0.62,0.66,0.56,0.63,RB,DEF,2
Anton Donkor,LB,Germany,0.68,0.88,0.6,0.58,0.65,0.6,0.82,0.85,0.91,0.67,0.69,0.62,0.58,0.81,0.91,0.87,0.66,0.6,0.55,0.57,0.64,0.73,LB,DEF,2
Daniele Donnarumma,LB,Italy,0.68,0.76,0.53,0.62,0.64,0.63,0.69,0.75,0.77,0.68,0.7,0.64,0.63,0.69,0.75,0.74,0.68,0.67,0.6,0.57,0.61,0.67,LB,DEF,2
Mohamed Dräger,RB,Tunisia,0.68,0.76,0.64,0.63,0.7,0.63,0.62,0.78,0.75,0.77,0.76,0.67,0.63,0.56,0.69,0.72,0.65,0.64,0.61,0.63,0.63,0.67,RB,DEF,2
Dario Dumić,CB,Bosnia and Herzegovina,0.68,0.44,0.49,0.54,0.46,0.67,0.69,0.34,0.53,0.38,0.34,0.56,0.58,0.81,0.41,0.73,0.68,0.64,0.67,0.65,0.73,0.69,CB,DEF,3
Maksym Dyachuk,CB,Ukraine,0.68,0.64,0.32,0.56,0.59,0.67,0.69,0.62,0.65,0.56,0.62,0.58,0.68,0.7,0.64,0.7,0.69,0.66,0.63,0.73,0.63,0.46,CB,DEF,3
Nikolas Dyhr,LB,Denmark,0.68,0.79,0.55,0.61,0.67,0.62,0.67,0.75,0.83,0.75,0.77,0.67,0.63,0.66,0.76,0.68,0.63,0.62,0.63,0.62,0.52,0.64,LB,DEF,2
Adam Dźwigała,CB,Poland,0.68,0.73,0.44,0.53,0.56,0.66,0.75,0.66,0.78,0.61,0.67,0.65,0.65,0.75,0.73,0.76,0.69,0.66,0.59,0.69,0.68,0.56,CB,DEF,2
Ronnie Edwards,CB,England,0.68,0.69,0.35,0.51,0.6,0.69,0.7,0.67,0.71,0.66,0.65,0.57,0.68,0.71,0.75,0.72,0.69,0.68,0.71,0.7,0.61,0.56,CB,DEF,2
Marvin Ekpiteta,CB,England,0.68,0.59,0.29,0.48,0.52,0.68,0.74,0.49,0.68,0.4,0.44,0.56,0.64,0.83,0.62,0.74,0.68,0.67,0.69,0.68,0.67,0.4,CB,DEF,3
Josip Elez,CB,Croatia,0.68,0.56,0.59,0.65,0.58,0.67,0.73,0.58,0.54,0.41,0.46,0.68,0.64,0.83,0.57,0.77,0.66,0.65,0.68,0.66,0.67,0.74,CB,DEF,3
Jan Elvedi,CB,Switzerland,0.68,0.79,0.34,0.57,0.57,0.67,0.79,0.73,0.83,0.66,0.65,0.58,0.62,0.81,0.82,0.81,0.69,0.67,0.7,0.64,0.61,0.29,CB,DEF,2
Marc-Francois Enoumba,CB,Bolivia,0.68,0.78,0.58,0.58,0.6,0.67,0.74,0.81,0.75,0.65,0.64,0.64,0.64,0.8,0.7,0.87,0.69,0.67,0.66,0.65,0.7,0.65,CB,DEF,2
Franco Escobar,RB,Argentina,0.68,0.71,0.47,0.57,0.67,0.66,0.67,0.69,0.72,0.69,0.69,0.65,0.65,0.66,0.68,0.71,0.7,0.68,0.65,0.63,0.65,0.51,RB,DEF,2
Gonçalo Esteves,RB,Portugal,0.68,0.76,0.39,0.63,0.68,0.64,0.63,0.75,0.76,0.58,0.78,0.69,0.67,0.64,0.62,0.65,0.67,0.65,0.62,0.69,0.49,0.43,RB,DEF,2
Konrad Faber,RB,Germany,0.68,0.83,0.58,0.61,0.69,0.61,0.62,0.76,0.89,0.73,0.76,0.68,0.66,0.61,0.75,0.67,0.64,0.61,0.63,0.56,0.51,0.6,RB,DEF,2
Mourtada Fall,CB,Senegal,0.68,0.5,0.36,0.49,0.44,0.66,0.79,0.5,0.5,0.33,0.34,0.51,0.58,0.89,0.65,0.81,0.67,0.64,0.6,0.7,0.71,0.59,CB,DEF,3
Andrew Farrell,CB,United States,0.68,0.74,0.47,0.62,0.66,0.65,0.78,0.73,0.74,0.73,0.66,0.65,0.68,0.81,0.78,0.79,0.67,0.66,0.65,0.65,0.58,0.61,CB,DEF,2
Volnei Feltes,CB,Brazil,0.68,0.59,0.39,0.45,0.53,0.69,0.7,0.58,0.6,0.4,0.53,0.61,0.57,0.76,0.62,0.75,0.74,0.72,0.66,0.63,0.7,0.52,CB,DEF,3
Kaiky,CB,Brazil,0.68,0.68,0.31,0.5,0.65,0.7,0.65,0.66,0.7,0.68,0.55,0.71,0.56,0.62,0.67,0.7,0.71,0.68,0.7,0.68,0.7,0.5,CB,DEF,2
Manuel Fernández,CB,Uruguay,0.68,0.49,0.27,0.44,0.46,0.69,0.74,0.5,0.48,0.51,0.62,0.5,0.64,0.8,0.62,0.77,0.69,0.64,0.72,0.64,0.72,0.4,CB,DEF,5
Martín Ferreira,LB,Uruguay,0.68,0.7,0.45,0.56,0.58,0.64,0.69,0.71,0.7,0.69,0.6,0.66,0.66,0.71,0.71,0.76,0.65,0.62,0.63,0.67,0.62,0.5,LB,DEF,2
Santiago Flores,CB,Argentina,0.68,0.66,0.28,0.45,0.59,0.68,0.77,0.68,0.64,0.58,0.62,0.61,0.65,0.76,0.88,0.77,0.71,0.69,0.66,0.66,0.65,0.45,CB,DEF,3
João Ferreira,RB,Portugal,0.68,0.76,0.41,0.55,0.61,0.64,0.66,0.75,0.76,0.55,0.61,0.63,0.68,0.65,0.67,0.7,0.66,0.63,0.64,0.67,0.56,0.65,RB,DEF,2
Morgan Fox,CB,Wales,0.68,0.6,0.43,0.57,0.61,0.69,0.7,0.61,0.59,0.56,0.69,0.66,0.68,0.72,0.74,0.73,0.72,0.68,0.68,0.66,0.66,0.55,CB,DEF,3
Gianluca Frabotta,LB,Italy,0.68,0.67,0.53,0.63,0.65,0.64,0.68,0.67,0.67,0.59,0.59,0.68,0.63,0.69,0.74,0.7,0.67,0.67,0.62,0.61,0.6,0.64,LB,DEF,2
Pedro Franco,CB,Colombia,0.68,0.54,0.52,0.63,0.65,0.67,0.71,0.52,0.55,0.67,0.68,0.66,0.67,0.72,0.69,0.7,0.68,0.71,0.63,0.7,0.7,0.69,CB,DEF,3
Haruya Fujii,CB,Japan,0.68,0.65,0.41,0.53,0.58,0.66,0.71,0.61,0.68,0.55,0.42,0.64,0.65,0.8,0.56,0.76,0.67,0.63,0.67,0.66,0.64,0.6,CB,DEF,3
Tom Gaal,CB,Germany,0.68,0.54,0.36,0.5,0.58,0.69,0.72,0.54,0.54,0.5,0.62,0.62,0.69,0.76,0.68,0.77,0.7,0.65,0.7,0.65,0.71,0.51,CB,DEF,3
Nino Galović,CB,Croatia,0.68,0.58,0.46,0.59,0.58,0.67,0.73,0.5,0.65,0.46,0.5,0.62,0.67,0.8,0.67,0.73,0.69,0.67,0.66,0.67,0.67,0.61,CB,DEF,3
Renzo Garcés,CB,Peru,0.68,0.55,0.27,0.48,0.57,0.69,0.7,0.54,0.55,0.54,0.64,0.66,0.68,0.7,0.73,0.68,0.7,0.65,0.69,0.68,0.68,0.35,CB,DEF,3
Simón García,CB,Colombia,0.68,0.7,0.42,0.56,0.56,0.68,0.68,0.69,0.7,0.64,0.68,0.67,0.68,0.67,0.76,0.76,0.68,0.68,0.66,0.7,0.71,0.39,CB,DEF,2
Manuel García,CB,Argentina,0.68,0.55,0.45,0.58,0.58,0.69,0.68,0.53,0.57,0.57,0.63,0.58,0.68,0.67,0.65,0.65,0.72,0.7,0.69,0.7,0.6,0.48,CB,DEF,3
Ben Garuccio,LB,Australia,0.68,0.81,0.52,0.62,0.66,0.61,0.7,0.79,0.83,0.74,0.78,0.64,0.62,0.72,0.83,0.7,0.63,0.6,0.61,0.66,0.46,0.62,LB,DEF,2
Benjamín Gazzolo,CB,Chile,0.68,0.63,0.23,0.43,0.43,0.69,0.72,0.59,0.66,0.43,0.65,0.59,0.63,0.79,0.66,0.76,0.7,0.66,0.7,0.66,0.7,0.35,CB,DEF,5
Kosmas Gezos,CB,Greece,0.68,0.48,0.46,0.54,0.54,0.68,0.74,0.46,0.49,0.58,0.6,0.58,0.63,0.8,0.63,0.76,0.68,0.66,0.66,0.68,0.72,0.65,CB,DEF,3
Raoul Giger,RB,Switzerland,0.68,0.69,0.46,0.56,0.66,0.65,0.69,0.71,0.68,0.68,0.62,0.66,0.64,0.64,0.79,0.66,0.68,0.68,0.68,0.62,0.5,0.59,RB,DEF,2
Glauder,CB,Spain,0.68,0.71,0.35,0.55,0.63,0.66,0.81,0.73,0.7,0.61,0.63,0.66,0.64,0.81,0.83,0.82,0.66,0.64,0.66,0.65,0.65,0.6,CB,DEF,2
Bryan Goncalves,LB,France,0.68,0.69,0.41,0.54,0.45,0.69,0.77,0.68,0.69,0.66,0.52,0.55,0.6,0.78,0.82,0.77,0.7,0.7,0.69,0.69,0.63,0.78,LB,DEF,3
Roderick Miranda,CB,Portugal,0.68,0.32,0.36,0.51,0.51,0.67,0.85,0.33,0.31,0.34,0.32,0.57,0.61,0.91,0.83,0.71,0.68,0.69,0.66,0.65,0.65,0.66,CB,DEF,3
Gonzalo Goñi,CB,Argentina,0.68,0.57,0.28,0.44,0.47,0.67,0.76,0.6,0.55,0.55,0.54,0.55,0.64,0.83,0.66,0.78,0.69,0.65,0.68,0.66,0.66,0.43,CB,DEF,5
Diego González,CB,Spain,0.68,0.65,0.34,0.6,0.57,0.67,0.74,0.66,0.64,0.67,0.36,0.58,0.67,0.78,0.69,0.77,0.66,0.66,0.68,0.68,0.67,0.5,CB,DEF,3
Felix Götze,CB,Germany,0.68,0.65,0.5,0.62,0.66,0.67,0.69,0.65,0.65,0.68,0.63,0.69,0.71,0.72,0.7,0.74,0.68,0.66,0.67,0.68,0.66,0.55,CB,DEF,2
Marcel Guaramato,RB,Venezuela,0.68,0.84,0.47,0.59,0.61,0.64,0.68,0.85,0.84,0.72,0.55,0.6,0.55,0.7,0.59,0.77,0.65,0.63,0.63,0.7,0.55,0.55,RB,DEF,2
Franklin Guerra,CB,Ecuador,0.68,0.63,0.43,0.52,0.6,0.68,0.73,0.64,0.62,0.56,0.71,0.63,0.65,0.74,0.73,0.75,0.7,0.66,0.67,0.67,0.7,0.64,CB,DEF,3
Jon Guthrie,CB,England,0.68,0.5,0.4,0.53,0.51,0.66,0.84,0.49,0.5,0.35,0.33,0.55,0.65,0.9,0.81,0.81,0.67,0.63,0.67,0.63,0.71,0.65,CB,DEF,3
Jaouen Hadjam,LB,Algeria,0.68,0.75,0.52,0.59,0.68,0.65,0.71,0.72,0.77,0.71,0.65,0.67,0.61,0.74,0.71,0.71,0.68,0.66,0.66,0.64,0.52,0.61,LB,DEF,2
Anders Hagelskjær,CB,Denmark,0.68,0.57,0.48,0.61,0.59,0.67,0.73,0.54,0.59,0.52,0.59,0.65,0.62,0.78,0.69,0.73,0.68,0.68,0.67,0.67,0.67,0.59,CB,DEF,3
Nick Hagglund,CB,United States,0.68,0.45,0.29,0.55,0.51,0.67,0.7,0.46,0.44,0.43,0.47,0.57,0.62,0.77,0.54,0.87,0.68,0.63,0.64,0.65,0.79,0.51,CB,DEF,3
Johan Hammar,CB,Sweden,0.68,0.35,0.38,0.46,0.41,0.67,0.74,0.36,0.34,0.32,0.34,0.53,0.62,0.87,0.43,0.72,0.68,0.61,0.69,0.66,0.7,0.64,CB,DEF,5
Tim Handwerker,LB,Germany,0.68,0.81,0.5,0.59,0.65,0.61,0.69,0.84,0.78,0.7,0.69,0.65,0.63,0.66,0.81,0.73,0.68,0.66,0.53,0.65,0.52,0.63,LB,DEF,2
Florent Hanin,LB,France,0.68,0.79,0.44,0.64,0.66,0.63,0.72,0.81,0.77,0.77,0.75,0.64,0.65,0.69,0.8,0.76,0.64,0.63,0.63,0.63,0.58,0.59,LB,DEF,2
Benjamin Hansen,CB,Denmark,0.68,0.57,0.31,0.46,0.5,0.67,0.79,0.51,0.62,0.53,0.54,0.59,0.66,0.86,0.75,0.76,0.66,0.63,0.68,0.67,0.66,0.48,CB,DEF,3
Daniel Heber,CB,Germany,0.68,0.77,0.41,0.52,0.55,0.69,0.75,0.75,0.79,0.67,0.72,0.56,0.65,0.7,0.82,0.75,0.7,0.69,0.7,0.7,0.62,0.5,CB,DEF,2
Philip Heise,LB,Germany,0.68,0.63,0.62,0.69,0.66,0.62,0.72,0.68,0.59,0.67,0.65,0.67,0.64,0.71,0.74,0.71,0.65,0.64,0.6,0.63,0.59,0.78,LB,DEF,2
Nelson Hernández,RB,Venezuela,0.68,0.75,0.56,0.65,0.69,0.61,0.58,0.73,0.77,0.75,0.72,0.7,0.66,0.63,0.6,0.71,0.63,0.6,0.6,0.61,0.6,0.48,RB,DEF,2
Herrando,CB,Spain,0.68,0.54,0.31,0.49,0.46,0.7,0.62,0.57,0.52,0.5,0.53,0.69,0.64,0.59,0.61,0.69,0.69,0.69,0.7,0.69,0.72,0.57,CB,DEF,3
Moritz Heyer,RB,Germany,0.68,0.61,0.55,0.62,0.66,0.69,0.72,0.61,0.61,0.66,0.61,0.68,0.64,0.74,0.69,0.74,0.7,0.68,0.68,0.68,0.68,0.56,RB,DEF,2
Maximilian Hofmann,CB,Austria,0.68,0.61,0.39,0.51,0.51,0.67,0.72,0.55,0.65,0.68,0.69,0.58,0.67,0.73,0.7,0.72,0.68,0.67,0.67,0.65,0.7,0.44,CB,DEF,3
Justin Hoogma,CB,Holland,0.68,0.4,0.29,0.52,0.59,0.68,0.72,0.37,0.42,0.63,0.61,0.67,0.68,0.76,0.7,0.67,0.68,0.64,0.67,0.69,0.68,0.46,CB,DEF,3
Siebe Horemans,RB,Belgium,0.68,0.76,0.3,0.58,0.64,0.66,0.76,0.76,0.76,0.7,0.72,0.6,0.64,0.75,0.76,0.77,0.67,0.57,0.68,0.72,0.57,0.52,RB,DEF,2
Jannes Horn,CB,Germany,0.68,0.75,0.34,0.57,0.66,0.67,0.7,0.77,0.73,0.66,0.63,0.68,0.66,0.7,0.72,0.77,0.72,0.68,0.63,0.67,0.62,0.45,CB,DEF,2
Petko Hristov,CB,Bulgaria,0.68,0.4,0.38,0.45,0.42,0.68,0.71,0.52,0.31,0.35,0.34,0.45,0.63,0.8,0.49,0.74,0.72,0.71,0.66,0.65,0.69,0.6,CB,DEF,3
Niall Huggins,LB,Wales,0.68,0.83,0.52,0.58,0.7,0.63,0.62,0.84,0.82,0.86,0.82,0.66,0.64,0.58,0.72,0.69,0.65,0.63,0.65,0.64,0.52,0.5,LB,DEF,2
Jean Hugonet,CB,France,0.68,0.68,0.31,0.52,0.53,0.68,0.74,0.61,0.73,0.6,0.61,0.58,0.63,0.77,0.69,0.76,0.69,0.64,0.67,0.68,0.69,0.42,CB,DEF,3
Dean Huijsen,CB,Spain,0.68,0.64,0.46,0.6,0.63,0.69,0.65,0.6,0.68,0.53,0.33,0.68,0.64,0.68,0.6,0.71,0.76,0.72,0.64,0.64,0.7,0.56,CB,DEF,3
Bashir Humphreys,CB,England,0.68,0.62,0.35,0.58,0.59,0.68,0.68,0.65,0.6,0.63,0.72,0.64,0.67,0.72,0.63,0.74,0.72,0.67,0.68,0.65,0.67,0.5,CB,DEF,3
Cameron Humphreys-Grant,CB,England,0.68,0.63,0.32,0.48,0.54,0.68,0.72,0.59,0.66,0.64,0.65,0.58,0.69,0.78,0.65,0.75,0.71,0.68,0.65,0.69,0.69,0.44,CB,DEF,3
James Husband,CB,England,0.68,0.63,0.49,0.6,0.64,0.68,0.71,0.62,0.64,0.61,0.66,0.65,0.64,0.7,0.7,0.7,0.68,0.67,0.69,0.67,0.65,0.6,CB,DEF,2
Badavi Hüseynov,CB,Azerbaijan,0.68,0.61,0.29,0.52,0.57,0.68,0.68,0.6,0.62,0.55,0.57,0.64,0.69,0.74,0.61,0.73,0.66,0.65,0.68,0.7,0.68,0.53,CB,DEF,3
Hwang Mun Ki,RB,Korea Republic,0.68,0.72,0.57,0.64,0.69,0.61,0.69,0.75,0.69,0.76,0.7,0.7,0.68,0.67,0.83,0.66,0.65,0.61,0.57,0.68,0.48,0.71,RB,DEF,2
Paul Iacob,CB,Romania,0.68,0.67,0.51,0.58,0.6,0.68,0.78,0.65,0.69,0.67,0.67,0.57,0.62,0.82,0.8,0.78,0.7,0.68,0.68,0.68,0.65,0.56,CB,DEF,2
Jay Idzes,CB,Indonesia,0.68,0.53,0.46,0.6,0.59,0.67,0.77,0.62,0.45,0.55,0.58,0.65,0.63,0.8,0.78,0.76,0.72,0.7,0.64,0.65,0.66,0.65,CB,DEF,3
Mihajlo Ilić,CB,Serbia,0.68,0.45,0.42,0.51,0.53,0.68,0.69,0.38,0.5,0.38,0.35,0.61,0.6,0.82,0.45,0.7,0.68,0.65,0.68,0.7,0.67,0.63,CB,DEF,3
Rodrigo Insua,LB,Argentina,0.68,0.79,0.59,0.62,0.64,0.63,0.68,0.77,0.81,0.68,0.58,0.67,0.55,0.61,0.85,0.7,0.66,0.58,0.63,0.65,0.55,0.65,LB,DEF,2
Luca Itter,CB,Germany,0.68,0.8,0.42,0.6,0.67,0.68,0.67,0.8,0.8,0.66,0.67,0.67,0.66,0.67,0.68,0.78,0.69,0.68,0.68,0.67,0.66,0.53,CB,DEF,2
Marko Ivezić,CB,Serbia,0.68,0.72,0.39,0.56,0.56,0.68,0.71,0.62,0.8,0.53,0.59,0.63,0.61,0.76,0.65,0.75,0.7,0.68,0.67,0.68,0.66,0.45,CB,DEF,3
Rafał Janicki,CB,Poland,0.68,0.44,0.35,0.52,0.49,0.68,0.75,0.39,0.48,0.38,0.44,0.5,0.64,0.84,0.6,0.71,0.69,0.66,0.69,0.68,0.68,0.5,CB,DEF,3
Gaby Jean,CB,France,0.68,0.55,0.33,0.45,0.47,0.69,0.73,0.56,0.54,0.42,0.43,0.51,0.61,0.74,0.73,0.72,0.71,0.68,0.68,0.66,0.69,0.47,CB,DEF,3
Ulisses Wilson,CB,Brazil,0.68,0.51,0.31,0.43,0.51,0.66,0.81,0.48,0.54,0.45,0.52,0.59,0.66,0.86,0.74,0.74,0.68,0.67,0.65,0.63,0.66,0.47,CB,DEF,3
Carl Johansson,CB,Sweden,0.68,0.52,0.27,0.44,0.49,0.68,0.73,0.51,0.53,0.55,0.58,0.55,0.63,0.77,0.63,0.73,0.7,0.64,0.67,0.66,0.7,0.35,CB,DEF,5
Marvin Johnson,LB,England,0.68,0.75,0.62,0.68,0.68,0.62,0.7,0.75,0.75,0.76,0.69,0.67,0.65,0.7,0.74,0.69,0.64,0.63,0.63,0.62,0.52,0.68,LB,DEF,2
Gideon Jung,CB,Germany,0.68,0.7,0.41,0.59,0.6,0.67,0.73,0.67,0.73,0.59,0.56,0.62,0.61,0.77,0.67,0.85,0.69,0.67,0.67,0.66,0.66,0.49,CB,DEF,2
Adrián Jusino,CB,Bolivia,0.68,0.46,0.44,0.47,0.52,0.68,0.84,0.39,0.52,0.34,0.51,0.5,0.57,0.92,0.81,0.74,0.7,0.67,0.68,0.63,0.68,0.55,CB,DEF,3
Hassan Kadish,CB,Saudi Arabia,0.68,0.75,0.49,0.62,0.62,0.66,0.79,0.74,0.76,0.71,0.6,0.64,0.64,0.81,0.87,0.88,0.67,0.67,0.63,0.65,0.74,0.61,CB,DEF,2
Kang Sang Woo,LB,Korea Republic,0.68,0.77,0.65,0.67,0.69,0.58,0.67,0.75,0.78,0.79,0.78,0.7,0.66,0.67,0.86,0.68,0.59,0.56,0.58,0.6,0.52,0.7,LB,DEF,2
Ousmane Kanté,CB,Guinea,0.68,0.34,0.35,0.51,0.55,0.66,0.83,0.34,0.34,0.47,0.57,0.57,0.65,0.89,0.81,0.76,0.66,0.65,0.65,0.65,0.72,0.43,CB,DEF,3
Ondřej Karafiát,CB,Czech Republic,0.68,0.64,0.57,0.63,0.61,0.67,0.72,0.63,0.64,0.58,0.72,0.64,0.65,0.76,0.66,0.76,0.68,0.66,0.65,0.69,0.67,0.72,CB,DEF,2
Neraysho Kasanwirjo,CB,Holland,0.68,0.8,0.42,0.54,0.58,0.69,0.75,0.76,0.84,0.63,0.58,0.53,0.59,0.73,0.78,0.87,0.71,0.69,0.67,0.69,0.64,0.48,CB,DEF,2
Sam Kersten,CB,Holland,0.68,0.75,0.45,0.49,0.48,0.66,0.73,0.67,0.81,0.4,0.37,0.55,0.66,0.83,0.59,0.79,0.65,0.72,0.65,0.69,0.64,0.64,CB,DEF,3
Kim Kee Hee,CB,Korea Republic,0.68,0.6,0.43,0.57,0.49,0.67,0.75,0.59,0.6,0.59,0.55,0.59,0.57,0.84,0.61,0.78,0.68,0.62,0.69,0.66,0.69,0.54,CB,DEF,3
Kim Moon Hwan,RB,Korea Republic,0.68,0.83,0.53,0.59,0.68,0.6,0.68,0.86,0.81,0.87,0.83,0.66,0.66,0.6,0.88,0.69,0.6,0.57,0.63,0.63,0.48,0.57,RB,DEF,2
Kim Bong Soo,CB,Korea Republic,0.68,0.67,0.53,0.57,0.62,0.66,0.76,0.66,0.68,0.62,0.63,0.67,0.65,0.76,0.81,0.76,0.68,0.62,0.63,0.7,0.65,0.67,CB,DEF,2
Kim Jin Su,LB,Korea Republic,0.68,0.81,0.45,0.62,0.65,0.6,0.74,0.81,0.81,0.81,0.79,0.64,0.62,0.72,0.77,0.78,0.59,0.67,0.59,0.6,0.57,0.57,LB,DEF,2
Colin Kleine-Bekel,CB,Germany,0.68,0.57,0.28,0.42,0.41,0.7,0.71,0.58,0.56,0.46,0.5,0.46,0.58,0.76,0.65,0.74,0.71,0.69,0.67,0.72,0.68,0.38,CB,DEF,5
Paul Koller,CB,Austria,0.68,0.61,0.32,0.47,0.55,0.68,0.74,0.6,0.62,0.55,0.63,0.6,0.61,0.77,0.73,0.75,0.69,0.66,0.7,0.66,0.65,0.38,CB,DEF,3
Timothée Kolodziejczak,CB,France,0.68,0.6,0.39,0.64,0.59,0.68,0.71,0.59,0.61,0.56,0.52,0.64,0.67,0.76,0.61,0.75,0.67,0.65,0.7,0.66,0.68,0.47,CB,DEF,3
Marco Komenda,CB,Germany,0.68,0.68,0.39,0.55,0.6,0.67,0.72,0.71,0.66,0.66,0.64,0.62,0.58,0.75,0.65,0.77,0.68,0.67,0.67,0.69,0.63,0.46,CB,DEF,2
Leonardo Koutris,LB,Greece,0.68,0.74,0.6,0.63,0.69,0.64,0.67,0.8,0.69,0.81,0.87,0.66,0.66,0.64,0.72,0.73,0.65,0.64,0.65,0.64,0.56,0.67,LB,DEF,2
Lars Kramer,CB,Holland,0.68,0.48,0.34,0.47,0.49,0.67,0.76,0.46,0.49,0.39,0.44,0.59,0.65,0.84,0.71,0.74,0.67,0.66,0.68,0.67,0.69,0.52,CB,DEF,3
Anton Krešić,CB,Croatia,0.68,0.56,0.38,0.41,0.39,0.67,0.8,0.57,0.55,0.46,0.4,0.42,0.61,0.91,0.64,0.84,0.7,0.65,0.65,0.66,0.72,0.41,CB,DEF,5
Tomás Esteves,RB,Portugal,0.68,0.77,0.48,0.62,0.67,0.62,0.69,0.76,0.77,0.67,0.69,0.66,0.64,0.66,0.74,0.72,0.64,0.63,0.58,0.65,0.56,0.54,RB,DEF,2
Agustín Lagos,RB,Argentina,0.68,0.68,0.51,0.6,0.64,0.64,0.69,0.64,0.71,0.56,0.65,0.67,0.64,0.64,0.81,0.68,0.67,0.64,0.64,0.62,0.61,0.59,RB,DEF,2
Anthony Landázuri,RB,Ecuador,0.68,0.77,0.43,0.53,0.56,0.65,0.76,0.76,0.78,0.66,0.59,0.63,0.66,0.8,0.7,0.82,0.65,0.64,0.66,0.65,0.63,0.5,RB,DEF,2
Yasser Larouci,LB,Algeria,0.68,0.71,0.47,0.59,0.69,0.65,0.64,0.71,0.71,0.64,0.69,0.69,0.67,0.62,0.69,0.71,0.65,0.65,0.66,0.64,0.6,0.52,LB,DEF,2
Eric Larsson,RB,Sweden,0.68,0.66,0.54,0.64,0.65,0.63,0.77,0.61,0.7,0.74,0.71,0.63,0.65,0.73,0.89,0.65,0.63,0.65,0.64,0.69,0.5,0.67,RB,DEF,2
Jacob Barrett Laursen,LB,Denmark,0.68,0.61,0.52,0.6,0.67,0.65,0.7,0.66,0.56,0.76,0.7,0.67,0.63,0.72,0.74,0.6,0.74,0.71,0.65,0.62,0.41,0.61,LB,DEF,2
Florian Le Joncour,CB,France,0.68,0.61,0.38,0.39,0.4,0.7,0.76,0.43,0.75,0.38,0.43,0.4,0.65,0.83,0.73,0.76,0.7,0.69,0.7,0.68,0.71,0.51,CB,DEF,3
Lee Dong Hee,CB,Korea Republic,0.68,0.64,0.26,0.5,0.47,0.68,0.71,0.65,0.64,0.59,0.52,0.59,0.63,0.82,0.56,0.79,0.69,0.63,0.68,0.67,0.68,0.32,CB,DEF,5
Lee Tae Suk,LB,Korea Republic,0.68,0.76,0.4,0.59,0.68,0.6,0.67,0.78,0.74,0.86,0.84,0.66,0.67,0.62,0.84,0.6,0.6,0.62,0.64,0.65,0.37,0.44,LB,DEF,1
Lee Myung Jae,LB,Korea Republic,0.68,0.77,0.43,0.6,0.68,0.6,0.68,0.78,0.76,0.79,0.69,0.66,0.68,0.61,0.8,0.71,0.61,0.62,0.58,0.64,0.55,0.52,LB,DEF,2
Brooks Lennon,RB,United States,0.68,0.73,0.62,0.7,0.65,0.59,0.7,0.72,0.74,0.7,0.68,0.67,0.63,0.65,0.87,0.72,0.6,0.59,0.6,0.53,0.62,0.69,RB,DEF,2
Jesper Löfgren,CB,Sweden,0.68,0.47,0.3,0.43,0.56,0.67,0.77,0.44,0.5,0.43,0.4,0.61,0.56,0.87,0.61,0.73,0.68,0.68,0.65,0.67,0.65,0.33,CB,DEF,5
Loureiro,CB,Spain,0.68,0.69,0.38,0.52,0.64,0.69,0.69,0.68,0.7,0.6,0.76,0.65,0.68,0.74,0.7,0.75,0.7,0.68,0.65,0.73,0.66,0.32,CB,DEF,2
Damion Lowe,CB,Jamaica,0.68,0.67,0.26,0.41,0.5,0.66,0.81,0.63,0.71,0.49,0.54,0.58,0.6,0.85,0.71,0.79,0.67,0.64,0.68,0.65,0.64,0.32,CB,DEF,5
Valdemar Lund,CB,Denmark,0.68,0.52,0.42,0.57,0.56,0.66,0.74,0.51,0.52,0.55,0.6,0.63,0.63,0.77,0.67,0.72,0.67,0.64,0.66,0.66,0.67,0.63,CB,DEF,3
Johan Madrid,RB,Peru,0.68,0.73,0.43,0.58,0.66,0.64,0.68,0.74,0.72,0.72,0.67,0.65,0.65,0.7,0.74,0.73,0.68,0.66,0.62,0.6,0.59,0.43,RB,DEF,2
Lars Lukas Mai,CB,Germany,0.68,0.54,0.34,0.54,0.52,0.66,0.75,0.53,0.54,0.38,0.38,0.64,0.65,0.84,0.59,0.75,0.67,0.66,0.63,0.67,0.65,0.52,CB,DEF,3
Adilson Malanda,CB,France,0.68,0.61,0.32,0.49,0.55,0.67,0.71,0.57,0.65,0.53,0.58,0.64,0.62,0.71,0.71,0.72,0.68,0.66,0.68,0.65,0.7,0.45,CB,DEF,3
Julián Malatini,CB,Argentina,0.68,0.74,0.34,0.57,0.65,0.66,0.71,0.71,0.77,0.67,0.61,0.67,0.68,0.7,0.73,0.75,0.67,0.68,0.62,0.69,0.67,0.28,CB,DEF,2
Alexis Maldonado,CB,Argentina,0.68,0.5,0.32,0.42,0.46,0.69,0.77,0.49,0.5,0.45,0.44,0.51,0.66,0.84,0.71,0.72,0.73,0.66,0.7,0.68,0.62,0.44,CB,DEF,3
Massimiliano Mangraviti,CB,Italy,0.68,0.72,0.51,0.59,0.62,0.66,0.73,0.69,0.75,0.7,0.63,0.64,0.65,0.76,0.7,0.78,0.69,0.67,0.63,0.65,0.69,0.64,CB,DEF,2
Kevin Mantilla,CB,Colombia,0.68,0.55,0.35,0.5,0.49,0.68,0.71,0.57,0.54,0.48,0.53,0.65,0.72,0.78,0.6,0.74,0.68,0.63,0.7,0.68,0.65,0.36,CB,DEF,3
Riccardo Marchizza,LB,Italy,0.68,0.55,0.37,0.6,0.64,0.69,0.66,0.51,0.59,0.58,0.63,0.66,0.69,0.69,0.61,0.66,0.7,0.68,0.69,0.7,0.66,0.55,LB,DEF,3
Iván Márquez,CB,Spain,0.68,0.49,0.43,0.5,0.5,0.68,0.76,0.47,0.5,0.56,0.57,0.59,0.64,0.81,0.66,0.73,0.68,0.64,0.69,0.68,0.68,0.53,CB,DEF,3
Álex Martín,CB,Spain,0.68,0.42,0.42,0.53,0.47,0.69,0.65,0.49,0.37,0.52,0.52,0.67,0.62,0.71,0.51,0.72,0.74,0.7,0.65,0.64,0.71,0.48,CB,DEF,3
Martínez,CB,Spain,0.68,0.42,0.37,0.51,0.52,0.68,0.73,0.44,0.4,0.43,0.47,0.63,0.64,0.78,0.67,0.74,0.68,0.68,0.66,0.69,0.72,0.47,CB,DEF,3
Marvin Martins,CB,Luxembourg,0.68,0.75,0.5,0.59,0.58,0.68,0.75,0.71,0.79,0.64,0.58,0.56,0.65,0.76,0.82,0.79,0.7,0.7,0.67,0.65,0.66,0.58,CB,DEF,2
Núrio Fortuna,CB,Angola,0.68,0.74,0.63,0.64,0.69,0.67,0.67,0.71,0.77,0.71,0.7,0.69,0.62,0.66,0.62,0.74,0.68,0.65,0.67,0.67,0.68,0.73,CB,DEF,2
Henning Matriciani,RB,Germany,0.68,0.77,0.35,0.51,0.54,0.63,0.72,0.74,0.8,0.54,0.61,0.57,0.65,0.72,0.76,0.76,0.65,0.71,0.58,0.66,0.61,0.38,RB,DEF,2
Camilo Mayada,RB,Uruguay,0.68,0.74,0.64,0.69,0.7,0.62,0.7,0.69,0.78,0.71,0.76,0.65,0.7,0.68,0.73,0.69,0.63,0.62,0.65,0.58,0.58,0.7,RB,DEF,2
Bradley Mazikou,LB,France,0.68,0.76,0.32,0.6,0.62,0.63,0.58,0.77,0.76,0.7,0.72,0.65,0.63,0.54,0.67,0.6,0.67,0.64,0.64,0.63,0.48,0.34,LB,DEF,1
Olivier Mbaizo,RB,Cameroon,0.68,0.8,0.36,0.58,0.69,0.63,0.65,0.82,0.79,0.77,0.7,0.68,0.59,0.61,0.73,0.74,0.67,0.64,0.6,0.61,0.58,0.39,RB,DEF,2
Sean McLoughlin,CB,Republic of Ireland,0.68,0.54,0.31,0.53,0.57,0.68,0.73,0.53,0.54,0.51,0.52,0.59,0.63,0.77,0.69,0.73,0.7,0.67,0.69,0.65,0.68,0.41,CB,DEF,3
Medrano,LB,Spain,0.68,0.82,0.46,0.58,0.66,0.63,0.56,0.81,0.83,0.72,0.84,0.67,0.6,0.45,0.77,0.64,0.67,0.64,0.62,0.58,0.59,0.59,LB,DEF,1
Danilo Veiga,RB,Portugal,0.68,0.69,0.57,0.59,0.64,0.68,0.7,0.68,0.7,0.64,0.58,0.6,0.62,0.72,0.66,0.74,0.72,0.69,0.65,0.66,0.65,0.63,RB,DEF,2
Vasile Mogoș,RB,Romania,0.68,0.66,0.61,0.61,0.61,0.66,0.79,0.63,0.68,0.62,0.53,0.61,0.64,0.83,0.74,0.79,0.67,0.65,0.65,0.65,0.68,0.7,RB,DEF,2
Adrien Monfray,CB,France,0.68,0.64,0.51,0.59,0.61,0.67,0.82,0.59,0.68,0.63,0.64,0.61,0.64,0.84,0.88,0.77,0.68,0.65,0.67,0.65,0.65,0.69,CB,DEF,2
Ariel Mosór,CB,Poland,0.68,0.66,0.33,0.45,0.48,0.68,0.75,0.66,0.66,0.58,0.64,0.57,0.62,0.78,0.75,0.78,0.7,0.67,0.67,0.69,0.68,0.49,CB,DEF,3
Tobias Müller,CB,Germany,0.68,0.63,0.31,0.49,0.56,0.68,0.73,0.64,0.62,0.61,0.58,0.57,0.66,0.76,0.71,0.76,0.7,0.67,0.66,0.66,0.68,0.44,CB,DEF,3
Visar Musliu,CB,North Macedonia,0.68,0.71,0.34,0.48,0.62,0.68,0.72,0.7,0.71,0.67,0.64,0.61,0.67,0.74,0.72,0.74,0.69,0.64,0.7,0.71,0.61,0.39,CB,DEF,2
Moussa N'Diaye,LB,Senegal,0.68,0.76,0.27,0.59,0.71,0.65,0.63,0.73,0.78,0.79,0.71,0.7,0.62,0.57,0.65,0.71,0.69,0.67,0.6,0.63,0.68,0.32,LB,DEF,2
João Muniz,CB,Portugal,0.68,0.69,0.32,0.47,0.44,0.71,0.65,0.71,0.68,0.47,0.6,0.48,0.64,0.66,0.58,0.79,0.75,0.71,0.68,0.69,0.73,0.54,CB,DEF,3
Kyle Naughton,CB,England,0.68,0.54,0.51,0.63,0.66,0.7,0.65,0.55,0.53,0.7,0.7,0.66,0.69,0.66,0.6,0.67,0.7,0.68,0.73,0.66,0.67,0.65,CB,DEF,3
Raúl Navarro,RB,Spain,0.68,0.65,0.57,0.63,0.67,0.65,0.66,0.66,0.65,0.72,0.77,0.68,0.65,0.6,0.75,0.67,0.68,0.66,0.61,0.67,0.6,0.6,RB,DEF,2
Loïc Nestor,CB,France,0.68,0.48,0.45,0.54,0.55,0.68,0.79,0.59,0.39,0.61,0.75,0.58,0.66,0.78,0.87,0.75,0.64,0.67,0.71,0.7,0.66,0.51,CB,DEF,3
Roman Neustädter,CB,Russia,0.68,0.32,0.53,0.63,0.64,0.68,0.72,0.32,0.32,0.54,0.51,0.69,0.6,0.74,0.77,0.64,0.7,0.7,0.64,0.69,0.7,0.71,CB,DEF,3
Lasse Nielsen,CB,Denmark,0.68,0.65,0.33,0.53,0.53,0.66,0.79,0.61,0.69,0.57,0.56,0.54,0.63,0.82,0.69,0.74,0.67,0.66,0.66,0.7,0.57,0.48,CB,DEF,3
Carlos Nieto,LB,Spain,0.68,0.69,0.56,0.61,0.61,0.65,0.74,0.67,0.71,0.62,0.69,0.61,0.65,0.76,0.76,0.75,0.65,0.63,0.6,0.73,0.62,0.71,LB,DEF,2
Rhys Norrington-Davies,LB,Wales,0.68,0.68,0.44,0.61,0.64,0.65,0.66,0.69,0.68,0.66,0.77,0.62,0.64,0.63,0.75,0.64,0.68,0.63,0.68,0.63,0.52,0.48,LB,DEF,2
Ryan Nyambe,RB,Namibia,0.68,0.78,0.35,0.56,0.65,0.64,0.73,0.78,0.78,0.73,0.7,0.63,0.63,0.76,0.73,0.81,0.65,0.63,0.64,0.63,0.62,0.34,RB,DEF,2
Odei,CB,Spain,0.68,0.5,0.34,0.47,0.48,0.7,0.73,0.48,0.52,0.34,0.6,0.54,0.67,0.72,0.87,0.67,0.7,0.71,0.72,0.7,0.64,0.5,CB,DEF,3
Jérôme Onguéné,CB,Cameroon,0.68,0.68,0.38,0.48,0.58,0.67,0.68,0.64,0.72,0.68,0.6,0.6,0.62,0.76,0.5,0.81,0.68,0.67,0.65,0.68,0.72,0.63,CB,DEF,3
Marko Pajač,LB,Croatia,0.68,0.74,0.62,0.66,0.61,0.59,0.67,0.73,0.75,0.7,0.68,0.6,0.68,0.59,0.82,0.66,0.55,0.61,0.59,0.65,0.55,0.7,LB,DEF,2
Tobías Palacio,CB,Argentina,0.68,0.79,0.39,0.57,0.61,0.68,0.72,0.72,0.84,0.66,0.62,0.6,0.63,0.73,0.75,0.77,0.68,0.73,0.71,0.64,0.63,0.53,CB,DEF,2
Renato Pantalon,CB,Croatia,0.68,0.53,0.32,0.4,0.4,0.68,0.77,0.53,0.53,0.4,0.42,0.55,0.65,0.9,0.6,0.77,0.68,0.66,0.67,0.69,0.66,0.42,CB,DEF,5
Ezequiel Parnisari,CB,Argentina,0.68,0.33,0.27,0.48,0.47,0.68,0.67,0.32,0.33,0.5,0.5,0.51,0.66,0.81,0.38,0.69,0.64,0.63,0.71,0.72,0.7,0.42,CB,DEF,5
Alfonso Parot,LB,Chile,0.68,0.66,0.59,0.61,0.63,0.65,0.79,0.56,0.74,0.63,0.61,0.65,0.59,0.81,0.71,0.76,0.62,0.65,0.65,0.7,0.68,0.71,LB,DEF,2
Juan Patiño,CB,Paraguay,0.68,0.6,0.24,0.48,0.47,0.67,0.76,0.54,0.65,0.49,0.56,0.65,0.59,0.83,0.64,0.75,0.7,0.62,0.67,0.64,0.66,0.35,CB,DEF,5
Louis Patris,RB,Belgium,0.68,0.75,0.49,0.6,0.61,0.67,0.7,0.69,0.79,0.65,0.6,0.62,0.62,0.7,0.67,0.72,0.69,0.65,0.65,0.68,0.64,0.6,RB,DEF,2
Matty Pearson,CB,England,0.68,0.5,0.47,0.45,0.51,0.67,0.78,0.48,0.51,0.51,0.58,0.55,0.64,0.81,0.79,0.78,0.68,0.65,0.65,0.67,0.74,0.53,CB,DEF,3
Marvin Peersman,CB,Belgium,0.68,0.71,0.48,0.56,0.63,0.68,0.74,0.68,0.73,0.67,0.69,0.61,0.6,0.74,0.75,0.72,0.7,0.69,0.67,0.7,0.58,0.63,CB,DEF,2
Théo Pellenard,CB,France,0.68,0.5,0.37,0.64,0.65,0.69,0.69,0.55,0.46,0.61,0.6,0.67,0.66,0.71,0.68,0.71,0.69,0.68,0.69,0.68,0.69,0.42,CB,DEF,3
Elías Pereyra,LB,Argentina,0.68,0.8,0.32,0.54,0.65,0.63,0.6,0.82,0.78,0.8,0.71,0.65,0.61,0.54,0.75,0.65,0.62,0.66,0.63,0.67,0.51,0.27,LB,DEF,1
Dino Perić,CB,Croatia,0.68,0.53,0.35,0.51,0.58,0.67,0.75,0.46,0.58,0.28,0.37,0.68,0.52,0.84,0.58,0.72,0.72,0.7,0.6,0.69,0.64,0.4,CB,DEF,3
Mauro Perković,CB,Croatia,0.68,0.76,0.3,0.52,0.61,0.67,0.75,0.74,0.77,0.64,0.61,0.64,0.65,0.73,0.75,0.78,0.65,0.7,0.67,0.7,0.65,0.46,CB,DEF,2
Aleks Petkov,CB,Bulgaria,0.68,0.6,0.37,0.42,0.47,0.67,0.77,0.58,0.62,0.48,0.56,0.52,0.6,0.87,0.64,0.83,0.69,0.66,0.65,0.66,0.71,0.52,CB,DEF,3
Raoul Petretta,LB,Italy,0.68,0.78,0.36,0.62,0.68,0.63,0.71,0.81,0.76,0.76,0.76,0.68,0.64,0.71,0.74,0.75,0.66,0.64,0.64,0.61,0.52,0.57,LB,DEF,2
Carl Piergianni,CB,England,0.68,0.39,0.31,0.45,0.46,0.67,0.85,0.44,0.34,0.52,0.53,0.46,0.65,0.91,0.79,0.83,0.67,0.65,0.68,0.65,0.68,0.41,CB,DEF,3
Iván Pillud,RB,Argentina,0.68,0.59,0.58,0.65,0.63,0.69,0.7,0.53,0.64,0.56,0.6,0.67,0.7,0.77,0.52,0.71,0.7,0.66,0.7,0.72,0.61,0.72,RB,DEF,3
Donovan Pines,CB,United States,0.68,0.72,0.22,0.39,0.46,0.68,0.77,0.68,0.76,0.66,0.52,0.48,0.63,0.84,0.67,0.85,0.67,0.66,0.68,0.67,0.71,0.29,CB,DEF,5
Guilherme Ramos,CB,Portugal,0.68,0.6,0.33,0.46,0.5,0.67,0.78,0.53,0.66,0.51,0.52,0.53,0.66,0.82,0.7,0.76,0.68,0.65,0.66,0.66,0.7,0.46,CB,DEF,3
Tin Plavotić,CB,Croatia,0.68,0.4,0.29,0.46,0.42,0.67,0.77,0.41,0.39,0.35,0.33,0.55,0.48,0.89,0.6,0.81,0.67,0.63,0.68,0.65,0.76,0.42,CB,DEF,5
Pleguezuelo,CB,Spain,0.68,0.78,0.35,0.56,0.67,0.67,0.67,0.76,0.79,0.73,0.69,0.67,0.65,0.67,0.64,0.77,0.69,0.68,0.69,0.62,0.67,0.38,CB,DEF,2
Mattie Pollock,CB,England,0.68,0.57,0.23,0.43,0.46,0.67,0.78,0.55,0.58,0.45,0.42,0.52,0.61,0.85,0.7,0.78,0.69,0.65,0.65,0.65,0.7,0.37,CB,DEF,5
Rubert Quijada,CB,Venezuela,0.68,0.63,0.33,0.55,0.5,0.69,0.71,0.66,0.61,0.33,0.41,0.62,0.64,0.69,0.76,0.73,0.7,0.67,0.7,0.65,0.7,0.29,CB,DEF,3
Bogdan Racovițan,CB,Romania,0.68,0.75,0.32,0.38,0.44,0.68,0.77,0.75,0.75,0.52,0.64,0.52,0.59,0.83,0.73,0.84,0.7,0.65,0.67,0.67,0.67,0.34,CB,DEF,5
Joe Rafferty,RB,Republic of Ireland,0.68,0.65,0.38,0.61,0.63,0.65,0.72,0.66,0.65,0.65,0.67,0.62,0.63,0.71,0.75,0.7,0.68,0.67,0.65,0.65,0.58,0.44,RB,DEF,2
Nicolás Ramírez,CB,Chile,0.68,0.57,0.36,0.5,0.58,0.69,0.69,0.5,0.62,0.56,0.52,0.64,0.62,0.76,0.61,0.72,0.68,0.66,0.7,0.69,0.7,0.52,CB,DEF,3
Jiovany Ramos,CB,Panama,0.68,0.57,0.33,0.56,0.54,0.68,0.72,0.54,0.6,0.54,0.64,0.56,0.6,0.71,0.75,0.75,0.71,0.64,0.67,0.65,0.73,0.41,CB,DEF,3
Christiaan Ravych,CB,Belgium,0.68,0.46,0.28,0.51,0.58,0.68,0.65,0.42,0.5,0.53,0.58,0.62,0.68,0.73,0.45,0.66,0.7,0.66,0.66,0.7,0.68,0.48,CB,DEF,3
Johannes Reichert,CB,Germany,0.68,0.66,0.32,0.5,0.61,0.68,0.73,0.62,0.69,0.62,0.74,0.63,0.66,0.76,0.7,0.75,0.7,0.65,0.71,0.64,0.66,0.4,CB,DEF,3
Ferro,CB,Portugal,0.68,0.52,0.42,0.54,0.59,0.68,0.73,0.54,0.5,0.35,0.48,0.63,0.63,0.78,0.67,0.74,0.68,0.67,0.68,0.66,0.7,0.79,CB,DEF,3
Erlend Dahl Reitan,RB,Norway,0.68,0.79,0.47,0.58,0.65,0.62,0.74,0.79,0.79,0.77,0.76,0.65,0.64,0.72,0.85,0.79,0.64,0.62,0.6,0.62,0.61,0.57,RB,DEF,2
Andrés Reyes,CB,Colombia,0.68,0.72,0.33,0.4,0.47,0.67,0.79,0.7,0.74,0.68,0.7,0.46,0.66,0.83,0.76,0.81,0.69,0.65,0.67,0.67,0.66,0.44,CB,DEF,5
Clemens Riedel,CB,Germany,0.68,0.54,0.28,0.48,0.56,0.69,0.68,0.55,0.53,0.58,0.64,0.61,0.67,0.73,0.55,0.79,0.7,0.68,0.7,0.68,0.65,0.48,CB,DEF,3
Birk Risa,CB,Norway,0.68,0.74,0.56,0.61,0.65,0.67,0.74,0.73,0.75,0.67,0.59,0.67,0.66,0.72,0.84,0.77,0.68,0.66,0.67,0.66,0.65,0.59,CB,DEF,2
Marvin Rittmüller,RB,Germany,0.68,0.88,0.43,0.57,0.64,0.61,0.69,0.82,0.92,0.74,0.75,0.64,0.6,0.64,0.81,0.75,0.65,0.63,0.56,0.6,0.59,0.5,RB,DEF,2
Paulo Henrique,LB,Portugal,0.68,0.71,0.5,0.64,0.62,0.65,0.7,0.7,0.72,0.61,0.6,0.64,0.61,0.73,0.71,0.66,0.68,0.65,0.67,0.65,0.47,0.66,LB,DEF,2
Valentín Rodríguez,LB,Uruguay,0.68,0.79,0.58,0.63,0.71,0.63,0.67,0.81,0.78,0.78,0.83,0.7,0.64,0.64,0.73,0.74,0.64,0.65,0.65,0.58,0.57,0.5,LB,DEF,2
Lucas Rodríguez,LB,Argentina,0.68,0.75,0.55,0.64,0.67,0.64,0.67,0.73,0.76,0.73,0.72,0.65,0.65,0.64,0.7,0.66,0.67,0.66,0.65,0.66,0.5,0.71,LB,DEF,2
Maximilian Rohr,CB,Germany,0.68,0.59,0.52,0.6,0.6,0.67,0.73,0.52,0.64,0.44,0.41,0.62,0.68,0.82,0.58,0.65,0.7,0.64,0.67,0.68,0.63,0.64,CB,DEF,3
Nicolás Romero,CB,Argentina,0.68,0.6,0.45,0.55,0.56,0.68,0.68,0.63,0.57,0.52,0.53,0.58,0.7,0.71,0.56,0.72,0.69,0.66,0.68,0.69,0.62,0.59,CB,DEF,3
Sandro Cruz,LB,Angola,0.68,0.8,0.33,0.6,0.63,0.63,0.64,0.78,0.82,0.62,0.61,0.65,0.58,0.61,0.75,0.68,0.68,0.65,0.64,0.6,0.5,0.27,LB,DEF,1
Michael Rose,CB,Scotland,0.68,0.7,0.39,0.58,0.6,0.68,0.73,0.66,0.74,0.58,0.57,0.62,0.63,0.78,0.67,0.78,0.68,0.66,0.68,0.68,0.68,0.59,CB,DEF,3
Tobías Rubio,CB,Argentina,0.68,0.76,0.41,0.58,0.69,0.66,0.74,0.78,0.75,0.75,0.73,0.7,0.64,0.74,0.73,0.78,0.68,0.67,0.65,0.65,0.59,0.56,CB,DEF,2
Haibrany Ruíz Díaz,CB,Uruguay,0.68,0.64,0.37,0.59,0.6,0.68,0.71,0.6,0.67,0.64,0.55,0.6,0.67,0.74,0.68,0.74,0.69,0.67,0.67,0.67,0.69,0.5,CB,DEF,3
Patrick William,CB,Brazil,0.68,0.58,0.61,0.65,0.59,0.67,0.74,0.55,0.61,0.49,0.5,0.62,0.63,0.78,0.65,0.81,0.67,0.66,0.69,0.65,0.65,0.78,CB,DEF,3
José Sagredo,CB,Bolivia,0.68,0.8,0.44,0.56,0.61,0.66,0.73,0.79,0.8,0.67,0.68,0.73,0.62,0.72,0.75,0.8,0.68,0.67,0.66,0.65,0.65,0.4,CB,DEF,2
Ömer Ali Şahiner,RB,Turkey,0.68,0.74,0.67,0.66,0.71,0.62,0.7,0.76,0.73,0.8,0.81,0.67,0.67,0.63,0.79,0.68,0.67,0.65,0.58,0.64,0.5,0.73,RB,DEF,2
Víctor Salazar,RB,Argentina,0.68,0.86,0.54,0.59,0.66,0.62,0.7,0.8,0.9,0.9,0.74,0.58,0.64,0.62,0.8,0.67,0.68,0.65,0.6,0.61,0.48,0.6,RB,DEF,2
Saúl Salcedo,CB,Paraguay,0.68,0.54,0.33,0.43,0.53,0.7,0.7,0.58,0.5,0.51,0.66,0.57,0.68,0.76,0.62,0.79,0.73,0.7,0.66,0.69,0.72,0.52,CB,DEF,3
Brian Salvareschi,CB,Argentina,0.68,0.55,0.33,0.47,0.52,0.67,0.75,0.57,0.53,0.58,0.61,0.57,0.67,0.78,0.69,0.79,0.67,0.62,0.63,0.7,0.73,0.44,CB,DEF,3
Felipe Sánchez,CB,Argentina,0.68,0.61,0.4,0.5,0.55,0.68,0.74,0.59,0.62,0.56,0.64,0.57,0.67,0.73,0.84,0.73,0.69,0.66,0.68,0.66,0.7,0.39,CB,DEF,3
Nazim Sangaré,RB,Turkey,0.68,0.8,0.47,0.6,0.68,0.64,0.67,0.82,0.79,0.82,0.65,0.65,0.65,0.68,0.66,0.73,0.64,0.63,0.65,0.66,0.53,0.64,RB,DEF,2
Pedro Amador,LB,Portugal,0.68,0.72,0.46,0.66,0.68,0.63,0.61,0.72,0.72,0.73,0.66,0.69,0.64,0.6,0.64,0.63,0.67,0.66,0.62,0.65,0.49,0.6,LB,DEF,2
Dan Scarr,CB,England,0.68,0.51,0.4,0.46,0.51,0.68,0.78,0.52,0.5,0.5,0.55,0.53,0.67,0.83,0.74,0.75,0.69,0.67,0.69,0.66,0.69,0.54,CB,DEF,3
Marvin Schulz,CB,Germany,0.68,0.66,0.63,0.63,0.67,0.68,0.7,0.59,0.71,0.65,0.65,0.68,0.67,0.73,0.68,0.72,0.71,0.65,0.67,0.66,0.65,0.66,CB,DEF,2
Iñigo Piña,CB,Spain,0.68,0.65,0.33,0.5,0.5,0.69,0.65,0.62,0.67,0.42,0.61,0.62,0.64,0.66,0.62,0.7,0.7,0.66,0.7,0.67,0.69,0.47,CB,DEF,3
Rubin Seigers,CB,Belgium,0.68,0.66,0.25,0.57,0.51,0.69,0.67,0.65,0.66,0.59,0.52,0.59,0.63,0.74,0.53,0.74,0.72,0.7,0.69,0.67,0.65,0.37,CB,DEF,3
Toby Sibbick,CB,England,0.68,0.75,0.31,0.53,0.61,0.69,0.71,0.73,0.76,0.57,0.52,0.66,0.65,0.76,0.69,0.8,0.7,0.68,0.68,0.69,0.65,0.38,CB,DEF,3
Carlo Sickinger,CB,Germany,0.68,0.62,0.49,0.6,0.65,0.69,0.69,0.64,0.6,0.67,0.65,0.66,0.71,0.67,0.73,0.77,0.66,0.62,0.74,0.74,0.6,0.6,CB,DEF,2
Igor Silva,RB,Brazil,0.68,0.74,0.53,0.62,0.71,0.64,0.63,0.73,0.75,0.79,0.8,0.7,0.63,0.56,0.73,0.66,0.66,0.62,0.65,0.66,0.57,0.68,RB,DEF,2
Maxime Sivis,RB,France,0.68,0.76,0.58,0.6,0.66,0.62,0.73,0.72,0.79,0.65,0.73,0.68,0.52,0.71,0.83,0.76,0.7,0.65,0.54,0.59,0.61,0.57,RB,DEF,2
Guillermo Soto,RB,Chile,0.68,0.77,0.27,0.61,0.66,0.63,0.62,0.75,0.78,0.72,0.73,0.65,0.62,0.61,0.75,0.7,0.65,0.66,0.61,0.63,0.59,0.34,RB,DEF,1
Jozo Stanić,CB,Croatia,0.68,0.61,0.28,0.57,0.59,0.68,0.75,0.6,0.61,0.66,0.62,0.61,0.64,0.77,0.76,0.74,0.69,0.68,0.69,0.66,0.62,0.31,CB,DEF,3
Enda Stevens,LB,Republic of Ireland,0.68,0.63,0.45,0.63,0.65,0.65,0.73,0.61,0.65,0.66,0.66,0.67,0.65,0.74,0.74,0.69,0.67,0.65,0.65,0.65,0.56,0.57,LB,DEF,2
Boško Šutalo,CB,Croatia,0.68,0.6,0.44,0.56,0.62,0.7,0.67,0.62,0.58,0.7,0.52,0.64,0.64,0.69,0.59,0.7,0.7,0.67,0.69,0.74,0.65,0.68,CB,DEF,3
Gábor Szalai,CB,Hungary,0.68,0.54,0.38,0.41,0.46,0.67,0.76,0.54,0.54,0.49,0.49,0.45,0.68,0.8,0.65,0.73,0.68,0.67,0.68,0.67,0.65,0.48,CB,DEF,5
Maksym Taloverov,CB,Ukraine,0.68,0.58,0.38,0.54,0.57,0.67,0.75,0.53,0.62,0.55,0.37,0.62,0.64,0.8,0.69,0.74,0.67,0.65,0.65,0.68,0.7,0.63,CB,DEF,3
Tang Xin,RB,China PR,0.68,0.76,0.32,0.48,0.61,0.64,0.71,0.74,0.78,0.78,0.7,0.64,0.67,0.75,0.7,0.69,0.75,0.68,0.57,0.64,0.46,0.39,RB,DEF,2
Tang Miao,RB,China PR,0.68,0.8,0.42,0.63,0.67,0.6,0.78,0.83,0.77,0.85,0.77,0.68,0.62,0.78,0.89,0.76,0.62,0.58,0.6,0.64,0.49,0.48,RB,DEF,2
George Tanner,RB,England,0.68,0.71,0.43,0.55,0.65,0.65,0.67,0.73,0.69,0.74,0.7,0.64,0.63,0.64,0.78,0.69,0.69,0.63,0.67,0.63,0.56,0.52,RB,DEF,2
Yohan Tavares,CB,Portugal,0.68,0.55,0.41,0.52,0.56,0.68,0.72,0.52,0.57,0.47,0.47,0.58,0.69,0.75,0.69,0.7,0.69,0.67,0.68,0.69,0.66,0.48,CB,DEF,3
Duplexe Tchamba,CB,Cameroon,0.68,0.69,0.35,0.45,0.54,0.67,0.78,0.65,0.72,0.52,0.6,0.56,0.59,0.81,0.69,0.87,0.67,0.64,0.67,0.69,0.66,0.4,CB,DEF,3
Mohamed Tijani,CB,Benin,0.68,0.66,0.37,0.53,0.58,0.65,0.76,0.64,0.67,0.59,0.59,0.61,0.6,0.9,0.51,0.86,0.66,0.65,0.62,0.63,0.71,0.7,CB,DEF,3
Eoin Toal,CB,Northern Ireland,0.68,0.5,0.31,0.43,0.53,0.67,0.77,0.38,0.6,0.32,0.35,0.56,0.64,0.84,0.67,0.71,0.67,0.65,0.68,0.65,0.68,0.28,CB,DEF,5
Guti,CB,Brazil,0.68,0.41,0.29,0.5,0.48,0.67,0.71,0.5,0.34,0.58,0.49,0.56,0.62,0.81,0.47,0.74,0.68,0.66,0.66,0.67,0.69,0.48,CB,DEF,5
Mathys Tourraine,RB,Morocco,0.68,0.76,0.39,0.56,0.64,0.63,0.61,0.74,0.77,0.62,0.81,0.63,0.63,0.55,0.75,0.64,0.66,0.68,0.62,0.64,0.54,0.51,RB,DEF,1
Kevin Tshiembe,CB,Denmark,0.68,0.74,0.4,0.53,0.56,0.66,0.78,0.71,0.76,0.72,0.72,0.6,0.66,0.8,0.71,0.81,0.66,0.63,0.66,0.65,0.66,0.6,CB,DEF,2
Milton Valenzuela,LB,Argentina,0.68,0.75,0.44,0.65,0.68,0.62,0.69,0.76,0.75,0.8,0.85,0.66,0.63,0.64,0.78,0.69,0.65,0.64,0.6,0.62,0.53,0.56,LB,DEF,2
Álex Valle,LB,Spain,0.68,0.72,0.46,0.64,0.68,0.62,0.67,0.72,0.72,0.72,0.59,0.73,0.65,0.65,0.75,0.7,0.62,0.62,0.62,0.62,0.59,0.55,LB,DEF,2
Jules Van Cleemput,CB,Belgium,0.68,0.71,0.31,0.63,0.66,0.68,0.7,0.77,0.66,0.66,0.68,0.68,0.62,0.73,0.6,0.87,0.68,0.68,0.69,0.69,0.63,0.47,CB,DEF,2
Jan Van den Bergh,CB,Belgium,0.68,0.65,0.52,0.6,0.63,0.69,0.71,0.6,0.69,0.58,0.51,0.66,0.66,0.7,0.72,0.71,0.68,0.65,0.69,0.71,0.69,0.7,CB,DEF,2
Djevencio van der Kust,LB,Suriname,0.68,0.87,0.4,0.55,0.66,0.6,0.61,0.88,0.87,0.76,0.82,0.63,0.62,0.54,0.75,0.64,0.62,0.64,0.59,0.63,0.45,0.52,LB,DEF,1
Diego Pampín,LB,Spain,0.68,0.7,0.4,0.61,0.64,0.64,0.61,0.75,0.65,0.65,0.7,0.65,0.63,0.58,0.71,0.72,0.64,0.66,0.61,0.63,0.68,0.43,LB,DEF,2
Ignacio Vázquez,CB,Argentina,0.68,0.43,0.29,0.4,0.43,0.7,0.77,0.47,0.39,0.44,0.54,0.42,0.56,0.83,0.67,0.73,0.69,0.67,0.72,0.71,0.66,0.39,CB,DEF,5
Román Vega,LB,Argentina,0.68,0.71,0.31,0.6,0.65,0.63,0.67,0.68,0.73,0.63,0.67,0.69,0.63,0.62,0.78,0.68,0.67,0.63,0.62,0.61,0.61,0.35,LB,DEF,2
Jesper Verlaat,CB,Holland,0.68,0.5,0.26,0.47,0.55,0.67,0.79,0.51,0.49,0.55,0.54,0.6,0.64,0.91,0.64,0.7,0.7,0.66,0.64,0.65,0.68,0.41,CB,DEF,3
Clément Vidal,CB,France,0.68,0.47,0.35,0.47,0.57,0.69,0.68,0.45,0.48,0.42,0.59,0.6,0.66,0.69,0.63,0.69,0.7,0.68,0.68,0.68,0.72,0.53,CB,DEF,3
Vieirinha,LB,Portugal,0.68,0.64,0.73,0.73,0.72,0.65,0.57,0.63,0.64,0.7,0.77,0.76,0.65,0.54,0.49,0.59,0.66,0.67,0.65,0.66,0.55,0.76,LB,DEF,2
Kostyantyn Vivcharenko,LB,Ukraine,0.68,0.71,0.48,0.64,0.67,0.64,0.65,0.73,0.69,0.66,0.67,0.65,0.67,0.64,0.68,0.67,0.66,0.63,0.61,0.69,0.54,0.56,LB,DEF,2
Linus Egnell Wahlqvist,RB,Sweden,0.68,0.86,0.51,0.61,0.64,0.61,0.79,0.85,0.86,0.7,0.62,0.64,0.63,0.81,0.82,0.84,0.62,0.61,0.62,0.62,0.56,0.7,RB,DEF,2
Sandy Walsh,RB,Indonesia,0.68,0.58,0.37,0.61,0.64,0.66,0.72,0.6,0.57,0.67,0.69,0.66,0.67,0.68,0.81,0.7,0.67,0.63,0.66,0.67,0.68,0.44,RB,DEF,2
Bartłomiej Wdowik,LB,Poland,0.68,0.74,0.61,0.67,0.66,0.61,0.65,0.77,0.71,0.64,0.69,0.69,0.63,0.62,0.75,0.65,0.64,0.63,0.62,0.62,0.47,0.68,LB,DEF,2
Stephen Welsh,CB,Scotland,0.68,0.66,0.31,0.57,0.62,0.67,0.69,0.68,0.64,0.67,0.71,0.66,0.68,0.72,0.55,0.8,0.66,0.64,0.66,0.67,0.72,0.6,CB,DEF,2
Erick Wiemberg,LB,Chile,0.68,0.7,0.51,0.62,0.64,0.65,0.72,0.68,0.72,0.69,0.71,0.67,0.63,0.73,0.75,0.76,0.66,0.64,0.63,0.64,0.7,0.65,LB,DEF,2
Caleb Wiley,LB,United States,0.68,0.76,0.52,0.63,0.72,0.62,0.63,0.73,0.78,0.76,0.69,0.72,0.66,0.62,0.66,0.65,0.67,0.66,0.61,0.62,0.5,0.62,LB,DEF,2
Jetro Willems,LB,Holland,0.68,0.64,0.63,0.69,0.68,0.66,0.72,0.66,0.63,0.61,0.74,0.69,0.68,0.8,0.57,0.76,0.68,0.64,0.66,0.64,0.62,0.75,LB,DEF,2
Loïc Williams,CB,Spain,0.68,0.69,0.37,0.53,0.59,0.67,0.77,0.65,0.73,0.64,0.55,0.64,0.63,0.82,0.76,0.78,0.71,0.69,0.66,0.63,0.64,0.57,CB,DEF,2
Przemysław Wiśniewski,CB,Poland,0.68,0.84,0.25,0.45,0.51,0.65,0.8,0.81,0.87,0.62,0.59,0.53,0.64,0.89,0.73,0.88,0.69,0.67,0.64,0.63,0.6,0.4,CB,DEF,2
Facundo Zabala,LB,Argentina,0.68,0.74,0.36,0.59,0.6,0.63,0.56,0.72,0.76,0.57,0.83,0.65,0.7,0.53,0.61,0.68,0.59,0.66,0.65,0.63,0.69,0.44,LB,DEF,1
Žan Zaletel,CB,Slovenia,0.68,0.53,0.28,0.47,0.53,0.68,0.71,0.52,0.54,0.54,0.53,0.62,0.64,0.76,0.67,0.72,0.7,0.67,0.67,0.69,0.67,0.37,CB,DEF,3
Manuel Zeitz,CB,Germany,0.68,0.51,0.54,0.57,0.58,0.67,0.77,0.53,0.5,0.48,0.63,0.58,0.7,0.75,0.83,0.71,0.65,0.65,0.68,0.67,0.69,0.66,CB,DEF,3
Jordan Zemura,LB,Zimbabwe,0.68,0.73,0.39,0.59,0.67,0.64,0.59,0.79,0.68,0.69,0.72,0.67,0.68,0.52,0.73,0.57,0.67,0.65,0.65,0.66,0.44,0.42,LB,DEF,1
Nathan Zézé,CB,France,0.68,0.64,0.31,0.45,0.49,0.7,0.63,0.67,0.61,0.43,0.49,0.63,0.66,0.64,0.64,0.71,0.73,0.69,0.68,0.71,0.68,0.39,CB,DEF,3
Reto Ziegler,CB,Switzerland,0.68,0.43,0.63,0.71,0.65,0.68,0.7,0.45,0.42,0.45,0.58,0.71,0.68,0.71,0.72,0.66,0.65,0.66,0.71,0.71,0.65,0.74,CB,DEF,3
Dilan Zúñiga,LB,Chile,0.68,0.79,0.45,0.59,0.67,0.62,0.65,0.81,0.77,0.74,0.75,0.66,0.59,0.68,0.73,0.69,0.68,0.65,0.63,0.59,0.45,0.56,LB,DEF,2
Toni Abad,RB,Spain,0.67,0.74,0.34,0.6,0.61,0.61,0.72,0.73,0.74,0.68,0.76,0.62,0.64,0.73,0.79,0.77,0.64,0.63,0.58,0.6,0.62,0.42,RB,DEF,2
Nelson Abbey,CB,England,0.67,0.74,0.25,0.47,0.56,0.66,0.71,0.73,0.75,0.69,0.58,0.55,0.64,0.76,0.6,0.79,0.67,0.65,0.67,0.67,0.62,0.32,CB,DEF,5
Luciano Abecasis,RB,Argentina,0.67,0.75,0.49,0.62,0.65,0.63,0.75,0.76,0.75,0.77,0.76,0.64,0.6,0.74,0.72,0.77,0.65,0.62,0.64,0.62,0.59,0.7,RB,DEF,2
Nathaniel Adjei,CB,Ghana,0.67,0.78,0.25,0.44,0.57,0.66,0.71,0.76,0.8,0.57,0.58,0.57,0.61,0.76,0.64,0.83,0.67,0.62,0.68,0.63,0.69,0.32,CB,DEF,5
Bashkim Ajdini,RB,Kosovo,0.67,0.78,0.63,0.65,0.69,0.59,0.59,0.8,0.76,0.83,0.82,0.65,0.66,0.52,0.77,0.57,0.62,0.61,0.58,0.65,0.43,0.69,RB,DEF,1
Abdullah Al Ammar,LB,Saudi Arabia,0.67,0.76,0.51,0.64,0.69,0.59,0.68,0.72,0.79,0.75,0.78,0.66,0.66,0.69,0.8,0.68,0.63,0.61,0.59,0.57,0.51,0.63,LB,DEF,2
Khaled Al Hashmi,CB,United Arab Emirates,0.67,0.67,0.31,0.43,0.47,0.68,0.72,0.65,0.68,0.43,0.57,0.56,0.68,0.73,0.79,0.74,0.69,0.68,0.68,0.67,0.65,0.42,CB,DEF,3
Fawaz Al Sagour,RB,Saudi Arabia,0.67,0.92,0.45,0.61,0.64,0.55,0.64,0.92,0.92,0.87,0.77,0.64,0.58,0.56,0.92,0.59,0.57,0.57,0.55,0.57,0.46,0.45,RB,DEF,1
Muhannad Al Shanqeeti,RB,Saudi Arabia,0.67,0.81,0.42,0.55,0.64,0.61,0.69,0.79,0.82,0.73,0.7,0.61,0.6,0.68,0.76,0.71,0.64,0.65,0.6,0.63,0.51,0.49,RB,DEF,2
Fidan Aliti,CB,Kosovo,0.67,0.63,0.46,0.57,0.6,0.65,0.8,0.62,0.63,0.63,0.67,0.62,0.63,0.8,0.86,0.77,0.69,0.67,0.59,0.64,0.66,0.47,CB,DEF,2
Julio Alonso,LB,Spain,0.67,0.7,0.36,0.54,0.64,0.67,0.59,0.71,0.7,0.73,0.76,0.64,0.67,0.61,0.55,0.7,0.66,0.64,0.68,0.7,0.6,0.51,LB,DEF,2
Frederik Alves,CB,Denmark,0.67,0.49,0.31,0.44,0.51,0.67,0.73,0.53,0.46,0.46,0.55,0.6,0.55,0.81,0.67,0.75,0.7,0.68,0.65,0.64,0.68,0.5,CB,DEF,5
Jamal Amofa,CB,Holland,0.67,0.75,0.34,0.49,0.65,0.65,0.73,0.7,0.79,0.68,0.64,0.62,0.65,0.81,0.61,0.7,0.68,0.67,0.64,0.65,0.61,0.46,CB,DEF,2
Gregori Anangonó,RB,Ecuador,0.67,0.81,0.53,0.62,0.65,0.62,0.7,0.8,0.82,0.74,0.8,0.61,0.63,0.72,0.74,0.78,0.64,0.6,0.64,0.6,0.59,0.7,RB,DEF,2
Emiliano Ancheta,RB,Uruguay,0.67,0.66,0.3,0.58,0.63,0.69,0.71,0.65,0.67,0.68,0.7,0.65,0.53,0.71,0.71,0.73,0.72,0.62,0.7,0.66,0.65,0.42,RB,DEF,2
Adam Andersson,RB,Sweden,0.67,0.75,0.45,0.6,0.65,0.61,0.67,0.74,0.76,0.77,0.74,0.66,0.63,0.61,0.8,0.63,0.64,0.62,0.6,0.62,0.48,0.54,RB,DEF,1
Elias Andersson,LB,Sweden,0.67,0.65,0.6,0.7,0.68,0.6,0.68,0.63,0.66,0.71,0.77,0.69,0.64,0.66,0.74,0.56,0.65,0.64,0.58,0.62,0.42,0.71,LB,DEF,2
Ryan Andrews,RB,England,0.67,0.85,0.45,0.57,0.67,0.61,0.58,0.84,0.86,0.74,0.84,0.63,0.6,0.5,0.7,0.58,0.64,0.62,0.61,0.64,0.43,0.6,RB,DEF,1
Peter Ankersen,RB,Denmark,0.67,0.74,0.54,0.6,0.67,0.61,0.67,0.76,0.72,0.72,0.74,0.67,0.65,0.62,0.76,0.65,0.62,0.63,0.63,0.62,0.46,0.62,RB,DEF,2
Mateo Antoni,CB,Uruguay,0.67,0.53,0.38,0.55,0.52,0.68,0.67,0.53,0.53,0.51,0.66,0.68,0.6,0.71,0.61,0.69,0.7,0.66,0.69,0.66,0.66,0.42,CB,DEF,3
Valentin Antov,CB,Bulgaria,0.67,0.56,0.38,0.48,0.57,0.66,0.76,0.48,0.62,0.6,0.66,0.58,0.66,0.81,0.72,0.73,0.72,0.68,0.6,0.64,0.68,0.63,CB,DEF,3
Leonardo Aponte,CB,Venezuela,0.67,0.7,0.3,0.52,0.62,0.68,0.68,0.7,0.7,0.65,0.67,0.62,0.63,0.68,0.66,0.73,0.68,0.64,0.68,0.68,0.68,0.4,CB,DEF,2
Jon Mikel Aramburu,RB,Venezuela,0.67,0.71,0.46,0.59,0.62,0.64,0.62,0.73,0.69,0.67,0.7,0.59,0.66,0.59,0.7,0.61,0.66,0.64,0.65,0.69,0.49,0.47,RB,DEF,1
Yoël Armougom,LB,France,0.67,0.79,0.42,0.55,0.65,0.6,0.66,0.81,0.78,0.74,0.82,0.63,0.63,0.65,0.7,0.69,0.63,0.64,0.6,0.61,0.49,0.65,LB,DEF,2
Tomás Asta-Buruaga,CB,Chile,0.67,0.62,0.42,0.51,0.51,0.68,0.72,0.6,0.64,0.63,0.43,0.56,0.64,0.73,0.73,0.72,0.68,0.62,0.7,0.67,0.65,0.51,CB,DEF,3
Julián Aude,LB,Argentina,0.67,0.72,0.46,0.62,0.75,0.6,0.64,0.74,0.7,0.76,0.76,0.74,0.64,0.59,0.73,0.61,0.63,0.65,0.58,0.62,0.47,0.57,LB,DEF,1
Rafał Augustyniak,CB,Poland,0.67,0.65,0.48,0.59,0.59,0.66,0.78,0.64,0.65,0.56,0.54,0.62,0.6,0.82,0.73,0.77,0.68,0.65,0.66,0.65,0.6,0.42,CB,DEF,3
Giuseppe Aurelio,LB,Italy,0.67,0.83,0.63,0.63,0.66,0.6,0.74,0.82,0.84,0.8,0.79,0.64,0.65,0.76,0.75,0.89,0.61,0.6,0.56,0.58,0.71,0.7,LB,DEF,2
Youri Baas,LB,Holland,0.67,0.7,0.39,0.58,0.65,0.63,0.63,0.66,0.73,0.68,0.63,0.66,0.55,0.59,0.79,0.72,0.64,0.62,0.64,0.63,0.57,0.42,LB,DEF,1
Felix Bacher,CB,Austria,0.67,0.57,0.34,0.41,0.46,0.65,0.8,0.62,0.52,0.52,0.49,0.52,0.58,0.84,0.77,0.78,0.7,0.66,0.64,0.61,0.64,0.45,CB,DEF,5
Saïd Bakari,RB,Netherlands,0.67,0.78,0.57,0.6,0.67,0.61,0.74,0.81,0.76,0.75,0.71,0.64,0.64,0.73,0.82,0.7,0.63,0.58,0.59,0.64,0.57,0.66,RB,DEF,2
Thierno Baldé,RB,France,0.67,0.77,0.48,0.59,0.67,0.63,0.63,0.75,0.79,0.69,0.67,0.67,0.61,0.62,0.62,0.69,0.65,0.66,0.64,0.63,0.55,0.57,RB,DEF,2
Radinio Balker,CB,Suriname,0.67,0.86,0.3,0.53,0.48,0.66,0.74,0.8,0.9,0.53,0.45,0.51,0.65,0.8,0.65,0.83,0.67,0.64,0.66,0.65,0.62,0.4,CB,DEF,5
Florian Ballas,CB,Germany,0.67,0.54,0.41,0.43,0.38,0.66,0.78,0.34,0.71,0.32,0.3,0.44,0.61,0.94,0.56,0.7,0.66,0.62,0.66,0.63,0.74,0.66,CB,DEF,5
Patrick Bauer,CB,Germany,0.67,0.29,0.38,0.47,0.4,0.67,0.7,0.3,0.28,0.28,0.3,0.43,0.58,0.89,0.32,0.71,0.66,0.64,0.67,0.67,0.69,0.56,CB,DEF,5
Timo Beermann,CB,Germany,0.67,0.32,0.39,0.47,0.43,0.67,0.76,0.34,0.31,0.59,0.52,0.41,0.6,0.8,0.61,0.72,0.71,0.68,0.63,0.61,0.73,0.6,CB,DEF,5
Aziz Behich,LB,Australia,0.67,0.76,0.6,0.65,0.69,0.61,0.68,0.8,0.73,0.82,0.82,0.66,0.63,0.59,0.76,0.67,0.63,0.62,0.6,0.61,0.53,0.67,LB,DEF,2
Raffael Behounek,CB,Austria,0.67,0.58,0.27,0.44,0.44,0.66,0.79,0.47,0.67,0.64,0.33,0.48,0.66,0.85,0.72,0.72,0.69,0.64,0.66,0.65,0.61,0.34,CB,DEF,5
Łukasz Bejger,CB,Poland,0.67,0.78,0.31,0.51,0.56,0.67,0.7,0.78,0.78,0.6,0.48,0.55,0.64,0.79,0.57,0.84,0.67,0.64,0.69,0.65,0.67,0.44,CB,DEF,5
Ismajl Beka,CB,Kosovo,0.67,0.57,0.39,0.44,0.43,0.65,0.74,0.55,0.59,0.43,0.34,0.57,0.59,0.81,0.63,0.76,0.67,0.69,0.61,0.66,0.68,0.55,CB,DEF,5
Zineddine Belaïd,CB,Algeria,0.67,0.63,0.28,0.56,0.54,0.68,0.67,0.62,0.64,0.5,0.56,0.58,0.64,0.68,0.62,0.75,0.7,0.66,0.66,0.66,0.72,0.36,CB,DEF,5
Tyler Bindon,CB,New Zealand,0.67,0.6,0.32,0.49,0.58,0.67,0.7,0.59,0.61,0.59,0.62,0.56,0.66,0.77,0.65,0.75,0.67,0.68,0.67,0.68,0.68,0.44,CB,DEF,3
Tayfur Bingöl,LB,Turkey,0.67,0.76,0.6,0.64,0.66,0.6,0.69,0.77,0.76,0.71,0.65,0.65,0.61,0.68,0.78,0.67,0.62,0.58,0.58,0.65,0.48,0.64,LB,DEF,2
Martin Bjørnbak,CB,Norway,0.67,0.36,0.47,0.57,0.5,0.65,0.8,0.35,0.37,0.33,0.35,0.53,0.65,0.9,0.68,0.72,0.65,0.6,0.66,0.66,0.69,0.75,CB,DEF,3
Sondre Flem Bjørshol,RB,Norway,0.67,0.76,0.41,0.58,0.61,0.61,0.73,0.77,0.76,0.65,0.67,0.62,0.61,0.72,0.8,0.76,0.63,0.62,0.6,0.62,0.56,0.43,RB,DEF,2
Jérémy Blasco,CB,France,0.67,0.66,0.41,0.59,0.55,0.66,0.77,0.65,0.66,0.56,0.57,0.58,0.6,0.79,0.82,0.78,0.68,0.66,0.64,0.65,0.69,0.47,CB,DEF,3
Marc Bola,LB,England,0.67,0.74,0.35,0.53,0.63,0.64,0.7,0.73,0.74,0.64,0.67,0.61,0.62,0.71,0.78,0.74,0.66,0.62,0.63,0.65,0.58,0.39,LB,DEF,2
Bendegúz Bolla,RB,Hungary,0.67,0.78,0.54,0.6,0.68,0.6,0.65,0.79,0.77,0.68,0.64,0.67,0.65,0.63,0.75,0.62,0.63,0.6,0.64,0.59,0.42,0.61,RB,DEF,1
Moïse Bombito,CB,Canada,0.67,0.91,0.47,0.57,0.62,0.66,0.7,0.92,0.9,0.47,0.48,0.68,0.63,0.73,0.62,0.82,0.68,0.64,0.68,0.67,0.58,0.4,CB,DEF,2
Leonel Bontempo,LB,Argentina,0.67,0.71,0.48,0.56,0.63,0.61,0.58,0.72,0.71,0.75,0.79,0.62,0.61,0.48,0.78,0.54,0.69,0.68,0.58,0.58,0.48,0.69,LB,DEF,1
Robbie Brady,LB,Republic of Ireland,0.67,0.61,0.64,0.73,0.69,0.64,0.64,0.63,0.6,0.7,0.73,0.71,0.65,0.62,0.62,0.65,0.66,0.63,0.63,0.65,0.58,0.69,LB,DEF,2
Nicolò Brighenti,CB,Italy,0.67,0.7,0.4,0.51,0.55,0.67,0.73,0.71,0.69,0.7,0.74,0.55,0.68,0.75,0.7,0.78,0.67,0.66,0.68,0.65,0.66,0.55,CB,DEF,2
Ciaron Brown,CB,Northern Ireland,0.67,0.66,0.46,0.53,0.58,0.67,0.73,0.63,0.68,0.61,0.54,0.59,0.64,0.76,0.72,0.74,0.68,0.66,0.68,0.65,0.62,0.64,CB,DEF,2
Buatu,CB,Angola,0.67,0.56,0.41,0.51,0.54,0.65,0.77,0.61,0.51,0.39,0.44,0.6,0.59,0.82,0.66,0.79,0.64,0.62,0.65,0.64,0.7,0.64,CB,DEF,3
Oliver Bundgaard,LB,Denmark,0.67,0.84,0.49,0.59,0.66,0.6,0.6,0.82,0.85,0.76,0.73,0.66,0.61,0.59,0.68,0.69,0.63,0.61,0.59,0.59,0.52,0.6,LB,DEF,1
Guillermo Burdisso,CB,Argentina,0.67,0.32,0.41,0.52,0.48,0.66,0.73,0.33,0.31,0.33,0.43,0.56,0.6,0.83,0.52,0.74,0.67,0.64,0.65,0.64,0.74,0.65,CB,DEF,3
Esteban Burgos,CB,Argentina,0.67,0.5,0.47,0.46,0.53,0.66,0.81,0.51,0.5,0.56,0.43,0.56,0.67,0.86,0.83,0.75,0.62,0.61,0.7,0.69,0.65,0.63,CB,DEF,3
Elvin Cafarquliyev,LB,Azerbaijan,0.67,0.72,0.46,0.62,0.67,0.63,0.63,0.73,0.71,0.65,0.64,0.68,0.67,0.61,0.63,0.65,0.65,0.62,0.63,0.64,0.51,0.54,LB,DEF,2
Ousmane Camara,CB,France,0.67,0.37,0.47,0.57,0.57,0.65,0.77,0.35,0.38,0.42,0.43,0.65,0.63,0.88,0.65,0.71,0.66,0.6,0.64,0.65,0.67,0.62,CB,DEF,3
Mihai Căpățînă,RB,Romania,0.67,0.67,0.63,0.65,0.67,0.6,0.7,0.67,0.67,0.64,0.8,0.67,0.66,0.67,0.83,0.61,0.62,0.61,0.61,0.62,0.45,0.71,RB,DEF,2
Nicolas Capraro,CB,Argentina,0.67,0.71,0.33,0.49,0.56,0.67,0.74,0.71,0.71,0.54,0.56,0.59,0.6,0.74,0.83,0.79,0.69,0.66,0.67,0.65,0.69,0.46,CB,DEF,3
Julio Cascante,CB,Costa Rica,0.67,0.57,0.37,0.47,0.54,0.65,0.72,0.56,0.58,0.33,0.52,0.59,0.65,0.77,0.57,0.79,0.66,0.64,0.64,0.63,0.73,0.4,CB,DEF,5
Dan Casey,CB,Republic of Ireland,0.67,0.52,0.37,0.45,0.51,0.67,0.76,0.51,0.52,0.53,0.39,0.51,0.64,0.79,0.7,0.73,0.68,0.65,0.66,0.64,0.7,0.51,CB,DEF,3
Enzo Castillo,LB,Uruguay,0.67,0.69,0.41,0.57,0.59,0.69,0.67,0.69,0.69,0.65,0.55,0.52,0.54,0.67,0.67,0.68,0.69,0.65,0.68,0.76,0.57,0.41,LB,DEF,2
David Castro,CB,Spain,0.67,0.62,0.34,0.58,0.61,0.65,0.79,0.64,0.61,0.41,0.59,0.64,0.56,0.84,0.79,0.79,0.66,0.65,0.64,0.66,0.64,0.64,CB,DEF,3
Cristian Cauz,CB,Italy,0.67,0.75,0.5,0.59,0.62,0.66,0.67,0.68,0.81,0.58,0.56,0.63,0.65,0.7,0.58,0.72,0.7,0.68,0.62,0.66,0.65,0.6,CB,DEF,2
Tomás Cavanagh,LB,Argentina,0.67,0.82,0.36,0.56,0.66,0.61,0.64,0.77,0.86,0.73,0.67,0.64,0.59,0.55,0.8,0.62,0.68,0.64,0.54,0.64,0.49,0.43,LB,DEF,1
Daniel Chacón,CB,Costa Rica,0.67,0.62,0.22,0.43,0.46,0.68,0.63,0.6,0.64,0.45,0.58,0.65,0.64,0.62,0.62,0.68,0.66,0.71,0.69,0.68,0.68,0.34,CB,DEF,5
Yevgen Cheberko,CB,Ukraine,0.67,0.68,0.31,0.59,0.64,0.66,0.69,0.67,0.69,0.74,0.72,0.65,0.65,0.68,0.7,0.71,0.67,0.66,0.66,0.67,0.63,0.43,CB,DEF,2
Samir Chergui,CB,France,0.67,0.52,0.43,0.62,0.63,0.68,0.63,0.57,0.47,0.68,0.66,0.63,0.66,0.73,0.37,0.7,0.7,0.69,0.67,0.66,0.63,0.47,CB,DEF,3
Jonathan Cissé,CB,Côte d'Ivoire,0.67,0.65,0.35,0.42,0.53,0.65,0.8,0.64,0.65,0.56,0.34,0.54,0.61,0.9,0.66,0.86,0.67,0.64,0.63,0.6,0.72,0.48,CB,DEF,5
Clemente,CB,Spain,0.67,0.68,0.32,0.52,0.54,0.67,0.7,0.68,0.68,0.55,0.68,0.65,0.68,0.7,0.72,0.73,0.69,0.64,0.65,0.66,0.67,0.43,CB,DEF,2
Mauro Coppolaro,CB,Italy,0.67,0.68,0.42,0.53,0.57,0.67,0.73,0.67,0.69,0.59,0.6,0.58,0.63,0.78,0.72,0.77,0.7,0.71,0.66,0.65,0.65,0.57,CB,DEF,3
Gabriele Corbo,CB,Italy,0.67,0.56,0.4,0.49,0.57,0.66,0.68,0.52,0.59,0.61,0.6,0.64,0.66,0.73,0.61,0.69,0.68,0.68,0.66,0.65,0.64,0.58,CB,DEF,3
Marcel Costly,RB,Germany,0.67,0.88,0.52,0.56,0.67,0.56,0.71,0.84,0.92,0.76,0.73,0.67,0.57,0.69,0.9,0.71,0.59,0.58,0.53,0.59,0.48,0.62,RB,DEF,2
Guillermo Cotugno,CB,Uruguay,0.67,0.52,0.26,0.41,0.4,0.68,0.7,0.52,0.52,0.5,0.67,0.4,0.55,0.76,0.6,0.77,0.68,0.66,0.7,0.65,0.72,0.37,CB,DEF,5
Hayden Coulson,LB,England,0.67,0.76,0.38,0.56,0.66,0.62,0.61,0.78,0.75,0.73,0.82,0.63,0.64,0.58,0.68,0.7,0.64,0.64,0.61,0.63,0.59,0.45,LB,DEF,1
Iulian Cristea,CB,Romania,0.67,0.72,0.38,0.48,0.57,0.66,0.75,0.7,0.74,0.7,0.65,0.56,0.64,0.76,0.75,0.77,0.68,0.65,0.66,0.66,0.65,0.47,CB,DEF,2
Wessel Dammers,CB,Holland,0.67,0.58,0.56,0.53,0.59,0.67,0.74,0.63,0.53,0.63,0.67,0.64,0.62,0.75,0.72,0.75,0.68,0.65,0.67,0.64,0.69,0.7,CB,DEF,3
Fabio Daprelà,CB,Switzerland,0.67,0.65,0.57,0.62,0.64,0.65,0.78,0.61,0.69,0.7,0.65,0.67,0.65,0.82,0.76,0.77,0.65,0.65,0.68,0.62,0.64,0.65,CB,DEF,2
Tendayi Darikwa,RB,Zimbabwe,0.67,0.84,0.5,0.61,0.63,0.62,0.76,0.82,0.86,0.73,0.61,0.61,0.6,0.74,0.76,0.8,0.62,0.6,0.63,0.63,0.59,0.57,RB,DEF,2
Simone Davi,LB,Italy,0.67,0.83,0.48,0.6,0.66,0.58,0.65,0.82,0.84,0.73,0.62,0.64,0.61,0.6,0.76,0.63,0.59,0.62,0.6,0.61,0.42,0.61,LB,DEF,1
Sebastian De Maio,CB,France,0.67,0.4,0.42,0.43,0.58,0.66,0.7,0.39,0.41,0.7,0.56,0.6,0.61,0.8,0.45,0.7,0.66,0.61,0.66,0.67,0.7,0.61,CB,DEF,5
Deng Hanwen,RB,China PR,0.67,0.82,0.57,0.6,0.66,0.61,0.71,0.83,0.82,0.75,0.73,0.62,0.63,0.65,0.82,0.74,0.57,0.6,0.65,0.62,0.55,0.63,RB,DEF,2
Bambo Diaby,CB,Senegal,0.67,0.67,0.32,0.54,0.57,0.63,0.79,0.61,0.71,0.51,0.57,0.59,0.64,0.91,0.55,0.8,0.66,0.63,0.59,0.64,0.62,0.5,CB,DEF,5
Abdoulaye Diaby,CB,Mali,0.67,0.61,0.27,0.41,0.41,0.64,0.82,0.54,0.67,0.56,0.45,0.44,0.64,0.93,0.68,0.72,0.66,0.64,0.65,0.55,0.7,0.42,CB,DEF,5
Matisse Didden,CB,Belgium,0.67,0.54,0.36,0.55,0.57,0.64,0.77,0.49,0.58,0.46,0.31,0.63,0.63,0.88,0.68,0.76,0.66,0.62,0.62,0.64,0.68,0.58,CB,DEF,3
Mehdi Dorval,RB,France,0.67,0.73,0.36,0.57,0.66,0.59,0.63,0.72,0.74,0.8,0.58,0.66,0.63,0.59,0.8,0.57,0.64,0.62,0.59,0.59,0.44,0.32,RB,DEF,1
Kyle Duncan,RB,United States,0.67,0.83,0.44,0.51,0.67,0.63,0.71,0.82,0.84,0.8,0.75,0.66,0.52,0.66,0.79,0.78,0.66,0.62,0.6,0.63,0.63,0.52,RB,DEF,2
Chey Dunkley,CB,England,0.67,0.49,0.36,0.42,0.49,0.65,0.79,0.5,0.48,0.49,0.49,0.49,0.65,0.87,0.73,0.77,0.65,0.64,0.66,0.64,0.69,0.41,CB,DEF,5
Santiago Echeverría,CB,Argentina,0.67,0.54,0.23,0.41,0.41,0.69,0.71,0.55,0.53,0.44,0.46,0.35,0.63,0.84,0.51,0.76,0.72,0.7,0.69,0.67,0.65,0.31,CB,DEF,5
Joe Edwards,RB,England,0.67,0.66,0.59,0.63,0.66,0.63,0.75,0.67,0.66,0.8,0.81,0.64,0.61,0.71,0.89,0.72,0.64,0.62,0.64,0.62,0.6,0.61,RB,DEF,2
Dani Tasende,LB,Spain,0.67,0.71,0.5,0.67,0.63,0.63,0.54,0.73,0.69,0.71,0.66,0.66,0.64,0.44,0.7,0.57,0.64,0.62,0.64,0.63,0.57,0.63,LB,DEF,1
Noah Fadiga,RB,Senegal,0.67,0.83,0.49,0.6,0.66,0.61,0.64,0.81,0.84,0.74,0.67,0.65,0.59,0.61,0.7,0.69,0.65,0.65,0.6,0.59,0.5,0.5,RB,DEF,1
Akin Famewo,CB,England,0.67,0.69,0.22,0.44,0.53,0.65,0.79,0.7,0.69,0.61,0.6,0.55,0.63,0.87,0.69,0.82,0.66,0.64,0.66,0.64,0.64,0.27,CB,DEF,5
Marco Farfan,LB,United States,0.67,0.7,0.45,0.54,0.67,0.64,0.67,0.7,0.7,0.76,0.88,0.63,0.66,0.64,0.75,0.65,0.65,0.65,0.65,0.63,0.54,0.41,LB,DEF,2
Gonçalo Costa,LB,Portugal,0.67,0.76,0.41,0.49,0.73,0.62,0.62,0.75,0.77,0.71,0.73,0.76,0.59,0.56,0.73,0.63,0.66,0.7,0.63,0.58,0.51,0.35,LB,DEF,1
Jacob Farrell,LB,Australia,0.67,0.64,0.43,0.49,0.59,0.66,0.79,0.67,0.61,0.59,0.56,0.61,0.67,0.79,0.82,0.74,0.7,0.66,0.67,0.64,0.58,0.62,LB,DEF,3
Gianluca Ferrari,CB,Argentina,0.67,0.71,0.43,0.59,0.6,0.63,0.79,0.7,0.71,0.61,0.55,0.63,0.61,0.78,0.84,0.79,0.64,0.65,0.61,0.59,0.7,0.57,CB,DEF,2
Rodi Ferreira,RB,Paraguay,0.67,0.83,0.35,0.48,0.64,0.63,0.64,0.81,0.85,0.83,0.63,0.62,0.62,0.57,0.75,0.67,0.66,0.65,0.65,0.62,0.5,0.3,RB,DEF,1
Salva Ferrer,RB,Spain,0.67,0.67,0.34,0.57,0.6,0.65,0.71,0.71,0.63,0.66,0.65,0.59,0.61,0.72,0.67,0.76,0.62,0.69,0.66,0.65,0.63,0.48,RB,DEF,2
Kolbeinn Birgir Finnsson,LB,Iceland,0.67,0.76,0.54,0.61,0.64,0.61,0.7,0.74,0.77,0.68,0.71,0.65,0.65,0.69,0.73,0.72,0.62,0.6,0.63,0.6,0.57,0.65,LB,DEF,2
Aden Flint,CB,England,0.67,0.35,0.44,0.44,0.48,0.66,0.79,0.34,0.36,0.33,0.34,0.56,0.64,0.88,0.67,0.63,0.67,0.65,0.66,0.63,0.69,0.58,CB,DEF,3
José Fontán,CB,Spain,0.67,0.62,0.45,0.62,0.62,0.69,0.61,0.64,0.6,0.6,0.63,0.69,0.64,0.59,0.6,0.72,0.73,0.69,0.66,0.65,0.72,0.49,CB,DEF,2
Alessandro Fontanarosa,CB,Italy,0.67,0.75,0.58,0.61,0.65,0.67,0.64,0.78,0.72,0.7,0.68,0.66,0.6,0.66,0.5,0.77,0.69,0.68,0.65,0.65,0.68,0.7,CB,DEF,2
Juan José Franco,RB,Paraguay,0.67,0.65,0.53,0.61,0.64,0.66,0.61,0.67,0.63,0.57,0.7,0.63,0.63,0.57,0.7,0.59,0.67,0.63,0.67,0.7,0.5,0.54,RB,DEF,2
Anton Gaaei,RB,Denmark,0.67,0.83,0.48,0.57,0.65,0.58,0.67,0.82,0.84,0.73,0.66,0.65,0.58,0.59,0.85,0.66,0.63,0.6,0.56,0.59,0.48,0.52,RB,DEF,1
Munashe Garananga,CB,Zimbabwe,0.67,0.64,0.34,0.47,0.46,0.66,0.71,0.61,0.67,0.52,0.54,0.48,0.62,0.76,0.6,0.76,0.67,0.66,0.63,0.65,0.7,0.51,CB,DEF,5
Jon García,CB,Spain,0.67,0.68,0.35,0.51,0.54,0.67,0.66,0.69,0.67,0.53,0.73,0.62,0.75,0.65,0.66,0.69,0.66,0.68,0.65,0.72,0.6,0.46,CB,DEF,2
Anselmo García MacNulty,CB,Republic of Ireland,0.67,0.69,0.35,0.55,0.61,0.66,0.73,0.68,0.69,0.66,0.62,0.63,0.56,0.73,0.7,0.76,0.65,0.68,0.66,0.64,0.7,0.48,CB,DEF,2
Víctor García,LB,Spain,0.67,0.7,0.51,0.63,0.64,0.62,0.59,0.72,0.69,0.57,0.7,0.66,0.61,0.62,0.74,0.71,0.61,0.63,0.62,0.62,0.62,0.58,LB,DEF,2
Luis Garro,RB,Peru,0.67,0.72,0.57,0.58,0.63,0.65,0.62,0.71,0.73,0.73,0.67,0.65,0.62,0.66,0.65,0.72,0.64,0.63,0.66,0.65,0.62,0.58,RB,DEF,2
Yarek,CB,Spain,0.67,0.67,0.5,0.55,0.53,0.69,0.66,0.66,0.68,0.69,0.65,0.6,0.59,0.63,0.7,0.75,0.68,0.66,0.7,0.69,0.75,0.56,CB,DEF,2
Krystian Getinger,LB,Poland,0.67,0.74,0.62,0.62,0.62,0.62,0.7,0.75,0.73,0.59,0.62,0.65,0.63,0.7,0.73,0.75,0.61,0.62,0.62,0.62,0.61,0.66,LB,DEF,2
Virgil Ghiță,CB,Romania,0.67,0.54,0.44,0.48,0.51,0.67,0.76,0.53,0.54,0.66,0.73,0.53,0.65,0.76,0.78,0.73,0.69,0.67,0.66,0.65,0.69,0.47,CB,DEF,3
Luciano Gómez,RB,Argentina,0.67,0.8,0.6,0.61,0.69,0.61,0.63,0.78,0.81,0.83,0.86,0.66,0.65,0.59,0.74,0.66,0.61,0.58,0.65,0.63,0.5,0.63,RB,DEF,2
Donatien Gomis,CB,Senegal,0.67,0.57,0.29,0.44,0.44,0.68,0.75,0.54,0.6,0.4,0.43,0.58,0.48,0.83,0.7,0.8,0.72,0.63,0.68,0.64,0.71,0.39,CB,DEF,5
Julio González,RB,Paraguay,0.67,0.64,0.43,0.55,0.57,0.67,0.72,0.63,0.65,0.63,0.54,0.62,0.61,0.7,0.76,0.72,0.68,0.65,0.67,0.66,0.68,0.55,RB,DEF,3
Leo Greiml,CB,Austria,0.67,0.52,0.3,0.49,0.46,0.66,0.68,0.54,0.51,0.6,0.62,0.56,0.65,0.76,0.49,0.73,0.7,0.68,0.64,0.63,0.67,0.42,CB,DEF,5
Jan Grzesik,RB,Poland,0.67,0.77,0.56,0.6,0.64,0.6,0.68,0.8,0.75,0.72,0.76,0.62,0.66,0.61,0.82,0.74,0.6,0.57,0.6,0.63,0.6,0.64,RB,DEF,2
Juan Cruz Guasone,CB,Argentina,0.67,0.54,0.25,0.37,0.41,0.66,0.79,0.56,0.52,0.35,0.35,0.48,0.64,0.94,0.63,0.85,0.7,0.65,0.62,0.63,0.71,0.42,CB,DEF,5
Lukas Gugganig,CB,Austria,0.67,0.41,0.47,0.5,0.5,0.67,0.77,0.42,0.4,0.5,0.46,0.51,0.64,0.85,0.7,0.73,0.7,0.67,0.66,0.64,0.69,0.7,CB,DEF,3
Daouda Guindo,LB,Mali,0.67,0.84,0.37,0.55,0.71,0.6,0.68,0.83,0.84,0.85,0.64,0.67,0.6,0.61,0.76,0.71,0.65,0.63,0.56,0.58,0.53,0.48,LB,DEF,1
Ahmet Gürleyen,CB,Germany,0.67,0.72,0.37,0.44,0.41,0.64,0.82,0.53,0.88,0.37,0.5,0.45,0.52,0.91,0.64,0.77,0.67,0.61,0.64,0.6,0.63,0.62,CB,DEF,5
Andrew Gutman,LB,United States,0.67,0.79,0.48,0.56,0.64,0.64,0.7,0.8,0.79,0.76,0.57,0.63,0.62,0.71,0.68,0.77,0.65,0.65,0.67,0.62,0.57,0.59,LB,DEF,2
Maxwell Gyamfi,CB,Germany,0.67,0.86,0.38,0.52,0.56,0.65,0.77,0.76,0.94,0.67,0.62,0.55,0.6,0.79,0.8,0.82,0.69,0.66,0.67,0.59,0.61,0.45,CB,DEF,2
Bright Gyamfi,RB,Ghana,0.67,0.85,0.32,0.56,0.61,0.6,0.7,0.84,0.85,0.61,0.75,0.61,0.6,0.7,0.79,0.77,0.62,0.67,0.59,0.56,0.56,0.28,RB,DEF,1
Albian Hajdari,CB,Switzerland,0.67,0.58,0.32,0.47,0.49,0.65,0.74,0.62,0.55,0.51,0.5,0.63,0.58,0.8,0.61,0.76,0.66,0.65,0.66,0.64,0.64,0.38,CB,DEF,5
Wes Harding,CB,Jamaica,0.67,0.69,0.41,0.54,0.6,0.66,0.78,0.65,0.73,0.54,0.56,0.63,0.65,0.8,0.83,0.77,0.67,0.65,0.66,0.66,0.64,0.56,CB,DEF,2
Nathan Harriel,RB,United States,0.67,0.78,0.32,0.52,0.56,0.65,0.75,0.77,0.78,0.62,0.61,0.56,0.6,0.77,0.75,0.81,0.66,0.61,0.68,0.61,0.6,0.38,RB,DEF,2
Ramon Hendriks,CB,Holland,0.67,0.81,0.33,0.55,0.58,0.67,0.69,0.74,0.87,0.66,0.59,0.62,0.61,0.72,0.66,0.77,0.68,0.71,0.66,0.66,0.64,0.47,CB,DEF,2
Hjörtur Hermannsson,CB,Iceland,0.67,0.42,0.34,0.54,0.59,0.66,0.8,0.46,0.39,0.59,0.6,0.63,0.61,0.84,0.81,0.73,0.66,0.65,0.66,0.65,0.65,0.52,CB,DEF,3
Jannis Heuer,CB,Germany,0.67,0.67,0.48,0.57,0.52,0.67,0.72,0.58,0.75,0.39,0.38,0.54,0.66,0.8,0.61,0.76,0.67,0.64,0.66,0.66,0.7,0.57,CB,DEF,3
Lucas Hey,CB,Denmark,0.67,0.62,0.41,0.56,0.63,0.68,0.65,0.6,0.63,0.58,0.51,0.66,0.68,0.69,0.57,0.69,0.69,0.67,0.67,0.68,0.64,0.55,CB,DEF,3
Kyle Hiebert,CB,Canada,0.67,0.66,0.25,0.47,0.54,0.66,0.74,0.66,0.66,0.49,0.56,0.6,0.66,0.78,0.71,0.76,0.69,0.61,0.66,0.64,0.63,0.34,CB,DEF,5
Hong Jeong Ho,CB,Korea Republic,0.67,0.7,0.45,0.53,0.56,0.65,0.78,0.72,0.69,0.61,0.6,0.63,0.56,0.87,0.65,0.85,0.65,0.61,0.66,0.61,0.69,0.55,CB,DEF,2
Andi Hoti,CB,Kosovo,0.67,0.62,0.27,0.46,0.5,0.67,0.71,0.55,0.68,0.49,0.55,0.51,0.66,0.8,0.6,0.74,0.71,0.66,0.65,0.65,0.66,0.3,CB,DEF,5
Florian Hübner,CB,Germany,0.67,0.3,0.43,0.41,0.4,0.69,0.69,0.29,0.3,0.45,0.46,0.44,0.61,0.78,0.47,0.7,0.7,0.68,0.67,0.67,0.74,0.62,CB,DEF,5
Charlie Hughes,CB,England,0.67,0.6,0.32,0.51,0.56,0.67,0.7,0.62,0.59,0.54,0.6,0.63,0.66,0.65,0.75,0.69,0.67,0.66,0.68,0.65,0.65,0.41,CB,DEF,3
Michael Ihiekwe,CB,England,0.67,0.59,0.36,0.44,0.52,0.66,0.77,0.53,0.63,0.6,0.51,0.56,0.65,0.84,0.7,0.76,0.64,0.65,0.68,0.66,0.69,0.42,CB,DEF,3
Juan Infante,LB,Argentina,0.67,0.71,0.52,0.58,0.63,0.66,0.62,0.73,0.7,0.64,0.7,0.66,0.66,0.64,0.53,0.7,0.67,0.69,0.64,0.71,0.57,0.62,LB,DEF,2
Dominic Iorfa,CB,England,0.67,0.78,0.4,0.54,0.57,0.64,0.74,0.7,0.85,0.44,0.44,0.56,0.6,0.88,0.54,0.74,0.65,0.63,0.64,0.64,0.66,0.47,CB,DEF,5
Miguel Jacquet,CB,Paraguay,0.67,0.6,0.34,0.44,0.49,0.67,0.72,0.6,0.6,0.47,0.66,0.62,0.64,0.8,0.61,0.77,0.68,0.63,0.68,0.63,0.69,0.39,CB,DEF,5
Alexander Jallow,RB,Sweden,0.67,0.82,0.55,0.58,0.67,0.6,0.68,0.81,0.82,0.77,0.7,0.66,0.67,0.66,0.83,0.69,0.63,0.6,0.6,0.6,0.49,0.62,RB,DEF,2
Richard Jensen,CB,Finland,0.67,0.53,0.43,0.53,0.64,0.67,0.72,0.58,0.49,0.6,0.7,0.65,0.67,0.75,0.74,0.73,0.68,0.64,0.66,0.69,0.69,0.58,CB,DEF,3
Ulrik Yttergård Jenssen,CB,Norway,0.67,0.53,0.54,0.62,0.61,0.66,0.73,0.54,0.52,0.48,0.53,0.65,0.66,0.78,0.69,0.73,0.67,0.64,0.66,0.64,0.66,0.65,CB,DEF,3
Jeong Tae Wook,CB,Korea Republic,0.67,0.49,0.31,0.47,0.47,0.64,0.8,0.36,0.59,0.33,0.34,0.58,0.56,0.89,0.67,0.81,0.67,0.62,0.62,0.58,0.79,0.38,CB,DEF,5
Jeong Woon,CB,Korea Republic,0.67,0.75,0.57,0.64,0.64,0.66,0.74,0.76,0.75,0.8,0.67,0.6,0.64,0.75,0.74,0.77,0.68,0.67,0.65,0.69,0.56,0.71,CB,DEF,2
Alberto Jiménez,CB,Spain,0.67,0.52,0.56,0.58,0.58,0.62,0.85,0.5,0.54,0.47,0.64,0.62,0.61,0.91,0.8,0.77,0.63,0.6,0.6,0.64,0.65,0.82,CB,DEF,3
Jo Jin Woo,CB,Korea Republic,0.67,0.61,0.37,0.44,0.4,0.67,0.75,0.59,0.62,0.45,0.44,0.53,0.56,0.82,0.62,0.78,0.65,0.68,0.69,0.63,0.7,0.35,CB,DEF,5
Piotr Johansson,RB,Sweden,0.67,0.82,0.5,0.57,0.62,0.61,0.8,0.79,0.84,0.7,0.64,0.61,0.6,0.79,0.9,0.8,0.62,0.61,0.63,0.6,0.55,0.59,RB,DEF,2
George Johnston,CB,Scotland,0.67,0.64,0.33,0.51,0.61,0.66,0.74,0.66,0.62,0.64,0.6,0.62,0.66,0.77,0.7,0.84,0.67,0.66,0.67,0.65,0.63,0.46,CB,DEF,3
Kasper Jørgensen,RB,Denmark,0.67,0.78,0.45,0.56,0.64,0.59,0.74,0.79,0.78,0.68,0.7,0.65,0.62,0.73,0.83,0.77,0.61,0.59,0.58,0.6,0.57,0.6,RB,DEF,2
Eric Kahl,LB,Sweden,0.67,0.85,0.53,0.61,0.64,0.61,0.71,0.85,0.85,0.73,0.79,0.63,0.62,0.7,0.73,0.74,0.61,0.6,0.62,0.62,0.53,0.6,LB,DEF,2
Claudio Kammerknecht,RB,Sri Lanka,0.67,0.62,0.32,0.57,0.57,0.65,0.76,0.64,0.6,0.62,0.57,0.6,0.66,0.79,0.81,0.76,0.66,0.64,0.66,0.63,0.63,0.35,RB,DEF,3
Scott Kennedy,CB,Canada,0.67,0.79,0.29,0.45,0.47,0.66,0.76,0.83,0.76,0.5,0.48,0.49,0.63,0.83,0.69,0.87,0.69,0.67,0.65,0.63,0.61,0.42,CB,DEF,5
David Kiki,LB,Benin,0.67,0.77,0.49,0.57,0.64,0.62,0.75,0.75,0.79,0.72,0.66,0.61,0.59,0.72,0.83,0.77,0.66,0.64,0.58,0.59,0.62,0.64,LB,DEF,2
Guy-Marcelin Kilama,CB,Cameroon,0.67,0.74,0.38,0.57,0.61,0.66,0.76,0.75,0.74,0.85,0.65,0.63,0.54,0.74,0.86,0.84,0.71,0.62,0.61,0.63,0.71,0.48,CB,DEF,2
Kim Ju Sung,CB,Korea Republic,0.67,0.73,0.39,0.47,0.54,0.65,0.73,0.75,0.71,0.68,0.58,0.61,0.62,0.8,0.6,0.83,0.65,0.63,0.67,0.61,0.7,0.47,CB,DEF,2
Mikkel Kirkeskov,LB,Denmark,0.67,0.68,0.51,0.67,0.67,0.61,0.72,0.72,0.64,0.72,0.69,0.68,0.61,0.73,0.67,0.73,0.65,0.66,0.59,0.6,0.55,0.68,LB,DEF,2
Arda Kızıldağ,CB,Turkey,0.67,0.62,0.37,0.48,0.51,0.68,0.69,0.54,0.69,0.55,0.63,0.4,0.53,0.69,0.65,0.72,0.7,0.7,0.68,0.63,0.72,0.46,CB,DEF,5
Stefan Knežević,CB,Switzerland,0.67,0.42,0.37,0.49,0.61,0.66,0.74,0.41,0.43,0.42,0.55,0.64,0.66,0.75,0.72,0.66,0.67,0.65,0.66,0.65,0.65,0.38,CB,DEF,3
Mats Knoester,CB,Holland,0.67,0.63,0.29,0.49,0.55,0.65,0.78,0.61,0.65,0.52,0.56,0.66,0.63,0.83,0.78,0.77,0.68,0.63,0.62,0.67,0.64,0.48,CB,DEF,3
Christoph Kobald,CB,Austria,0.67,0.66,0.26,0.54,0.54,0.68,0.67,0.68,0.64,0.59,0.59,0.6,0.61,0.72,0.57,0.76,0.68,0.68,0.68,0.66,0.69,0.41,CB,DEF,5
Cheick Oumar Konaté,RB,Mali,0.67,0.6,0.29,0.55,0.65,0.67,0.52,0.69,0.53,0.62,0.78,0.68,0.66,0.43,0.57,0.56,0.7,0.69,0.64,0.71,0.61,0.33,RB,DEF,1
Ilias Kostis,CB,Greece,0.67,0.6,0.22,0.44,0.5,0.66,0.71,0.58,0.61,0.41,0.45,0.55,0.65,0.82,0.54,0.76,0.68,0.65,0.65,0.67,0.66,0.31,CB,DEF,5
Xavier Kouassi,CB,Côte d'Ivoire,0.67,0.59,0.51,0.6,0.64,0.67,0.76,0.63,0.56,0.72,0.76,0.63,0.65,0.74,0.81,0.72,0.69,0.61,0.68,0.66,0.61,0.63,CB,DEF,2
Adnan Kovačević,CB,Bosnia and Herzegovina,0.67,0.52,0.42,0.44,0.43,0.67,0.76,0.53,0.51,0.39,0.48,0.51,0.61,0.8,0.72,0.72,0.68,0.67,0.67,0.69,0.63,0.56,CB,DEF,3
İsmail Köybaşı,LB,Turkey,0.67,0.71,0.64,0.67,0.71,0.61,0.64,0.73,0.69,0.77,0.73,0.71,0.63,0.6,0.67,0.68,0.63,0.64,0.56,0.67,0.56,0.75,LB,DEF,2
Samuel Kozlovský,LB,Slovakia,0.67,0.7,0.52,0.62,0.62,0.65,0.63,0.71,0.69,0.63,0.62,0.64,0.68,0.61,0.69,0.71,0.67,0.63,0.66,0.62,0.62,0.63,LB,DEF,2
Luka Krajnc,CB,Slovenia,0.67,0.67,0.32,0.56,0.63,0.65,0.75,0.66,0.67,0.67,0.64,0.65,0.61,0.82,0.67,0.78,0.66,0.65,0.67,0.64,0.62,0.44,CB,DEF,2
Thaer Krouma,CB,Syria,0.67,0.49,0.46,0.43,0.49,0.71,0.69,0.42,0.55,0.51,0.55,0.52,0.59,0.77,0.65,0.69,0.72,0.68,0.72,0.68,0.69,0.57,CB,DEF,3
Mirlind Kryeziu,CB,Kosovo,0.67,0.34,0.36,0.48,0.5,0.65,0.78,0.35,0.33,0.34,0.51,0.63,0.62,0.92,0.59,0.73,0.64,0.63,0.65,0.65,0.68,0.59,CB,DEF,3
Francisco La Mantía,CB,Venezuela,0.67,0.65,0.56,0.59,0.53,0.68,0.69,0.61,0.69,0.42,0.63,0.6,0.62,0.71,0.71,0.71,0.68,0.71,0.71,0.64,0.62,0.61,CB,DEF,3
Gustaf Lagerbielke,CB,Sweden,0.67,0.53,0.32,0.55,0.58,0.67,0.66,0.5,0.56,0.44,0.48,0.63,0.65,0.73,0.53,0.74,0.69,0.67,0.67,0.62,0.72,0.6,CB,DEF,3
Ionuț Larie,CB,Romania,0.67,0.38,0.42,0.53,0.5,0.66,0.73,0.34,0.41,0.34,0.55,0.58,0.63,0.85,0.53,0.7,0.66,0.64,0.69,0.64,0.67,0.57,CB,DEF,3
Jordan Lawrence-Gabriel,RB,England,0.67,0.82,0.36,0.54,0.62,0.61,0.66,0.81,0.83,0.72,0.7,0.6,0.62,0.64,0.73,0.72,0.63,0.63,0.61,0.62,0.54,0.36,RB,DEF,1
José Leguizamón,CB,Paraguay,0.67,0.65,0.46,0.45,0.49,0.66,0.72,0.62,0.68,0.58,0.8,0.56,0.61,0.79,0.6,0.76,0.67,0.66,0.65,0.68,0.65,0.65,CB,DEF,3
Brian Leizza,CB,Argentina,0.67,0.58,0.28,0.44,0.53,0.68,0.68,0.62,0.55,0.57,0.54,0.63,0.63,0.69,0.64,0.7,0.7,0.67,0.67,0.69,0.64,0.33,CB,DEF,5
Julian Lelieveld,RB,Holland,0.67,0.58,0.44,0.63,0.63,0.64,0.67,0.67,0.51,0.67,0.69,0.66,0.61,0.64,0.74,0.58,0.69,0.65,0.62,0.62,0.58,0.58,RB,DEF,2
Jakob Lewald,CB,Germany,0.67,0.61,0.31,0.45,0.52,0.67,0.75,0.54,0.66,0.53,0.45,0.56,0.65,0.83,0.67,0.67,0.68,0.62,0.66,0.67,0.67,0.38,CB,DEF,5
Li Shuai,LB,China PR,0.67,0.82,0.41,0.58,0.65,0.6,0.72,0.81,0.82,0.82,0.67,0.63,0.6,0.71,0.8,0.72,0.63,0.65,0.59,0.61,0.49,0.45,LB,DEF,2
Nick Lima,RB,United States,0.67,0.79,0.61,0.6,0.67,0.61,0.73,0.77,0.81,0.73,0.66,0.66,0.67,0.71,0.77,0.73,0.62,0.63,0.63,0.6,0.53,0.77,RB,DEF,2
Juan Lojas,CB,Peru,0.67,0.58,0.32,0.37,0.41,0.67,0.75,0.57,0.58,0.51,0.59,0.52,0.62,0.81,0.7,0.77,0.68,0.63,0.68,0.66,0.69,0.45,CB,DEF,5
Noah Loosli,CB,Switzerland,0.67,0.64,0.44,0.47,0.55,0.66,0.75,0.68,0.61,0.65,0.62,0.56,0.56,0.81,0.69,0.84,0.67,0.66,0.62,0.67,0.72,0.5,CB,DEF,3
Roberto Lopes,CB,Cape Verde Islands,0.67,0.52,0.29,0.46,0.51,0.67,0.76,0.54,0.51,0.48,0.4,0.52,0.65,0.8,0.71,0.74,0.66,0.65,0.68,0.67,0.67,0.42,CB,DEF,5
Elías López,RB,Argentina,0.67,0.83,0.52,0.6,0.7,0.59,0.72,0.83,0.83,0.77,0.78,0.7,0.56,0.67,0.82,0.69,0.64,0.62,0.58,0.57,0.46,0.63,RB,DEF,2
Mario López Quintana,CB,Paraguay,0.67,0.59,0.3,0.41,0.41,0.67,0.76,0.52,0.65,0.57,0.64,0.55,0.59,0.83,0.66,0.79,0.69,0.62,0.67,0.62,0.71,0.43,CB,DEF,5
Simon Lorenz,CB,Germany,0.67,0.67,0.38,0.51,0.51,0.67,0.78,0.72,0.62,0.62,0.64,0.53,0.49,0.8,0.75,0.81,0.69,0.66,0.64,0.68,0.67,0.55,CB,DEF,5
Felix Luckeneder,CB,Austria,0.67,0.38,0.3,0.41,0.47,0.67,0.76,0.39,0.38,0.33,0.53,0.54,0.66,0.82,0.69,0.71,0.67,0.65,0.66,0.7,0.69,0.41,CB,DEF,3
Anderson Lucoqui,LB,Angola,0.67,0.75,0.45,0.58,0.68,0.62,0.67,0.78,0.72,0.74,0.72,0.67,0.63,0.66,0.67,0.73,0.61,0.64,0.62,0.62,0.58,0.59,LB,DEF,2
Adam Lundqvist,LB,Sweden,0.67,0.67,0.52,0.63,0.62,0.63,0.59,0.69,0.66,0.74,0.77,0.65,0.64,0.48,0.76,0.51,0.65,0.64,0.64,0.66,0.46,0.68,LB,DEF,1
Salem M'Bakata,RB,France,0.67,0.83,0.31,0.59,0.61,0.63,0.71,0.84,0.83,0.73,0.79,0.58,0.58,0.72,0.78,0.7,0.65,0.66,0.66,0.62,0.44,0.35,RB,DEF,2
Jack MacKenzie,LB,Scotland,0.67,0.73,0.26,0.55,0.59,0.64,0.7,0.69,0.76,0.63,0.68,0.59,0.58,0.71,0.8,0.68,0.68,0.65,0.64,0.64,0.52,0.27,LB,DEF,1
Denil Maldonado,CB,Honduras,0.67,0.62,0.31,0.43,0.43,0.67,0.74,0.58,0.65,0.44,0.54,0.59,0.65,0.78,0.68,0.74,0.67,0.65,0.67,0.66,0.66,0.46,CB,DEF,5
Camora,LB,Romania,0.67,0.65,0.56,0.65,0.6,0.62,0.69,0.6,0.69,0.65,0.73,0.61,0.61,0.67,0.8,0.66,0.64,0.64,0.61,0.61,0.58,0.66,LB,DEF,2
Mark Mampassi,CB,Russia,0.67,0.68,0.4,0.54,0.59,0.66,0.7,0.67,0.68,0.57,0.61,0.6,0.65,0.73,0.64,0.75,0.67,0.64,0.66,0.65,0.68,0.57,CB,DEF,2
Artur Jorge,CB,Portugal,0.67,0.5,0.37,0.45,0.5,0.65,0.7,0.54,0.47,0.45,0.59,0.56,0.67,0.77,0.54,0.73,0.65,0.64,0.65,0.66,0.68,0.56,CB,DEF,5
Félix,CB,Spain,0.67,0.64,0.24,0.57,0.63,0.67,0.68,0.64,0.64,0.51,0.74,0.65,0.66,0.72,0.61,0.73,0.69,0.65,0.67,0.68,0.65,0.38,CB,DEF,3
Diogo Travassos,RB,Portugal,0.67,0.83,0.49,0.62,0.69,0.61,0.66,0.84,0.82,0.69,0.72,0.68,0.59,0.61,0.72,0.71,0.6,0.59,0.64,0.64,0.52,0.54,RB,DEF,2
Lucas Masoero,CB,Argentina,0.67,0.62,0.31,0.42,0.56,0.67,0.73,0.62,0.62,0.58,0.65,0.57,0.66,0.78,0.68,0.76,0.68,0.66,0.67,0.66,0.65,0.38,CB,DEF,5
Amadou Mbengue,CB,Senegal,0.67,0.81,0.31,0.49,0.54,0.66,0.72,0.79,0.82,0.53,0.67,0.55,0.64,0.7,0.65,0.78,0.66,0.67,0.65,0.66,0.64,0.42,CB,DEF,2
Moustapha Mbow,CB,Senegal,0.67,0.66,0.36,0.42,0.55,0.67,0.75,0.63,0.68,0.43,0.45,0.62,0.62,0.82,0.72,0.79,0.68,0.64,0.66,0.66,0.68,0.52,CB,DEF,3
James McClean,LB,Republic of Ireland,0.67,0.64,0.63,0.64,0.65,0.61,0.77,0.62,0.66,0.67,0.7,0.65,0.67,0.71,0.81,0.71,0.63,0.64,0.61,0.58,0.6,0.7,LB,DEF,2
Nayel Mehssatou,RB,Chile,0.67,0.74,0.46,0.61,0.68,0.61,0.54,0.8,0.69,0.88,0.89,0.67,0.65,0.4,0.73,0.52,0.62,0.62,0.64,0.64,0.46,0.52,RB,DEF,1
Matteo Meisl,CB,Austria,0.67,0.61,0.29,0.47,0.52,0.66,0.76,0.61,0.61,0.51,0.5,0.57,0.69,0.78,0.68,0.75,0.69,0.64,0.67,0.61,0.63,0.45,CB,DEF,5
Arial Mendy,LB,Senegal,0.67,0.76,0.36,0.62,0.62,0.61,0.7,0.75,0.77,0.72,0.56,0.61,0.59,0.71,0.73,0.76,0.62,0.64,0.58,0.63,0.6,0.35,LB,DEF,2
Jonathan Mensah,CB,Ghana,0.67,0.6,0.44,0.55,0.53,0.64,0.79,0.57,0.62,0.54,0.4,0.58,0.65,0.84,0.75,0.77,0.65,0.64,0.62,0.62,0.68,0.69,CB,DEF,3
Umut Meraş,LB,Turkey,0.67,0.74,0.41,0.58,0.65,0.63,0.7,0.74,0.74,0.72,0.74,0.63,0.62,0.68,0.75,0.69,0.64,0.65,0.62,0.65,0.53,0.53,LB,DEF,2
Andrea Meroni,CB,Italy,0.67,0.47,0.39,0.41,0.45,0.67,0.77,0.43,0.51,0.46,0.62,0.45,0.64,0.78,0.72,0.7,0.67,0.63,0.7,0.64,0.68,0.67,CB,DEF,5
Daniele Mignanelli,LB,Italy,0.67,0.81,0.44,0.55,0.65,0.57,0.65,0.74,0.87,0.77,0.85,0.68,0.65,0.58,0.87,0.56,0.61,0.63,0.6,0.54,0.4,0.58,LB,DEF,1
Lewis Miller,RB,Australia,0.67,0.66,0.43,0.57,0.62,0.65,0.73,0.62,0.7,0.55,0.56,0.62,0.64,0.73,0.74,0.72,0.65,0.67,0.64,0.65,0.61,0.52,RB,DEF,2
Alexander Milošević,CB,Sweden,0.67,0.48,0.53,0.55,0.55,0.66,0.76,0.44,0.52,0.52,0.53,0.54,0.67,0.83,0.65,0.72,0.66,0.67,0.64,0.66,0.67,0.7,CB,DEF,3
Novatus Miroshi,LB,Tanzania,0.67,0.74,0.47,0.63,0.64,0.63,0.73,0.72,0.75,0.71,0.7,0.64,0.63,0.72,0.74,0.76,0.65,0.6,0.62,0.64,0.61,0.65,LB,DEF,2
Sascha Mockenhaupt,CB,Germany,0.67,0.82,0.29,0.45,0.51,0.66,0.78,0.8,0.84,0.59,0.62,0.51,0.66,0.83,0.71,0.86,0.68,0.61,0.67,0.64,0.64,0.49,CB,DEF,2
Lucas Morales,RB,Uruguay,0.67,0.78,0.53,0.54,0.58,0.64,0.74,0.71,0.84,0.62,0.64,0.51,0.63,0.73,0.83,0.76,0.66,0.65,0.6,0.69,0.62,0.68,RB,DEF,2
Martim Fernandes,RB,Portugal,0.67,0.72,0.4,0.54,0.68,0.63,0.57,0.73,0.72,0.63,0.65,0.73,0.68,0.53,0.66,0.6,0.68,0.65,0.57,0.67,0.52,0.62,RB,DEF,1
Carlos Isaac,RB,Spain,0.67,0.74,0.38,0.52,0.6,0.63,0.7,0.73,0.74,0.5,0.6,0.66,0.64,0.75,0.71,0.78,0.63,0.64,0.64,0.62,0.63,0.5,RB,DEF,2
Ivan Näsberg,CB,Norway,0.67,0.65,0.35,0.52,0.55,0.66,0.74,0.62,0.68,0.63,0.6,0.55,0.62,0.79,0.69,0.76,0.69,0.65,0.66,0.64,0.66,0.58,CB,DEF,3
Gerrit Nauber,CB,Germany,0.67,0.44,0.35,0.43,0.47,0.68,0.71,0.43,0.45,0.58,0.61,0.48,0.61,0.77,0.55,0.78,0.68,0.67,0.67,0.68,0.69,0.46,CB,DEF,5
David Nemeth,CB,Austria,0.67,0.53,0.29,0.44,0.43,0.67,0.78,0.5,0.56,0.64,0.49,0.44,0.62,0.9,0.67,0.77,0.67,0.65,0.67,0.67,0.67,0.41,CB,DEF,5
Nathan Ngoy,CB,Belgium,0.67,0.78,0.44,0.49,0.67,0.65,0.73,0.76,0.8,0.66,0.64,0.67,0.64,0.79,0.66,0.75,0.64,0.63,0.66,0.66,0.66,0.69,CB,DEF,2
Branislav Niňaj,CB,Slovakia,0.67,0.45,0.28,0.51,0.41,0.66,0.8,0.38,0.5,0.4,0.5,0.42,0.59,0.86,0.71,0.71,0.65,0.62,0.67,0.69,0.65,0.39,CB,DEF,5
Brooke Norton-Cuffy,RB,England,0.67,0.8,0.39,0.58,0.69,0.6,0.7,0.79,0.8,0.73,0.69,0.66,0.64,0.69,0.73,0.75,0.61,0.63,0.59,0.57,0.59,0.43,RB,DEF,2
Lucas Noubi,CB,Belgium,0.67,0.76,0.21,0.52,0.64,0.64,0.74,0.75,0.76,0.62,0.61,0.66,0.64,0.8,0.65,0.81,0.65,0.63,0.64,0.64,0.63,0.33,CB,DEF,2
Claudio Nuñez,CB,Paraguay,0.67,0.62,0.31,0.51,0.58,0.68,0.65,0.58,0.66,0.53,0.54,0.62,0.6,0.7,0.63,0.69,0.73,0.69,0.65,0.67,0.67,0.25,CB,DEF,5
Álvaro Núñez,RB,Spain,0.67,0.75,0.41,0.62,0.65,0.61,0.68,0.75,0.75,0.7,0.68,0.65,0.63,0.68,0.77,0.65,0.64,0.65,0.61,0.62,0.47,0.5,RB,DEF,2
Ryoya Ogawa,LB,Japan,0.67,0.76,0.55,0.62,0.62,0.62,0.75,0.78,0.75,0.69,0.56,0.63,0.58,0.8,0.73,0.81,0.63,0.62,0.64,0.6,0.59,0.71,LB,DEF,2
Connor Ogilvie,LB,England,0.67,0.69,0.44,0.59,0.61,0.64,0.77,0.68,0.69,0.64,0.66,0.61,0.61,0.78,0.79,0.86,0.64,0.64,0.63,0.63,0.65,0.6,LB,DEF,2
Chima Okoroji,LB,England,0.67,0.86,0.34,0.64,0.67,0.59,0.61,0.84,0.88,0.79,0.76,0.66,0.61,0.56,0.66,0.68,0.61,0.6,0.6,0.6,0.5,0.42,LB,DEF,1
Yllan Okou,CB,France,0.67,0.69,0.31,0.48,0.55,0.66,0.67,0.67,0.7,0.6,0.57,0.57,0.65,0.73,0.51,0.75,0.68,0.65,0.65,0.64,0.67,0.58,CB,DEF,5
Martin Olsson,LB,Sweden,0.67,0.6,0.61,0.65,0.64,0.65,0.72,0.56,0.64,0.61,0.65,0.64,0.65,0.74,0.66,0.7,0.66,0.65,0.66,0.64,0.6,0.73,LB,DEF,2
Óscar Opazo,RB,Chile,0.67,0.76,0.57,0.63,0.67,0.6,0.68,0.72,0.79,0.84,0.82,0.63,0.58,0.65,0.71,0.7,0.62,0.71,0.55,0.61,0.57,0.59,RB,DEF,2
Sergio Otálvaro,RB,Colombia,0.67,0.61,0.54,0.66,0.65,0.66,0.64,0.65,0.58,0.65,0.66,0.67,0.63,0.65,0.61,0.68,0.64,0.66,0.68,0.68,0.6,0.73,RB,DEF,2
Torge Paetow,CB,Germany,0.67,0.59,0.3,0.45,0.51,0.68,0.75,0.56,0.62,0.45,0.47,0.6,0.6,0.82,0.7,0.76,0.71,0.67,0.67,0.64,0.66,0.41,CB,DEF,3
Jeisson Palacios,CB,Colombia,0.67,0.54,0.25,0.48,0.45,0.67,0.72,0.51,0.56,0.48,0.52,0.55,0.61,0.78,0.67,0.73,0.7,0.66,0.65,0.67,0.69,0.32,CB,DEF,5
Liam Palmer,CB,Scotland,0.67,0.68,0.59,0.63,0.64,0.65,0.75,0.7,0.67,0.66,0.67,0.64,0.69,0.77,0.75,0.75,0.66,0.65,0.66,0.65,0.59,0.64,CB,DEF,2
Alexandru Pantea,RB,Romania,0.67,0.88,0.4,0.59,0.62,0.6,0.68,0.87,0.89,0.76,0.76,0.61,0.56,0.61,0.82,0.69,0.62,0.61,0.61,0.6,0.46,0.54,RB,DEF,1
Antonios Papadopoulos,CB,Germany,0.67,0.66,0.3,0.46,0.57,0.64,0.8,0.65,0.66,0.64,0.64,0.58,0.64,0.82,0.75,0.83,0.66,0.63,0.65,0.64,0.55,0.41,CB,DEF,5
Gaëtan Paquiez,RB,France,0.67,0.69,0.45,0.59,0.62,0.63,0.74,0.68,0.7,0.7,0.68,0.61,0.6,0.75,0.81,0.71,0.65,0.64,0.64,0.62,0.55,0.61,RB,DEF,2
Park Soo Il,RB,Korea Republic,0.67,0.79,0.55,0.64,0.66,0.59,0.69,0.8,0.79,0.76,0.77,0.64,0.61,0.68,0.79,0.71,0.63,0.58,0.57,0.59,0.52,0.64,RB,DEF,2
Lóránd Pászka,LB,Hungary,0.67,0.8,0.4,0.64,0.64,0.6,0.56,0.82,0.78,0.71,0.78,0.68,0.64,0.48,0.64,0.59,0.6,0.62,0.62,0.59,0.49,0.51,LB,DEF,1
Nicola Pavan,CB,Italy,0.67,0.62,0.59,0.66,0.66,0.67,0.72,0.61,0.62,0.61,0.63,0.7,0.65,0.72,0.77,0.73,0.66,0.66,0.7,0.62,0.67,0.7,CB,DEF,2
Tim Payne,RB,New Zealand,0.67,0.68,0.56,0.61,0.59,0.62,0.81,0.67,0.68,0.58,0.62,0.6,0.58,0.83,0.83,0.79,0.65,0.63,0.6,0.61,0.63,0.68,RB,DEF,2
Kristian Pedersen,LB,Denmark,0.67,0.55,0.37,0.57,0.61,0.67,0.73,0.54,0.56,0.53,0.48,0.63,0.67,0.76,0.7,0.73,0.67,0.65,0.68,0.66,0.68,0.49,LB,DEF,3
Matthew Pennington,CB,England,0.67,0.64,0.33,0.56,0.52,0.67,0.75,0.6,0.67,0.5,0.58,0.54,0.65,0.78,0.74,0.84,0.67,0.65,0.67,0.66,0.68,0.44,CB,DEF,3
Geisson Perea,CB,Colombia,0.67,0.6,0.28,0.48,0.56,0.67,0.73,0.64,0.56,0.57,0.65,0.61,0.64,0.74,0.7,0.75,0.69,0.65,0.65,0.66,0.69,0.53,CB,DEF,3
Adrian Nilsen Pereira,LB,Norway,0.67,0.81,0.59,0.6,0.67,0.59,0.69,0.81,0.81,0.72,0.79,0.65,0.6,0.63,0.81,0.68,0.61,0.61,0.57,0.61,0.48,0.72,LB,DEF,2
Angel Pérez,RB,Peru,0.67,0.71,0.33,0.48,0.64,0.64,0.65,0.7,0.71,0.67,0.45,0.7,0.58,0.65,0.75,0.71,0.64,0.55,0.65,0.69,0.63,0.31,RB,DEF,1
Jeremy Petris,RB,France,0.67,0.76,0.28,0.5,0.56,0.66,0.62,0.77,0.75,0.59,0.59,0.59,0.67,0.59,0.7,0.66,0.69,0.64,0.67,0.67,0.51,0.25,RB,DEF,1
Tom Pettersson,CB,Sweden,0.67,0.38,0.51,0.58,0.55,0.64,0.8,0.37,0.38,0.52,0.55,0.6,0.65,0.87,0.72,0.72,0.63,0.62,0.65,0.65,0.68,0.62,CB,DEF,3
Simon Piesinger,CB,Austria,0.67,0.33,0.52,0.6,0.56,0.66,0.79,0.34,0.32,0.34,0.4,0.65,0.61,0.87,0.73,0.71,0.66,0.6,0.67,0.67,0.7,0.69,CB,DEF,3
Shaquille Pinas,LB,Suriname,0.67,0.75,0.53,0.59,0.63,0.64,0.72,0.74,0.75,0.75,0.67,0.63,0.63,0.72,0.72,0.75,0.66,0.64,0.64,0.63,0.58,0.56,LB,DEF,2
Morgan Poaty,LB,Congo,0.67,0.86,0.49,0.52,0.65,0.63,0.73,0.87,0.86,0.86,0.71,0.62,0.6,0.71,0.8,0.82,0.65,0.63,0.63,0.61,0.6,0.55,LB,DEF,2
Pomares,LB,Spain,0.67,0.68,0.56,0.61,0.61,0.64,0.68,0.66,0.7,0.65,0.55,0.64,0.62,0.69,0.65,0.71,0.66,0.65,0.62,0.63,0.64,0.65,LB,DEF,2
Fabio Ponsi,RB,Italy,0.67,0.72,0.5,0.58,0.64,0.63,0.73,0.7,0.73,0.75,0.59,0.63,0.66,0.74,0.81,0.71,0.64,0.64,0.63,0.64,0.55,0.66,RB,DEF,2
Marvin Potzmann,RB,Austria,0.67,0.71,0.62,0.61,0.67,0.64,0.7,0.72,0.7,0.72,0.72,0.66,0.62,0.73,0.67,0.74,0.65,0.64,0.65,0.66,0.56,0.71,RB,DEF,2
Andreas Poulsen,LB,Denmark,0.67,0.64,0.44,0.6,0.66,0.64,0.71,0.68,0.61,0.65,0.55,0.68,0.64,0.78,0.65,0.71,0.66,0.64,0.66,0.65,0.54,0.48,LB,DEF,2
Oliver Provstgaard,CB,Denmark,0.67,0.66,0.39,0.52,0.57,0.65,0.77,0.65,0.67,0.53,0.6,0.61,0.64,0.82,0.72,0.79,0.66,0.63,0.64,0.63,0.66,0.58,CB,DEF,3
Raffaele Pucino,RB,Italy,0.67,0.75,0.45,0.55,0.65,0.62,0.71,0.72,0.78,0.78,0.8,0.63,0.65,0.68,0.82,0.73,0.62,0.62,0.61,0.62,0.6,0.55,RB,DEF,2
Giacomo Quagliata,LB,Italy,0.67,0.81,0.4,0.54,0.64,0.62,0.65,0.86,0.76,0.81,0.71,0.62,0.62,0.56,0.78,0.66,0.65,0.66,0.61,0.62,0.48,0.48,LB,DEF,1
Quintillà,LB,Spain,0.67,0.7,0.53,0.62,0.66,0.64,0.64,0.71,0.69,0.69,0.62,0.66,0.66,0.59,0.7,0.7,0.65,0.63,0.64,0.64,0.64,0.65,LB,DEF,2
Uroš Radaković,CB,Serbia,0.67,0.52,0.33,0.45,0.46,0.67,0.74,0.51,0.52,0.54,0.33,0.54,0.63,0.85,0.54,0.68,0.67,0.65,0.67,0.66,0.69,0.48,CB,DEF,5
Jackson Ragen,CB,United States,0.67,0.46,0.23,0.5,0.41,0.65,0.77,0.47,0.45,0.4,0.33,0.5,0.69,0.85,0.65,0.73,0.66,0.66,0.68,0.6,0.66,0.32,CB,DEF,5
Sean Raggett,CB,England,0.67,0.51,0.42,0.43,0.45,0.66,0.84,0.48,0.54,0.32,0.28,0.5,0.58,0.92,0.78,0.69,0.65,0.64,0.68,0.62,0.69,0.63,CB,DEF,5
Alex Rambal,CB,Colombia,0.67,0.55,0.38,0.5,0.58,0.67,0.67,0.54,0.55,0.61,0.55,0.65,0.62,0.72,0.57,0.7,0.72,0.7,0.66,0.62,0.66,0.53,CB,DEF,3
Raimundo Rebolledo,RB,Chile,0.67,0.72,0.26,0.54,0.65,0.63,0.63,0.69,0.74,0.72,0.73,0.65,0.62,0.6,0.72,0.66,0.65,0.63,0.64,0.59,0.58,0.24,RB,DEF,1
Luciano Recalde,CB,Argentina,0.67,0.52,0.29,0.42,0.51,0.69,0.7,0.49,0.55,0.5,0.63,0.59,0.64,0.73,0.72,0.68,0.72,0.67,0.69,0.66,0.66,0.45,CB,DEF,3
Alex Redolfi,CB,Italy,0.67,0.57,0.35,0.44,0.46,0.68,0.76,0.55,0.58,0.56,0.5,0.48,0.52,0.8,0.75,0.75,0.67,0.7,0.7,0.65,0.7,0.51,CB,DEF,5
Nuno Lima,CB,Portugal,0.67,0.64,0.31,0.41,0.43,0.68,0.68,0.62,0.66,0.57,0.62,0.45,0.61,0.71,0.6,0.73,0.71,0.69,0.66,0.67,0.66,0.46,CB,DEF,5
Marco Rente,CB,Germany,0.67,0.83,0.29,0.45,0.51,0.66,0.75,0.8,0.86,0.59,0.54,0.55,0.57,0.82,0.7,0.84,0.67,0.64,0.67,0.65,0.6,0.41,CB,DEF,5
Edisson Restrepo,CB,Colombia,0.67,0.8,0.29,0.52,0.49,0.68,0.7,0.8,0.8,0.62,0.72,0.49,0.56,0.72,0.72,0.87,0.7,0.65,0.68,0.63,0.74,0.34,CB,DEF,2
Giacomo Ricci,LB,Italy,0.67,0.63,0.34,0.55,0.62,0.65,0.66,0.61,0.64,0.68,0.69,0.63,0.61,0.66,0.79,0.59,0.69,0.7,0.67,0.62,0.48,0.35,LB,DEF,1
Josh Risdon,RB,Australia,0.67,0.74,0.48,0.58,0.62,0.63,0.8,0.7,0.77,0.6,0.87,0.62,0.54,0.81,0.85,0.73,0.69,0.68,0.59,0.63,0.52,0.5,RB,DEF,2
Lars Ritzka,LB,Germany,0.67,0.69,0.46,0.61,0.63,0.62,0.68,0.75,0.64,0.66,0.68,0.64,0.61,0.68,0.78,0.69,0.63,0.65,0.61,0.63,0.52,0.65,LB,DEF,2
Blás Riveros,LB,Paraguay,0.67,0.78,0.36,0.59,0.71,0.59,0.66,0.76,0.8,0.83,0.77,0.7,0.62,0.67,0.71,0.62,0.65,0.65,0.59,0.57,0.41,0.44,LB,DEF,1
Haydon Roberts,LB,England,0.67,0.71,0.47,0.62,0.67,0.64,0.68,0.73,0.7,0.7,0.72,0.67,0.59,0.71,0.68,0.76,0.66,0.62,0.64,0.65,0.6,0.52,LB,DEF,2
Matías Rocha,CB,Uruguay,0.67,0.61,0.51,0.56,0.57,0.67,0.71,0.55,0.66,0.65,0.62,0.58,0.64,0.78,0.64,0.72,0.69,0.67,0.68,0.63,0.62,0.53,CB,DEF,3
Rúben Lima,CB,Portugal,0.67,0.6,0.56,0.66,0.67,0.67,0.66,0.54,0.65,0.65,0.66,0.7,0.66,0.66,0.64,0.65,0.68,0.64,0.67,0.7,0.63,0.62,CB,DEF,2
Luís Rocha,CB,Portugal,0.67,0.34,0.31,0.36,0.38,0.68,0.69,0.32,0.36,0.34,0.51,0.43,0.69,0.86,0.32,0.75,0.66,0.62,0.72,0.63,0.75,0.48,CB,DEF,5
Rodrigues,CB,Brazil,0.67,0.67,0.39,0.44,0.45,0.67,0.73,0.65,0.68,0.49,0.52,0.52,0.67,0.8,0.71,0.77,0.7,0.68,0.67,0.63,0.64,0.61,CB,DEF,3
Ignacio Rodríguez,CB,Uruguay,0.67,0.49,0.28,0.3,0.33,0.7,0.74,0.35,0.61,0.31,0.48,0.42,0.52,0.85,0.54,0.75,0.7,0.65,0.75,0.63,0.72,0.3,CB,DEF,5
Maximiliano Rodríguez,RB,Argentina,0.67,0.72,0.47,0.59,0.57,0.66,0.6,0.69,0.74,0.61,0.9,0.6,0.69,0.6,0.51,0.68,0.68,0.72,0.66,0.61,0.6,0.55,RB,DEF,2
Tachi,CB,Spain,0.67,0.51,0.29,0.46,0.48,0.68,0.58,0.43,0.57,0.32,0.54,0.61,0.6,0.67,0.33,0.69,0.71,0.7,0.63,0.64,0.75,0.41,CB,DEF,5
Alberto,CB,Spain,0.67,0.54,0.35,0.5,0.47,0.68,0.7,0.54,0.54,0.55,0.59,0.55,0.57,0.73,0.65,0.76,0.67,0.7,0.66,0.68,0.74,0.58,CB,DEF,3
Alvaro Rodríguez,RB,Spain,0.67,0.58,0.43,0.62,0.61,0.65,0.67,0.62,0.55,0.59,0.64,0.66,0.64,0.66,0.69,0.68,0.66,0.65,0.65,0.66,0.6,0.53,RB,DEF,2
Filippo Romagna,CB,Italy,0.67,0.35,0.32,0.49,0.56,0.7,0.57,0.39,0.32,0.63,0.63,0.58,0.63,0.67,0.3,0.61,0.7,0.7,0.73,0.67,0.64,0.48,CB,DEF,5
Fernando Román,LB,Paraguay,0.67,0.78,0.45,0.55,0.62,0.63,0.62,0.79,0.77,0.72,0.65,0.58,0.59,0.59,0.7,0.67,0.65,0.69,0.67,0.54,0.54,0.61,LB,DEF,1
Tuur Rommens,LB,Belgium,0.67,0.69,0.41,0.6,0.67,0.61,0.63,0.64,0.73,0.72,0.59,0.66,0.61,0.64,0.66,0.65,0.69,0.69,0.53,0.58,0.55,0.45,LB,DEF,1
Frank Ronstadt,RB,Germany,0.67,0.76,0.51,0.59,0.66,0.61,0.67,0.75,0.76,0.71,0.74,0.66,0.63,0.69,0.67,0.71,0.64,0.65,0.61,0.59,0.55,0.66,RB,DEF,2
Ros,CB,Spain,0.67,0.68,0.47,0.59,0.59,0.67,0.69,0.71,0.65,0.7,0.56,0.62,0.63,0.69,0.71,0.76,0.68,0.67,0.65,0.69,0.7,0.59,CB,DEF,2
Guille Rosas,RB,Spain,0.67,0.78,0.39,0.57,0.66,0.61,0.73,0.77,0.79,0.73,0.78,0.62,0.6,0.65,0.81,0.74,0.61,0.62,0.62,0.59,0.6,0.45,RB,DEF,2
Damian Roßbach,CB,Germany,0.67,0.56,0.37,0.5,0.47,0.68,0.75,0.53,0.58,0.49,0.53,0.47,0.62,0.78,0.69,0.77,0.68,0.66,0.68,0.65,0.71,0.52,CB,DEF,3
Raphael Rossi,CB,Brazil,0.67,0.76,0.37,0.48,0.54,0.64,0.8,0.72,0.8,0.52,0.73,0.6,0.6,0.84,0.76,0.84,0.65,0.6,0.62,0.64,0.67,0.33,CB,DEF,2
Alexander Rossipal,LB,Germany,0.67,0.61,0.46,0.6,0.62,0.65,0.7,0.74,0.51,0.65,0.67,0.62,0.63,0.75,0.79,0.78,0.67,0.62,0.64,0.64,0.63,0.6,LB,DEF,2
Slobodan Rubežić,CB,Montenegro,0.67,0.59,0.27,0.32,0.46,0.67,0.81,0.57,0.6,0.36,0.66,0.48,0.48,0.89,0.72,0.79,0.68,0.64,0.62,0.7,0.77,0.4,CB,DEF,5
Kevin Rüegg,RB,Switzerland,0.67,0.78,0.57,0.64,0.67,0.62,0.7,0.76,0.79,0.7,0.78,0.67,0.6,0.74,0.59,0.8,0.65,0.65,0.6,0.6,0.64,0.68,RB,DEF,2
Salva Ruíz,LB,Spain,0.67,0.72,0.3,0.62,0.61,0.64,0.67,0.7,0.73,0.64,0.62,0.63,0.58,0.69,0.63,0.65,0.68,0.65,0.64,0.66,0.51,0.41,LB,DEF,1
Adrian Rus,CB,Romania,0.67,0.72,0.47,0.54,0.59,0.66,0.73,0.73,0.71,0.66,0.65,0.6,0.63,0.76,0.68,0.8,0.66,0.68,0.65,0.65,0.64,0.56,CB,DEF,2
Lars Sætra,CB,Norway,0.67,0.33,0.37,0.51,0.48,0.65,0.79,0.32,0.33,0.31,0.31,0.63,0.63,0.91,0.63,0.7,0.65,0.62,0.65,0.66,0.64,0.57,CB,DEF,3
Anass Salah-Eddine,LB,Holland,0.67,0.74,0.35,0.65,0.69,0.62,0.66,0.75,0.74,0.69,0.66,0.69,0.63,0.65,0.68,0.68,0.65,0.63,0.62,0.61,0.53,0.45,LB,DEF,2
Aldair Salazar,CB,Peru,0.67,0.72,0.56,0.57,0.66,0.67,0.72,0.73,0.72,0.75,0.64,0.66,0.67,0.73,0.77,0.79,0.67,0.65,0.66,0.68,0.68,0.57,CB,DEF,2
Salinas,LB,Spain,0.67,0.74,0.4,0.56,0.64,0.63,0.61,0.72,0.76,0.66,0.65,0.66,0.61,0.54,0.73,0.64,0.64,0.66,0.62,0.62,0.57,0.35,LB,DEF,1
Benedikt Saller,LB,Germany,0.67,0.79,0.51,0.61,0.64,0.63,0.67,0.73,0.83,0.74,0.74,0.62,0.63,0.65,0.71,0.71,0.66,0.62,0.61,0.63,0.59,0.59,LB,DEF,2
Emil Salomonsson,RB,Sweden,0.67,0.68,0.65,0.65,0.65,0.63,0.69,0.64,0.71,0.7,0.61,0.65,0.66,0.7,0.77,0.65,0.64,0.63,0.66,0.63,0.53,0.7,RB,DEF,2
Dion Sanderson,CB,England,0.67,0.67,0.4,0.54,0.58,0.66,0.73,0.66,0.68,0.66,0.53,0.57,0.64,0.74,0.67,0.74,0.68,0.66,0.64,0.68,0.64,0.45,CB,DEF,3
Veysel Sarı,CB,Turkey,0.67,0.48,0.52,0.55,0.5,0.67,0.76,0.47,0.48,0.51,0.55,0.53,0.62,0.81,0.73,0.73,0.67,0.7,0.67,0.63,0.69,0.75,CB,DEF,3
Anthony Sauthier,RB,Switzerland,0.67,0.59,0.54,0.66,0.62,0.66,0.67,0.56,0.61,0.63,0.65,0.65,0.64,0.67,0.71,0.64,0.67,0.65,0.67,0.67,0.58,0.73,RB,DEF,2
Jonathan Scherzer,LB,Austria,0.67,0.65,0.42,0.63,0.63,0.64,0.73,0.62,0.67,0.68,0.69,0.64,0.63,0.76,0.71,0.71,0.64,0.64,0.65,0.65,0.57,0.54,LB,DEF,2
Raphael Schifferl,CB,Austria,0.67,0.58,0.31,0.47,0.47,0.65,0.77,0.52,0.63,0.45,0.39,0.59,0.64,0.83,0.7,0.75,0.65,0.63,0.63,0.67,0.67,0.6,CB,DEF,5
Joël Schingtienne,CB,Belgium,0.67,0.66,0.25,0.48,0.4,0.69,0.69,0.64,0.68,0.49,0.56,0.48,0.64,0.71,0.7,0.72,0.72,0.68,0.69,0.68,0.63,0.4,CB,DEF,5
Kenneth Schmidt,CB,Germany,0.67,0.77,0.26,0.49,0.52,0.67,0.7,0.76,0.77,0.65,0.54,0.57,0.61,0.75,0.62,0.8,0.7,0.65,0.66,0.67,0.62,0.35,CB,DEF,5
Michael Schultz,CB,Germany,0.67,0.42,0.26,0.44,0.51,0.66,0.76,0.39,0.44,0.33,0.32,0.56,0.63,0.86,0.64,0.64,0.67,0.62,0.66,0.63,0.69,0.4,CB,DEF,5
Till Schumacher,LB,Germany,0.67,0.73,0.48,0.62,0.64,0.61,0.55,0.79,0.68,0.73,0.75,0.65,0.61,0.39,0.81,0.58,0.64,0.62,0.6,0.61,0.56,0.57,LB,DEF,1
Marcel Seegert,CB,Germany,0.67,0.54,0.42,0.53,0.58,0.65,0.74,0.56,0.52,0.57,0.62,0.61,0.62,0.78,0.66,0.82,0.66,0.68,0.65,0.63,0.67,0.59,CB,DEF,3
Shi Ke,CB,China PR,0.67,0.67,0.27,0.44,0.48,0.66,0.76,0.69,0.66,0.65,0.74,0.56,0.73,0.8,0.78,0.78,0.67,0.66,0.68,0.64,0.63,0.46,CB,DEF,3
Shin Kwang Hoon,RB,Korea Republic,0.67,0.62,0.54,0.62,0.63,0.65,0.68,0.68,0.57,0.66,0.73,0.67,0.65,0.68,0.73,0.67,0.67,0.62,0.64,0.68,0.55,0.63,RB,DEF,2
Grego Sierra,CB,Spain,0.67,0.52,0.5,0.53,0.57,0.68,0.71,0.51,0.52,0.5,0.63,0.65,0.69,0.8,0.68,0.72,0.69,0.67,0.66,0.69,0.65,0.49,CB,DEF,3
Marcelo Silva,CB,Uruguay,0.67,0.32,0.38,0.51,0.53,0.64,0.78,0.33,0.31,0.51,0.53,0.57,0.62,0.9,0.57,0.71,0.64,0.62,0.64,0.64,0.65,0.61,CB,DEF,3
Alpha Sissoko,RB,France,0.67,0.77,0.33,0.56,0.6,0.62,0.68,0.79,0.76,0.65,0.77,0.61,0.6,0.65,0.71,0.75,0.63,0.63,0.62,0.62,0.6,0.37,RB,DEF,1
Mateusz Skrzypczak,CB,Poland,0.67,0.56,0.35,0.5,0.46,0.68,0.75,0.55,0.56,0.5,0.56,0.56,0.61,0.73,0.8,0.7,0.7,0.68,0.68,0.67,0.64,0.48,CB,DEF,3
Nikola Soldo,CB,Croatia,0.67,0.6,0.31,0.54,0.54,0.68,0.69,0.53,0.66,0.52,0.54,0.52,0.65,0.76,0.61,0.77,0.7,0.66,0.66,0.66,0.71,0.6,CB,DEF,3
Lasse Sørensen,RB,Denmark,0.67,0.74,0.56,0.61,0.63,0.61,0.68,0.73,0.75,0.6,0.57,0.64,0.63,0.65,0.78,0.71,0.63,0.62,0.6,0.6,0.59,0.62,RB,DEF,2
Adam Sørensen,LB,Denmark,0.67,0.91,0.46,0.62,0.69,0.56,0.6,0.9,0.91,0.81,0.85,0.67,0.62,0.5,0.83,0.6,0.58,0.57,0.58,0.56,0.44,0.54,LB,DEF,1
Lucas Souto,RB,Argentina,0.67,0.7,0.3,0.49,0.65,0.64,0.68,0.69,0.71,0.72,0.69,0.64,0.58,0.64,0.81,0.56,0.7,0.67,0.66,0.63,0.4,0.3,RB,DEF,1
Felipe Abner,LB,Brazil,0.67,0.77,0.48,0.6,0.69,0.62,0.63,0.75,0.78,0.75,0.79,0.65,0.6,0.61,0.67,0.66,0.63,0.65,0.59,0.66,0.52,0.71,LB,DEF,2
Adrían Spörle,LB,Argentina,0.67,0.73,0.55,0.59,0.63,0.63,0.71,0.71,0.74,0.66,0.53,0.62,0.6,0.7,0.73,0.71,0.65,0.67,0.62,0.63,0.56,0.61,LB,DEF,2
Gianni Stensness,CB,Australia,0.67,0.53,0.41,0.55,0.58,0.65,0.79,0.54,0.52,0.55,0.54,0.62,0.63,0.8,0.84,0.74,0.67,0.65,0.64,0.62,0.68,0.51,CB,DEF,3
Basil Stillhart,CB,Switzerland,0.67,0.65,0.61,0.66,0.65,0.64,0.79,0.67,0.63,0.67,0.75,0.66,0.7,0.81,0.82,0.79,0.64,0.65,0.63,0.65,0.64,0.65,CB,DEF,2
Ryan Strain,RB,Australia,0.67,0.78,0.5,0.63,0.66,0.61,0.73,0.81,0.76,0.75,0.75,0.65,0.62,0.71,0.8,0.77,0.63,0.6,0.61,0.6,0.55,0.68,RB,DEF,2
Martin Suchomel,LB,Czech Republic,0.67,0.7,0.38,0.55,0.6,0.64,0.73,0.68,0.71,0.65,0.52,0.62,0.63,0.73,0.68,0.75,0.63,0.64,0.62,0.66,0.67,0.63,LB,DEF,2
Marin Šverko,CB,Croatia,0.67,0.66,0.37,0.55,0.6,0.66,0.76,0.64,0.68,0.59,0.62,0.61,0.61,0.83,0.7,0.78,0.7,0.67,0.65,0.64,0.64,0.56,CB,DEF,3
Caleb Taylor,CB,England,0.67,0.56,0.35,0.41,0.45,0.68,0.71,0.52,0.59,0.38,0.57,0.48,0.64,0.76,0.69,0.8,0.69,0.66,0.69,0.68,0.66,0.52,CB,DEF,5
Bjarne Thoelke,CB,Germany,0.67,0.34,0.34,0.45,0.53,0.68,0.68,0.34,0.34,0.38,0.41,0.55,0.67,0.85,0.36,0.7,0.7,0.65,0.68,0.65,0.69,0.57,CB,DEF,3
Mads Døhr Thychosen,RB,Denmark,0.67,0.7,0.55,0.58,0.62,0.65,0.74,0.67,0.72,0.64,0.68,0.62,0.62,0.77,0.74,0.77,0.68,0.67,0.59,0.66,0.67,0.64,RB,DEF,2
Valentin Țicu,LB,Romania,0.67,0.79,0.53,0.64,0.62,0.59,0.73,0.8,0.78,0.72,0.82,0.6,0.65,0.66,0.85,0.73,0.63,0.63,0.58,0.54,0.55,0.69,LB,DEF,2
Mickaël Tirpan,RB,Turkey,0.67,0.72,0.53,0.61,0.62,0.65,0.68,0.73,0.72,0.71,0.69,0.62,0.62,0.63,0.73,0.72,0.63,0.62,0.65,0.68,0.63,0.58,RB,DEF,2
Kristers Tobers,CB,Latvia,0.67,0.54,0.42,0.54,0.5,0.67,0.73,0.55,0.54,0.44,0.46,0.58,0.61,0.75,0.71,0.7,0.67,0.72,0.69,0.67,0.6,0.51,CB,DEF,3
David Torres,CB,Spain,0.67,0.59,0.27,0.54,0.47,0.68,0.66,0.54,0.63,0.47,0.71,0.64,0.6,0.71,0.6,0.69,0.7,0.66,0.67,0.69,0.64,0.47,CB,DEF,5
Anders Trondsen,LB,Norway,0.67,0.73,0.65,0.66,0.67,0.62,0.71,0.74,0.73,0.79,0.74,0.67,0.63,0.7,0.73,0.69,0.65,0.63,0.61,0.63,0.52,0.77,LB,DEF,2
Derrick Katuku Tshimanga,LB,Belgium,0.67,0.84,0.56,0.59,0.67,0.62,0.64,0.82,0.85,0.77,0.72,0.63,0.66,0.61,0.65,0.74,0.65,0.66,0.61,0.57,0.58,0.64,LB,DEF,2
Maximilian Ullmann,LB,Austria,0.67,0.82,0.59,0.61,0.66,0.6,0.71,0.83,0.82,0.79,0.81,0.63,0.61,0.65,0.89,0.78,0.62,0.58,0.58,0.58,0.63,0.66,LB,DEF,2
Finn van Breemen,CB,Holland,0.67,0.59,0.31,0.5,0.55,0.66,0.7,0.55,0.62,0.58,0.58,0.64,0.6,0.67,0.74,0.68,0.65,0.64,0.69,0.64,0.7,0.4,CB,DEF,5
Dario Van den Buijs,CB,Belgium,0.67,0.56,0.54,0.61,0.58,0.67,0.7,0.55,0.57,0.53,0.61,0.64,0.66,0.76,0.67,0.73,0.66,0.65,0.69,0.67,0.66,0.73,CB,DEF,3
Jasper van der Werff,CB,Switzerland,0.67,0.6,0.29,0.49,0.58,0.67,0.69,0.6,0.6,0.66,0.59,0.57,0.64,0.74,0.62,0.72,0.67,0.64,0.68,0.69,0.64,0.33,CB,DEF,5
Alec Van Hoorenbeeck,CB,Belgium,0.67,0.59,0.29,0.52,0.59,0.66,0.7,0.53,0.64,0.62,0.61,0.62,0.62,0.72,0.65,0.71,0.67,0.65,0.64,0.67,0.7,0.41,CB,DEF,5
Nilton Varela,LB,Portugal,0.67,0.73,0.51,0.56,0.67,0.64,0.69,0.74,0.73,0.7,0.69,0.66,0.62,0.71,0.67,0.74,0.65,0.66,0.63,0.65,0.58,0.56,LB,DEF,2
Jefre Vargas,RB,Venezuela,0.67,0.77,0.5,0.58,0.63,0.62,0.66,0.81,0.73,0.61,0.64,0.61,0.65,0.69,0.72,0.65,0.65,0.61,0.65,0.64,0.41,0.5,RB,DEF,2
Brayan Véjar,LB,Chile,0.67,0.89,0.51,0.61,0.7,0.58,0.68,0.92,0.86,0.81,0.78,0.66,0.6,0.66,0.81,0.72,0.63,0.59,0.57,0.58,0.47,0.59,LB,DEF,2
Pedro Velurtas,RB,Argentina,0.67,0.8,0.55,0.6,0.63,0.64,0.57,0.81,0.79,0.8,0.6,0.6,0.56,0.46,0.71,0.69,0.67,0.66,0.65,0.52,0.7,0.56,RB,DEF,1
Michael Venturi,CB,Italy,0.67,0.51,0.48,0.6,0.61,0.7,0.54,0.58,0.46,0.57,0.55,0.63,0.62,0.6,0.32,0.66,0.73,0.69,0.72,0.66,0.65,0.59,CB,DEF,3
Nikolas Veratschnig,RB,Austria,0.67,0.75,0.52,0.6,0.65,0.61,0.71,0.7,0.79,0.71,0.65,0.65,0.63,0.69,0.77,0.66,0.65,0.63,0.6,0.61,0.53,0.61,RB,DEF,2
Davide Veroli,LB,Italy,0.67,0.71,0.43,0.54,0.59,0.67,0.71,0.7,0.71,0.55,0.63,0.61,0.63,0.73,0.68,0.76,0.68,0.66,0.68,0.65,0.69,0.6,LB,DEF,2
Carlos Vivas,CB,Venezuela,0.67,0.6,0.22,0.47,0.45,0.67,0.64,0.57,0.62,0.58,0.57,0.65,0.66,0.64,0.59,0.67,0.66,0.64,0.63,0.77,0.67,0.28,CB,DEF,5
Joe Ward,RB,England,0.67,0.82,0.56,0.64,0.69,0.59,0.6,0.8,0.83,0.87,0.88,0.64,0.66,0.54,0.78,0.64,0.6,0.58,0.6,0.59,0.51,0.58,RB,DEF,1
Joel Waterman,CB,Canada,0.67,0.41,0.33,0.58,0.51,0.67,0.73,0.34,0.47,0.33,0.36,0.58,0.69,0.78,0.64,0.65,0.68,0.62,0.7,0.66,0.61,0.39,CB,DEF,3
Wei Zhen,CB,China PR,0.67,0.66,0.34,0.54,0.54,0.66,0.72,0.66,0.66,0.61,0.68,0.58,0.64,0.74,0.69,0.75,0.7,0.66,0.66,0.62,0.66,0.4,CB,DEF,5
Erik Wekesser,LB,Germany,0.67,0.74,0.63,0.63,0.66,0.62,0.72,0.75,0.73,0.67,0.67,0.67,0.64,0.74,0.68,0.77,0.63,0.62,0.6,0.62,0.6,0.66,LB,DEF,2
Jordan Williams,RB,England,0.67,0.73,0.46,0.57,0.65,0.64,0.71,0.74,0.72,0.69,0.67,0.63,0.65,0.67,0.79,0.82,0.64,0.63,0.64,0.64,0.61,0.45,RB,DEF,2
Kane Wilson,RB,England,0.67,0.85,0.52,0.6,0.7,0.57,0.7,0.86,0.84,0.8,0.74,0.67,0.62,0.65,0.88,0.73,0.59,0.57,0.58,0.57,0.52,0.52,RB,DEF,2
Joshua Wilson-Esbrand,LB,England,0.67,0.81,0.41,0.6,0.69,0.62,0.58,0.8,0.82,0.77,0.85,0.64,0.6,0.55,0.62,0.66,0.69,0.67,0.55,0.63,0.51,0.54,LB,DEF,1
Henry Wingo,CB,United States,0.67,0.72,0.55,0.64,0.66,0.67,0.7,0.75,0.7,0.76,0.78,0.65,0.68,0.72,0.68,0.77,0.67,0.65,0.7,0.69,0.6,0.71,CB,DEF,2
Robin Yalçın,RB,Germany,0.67,0.61,0.46,0.62,0.68,0.67,0.67,0.63,0.59,0.67,0.66,0.69,0.68,0.71,0.66,0.7,0.67,0.67,0.68,0.67,0.59,0.59,RB,DEF,2
Andy Yiadom,RB,Ghana,0.67,0.75,0.52,0.59,0.65,0.62,0.77,0.74,0.76,0.75,0.76,0.62,0.63,0.74,0.79,0.77,0.62,0.63,0.62,0.62,0.6,0.57,RB,DEF,2
Héctor Yuste,CB,Spain,0.67,0.52,0.52,0.62,0.57,0.66,0.77,0.5,0.54,0.52,0.66,0.6,0.64,0.82,0.74,0.73,0.7,0.57,0.65,0.69,0.63,0.64,CB,DEF,3
Gjoko Zajkov,CB,North Macedonia,0.67,0.5,0.24,0.47,0.47,0.68,0.71,0.45,0.54,0.52,0.59,0.5,0.64,0.8,0.57,0.71,0.67,0.64,0.71,0.67,0.67,0.42,CB,DEF,5
Luca Zander,RB,Germany,0.67,0.76,0.37,0.57,0.62,0.63,0.65,0.81,0.72,0.7,0.64,0.64,0.64,0.64,0.65,0.72,0.67,0.64,0.62,0.61,0.54,0.46,RB,DEF,2
Luis Zárate,CB,Paraguay,0.67,0.59,0.25,0.4,0.46,0.69,0.72,0.63,0.55,0.41,0.58,0.5,0.61,0.75,0.7,0.75,0.7,0.68,0.71,0.64,0.7,0.34,CB,DEF,5
Sean Zawadzki,CB,United States,0.67,0.73,0.5,0.58,0.65,0.66,0.7,0.7,0.75,0.56,0.69,0.68,0.65,0.7,0.71,0.73,0.67,0.64,0.66,0.67,0.65,0.6,CB,DEF,2
Jean Zimmer,RB,Germany,0.67,0.86,0.59,0.59,0.68,0.58,0.64,0.86,0.86,0.82,0.85,0.65,0.63,0.58,0.75,0.62,0.61,0.61,0.61,0.58,0.4,0.76,RB,DEF,1
Talys,LB,Brazil,0.66,0.72,0.43,0.54,0.64,0.61,0.72,0.7,0.73,0.63,0.62,0.66,0.59,0.77,0.72,0.71,0.65,0.64,0.6,0.61,0.51,0.6,LB,DEF,2
Abdel Hakim Abdallah,LB,Netherlands,0.66,0.81,0.4,0.57,0.65,0.6,0.68,0.84,0.78,0.89,0.88,0.66,0.53,0.66,0.81,0.79,0.62,0.6,0.58,0.6,0.63,0.55,LB,DEF,2
Dawid Abramowicz,LB,Poland,0.66,0.75,0.58,0.64,0.55,0.59,0.79,0.73,0.76,0.59,0.58,0.55,0.62,0.77,0.92,0.67,0.61,0.58,0.61,0.6,0.43,0.66,LB,DEF,2
Lalas Abubakar,CB,Ghana,0.66,0.55,0.32,0.49,0.5,0.64,0.79,0.43,0.65,0.56,0.48,0.58,0.61,0.86,0.7,0.72,0.65,0.62,0.63,0.63,0.63,0.37,CB,DEF,5
Emanuel Aiwu,CB,Austria,0.66,0.7,0.42,0.51,0.56,0.63,0.76,0.68,0.72,0.69,0.62,0.62,0.64,0.78,0.73,0.76,0.7,0.68,0.56,0.63,0.6,0.55,CB,DEF,2
Takahiro Akimoto,LB,Japan,0.66,0.77,0.65,0.62,0.67,0.58,0.72,0.82,0.73,0.76,0.8,0.64,0.62,0.68,0.81,0.78,0.58,0.56,0.59,0.56,0.62,0.68,LB,DEF,2
Awn Al Bishi,CB,Saudi Arabia,0.66,0.66,0.38,0.45,0.39,0.66,0.7,0.62,0.69,0.49,0.33,0.45,0.66,0.79,0.61,0.75,0.66,0.69,0.65,0.68,0.63,0.54,CB,DEF,5
Nasser Al Dawsari,LB,Saudi Arabia,0.66,0.68,0.6,0.69,0.68,0.59,0.59,0.66,0.69,0.79,0.67,0.68,0.6,0.58,0.65,0.6,0.6,0.61,0.59,0.62,0.52,0.7,LB,DEF,1
Mohammed Al Fatil,CB,Saudi Arabia,0.66,0.58,0.3,0.49,0.49,0.66,0.68,0.63,0.54,0.61,0.57,0.6,0.6,0.72,0.63,0.83,0.67,0.63,0.65,0.65,0.69,0.43,CB,DEF,5
Radhi Al Otaibi,RB,Saudi Arabia,0.66,0.87,0.45,0.6,0.65,0.56,0.63,0.88,0.87,0.79,0.79,0.66,0.59,0.57,0.85,0.67,0.6,0.6,0.56,0.54,0.47,0.49,RB,DEF,1
Hamdan Al Shamrani,LB,Saudi Arabia,0.66,0.92,0.54,0.53,0.61,0.57,0.77,0.93,0.91,0.78,0.54,0.6,0.54,0.72,0.83,0.94,0.58,0.65,0.51,0.57,0.64,0.62,LB,DEF,2
Sofiane Alakouch,RB,Morocco,0.66,0.71,0.43,0.62,0.65,0.62,0.64,0.72,0.71,0.76,0.75,0.63,0.63,0.63,0.69,0.66,0.64,0.63,0.62,0.64,0.52,0.62,RB,DEF,2
Ajibola Alese,LB,England,0.66,0.75,0.33,0.52,0.6,0.66,0.74,0.71,0.79,0.56,0.59,0.58,0.59,0.8,0.67,0.8,0.68,0.63,0.67,0.65,0.62,0.43,LB,DEF,2
Altimira,RB,Spain,0.66,0.65,0.42,0.61,0.63,0.63,0.58,0.66,0.64,0.58,0.8,0.64,0.65,0.56,0.7,0.65,0.66,0.63,0.6,0.63,0.63,0.21,RB,DEF,1
Frederic Ananou,RB,Togo,0.66,0.86,0.44,0.51,0.63,0.62,0.73,0.81,0.9,0.68,0.63,0.61,0.59,0.77,0.69,0.84,0.64,0.61,0.62,0.59,0.62,0.5,RB,DEF,2
Hugo Andersson,CB,Sweden,0.66,0.43,0.29,0.46,0.48,0.66,0.74,0.41,0.44,0.36,0.33,0.58,0.58,0.83,0.63,0.71,0.68,0.67,0.68,0.59,0.66,0.44,CB,DEF,5
Oscar Añez,RB,Bolivia,0.66,0.79,0.53,0.56,0.65,0.61,0.69,0.8,0.78,0.79,0.77,0.64,0.65,0.71,0.79,0.74,0.61,0.58,0.62,0.64,0.53,0.6,RB,DEF,2
Hugo Ángeles,LB,Peru,0.66,0.79,0.36,0.37,0.63,0.65,0.56,0.78,0.79,0.66,0.76,0.61,0.54,0.48,0.8,0.52,0.7,0.66,0.66,0.68,0.4,0.23,LB,DEF,1
Izuchukwu Anthony,CB,Nigeria,0.66,0.82,0.27,0.46,0.58,0.65,0.75,0.8,0.84,0.72,0.74,0.58,0.58,0.83,0.64,0.85,0.67,0.65,0.64,0.63,0.61,0.4,CB,DEF,2
Daniel Anyembe,CB,Kenya,0.66,0.81,0.45,0.6,0.67,0.66,0.69,0.79,0.82,0.77,0.7,0.67,0.66,0.7,0.76,0.77,0.68,0.64,0.67,0.63,0.62,0.55,CB,DEF,2
Remo Arnold,CB,Switzerland,0.66,0.38,0.35,0.56,0.56,0.66,0.72,0.39,0.37,0.42,0.66,0.59,0.6,0.79,0.65,0.69,0.66,0.65,0.65,0.64,0.7,0.49,CB,DEF,3
Xavier Arreaga,CB,Ecuador,0.66,0.53,0.28,0.49,0.56,0.66,0.72,0.55,0.52,0.54,0.6,0.59,0.62,0.71,0.71,0.71,0.67,0.64,0.67,0.62,0.7,0.39,CB,DEF,5
Serkan Asan,RB,Turkey,0.66,0.79,0.43,0.54,0.66,0.61,0.55,0.78,0.79,0.74,0.86,0.61,0.63,0.44,0.65,0.59,0.64,0.66,0.58,0.63,0.56,0.62,RB,DEF,1
Joseph Attamah,CB,Ghana,0.66,0.64,0.45,0.54,0.59,0.65,0.73,0.64,0.64,0.6,0.64,0.59,0.66,0.78,0.68,0.75,0.69,0.67,0.64,0.63,0.61,0.69,CB,DEF,2
Loide Augusto,RB,Angola,0.66,0.82,0.59,0.61,0.68,0.59,0.64,0.83,0.82,0.84,0.6,0.65,0.58,0.6,0.7,0.74,0.62,0.58,0.61,0.54,0.59,0.59,RB,DEF,1
Zé Ricardo,LB,Brazil,0.66,0.74,0.46,0.57,0.67,0.59,0.64,0.73,0.75,0.66,0.75,0.63,0.63,0.64,0.68,0.69,0.64,0.62,0.51,0.64,0.56,0.55,LB,DEF,1
Nazinho,LB,Portugal,0.66,0.76,0.33,0.54,0.63,0.62,0.62,0.78,0.75,0.63,0.65,0.63,0.64,0.63,0.62,0.66,0.66,0.63,0.6,0.66,0.46,0.26,LB,DEF,1
Joseph Baffoe,CB,Sweden,0.66,0.59,0.35,0.51,0.51,0.63,0.74,0.57,0.61,0.7,0.65,0.58,0.64,0.82,0.62,0.76,0.62,0.61,0.65,0.63,0.66,0.55,CB,DEF,5
Mihai Bălașa,CB,Romania,0.66,0.67,0.51,0.56,0.52,0.65,0.73,0.64,0.69,0.57,0.72,0.56,0.62,0.75,0.72,0.75,0.65,0.63,0.66,0.63,0.68,0.72,CB,DEF,2
Axel Bamba,CB,Côte d'Ivoire,0.66,0.78,0.33,0.54,0.56,0.64,0.76,0.72,0.83,0.59,0.51,0.6,0.67,0.85,0.61,0.79,0.61,0.6,0.69,0.66,0.55,0.41,CB,DEF,2
Théo Barbet,CB,France,0.66,0.69,0.3,0.42,0.46,0.68,0.69,0.63,0.74,0.42,0.57,0.48,0.6,0.72,0.68,0.7,0.68,0.65,0.71,0.68,0.59,0.42,CB,DEF,5
Sergio Barcia,CB,Spain,0.66,0.61,0.32,0.51,0.57,0.67,0.62,0.59,0.62,0.46,0.62,0.68,0.65,0.62,0.56,0.67,0.66,0.68,0.67,0.68,0.67,0.43,CB,DEF,5
Anthony Baron,LB,France,0.66,0.67,0.38,0.63,0.63,0.63,0.69,0.67,0.67,0.66,0.74,0.63,0.62,0.71,0.69,0.7,0.64,0.63,0.64,0.64,0.55,0.56,LB,DEF,2
Orlando Barreto,CB,Paraguay,0.66,0.51,0.51,0.55,0.6,0.64,0.71,0.52,0.51,0.57,0.65,0.64,0.7,0.77,0.61,0.72,0.66,0.6,0.61,0.65,0.66,0.49,CB,DEF,3
Bautista Barros Schelotto,RB,Argentina,0.66,0.71,0.4,0.57,0.59,0.63,0.66,0.69,0.73,0.61,0.57,0.57,0.61,0.57,0.8,0.6,0.67,0.64,0.63,0.63,0.51,0.29,RB,DEF,1
Marvin Bejarano,LB,Bolivia,0.66,0.62,0.57,0.56,0.61,0.64,0.69,0.59,0.64,0.65,0.77,0.55,0.62,0.67,0.8,0.67,0.66,0.61,0.63,0.64,0.62,0.58,LB,DEF,2
Carlos Beltrán,CB,Argentina,0.66,0.46,0.42,0.52,0.52,0.67,0.7,0.49,0.44,0.44,0.64,0.55,0.54,0.74,0.66,0.69,0.68,0.64,0.69,0.64,0.68,0.39,CB,DEF,5
Miguel Ángel Benítez,LB,Paraguay,0.66,0.68,0.61,0.63,0.69,0.6,0.73,0.71,0.65,0.8,0.77,0.62,0.67,0.69,0.83,0.71,0.61,0.58,0.62,0.57,0.59,0.65,LB,DEF,2
Óliver Benítez,CB,Argentina,0.66,0.6,0.36,0.4,0.36,0.66,0.74,0.6,0.6,0.37,0.54,0.42,0.6,0.82,0.65,0.78,0.67,0.66,0.68,0.63,0.67,0.6,CB,DEF,5
Guillermo Benítez,LB,Argentina,0.66,0.73,0.48,0.55,0.6,0.66,0.63,0.71,0.74,0.67,0.81,0.56,0.63,0.62,0.53,0.69,0.68,0.67,0.68,0.61,0.58,0.49,LB,DEF,2
Liam Bennett,RB,England,0.66,0.83,0.34,0.56,0.66,0.58,0.64,0.83,0.83,0.85,0.84,0.62,0.59,0.52,0.86,0.73,0.62,0.61,0.58,0.55,0.5,0.33,RB,DEF,1
Loïc Bessilé,CB,Togo,0.66,0.74,0.36,0.52,0.61,0.64,0.72,0.71,0.77,0.66,0.69,0.58,0.61,0.77,0.66,0.8,0.66,0.63,0.6,0.66,0.66,0.62,CB,DEF,2
José Bizama,RB,Chile,0.66,0.77,0.45,0.59,0.61,0.63,0.73,0.74,0.79,0.68,0.64,0.64,0.55,0.74,0.71,0.78,0.65,0.64,0.65,0.58,0.63,0.55,RB,DEF,2
Filip Blažek,CB,Slovakia,0.66,0.59,0.3,0.48,0.52,0.66,0.69,0.58,0.6,0.52,0.5,0.55,0.6,0.79,0.51,0.75,0.67,0.65,0.64,0.66,0.66,0.43,CB,DEF,5
Lukas Boeder,CB,Germany,0.66,0.66,0.31,0.54,0.58,0.65,0.73,0.65,0.66,0.56,0.61,0.62,0.64,0.76,0.74,0.76,0.64,0.64,0.67,0.66,0.65,0.49,CB,DEF,3
Boli Bolingoli,LB,Belgium,0.66,0.79,0.57,0.6,0.68,0.59,0.72,0.77,0.8,0.79,0.77,0.64,0.61,0.73,0.75,0.77,0.63,0.61,0.55,0.57,0.59,0.63,LB,DEF,2
Solomon Bonnah,RB,Holland,0.66,0.87,0.38,0.53,0.67,0.58,0.5,0.9,0.85,0.94,0.91,0.63,0.59,0.33,0.74,0.48,0.62,0.6,0.59,0.6,0.34,0.32,RB,DEF,1
Sebastian Borza,LB,Romania,0.66,0.8,0.61,0.63,0.66,0.59,0.65,0.74,0.84,0.79,0.81,0.65,0.64,0.64,0.71,0.64,0.61,0.61,0.6,0.61,0.48,0.68,LB,DEF,2
Kenji-Van Boto,LB,Madagascar,0.66,0.71,0.49,0.57,0.62,0.61,0.73,0.73,0.69,0.71,0.64,0.62,0.61,0.74,0.87,0.77,0.64,0.61,0.61,0.58,0.6,0.64,LB,DEF,2
Ismaël Boura,LB,Netherlands,0.66,0.72,0.47,0.56,0.7,0.61,0.65,0.75,0.7,0.72,0.8,0.69,0.64,0.62,0.69,0.66,0.67,0.65,0.58,0.6,0.5,0.46,LB,DEF,1
Calvin Brackelmann,CB,Germany,0.66,0.73,0.47,0.57,0.52,0.64,0.78,0.7,0.76,0.58,0.56,0.52,0.64,0.87,0.67,0.82,0.67,0.63,0.65,0.56,0.64,0.55,CB,DEF,2
Sonny Bradley,CB,England,0.66,0.46,0.29,0.45,0.46,0.66,0.72,0.44,0.48,0.52,0.32,0.52,0.6,0.77,0.65,0.69,0.65,0.64,0.67,0.65,0.67,0.38,CB,DEF,5
João Moutinho,LB,Portugal,0.66,0.64,0.37,0.61,0.65,0.63,0.67,0.65,0.63,0.7,0.64,0.65,0.6,0.69,0.71,0.7,0.64,0.61,0.62,0.64,0.62,0.6,LB,DEF,2
Lucas Brumme,LB,Germany,0.66,0.7,0.57,0.6,0.65,0.61,0.68,0.71,0.7,0.63,0.62,0.65,0.63,0.67,0.74,0.67,0.64,0.59,0.62,0.63,0.51,0.59,LB,DEF,2
Max Bruns,CB,Holland,0.66,0.59,0.43,0.59,0.59,0.68,0.65,0.57,0.6,0.66,0.66,0.55,0.68,0.62,0.71,0.66,0.68,0.64,0.68,0.69,0.65,0.57,CB,DEF,2
Gastón Bueno,CB,Uruguay,0.66,0.5,0.32,0.42,0.47,0.7,0.59,0.51,0.5,0.43,0.62,0.66,0.58,0.63,0.48,0.64,0.75,0.7,0.68,0.65,0.66,0.4,CB,DEF,5
Marco Burch,CB,Switzerland,0.66,0.67,0.43,0.52,0.5,0.65,0.74,0.69,0.65,0.66,0.72,0.61,0.57,0.75,0.78,0.77,0.67,0.63,0.63,0.65,0.7,0.45,CB,DEF,2
Nicolas Bürgy,CB,Switzerland,0.66,0.41,0.37,0.44,0.48,0.66,0.7,0.45,0.38,0.49,0.61,0.57,0.65,0.76,0.62,0.69,0.65,0.67,0.66,0.66,0.66,0.39,CB,DEF,5
Rocky Bushiri,CB,Congo DR,0.66,0.6,0.26,0.4,0.45,0.63,0.82,0.53,0.66,0.37,0.41,0.51,0.56,0.91,0.71,0.78,0.64,0.65,0.62,0.61,0.66,0.46,CB,DEF,5
Alessio Buttaro,RB,Italy,0.66,0.81,0.55,0.57,0.61,0.62,0.74,0.8,0.81,0.69,0.73,0.6,0.63,0.78,0.67,0.83,0.64,0.63,0.6,0.6,0.63,0.6,RB,DEF,2
Carlos Cabello,RB,Peru,0.66,0.75,0.25,0.55,0.57,0.62,0.53,0.74,0.75,0.58,0.78,0.57,0.6,0.48,0.64,0.61,0.64,0.6,0.6,0.65,0.59,0.28,RB,DEF,1
Chris Cadden,RB,Scotland,0.66,0.7,0.58,0.64,0.66,0.6,0.73,0.68,0.71,0.68,0.7,0.66,0.59,0.7,0.84,0.69,0.6,0.6,0.59,0.6,0.59,0.65,RB,DEF,2
Abdu Conté,LB,Portugal,0.66,0.68,0.46,0.53,0.66,0.63,0.75,0.65,0.7,0.66,0.65,0.66,0.62,0.79,0.71,0.74,0.65,0.61,0.63,0.63,0.59,0.7,LB,DEF,2
Andrea Cagnano,LB,Italy,0.66,0.66,0.43,0.6,0.6,0.64,0.72,0.65,0.66,0.7,0.65,0.61,0.62,0.78,0.74,0.7,0.64,0.63,0.66,0.64,0.54,0.61,LB,DEF,2
Beder Caicedo,LB,Ecuador,0.66,0.8,0.49,0.59,0.66,0.6,0.68,0.77,0.82,0.75,0.73,0.63,0.63,0.68,0.71,0.74,0.61,0.58,0.6,0.62,0.59,0.42,LB,DEF,2
Luis Caicedo,CB,Ecuador,0.66,0.53,0.28,0.47,0.4,0.66,0.72,0.51,0.55,0.49,0.7,0.51,0.62,0.75,0.66,0.7,0.66,0.61,0.66,0.65,0.68,0.37,CB,DEF,5
Kerim Çalhanoğlu,LB,Germany,0.66,0.72,0.51,0.63,0.65,0.59,0.65,0.77,0.68,0.76,0.71,0.63,0.62,0.64,0.68,0.69,0.64,0.62,0.57,0.58,0.52,0.62,LB,DEF,1
George Campbell,CB,United States,0.66,0.71,0.33,0.43,0.58,0.63,0.75,0.64,0.76,0.57,0.46,0.61,0.56,0.82,0.64,0.78,0.65,0.59,0.63,0.63,0.64,0.5,CB,DEF,5
Felipe Campos,RB,Chile,0.66,0.71,0.45,0.61,0.63,0.64,0.72,0.7,0.72,0.72,0.59,0.63,0.61,0.77,0.62,0.77,0.65,0.66,0.65,0.59,0.64,0.5,RB,DEF,2
Gustavo Canto,LB,Argentina,0.66,0.52,0.4,0.52,0.55,0.68,0.76,0.52,0.52,0.53,0.59,0.53,0.69,0.76,0.82,0.72,0.69,0.63,0.68,0.69,0.68,0.55,LB,DEF,3
Tiberiu Căpușă,RB,Romania,0.66,0.76,0.4,0.54,0.6,0.61,0.72,0.74,0.77,0.7,0.62,0.6,0.62,0.71,0.82,0.71,0.61,0.63,0.62,0.61,0.53,0.59,RB,DEF,2
Lucas Carrizo,CB,Argentina,0.66,0.69,0.39,0.52,0.63,0.66,0.74,0.68,0.7,0.69,0.7,0.63,0.6,0.72,0.86,0.79,0.69,0.66,0.65,0.69,0.55,0.32,CB,DEF,2
Olly Casey,CB,England,0.66,0.57,0.27,0.45,0.51,0.65,0.71,0.55,0.58,0.46,0.55,0.56,0.6,0.75,0.67,0.72,0.66,0.64,0.65,0.65,0.67,0.36,CB,DEF,5
Giuliano Cerato,RB,Argentina,0.66,0.71,0.47,0.6,0.63,0.63,0.52,0.72,0.71,0.71,0.79,0.54,0.61,0.46,0.64,0.53,0.66,0.63,0.66,0.62,0.47,0.71,RB,DEF,1
Leyser Chaverra,RB,Colombia,0.66,0.78,0.29,0.48,0.63,0.59,0.69,0.8,0.77,0.76,0.73,0.6,0.64,0.69,0.79,0.71,0.59,0.63,0.61,0.58,0.51,0.28,RB,DEF,1
Amin Cherni,LB,Tunisia,0.66,0.72,0.33,0.54,0.6,0.59,0.62,0.75,0.7,0.65,0.64,0.55,0.64,0.56,0.85,0.57,0.66,0.59,0.58,0.59,0.44,0.31,LB,DEF,1
Vlad Chiricheș,CB,Romania,0.66,0.35,0.6,0.56,0.59,0.69,0.57,0.34,0.35,0.53,0.66,0.57,0.63,0.63,0.34,0.58,0.69,0.69,0.69,0.69,0.65,0.71,CB,DEF,3
Daijiro Chirino,RB,Curaçao,0.66,0.8,0.34,0.55,0.62,0.61,0.71,0.81,0.79,0.74,0.65,0.61,0.62,0.69,0.74,0.78,0.61,0.63,0.58,0.64,0.61,0.56,RB,DEF,2
Joris Chougrani,CB,France,0.66,0.71,0.28,0.53,0.58,0.65,0.74,0.73,0.7,0.65,0.59,0.62,0.61,0.76,0.77,0.81,0.65,0.61,0.66,0.64,0.68,0.4,CB,DEF,2
Uğur Çiftçi,LB,Turkey,0.66,0.68,0.5,0.64,0.66,0.62,0.7,0.67,0.69,0.65,0.68,0.64,0.68,0.69,0.71,0.58,0.65,0.63,0.65,0.6,0.42,0.66,LB,DEF,2
Sadık Çiftpınar,CB,Turkey,0.66,0.71,0.25,0.4,0.49,0.66,0.7,0.71,0.71,0.7,0.65,0.48,0.67,0.72,0.64,0.76,0.67,0.69,0.67,0.65,0.62,0.34,CB,DEF,5
José Córdoba,CB,Panama,0.66,0.71,0.31,0.53,0.61,0.63,0.72,0.64,0.77,0.59,0.58,0.64,0.55,0.82,0.54,0.78,0.66,0.68,0.58,0.6,0.65,0.53,CB,DEF,5
Cubero,RB,Spain,0.66,0.64,0.32,0.6,0.6,0.61,0.73,0.65,0.63,0.56,0.55,0.67,0.59,0.77,0.74,0.76,0.66,0.66,0.55,0.59,0.63,0.44,RB,DEF,5
Josué Cuero,RB,Ecuador,0.66,0.79,0.38,0.54,0.64,0.62,0.55,0.73,0.83,0.73,0.75,0.65,0.6,0.54,0.62,0.53,0.65,0.64,0.64,0.62,0.41,0.54,RB,DEF,1
Greg Cunningham,CB,Republic of Ireland,0.66,0.51,0.47,0.6,0.58,0.65,0.7,0.51,0.51,0.57,0.61,0.6,0.6,0.75,0.57,0.7,0.65,0.64,0.66,0.64,0.66,0.6,CB,DEF,3
Laurin Curda,CB,Germany,0.66,0.71,0.45,0.6,0.63,0.65,0.73,0.68,0.73,0.65,0.63,0.62,0.63,0.73,0.72,0.74,0.68,0.62,0.65,0.64,0.62,0.55,CB,DEF,2
Alan Czerwiński,RB,Poland,0.66,0.8,0.42,0.61,0.64,0.61,0.69,0.78,0.81,0.76,0.66,0.61,0.61,0.76,0.76,0.78,0.62,0.59,0.63,0.62,0.55,0.46,RB,DEF,2
Leo Bolgado,CB,Brazil,0.66,0.58,0.38,0.46,0.39,0.69,0.68,0.6,0.56,0.5,0.48,0.39,0.55,0.7,0.68,0.7,0.73,0.72,0.68,0.66,0.66,0.46,CB,DEF,5
Iano Simão,LB,Guinea-Bissau,0.66,0.63,0.26,0.55,0.54,0.64,0.6,0.66,0.61,0.52,0.66,0.63,0.63,0.65,0.58,0.7,0.66,0.64,0.62,0.64,0.65,0.21,LB,DEF,5
Filip Dagerstål,CB,Sweden,0.66,0.63,0.43,0.58,0.58,0.67,0.72,0.55,0.69,0.61,0.51,0.62,0.64,0.76,0.73,0.71,0.67,0.63,0.69,0.67,0.61,0.65,CB,DEF,3
Tim Danhof,RB,Germany,0.66,0.72,0.46,0.62,0.64,0.59,0.65,0.72,0.72,0.65,0.69,0.66,0.57,0.61,0.81,0.59,0.6,0.61,0.62,0.58,0.43,0.5,RB,DEF,1
Jake Davis,RB,United States,0.66,0.68,0.5,0.54,0.61,0.64,0.59,0.68,0.68,0.73,0.72,0.65,0.67,0.57,0.64,0.53,0.71,0.67,0.65,0.6,0.41,0.63,RB,DEF,1
Maël de Gevigney,CB,France,0.66,0.63,0.28,0.51,0.53,0.67,0.69,0.64,0.63,0.42,0.55,0.59,0.66,0.71,0.71,0.72,0.69,0.65,0.66,0.67,0.63,0.38,CB,DEF,5
Saulo Decarli,CB,Switzerland,0.66,0.57,0.34,0.5,0.54,0.66,0.7,0.61,0.54,0.54,0.58,0.6,0.65,0.76,0.61,0.74,0.67,0.65,0.64,0.7,0.64,0.41,CB,DEF,5
Maxim Dekker,CB,Holland,0.66,0.62,0.36,0.53,0.5,0.66,0.71,0.63,0.62,0.54,0.5,0.52,0.64,0.74,0.66,0.74,0.67,0.65,0.67,0.63,0.68,0.42,CB,DEF,5
Moi Delgado,LB,Spain,0.66,0.82,0.35,0.57,0.64,0.59,0.67,0.81,0.82,0.82,0.74,0.62,0.64,0.59,0.79,0.68,0.59,0.58,0.6,0.62,0.5,0.59,LB,DEF,1
Delmás,RB,Spain,0.66,0.74,0.41,0.57,0.65,0.6,0.68,0.75,0.73,0.73,0.61,0.66,0.6,0.66,0.78,0.72,0.61,0.6,0.59,0.61,0.59,0.59,RB,DEF,2
Adil Demirbağ,CB,Turkey,0.66,0.54,0.31,0.43,0.47,0.67,0.7,0.58,0.5,0.52,0.61,0.49,0.64,0.73,0.65,0.71,0.69,0.69,0.66,0.66,0.65,0.52,CB,DEF,5
Gilles Dewaele,RB,Belgium,0.66,0.67,0.61,0.6,0.57,0.63,0.71,0.63,0.7,0.62,0.7,0.6,0.65,0.72,0.75,0.7,0.64,0.62,0.63,0.63,0.58,0.68,RB,DEF,2
Oumar Diakhité,CB,Senegal,0.66,0.67,0.4,0.45,0.49,0.64,0.77,0.65,0.68,0.47,0.54,0.52,0.54,0.83,0.64,0.8,0.66,0.63,0.62,0.62,0.67,0.56,CB,DEF,5
Djibril Thialaw Diop,CB,Senegal,0.66,0.73,0.35,0.47,0.59,0.64,0.75,0.72,0.74,0.58,0.59,0.6,0.58,0.79,0.69,0.82,0.64,0.63,0.65,0.59,0.7,0.71,CB,DEF,2
John Donald,CB,Spain,0.66,0.49,0.43,0.57,0.55,0.68,0.59,0.45,0.53,0.55,0.61,0.61,0.66,0.63,0.44,0.62,0.7,0.67,0.65,0.69,0.65,0.56,CB,DEF,3
Josh Earl,CB,England,0.66,0.7,0.45,0.56,0.57,0.65,0.74,0.67,0.73,0.65,0.43,0.57,0.63,0.74,0.77,0.74,0.65,0.64,0.64,0.65,0.64,0.57,CB,DEF,2
Raheem Edwards,LB,Canada,0.66,0.77,0.54,0.61,0.7,0.59,0.7,0.78,0.76,0.78,0.75,0.66,0.62,0.66,0.75,0.75,0.62,0.6,0.56,0.6,0.6,0.58,LB,DEF,2
CJ Egan-Riley,RB,England,0.66,0.67,0.32,0.56,0.6,0.66,0.72,0.61,0.72,0.55,0.58,0.63,0.61,0.75,0.7,0.73,0.7,0.65,0.63,0.64,0.65,0.47,RB,DEF,3
Christoph Ehlich,RB,Germany,0.66,0.74,0.43,0.59,0.64,0.58,0.57,0.78,0.71,0.84,0.84,0.64,0.62,0.49,0.84,0.5,0.58,0.62,0.62,0.64,0.33,0.44,RB,DEF,1
Jacques Ekomié,LB,Gabon,0.66,0.71,0.31,0.57,0.62,0.62,0.64,0.74,0.69,0.58,0.65,0.64,0.63,0.6,0.66,0.69,0.66,0.62,0.6,0.62,0.58,0.32,LB,DEF,1
Callum Elder,LB,Australia,0.66,0.65,0.42,0.6,0.62,0.62,0.71,0.62,0.68,0.63,0.63,0.62,0.6,0.7,0.8,0.69,0.64,0.63,0.61,0.6,0.61,0.56,LB,DEF,2
Guillermo Enrique,RB,Argentina,0.66,0.71,0.49,0.51,0.62,0.67,0.55,0.72,0.7,0.67,0.68,0.55,0.64,0.48,0.6,0.64,0.68,0.66,0.65,0.67,0.66,0.58,RB,DEF,1
Brooklyn Ezeh,LB,Germany,0.66,0.8,0.42,0.59,0.65,0.59,0.72,0.72,0.87,0.63,0.73,0.66,0.58,0.75,0.78,0.72,0.65,0.62,0.56,0.57,0.54,0.38,LB,DEF,2
Simon Falette,CB,Guinea,0.66,0.53,0.44,0.46,0.51,0.64,0.76,0.49,0.57,0.43,0.36,0.56,0.61,0.86,0.56,0.75,0.64,0.66,0.62,0.62,0.67,0.62,CB,DEF,5
Mads Fenger,CB,Denmark,0.66,0.51,0.44,0.55,0.52,0.64,0.77,0.49,0.52,0.48,0.5,0.58,0.67,0.81,0.74,0.72,0.65,0.61,0.65,0.64,0.62,0.67,CB,DEF,3
Lucas Ferreira,CB,Uruguay,0.66,0.6,0.51,0.48,0.5,0.68,0.7,0.52,0.67,0.57,0.54,0.5,0.64,0.74,0.65,0.68,0.69,0.7,0.75,0.57,0.6,0.58,CB,DEF,3
Fernando Fonseca,RB,Portugal,0.66,0.69,0.41,0.58,0.64,0.62,0.7,0.67,0.71,0.61,0.64,0.66,0.63,0.69,0.74,0.68,0.64,0.6,0.62,0.63,0.57,0.55,RB,DEF,2
Riccardo Fiamozzi,RB,Italy,0.66,0.73,0.48,0.56,0.61,0.6,0.7,0.69,0.77,0.75,0.76,0.59,0.66,0.69,0.79,0.58,0.61,0.64,0.62,0.63,0.42,0.49,RB,DEF,1
Karol Fila,RB,Poland,0.66,0.74,0.5,0.59,0.68,0.63,0.67,0.75,0.73,0.71,0.66,0.68,0.58,0.68,0.64,0.74,0.67,0.65,0.59,0.63,0.61,0.54,RB,DEF,2
Stuart Findlay,CB,Scotland,0.66,0.5,0.41,0.5,0.5,0.65,0.76,0.48,0.52,0.4,0.34,0.56,0.56,0.81,0.73,0.78,0.63,0.62,0.64,0.67,0.72,0.58,CB,DEF,5
Chris Forino,CB,St. Lucia,0.66,0.7,0.24,0.39,0.47,0.65,0.76,0.7,0.7,0.53,0.41,0.47,0.59,0.85,0.62,0.82,0.66,0.63,0.65,0.64,0.67,0.34,CB,DEF,5
Craig Forsyth,LB,Scotland,0.66,0.5,0.57,0.62,0.61,0.68,0.66,0.48,0.52,0.47,0.52,0.65,0.66,0.7,0.67,0.66,0.68,0.67,0.68,0.66,0.68,0.67,LB,DEF,3
Adam Gabriel,RB,Czech Republic,0.66,0.69,0.35,0.57,0.61,0.62,0.76,0.67,0.71,0.58,0.43,0.65,0.61,0.77,0.7,0.86,0.59,0.57,0.59,0.64,0.77,0.46,RB,DEF,5
Nahuel Gallardo,LB,Argentina,0.66,0.68,0.41,0.62,0.65,0.62,0.68,0.69,0.68,0.67,0.66,0.62,0.65,0.66,0.68,0.7,0.63,0.62,0.62,0.63,0.6,0.49,LB,DEF,2
Brendan Galloway,CB,Zimbabwe,0.66,0.66,0.37,0.55,0.59,0.66,0.66,0.64,0.67,0.63,0.57,0.61,0.63,0.73,0.54,0.73,0.67,0.66,0.66,0.64,0.63,0.46,CB,DEF,5
Jens Martin Gammelby,RB,Denmark,0.66,0.71,0.58,0.59,0.63,0.6,0.77,0.7,0.72,0.6,0.64,0.65,0.6,0.78,0.8,0.77,0.64,0.62,0.57,0.59,0.61,0.65,RB,DEF,2
Cristian Ganea,LB,Romania,0.66,0.68,0.65,0.67,0.63,0.61,0.65,0.69,0.68,0.67,0.66,0.63,0.6,0.65,0.71,0.61,0.61,0.61,0.65,0.62,0.48,0.8,LB,DEF,2
Adrian Gantenbein,RB,Switzerland,0.66,0.68,0.48,0.58,0.63,0.61,0.65,0.69,0.68,0.65,0.64,0.63,0.65,0.67,0.71,0.65,0.62,0.64,0.62,0.61,0.54,0.54,RB,DEF,2
Alan García,RB,Uruguay,0.66,0.73,0.59,0.61,0.63,0.6,0.58,0.73,0.73,0.75,0.66,0.58,0.55,0.48,0.72,0.57,0.58,0.68,0.57,0.69,0.53,0.56,RB,DEF,1
Pablo García,LB,Spain,0.66,0.76,0.38,0.53,0.63,0.6,0.69,0.77,0.75,0.73,0.79,0.6,0.61,0.63,0.81,0.68,0.62,0.62,0.6,0.63,0.5,0.44,LB,DEF,1
Espen Bjørnsen Garnås,CB,Norway,0.66,0.36,0.33,0.48,0.47,0.65,0.79,0.37,0.36,0.36,0.51,0.54,0.62,0.88,0.7,0.72,0.65,0.62,0.66,0.65,0.67,0.47,CB,DEF,5
Jordy Gaspar,RB,France,0.66,0.79,0.43,0.57,0.66,0.6,0.68,0.77,0.81,0.8,0.85,0.63,0.59,0.6,0.78,0.71,0.61,0.63,0.58,0.6,0.56,0.56,RB,DEF,1
Jason Geria,RB,Australia,0.66,0.72,0.37,0.54,0.59,0.62,0.8,0.73,0.72,0.62,0.49,0.65,0.59,0.83,0.82,0.82,0.63,0.65,0.6,0.61,0.61,0.48,RB,DEF,2
Francisco Gerometta,RB,Argentina,0.66,0.81,0.49,0.54,0.64,0.6,0.7,0.8,0.82,0.76,0.79,0.63,0.58,0.62,0.84,0.67,0.61,0.62,0.6,0.61,0.49,0.57,RB,DEF,1
Kamil Glik,CB,Poland,0.66,0.32,0.32,0.43,0.53,0.64,0.75,0.34,0.3,0.31,0.5,0.61,0.62,0.84,0.56,0.74,0.62,0.61,0.66,0.62,0.72,0.57,CB,DEF,5
Anthony Gonçalves,RB,France,0.66,0.47,0.54,0.65,0.67,0.63,0.79,0.39,0.53,0.72,0.77,0.65,0.73,0.85,0.85,0.55,0.65,0.63,0.67,0.65,0.36,0.59,RB,DEF,2
Soner Gönül,LB,Turkey,0.66,0.72,0.35,0.51,0.61,0.63,0.57,0.74,0.71,0.74,0.78,0.59,0.59,0.48,0.7,0.57,0.65,0.66,0.64,0.64,0.51,0.5,LB,DEF,1
Imanol González,CB,Argentina,0.66,0.53,0.29,0.38,0.38,0.66,0.7,0.51,0.55,0.5,0.51,0.44,0.62,0.77,0.58,0.72,0.67,0.63,0.68,0.63,0.68,0.45,CB,DEF,5
Urko González,CB,Spain,0.66,0.46,0.43,0.59,0.52,0.66,0.68,0.5,0.42,0.55,0.49,0.6,0.61,0.76,0.59,0.76,0.69,0.66,0.62,0.64,0.71,0.46,CB,DEF,3
Charlie Goode,CB,England,0.66,0.54,0.32,0.48,0.54,0.65,0.73,0.51,0.56,0.53,0.52,0.55,0.58,0.8,0.63,0.73,0.63,0.65,0.67,0.64,0.67,0.41,CB,DEF,5
Simon Graves,RB,Denmark,0.66,0.59,0.47,0.59,0.61,0.66,0.74,0.57,0.61,0.55,0.56,0.64,0.64,0.84,0.67,0.77,0.68,0.65,0.65,0.66,0.66,0.69,RB,DEF,3
Pascal Gregor,CB,Denmark,0.66,0.6,0.39,0.53,0.58,0.65,0.7,0.64,0.56,0.61,0.66,0.64,0.62,0.76,0.64,0.75,0.67,0.66,0.63,0.64,0.63,0.56,CB,DEF,3
Ruan,RB,Brazil,0.66,0.92,0.31,0.6,0.67,0.55,0.66,0.91,0.93,0.86,0.75,0.65,0.59,0.61,0.75,0.71,0.59,0.6,0.54,0.51,0.49,0.45,RB,DEF,1
Mateusz Grzybek,LB,Poland,0.66,0.75,0.46,0.6,0.63,0.59,0.64,0.74,0.75,0.72,0.73,0.59,0.62,0.58,0.81,0.57,0.62,0.63,0.59,0.6,0.42,0.41,LB,DEF,1
Tomás Guidara,RB,Argentina,0.66,0.83,0.41,0.56,0.67,0.6,0.72,0.82,0.84,0.78,0.48,0.67,0.59,0.7,0.83,0.73,0.61,0.6,0.61,0.6,0.51,0.57,RB,DEF,2
Dominique Guidi,CB,France,0.66,0.65,0.36,0.51,0.51,0.67,0.78,0.68,0.62,0.74,0.77,0.51,0.6,0.77,0.88,0.78,0.68,0.63,0.69,0.65,0.67,0.39,CB,DEF,2
Kreshnik Hajrizi,CB,Kosovo,0.66,0.68,0.33,0.51,0.6,0.64,0.75,0.67,0.69,0.56,0.55,0.64,0.65,0.72,0.82,0.74,0.65,0.63,0.64,0.6,0.66,0.41,CB,DEF,2
Bradley Halliday,RB,England,0.66,0.78,0.4,0.54,0.61,0.6,0.74,0.75,0.8,0.75,0.77,0.57,0.64,0.68,0.91,0.69,0.62,0.6,0.57,0.63,0.52,0.49,RB,DEF,2
Tom Hamer,RB,England,0.66,0.7,0.48,0.57,0.6,0.61,0.82,0.73,0.68,0.63,0.67,0.6,0.62,0.79,0.87,0.8,0.62,0.61,0.61,0.6,0.61,0.56,RB,DEF,2
CJ Hamilton,RB,Republic of Ireland,0.66,0.89,0.59,0.59,0.64,0.56,0.66,0.9,0.89,0.7,0.63,0.64,0.63,0.63,0.79,0.74,0.57,0.55,0.55,0.57,0.54,0.67,RB,DEF,1
Eirik Haugan,CB,Norway,0.66,0.52,0.4,0.47,0.58,0.65,0.73,0.54,0.5,0.64,0.69,0.62,0.66,0.77,0.69,0.72,0.67,0.65,0.66,0.63,0.63,0.49,CB,DEF,3
Gustav Henriksson,CB,Sweden,0.66,0.62,0.39,0.55,0.5,0.64,0.69,0.6,0.64,0.43,0.61,0.56,0.62,0.79,0.49,0.76,0.64,0.62,0.63,0.66,0.66,0.45,CB,DEF,5
David Herold,LB,Germany,0.66,0.65,0.36,0.56,0.65,0.62,0.66,0.65,0.65,0.69,0.66,0.64,0.64,0.66,0.75,0.61,0.66,0.63,0.6,0.65,0.49,0.36,LB,DEF,1
Abdulbasit Hindi,CB,Saudi Arabia,0.66,0.69,0.23,0.47,0.53,0.66,0.69,0.67,0.7,0.54,0.69,0.6,0.62,0.7,0.7,0.73,0.68,0.66,0.64,0.62,0.69,0.36,CB,DEF,5
Tom Holmes,CB,England,0.66,0.46,0.25,0.55,0.55,0.65,0.71,0.44,0.47,0.48,0.55,0.57,0.62,0.76,0.6,0.68,0.66,0.67,0.64,0.65,0.64,0.35,CB,DEF,5
Fraser Horsfall,CB,England,0.66,0.54,0.33,0.43,0.43,0.65,0.8,0.53,0.54,0.53,0.51,0.49,0.62,0.88,0.77,0.78,0.66,0.62,0.65,0.64,0.68,0.44,CB,DEF,5
Sam Hughes,CB,England,0.66,0.52,0.41,0.49,0.49,0.65,0.78,0.53,0.51,0.5,0.54,0.5,0.61,0.85,0.72,0.77,0.64,0.62,0.67,0.62,0.69,0.5,CB,DEF,5
Marian Huja,CB,Portugal,0.66,0.62,0.38,0.46,0.47,0.65,0.77,0.63,0.61,0.65,0.47,0.45,0.64,0.8,0.77,0.77,0.67,0.64,0.64,0.65,0.65,0.58,CB,DEF,5
Anel Husic,CB,Switzerland,0.66,0.67,0.31,0.46,0.53,0.66,0.75,0.66,0.67,0.67,0.58,0.53,0.53,0.77,0.75,0.76,0.68,0.67,0.68,0.61,0.62,0.42,CB,DEF,5
Cesar Ibañez,LB,Argentina,0.66,0.73,0.33,0.56,0.62,0.61,0.66,0.72,0.73,0.6,0.66,0.64,0.59,0.65,0.65,0.64,0.67,0.65,0.6,0.58,0.49,0.25,LB,DEF,1
Wilson Ibarrola,LB,Paraguay,0.66,0.81,0.29,0.52,0.57,0.6,0.59,0.8,0.81,0.67,0.68,0.62,0.6,0.57,0.65,0.69,0.68,0.65,0.52,0.6,0.55,0.23,LB,DEF,1
Marco Imperiale,CB,Italy,0.66,0.67,0.37,0.56,0.62,0.67,0.65,0.67,0.67,0.63,0.71,0.61,0.62,0.66,0.66,0.71,0.68,0.67,0.68,0.64,0.66,0.6,CB,DEF,2
Matty Jacob,LB,England,0.66,0.65,0.37,0.58,0.63,0.63,0.65,0.63,0.66,0.62,0.66,0.64,0.65,0.63,0.66,0.67,0.65,0.63,0.63,0.62,0.6,0.38,LB,DEF,1
Reece James,LB,England,0.66,0.7,0.5,0.57,0.65,0.63,0.64,0.73,0.67,0.83,0.83,0.63,0.63,0.61,0.7,0.69,0.64,0.63,0.64,0.63,0.56,0.61,LB,DEF,2
Patryk Janasik,LB,Poland,0.66,0.75,0.49,0.6,0.65,0.59,0.61,0.76,0.74,0.81,0.72,0.64,0.62,0.46,0.84,0.55,0.62,0.59,0.58,0.61,0.45,0.43,LB,DEF,1
Wolke Janssens,CB,Belgium,0.66,0.64,0.64,0.59,0.64,0.67,0.67,0.61,0.67,0.73,0.67,0.63,0.62,0.65,0.69,0.69,0.66,0.66,0.69,0.67,0.66,0.7,CB,DEF,2
Erik Janža,LB,Slovenia,0.66,0.6,0.5,0.65,0.63,0.61,0.67,0.57,0.62,0.62,0.79,0.65,0.62,0.58,0.8,0.59,0.63,0.62,0.6,0.62,0.55,0.62,LB,DEF,1
Artur Jędrzejczyk,CB,Poland,0.66,0.34,0.48,0.57,0.59,0.64,0.76,0.33,0.34,0.56,0.61,0.57,0.6,0.8,0.66,0.66,0.67,0.62,0.61,0.63,0.65,0.69,CB,DEF,3
Magnus R. Jensen,CB,Denmark,0.66,0.47,0.49,0.46,0.54,0.64,0.79,0.52,0.43,0.5,0.52,0.6,0.61,0.89,0.66,0.77,0.66,0.61,0.64,0.63,0.67,0.55,CB,DEF,3
Jiang Zhipeng,LB,China PR,0.66,0.64,0.6,0.66,0.65,0.63,0.66,0.57,0.69,0.72,0.67,0.6,0.67,0.68,0.72,0.61,0.65,0.61,0.64,0.65,0.51,0.68,LB,DEF,2
Sondre Solholm Johansen,CB,Norway,0.66,0.48,0.33,0.42,0.52,0.65,0.75,0.54,0.43,0.37,0.56,0.59,0.62,0.83,0.67,0.75,0.65,0.66,0.65,0.62,0.65,0.45,CB,DEF,5
Andreas Johansson,CB,Sweden,0.66,0.32,0.49,0.58,0.57,0.65,0.7,0.31,0.32,0.45,0.5,0.63,0.74,0.76,0.59,0.64,0.63,0.56,0.7,0.67,0.62,0.64,CB,DEF,3
Lloyd Jones,CB,England,0.66,0.56,0.28,0.43,0.44,0.64,0.78,0.52,0.59,0.39,0.5,0.47,0.64,0.84,0.71,0.75,0.64,0.63,0.64,0.62,0.66,0.44,CB,DEF,5
Jakub Jugas,CB,Czech Republic,0.66,0.46,0.45,0.51,0.5,0.64,0.74,0.45,0.47,0.53,0.46,0.55,0.63,0.81,0.67,0.72,0.65,0.65,0.62,0.64,0.68,0.55,CB,DEF,5
Hasan Ali Kaldırım,LB,Turkey,0.66,0.61,0.54,0.63,0.66,0.65,0.68,0.6,0.62,0.63,0.73,0.67,0.65,0.7,0.62,0.66,0.64,0.68,0.68,0.64,0.55,0.72,LB,DEF,2
Steve Kapuadi,CB,France,0.66,0.6,0.25,0.4,0.36,0.65,0.78,0.63,0.57,0.34,0.32,0.54,0.58,0.9,0.68,0.79,0.67,0.66,0.66,0.64,0.6,0.33,CB,DEF,5
Denso Kasius,RB,Holland,0.66,0.78,0.45,0.62,0.65,0.59,0.65,0.76,0.79,0.77,0.65,0.66,0.56,0.62,0.71,0.6,0.63,0.65,0.56,0.58,0.53,0.6,RB,DEF,1
Aléxandros Katránis,LB,Greece,0.66,0.72,0.49,0.6,0.65,0.62,0.66,0.71,0.72,0.7,0.72,0.65,0.62,0.63,0.69,0.72,0.64,0.6,0.59,0.62,0.64,0.58,LB,DEF,2
Thomas Keller,CB,Germany,0.66,0.6,0.42,0.56,0.54,0.64,0.7,0.65,0.55,0.59,0.53,0.6,0.64,0.77,0.54,0.77,0.67,0.63,0.64,0.6,0.66,0.61,CB,DEF,5
Jason Kerr,CB,Scotland,0.66,0.67,0.44,0.52,0.58,0.64,0.77,0.69,0.66,0.61,0.64,0.58,0.62,0.82,0.72,0.88,0.64,0.63,0.64,0.64,0.65,0.58,CB,DEF,2
Kaine Kesler-Hayden,RB,England,0.66,0.77,0.48,0.6,0.65,0.6,0.59,0.78,0.77,0.82,0.71,0.61,0.61,0.5,0.71,0.59,0.63,0.6,0.6,0.6,0.48,0.42,RB,DEF,1
Kim Dong Min,CB,Korea Republic,0.66,0.76,0.38,0.5,0.6,0.65,0.76,0.77,0.76,0.82,0.86,0.57,0.67,0.75,0.82,0.77,0.64,0.68,0.69,0.64,0.56,0.34,CB,DEF,2
Kim Min Duk,CB,Korea Republic,0.66,0.64,0.33,0.38,0.53,0.66,0.73,0.69,0.6,0.64,0.59,0.58,0.6,0.8,0.63,0.8,0.66,0.59,0.68,0.64,0.69,0.39,CB,DEF,5
Kim Geon Woong,CB,Korea Republic,0.66,0.62,0.53,0.56,0.63,0.64,0.75,0.63,0.61,0.68,0.6,0.66,0.61,0.79,0.71,0.76,0.66,0.56,0.62,0.67,0.64,0.67,CB,DEF,2
Kim Young Bin,CB,Korea Republic,0.66,0.62,0.28,0.47,0.46,0.65,0.77,0.64,0.61,0.58,0.6,0.58,0.6,0.86,0.68,0.85,0.63,0.59,0.69,0.62,0.71,0.35,CB,DEF,5
Leon King,CB,Scotland,0.66,0.69,0.34,0.6,0.65,0.66,0.64,0.68,0.7,0.68,0.71,0.67,0.64,0.7,0.54,0.71,0.68,0.65,0.65,0.67,0.62,0.47,CB,DEF,2
Peter Kioso,RB,Republic of Ireland,0.66,0.7,0.45,0.58,0.63,0.63,0.68,0.7,0.7,0.66,0.58,0.62,0.61,0.65,0.73,0.72,0.64,0.62,0.62,0.6,0.67,0.46,RB,DEF,2
Josh Knight,CB,England,0.66,0.55,0.52,0.51,0.57,0.66,0.75,0.54,0.56,0.54,0.58,0.59,0.64,0.75,0.77,0.71,0.66,0.65,0.67,0.65,0.67,0.54,CB,DEF,3
Tim Knipping,CB,Germany,0.66,0.41,0.33,0.48,0.49,0.65,0.77,0.36,0.45,0.47,0.56,0.5,0.62,0.88,0.65,0.71,0.68,0.67,0.63,0.62,0.66,0.46,CB,DEF,5
Fredrik P. Knudsen,CB,Norway,0.66,0.41,0.31,0.44,0.46,0.64,0.79,0.39,0.42,0.38,0.46,0.55,0.61,0.86,0.72,0.71,0.66,0.64,0.63,0.64,0.63,0.51,CB,DEF,5
Dimitrios Kolovetsios,CB,Greece,0.66,0.52,0.33,0.5,0.5,0.68,0.71,0.53,0.52,0.53,0.65,0.49,0.65,0.72,0.74,0.61,0.65,0.67,0.71,0.69,0.66,0.5,CB,DEF,5
Bartosz Kopacz,RB,Poland,0.66,0.63,0.37,0.51,0.5,0.65,0.76,0.61,0.65,0.57,0.66,0.53,0.66,0.81,0.79,0.79,0.65,0.64,0.66,0.63,0.7,0.48,RB,DEF,3
Niko Koulis,CB,Germany,0.66,0.55,0.26,0.4,0.42,0.66,0.72,0.55,0.55,0.59,0.57,0.44,0.64,0.79,0.63,0.74,0.69,0.65,0.66,0.61,0.66,0.33,CB,DEF,5
Frans Krätzig,LB,Germany,0.66,0.66,0.45,0.61,0.71,0.62,0.53,0.68,0.64,0.8,0.75,0.7,0.69,0.47,0.61,0.45,0.68,0.66,0.61,0.63,0.38,0.49,LB,DEF,1
Ruben Kristiansen,LB,Norway,0.66,0.72,0.47,0.58,0.62,0.63,0.66,0.74,0.71,0.72,0.67,0.63,0.65,0.65,0.71,0.67,0.65,0.62,0.66,0.63,0.51,0.52,LB,DEF,2
Japhet Sery Larsen,CB,Denmark,0.66,0.78,0.41,0.56,0.62,0.64,0.74,0.75,0.8,0.74,0.75,0.64,0.65,0.76,0.74,0.81,0.65,0.63,0.64,0.64,0.65,0.52,CB,DEF,2
Lasure,LB,Spain,0.66,0.69,0.44,0.57,0.6,0.63,0.74,0.71,0.67,0.67,0.71,0.59,0.62,0.76,0.78,0.76,0.64,0.65,0.61,0.63,0.59,0.66,LB,DEF,2
Aleks Ławniczak,CB,Poland,0.66,0.84,0.27,0.41,0.4,0.64,0.75,0.88,0.81,0.48,0.49,0.46,0.62,0.85,0.64,0.9,0.67,0.65,0.62,0.64,0.64,0.34,CB,DEF,5
Jamie Lawrence,CB,Germany,0.66,0.6,0.26,0.48,0.4,0.67,0.72,0.63,0.58,0.34,0.34,0.41,0.55,0.83,0.56,0.72,0.69,0.63,0.64,0.69,0.7,0.42,CB,DEF,5
William Le Pogam,LB,France,0.66,0.64,0.34,0.57,0.62,0.6,0.63,0.66,0.62,0.62,0.64,0.64,0.65,0.59,0.83,0.6,0.6,0.58,0.65,0.57,0.5,0.3,LB,DEF,1
Lee Ju Yong,LB,Korea Republic,0.66,0.79,0.58,0.57,0.66,0.6,0.7,0.79,0.79,0.76,0.66,0.63,0.64,0.73,0.7,0.74,0.59,0.61,0.61,0.62,0.51,0.59,LB,DEF,2
Lee Yong,RB,Korea Republic,0.66,0.62,0.5,0.65,0.63,0.63,0.7,0.66,0.58,0.59,0.69,0.7,0.64,0.73,0.69,0.7,0.64,0.57,0.62,0.67,0.56,0.58,RB,DEF,2
Lee Gi Hyeok,CB,Korea Republic,0.66,0.77,0.55,0.55,0.65,0.63,0.77,0.77,0.77,0.75,0.57,0.59,0.66,0.78,0.8,0.83,0.63,0.61,0.6,0.66,0.66,0.62,CB,DEF,2
Lee Jae Ik,CB,Korea Republic,0.66,0.63,0.3,0.51,0.46,0.63,0.76,0.7,0.58,0.66,0.56,0.62,0.58,0.83,0.68,0.81,0.63,0.66,0.63,0.61,0.68,0.39,CB,DEF,5
Lee Sang Min,CB,Korea Republic,0.66,0.59,0.25,0.42,0.4,0.66,0.7,0.55,0.62,0.53,0.47,0.44,0.6,0.81,0.54,0.75,0.67,0.65,0.62,0.7,0.66,0.25,CB,DEF,5
Kelvin Leerdam,CB,Suriname,0.66,0.5,0.49,0.63,0.65,0.65,0.71,0.69,0.35,0.71,0.72,0.65,0.64,0.72,0.67,0.75,0.64,0.62,0.66,0.65,0.67,0.6,CB,DEF,2
Tom Lees,CB,England,0.66,0.51,0.36,0.51,0.57,0.66,0.7,0.49,0.52,0.61,0.6,0.62,0.63,0.75,0.62,0.7,0.66,0.63,0.67,0.66,0.69,0.38,CB,DEF,5
Doron Leidner,LB,Israel,0.66,0.84,0.49,0.59,0.66,0.6,0.59,0.82,0.85,0.76,0.74,0.64,0.56,0.58,0.68,0.65,0.64,0.61,0.61,0.6,0.48,0.48,LB,DEF,1
Greg Leigh,LB,Jamaica,0.66,0.74,0.55,0.57,0.62,0.62,0.73,0.75,0.74,0.64,0.71,0.61,0.61,0.79,0.68,0.82,0.62,0.63,0.61,0.61,0.65,0.55,LB,DEF,2
Pierre Lemonnier,CB,France,0.66,0.54,0.28,0.43,0.52,0.66,0.74,0.51,0.56,0.55,0.62,0.53,0.63,0.76,0.8,0.72,0.68,0.63,0.65,0.66,0.67,0.39,CB,DEF,5
Joaquín Lencinas,CB,Argentina,0.66,0.64,0.27,0.53,0.53,0.68,0.69,0.63,0.65,0.52,0.64,0.51,0.56,0.74,0.67,0.74,0.73,0.7,0.67,0.63,0.65,0.39,CB,DEF,5
Li Lei,LB,China PR,0.66,0.77,0.44,0.61,0.63,0.61,0.74,0.77,0.77,0.79,0.82,0.63,0.65,0.77,0.74,0.81,0.61,0.59,0.62,0.6,0.6,0.6,LB,DEF,2
Jaylin Lindsey,RB,United States,0.66,0.79,0.44,0.57,0.62,0.61,0.72,0.76,0.81,0.72,0.72,0.61,0.61,0.75,0.7,0.74,0.64,0.62,0.6,0.6,0.52,0.58,RB,DEF,2
Liu Yang,LB,China PR,0.66,0.81,0.53,0.57,0.64,0.61,0.71,0.8,0.81,0.75,0.6,0.65,0.57,0.72,0.79,0.81,0.61,0.59,0.6,0.62,0.64,0.64,LB,DEF,2
Sam Long,RB,England,0.66,0.64,0.46,0.58,0.62,0.63,0.71,0.66,0.63,0.68,0.69,0.62,0.62,0.71,0.79,0.82,0.62,0.62,0.64,0.63,0.65,0.5,RB,DEF,2
Nigel Lonwijk,CB,Holland,0.66,0.66,0.35,0.44,0.49,0.65,0.72,0.65,0.67,0.53,0.56,0.53,0.61,0.72,0.69,0.73,0.65,0.64,0.65,0.67,0.64,0.52,CB,DEF,5
Sergio López,RB,Spain,0.66,0.75,0.55,0.63,0.71,0.62,0.6,0.76,0.75,0.78,0.78,0.67,0.6,0.57,0.57,0.72,0.62,0.63,0.63,0.6,0.64,0.63,RB,DEF,2
Haithem Loucif,RB,Algeria,0.66,0.71,0.39,0.55,0.67,0.63,0.53,0.72,0.7,0.67,0.78,0.67,0.58,0.44,0.62,0.53,0.68,0.65,0.61,0.62,0.51,0.42,RB,DEF,1
Martín Luciano,LB,Argentina,0.66,0.82,0.33,0.53,0.64,0.6,0.6,0.83,0.81,0.79,0.75,0.61,0.6,0.49,0.77,0.59,0.63,0.65,0.62,0.55,0.45,0.48,LB,DEF,1
Valgeir Lunddal,RB,Iceland,0.66,0.7,0.31,0.51,0.56,0.63,0.78,0.66,0.73,0.5,0.48,0.62,0.62,0.76,0.84,0.75,0.65,0.62,0.62,0.63,0.61,0.36,RB,DEF,5
Roberto Luzárraga,LB,Ecuador,0.66,0.76,0.57,0.6,0.62,0.62,0.7,0.75,0.77,0.69,0.63,0.56,0.6,0.66,0.76,0.75,0.65,0.6,0.6,0.6,0.67,0.71,LB,DEF,2
Luís Mata,LB,Portugal,0.66,0.83,0.35,0.58,0.64,0.6,0.58,0.82,0.83,0.66,0.81,0.65,0.58,0.5,0.76,0.57,0.63,0.61,0.62,0.6,0.43,0.42,LB,DEF,1
Abdullah Madu,CB,Saudi Arabia,0.66,0.35,0.25,0.45,0.4,0.67,0.72,0.35,0.35,0.33,0.47,0.52,0.59,0.78,0.64,0.68,0.68,0.65,0.66,0.66,0.7,0.39,CB,DEF,5
Hugo Magallanes,CB,Uruguay,0.66,0.58,0.37,0.42,0.45,0.66,0.77,0.63,0.53,0.42,0.5,0.5,0.63,0.84,0.67,0.8,0.68,0.57,0.65,0.66,0.68,0.52,CB,DEF,5
Renzo Malanca,CB,Argentina,0.66,0.62,0.25,0.39,0.44,0.65,0.72,0.6,0.64,0.54,0.4,0.45,0.54,0.8,0.61,0.77,0.67,0.64,0.61,0.67,0.7,0.39,CB,DEF,5
Mariusz Malec,CB,Poland,0.66,0.68,0.31,0.45,0.46,0.65,0.77,0.64,0.71,0.32,0.38,0.51,0.65,0.83,0.71,0.78,0.65,0.64,0.67,0.64,0.61,0.41,CB,DEF,5
Ryan Malone,CB,United States,0.66,0.65,0.31,0.47,0.42,0.64,0.79,0.67,0.64,0.55,0.55,0.42,0.6,0.87,0.66,0.74,0.66,0.66,0.65,0.56,0.7,0.37,CB,DEF,5
Manuel Maranda,CB,Austria,0.66,0.64,0.28,0.42,0.45,0.66,0.78,0.65,0.64,0.47,0.51,0.55,0.59,0.83,0.8,0.76,0.69,0.65,0.64,0.67,0.59,0.42,CB,DEF,5
José Marsà,CB,Spain,0.66,0.76,0.3,0.5,0.6,0.65,0.72,0.71,0.8,0.46,0.71,0.65,0.63,0.68,0.81,0.73,0.67,0.64,0.62,0.7,0.63,0.4,CB,DEF,2
Brais Martínez,LB,Spain,0.66,0.72,0.33,0.58,0.63,0.6,0.64,0.72,0.72,0.66,0.68,0.63,0.66,0.63,0.74,0.66,0.61,0.64,0.59,0.64,0.52,0.45,LB,DEF,1
Pietro Martino,RB,Italy,0.66,0.69,0.41,0.53,0.55,0.63,0.67,0.72,0.67,0.75,0.65,0.5,0.66,0.6,0.77,0.65,0.7,0.68,0.6,0.62,0.51,0.44,RB,DEF,1
Mateusz Matras,CB,Poland,0.66,0.42,0.49,0.55,0.45,0.65,0.79,0.32,0.51,0.29,0.31,0.45,0.62,0.91,0.61,0.7,0.66,0.57,0.66,0.65,0.64,0.61,CB,DEF,5
Hervé Matthys,CB,Belgium,0.66,0.66,0.41,0.6,0.59,0.66,0.68,0.64,0.67,0.58,0.6,0.65,0.58,0.7,0.64,0.71,0.67,0.65,0.68,0.6,0.65,0.54,CB,DEF,2
Alan Matturro,CB,Uruguay,0.66,0.64,0.3,0.52,0.54,0.67,0.64,0.62,0.65,0.56,0.44,0.58,0.65,0.66,0.59,0.7,0.68,0.66,0.66,0.67,0.67,0.51,CB,DEF,5
Lewis Mayo,CB,Scotland,0.66,0.68,0.36,0.53,0.59,0.65,0.73,0.65,0.71,0.58,0.53,0.6,0.64,0.75,0.73,0.75,0.68,0.64,0.59,0.68,0.66,0.41,CB,DEF,5
Zac McGraw,CB,Canada,0.66,0.54,0.41,0.56,0.51,0.65,0.75,0.56,0.52,0.52,0.51,0.51,0.6,0.83,0.67,0.77,0.66,0.62,0.64,0.66,0.69,0.51,CB,DEF,5
Tom McIntyre,CB,Scotland,0.66,0.44,0.37,0.56,0.61,0.64,0.7,0.45,0.43,0.53,0.59,0.61,0.63,0.72,0.56,0.76,0.64,0.65,0.63,0.65,0.68,0.46,CB,DEF,5
Yaimar Medina,LB,Ecuador,0.66,0.91,0.55,0.6,0.63,0.56,0.58,0.91,0.91,0.77,0.75,0.59,0.68,0.53,0.68,0.61,0.58,0.57,0.59,0.57,0.41,0.58,LB,DEF,1
Diego Medina,RB,Bolivia,0.66,0.75,0.29,0.53,0.59,0.61,0.63,0.74,0.75,0.67,0.68,0.64,0.62,0.62,0.73,0.66,0.65,0.58,0.62,0.62,0.51,0.27,RB,DEF,1
Zech Medley,CB,England,0.66,0.63,0.3,0.45,0.53,0.64,0.75,0.55,0.69,0.53,0.51,0.56,0.58,0.85,0.62,0.77,0.66,0.63,0.62,0.62,0.67,0.41,CB,DEF,5
Aaron Meijers,LB,Holland,0.66,0.64,0.55,0.64,0.65,0.64,0.68,0.62,0.65,0.68,0.74,0.65,0.64,0.68,0.66,0.78,0.64,0.65,0.65,0.63,0.64,0.67,LB,DEF,2
Senna Miangue,LB,Belgium,0.66,0.56,0.51,0.64,0.64,0.65,0.74,0.49,0.61,0.53,0.4,0.65,0.65,0.79,0.71,0.73,0.66,0.65,0.62,0.64,0.7,0.66,LB,DEF,3
Federico Milo,LB,Argentina,0.66,0.8,0.59,0.62,0.68,0.62,0.68,0.77,0.82,0.76,0.73,0.7,0.7,0.71,0.55,0.81,0.63,0.55,0.59,0.63,0.69,0.76,LB,DEF,2
Juan José Mina,RB,Colombia,0.66,0.77,0.4,0.52,0.57,0.61,0.66,0.75,0.79,0.72,0.66,0.54,0.63,0.63,0.83,0.7,0.61,0.58,0.64,0.6,0.57,0.38,RB,DEF,1
Ming Tian,RB,China PR,0.66,0.85,0.35,0.55,0.61,0.59,0.66,0.83,0.87,0.8,0.67,0.6,0.6,0.59,0.83,0.72,0.62,0.6,0.57,0.58,0.56,0.37,RB,DEF,1
Damon Mirani,CB,Holland,0.66,0.56,0.32,0.49,0.53,0.64,0.76,0.4,0.69,0.35,0.62,0.61,0.61,0.77,0.81,0.82,0.64,0.61,0.64,0.62,0.75,0.46,CB,DEF,5
Jeyland Mitchell,CB,Costa Rica,0.66,0.78,0.33,0.38,0.4,0.64,0.76,0.76,0.8,0.7,0.5,0.35,0.53,0.83,0.55,0.87,0.66,0.71,0.6,0.62,0.7,0.42,CB,DEF,5
Bogdan Mitrea,CB,Romania,0.66,0.54,0.55,0.56,0.49,0.65,0.73,0.54,0.54,0.5,0.54,0.52,0.6,0.81,0.6,0.75,0.65,0.63,0.65,0.64,0.68,0.72,CB,DEF,3
Lucas Monzón,CB,Brazil,0.66,0.7,0.24,0.4,0.41,0.66,0.74,0.71,0.69,0.42,0.56,0.6,0.47,0.81,0.65,0.82,0.67,0.63,0.69,0.63,0.66,0.34,CB,DEF,5
Pol Moreno,CB,Spain,0.66,0.56,0.28,0.5,0.4,0.67,0.71,0.59,0.54,0.36,0.55,0.49,0.64,0.81,0.64,0.81,0.68,0.6,0.7,0.61,0.71,0.42,CB,DEF,5
Nicolás Morgantini,RB,Argentina,0.66,0.77,0.5,0.61,0.66,0.61,0.66,0.76,0.77,0.75,0.72,0.65,0.6,0.6,0.74,0.7,0.62,0.61,0.62,0.61,0.55,0.67,RB,DEF,2
Juan David Mosquera,RB,Colombia,0.66,0.79,0.52,0.59,0.68,0.58,0.7,0.8,0.79,0.8,0.65,0.63,0.62,0.7,0.8,0.65,0.65,0.6,0.54,0.6,0.44,0.6,RB,DEF,1
Lukas Mühl,CB,Germany,0.66,0.6,0.37,0.53,0.55,0.64,0.71,0.55,0.64,0.52,0.53,0.62,0.58,0.79,0.56,0.74,0.67,0.65,0.59,0.63,0.66,0.59,CB,DEF,5
Ian Murphy,CB,United States,0.66,0.64,0.28,0.46,0.57,0.69,0.68,0.68,0.6,0.59,0.54,0.57,0.63,0.66,0.72,0.71,0.71,0.66,0.73,0.62,0.64,0.32,CB,DEF,5
Bahlul Mustafazada,CB,Azerbaijan,0.66,0.62,0.26,0.48,0.56,0.67,0.65,0.61,0.63,0.52,0.49,0.59,0.66,0.72,0.64,0.72,0.66,0.63,0.69,0.68,0.65,0.36,CB,DEF,5
Gian Nardelli,CB,Argentina,0.66,0.66,0.42,0.47,0.5,0.66,0.75,0.63,0.68,0.59,0.34,0.55,0.59,0.82,0.68,0.79,0.66,0.65,0.7,0.6,0.67,0.44,CB,DEF,5
Jhon Narváez,CB,Ecuador,0.66,0.72,0.26,0.5,0.57,0.66,0.68,0.71,0.72,0.64,0.66,0.6,0.61,0.64,0.75,0.72,0.64,0.67,0.7,0.66,0.63,0.25,CB,DEF,2
Zé Carlos,RB,Portugal,0.66,0.73,0.45,0.59,0.68,0.61,0.62,0.74,0.72,0.76,0.82,0.66,0.66,0.51,0.74,0.53,0.64,0.61,0.63,0.64,0.43,0.48,RB,DEF,1
Abdallah Ndour,LB,Senegal,0.66,0.71,0.31,0.6,0.65,0.64,0.67,0.7,0.71,0.74,0.67,0.67,0.6,0.72,0.56,0.74,0.64,0.65,0.63,0.64,0.63,0.4,LB,DEF,2
Jalen Neal,CB,United States,0.66,0.6,0.23,0.49,0.59,0.67,0.65,0.63,0.57,0.53,0.63,0.65,0.7,0.71,0.63,0.71,0.66,0.63,0.72,0.68,0.6,0.35,CB,DEF,5
Stefano Negro,CB,Italy,0.66,0.69,0.41,0.52,0.53,0.64,0.72,0.63,0.73,0.53,0.39,0.56,0.65,0.78,0.65,0.76,0.63,0.64,0.66,0.63,0.65,0.54,CB,DEF,5
Nico Neidhart,RB,Germany,0.66,0.65,0.54,0.6,0.66,0.61,0.63,0.74,0.58,0.77,0.76,0.65,0.65,0.54,0.78,0.61,0.63,0.62,0.62,0.62,0.53,0.62,RB,DEF,1
Jakob Nerwinski,RB,United States,0.66,0.76,0.3,0.53,0.56,0.64,0.74,0.74,0.78,0.56,0.58,0.53,0.55,0.74,0.82,0.72,0.66,0.61,0.66,0.65,0.54,0.44,RB,DEF,2
Emmanuel Ntim,CB,Ghana,0.66,0.8,0.25,0.53,0.55,0.66,0.72,0.81,0.79,0.76,0.69,0.52,0.6,0.75,0.73,0.83,0.66,0.65,0.66,0.65,0.65,0.37,CB,DEF,2
George Nurse,LB,England,0.66,0.78,0.53,0.58,0.61,0.63,0.68,0.79,0.77,0.76,0.73,0.59,0.59,0.69,0.7,0.85,0.65,0.63,0.63,0.63,0.61,0.59,LB,DEF,2
Eoghan O'Connell,CB,Republic of Ireland,0.66,0.59,0.41,0.49,0.54,0.63,0.81,0.53,0.63,0.45,0.38,0.58,0.58,0.83,0.82,0.75,0.63,0.61,0.63,0.64,0.64,0.56,CB,DEF,5
Paudie O'Connor,CB,Republic of Ireland,0.66,0.49,0.25,0.4,0.49,0.64,0.81,0.51,0.47,0.5,0.56,0.52,0.6,0.82,0.79,0.74,0.63,0.62,0.64,0.65,0.65,0.35,CB,DEF,5
Dorinel Oancea,RB,Romania,0.66,0.78,0.49,0.59,0.65,0.59,0.66,0.76,0.79,0.78,0.82,0.62,0.63,0.66,0.77,0.6,0.64,0.61,0.6,0.62,0.35,0.6,RB,DEF,1
Jordan Obita,LB,England,0.66,0.64,0.58,0.64,0.63,0.62,0.74,0.63,0.64,0.72,0.7,0.62,0.64,0.76,0.76,0.72,0.62,0.61,0.63,0.62,0.57,0.62,LB,DEF,2
Nathanael Ogbeta,LB,England,0.66,0.8,0.45,0.53,0.66,0.6,0.7,0.79,0.81,0.76,0.69,0.64,0.62,0.74,0.74,0.75,0.61,0.6,0.61,0.6,0.54,0.53,LB,DEF,2
Takuya Ogiwara,LB,Japan,0.66,0.82,0.59,0.64,0.66,0.55,0.71,0.78,0.86,0.75,0.58,0.66,0.57,0.67,0.75,0.67,0.58,0.62,0.51,0.57,0.45,0.82,LB,DEF,1
Oh Ban Suk,CB,Korea Republic,0.66,0.34,0.31,0.43,0.48,0.66,0.74,0.34,0.34,0.39,0.35,0.54,0.5,0.85,0.56,0.75,0.66,0.64,0.62,0.67,0.73,0.38,CB,DEF,5
Nicholas Opoku,CB,Ghana,0.66,0.61,0.37,0.43,0.49,0.65,0.79,0.64,0.59,0.62,0.42,0.53,0.6,0.86,0.7,0.8,0.67,0.67,0.65,0.63,0.64,0.62,CB,DEF,5
Fredrik Oppegård,LB,Norway,0.66,0.8,0.52,0.6,0.64,0.6,0.61,0.8,0.8,0.76,0.7,0.62,0.62,0.6,0.69,0.68,0.64,0.62,0.57,0.62,0.5,0.59,LB,DEF,1
Raul Opruț,LB,Romania,0.66,0.82,0.36,0.55,0.62,0.6,0.71,0.81,0.82,0.74,0.54,0.63,0.57,0.68,0.78,0.76,0.64,0.6,0.57,0.59,0.58,0.6,LB,DEF,2
Luciano Ospina,CB,Colombia,0.66,0.38,0.23,0.35,0.36,0.67,0.74,0.35,0.41,0.36,0.37,0.42,0.61,0.85,0.57,0.71,0.71,0.67,0.66,0.63,0.69,0.37,CB,DEF,5
Robin Østrøm,LB,Norway,0.66,0.69,0.36,0.55,0.58,0.63,0.72,0.67,0.7,0.6,0.55,0.64,0.63,0.77,0.69,0.75,0.65,0.64,0.62,0.62,0.6,0.48,LB,DEF,2
Severin Ottiger,RB,Switzerland,0.66,0.71,0.48,0.59,0.67,0.61,0.69,0.69,0.73,0.77,0.63,0.67,0.63,0.69,0.72,0.62,0.62,0.6,0.64,0.6,0.47,0.58,RB,DEF,2
Peter Ouaneh,CB,France,0.66,0.66,0.3,0.47,0.45,0.65,0.77,0.71,0.62,0.6,0.65,0.5,0.48,0.8,0.75,0.81,0.68,0.69,0.68,0.54,0.66,0.35,CB,DEF,5
Anthony Oyono,RB,Gabon,0.66,0.69,0.36,0.55,0.61,0.61,0.66,0.68,0.69,0.6,0.63,0.62,0.61,0.6,0.78,0.62,0.64,0.63,0.61,0.62,0.52,0.42,RB,DEF,1
Guillermo Pacheco,RB,Chile,0.66,0.67,0.59,0.66,0.64,0.61,0.72,0.65,0.68,0.67,0.59,0.68,0.56,0.74,0.68,0.68,0.63,0.65,0.61,0.59,0.54,0.66,RB,DEF,2
Radovan Pankov,CB,Serbia,0.66,0.52,0.27,0.39,0.42,0.67,0.73,0.5,0.53,0.53,0.53,0.45,0.63,0.76,0.74,0.7,0.68,0.64,0.7,0.66,0.64,0.4,CB,DEF,5
Sotirios Papagiannopoulos,CB,Sweden,0.66,0.56,0.39,0.54,0.58,0.63,0.77,0.55,0.57,0.59,0.56,0.57,0.63,0.82,0.64,0.74,0.64,0.63,0.62,0.61,0.62,0.56,CB,DEF,5
Andrea Papetti,CB,Italy,0.66,0.7,0.46,0.54,0.57,0.63,0.77,0.68,0.72,0.65,0.39,0.59,0.64,0.83,0.74,0.8,0.68,0.67,0.58,0.58,0.66,0.66,CB,DEF,2
Park Cheol Woo,LB,Korea Republic,0.66,0.7,0.46,0.56,0.64,0.61,0.64,0.69,0.71,0.62,0.66,0.6,0.63,0.58,0.8,0.51,0.65,0.59,0.61,0.68,0.35,0.48,LB,DEF,1
Álex Pastor,CB,Spain,0.66,0.57,0.27,0.51,0.53,0.65,0.68,0.59,0.55,0.48,0.53,0.62,0.63,0.76,0.57,0.75,0.65,0.66,0.65,0.61,0.69,0.5,CB,DEF,5
Patryk Peda,CB,Poland,0.66,0.71,0.49,0.55,0.56,0.64,0.73,0.69,0.72,0.58,0.5,0.56,0.62,0.8,0.62,0.78,0.65,0.63,0.62,0.64,0.65,0.74,CB,DEF,2
Patricio Pernicone,CB,Argentina,0.66,0.53,0.33,0.49,0.55,0.66,0.7,0.53,0.53,0.56,0.58,0.6,0.65,0.75,0.64,0.7,0.66,0.67,0.66,0.66,0.63,0.45,CB,DEF,5
Álex Petxa,RB,Spain,0.66,0.7,0.49,0.63,0.62,0.61,0.66,0.69,0.7,0.74,0.73,0.62,0.62,0.6,0.8,0.68,0.63,0.61,0.6,0.59,0.6,0.64,RB,DEF,2
Franz Pfanne,CB,Germany,0.66,0.57,0.47,0.48,0.54,0.64,0.78,0.51,0.62,0.58,0.51,0.54,0.64,0.78,0.81,0.68,0.66,0.65,0.65,0.64,0.58,0.65,CB,DEF,3
Ashley Phillips,CB,England,0.66,0.65,0.27,0.51,0.51,0.66,0.69,0.64,0.66,0.59,0.68,0.52,0.64,0.75,0.63,0.74,0.67,0.64,0.67,0.64,0.63,0.38,CB,DEF,5
Rodrigo Pinheiro,RB,Portugal,0.66,0.79,0.36,0.55,0.6,0.6,0.66,0.78,0.79,0.53,0.59,0.56,0.59,0.66,0.7,0.7,0.64,0.65,0.58,0.59,0.53,0.45,RB,DEF,1
Simon Pirkl,LB,Austria,0.66,0.64,0.47,0.54,0.57,0.63,0.67,0.67,0.62,0.48,0.76,0.64,0.66,0.62,0.8,0.59,0.67,0.61,0.63,0.64,0.47,0.35,LB,DEF,1
Mihai Popescu,CB,Romania,0.66,0.56,0.31,0.47,0.53,0.63,0.71,0.59,0.54,0.34,0.5,0.58,0.57,0.85,0.34,0.79,0.65,0.66,0.59,0.6,0.69,0.44,CB,DEF,5
Alvas Powell,RB,Jamaica,0.66,0.92,0.45,0.55,0.63,0.58,0.74,0.91,0.92,0.75,0.49,0.62,0.6,0.73,0.72,0.82,0.62,0.63,0.54,0.57,0.56,0.62,RB,DEF,2
Dominik Prpić,CB,Croatia,0.66,0.71,0.26,0.39,0.55,0.65,0.72,0.67,0.75,0.53,0.51,0.59,0.66,0.76,0.66,0.76,0.66,0.65,0.65,0.65,0.62,0.37,CB,DEF,5
Christophe Psyché,CB,France,0.66,0.36,0.4,0.5,0.49,0.63,0.79,0.38,0.35,0.47,0.51,0.55,0.65,0.89,0.67,0.72,0.62,0.6,0.64,0.63,0.67,0.6,CB,DEF,5
Arkadiusz Pyrka,RB,Poland,0.66,0.84,0.59,0.59,0.65,0.6,0.53,0.83,0.85,0.77,0.73,0.66,0.56,0.51,0.67,0.62,0.64,0.65,0.59,0.58,0.48,0.56,RB,DEF,1
Stephen Quemper,LB,France,0.66,0.79,0.35,0.59,0.66,0.6,0.72,0.76,0.81,0.71,0.73,0.62,0.56,0.72,0.85,0.78,0.62,0.6,0.57,0.6,0.61,0.25,LB,DEF,1
Joshué Quiñonez,CB,Ecuador,0.66,0.58,0.31,0.52,0.51,0.66,0.66,0.61,0.56,0.66,0.59,0.65,0.66,0.71,0.6,0.72,0.68,0.62,0.65,0.67,0.65,0.39,CB,DEF,5
Stipe Radić,CB,Croatia,0.66,0.58,0.37,0.49,0.46,0.65,0.72,0.57,0.59,0.51,0.47,0.57,0.61,0.79,0.6,0.66,0.65,0.63,0.62,0.71,0.67,0.48,CB,DEF,5
Lilian Raolisoa,RB,France,0.66,0.69,0.38,0.51,0.66,0.66,0.56,0.69,0.69,0.59,0.69,0.65,0.6,0.56,0.53,0.64,0.73,0.71,0.63,0.59,0.58,0.39,RB,DEF,1
Constantin Reiner,CB,Austria,0.66,0.39,0.29,0.54,0.4,0.65,0.78,0.35,0.42,0.32,0.3,0.52,0.58,0.89,0.63,0.72,0.66,0.63,0.64,0.63,0.68,0.46,CB,DEF,5
José-Enrique Ríos Alonso,CB,Germany,0.66,0.71,0.36,0.52,0.54,0.66,0.68,0.68,0.73,0.63,0.59,0.58,0.64,0.69,0.7,0.72,0.67,0.64,0.65,0.66,0.65,0.49,CB,DEF,2
Paul Riveros,CB,Paraguay,0.66,0.66,0.25,0.42,0.55,0.67,0.71,0.68,0.64,0.4,0.56,0.56,0.67,0.73,0.74,0.8,0.69,0.63,0.66,0.64,0.72,0.3,CB,DEF,5
Daniel Rivillo,RB,Venezuela,0.66,0.81,0.49,0.56,0.61,0.63,0.54,0.8,0.82,0.65,0.7,0.69,0.6,0.49,0.55,0.58,0.66,0.62,0.66,0.62,0.48,0.65,RB,DEF,1
Marc Roberts,CB,England,0.66,0.43,0.24,0.42,0.43,0.65,0.73,0.41,0.45,0.38,0.45,0.55,0.62,0.79,0.64,0.7,0.66,0.63,0.63,0.64,0.7,0.33,CB,DEF,5
Matej Rodin,CB,Croatia,0.66,0.46,0.25,0.35,0.42,0.67,0.75,0.54,0.4,0.47,0.39,0.51,0.62,0.83,0.69,0.8,0.66,0.68,0.7,0.62,0.71,0.33,CB,DEF,5
David Rodríguez,RB,Spain,0.66,0.81,0.51,0.57,0.64,0.61,0.66,0.8,0.82,0.79,0.71,0.63,0.54,0.6,0.8,0.71,0.63,0.59,0.62,0.62,0.55,0.56,RB,DEF,1
Max Rosenfelder,CB,Germany,0.66,0.58,0.22,0.48,0.51,0.67,0.61,0.56,0.6,0.56,0.63,0.54,0.66,0.62,0.53,0.73,0.68,0.67,0.68,0.66,0.63,0.28,CB,DEF,5
Mathias Ross,CB,Denmark,0.66,0.38,0.32,0.52,0.54,0.67,0.73,0.44,0.33,0.55,0.5,0.58,0.56,0.76,0.73,0.69,0.68,0.66,0.66,0.65,0.67,0.43,CB,DEF,5
Baptiste Roux,CB,France,0.66,0.58,0.39,0.55,0.57,0.66,0.69,0.55,0.61,0.57,0.48,0.65,0.61,0.76,0.62,0.74,0.65,0.65,0.67,0.65,0.68,0.56,CB,DEF,3
Milan Rundić,CB,Serbia,0.66,0.67,0.37,0.41,0.48,0.64,0.75,0.67,0.67,0.61,0.69,0.6,0.63,0.84,0.64,0.76,0.65,0.63,0.67,0.64,0.56,0.57,CB,DEF,5
Espen Ruud,RB,Norway,0.66,0.46,0.65,0.71,0.65,0.64,0.73,0.48,0.44,0.67,0.64,0.67,0.7,0.73,0.76,0.67,0.64,0.62,0.65,0.64,0.61,0.79,RB,DEF,2
Nicolas Samayoa,CB,Guatemala,0.66,0.55,0.34,0.4,0.41,0.64,0.81,0.52,0.58,0.45,0.5,0.43,0.65,0.9,0.69,0.77,0.65,0.61,0.65,0.63,0.65,0.46,CB,DEF,5
Cristian Săpunaru,CB,Romania,0.66,0.39,0.6,0.62,0.56,0.65,0.74,0.4,0.39,0.5,0.57,0.6,0.62,0.76,0.65,0.67,0.65,0.6,0.68,0.63,0.65,0.66,CB,DEF,3
Marco Saravia,CB,Peru,0.66,0.51,0.44,0.43,0.48,0.68,0.68,0.5,0.51,0.46,0.57,0.6,0.6,0.7,0.67,0.67,0.7,0.66,0.68,0.64,0.67,0.56,CB,DEF,5
Gökhan Sazdağı,RB,Turkey,0.66,0.69,0.64,0.63,0.67,0.6,0.62,0.7,0.68,0.69,0.68,0.65,0.67,0.57,0.73,0.64,0.64,0.58,0.56,0.6,0.59,0.72,RB,DEF,2
Joël Schmied,CB,Switzerland,0.66,0.57,0.33,0.41,0.41,0.67,0.72,0.6,0.54,0.56,0.54,0.42,0.55,0.78,0.71,0.81,0.68,0.67,0.65,0.62,0.75,0.43,CB,DEF,5
Augusto Schott,RB,Argentina,0.66,0.81,0.45,0.56,0.65,0.59,0.61,0.8,0.82,0.73,0.76,0.62,0.63,0.53,0.74,0.63,0.6,0.58,0.6,0.63,0.5,0.52,RB,DEF,1
Erik Schouten,CB,Holland,0.66,0.54,0.34,0.48,0.5,0.68,0.68,0.61,0.48,0.67,0.68,0.53,0.61,0.66,0.68,0.68,0.69,0.67,0.71,0.65,0.64,0.41,CB,DEF,5
Markus Schwabl,RB,Germany,0.66,0.72,0.41,0.53,0.62,0.62,0.74,0.71,0.72,0.69,0.7,0.62,0.56,0.66,0.9,0.7,0.63,0.61,0.61,0.62,0.59,0.49,RB,DEF,2
Sebastian S. Sebulonsen,RB,Norway,0.66,0.82,0.59,0.59,0.63,0.57,0.74,0.8,0.83,0.69,0.64,0.64,0.6,0.74,0.82,0.78,0.59,0.58,0.54,0.57,0.59,0.69,RB,DEF,2
Jenson Seelt,CB,Holland,0.66,0.65,0.35,0.48,0.5,0.65,0.71,0.65,0.65,0.43,0.42,0.55,0.63,0.79,0.63,0.77,0.67,0.64,0.65,0.62,0.67,0.5,CB,DEF,5
Ayumu Seko,CB,Japan,0.66,0.56,0.36,0.52,0.56,0.67,0.71,0.56,0.56,0.6,0.61,0.61,0.68,0.71,0.81,0.7,0.66,0.63,0.69,0.69,0.66,0.53,CB,DEF,3
Cemali Sertel,LB,Turkey,0.66,0.7,0.38,0.59,0.63,0.63,0.68,0.72,0.69,0.63,0.54,0.64,0.63,0.7,0.65,0.74,0.64,0.66,0.61,0.62,0.62,0.52,LB,DEF,2
Filippo Sgarbi,CB,Italy,0.66,0.57,0.29,0.39,0.44,0.66,0.75,0.53,0.61,0.51,0.49,0.53,0.6,0.83,0.64,0.76,0.66,0.65,0.66,0.62,0.7,0.45,CB,DEF,5
Joe Shaughnessy,CB,Republic of Ireland,0.66,0.62,0.23,0.47,0.51,0.67,0.7,0.66,0.58,0.63,0.35,0.5,0.63,0.7,0.73,0.73,0.66,0.63,0.68,0.66,0.7,0.3,CB,DEF,5
Mario Šitum,RB,Croatia,0.66,0.79,0.57,0.65,0.69,0.58,0.64,0.8,0.78,0.78,0.72,0.69,0.59,0.64,0.71,0.72,0.59,0.58,0.57,0.6,0.55,0.65,RB,DEF,2
Thierry Small,LB,England,0.66,0.78,0.51,0.6,0.66,0.6,0.68,0.79,0.78,0.74,0.75,0.65,0.65,0.66,0.73,0.71,0.64,0.6,0.59,0.58,0.53,0.6,LB,DEF,2
Kyle Smith,RB,United States,0.66,0.69,0.26,0.5,0.58,0.64,0.7,0.7,0.68,0.65,0.61,0.56,0.64,0.71,0.7,0.68,0.67,0.67,0.65,0.62,0.53,0.25,RB,DEF,5
Matteo Solini,CB,Italy,0.66,0.42,0.36,0.42,0.47,0.67,0.73,0.44,0.41,0.38,0.63,0.53,0.6,0.76,0.73,0.7,0.68,0.66,0.66,0.64,0.7,0.52,CB,DEF,5
Song Ju Hun,CB,Korea Republic,0.66,0.57,0.35,0.44,0.46,0.63,0.77,0.66,0.5,0.39,0.67,0.52,0.63,0.83,0.68,0.89,0.64,0.59,0.61,0.59,0.78,0.31,CB,DEF,5
Joaquín Sosa,CB,Uruguay,0.66,0.4,0.37,0.6,0.59,0.7,0.66,0.48,0.34,0.52,0.32,0.54,0.67,0.74,0.6,0.64,0.75,0.71,0.73,0.65,0.56,0.55,CB,DEF,3
Samuel Souprayen,CB,France,0.66,0.57,0.36,0.59,0.62,0.64,0.74,0.61,0.54,0.66,0.68,0.6,0.65,0.76,0.73,0.75,0.64,0.61,0.64,0.65,0.65,0.57,CB,DEF,2
Brodie Spencer,RB,Northern Ireland,0.66,0.74,0.45,0.56,0.64,0.61,0.72,0.73,0.74,0.7,0.71,0.66,0.64,0.72,0.72,0.71,0.65,0.62,0.61,0.59,0.53,0.57,RB,DEF,2
Tommy St. Jago,RB,Holland,0.66,0.74,0.32,0.52,0.59,0.64,0.71,0.73,0.74,0.71,0.6,0.63,0.63,0.74,0.65,0.77,0.66,0.65,0.61,0.64,0.62,0.56,RB,DEF,2
Michael Steinwender,CB,Austria,0.66,0.42,0.29,0.44,0.4,0.66,0.75,0.44,0.41,0.39,0.58,0.42,0.62,0.83,0.65,0.72,0.68,0.66,0.64,0.64,0.66,0.39,CB,DEF,5
Mathías Suárez,LB,Paraguay,0.66,0.69,0.46,0.61,0.63,0.61,0.6,0.7,0.68,0.65,0.74,0.62,0.67,0.55,0.7,0.57,0.66,0.63,0.61,0.57,0.47,0.6,LB,DEF,1
Finn Surman,CB,New Zealand,0.66,0.64,0.33,0.47,0.52,0.65,0.78,0.62,0.65,0.51,0.5,0.52,0.7,0.78,0.8,0.74,0.67,0.65,0.63,0.65,0.61,0.38,CB,DEF,5
Iebe Swers,RB,Belgium,0.66,0.86,0.52,0.61,0.67,0.58,0.64,0.84,0.88,0.75,0.75,0.65,0.62,0.64,0.68,0.68,0.62,0.6,0.58,0.58,0.46,0.53,RB,DEF,1
Dawid Szymonowicz,CB,Poland,0.66,0.58,0.36,0.53,0.59,0.65,0.7,0.54,0.62,0.81,0.64,0.62,0.63,0.75,0.58,0.71,0.65,0.63,0.66,0.65,0.66,0.47,CB,DEF,5
Ryan Tafazolli,CB,England,0.66,0.38,0.28,0.42,0.46,0.65,0.76,0.35,0.41,0.31,0.31,0.55,0.64,0.85,0.67,0.7,0.64,0.64,0.66,0.64,0.68,0.37,CB,DEF,5
Edvard Sandvik Tagseth,LB,Norway,0.66,0.78,0.53,0.62,0.68,0.59,0.65,0.78,0.78,0.82,0.86,0.65,0.61,0.57,0.8,0.63,0.6,0.61,0.58,0.62,0.48,0.59,LB,DEF,1
Mehdi Tahrat,CB,Algeria,0.66,0.44,0.26,0.54,0.52,0.66,0.72,0.46,0.42,0.52,0.34,0.61,0.61,0.79,0.61,0.7,0.67,0.64,0.66,0.64,0.65,0.43,CB,DEF,5
Scott Tanser,LB,England,0.66,0.73,0.56,0.63,0.64,0.59,0.59,0.74,0.72,0.72,0.75,0.64,0.6,0.57,0.76,0.64,0.6,0.61,0.6,0.58,0.52,0.63,LB,DEF,1
Dylan Tavares,LB,Cape Verde Islands,0.66,0.74,0.43,0.54,0.63,0.62,0.64,0.72,0.75,0.7,0.8,0.62,0.59,0.61,0.74,0.65,0.64,0.62,0.62,0.63,0.52,0.49,LB,DEF,1
Junior Tchamadeu,RB,Cameroon,0.66,0.82,0.54,0.57,0.66,0.58,0.71,0.85,0.79,0.72,0.73,0.62,0.61,0.67,0.82,0.73,0.59,0.57,0.57,0.59,0.52,0.59,RB,DEF,2
Miro Tenho,CB,Finland,0.66,0.52,0.23,0.49,0.5,0.66,0.71,0.53,0.51,0.39,0.49,0.55,0.65,0.76,0.68,0.72,0.66,0.65,0.66,0.67,0.66,0.34,CB,DEF,5
Serkan Emrecan Terzi,LB,Turkey,0.66,0.71,0.36,0.56,0.65,0.62,0.61,0.73,0.69,0.75,0.72,0.65,0.59,0.59,0.66,0.6,0.64,0.62,0.65,0.63,0.46,0.41,LB,DEF,1
Brahim Traoré,CB,France,0.66,0.67,0.3,0.43,0.48,0.66,0.71,0.64,0.7,0.54,0.5,0.58,0.52,0.79,0.62,0.77,0.68,0.64,0.65,0.67,0.65,0.37,CB,DEF,5
Charles Traoré,LB,Mali,0.66,0.67,0.33,0.53,0.63,0.65,0.73,0.65,0.68,0.66,0.62,0.65,0.63,0.74,0.75,0.74,0.63,0.65,0.66,0.65,0.63,0.45,LB,DEF,2
Boné Uaferro,CB,Germany,0.66,0.37,0.37,0.55,0.55,0.64,0.71,0.35,0.38,0.43,0.5,0.57,0.62,0.86,0.45,0.7,0.64,0.61,0.65,0.64,0.66,0.52,CB,DEF,5
Jacob Une-Larsson,CB,Sweden,0.66,0.66,0.44,0.53,0.49,0.65,0.72,0.6,0.7,0.61,0.8,0.54,0.58,0.7,0.72,0.75,0.67,0.63,0.62,0.64,0.71,0.51,CB,DEF,2
Bjørn Inge Utvik,CB,Norway,0.66,0.41,0.39,0.49,0.52,0.66,0.76,0.42,0.4,0.55,0.55,0.56,0.65,0.8,0.74,0.7,0.66,0.64,0.67,0.65,0.68,0.55,CB,DEF,3
Pavle Vagić,CB,Sweden,0.66,0.69,0.53,0.59,0.66,0.62,0.78,0.67,0.7,0.72,0.67,0.67,0.6,0.79,0.76,0.76,0.65,0.63,0.6,0.61,0.6,0.65,CB,DEF,2
Pol Valentín,RB,Spain,0.66,0.89,0.39,0.56,0.66,0.58,0.67,0.9,0.88,0.88,0.71,0.6,0.62,0.64,0.78,0.71,0.61,0.59,0.59,0.57,0.46,0.55,RB,DEF,1
Damian van Bruggen,CB,Holland,0.66,0.58,0.54,0.5,0.55,0.64,0.74,0.58,0.58,0.55,0.7,0.65,0.64,0.8,0.69,0.74,0.65,0.64,0.61,0.66,0.62,0.71,CB,DEF,3
Tijs Velthuis,CB,Holland,0.66,0.65,0.3,0.46,0.4,0.66,0.72,0.66,0.65,0.37,0.54,0.45,0.62,0.81,0.63,0.78,0.69,0.65,0.65,0.63,0.64,0.45,CB,DEF,5
Viljar Helland Vevatne,CB,Norway,0.66,0.65,0.58,0.56,0.61,0.64,0.77,0.68,0.63,0.63,0.71,0.61,0.63,0.79,0.81,0.78,0.64,0.62,0.62,0.66,0.66,0.67,CB,DEF,2
Vilarrasa,LB,Spain,0.66,0.68,0.49,0.54,0.61,0.65,0.66,0.67,0.69,0.7,0.59,0.5,0.6,0.67,0.67,0.68,0.7,0.67,0.64,0.61,0.58,0.43,LB,DEF,2
Iván Villalba,CB,Paraguay,0.66,0.62,0.33,0.49,0.49,0.65,0.69,0.59,0.65,0.48,0.34,0.65,0.65,0.76,0.62,0.73,0.66,0.64,0.64,0.68,0.61,0.31,CB,DEF,5
Lars Vilsvik,RB,Norway,0.66,0.63,0.57,0.63,0.64,0.62,0.71,0.65,0.61,0.67,0.74,0.65,0.67,0.71,0.77,0.7,0.63,0.61,0.63,0.63,0.58,0.67,RB,DEF,2
Nicolas Vouilloz,CB,Switzerland,0.66,0.66,0.28,0.46,0.45,0.65,0.78,0.65,0.67,0.63,0.6,0.43,0.63,0.81,0.71,0.77,0.67,0.65,0.68,0.59,0.6,0.43,CB,DEF,5
Stipe Vulikić,CB,Croatia,0.66,0.49,0.36,0.46,0.43,0.67,0.68,0.46,0.51,0.4,0.36,0.58,0.61,0.74,0.6,0.73,0.67,0.65,0.67,0.65,0.71,0.5,CB,DEF,5
Oscar Wendt,LB,Sweden,0.66,0.48,0.61,0.68,0.64,0.67,0.66,0.42,0.52,0.66,0.69,0.65,0.68,0.68,0.62,0.62,0.66,0.65,0.68,0.68,0.64,0.7,LB,DEF,3
Christopher Wernitznig,RB,Austria,0.66,0.65,0.65,0.65,0.65,0.62,0.7,0.69,0.61,0.7,0.7,0.65,0.6,0.7,0.71,0.71,0.62,0.6,0.62,0.64,0.61,0.73,RB,DEF,2
Niklas Wiemann,CB,Germany,0.66,0.7,0.39,0.53,0.52,0.64,0.74,0.63,0.76,0.49,0.46,0.55,0.54,0.77,0.7,0.77,0.68,0.68,0.6,0.6,0.68,0.46,CB,DEF,5
Randell Williams,LB,England,0.66,0.88,0.59,0.61,0.68,0.57,0.62,0.9,0.87,0.87,0.82,0.63,0.64,0.59,0.73,0.71,0.57,0.55,0.59,0.58,0.5,0.6,LB,DEF,1
Derrick Williams,CB,Republic of Ireland,0.66,0.66,0.46,0.58,0.62,0.63,0.77,0.66,0.66,0.6,0.53,0.63,0.64,0.8,0.75,0.78,0.62,0.62,0.63,0.65,0.67,0.59,CB,DEF,2
Brendan Wiredu,CB,England,0.66,0.79,0.56,0.6,0.65,0.64,0.76,0.8,0.79,0.73,0.7,0.63,0.61,0.78,0.73,0.83,0.64,0.65,0.62,0.66,0.61,0.55,CB,DEF,2
Scott Wootton,CB,England,0.66,0.42,0.29,0.48,0.53,0.65,0.8,0.38,0.46,0.41,0.53,0.58,0.57,0.87,0.8,0.72,0.66,0.61,0.66,0.62,0.69,0.48,CB,DEF,5
Matthéo Xantippe,LB,France,0.66,0.68,0.38,0.56,0.65,0.62,0.6,0.69,0.68,0.69,0.75,0.72,0.55,0.55,0.62,0.66,0.69,0.68,0.55,0.59,0.65,0.45,LB,DEF,1
Yoon Jong Gyu,RB,Korea Republic,0.66,0.78,0.38,0.57,0.62,0.61,0.65,0.81,0.76,0.73,0.75,0.6,0.61,0.61,0.75,0.68,0.63,0.6,0.62,0.61,0.49,0.32,RB,DEF,1
Bendjaloud Youssouf,RB,Netherlands,0.66,0.74,0.5,0.59,0.64,0.58,0.65,0.73,0.74,0.65,0.75,0.66,0.68,0.58,0.79,0.67,0.58,0.58,0.57,0.59,0.57,0.57,RB,DEF,1
Yun Il Lok,RB,Korea Republic,0.66,0.7,0.57,0.62,0.67,0.63,0.61,0.73,0.68,0.7,0.61,0.7,0.65,0.64,0.57,0.67,0.65,0.57,0.66,0.64,0.52,0.58,RB,DEF,2
Yun Suk Young,LB,Korea Republic,0.66,0.72,0.53,0.59,0.61,0.62,0.73,0.71,0.72,0.69,0.63,0.63,0.59,0.72,0.78,0.74,0.62,0.61,0.62,0.63,0.58,0.58,LB,DEF,2
Vasilis Zagaritis,LB,Greece,0.66,0.81,0.42,0.54,0.63,0.6,0.62,0.77,0.85,0.75,0.81,0.58,0.63,0.57,0.77,0.66,0.63,0.61,0.61,0.59,0.53,0.58,LB,DEF,1
Nicolás Zalazar,CB,Argentina,0.66,0.67,0.36,0.37,0.45,0.66,0.74,0.7,0.65,0.61,0.53,0.58,0.58,0.79,0.67,0.78,0.67,0.64,0.66,0.65,0.63,0.5,CB,DEF,5
Milen Zhelev,RB,Bulgaria,0.66,0.67,0.3,0.47,0.56,0.64,0.78,0.69,0.65,0.6,0.8,0.52,0.67,0.73,0.9,0.61,0.65,0.67,0.67,0.66,0.4,0.3,RB,DEF,1
Hendrick Zuck,LB,Germany,0.66,0.62,0.51,0.65,0.67,0.63,0.57,0.66,0.59,0.76,0.78,0.66,0.67,0.51,0.68,0.6,0.6,0.6,0.68,0.64,0.59,0.66,LB,DEF,1
Dario Župarić,CB,Croatia,0.66,0.44,0.22,0.45,0.55,0.65,0.76,0.45,0.44,0.48,0.53,0.58,0.64,0.82,0.7,0.73,0.66,0.63,0.65,0.64,0.69,0.33,CB,DEF,5
Aly Abeid,LB,Mauritania,0.65,0.74,0.42,0.53,0.62,0.59,0.71,0.73,0.74,0.8,0.74,0.6,0.6,0.71,0.82,0.74,0.61,0.6,0.58,0.58,0.57,0.46,LB,DEF,1
Dirk Abels,RB,Holland,0.65,0.61,0.43,0.55,0.61,0.62,0.71,0.57,0.65,0.61,0.65,0.62,0.61,0.71,0.76,0.7,0.62,0.6,0.62,0.64,0.64,0.51,RB,DEF,2
Rio Adebisi,LB,England,0.65,0.81,0.44,0.54,0.62,0.58,0.69,0.82,0.81,0.81,0.8,0.57,0.55,0.6,0.92,0.81,0.58,0.56,0.56,0.62,0.55,0.44,LB,DEF,1
Will Aimson,CB,England,0.65,0.53,0.33,0.48,0.5,0.64,0.69,0.52,0.54,0.55,0.59,0.52,0.62,0.71,0.57,0.77,0.65,0.62,0.65,0.63,0.66,0.59,CB,DEF,5
Clément Akpa,LB,Côte d'Ivoire,0.65,0.68,0.41,0.52,0.62,0.62,0.6,0.72,0.64,0.63,0.66,0.63,0.62,0.55,0.67,0.68,0.63,0.64,0.61,0.63,0.6,0.42,LB,DEF,1
Hamdi Akujobi,RB,Nigeria,0.65,0.74,0.46,0.61,0.63,0.58,0.7,0.72,0.76,0.65,0.76,0.64,0.63,0.67,0.7,0.62,0.58,0.61,0.56,0.58,0.58,0.59,RB,DEF,1
Mohammed Al Dawsari,RB,Saudi Arabia,0.65,0.78,0.33,0.53,0.61,0.59,0.66,0.77,0.79,0.73,0.78,0.6,0.55,0.58,0.82,0.62,0.65,0.64,0.55,0.58,0.45,0.4,RB,DEF,1
Abdullah Al Khatib,LB,Saudi Arabia,0.65,0.74,0.28,0.49,0.58,0.62,0.74,0.71,0.77,0.65,0.67,0.59,0.6,0.77,0.82,0.77,0.66,0.61,0.59,0.6,0.59,0.4,LB,DEF,2
Saeed Al Muwallad,RB,Saudi Arabia,0.65,0.71,0.47,0.64,0.62,0.56,0.74,0.72,0.71,0.66,0.67,0.68,0.58,0.74,0.8,0.66,0.58,0.59,0.53,0.56,0.57,0.5,RB,DEF,1
Madallah Al Olayan,RB,Saudi Arabia,0.65,0.71,0.46,0.59,0.62,0.6,0.73,0.72,0.7,0.68,0.73,0.61,0.63,0.7,0.81,0.71,0.63,0.59,0.6,0.6,0.55,0.53,RB,DEF,2
Saeed Al Rubaie,CB,Saudi Arabia,0.65,0.63,0.25,0.44,0.43,0.63,0.75,0.52,0.72,0.5,0.53,0.59,0.58,0.82,0.7,0.75,0.65,0.62,0.6,0.63,0.68,0.34,CB,DEF,5
Carlos Albarrán,RB,Spain,0.65,0.75,0.53,0.56,0.6,0.57,0.72,0.76,0.74,0.68,0.53,0.59,0.62,0.73,0.78,0.66,0.59,0.61,0.58,0.6,0.42,0.64,RB,DEF,1
Miiko Albornoz,LB,Chile,0.65,0.62,0.5,0.62,0.65,0.62,0.68,0.64,0.6,0.67,0.7,0.64,0.63,0.64,0.73,0.65,0.63,0.64,0.62,0.61,0.55,0.63,LB,DEF,2
Bastian Allgeier,RB,Germany,0.65,0.73,0.29,0.56,0.59,0.58,0.71,0.69,0.76,0.52,0.48,0.62,0.6,0.75,0.79,0.62,0.6,0.58,0.6,0.59,0.43,0.28,RB,DEF,1
Kevin Amaro,RB,Uruguay,0.65,0.73,0.39,0.52,0.56,0.65,0.68,0.72,0.73,0.72,0.59,0.52,0.45,0.64,0.8,0.66,0.65,0.65,0.66,0.68,0.52,0.41,RB,DEF,1
Isak Helstad Amundsen,CB,Norway,0.65,0.67,0.37,0.48,0.59,0.65,0.72,0.65,0.69,0.54,0.6,0.61,0.6,0.79,0.73,0.77,0.67,0.64,0.65,0.62,0.66,0.45,CB,DEF,5
Hugo Ancajima,RB,Peru,0.65,0.63,0.49,0.53,0.63,0.61,0.66,0.65,0.62,0.56,0.65,0.67,0.6,0.69,0.65,0.68,0.64,0.62,0.59,0.62,0.58,0.52,RB,DEF,1
Danny Andrew,LB,England,0.65,0.56,0.54,0.62,0.62,0.62,0.69,0.53,0.58,0.65,0.59,0.61,0.62,0.71,0.79,0.66,0.64,0.63,0.63,0.61,0.58,0.63,LB,DEF,2
Matteo Angeli,CB,Italy,0.65,0.81,0.49,0.53,0.52,0.64,0.67,0.82,0.81,0.79,0.72,0.51,0.62,0.71,0.62,0.84,0.69,0.66,0.6,0.6,0.7,0.6,CB,DEF,2
Anglada,CB,Spain,0.65,0.63,0.35,0.5,0.55,0.65,0.68,0.61,0.64,0.6,0.66,0.64,0.61,0.69,0.68,0.7,0.66,0.61,0.63,0.66,0.65,0.51,CB,DEF,5
Apostolos Apostolopoulos,LB,Greece,0.65,0.77,0.48,0.61,0.64,0.61,0.58,0.78,0.76,0.6,0.76,0.63,0.57,0.55,0.65,0.68,0.63,0.61,0.6,0.62,0.57,0.57,LB,DEF,1
Gabriel Aranda,CB,Argentina,0.65,0.53,0.3,0.42,0.5,0.65,0.72,0.5,0.55,0.46,0.52,0.48,0.64,0.79,0.64,0.72,0.68,0.61,0.64,0.64,0.66,0.52,CB,DEF,5
Miguel Araujo,CB,Peru,0.65,0.62,0.36,0.48,0.58,0.64,0.71,0.61,0.62,0.62,0.68,0.61,0.63,0.72,0.68,0.73,0.63,0.62,0.64,0.64,0.67,0.52,CB,DEF,5
Allan Arigoni,RB,Switzerland,0.65,0.89,0.38,0.49,0.59,0.6,0.74,0.88,0.9,0.81,0.6,0.59,0.53,0.74,0.74,0.82,0.65,0.6,0.58,0.57,0.58,0.53,RB,DEF,2
Francisco Báez,CB,Paraguay,0.65,0.54,0.28,0.41,0.42,0.67,0.64,0.52,0.55,0.52,0.62,0.47,0.63,0.69,0.52,0.76,0.69,0.64,0.67,0.6,0.78,0.38,CB,DEF,5
Victor Bak,LB,Denmark,0.65,0.82,0.51,0.59,0.63,0.58,0.68,0.81,0.82,0.54,0.72,0.66,0.57,0.74,0.68,0.8,0.61,0.6,0.55,0.55,0.59,0.63,LB,DEF,2
Óscar Baldomar,RB,Bolivia,0.65,0.68,0.3,0.53,0.53,0.63,0.5,0.68,0.68,0.55,0.66,0.5,0.6,0.46,0.6,0.52,0.7,0.68,0.61,0.6,0.5,0.26,RB,DEF,1
Furkan Bayır,CB,Turkey,0.65,0.61,0.31,0.43,0.56,0.64,0.71,0.6,0.62,0.61,0.57,0.59,0.7,0.7,0.7,0.69,0.66,0.65,0.64,0.64,0.61,0.4,CB,DEF,5
Omar Beckles,CB,Grenada,0.65,0.51,0.32,0.45,0.53,0.64,0.78,0.5,0.51,0.54,0.51,0.55,0.62,0.83,0.75,0.73,0.65,0.63,0.63,0.63,0.62,0.46,CB,DEF,5
Florin Bejan,CB,Romania,0.65,0.42,0.32,0.41,0.44,0.63,0.76,0.5,0.36,0.48,0.37,0.5,0.63,0.82,0.65,0.74,0.66,0.6,0.61,0.62,0.65,0.4,CB,DEF,5
Rafik Belghali,RB,Algeria,0.65,0.82,0.6,0.61,0.66,0.6,0.59,0.8,0.83,0.71,0.61,0.64,0.58,0.58,0.57,0.66,0.64,0.61,0.58,0.59,0.51,0.64,RB,DEF,1
Darío,RB,Spain,0.65,0.58,0.32,0.51,0.62,0.64,0.62,0.64,0.53,0.54,0.7,0.65,0.63,0.6,0.66,0.67,0.63,0.7,0.62,0.64,0.63,0.54,RB,DEF,5
César Benítez,CB,Paraguay,0.65,0.7,0.44,0.55,0.62,0.65,0.71,0.7,0.7,0.65,0.66,0.57,0.62,0.74,0.72,0.69,0.69,0.65,0.65,0.64,0.52,0.39,CB,DEF,2
Hugo Benítez,CB,Paraguay,0.65,0.63,0.32,0.42,0.44,0.64,0.76,0.61,0.65,0.45,0.66,0.43,0.5,0.79,0.72,0.76,0.66,0.63,0.66,0.6,0.65,0.4,CB,DEF,5
Joe Bennett,LB,England,0.65,0.61,0.46,0.63,0.63,0.63,0.65,0.59,0.63,0.67,0.67,0.64,0.6,0.64,0.63,0.66,0.63,0.63,0.63,0.62,0.61,0.62,LB,DEF,2
Fernando Bersano,LB,Argentina,0.65,0.68,0.31,0.56,0.63,0.63,0.49,0.66,0.7,0.74,0.9,0.58,0.55,0.39,0.65,0.45,0.69,0.66,0.63,0.61,0.49,0.31,LB,DEF,1
Brynjar Ingi Bjarnason,CB,Iceland,0.65,0.69,0.26,0.49,0.47,0.63,0.77,0.68,0.69,0.49,0.41,0.56,0.6,0.88,0.63,0.81,0.65,0.63,0.62,0.61,0.61,0.42,CB,DEF,5
Andreas Bjelland,CB,Denmark,0.65,0.32,0.44,0.58,0.52,0.64,0.67,0.32,0.32,0.4,0.47,0.59,0.57,0.79,0.43,0.66,0.67,0.63,0.63,0.62,0.66,0.56,CB,DEF,5
Cristian Blanco,LB,Colombia,0.65,0.76,0.34,0.48,0.58,0.64,0.61,0.76,0.76,0.63,0.73,0.55,0.61,0.61,0.68,0.71,0.66,0.62,0.65,0.63,0.58,0.3,LB,DEF,1
Thijmen Blokzijl,CB,Holland,0.65,0.56,0.32,0.51,0.54,0.67,0.63,0.57,0.55,0.54,0.55,0.58,0.65,0.65,0.63,0.66,0.67,0.65,0.67,0.68,0.63,0.52,CB,DEF,5
Radu Boboc,RB,Romania,0.65,0.72,0.51,0.61,0.62,0.61,0.67,0.71,0.72,0.72,0.79,0.6,0.62,0.68,0.7,0.7,0.6,0.61,0.63,0.59,0.57,0.58,RB,DEF,2
Benjamin Böckle,LB,Austria,0.65,0.71,0.34,0.52,0.59,0.6,0.73,0.68,0.74,0.68,0.66,0.57,0.61,0.75,0.81,0.72,0.63,0.6,0.58,0.59,0.59,0.46,LB,DEF,1
Florian Bohnert,RB,Luxembourg,0.65,0.77,0.4,0.54,0.6,0.6,0.67,0.8,0.75,0.74,0.65,0.61,0.59,0.65,0.74,0.73,0.64,0.63,0.57,0.59,0.56,0.37,RB,DEF,1
Kévin Boma,CB,Togo,0.65,0.4,0.37,0.45,0.46,0.66,0.69,0.39,0.4,0.33,0.52,0.55,0.6,0.76,0.62,0.67,0.69,0.65,0.65,0.61,0.66,0.58,CB,DEF,5
Andrés Borge,RB,Spain,0.65,0.68,0.33,0.5,0.55,0.66,0.69,0.67,0.69,0.6,0.66,0.6,0.6,0.72,0.71,0.74,0.68,0.62,0.65,0.64,0.66,0.38,RB,DEF,5
Léo Borges,LB,Brazil,0.65,0.72,0.45,0.62,0.63,0.61,0.66,0.72,0.72,0.75,0.71,0.63,0.58,0.67,0.7,0.71,0.62,0.62,0.59,0.63,0.58,0.54,LB,DEF,2
Axel Borgmann,LB,Germany,0.65,0.69,0.53,0.63,0.65,0.59,0.7,0.68,0.7,0.67,0.7,0.65,0.63,0.68,0.8,0.64,0.6,0.59,0.61,0.57,0.5,0.65,LB,DEF,2
Alexandar Borković,CB,Austria,0.65,0.61,0.34,0.55,0.53,0.66,0.68,0.63,0.59,0.67,0.66,0.51,0.68,0.72,0.66,0.73,0.64,0.63,0.67,0.67,0.65,0.45,CB,DEF,5
Sofyane Bouzamoucha,CB,France,0.65,0.65,0.26,0.39,0.45,0.67,0.64,0.66,0.64,0.45,0.56,0.59,0.69,0.69,0.59,0.67,0.68,0.65,0.7,0.66,0.55,0.33,CB,DEF,5
Cohen Bramall,LB,England,0.65,0.92,0.47,0.59,0.64,0.56,0.66,0.92,0.92,0.83,0.74,0.6,0.56,0.64,0.71,0.72,0.59,0.57,0.57,0.55,0.49,0.55,LB,DEF,1
Louis Breunig,CB,Germany,0.65,0.7,0.26,0.5,0.5,0.67,0.66,0.65,0.74,0.61,0.58,0.48,0.62,0.71,0.63,0.73,0.69,0.66,0.68,0.64,0.64,0.29,CB,DEF,5
Patrick Brough,LB,England,0.65,0.74,0.5,0.54,0.58,0.6,0.8,0.71,0.77,0.62,0.53,0.6,0.61,0.84,0.82,0.83,0.6,0.57,0.59,0.59,0.65,0.57,LB,DEF,2
Andreas Bruus,RB,Denmark,0.65,0.79,0.53,0.63,0.62,0.58,0.67,0.8,0.78,0.69,0.65,0.63,0.59,0.68,0.71,0.72,0.61,0.6,0.58,0.56,0.54,0.65,RB,DEF,1
Guille Bueno,LB,Spain,0.65,0.78,0.33,0.57,0.7,0.58,0.62,0.81,0.76,0.86,0.81,0.68,0.6,0.58,0.76,0.61,0.58,0.57,0.6,0.63,0.43,0.36,LB,DEF,1
Lars Bünning,CB,Germany,0.65,0.84,0.41,0.55,0.55,0.63,0.71,0.79,0.88,0.6,0.6,0.59,0.59,0.76,0.64,0.83,0.66,0.64,0.63,0.58,0.65,0.58,CB,DEF,2
Dan Butler,LB,England,0.65,0.73,0.45,0.57,0.62,0.59,0.71,0.73,0.73,0.76,0.71,0.6,0.62,0.67,0.81,0.76,0.61,0.57,0.6,0.6,0.52,0.51,LB,DEF,1
Walter Cabrera,CB,Paraguay,0.65,0.54,0.36,0.44,0.47,0.66,0.69,0.55,0.53,0.45,0.58,0.55,0.58,0.78,0.57,0.73,0.67,0.65,0.66,0.63,0.65,0.39,CB,DEF,5
Bruno Cabrera,CB,Paraguay,0.65,0.68,0.5,0.55,0.58,0.64,0.71,0.67,0.68,0.7,0.65,0.55,0.65,0.71,0.7,0.72,0.65,0.61,0.66,0.63,0.6,0.32,CB,DEF,2
Aaron Calver,CB,Australia,0.65,0.62,0.33,0.51,0.52,0.62,0.77,0.59,0.65,0.56,0.59,0.54,0.59,0.82,0.7,0.78,0.61,0.57,0.64,0.62,0.68,0.41,CB,DEF,5
Pablo Camacho,RB,Venezuela,0.65,0.65,0.43,0.58,0.54,0.65,0.67,0.64,0.66,0.64,0.59,0.56,0.57,0.73,0.61,0.74,0.68,0.66,0.64,0.61,0.68,0.49,RB,DEF,5
Simone Canestrelli,CB,Italy,0.65,0.65,0.39,0.48,0.46,0.65,0.73,0.63,0.67,0.46,0.48,0.52,0.64,0.76,0.78,0.75,0.73,0.69,0.59,0.62,0.63,0.6,CB,DEF,5
Rafael Santos,LB,Brazil,0.65,0.72,0.43,0.54,0.59,0.6,0.64,0.74,0.71,0.66,0.64,0.51,0.57,0.61,0.69,0.62,0.67,0.68,0.57,0.59,0.45,0.45,LB,DEF,1
Florian Carstens,CB,Germany,0.65,0.54,0.27,0.43,0.43,0.64,0.75,0.48,0.58,0.34,0.4,0.52,0.58,0.86,0.6,0.75,0.68,0.62,0.66,0.57,0.66,0.45,CB,DEF,5
Sava-Arangel Čestić,CB,Serbia,0.65,0.48,0.28,0.42,0.49,0.63,0.77,0.45,0.5,0.49,0.46,0.49,0.58,0.89,0.63,0.74,0.66,0.62,0.62,0.61,0.64,0.48,CB,DEF,5
Martín Chiatti,CB,Argentina,0.65,0.62,0.31,0.56,0.53,0.63,0.71,0.55,0.67,0.45,0.53,0.65,0.6,0.8,0.65,0.8,0.64,0.62,0.61,0.62,0.73,0.38,CB,DEF,5
Choi Kyu Baek,CB,Korea Republic,0.65,0.62,0.28,0.51,0.44,0.64,0.72,0.6,0.64,0.61,0.58,0.47,0.65,0.75,0.71,0.73,0.65,0.63,0.64,0.63,0.64,0.43,CB,DEF,5
Mateusz Cichocki,CB,Poland,0.65,0.56,0.3,0.47,0.47,0.66,0.69,0.58,0.54,0.55,0.6,0.59,0.65,0.73,0.68,0.72,0.66,0.64,0.66,0.65,0.67,0.33,CB,DEF,5
Andrejs Cigaņiks,LB,Latvia,0.65,0.69,0.52,0.6,0.6,0.58,0.63,0.68,0.69,0.73,0.82,0.58,0.64,0.57,0.78,0.57,0.62,0.67,0.55,0.56,0.48,0.54,LB,DEF,1
Giorgio Cittadini,CB,Italy,0.65,0.45,0.28,0.39,0.4,0.68,0.62,0.45,0.45,0.39,0.62,0.42,0.58,0.67,0.52,0.65,0.71,0.69,0.64,0.66,0.7,0.44,CB,DEF,5
Sean Clare,RB,England,0.65,0.73,0.5,0.58,0.62,0.62,0.72,0.72,0.73,0.63,0.39,0.62,0.6,0.74,0.71,0.78,0.62,0.59,0.61,0.62,0.64,0.6,RB,DEF,2
Alexandre Coeff,RB,France,0.65,0.48,0.52,0.61,0.62,0.64,0.78,0.41,0.53,0.73,0.6,0.68,0.62,0.8,0.85,0.69,0.63,0.63,0.61,0.67,0.66,0.62,RB,DEF,3
Gabriel Compagnucci,RB,Argentina,0.65,0.75,0.58,0.59,0.63,0.59,0.62,0.78,0.72,0.61,0.71,0.65,0.61,0.64,0.67,0.73,0.65,0.65,0.51,0.6,0.58,0.7,RB,DEF,2
Callum Connolly,CB,England,0.65,0.57,0.56,0.62,0.63,0.63,0.74,0.59,0.56,0.68,0.71,0.63,0.62,0.74,0.73,0.72,0.63,0.63,0.64,0.63,0.64,0.65,CB,DEF,2
Tommaso Corazza,LB,Italy,0.65,0.66,0.56,0.61,0.67,0.65,0.58,0.61,0.7,0.7,0.75,0.66,0.59,0.64,0.41,0.65,0.66,0.67,0.64,0.66,0.57,0.7,LB,DEF,2
Kobe Corbanie,RB,Belgium,0.65,0.74,0.53,0.62,0.66,0.6,0.49,0.73,0.75,0.7,0.65,0.69,0.45,0.41,0.56,0.49,0.67,0.68,0.53,0.62,0.48,0.65,RB,DEF,1
Juan Cornejo,CB,Chile,0.65,0.74,0.57,0.63,0.63,0.63,0.72,0.72,0.75,0.71,0.53,0.59,0.66,0.76,0.7,0.8,0.63,0.66,0.63,0.62,0.65,0.72,CB,DEF,2
Cristian Costin,RB,Romania,0.65,0.83,0.53,0.58,0.65,0.58,0.67,0.85,0.82,0.81,0.88,0.61,0.56,0.6,0.82,0.74,0.6,0.6,0.57,0.56,0.55,0.58,RB,DEF,1
Valentin Crețu,RB,Romania,0.65,0.69,0.31,0.53,0.58,0.6,0.75,0.68,0.69,0.77,0.77,0.57,0.58,0.7,0.84,0.63,0.65,0.63,0.58,0.61,0.49,0.5,RB,DEF,1
Svenn Crone,RB,Denmark,0.65,0.75,0.41,0.58,0.64,0.59,0.66,0.75,0.75,0.79,0.72,0.63,0.65,0.6,0.79,0.65,0.6,0.59,0.6,0.59,0.5,0.49,RB,DEF,1
Mladen Cvjetinovic,CB,Germany,0.65,0.63,0.25,0.4,0.45,0.65,0.7,0.64,0.63,0.55,0.5,0.61,0.59,0.74,0.64,0.73,0.69,0.68,0.64,0.59,0.61,0.44,CB,DEF,5
Lennart Czyborra,LB,Germany,0.65,0.73,0.46,0.59,0.64,0.6,0.69,0.7,0.75,0.75,0.7,0.63,0.62,0.69,0.7,0.63,0.63,0.61,0.57,0.63,0.48,0.71,LB,DEF,1
Fredrik K. Dahl,CB,Norway,0.65,0.67,0.41,0.54,0.6,0.65,0.66,0.69,0.66,0.7,0.72,0.59,0.64,0.71,0.64,0.74,0.66,0.64,0.66,0.64,0.64,0.52,CB,DEF,2
Marc Dal Hende,LB,Denmark,0.65,0.67,0.57,0.58,0.62,0.62,0.81,0.64,0.69,0.56,0.73,0.64,0.61,0.83,0.77,0.79,0.64,0.61,0.61,0.58,0.66,0.63,LB,DEF,2
Juande,CB,Spain,0.65,0.65,0.35,0.51,0.5,0.65,0.65,0.66,0.65,0.53,0.56,0.52,0.62,0.74,0.49,0.74,0.66,0.65,0.64,0.67,0.63,0.44,CB,DEF,5
Kevin De La Hoz,RB,Venezuela,0.65,0.65,0.42,0.5,0.54,0.65,0.67,0.55,0.73,0.64,0.73,0.65,0.66,0.68,0.65,0.67,0.68,0.65,0.64,0.62,0.65,0.45,RB,DEF,2
Robbie Deas,CB,Scotland,0.65,0.53,0.32,0.47,0.56,0.65,0.63,0.5,0.55,0.64,0.51,0.6,0.61,0.69,0.5,0.67,0.66,0.62,0.66,0.63,0.69,0.48,CB,DEF,5
Carlos Delgado,CB,Spain,0.65,0.43,0.36,0.51,0.51,0.67,0.66,0.5,0.38,0.6,0.46,0.58,0.64,0.66,0.71,0.73,0.7,0.66,0.64,0.69,0.63,0.51,CB,DEF,3
Mickey Demetriou,CB,England,0.65,0.51,0.47,0.55,0.57,0.63,0.75,0.5,0.52,0.58,0.7,0.57,0.61,0.76,0.81,0.8,0.63,0.62,0.63,0.64,0.66,0.58,CB,DEF,3
Lars Dietz,CB,Germany,0.65,0.62,0.37,0.53,0.58,0.63,0.73,0.55,0.68,0.63,0.53,0.58,0.61,0.79,0.66,0.74,0.64,0.62,0.6,0.65,0.65,0.56,CB,DEF,5
Marko Divković,LB,Croatia,0.65,0.8,0.58,0.62,0.65,0.56,0.64,0.77,0.82,0.75,0.68,0.67,0.62,0.65,0.78,0.73,0.57,0.55,0.55,0.58,0.57,0.66,LB,DEF,1
Robson,CB,Brazil,0.65,0.73,0.38,0.51,0.44,0.62,0.76,0.7,0.75,0.45,0.65,0.51,0.66,0.8,0.71,0.78,0.62,0.59,0.62,0.64,0.63,0.4,CB,DEF,5
Diogo Calila,RB,Portugal,0.65,0.7,0.47,0.56,0.67,0.61,0.66,0.72,0.69,0.72,0.68,0.66,0.63,0.68,0.65,0.64,0.61,0.64,0.64,0.61,0.45,0.52,RB,DEF,1
Micael,CB,Brazil,0.65,0.7,0.26,0.45,0.51,0.64,0.71,0.64,0.74,0.46,0.61,0.51,0.6,0.78,0.61,0.75,0.66,0.6,0.63,0.65,0.6,0.43,CB,DEF,5
Issiar Dramé,CB,Mali,0.65,0.68,0.26,0.4,0.49,0.65,0.7,0.7,0.66,0.69,0.46,0.52,0.6,0.77,0.6,0.79,0.69,0.63,0.64,0.61,0.69,0.4,CB,DEF,5
Daniel Eid,RB,Norway,0.65,0.78,0.55,0.57,0.59,0.57,0.68,0.78,0.78,0.63,0.6,0.62,0.58,0.69,0.81,0.7,0.61,0.58,0.57,0.55,0.5,0.69,RB,DEF,1
Noah Eile,CB,Sweden,0.65,0.73,0.26,0.45,0.49,0.63,0.72,0.66,0.78,0.59,0.35,0.59,0.58,0.76,0.62,0.73,0.62,0.6,0.64,0.66,0.58,0.39,CB,DEF,5
Victor Eriksson,CB,Sweden,0.65,0.62,0.36,0.49,0.48,0.63,0.76,0.55,0.68,0.46,0.48,0.54,0.62,0.81,0.7,0.75,0.62,0.61,0.64,0.63,0.64,0.58,CB,DEF,5
Ertuğrul Ersoy,CB,Turkey,0.65,0.49,0.29,0.42,0.5,0.64,0.76,0.54,0.44,0.48,0.54,0.48,0.62,0.8,0.71,0.73,0.67,0.66,0.63,0.61,0.64,0.45,CB,DEF,5
Tiri,CB,Spain,0.65,0.5,0.38,0.54,0.49,0.66,0.72,0.53,0.48,0.34,0.3,0.5,0.55,0.8,0.65,0.72,0.63,0.62,0.7,0.67,0.63,0.55,CB,DEF,5
Santiago Etchebarne,CB,Uruguay,0.65,0.58,0.25,0.37,0.37,0.67,0.73,0.48,0.67,0.42,0.53,0.48,0.51,0.84,0.57,0.69,0.64,0.63,0.72,0.69,0.56,0.31,CB,DEF,5
Jean Lambert Evan's,LB,France,0.65,0.7,0.45,0.57,0.64,0.61,0.63,0.72,0.69,0.69,0.56,0.64,0.52,0.61,0.7,0.69,0.64,0.58,0.62,0.59,0.59,0.56,LB,DEF,1
Maryan Faryna,CB,Ukraine,0.65,0.68,0.34,0.51,0.6,0.66,0.65,0.69,0.68,0.61,0.62,0.61,0.6,0.66,0.67,0.73,0.65,0.62,0.62,0.71,0.7,0.52,CB,DEF,2
Juan Ibiza,CB,Spain,0.65,0.55,0.35,0.48,0.49,0.64,0.68,0.53,0.56,0.46,0.59,0.6,0.67,0.75,0.55,0.69,0.64,0.63,0.64,0.66,0.62,0.5,CB,DEF,5
Sadik Fofana,CB,Germany,0.65,0.69,0.45,0.57,0.58,0.62,0.73,0.66,0.72,0.53,0.53,0.63,0.59,0.81,0.62,0.79,0.64,0.6,0.62,0.58,0.67,0.57,CB,DEF,5
Héctor Fort,RB,Spain,0.65,0.73,0.35,0.6,0.59,0.62,0.61,0.69,0.76,0.62,0.76,0.62,0.59,0.6,0.54,0.69,0.62,0.59,0.63,0.62,0.64,0.43,RB,DEF,1
Matías Fracchia,CB,Uruguay,0.65,0.59,0.47,0.54,0.49,0.63,0.73,0.63,0.55,0.49,0.67,0.56,0.67,0.8,0.58,0.73,0.66,0.66,0.65,0.55,0.56,0.73,CB,DEF,5
Marcus Fraser,CB,Scotland,0.65,0.71,0.39,0.53,0.59,0.65,0.75,0.68,0.73,0.68,0.66,0.6,0.61,0.73,0.87,0.74,0.66,0.64,0.65,0.63,0.63,0.46,CB,DEF,2
Ulrik Fredriksen,CB,Norway,0.65,0.49,0.31,0.51,0.51,0.63,0.77,0.49,0.49,0.53,0.57,0.54,0.62,0.84,0.73,0.72,0.64,0.62,0.64,0.63,0.6,0.52,CB,DEF,5
Juan Freytes,CB,Argentina,0.65,0.61,0.46,0.54,0.63,0.64,0.71,0.6,0.62,0.63,0.51,0.62,0.66,0.77,0.7,0.74,0.66,0.61,0.63,0.62,0.63,0.66,CB,DEF,2
Fu Huan,RB,China PR,0.65,0.76,0.35,0.57,0.61,0.62,0.61,0.75,0.76,0.73,0.65,0.58,0.59,0.58,0.67,0.67,0.62,0.61,0.64,0.62,0.57,0.43,RB,DEF,1
Declan Gallagher,CB,Scotland,0.65,0.31,0.31,0.47,0.47,0.64,0.76,0.31,0.31,0.56,0.31,0.53,0.58,0.88,0.57,0.7,0.64,0.6,0.65,0.62,0.66,0.57,CB,DEF,5
Valerică Găman,CB,Romania,0.65,0.53,0.57,0.54,0.5,0.65,0.71,0.53,0.53,0.53,0.56,0.51,0.6,0.78,0.6,0.74,0.65,0.64,0.64,0.64,0.69,0.63,CB,DEF,5
Gustavo Garcia,RB,Brazil,0.65,0.77,0.39,0.55,0.68,0.6,0.55,0.75,0.78,0.76,0.77,0.68,0.6,0.46,0.67,0.57,0.62,0.55,0.59,0.62,0.53,0.47,RB,DEF,1
Pep Gayà,CB,Spain,0.65,0.47,0.32,0.49,0.51,0.65,0.71,0.51,0.43,0.45,0.45,0.6,0.6,0.74,0.65,0.69,0.65,0.64,0.67,0.64,0.65,0.45,CB,DEF,5
Max Geschwill,CB,Germany,0.65,0.69,0.31,0.47,0.57,0.66,0.66,0.64,0.73,0.69,0.64,0.55,0.62,0.69,0.65,0.7,0.69,0.62,0.66,0.62,0.64,0.27,CB,DEF,5
Niklas Geyrhofer,CB,Austria,0.65,0.57,0.3,0.47,0.46,0.65,0.7,0.51,0.62,0.44,0.59,0.56,0.62,0.76,0.63,0.71,0.65,0.64,0.65,0.64,0.66,0.41,CB,DEF,5
Alaa Ghram,CB,Tunisia,0.65,0.71,0.36,0.5,0.59,0.64,0.69,0.73,0.7,0.62,0.6,0.61,0.62,0.73,0.65,0.78,0.66,0.65,0.63,0.64,0.64,0.56,CB,DEF,2
Alfie Gilchrist,CB,England,0.65,0.6,0.37,0.53,0.53,0.65,0.65,0.57,0.62,0.57,0.55,0.58,0.6,0.67,0.57,0.59,0.67,0.65,0.63,0.65,0.65,0.45,CB,DEF,5
Macaulay Gillesphey,CB,England,0.65,0.52,0.41,0.51,0.55,0.63,0.74,0.51,0.53,0.51,0.63,0.55,0.63,0.78,0.71,0.72,0.63,0.62,0.64,0.62,0.65,0.57,CB,DEF,5
Diago Giménez,CB,Argentina,0.65,0.65,0.54,0.61,0.61,0.66,0.64,0.65,0.65,0.54,0.63,0.65,0.6,0.6,0.68,0.67,0.7,0.65,0.65,0.65,0.6,0.6,CB,DEF,2
Patrick Göbel,RB,Germany,0.65,0.73,0.52,0.64,0.65,0.56,0.63,0.75,0.72,0.83,0.86,0.64,0.6,0.57,0.8,0.56,0.58,0.58,0.58,0.59,0.39,0.6,RB,DEF,1
Miguel Silva,LB,Portugal,0.65,0.74,0.4,0.56,0.63,0.58,0.73,0.72,0.76,0.65,0.52,0.64,0.6,0.77,0.76,0.66,0.64,0.63,0.57,0.57,0.42,0.44,LB,DEF,1
Facundo González,CB,Uruguay,0.65,0.53,0.31,0.5,0.45,0.66,0.66,0.56,0.51,0.33,0.4,0.62,0.57,0.74,0.61,0.71,0.68,0.69,0.65,0.65,0.66,0.45,CB,DEF,5
Liam Gordon,LB,Guyana,0.65,0.8,0.47,0.54,0.61,0.57,0.7,0.81,0.8,0.73,0.7,0.57,0.61,0.7,0.9,0.66,0.58,0.56,0.58,0.63,0.44,0.52,LB,DEF,1
Daniel Graovac,CB,Bosnia and Herzegovina,0.65,0.36,0.4,0.57,0.48,0.65,0.7,0.39,0.33,0.45,0.47,0.51,0.65,0.72,0.67,0.65,0.68,0.63,0.64,0.64,0.66,0.42,CB,DEF,5
Tayvon Gray,RB,Jamaica,0.65,0.78,0.3,0.52,0.64,0.62,0.64,0.79,0.77,0.76,0.64,0.6,0.6,0.63,0.69,0.62,0.66,0.6,0.65,0.62,0.43,0.34,RB,DEF,1
Jack Grimmer,RB,Scotland,0.65,0.73,0.53,0.54,0.62,0.62,0.73,0.75,0.71,0.69,0.68,0.6,0.62,0.74,0.74,0.76,0.63,0.61,0.62,0.64,0.59,0.6,RB,DEF,2
Darijo Grujčić,CB,Austria,0.65,0.64,0.23,0.42,0.46,0.65,0.74,0.67,0.61,0.64,0.47,0.45,0.6,0.78,0.69,0.78,0.67,0.63,0.64,0.62,0.68,0.37,CB,DEF,5
David Gugganig,CB,Austria,0.65,0.48,0.36,0.48,0.46,0.66,0.67,0.5,0.47,0.52,0.53,0.52,0.6,0.7,0.62,0.68,0.67,0.63,0.65,0.65,0.7,0.5,CB,DEF,5
Lasse Günther,LB,Germany,0.65,0.83,0.59,0.61,0.67,0.55,0.63,0.81,0.84,0.72,0.71,0.68,0.63,0.63,0.72,0.7,0.58,0.54,0.55,0.54,0.51,0.67,LB,DEF,1
Daniel Gutiérrez,CB,Chile,0.65,0.63,0.22,0.46,0.6,0.65,0.7,0.62,0.64,0.58,0.65,0.58,0.61,0.73,0.68,0.72,0.67,0.67,0.64,0.63,0.63,0.35,CB,DEF,5
Maximiliano Gutiérrez,RB,Chile,0.65,0.76,0.47,0.53,0.63,0.58,0.7,0.74,0.78,0.66,0.58,0.63,0.58,0.74,0.82,0.64,0.62,0.62,0.58,0.57,0.39,0.48,RB,DEF,1
Samuel Guzmán,LB,Bolivia,0.65,0.71,0.56,0.61,0.64,0.56,0.55,0.72,0.7,0.73,0.75,0.65,0.62,0.47,0.81,0.53,0.61,0.64,0.52,0.57,0.46,0.55,LB,DEF,1
Steffen Hagen,CB,Norway,0.65,0.32,0.36,0.51,0.46,0.67,0.65,0.31,0.33,0.31,0.44,0.57,0.68,0.72,0.56,0.62,0.67,0.65,0.68,0.65,0.65,0.45,CB,DEF,5
Stefan Hajdin,LB,Serbia,0.65,0.65,0.61,0.65,0.63,0.59,0.68,0.64,0.66,0.58,0.51,0.68,0.64,0.7,0.71,0.7,0.58,0.59,0.61,0.58,0.61,0.62,LB,DEF,2
Grant Hall,CB,England,0.65,0.55,0.39,0.47,0.44,0.65,0.69,0.52,0.57,0.52,0.44,0.55,0.63,0.77,0.57,0.72,0.64,0.64,0.65,0.66,0.66,0.43,CB,DEF,5
Daniel Hall,CB,Australia,0.65,0.76,0.24,0.44,0.53,0.63,0.77,0.74,0.77,0.58,0.59,0.59,0.57,0.78,0.77,0.78,0.68,0.65,0.55,0.66,0.59,0.35,CB,DEF,5
Aapo Halme,CB,Finland,0.65,0.47,0.21,0.45,0.55,0.63,0.71,0.45,0.48,0.39,0.33,0.62,0.62,0.78,0.58,0.7,0.62,0.62,0.6,0.66,0.66,0.31,CB,DEF,5
Brendan Hamill,CB,Australia,0.65,0.33,0.41,0.51,0.49,0.67,0.65,0.34,0.33,0.5,0.34,0.55,0.58,0.76,0.42,0.64,0.7,0.63,0.7,0.62,0.61,0.5,CB,DEF,5
Denis Haruț,CB,Romania,0.65,0.72,0.41,0.6,0.58,0.64,0.71,0.7,0.74,0.69,0.73,0.61,0.63,0.71,0.71,0.74,0.65,0.62,0.64,0.64,0.61,0.6,CB,DEF,2
Nias Hefti,LB,Switzerland,0.65,0.71,0.43,0.57,0.65,0.59,0.54,0.75,0.68,0.86,0.82,0.65,0.64,0.49,0.67,0.55,0.62,0.61,0.59,0.6,0.47,0.54,LB,DEF,1
Torbjørn L. Heggem,CB,Norway,0.65,0.7,0.39,0.57,0.58,0.64,0.69,0.67,0.72,0.53,0.52,0.61,0.62,0.7,0.7,0.72,0.65,0.62,0.62,0.64,0.65,0.46,CB,DEF,5
Henrik Heggheim,CB,Norway,0.65,0.72,0.33,0.51,0.57,0.64,0.71,0.7,0.74,0.56,0.63,0.64,0.6,0.75,0.72,0.76,0.66,0.64,0.63,0.62,0.66,0.48,CB,DEF,2
Nicolás Hernández,CB,Colombia,0.65,0.7,0.21,0.51,0.49,0.64,0.75,0.7,0.7,0.57,0.62,0.6,0.58,0.81,0.77,0.8,0.64,0.67,0.63,0.62,0.64,0.3,CB,DEF,5
Manu Hernando,CB,Spain,0.65,0.6,0.42,0.49,0.58,0.65,0.72,0.55,0.64,0.6,0.62,0.61,0.64,0.75,0.72,0.71,0.64,0.64,0.68,0.63,0.65,0.53,CB,DEF,5
Leo Hjelde,LB,Norway,0.65,0.67,0.32,0.54,0.6,0.64,0.67,0.62,0.71,0.59,0.43,0.63,0.61,0.74,0.57,0.73,0.65,0.64,0.64,0.62,0.65,0.29,LB,DEF,5
Niklas Hoffmann,CB,Germany,0.65,0.38,0.36,0.52,0.54,0.63,0.74,0.34,0.42,0.55,0.51,0.55,0.63,0.77,0.67,0.66,0.66,0.62,0.62,0.61,0.66,0.62,CB,DEF,5
Hong Jung Un,CB,Korea Republic,0.65,0.54,0.38,0.54,0.53,0.63,0.75,0.59,0.5,0.56,0.58,0.57,0.57,0.8,0.66,0.8,0.64,0.63,0.59,0.62,0.71,0.58,CB,DEF,5
Arttu Hoskonen,CB,Finland,0.65,0.6,0.36,0.49,0.49,0.65,0.72,0.61,0.6,0.43,0.54,0.6,0.64,0.83,0.63,0.78,0.65,0.64,0.65,0.63,0.65,0.5,CB,DEF,5
David Hrncar,RB,Slovakia,0.65,0.7,0.48,0.56,0.58,0.6,0.61,0.66,0.73,0.56,0.52,0.63,0.63,0.65,0.64,0.66,0.61,0.61,0.6,0.58,0.57,0.43,RB,DEF,1
Abbas Hüseynov,RB,Azerbaijan,0.65,0.7,0.4,0.59,0.66,0.61,0.64,0.72,0.69,0.68,0.67,0.65,0.58,0.68,0.62,0.73,0.61,0.56,0.63,0.6,0.61,0.51,RB,DEF,1
Remeao Hutton,RB,England,0.65,0.84,0.45,0.59,0.64,0.56,0.72,0.85,0.84,0.82,0.76,0.59,0.57,0.64,0.91,0.72,0.58,0.56,0.54,0.56,0.51,0.59,RB,DEF,1
Sebastien Ibeagha,CB,United States,0.65,0.66,0.26,0.46,0.45,0.64,0.69,0.66,0.66,0.31,0.42,0.44,0.64,0.79,0.53,0.77,0.65,0.66,0.68,0.55,0.63,0.39,CB,DEF,5
Matei Ilie,CB,Romania,0.65,0.7,0.29,0.42,0.51,0.64,0.74,0.72,0.69,0.55,0.62,0.54,0.62,0.8,0.69,0.81,0.67,0.62,0.63,0.61,0.64,0.37,CB,DEF,5
Rareș Ispas,LB,Romania,0.65,0.8,0.27,0.56,0.62,0.59,0.61,0.77,0.83,0.79,0.71,0.63,0.58,0.56,0.67,0.58,0.61,0.63,0.6,0.6,0.43,0.35,LB,DEF,1
Lachlan Jackson,CB,Australia,0.65,0.44,0.26,0.42,0.45,0.65,0.75,0.35,0.51,0.34,0.34,0.52,0.57,0.87,0.63,0.76,0.64,0.6,0.67,0.61,0.71,0.35,CB,DEF,5
Adam Jackson,CB,England,0.65,0.49,0.3,0.42,0.5,0.64,0.7,0.48,0.49,0.56,0.58,0.52,0.61,0.8,0.5,0.8,0.65,0.63,0.64,0.62,0.65,0.4,CB,DEF,5
Tomás Jacob,RB,Argentina,0.65,0.74,0.35,0.53,0.6,0.61,0.62,0.71,0.76,0.66,0.69,0.57,0.58,0.58,0.7,0.63,0.61,0.64,0.61,0.62,0.51,0.34,RB,DEF,1
Joey Jacobs,CB,Holland,0.65,0.54,0.33,0.45,0.43,0.66,0.71,0.52,0.55,0.5,0.62,0.45,0.64,0.72,0.75,0.69,0.65,0.64,0.67,0.66,0.65,0.46,CB,DEF,5
Kilian Jakob,LB,Germany,0.65,0.8,0.4,0.57,0.62,0.57,0.65,0.77,0.83,0.69,0.66,0.66,0.6,0.61,0.72,0.72,0.57,0.58,0.55,0.59,0.59,0.49,LB,DEF,1
Tom James,RB,Wales,0.65,0.68,0.59,0.61,0.61,0.59,0.74,0.69,0.67,0.72,0.72,0.58,0.62,0.69,0.83,0.74,0.6,0.59,0.59,0.6,0.54,0.7,RB,DEF,2
Luther James-Wildin,RB,Antigua and Barbuda,0.65,0.8,0.49,0.53,0.6,0.59,0.74,0.81,0.8,0.75,0.67,0.55,0.6,0.73,0.8,0.84,0.61,0.58,0.6,0.58,0.51,0.53,RB,DEF,2
Luca Jaquez,CB,Switzerland,0.65,0.57,0.41,0.52,0.58,0.63,0.75,0.6,0.55,0.57,0.55,0.59,0.6,0.81,0.7,0.76,0.65,0.63,0.62,0.61,0.63,0.45,CB,DEF,5
Alvis Jaunzems,RB,Latvia,0.65,0.75,0.6,0.59,0.63,0.59,0.64,0.8,0.71,0.72,0.69,0.6,0.58,0.63,0.77,0.69,0.62,0.6,0.58,0.6,0.5,0.64,RB,DEF,1
Arkadiusz Jędrych,CB,Poland,0.65,0.53,0.42,0.37,0.38,0.66,0.78,0.51,0.54,0.46,0.64,0.34,0.65,0.85,0.72,0.76,0.65,0.61,0.68,0.64,0.69,0.42,CB,DEF,5
Finn Jeltsch,CB,Germany,0.65,0.66,0.36,0.51,0.57,0.65,0.69,0.6,0.71,0.59,0.62,0.59,0.58,0.73,0.63,0.71,0.66,0.64,0.66,0.63,0.62,0.53,CB,DEF,5
Alexander Jensen,RB,Denmark,0.65,0.76,0.58,0.61,0.63,0.6,0.66,0.75,0.77,0.71,0.64,0.64,0.64,0.65,0.72,0.7,0.6,0.57,0.62,0.59,0.56,0.59,RB,DEF,2
Jonas Jensen-Abbew,CB,Denmark,0.65,0.66,0.26,0.45,0.53,0.65,0.64,0.64,0.68,0.62,0.52,0.58,0.61,0.68,0.56,0.7,0.67,0.66,0.65,0.63,0.63,0.44,CB,DEF,5
Gethin Jones,CB,Australia,0.65,0.74,0.46,0.56,0.62,0.63,0.75,0.72,0.76,0.72,0.61,0.6,0.64,0.69,0.82,0.82,0.64,0.61,0.63,0.64,0.62,0.56,CB,DEF,2
Edisson Jordanov,RB,Bulgaria,0.65,0.69,0.48,0.6,0.68,0.61,0.56,0.75,0.64,0.83,0.83,0.65,0.64,0.45,0.69,0.53,0.63,0.61,0.64,0.63,0.46,0.51,RB,DEF,1
Aleksandar Jovanović,CB,Australia,0.65,0.43,0.32,0.48,0.5,0.63,0.73,0.33,0.51,0.32,0.4,0.56,0.61,0.86,0.58,0.61,0.63,0.62,0.65,0.61,0.64,0.52,CB,DEF,5
Zak Jules,CB,Scotland,0.65,0.73,0.4,0.57,0.59,0.62,0.75,0.75,0.72,0.66,0.63,0.56,0.59,0.81,0.72,0.74,0.65,0.64,0.59,0.62,0.63,0.49,CB,DEF,2
Rami Kaib,LB,Tunisia,0.65,0.74,0.46,0.63,0.63,0.57,0.69,0.77,0.71,0.77,0.71,0.63,0.57,0.61,0.86,0.59,0.61,0.6,0.57,0.58,0.36,0.47,LB,DEF,1
Willy Kambwala,CB,France,0.65,0.71,0.3,0.51,0.58,0.64,0.64,0.69,0.72,0.64,0.48,0.56,0.59,0.74,0.41,0.74,0.66,0.63,0.64,0.63,0.62,0.46,CB,DEF,5
Kang Yoon Seong,RB,Korea Republic,0.65,0.7,0.47,0.58,0.61,0.59,0.69,0.71,0.7,0.69,0.78,0.59,0.65,0.67,0.79,0.64,0.64,0.58,0.57,0.61,0.48,0.6,RB,DEF,1
Ákos Kecskés,CB,Hungary,0.65,0.55,0.33,0.45,0.44,0.64,0.73,0.59,0.52,0.52,0.47,0.52,0.62,0.8,0.65,0.76,0.63,0.62,0.67,0.61,0.67,0.41,CB,DEF,5
David Keltjens,RB,Israel,0.65,0.69,0.47,0.55,0.64,0.59,0.71,0.72,0.67,0.72,0.67,0.64,0.62,0.66,0.81,0.7,0.59,0.6,0.63,0.56,0.56,0.63,RB,DEF,2
Boy Kemper,LB,Holland,0.65,0.68,0.36,0.49,0.62,0.64,0.68,0.67,0.68,0.62,0.69,0.64,0.64,0.67,0.67,0.68,0.65,0.64,0.65,0.63,0.58,0.47,LB,DEF,2
Mohammed Khubrani,CB,Saudi Arabia,0.65,0.47,0.24,0.39,0.44,0.67,0.74,0.44,0.5,0.45,0.63,0.51,0.6,0.76,0.75,0.68,0.68,0.64,0.67,0.67,0.64,0.31,CB,DEF,5
Niko Kijewski,LB,Germany,0.65,0.63,0.38,0.6,0.65,0.63,0.6,0.71,0.57,0.75,0.77,0.66,0.57,0.6,0.6,0.68,0.63,0.64,0.62,0.65,0.58,0.49,LB,DEF,1
Kim Jin Ho,LB,Korea Republic,0.65,0.75,0.49,0.47,0.65,0.58,0.66,0.77,0.73,0.74,0.65,0.61,0.62,0.62,0.87,0.59,0.64,0.56,0.55,0.66,0.35,0.55,LB,DEF,1
Kim Tae Hwan,RB,Korea Republic,0.65,0.8,0.51,0.58,0.63,0.57,0.76,0.78,0.82,0.7,0.72,0.64,0.57,0.76,0.72,0.77,0.57,0.65,0.54,0.58,0.54,0.57,RB,DEF,2
Florian Kleinhansl,LB,Germany,0.65,0.64,0.39,0.63,0.69,0.56,0.65,0.7,0.59,0.81,0.8,0.68,0.71,0.59,0.9,0.55,0.6,0.55,0.54,0.57,0.44,0.4,LB,DEF,1
Lukas Klünter,RB,Germany,0.65,0.83,0.41,0.53,0.62,0.61,0.68,0.8,0.86,0.69,0.65,0.57,0.63,0.68,0.71,0.74,0.63,0.6,0.61,0.62,0.56,0.52,RB,DEF,2
Erling Knudtzon,RB,Norway,0.65,0.83,0.58,0.58,0.63,0.57,0.68,0.82,0.84,0.72,0.78,0.61,0.6,0.66,0.76,0.73,0.59,0.57,0.58,0.55,0.54,0.64,RB,DEF,1
Paul Komposch,CB,Austria,0.65,0.65,0.29,0.47,0.45,0.64,0.73,0.64,0.66,0.58,0.57,0.53,0.59,0.76,0.74,0.75,0.67,0.65,0.64,0.61,0.64,0.39,CB,DEF,5
Björn Kopplin,LB,Germany,0.65,0.67,0.55,0.6,0.63,0.6,0.75,0.69,0.66,0.67,0.68,0.64,0.59,0.74,0.82,0.74,0.6,0.6,0.61,0.6,0.6,0.69,LB,DEF,2
Yoan Koré,CB,France,0.65,0.61,0.36,0.57,0.58,0.64,0.62,0.54,0.66,0.64,0.48,0.63,0.64,0.7,0.43,0.67,0.65,0.64,0.64,0.63,0.64,0.44,CB,DEF,5
Patrick Koronkiewicz,RB,Germany,0.65,0.81,0.6,0.59,0.62,0.58,0.73,0.8,0.82,0.65,0.63,0.61,0.6,0.73,0.79,0.78,0.58,0.56,0.57,0.6,0.57,0.71,RB,DEF,2
Tobias Kraulich,CB,Germany,0.65,0.6,0.42,0.52,0.51,0.64,0.74,0.54,0.65,0.5,0.45,0.52,0.61,0.85,0.57,0.75,0.65,0.59,0.63,0.65,0.64,0.62,CB,DEF,5
Martin Kreuzriegler,CB,Austria,0.65,0.62,0.33,0.46,0.49,0.65,0.66,0.59,0.65,0.33,0.57,0.55,0.64,0.72,0.56,0.72,0.66,0.65,0.64,0.65,0.66,0.36,CB,DEF,5
Srdjan Kuzmic,RB,Slovenia,0.65,0.75,0.26,0.58,0.59,0.61,0.58,0.77,0.74,0.65,0.67,0.63,0.61,0.53,0.62,0.65,0.61,0.56,0.62,0.64,0.55,0.2,RB,DEF,1
Leroy Kwadwo,CB,Germany,0.65,0.76,0.3,0.52,0.59,0.65,0.71,0.72,0.79,0.64,0.62,0.61,0.57,0.76,0.7,0.79,0.68,0.66,0.64,0.61,0.63,0.49,CB,DEF,2
Dinis Pinto,RB,Portugal,0.65,0.73,0.42,0.57,0.63,0.61,0.55,0.74,0.73,0.71,0.69,0.63,0.63,0.56,0.55,0.56,0.64,0.65,0.62,0.61,0.42,0.56,RB,DEF,1
François Lajugie,RB,France,0.65,0.63,0.37,0.53,0.55,0.65,0.73,0.65,0.62,0.58,0.57,0.59,0.59,0.72,0.82,0.74,0.66,0.63,0.64,0.64,0.68,0.55,RB,DEF,5
Niklas Lang,CB,Germany,0.65,0.7,0.22,0.4,0.51,0.66,0.63,0.71,0.69,0.68,0.6,0.6,0.56,0.66,0.55,0.72,0.68,0.66,0.66,0.64,0.61,0.32,CB,DEF,5
Christopher Lannert,RB,Germany,0.65,0.78,0.42,0.52,0.58,0.59,0.65,0.74,0.82,0.68,0.71,0.58,0.6,0.57,0.9,0.56,0.59,0.57,0.65,0.57,0.42,0.56,RB,DEF,1
Lapeña,CB,Spain,0.65,0.67,0.34,0.49,0.55,0.65,0.65,0.72,0.63,0.63,0.67,0.69,0.64,0.62,0.7,0.74,0.67,0.64,0.6,0.65,0.7,0.45,CB,DEF,2
Heber Leaños,LB,Bolivia,0.65,0.71,0.49,0.57,0.65,0.59,0.51,0.7,0.72,0.52,0.77,0.65,0.55,0.42,0.74,0.43,0.6,0.61,0.61,0.6,0.44,0.61,LB,DEF,1
Lee Min Gi,LB,Korea Republic,0.65,0.76,0.35,0.55,0.64,0.58,0.65,0.76,0.76,0.75,0.68,0.63,0.61,0.62,0.81,0.64,0.61,0.62,0.57,0.61,0.45,0.42,LB,DEF,1
Dexter Lembikisa,RB,Jamaica,0.65,0.83,0.43,0.55,0.6,0.6,0.6,0.82,0.84,0.71,0.73,0.58,0.61,0.58,0.63,0.68,0.65,0.62,0.58,0.59,0.52,0.46,RB,DEF,1
Mats Lemmens,RB,Belgium,0.65,0.71,0.47,0.56,0.55,0.62,0.7,0.7,0.71,0.63,0.64,0.55,0.63,0.74,0.69,0.72,0.63,0.62,0.63,0.63,0.56,0.57,RB,DEF,2
Giovanni Leoni,CB,Italy,0.65,0.55,0.27,0.41,0.47,0.66,0.64,0.51,0.59,0.48,0.37,0.53,0.61,0.72,0.55,0.69,0.68,0.65,0.66,0.62,0.67,0.38,CB,DEF,5
Fedde Leysen,CB,Belgium,0.65,0.54,0.38,0.5,0.49,0.65,0.69,0.6,0.49,0.53,0.53,0.54,0.58,0.71,0.6,0.72,0.67,0.64,0.63,0.64,0.65,0.31,CB,DEF,5
Liang Nuoheng,CB,Hong Kong,0.65,0.55,0.27,0.43,0.4,0.65,0.72,0.58,0.53,0.48,0.56,0.49,0.55,0.76,0.62,0.79,0.68,0.62,0.6,0.64,0.71,0.35,CB,DEF,5
Lim Jong Eun,CB,Korea Republic,0.65,0.49,0.38,0.52,0.51,0.64,0.69,0.45,0.52,0.35,0.4,0.57,0.58,0.77,0.56,0.71,0.67,0.63,0.6,0.62,0.7,0.39,CB,DEF,5
Daniel Lino,LB,Bolivia,0.65,0.71,0.49,0.6,0.61,0.6,0.61,0.7,0.72,0.61,0.7,0.64,0.67,0.56,0.72,0.6,0.65,0.58,0.56,0.62,0.5,0.54,LB,DEF,1
Danijel Lončar,CB,Croatia,0.65,0.64,0.35,0.55,0.47,0.64,0.74,0.7,0.59,0.47,0.37,0.56,0.54,0.77,0.68,0.78,0.64,0.66,0.63,0.64,0.65,0.49,CB,DEF,5
Emmanuel Longelo,LB,England,0.65,0.81,0.52,0.6,0.64,0.57,0.6,0.79,0.83,0.69,0.74,0.62,0.62,0.57,0.68,0.63,0.61,0.59,0.56,0.56,0.47,0.56,LB,DEF,1
David López,CB,Spain,0.65,0.65,0.31,0.46,0.51,0.63,0.78,0.62,0.68,0.5,0.54,0.55,0.6,0.8,0.8,0.78,0.65,0.62,0.63,0.58,0.69,0.4,CB,DEF,5
Jeremias Lorch,CB,Germany,0.65,0.65,0.46,0.58,0.59,0.63,0.75,0.64,0.65,0.58,0.58,0.62,0.61,0.74,0.8,0.74,0.63,0.62,0.63,0.61,0.64,0.54,CB,DEF,2
Joe Low,CB,Wales,0.65,0.52,0.28,0.4,0.45,0.64,0.74,0.48,0.55,0.34,0.33,0.48,0.62,0.84,0.54,0.66,0.64,0.61,0.64,0.63,0.67,0.43,CB,DEF,5
Thierry Lutonda,LB,Belgium,0.65,0.82,0.31,0.57,0.66,0.59,0.59,0.87,0.78,0.78,0.84,0.63,0.6,0.57,0.64,0.66,0.62,0.63,0.6,0.58,0.45,0.41,LB,DEF,1
Andy Lyons,RB,Republic of Ireland,0.65,0.72,0.58,0.6,0.62,0.61,0.61,0.72,0.72,0.68,0.83,0.6,0.6,0.57,0.71,0.68,0.62,0.6,0.61,0.61,0.6,0.62,RB,DEF,1
Isak Dybvik Määttä,LB,Norway,0.65,0.8,0.52,0.58,0.65,0.58,0.64,0.8,0.8,0.74,0.73,0.64,0.63,0.6,0.78,0.69,0.59,0.55,0.58,0.58,0.54,0.54,LB,DEF,1
Angus MacDonald,CB,England,0.65,0.32,0.33,0.51,0.5,0.65,0.62,0.32,0.32,0.33,0.33,0.58,0.64,0.74,0.33,0.64,0.62,0.6,0.68,0.66,0.68,0.55,CB,DEF,5
Jack Maher,CB,United States,0.65,0.53,0.24,0.47,0.52,0.66,0.69,0.54,0.53,0.44,0.49,0.58,0.7,0.71,0.71,0.71,0.67,0.65,0.69,0.69,0.52,0.39,CB,DEF,5
Ali Majrashi,RB,Saudi Arabia,0.65,0.81,0.44,0.52,0.62,0.58,0.73,0.77,0.84,0.79,0.82,0.6,0.62,0.73,0.77,0.71,0.58,0.56,0.58,0.62,0.48,0.57,RB,DEF,1
Stone Mambo,CB,Congo DR,0.65,0.64,0.3,0.56,0.62,0.64,0.7,0.62,0.65,0.62,0.66,0.65,0.64,0.73,0.7,0.72,0.67,0.62,0.62,0.63,0.62,0.56,CB,DEF,2
Mantilla,RB,Spain,0.65,0.55,0.26,0.56,0.53,0.62,0.66,0.52,0.57,0.46,0.63,0.65,0.58,0.71,0.74,0.74,0.68,0.65,0.54,0.6,0.71,0.3,RB,DEF,5
Leonardo Marchi,LB,Argentina,0.65,0.75,0.42,0.54,0.64,0.59,0.63,0.71,0.79,0.7,0.65,0.63,0.55,0.6,0.71,0.62,0.63,0.62,0.55,0.61,0.47,0.53,LB,DEF,1
Paul Marie,RB,France,0.65,0.75,0.49,0.57,0.65,0.62,0.6,0.75,0.75,0.68,0.75,0.64,0.65,0.56,0.71,0.55,0.65,0.6,0.66,0.64,0.37,0.74,RB,DEF,1
Jan Hendrik Marx,RB,Germany,0.65,0.78,0.45,0.55,0.63,0.56,0.53,0.86,0.72,0.85,0.86,0.58,0.61,0.41,0.76,0.5,0.59,0.63,0.54,0.58,0.39,0.54,RB,DEF,1
Erik Marxen,CB,Denmark,0.65,0.48,0.51,0.59,0.57,0.63,0.74,0.43,0.52,0.48,0.63,0.6,0.65,0.79,0.67,0.69,0.62,0.61,0.64,0.64,0.66,0.63,CB,DEF,3
Lucas Mauragis,LB,Australia,0.65,0.77,0.5,0.6,0.64,0.58,0.72,0.75,0.79,0.74,0.75,0.6,0.61,0.72,0.77,0.72,0.59,0.58,0.57,0.59,0.53,0.59,LB,DEF,2
Jamie McCart,CB,Scotland,0.65,0.65,0.32,0.43,0.55,0.64,0.74,0.63,0.66,0.47,0.67,0.55,0.62,0.75,0.76,0.82,0.65,0.63,0.65,0.63,0.65,0.53,CB,DEF,5
Jordan McGhee,RB,Scotland,0.65,0.53,0.54,0.58,0.58,0.65,0.71,0.51,0.54,0.54,0.6,0.61,0.63,0.71,0.74,0.65,0.66,0.64,0.64,0.66,0.59,0.6,RB,DEF,3
Paul McGinn,CB,Scotland,0.65,0.66,0.53,0.57,0.61,0.64,0.74,0.67,0.65,0.65,0.68,0.62,0.6,0.7,0.84,0.72,0.66,0.64,0.62,0.62,0.64,0.55,CB,DEF,2
Aaron McGowan,RB,England,0.65,0.73,0.43,0.57,0.63,0.6,0.8,0.75,0.71,0.74,0.75,0.6,0.64,0.79,0.82,0.86,0.61,0.61,0.61,0.6,0.55,0.6,RB,DEF,2
Jonathan Meier,LB,Germany,0.65,0.73,0.44,0.58,0.62,0.6,0.65,0.72,0.74,0.71,0.67,0.62,0.62,0.63,0.72,0.66,0.61,0.62,0.61,0.59,0.52,0.39,LB,DEF,1
Kevin Mensah,RB,Denmark,0.65,0.76,0.57,0.59,0.67,0.58,0.69,0.73,0.78,0.85,0.83,0.65,0.64,0.7,0.72,0.68,0.6,0.6,0.58,0.57,0.51,0.62,RB,DEF,2
Mickel Miller,LB,England,0.65,0.83,0.6,0.58,0.66,0.57,0.59,0.83,0.83,0.82,0.79,0.62,0.64,0.61,0.69,0.74,0.59,0.55,0.58,0.54,0.58,0.63,LB,DEF,1
Pablo Minissale,CB,Argentina,0.65,0.52,0.3,0.42,0.48,0.67,0.62,0.53,0.52,0.55,0.62,0.53,0.6,0.64,0.53,0.62,0.71,0.69,0.69,0.63,0.59,0.47,CB,DEF,5
Alex Mitchell,CB,England,0.65,0.52,0.35,0.45,0.46,0.63,0.76,0.51,0.52,0.34,0.52,0.46,0.59,0.83,0.63,0.75,0.65,0.63,0.63,0.6,0.66,0.4,CB,DEF,5
Ilario Monterisi,CB,Italy,0.65,0.53,0.3,0.45,0.47,0.65,0.67,0.47,0.57,0.33,0.37,0.54,0.6,0.71,0.55,0.67,0.67,0.64,0.65,0.65,0.64,0.43,CB,DEF,5
Lautaro Montoya,LB,Argentina,0.65,0.72,0.56,0.63,0.69,0.59,0.59,0.72,0.72,0.76,0.77,0.66,0.59,0.58,0.61,0.61,0.62,0.64,0.55,0.64,0.49,0.59,LB,DEF,1
Lewis Montsma,CB,Holland,0.65,0.52,0.34,0.48,0.56,0.64,0.71,0.53,0.51,0.41,0.4,0.59,0.6,0.83,0.5,0.75,0.65,0.64,0.63,0.62,0.64,0.41,CB,DEF,5
Alex Moreno Paz,CB,Colombia,0.65,0.53,0.28,0.42,0.5,0.65,0.69,0.53,0.53,0.58,0.55,0.58,0.64,0.72,0.66,0.7,0.68,0.64,0.63,0.62,0.67,0.38,CB,DEF,5
Jorge Moreno,CB,Spain,0.65,0.72,0.36,0.47,0.45,0.65,0.69,0.73,0.71,0.56,0.6,0.55,0.61,0.68,0.75,0.75,0.67,0.68,0.63,0.65,0.65,0.43,CB,DEF,5
Leandro Morgalla,CB,Germany,0.65,0.73,0.37,0.48,0.55,0.65,0.7,0.75,0.71,0.66,0.62,0.61,0.59,0.75,0.68,0.78,0.67,0.66,0.64,0.65,0.61,0.4,CB,DEF,2
Darick Kobie Morris,CB,Croatia,0.65,0.83,0.38,0.45,0.52,0.63,0.7,0.82,0.84,0.63,0.54,0.55,0.62,0.74,0.64,0.82,0.65,0.64,0.63,0.62,0.62,0.52,CB,DEF,2
Kevin Mouanga,CB,France,0.65,0.38,0.31,0.45,0.42,0.66,0.73,0.37,0.38,0.34,0.4,0.51,0.58,0.85,0.65,0.7,0.69,0.64,0.66,0.64,0.65,0.45,CB,DEF,5
Lubambo Musonda,LB,Zambia,0.65,0.9,0.59,0.57,0.69,0.56,0.62,0.9,0.9,0.9,0.9,0.64,0.61,0.61,0.72,0.69,0.58,0.57,0.56,0.57,0.45,0.6,LB,DEF,1
Taras Mykhavko,CB,Ukraine,0.65,0.64,0.3,0.5,0.56,0.66,0.62,0.65,0.64,0.58,0.63,0.56,0.65,0.63,0.61,0.69,0.65,0.63,0.67,0.67,0.64,0.53,CB,DEF,5
Basilio Ndong,LB,Equatorial Guinea,0.65,0.79,0.38,0.59,0.64,0.6,0.7,0.82,0.76,0.66,0.75,0.63,0.6,0.74,0.67,0.68,0.62,0.62,0.62,0.62,0.38,0.45,LB,DEF,1
Logan Ndenbe,LB,Belgium,0.65,0.78,0.29,0.58,0.66,0.6,0.67,0.83,0.74,0.78,0.81,0.63,0.57,0.64,0.7,0.72,0.61,0.61,0.61,0.59,0.53,0.42,LB,DEF,1
John Nelson,LB,United States,0.65,0.81,0.27,0.48,0.6,0.6,0.6,0.75,0.86,0.62,0.69,0.62,0.6,0.62,0.65,0.6,0.63,0.61,0.61,0.61,0.43,0.24,LB,DEF,1
Marc Nielsen,LB,Denmark,0.65,0.67,0.36,0.54,0.59,0.62,0.6,0.66,0.67,0.6,0.47,0.62,0.63,0.6,0.65,0.64,0.63,0.62,0.64,0.61,0.56,0.38,LB,DEF,1
Claus Niyukuri,CB,Burundi,0.65,0.8,0.35,0.54,0.6,0.62,0.75,0.77,0.82,0.61,0.74,0.59,0.59,0.85,0.63,0.86,0.64,0.59,0.63,0.59,0.63,0.58,CB,DEF,2
John Olav Norheim,CB,Norway,0.65,0.33,0.43,0.55,0.53,0.63,0.77,0.32,0.34,0.34,0.56,0.59,0.64,0.85,0.7,0.68,0.62,0.61,0.63,0.62,0.65,0.64,CB,DEF,5
Toto Nsiala,CB,Congo DR,0.65,0.62,0.38,0.48,0.48,0.63,0.8,0.6,0.64,0.34,0.38,0.51,0.61,0.88,0.71,0.8,0.63,0.62,0.63,0.61,0.65,0.57,CB,DEF,5
Corey O'Keeffe,RB,Republic of Ireland,0.65,0.82,0.54,0.59,0.64,0.56,0.77,0.81,0.83,0.64,0.63,0.61,0.61,0.71,0.83,0.78,0.57,0.55,0.54,0.57,0.55,0.56,RB,DEF,2
Johann Obiang,LB,Gabon,0.65,0.85,0.52,0.57,0.65,0.58,0.65,0.86,0.84,0.82,0.88,0.62,0.61,0.6,0.76,0.71,0.59,0.57,0.58,0.6,0.5,0.53,LB,DEF,1
Obrador,LB,Spain,0.65,0.78,0.31,0.48,0.57,0.61,0.63,0.78,0.78,0.64,0.69,0.55,0.58,0.62,0.69,0.69,0.66,0.65,0.57,0.59,0.54,0.26,LB,DEF,1
Edier Ocampo,RB,Colombia,0.65,0.83,0.33,0.54,0.63,0.59,0.57,0.84,0.83,0.8,0.7,0.6,0.61,0.5,0.75,0.67,0.62,0.58,0.57,0.58,0.55,0.29,RB,DEF,1
Nico Ochojski,RB,Germany,0.65,0.78,0.53,0.58,0.6,0.58,0.67,0.75,0.81,0.75,0.67,0.57,0.59,0.6,0.84,0.63,0.62,0.59,0.57,0.58,0.48,0.68,RB,DEF,1
Akin Odimayo,RB,England,0.65,0.75,0.34,0.49,0.61,0.63,0.74,0.75,0.75,0.7,0.68,0.57,0.65,0.78,0.7,0.87,0.64,0.62,0.63,0.62,0.59,0.55,RB,DEF,2
Sebastian Ohlsson,RB,Sweden,0.65,0.61,0.61,0.56,0.63,0.63,0.69,0.71,0.52,0.64,0.76,0.63,0.64,0.68,0.73,0.71,0.66,0.65,0.63,0.59,0.58,0.67,RB,DEF,2
Bryan Okoh,CB,Switzerland,0.65,0.72,0.31,0.53,0.59,0.61,0.75,0.65,0.78,0.6,0.58,0.62,0.48,0.85,0.53,0.8,0.66,0.68,0.58,0.54,0.65,0.53,CB,DEF,5
Osarenren Okungbowa,CB,Austria,0.65,0.66,0.46,0.56,0.55,0.61,0.76,0.6,0.7,0.65,0.63,0.57,0.61,0.87,0.6,0.76,0.62,0.58,0.63,0.61,0.58,0.62,CB,DEF,5
Davíð Kristján Ólafsson,LB,Iceland,0.65,0.76,0.48,0.63,0.62,0.58,0.71,0.75,0.77,0.67,0.7,0.63,0.6,0.7,0.81,0.69,0.61,0.55,0.58,0.58,0.51,0.58,LB,DEF,1
Tuomas Ollila,LB,Finland,0.65,0.79,0.57,0.6,0.62,0.58,0.57,0.78,0.8,0.62,0.76,0.65,0.63,0.51,0.69,0.62,0.62,0.6,0.57,0.56,0.51,0.68,LB,DEF,1
Răzvan Onea,RB,Romania,0.65,0.82,0.58,0.55,0.62,0.58,0.69,0.82,0.82,0.75,0.74,0.6,0.58,0.63,0.79,0.68,0.6,0.61,0.58,0.6,0.48,0.74,RB,DEF,1
Juan José Orellana,LB,Bolivia,0.65,0.77,0.37,0.56,0.59,0.6,0.64,0.76,0.77,0.74,0.58,0.61,0.49,0.63,0.75,0.65,0.65,0.62,0.59,0.61,0.48,0.4,LB,DEF,1
Zié Mohamed Ouattara,RB,Côte d'Ivoire,0.65,0.74,0.49,0.59,0.66,0.59,0.65,0.74,0.74,0.77,0.71,0.64,0.61,0.6,0.7,0.62,0.62,0.61,0.6,0.6,0.45,0.54,RB,DEF,1
Solomon Owusu,CB,Ghana,0.65,0.76,0.46,0.56,0.58,0.64,0.68,0.7,0.8,0.46,0.7,0.61,0.61,0.74,0.61,0.72,0.66,0.63,0.63,0.64,0.57,0.56,CB,DEF,2
Diego Oyarzún,CB,Chile,0.65,0.53,0.43,0.53,0.44,0.65,0.75,0.5,0.56,0.33,0.35,0.57,0.49,0.76,0.77,0.72,0.66,0.6,0.64,0.64,0.69,0.48,CB,DEF,5
Bahadır Öztürk,CB,Turkey,0.65,0.36,0.31,0.43,0.46,0.66,0.71,0.38,0.34,0.4,0.51,0.55,0.62,0.71,0.72,0.63,0.67,0.67,0.67,0.65,0.64,0.46,CB,DEF,5
Steven Pabón,CB,Venezuela,0.65,0.67,0.42,0.46,0.57,0.65,0.68,0.65,0.68,0.55,0.61,0.55,0.68,0.68,0.73,0.71,0.63,0.64,0.67,0.66,0.68,0.45,CB,DEF,5
Paul Papp,CB,Romania,0.65,0.52,0.5,0.55,0.53,0.64,0.69,0.54,0.5,0.57,0.6,0.54,0.65,0.74,0.52,0.71,0.62,0.62,0.66,0.63,0.66,0.7,CB,DEF,5
Nehuén Paz,CB,Argentina,0.65,0.33,0.41,0.53,0.5,0.65,0.7,0.32,0.34,0.32,0.31,0.54,0.6,0.83,0.53,0.69,0.65,0.64,0.66,0.61,0.7,0.6,CB,DEF,5
Tom Pearce,LB,England,0.65,0.69,0.52,0.6,0.62,0.61,0.62,0.66,0.71,0.7,0.61,0.6,0.61,0.63,0.64,0.65,0.63,0.61,0.61,0.62,0.56,0.64,LB,DEF,1
Halil İbrahim Pehlivan,LB,Turkey,0.65,0.7,0.48,0.55,0.61,0.62,0.68,0.7,0.7,0.57,0.63,0.61,0.62,0.71,0.66,0.68,0.63,0.64,0.62,0.63,0.52,0.58,LB,DEF,2
Juan Daniel Pérez,RB,Paraguay,0.65,0.66,0.34,0.59,0.57,0.61,0.7,0.67,0.66,0.52,0.73,0.58,0.62,0.72,0.74,0.7,0.65,0.59,0.63,0.56,0.56,0.32,RB,DEF,1
Erick Perleche,RB,Peru,0.65,0.72,0.48,0.54,0.61,0.6,0.62,0.72,0.72,0.7,0.66,0.63,0.65,0.58,0.77,0.63,0.63,0.61,0.61,0.6,0.51,0.55,RB,DEF,1
Noah Persson,LB,Sweden,0.65,0.76,0.52,0.58,0.65,0.58,0.54,0.77,0.76,0.75,0.75,0.64,0.6,0.49,0.72,0.59,0.59,0.6,0.59,0.6,0.5,0.54,LB,DEF,1
Kamil Pestka,CB,Poland,0.65,0.77,0.4,0.6,0.63,0.65,0.72,0.73,0.8,0.69,0.63,0.65,0.53,0.71,0.8,0.76,0.65,0.63,0.66,0.64,0.62,0.61,CB,DEF,2
Juan Pablo Pignani,CB,Argentina,0.65,0.55,0.37,0.54,0.62,0.65,0.72,0.58,0.53,0.63,0.52,0.62,0.61,0.75,0.74,0.69,0.67,0.63,0.66,0.65,0.58,0.42,CB,DEF,5
Mauricio Pineda,CB,United States,0.65,0.5,0.31,0.48,0.58,0.66,0.7,0.52,0.48,0.45,0.55,0.62,0.59,0.72,0.72,0.69,0.66,0.62,0.65,0.67,0.66,0.33,CB,DEF,5
Antonio Portales,CB,Mexico,0.65,0.64,0.41,0.54,0.55,0.63,0.72,0.67,0.61,0.7,0.6,0.55,0.64,0.76,0.68,0.77,0.63,0.62,0.63,0.64,0.65,0.39,CB,DEF,5
Dmytro Pospelov,CB,Ukraine,0.65,0.58,0.36,0.46,0.53,0.65,0.68,0.57,0.59,0.5,0.53,0.57,0.65,0.71,0.65,0.72,0.65,0.62,0.66,0.63,0.69,0.58,CB,DEF,5
Andrew Privett,CB,United States,0.65,0.63,0.32,0.53,0.56,0.65,0.67,0.62,0.64,0.59,0.61,0.63,0.58,0.7,0.66,0.67,0.67,0.63,0.67,0.65,0.58,0.42,CB,DEF,5
Rubén Pulido,CB,Spain,0.65,0.65,0.37,0.52,0.55,0.64,0.69,0.73,0.59,0.57,0.61,0.58,0.61,0.69,0.67,0.76,0.66,0.64,0.6,0.67,0.67,0.61,CB,DEF,5
Teo Quintero,CB,Venezuela,0.65,0.63,0.3,0.45,0.43,0.66,0.69,0.59,0.67,0.4,0.57,0.48,0.49,0.68,0.7,0.7,0.66,0.64,0.66,0.65,0.69,0.41,CB,DEF,5
Jairo Quinteros,CB,Bolivia,0.65,0.64,0.26,0.41,0.53,0.66,0.69,0.63,0.64,0.51,0.55,0.53,0.61,0.69,0.68,0.7,0.64,0.63,0.66,0.69,0.65,0.38,CB,DEF,5
Calvin Ramsay,RB,Scotland,0.65,0.76,0.46,0.61,0.64,0.58,0.64,0.74,0.78,0.71,0.68,0.65,0.63,0.61,0.71,0.66,0.61,0.59,0.57,0.58,0.51,0.63,RB,DEF,1
Boyd Reith,RB,Holland,0.65,0.69,0.37,0.59,0.56,0.61,0.61,0.7,0.69,0.59,0.68,0.5,0.63,0.59,0.71,0.58,0.65,0.62,0.62,0.61,0.48,0.35,RB,DEF,1
Rim Chang Woo,CB,Korea Republic,0.65,0.75,0.48,0.54,0.61,0.63,0.74,0.77,0.74,0.66,0.62,0.58,0.64,0.74,0.78,0.81,0.66,0.6,0.62,0.61,0.66,0.48,CB,DEF,2
Hugo Rincón,RB,Spain,0.65,0.75,0.47,0.53,0.65,0.6,0.65,0.75,0.75,0.77,0.74,0.62,0.61,0.65,0.71,0.67,0.64,0.57,0.6,0.61,0.5,0.52,RB,DEF,1
Renné Rivas,LB,Venezuela,0.65,0.7,0.44,0.65,0.65,0.61,0.65,0.71,0.69,0.61,0.7,0.65,0.52,0.72,0.65,0.73,0.63,0.61,0.6,0.6,0.57,0.45,LB,DEF,1
Calogero Rizzuto,RB,Germany,0.65,0.72,0.55,0.61,0.66,0.57,0.73,0.8,0.66,0.8,0.85,0.64,0.63,0.67,0.81,0.68,0.61,0.58,0.57,0.57,0.47,0.7,RB,DEF,2
Clark Robertson,CB,Scotland,0.65,0.55,0.3,0.52,0.57,0.65,0.68,0.52,0.57,0.61,0.57,0.58,0.63,0.75,0.59,0.7,0.65,0.65,0.65,0.65,0.66,0.35,CB,DEF,5
Carlos Roca,LB,Bolivia,0.65,0.82,0.39,0.57,0.63,0.59,0.72,0.83,0.81,0.73,0.71,0.59,0.57,0.7,0.8,0.71,0.61,0.59,0.6,0.6,0.48,0.42,LB,DEF,1
Francisco Rodríguez,LB,Bolivia,0.65,0.72,0.28,0.49,0.56,0.61,0.78,0.73,0.72,0.64,0.59,0.6,0.63,0.77,0.82,0.74,0.61,0.58,0.64,0.63,0.54,0.4,LB,DEF,2
Nazareno Romero,LB,Argentina,0.65,0.82,0.33,0.52,0.62,0.58,0.61,0.83,0.81,0.74,0.77,0.57,0.6,0.54,0.72,0.59,0.63,0.62,0.54,0.61,0.44,0.34,LB,DEF,1
Bruno Romo,CB,Chile,0.65,0.42,0.28,0.46,0.46,0.64,0.76,0.43,0.41,0.39,0.39,0.51,0.61,0.87,0.62,0.73,0.65,0.62,0.66,0.6,0.66,0.4,CB,DEF,5
Ruben Roosken,LB,Holland,0.65,0.79,0.38,0.53,0.65,0.59,0.64,0.82,0.77,0.76,0.64,0.64,0.59,0.58,0.78,0.57,0.62,0.61,0.57,0.62,0.48,0.58,LB,DEF,1
Yilson Rosales,RB,Colombia,0.65,0.73,0.25,0.45,0.55,0.61,0.59,0.7,0.75,0.62,0.59,0.62,0.64,0.59,0.68,0.54,0.62,0.58,0.65,0.65,0.42,0.21,RB,DEF,1
Lasse Rosenboom,RB,Germany,0.65,0.67,0.36,0.57,0.58,0.63,0.65,0.59,0.74,0.44,0.52,0.63,0.67,0.68,0.61,0.65,0.63,0.62,0.64,0.64,0.57,0.42,RB,DEF,5
Paolo Rozzio,CB,Italy,0.65,0.6,0.32,0.42,0.43,0.66,0.65,0.61,0.6,0.4,0.46,0.49,0.65,0.71,0.54,0.73,0.65,0.64,0.68,0.66,0.68,0.45,CB,DEF,5
Andrés Salazar,LB,Colombia,0.65,0.74,0.35,0.57,0.59,0.6,0.63,0.75,0.73,0.72,0.6,0.59,0.55,0.6,0.8,0.66,0.63,0.62,0.6,0.56,0.53,0.31,LB,DEF,1
Leonardo Saldaña,LB,Colombia,0.65,0.75,0.49,0.58,0.6,0.62,0.57,0.76,0.75,0.7,0.77,0.62,0.62,0.48,0.62,0.6,0.61,0.59,0.65,0.62,0.54,0.68,LB,DEF,1
Oscar Salomón,CB,Argentina,0.65,0.55,0.33,0.47,0.5,0.65,0.71,0.5,0.59,0.49,0.66,0.59,0.58,0.75,0.68,0.69,0.66,0.65,0.66,0.64,0.64,0.46,CB,DEF,5
Manu Sánchez,RB,Spain,0.65,0.66,0.58,0.63,0.62,0.61,0.6,0.65,0.67,0.6,0.63,0.6,0.64,0.58,0.59,0.56,0.65,0.67,0.61,0.6,0.45,0.57,RB,DEF,1
Sadibou Sané,CB,Senegal,0.65,0.67,0.37,0.42,0.45,0.67,0.69,0.65,0.69,0.45,0.6,0.44,0.58,0.75,0.62,0.75,0.69,0.69,0.65,0.66,0.65,0.53,CB,DEF,5
Opa Sangante,CB,Guinea-Bissau,0.65,0.53,0.48,0.57,0.58,0.63,0.76,0.57,0.49,0.5,0.57,0.64,0.59,0.81,0.72,0.75,0.66,0.59,0.6,0.66,0.62,0.68,CB,DEF,3
Rafael Santos,CB,Brazil,0.65,0.6,0.26,0.42,0.51,0.64,0.66,0.55,0.64,0.45,0.57,0.63,0.73,0.71,0.6,0.66,0.67,0.68,0.63,0.65,0.55,0.37,CB,DEF,5
Mamadou Sarr,CB,France,0.65,0.62,0.3,0.51,0.54,0.65,0.68,0.54,0.68,0.41,0.57,0.58,0.62,0.74,0.6,0.71,0.67,0.63,0.63,0.64,0.67,0.58,CB,DEF,5
Widen Saucedo,RB,Bolivia,0.65,0.73,0.3,0.51,0.47,0.63,0.67,0.74,0.72,0.7,0.64,0.6,0.63,0.7,0.61,0.74,0.67,0.62,0.63,0.61,0.6,0.35,RB,DEF,5
Dominik Schad,RB,Germany,0.65,0.76,0.4,0.55,0.62,0.59,0.64,0.78,0.74,0.75,0.8,0.61,0.59,0.59,0.78,0.6,0.62,0.6,0.61,0.6,0.43,0.46,RB,DEF,1
Simon Scherder,CB,Germany,0.65,0.52,0.39,0.47,0.42,0.64,0.72,0.34,0.67,0.36,0.51,0.47,0.61,0.83,0.54,0.68,0.64,0.62,0.65,0.62,0.63,0.43,CB,DEF,5
Szabolcs Schön,LB,Hungary,0.65,0.81,0.61,0.62,0.68,0.55,0.57,0.8,0.82,0.81,0.8,0.66,0.66,0.51,0.73,0.6,0.57,0.56,0.56,0.55,0.48,0.64,LB,DEF,1
Eduardo Brock,CB,Brazil,0.65,0.56,0.29,0.38,0.39,0.66,0.72,0.59,0.53,0.55,0.5,0.39,0.5,0.85,0.54,0.79,0.66,0.67,0.66,0.64,0.7,0.44,CB,DEF,5
Steven Sessegnon,RB,England,0.65,0.76,0.46,0.58,0.63,0.61,0.61,0.77,0.75,0.75,0.75,0.61,0.64,0.6,0.66,0.64,0.63,0.6,0.63,0.62,0.46,0.6,RB,DEF,1
Sam Sherring,CB,England,0.65,0.77,0.31,0.49,0.54,0.64,0.74,0.8,0.74,0.64,0.65,0.54,0.62,0.79,0.7,0.84,0.65,0.61,0.67,0.6,0.64,0.5,CB,DEF,2
Jordan Shipley,LB,Republic of Ireland,0.65,0.65,0.64,0.66,0.66,0.6,0.7,0.64,0.66,0.64,0.69,0.67,0.64,0.66,0.73,0.62,0.62,0.59,0.61,0.61,0.5,0.68,LB,DEF,2
Arne Sicker,LB,Germany,0.65,0.83,0.32,0.57,0.64,0.59,0.57,0.9,0.77,0.73,0.66,0.64,0.58,0.51,0.66,0.71,0.6,0.59,0.59,0.59,0.58,0.43,LB,DEF,1
Rúnar Þór Sigurgeirsson,LB,Iceland,0.65,0.68,0.53,0.58,0.61,0.62,0.66,0.66,0.69,0.61,0.55,0.61,0.61,0.63,0.75,0.66,0.64,0.63,0.6,0.62,0.59,0.58,LB,DEF,2
Luís Silva,LB,Portugal,0.65,0.69,0.35,0.55,0.54,0.67,0.61,0.7,0.68,0.58,0.53,0.6,0.63,0.72,0.35,0.76,0.67,0.67,0.67,0.66,0.67,0.5,LB,DEF,5
Sim Sang Min,LB,Korea Republic,0.65,0.76,0.46,0.6,0.62,0.57,0.71,0.77,0.75,0.77,0.74,0.61,0.58,0.66,0.84,0.63,0.58,0.6,0.6,0.57,0.43,0.45,LB,DEF,1
Jack Simpson,CB,England,0.65,0.51,0.37,0.51,0.55,0.64,0.67,0.5,0.51,0.5,0.55,0.58,0.62,0.78,0.41,0.71,0.62,0.63,0.64,0.66,0.65,0.54,CB,DEF,5
Fredrik Sjølstad,CB,Norway,0.65,0.65,0.43,0.57,0.61,0.64,0.7,0.67,0.63,0.6,0.54,0.62,0.65,0.71,0.71,0.73,0.63,0.61,0.65,0.65,0.61,0.55,CB,DEF,2
Fredrik Sjøvold,RB,Norway,0.65,0.67,0.5,0.61,0.66,0.59,0.6,0.68,0.66,0.79,0.88,0.64,0.62,0.53,0.78,0.56,0.62,0.61,0.58,0.61,0.5,0.56,RB,DEF,1
Julio Soler,LB,Argentina,0.65,0.82,0.41,0.49,0.62,0.62,0.6,0.8,0.83,0.68,0.72,0.64,0.54,0.55,0.6,0.65,0.66,0.64,0.62,0.61,0.5,0.4,LB,DEF,1
Joachim Soltvedt,LB,Norway,0.65,0.69,0.58,0.61,0.61,0.6,0.64,0.7,0.68,0.6,0.72,0.64,0.58,0.61,0.74,0.63,0.65,0.63,0.6,0.57,0.51,0.6,LB,DEF,1
Sven Sonnenberg,CB,Germany,0.65,0.53,0.28,0.43,0.49,0.64,0.75,0.45,0.59,0.53,0.34,0.54,0.58,0.82,0.7,0.64,0.66,0.63,0.64,0.62,0.67,0.44,CB,DEF,5
Jack Sparkes,LB,England,0.65,0.7,0.46,0.62,0.63,0.59,0.64,0.72,0.69,0.73,0.77,0.61,0.59,0.57,0.78,0.63,0.61,0.59,0.58,0.61,0.54,0.51,LB,DEF,1
Adam Ståhl,LB,Sweden,0.65,0.75,0.6,0.61,0.64,0.59,0.71,0.73,0.77,0.68,0.68,0.64,0.62,0.72,0.74,0.74,0.59,0.57,0.59,0.58,0.58,0.65,LB,DEF,2
Florin Ștefan,LB,Romania,0.65,0.75,0.57,0.6,0.6,0.6,0.69,0.72,0.77,0.7,0.68,0.59,0.59,0.69,0.71,0.73,0.62,0.62,0.59,0.58,0.61,0.63,LB,DEF,2
Jonas Sterner,RB,Germany,0.65,0.8,0.43,0.61,0.64,0.6,0.62,0.77,0.82,0.73,0.75,0.65,0.58,0.58,0.68,0.63,0.63,0.6,0.62,0.58,0.49,0.56,RB,DEF,1
Nikola Stevanović,CB,Serbia,0.65,0.51,0.23,0.37,0.46,0.66,0.72,0.53,0.5,0.52,0.54,0.49,0.59,0.81,0.59,0.75,0.68,0.65,0.65,0.63,0.68,0.41,CB,DEF,5
Michel Stöcker,LB,Germany,0.65,0.64,0.38,0.52,0.54,0.63,0.65,0.63,0.64,0.65,0.66,0.58,0.62,0.59,0.81,0.65,0.65,0.62,0.63,0.61,0.62,0.56,LB,DEF,1
Ionuț Stoica,CB,Romania,0.65,0.44,0.23,0.37,0.37,0.63,0.8,0.34,0.52,0.32,0.6,0.39,0.6,0.84,0.71,0.7,0.66,0.61,0.62,0.6,0.68,0.36,CB,DEF,5
Simon Strand,LB,Sweden,0.65,0.81,0.31,0.54,0.61,0.59,0.73,0.79,0.82,0.73,0.79,0.6,0.58,0.67,0.81,0.67,0.59,0.62,0.6,0.61,0.45,0.34,LB,DEF,1
Simon Straudi,RB,Italy,0.65,0.7,0.51,0.62,0.66,0.62,0.64,0.72,0.68,0.73,0.76,0.62,0.65,0.68,0.56,0.71,0.64,0.62,0.6,0.64,0.58,0.56,RB,DEF,2
Philipp Strompf,CB,Germany,0.65,0.54,0.33,0.4,0.43,0.63,0.75,0.45,0.61,0.44,0.32,0.47,0.57,0.86,0.63,0.74,0.65,0.66,0.64,0.56,0.68,0.41,CB,DEF,5
Elliot Stroud,LB,Sweden,0.65,0.74,0.56,0.61,0.65,0.58,0.61,0.76,0.73,0.72,0.7,0.65,0.61,0.58,0.7,0.66,0.6,0.58,0.58,0.56,0.54,0.57,LB,DEF,1
Zak Swanson,RB,England,0.65,0.72,0.48,0.62,0.63,0.61,0.64,0.73,0.71,0.72,0.67,0.63,0.6,0.64,0.63,0.67,0.64,0.63,0.6,0.59,0.54,0.58,RB,DEF,1
Dan Sweeney,CB,England,0.65,0.5,0.42,0.51,0.54,0.64,0.75,0.46,0.53,0.46,0.5,0.57,0.62,0.8,0.71,0.7,0.64,0.62,0.65,0.62,0.64,0.52,CB,DEF,5
Przemysław Szymiński,CB,Poland,0.65,0.68,0.39,0.52,0.58,0.65,0.73,0.7,0.66,0.68,0.72,0.56,0.59,0.75,0.72,0.75,0.64,0.63,0.69,0.64,0.62,0.52,CB,DEF,2
Jesper Taaje,CB,Norway,0.65,0.63,0.29,0.43,0.53,0.63,0.78,0.61,0.65,0.5,0.37,0.56,0.59,0.86,0.72,0.81,0.64,0.62,0.61,0.6,0.7,0.41,CB,DEF,5
Nkosi Tafari,CB,United States,0.65,0.57,0.36,0.47,0.54,0.65,0.75,0.67,0.49,0.5,0.58,0.56,0.64,0.81,0.73,0.75,0.66,0.62,0.67,0.68,0.57,0.43,CB,DEF,5
David Justin Taylor,RB,United States,0.65,0.7,0.3,0.5,0.59,0.62,0.7,0.7,0.7,0.61,0.71,0.6,0.64,0.75,0.69,0.66,0.64,0.63,0.62,0.64,0.47,0.36,RB,DEF,1
Connor Taylor,CB,England,0.65,0.57,0.29,0.45,0.49,0.65,0.72,0.63,0.52,0.56,0.55,0.54,0.6,0.79,0.71,0.76,0.67,0.64,0.64,0.62,0.65,0.4,CB,DEF,5
Jano ter Horst,RB,Germany,0.65,0.7,0.36,0.5,0.59,0.62,0.66,0.69,0.7,0.65,0.68,0.58,0.64,0.68,0.7,0.7,0.63,0.61,0.63,0.61,0.6,0.47,RB,DEF,1
Carlos Terán,CB,Colombia,0.65,0.69,0.31,0.41,0.49,0.66,0.71,0.67,0.7,0.57,0.52,0.52,0.54,0.79,0.62,0.76,0.7,0.69,0.63,0.64,0.61,0.44,CB,DEF,5
Jordan Thorniley,CB,England,0.65,0.59,0.36,0.52,0.55,0.65,0.7,0.61,0.57,0.52,0.7,0.56,0.62,0.73,0.65,0.72,0.65,0.65,0.65,0.64,0.62,0.43,CB,DEF,5
Vinícius Tobías,RB,Brazil,0.65,0.71,0.44,0.56,0.67,0.61,0.64,0.7,0.72,0.68,0.76,0.68,0.64,0.64,0.66,0.67,0.62,0.6,0.6,0.61,0.57,0.5,RB,DEF,1
Logi Tómasson,LB,Iceland,0.65,0.8,0.55,0.6,0.63,0.57,0.71,0.81,0.79,0.71,0.61,0.63,0.6,0.73,0.78,0.81,0.58,0.56,0.57,0.55,0.6,0.65,LB,DEF,2
Kristoffer Tønnessen,LB,Norway,0.65,0.72,0.46,0.6,0.58,0.61,0.67,0.74,0.71,0.65,0.65,0.58,0.61,0.68,0.74,0.71,0.63,0.6,0.6,0.61,0.56,0.5,LB,DEF,1
Ibou Touray,LB,Gambia,0.65,0.84,0.5,0.58,0.62,0.57,0.7,0.82,0.85,0.81,0.77,0.55,0.56,0.61,0.89,0.79,0.58,0.56,0.56,0.59,0.53,0.57,LB,DEF,1
Kai Trewin,CB,Australia,0.65,0.66,0.43,0.56,0.58,0.64,0.77,0.64,0.68,0.67,0.67,0.56,0.64,0.78,0.85,0.73,0.65,0.64,0.64,0.64,0.58,0.52,CB,DEF,2
Nectarios Triantis,CB,Australia,0.65,0.57,0.34,0.56,0.48,0.63,0.7,0.63,0.52,0.51,0.42,0.56,0.66,0.69,0.63,0.69,0.65,0.64,0.62,0.64,0.61,0.56,CB,DEF,5
Miłosz Trojak,CB,Poland,0.65,0.54,0.48,0.59,0.59,0.64,0.74,0.53,0.54,0.65,0.68,0.58,0.66,0.8,0.72,0.74,0.62,0.62,0.67,0.61,0.67,0.58,CB,DEF,3
Antef Tsoungui,CB,Belgium,0.65,0.73,0.34,0.46,0.47,0.63,0.69,0.71,0.74,0.52,0.53,0.48,0.59,0.76,0.54,0.78,0.67,0.69,0.59,0.61,0.61,0.5,CB,DEF,5
Ryotaro Tsunoda,CB,Japan,0.65,0.59,0.29,0.5,0.55,0.68,0.57,0.64,0.55,0.59,0.62,0.63,0.66,0.56,0.56,0.64,0.7,0.7,0.67,0.68,0.6,0.41,CB,DEF,5
Bill Tuiloma,CB,New Zealand,0.65,0.62,0.54,0.63,0.59,0.63,0.74,0.59,0.64,0.53,0.63,0.6,0.6,0.8,0.68,0.76,0.62,0.6,0.63,0.65,0.68,0.73,CB,DEF,2
Oliver Turton,RB,England,0.65,0.67,0.42,0.59,0.62,0.62,0.66,0.67,0.67,0.75,0.73,0.63,0.62,0.69,0.7,0.68,0.63,0.61,0.64,0.62,0.57,0.45,RB,DEF,1
Osaze Urhoghide,CB,England,0.65,0.76,0.28,0.47,0.61,0.62,0.73,0.71,0.8,0.66,0.59,0.64,0.65,0.76,0.67,0.76,0.66,0.67,0.57,0.61,0.57,0.4,CB,DEF,2
Pablo Vaca,CB,Bolivia,0.65,0.73,0.56,0.59,0.6,0.67,0.59,0.7,0.75,0.72,0.55,0.59,0.65,0.58,0.62,0.68,0.68,0.65,0.67,0.65,0.66,0.55,CB,DEF,2
Tito Valencia,RB,Ecuador,0.65,0.77,0.65,0.59,0.65,0.61,0.68,0.75,0.78,0.62,0.64,0.63,0.6,0.62,0.76,0.7,0.6,0.53,0.63,0.66,0.57,0.75,RB,DEF,2
Zarek Valentin,RB,Puerto Rico,0.65,0.66,0.42,0.58,0.62,0.63,0.65,0.65,0.67,0.62,0.65,0.65,0.6,0.65,0.66,0.68,0.64,0.62,0.64,0.64,0.6,0.46,RB,DEF,1
Enrico Valentini,RB,Germany,0.65,0.52,0.57,0.64,0.63,0.64,0.69,0.65,0.42,0.67,0.7,0.62,0.66,0.68,0.67,0.64,0.65,0.64,0.67,0.62,0.52,0.71,RB,DEF,2
Gustavo Vallecilla,CB,Ecuador,0.65,0.62,0.32,0.35,0.6,0.66,0.74,0.68,0.57,0.64,0.56,0.54,0.65,0.81,0.66,0.75,0.68,0.64,0.68,0.64,0.55,0.44,CB,DEF,5
Syb van Ottele,CB,Holland,0.65,0.63,0.53,0.47,0.48,0.66,0.68,0.62,0.64,0.61,0.58,0.47,0.65,0.75,0.65,0.72,0.7,0.67,0.65,0.66,0.6,0.8,CB,DEF,3
Terence Vancooten,CB,Guyana,0.65,0.7,0.37,0.51,0.56,0.63,0.75,0.7,0.7,0.7,0.56,0.57,0.63,0.77,0.73,0.77,0.64,0.63,0.64,0.62,0.63,0.46,CB,DEF,2
Marco Varnier,CB,Italy,0.65,0.64,0.38,0.52,0.56,0.66,0.68,0.59,0.68,0.49,0.55,0.62,0.55,0.74,0.61,0.72,0.66,0.64,0.67,0.65,0.65,0.51,CB,DEF,5
Niklas Vesterlund,RB,Denmark,0.65,0.72,0.52,0.56,0.62,0.6,0.73,0.73,0.71,0.69,0.71,0.63,0.57,0.74,0.78,0.74,0.6,0.6,0.59,0.61,0.56,0.58,RB,DEF,2
David Villalba,CB,Paraguay,0.65,0.63,0.32,0.46,0.5,0.65,0.69,0.59,0.66,0.6,0.54,0.62,0.67,0.71,0.7,0.7,0.65,0.62,0.66,0.65,0.62,0.45,CB,DEF,5
Rémy Vita,LB,Madagascar,0.65,0.68,0.44,0.62,0.68,0.6,0.51,0.73,0.64,0.74,0.81,0.67,0.63,0.4,0.65,0.6,0.64,0.62,0.57,0.6,0.5,0.57,LB,DEF,1
Ștefan Vlădoiu,RB,Romania,0.65,0.81,0.35,0.55,0.59,0.6,0.62,0.8,0.82,0.8,0.57,0.6,0.6,0.63,0.67,0.67,0.62,0.62,0.61,0.6,0.49,0.33,RB,DEF,1
Niko Vukancic,CB,Germany,0.65,0.54,0.34,0.5,0.49,0.65,0.69,0.55,0.53,0.57,0.6,0.55,0.62,0.72,0.64,0.76,0.67,0.63,0.64,0.65,0.59,0.38,CB,DEF,5
Dennis Waidner,RB,Germany,0.65,0.68,0.26,0.5,0.61,0.62,0.61,0.69,0.68,0.83,0.81,0.59,0.64,0.52,0.78,0.56,0.69,0.67,0.58,0.6,0.5,0.23,RB,DEF,1
Wang Shenchao,RB,China PR,0.65,0.7,0.32,0.54,0.58,0.61,0.71,0.73,0.68,0.69,0.72,0.56,0.57,0.66,0.86,0.73,0.64,0.61,0.6,0.6,0.61,0.4,RB,DEF,1
Wang Zhen'ao,RB,China PR,0.65,0.76,0.5,0.51,0.63,0.57,0.49,0.77,0.76,0.8,0.84,0.64,0.65,0.4,0.78,0.46,0.57,0.62,0.59,0.63,0.38,0.56,RB,DEF,1
Kelland Watts,CB,England,0.65,0.62,0.47,0.52,0.57,0.64,0.71,0.66,0.58,0.51,0.54,0.6,0.62,0.76,0.61,0.76,0.63,0.62,0.64,0.64,0.64,0.59,CB,DEF,5
Jonas Weik,LB,Germany,0.65,0.74,0.42,0.64,0.64,0.56,0.55,0.79,0.7,0.8,0.83,0.64,0.59,0.45,0.74,0.55,0.58,0.59,0.56,0.59,0.45,0.44,LB,DEF,1
Rhys Williams,CB,England,0.65,0.64,0.35,0.51,0.56,0.65,0.66,0.62,0.66,0.5,0.47,0.58,0.62,0.73,0.51,0.73,0.68,0.59,0.63,0.65,0.65,0.43,CB,DEF,5
Maxwell Woledzi,CB,Ghana,0.65,0.68,0.36,0.51,0.52,0.63,0.72,0.65,0.71,0.6,0.57,0.55,0.57,0.77,0.58,0.76,0.62,0.61,0.64,0.64,0.65,0.58,CB,DEF,5
Joe Wright,CB,Wales,0.65,0.38,0.35,0.5,0.54,0.64,0.76,0.41,0.35,0.39,0.51,0.5,0.59,0.84,0.68,0.8,0.64,0.62,0.62,0.61,0.76,0.44,CB,DEF,5
Antal Yaakobishvili,CB,Hungary,0.65,0.66,0.25,0.5,0.54,0.64,0.68,0.65,0.66,0.49,0.42,0.64,0.64,0.76,0.6,0.76,0.64,0.61,0.64,0.63,0.65,0.4,CB,DEF,5
Yeon Je Woon,CB,Korea Republic,0.65,0.69,0.31,0.51,0.5,0.65,0.73,0.67,0.7,0.6,0.73,0.55,0.57,0.75,0.72,0.76,0.67,0.62,0.62,0.64,0.68,0.37,CB,DEF,5
Mateusz Żyro,CB,Poland,0.65,0.71,0.35,0.51,0.52,0.64,0.77,0.7,0.72,0.58,0.58,0.56,0.62,0.81,0.78,0.79,0.64,0.62,0.65,0.62,0.63,0.33,CB,DEF,5
Tayo Adaramola,LB,Republic of Ireland,0.64,0.82,0.5,0.52,0.64,0.59,0.59,0.85,0.8,0.73,0.67,0.58,0.62,0.54,0.59,0.63,0.65,0.62,0.55,0.58,0.48,0.55,LB,DEF,1
Jonas Adjetey,CB,Ghana,0.64,0.7,0.23,0.43,0.45,0.64,0.65,0.72,0.69,0.69,0.52,0.61,0.66,0.7,0.63,0.68,0.67,0.63,0.67,0.63,0.51,0.32,CB,DEF,5
Ange Ahoussou,CB,Côte d'Ivoire,0.64,0.61,0.33,0.4,0.51,0.64,0.67,0.6,0.62,0.55,0.54,0.55,0.56,0.72,0.58,0.73,0.68,0.65,0.6,0.59,0.69,0.49,CB,DEF,5
Abdullah Al Hafith,CB,Saudi Arabia,0.64,0.32,0.36,0.5,0.45,0.64,0.74,0.31,0.32,0.61,0.37,0.51,0.56,0.78,0.69,0.65,0.65,0.61,0.63,0.63,0.64,0.37,CB,DEF,5
Nader Al Sharari,CB,Saudi Arabia,0.64,0.71,0.25,0.47,0.43,0.64,0.73,0.61,0.79,0.54,0.59,0.5,0.58,0.78,0.7,0.8,0.67,0.63,0.65,0.62,0.56,0.38,CB,DEF,5
Francisco Alarcón,CB,Chile,0.64,0.44,0.3,0.37,0.39,0.62,0.79,0.42,0.46,0.34,0.34,0.39,0.54,0.85,0.68,0.73,0.65,0.61,0.61,0.57,0.69,0.48,CB,DEF,5
Tom Aldred,CB,Scotland,0.64,0.36,0.35,0.45,0.46,0.62,0.82,0.32,0.39,0.38,0.55,0.45,0.61,0.88,0.79,0.69,0.62,0.6,0.63,0.6,0.62,0.5,CB,DEF,5
Kerim Alıcı,RB,Turkey,0.64,0.72,0.49,0.58,0.63,0.63,0.62,0.71,0.73,0.72,0.67,0.62,0.52,0.61,0.63,0.6,0.65,0.61,0.63,0.62,0.57,0.52,RB,DEF,1
Noah Allen,LB,United States,0.64,0.78,0.4,0.53,0.61,0.61,0.64,0.79,0.78,0.69,0.71,0.58,0.5,0.65,0.63,0.73,0.62,0.63,0.64,0.55,0.58,0.54,LB,DEF,1
Costin Amzăr,LB,Romania,0.64,0.91,0.42,0.52,0.64,0.54,0.68,0.93,0.9,0.89,0.9,0.57,0.57,0.56,0.82,0.63,0.6,0.58,0.51,0.56,0.4,0.43,LB,DEF,1
Jonathan Augustinsson,LB,Sweden,0.64,0.69,0.48,0.6,0.62,0.59,0.68,0.68,0.7,0.65,0.69,0.64,0.54,0.74,0.69,0.72,0.65,0.64,0.56,0.53,0.57,0.55,LB,DEF,1
Jorge Teixeira,CB,Portugal,0.64,0.32,0.41,0.57,0.44,0.64,0.69,0.33,0.32,0.35,0.35,0.57,0.58,0.79,0.51,0.66,0.63,0.6,0.67,0.64,0.65,0.44,CB,DEF,5
Juraj Badelj,CB,Croatia,0.64,0.7,0.27,0.4,0.45,0.62,0.71,0.71,0.7,0.53,0.38,0.47,0.55,0.77,0.51,0.8,0.62,0.6,0.62,0.6,0.64,0.35,CB,DEF,5
Jack Baldwin,CB,England,0.64,0.57,0.4,0.51,0.55,0.63,0.71,0.53,0.61,0.63,0.61,0.54,0.6,0.75,0.72,0.7,0.64,0.63,0.62,0.62,0.65,0.46,CB,DEF,5
Nahuel Banegas,LB,Argentina,0.64,0.68,0.44,0.53,0.55,0.62,0.69,0.65,0.71,0.55,0.65,0.56,0.6,0.72,0.71,0.7,0.63,0.61,0.61,0.63,0.57,0.6,LB,DEF,2
Nir Bardea,CB,Israel,0.64,0.56,0.35,0.46,0.44,0.64,0.72,0.55,0.56,0.48,0.49,0.5,0.56,0.78,0.64,0.74,0.65,0.62,0.6,0.66,0.68,0.5,CB,DEF,5
Ethan Bartlow,CB,United States,0.64,0.62,0.34,0.39,0.45,0.64,0.71,0.64,0.6,0.34,0.59,0.5,0.68,0.74,0.7,0.71,0.64,0.6,0.7,0.6,0.58,0.38,CB,DEF,5
Mateusz Bartolewski,LB,Poland,0.64,0.77,0.41,0.54,0.6,0.59,0.64,0.78,0.77,0.71,0.64,0.58,0.58,0.65,0.66,0.67,0.59,0.58,0.61,0.62,0.48,0.46,LB,DEF,1
Marek Bartoš,CB,Slovakia,0.64,0.62,0.38,0.45,0.48,0.65,0.65,0.62,0.62,0.59,0.65,0.5,0.63,0.68,0.62,0.69,0.68,0.63,0.62,0.65,0.62,0.42,CB,DEF,5
Anthony Barylla,CB,Germany,0.64,0.69,0.46,0.58,0.59,0.63,0.75,0.71,0.68,0.64,0.61,0.62,0.65,0.77,0.83,0.77,0.66,0.61,0.62,0.61,0.59,0.61,CB,DEF,2
Gilberto,CB,Portugal,0.64,0.62,0.29,0.47,0.53,0.64,0.7,0.63,0.62,0.38,0.56,0.61,0.49,0.73,0.7,0.74,0.68,0.64,0.6,0.6,0.67,0.48,CB,DEF,5
Tanner Beason,CB,United States,0.64,0.6,0.25,0.42,0.56,0.64,0.7,0.54,0.65,0.57,0.51,0.6,0.59,0.77,0.7,0.71,0.64,0.65,0.66,0.64,0.6,0.32,CB,DEF,5
Franco Bechtholdt,CB,Argentina,0.64,0.53,0.48,0.53,0.6,0.64,0.69,0.52,0.54,0.49,0.68,0.64,0.59,0.69,0.73,0.66,0.65,0.61,0.65,0.63,0.65,0.53,CB,DEF,5
Dominik Becker,CB,Germany,0.64,0.68,0.34,0.49,0.48,0.63,0.67,0.61,0.73,0.47,0.46,0.58,0.6,0.72,0.59,0.72,0.62,0.61,0.64,0.62,0.62,0.48,CB,DEF,5
Alexandru Benga,CB,Romania,0.64,0.62,0.35,0.42,0.4,0.64,0.77,0.56,0.67,0.57,0.46,0.38,0.56,0.86,0.74,0.78,0.65,0.61,0.67,0.59,0.66,0.35,CB,DEF,5
Mal Benning,LB,England,0.64,0.72,0.51,0.59,0.62,0.58,0.67,0.73,0.72,0.76,0.71,0.59,0.61,0.63,0.72,0.69,0.6,0.57,0.58,0.57,0.57,0.65,LB,DEF,1
Mahmoud Bentayg,LB,Morocco,0.64,0.62,0.28,0.61,0.57,0.6,0.63,0.58,0.66,0.58,0.66,0.57,0.63,0.6,0.67,0.61,0.63,0.63,0.58,0.6,0.55,0.24,LB,DEF,1
Viktor Bergh,LB,Sweden,0.64,0.75,0.54,0.59,0.62,0.58,0.6,0.76,0.74,0.72,0.78,0.62,0.6,0.55,0.69,0.65,0.59,0.57,0.59,0.57,0.53,0.56,LB,DEF,1
Kian Best,LB,England,0.64,0.64,0.48,0.68,0.64,0.59,0.64,0.61,0.67,0.65,0.65,0.65,0.63,0.61,0.67,0.6,0.62,0.57,0.6,0.59,0.51,0.55,LB,DEF,1
Davide Bettella,CB,Italy,0.64,0.51,0.35,0.47,0.5,0.67,0.56,0.5,0.51,0.44,0.58,0.5,0.62,0.63,0.33,0.64,0.69,0.67,0.65,0.65,0.67,0.54,CB,DEF,5
Rahul Bheke,RB,India,0.64,0.61,0.35,0.51,0.49,0.64,0.75,0.62,0.6,0.52,0.46,0.49,0.62,0.77,0.75,0.85,0.68,0.65,0.62,0.58,0.68,0.37,RB,DEF,5
Kristian Bilovar,CB,Ukraine,0.64,0.66,0.34,0.38,0.44,0.65,0.68,0.6,0.71,0.46,0.52,0.48,0.59,0.74,0.64,0.73,0.69,0.66,0.66,0.58,0.66,0.4,CB,DEF,5
Hendry Blank,CB,Germany,0.64,0.67,0.33,0.46,0.54,0.64,0.65,0.65,0.69,0.64,0.63,0.53,0.59,0.73,0.52,0.73,0.65,0.64,0.61,0.67,0.63,0.4,CB,DEF,5
Matija Boben,CB,Slovenia,0.64,0.48,0.28,0.4,0.42,0.63,0.75,0.49,0.47,0.34,0.42,0.48,0.6,0.82,0.65,0.73,0.64,0.62,0.62,0.6,0.65,0.45,CB,DEF,5
James Bolton,CB,England,0.64,0.72,0.35,0.53,0.58,0.62,0.72,0.75,0.69,0.72,0.66,0.58,0.59,0.74,0.73,0.78,0.63,0.62,0.63,0.6,0.6,0.51,CB,DEF,2
Luke Bolton,RB,England,0.64,0.83,0.55,0.59,0.66,0.54,0.68,0.84,0.82,0.83,0.83,0.6,0.6,0.62,0.8,0.71,0.56,0.54,0.52,0.56,0.51,0.56,RB,DEF,1
André Boman,RB,Sweden,0.64,0.79,0.49,0.58,0.65,0.57,0.65,0.8,0.79,0.75,0.71,0.66,0.62,0.62,0.75,0.7,0.59,0.57,0.56,0.58,0.53,0.54,RB,DEF,1
Jordan Bowery,RB,England,0.64,0.83,0.57,0.52,0.6,0.57,0.76,0.77,0.88,0.64,0.68,0.58,0.6,0.8,0.82,0.82,0.58,0.54,0.55,0.56,0.6,0.6,RB,DEF,2
William Boyle,CB,England,0.64,0.46,0.29,0.44,0.48,0.62,0.78,0.45,0.46,0.35,0.48,0.5,0.6,0.84,0.7,0.73,0.63,0.6,0.61,0.61,0.66,0.46,CB,DEF,5
Oliver Braude,RB,Norway,0.64,0.66,0.46,0.61,0.62,0.58,0.61,0.68,0.65,0.75,0.74,0.62,0.57,0.51,0.82,0.56,0.61,0.63,0.57,0.56,0.51,0.57,RB,DEF,1
Ethan Bristow,LB,St. Kitts and Nevis,0.64,0.82,0.38,0.55,0.58,0.56,0.71,0.81,0.82,0.56,0.59,0.59,0.56,0.7,0.88,0.76,0.59,0.56,0.54,0.55,0.56,0.39,LB,DEF,1
Lewis Brunt,CB,England,0.64,0.77,0.44,0.56,0.62,0.62,0.72,0.81,0.73,0.69,0.64,0.62,0.61,0.72,0.76,0.81,0.63,0.62,0.61,0.63,0.62,0.58,CB,DEF,2
Elvis Bwomono,RB,Uganda,0.64,0.82,0.42,0.54,0.62,0.57,0.68,0.81,0.82,0.79,0.78,0.58,0.56,0.66,0.82,0.72,0.58,0.57,0.57,0.57,0.54,0.5,RB,DEF,1
Byeon Jun Soo,CB,Korea Republic,0.64,0.79,0.28,0.38,0.5,0.62,0.8,0.78,0.8,0.73,0.53,0.49,0.51,0.82,0.85,0.86,0.63,0.6,0.6,0.62,0.67,0.35,CB,DEF,5
Diego Caballo,LB,Spain,0.64,0.72,0.56,0.6,0.62,0.58,0.64,0.72,0.72,0.64,0.77,0.62,0.57,0.58,0.75,0.68,0.59,0.58,0.57,0.59,0.6,0.65,LB,DEF,1
Diego Calcaterra,CB,Argentina,0.64,0.51,0.33,0.45,0.49,0.65,0.7,0.51,0.51,0.48,0.47,0.54,0.57,0.76,0.61,0.68,0.68,0.66,0.66,0.61,0.58,0.45,CB,DEF,5
Alexis Cantero,LB,Paraguay,0.64,0.76,0.27,0.56,0.59,0.59,0.64,0.74,0.77,0.72,0.75,0.57,0.58,0.64,0.7,0.7,0.63,0.6,0.59,0.56,0.56,0.21,LB,DEF,1
Pedro Capó,CB,Spain,0.64,0.69,0.5,0.57,0.56,0.63,0.68,0.69,0.69,0.62,0.55,0.62,0.64,0.69,0.75,0.72,0.67,0.63,0.61,0.6,0.65,0.54,CB,DEF,2
Franco Carboni,LB,Argentina,0.64,0.62,0.4,0.55,0.57,0.6,0.68,0.63,0.61,0.5,0.6,0.59,0.61,0.67,0.75,0.69,0.6,0.63,0.59,0.59,0.62,0.48,LB,DEF,5
Baily Cargill,CB,England,0.64,0.65,0.36,0.54,0.58,0.63,0.77,0.67,0.64,0.58,0.51,0.58,0.61,0.82,0.79,0.79,0.63,0.62,0.62,0.63,0.64,0.42,CB,DEF,5
Jonas Carls,LB,Germany,0.64,0.82,0.56,0.56,0.64,0.54,0.58,0.83,0.82,0.74,0.76,0.6,0.62,0.46,0.79,0.61,0.58,0.54,0.52,0.54,0.52,0.63,LB,DEF,1
Luis Casiani,RB,Venezuela,0.64,0.73,0.49,0.57,0.6,0.59,0.63,0.7,0.75,0.59,0.79,0.6,0.64,0.63,0.73,0.64,0.64,0.57,0.54,0.6,0.54,0.48,RB,DEF,1
Tommaso Cassandro,RB,Italy,0.64,0.63,0.46,0.58,0.62,0.62,0.64,0.62,0.63,0.62,0.63,0.62,0.58,0.65,0.63,0.67,0.65,0.61,0.6,0.62,0.6,0.6,RB,DEF,1
Henrik Castegren,CB,Sweden,0.64,0.56,0.32,0.53,0.52,0.63,0.7,0.51,0.6,0.6,0.44,0.54,0.6,0.77,0.53,0.7,0.65,0.62,0.63,0.63,0.6,0.42,CB,DEF,5
Javi Castro,CB,Spain,0.64,0.64,0.32,0.42,0.49,0.64,0.69,0.62,0.66,0.6,0.6,0.59,0.6,0.67,0.74,0.68,0.67,0.63,0.65,0.61,0.62,0.48,CB,DEF,5
Daniel Celea,CB,Romania,0.64,0.54,0.38,0.4,0.45,0.65,0.71,0.53,0.54,0.54,0.62,0.5,0.61,0.76,0.69,0.72,0.67,0.64,0.66,0.62,0.64,0.48,CB,DEF,5
Luke Chambers,LB,England,0.64,0.65,0.41,0.6,0.63,0.61,0.62,0.69,0.62,0.58,0.59,0.63,0.63,0.6,0.65,0.63,0.63,0.61,0.61,0.62,0.54,0.32,LB,DEF,1
Justin Che,RB,United States,0.64,0.73,0.27,0.55,0.62,0.61,0.64,0.74,0.73,0.69,0.65,0.6,0.62,0.65,0.62,0.71,0.63,0.6,0.59,0.61,0.58,0.29,RB,DEF,1
Fabio Chiarodia,CB,Italy,0.64,0.66,0.33,0.49,0.56,0.65,0.63,0.64,0.67,0.68,0.61,0.51,0.63,0.68,0.53,0.69,0.67,0.64,0.65,0.63,0.62,0.42,CB,DEF,5
Andrei Chindriș,CB,Romania,0.64,0.63,0.36,0.46,0.46,0.63,0.73,0.62,0.63,0.58,0.58,0.52,0.61,0.78,0.7,0.76,0.63,0.65,0.62,0.63,0.66,0.33,CB,DEF,5
Gu Choi,CB,Peru,0.64,0.51,0.22,0.38,0.35,0.66,0.69,0.5,0.51,0.46,0.63,0.41,0.62,0.73,0.64,0.68,0.66,0.65,0.65,0.68,0.62,0.34,CB,DEF,5
Ben Chrisene,LB,England,0.64,0.72,0.51,0.61,0.64,0.58,0.62,0.71,0.72,0.67,0.65,0.64,0.62,0.62,0.66,0.62,0.63,0.61,0.56,0.58,0.47,0.57,LB,DEF,1
Sander Christiansen,LB,Norway,0.64,0.63,0.53,0.64,0.64,0.6,0.6,0.66,0.6,0.62,0.61,0.65,0.61,0.6,0.62,0.65,0.63,0.64,0.59,0.56,0.58,0.58,LB,DEF,1
Daniel Cleary,CB,Republic of Ireland,0.64,0.52,0.36,0.44,0.52,0.62,0.74,0.53,0.52,0.44,0.5,0.52,0.58,0.76,0.72,0.72,0.62,0.61,0.62,0.63,0.64,0.5,CB,DEF,5
Jack Clisby,LB,Australia,0.64,0.61,0.53,0.59,0.59,0.59,0.72,0.67,0.56,0.66,0.61,0.58,0.58,0.7,0.82,0.66,0.61,0.59,0.59,0.6,0.54,0.66,LB,DEF,1
Ibrahima Conté,CB,Guinea,0.64,0.48,0.43,0.49,0.53,0.62,0.8,0.62,0.37,0.68,0.54,0.53,0.51,0.91,0.72,0.83,0.67,0.57,0.55,0.62,0.7,0.6,CB,DEF,5
Brandon Cooper,CB,Wales,0.64,0.55,0.34,0.45,0.45,0.64,0.7,0.53,0.57,0.49,0.62,0.5,0.6,0.75,0.67,0.7,0.64,0.63,0.64,0.64,0.63,0.44,CB,DEF,5
Leo Cornic,RB,Norway,0.64,0.78,0.38,0.58,0.64,0.56,0.6,0.77,0.78,0.81,0.8,0.63,0.57,0.55,0.72,0.61,0.59,0.59,0.55,0.58,0.45,0.44,RB,DEF,1
Barry Cotter,RB,Republic of Ireland,0.64,0.83,0.52,0.57,0.6,0.57,0.69,0.81,0.85,0.69,0.64,0.59,0.57,0.7,0.77,0.74,0.6,0.59,0.55,0.54,0.54,0.58,RB,DEF,1
Jordan Courtney-Perkins,LB,Australia,0.64,0.72,0.44,0.54,0.6,0.63,0.75,0.69,0.75,0.67,0.68,0.59,0.59,0.8,0.71,0.72,0.66,0.63,0.65,0.59,0.53,0.54,LB,DEF,2
Artur Craciun,CB,Moldova,0.64,0.6,0.46,0.43,0.46,0.64,0.66,0.61,0.6,0.59,0.59,0.54,0.68,0.7,0.62,0.69,0.65,0.63,0.64,0.62,0.63,0.62,CB,DEF,5
Jack Currie,LB,England,0.64,0.76,0.37,0.52,0.63,0.58,0.59,0.8,0.73,0.78,0.81,0.6,0.55,0.5,0.8,0.68,0.6,0.56,0.57,0.64,0.49,0.42,LB,DEF,1
Bruno Oliveira,CB,Brazil,0.64,0.62,0.35,0.45,0.49,0.63,0.69,0.6,0.64,0.54,0.63,0.48,0.61,0.74,0.62,0.74,0.66,0.62,0.63,0.58,0.68,0.39,CB,DEF,5
Mathías De Ritis,LB,Uruguay,0.64,0.61,0.47,0.59,0.59,0.64,0.66,0.66,0.56,0.66,0.67,0.57,0.5,0.64,0.67,0.65,0.66,0.65,0.62,0.7,0.55,0.44,LB,DEF,1
Francis de Vries,LB,New Zealand,0.64,0.64,0.48,0.62,0.61,0.59,0.73,0.62,0.66,0.56,0.6,0.63,0.57,0.78,0.74,0.7,0.6,0.56,0.61,0.6,0.54,0.61,LB,DEF,2
Harlee Dean,CB,England,0.64,0.49,0.33,0.45,0.53,0.62,0.72,0.49,0.49,0.57,0.55,0.55,0.61,0.77,0.6,0.71,0.63,0.6,0.61,0.61,0.67,0.6,CB,DEF,5
Cheick Diabaté,CB,England,0.64,0.71,0.3,0.43,0.55,0.62,0.72,0.7,0.72,0.6,0.54,0.56,0.61,0.83,0.63,0.8,0.66,0.62,0.61,0.59,0.63,0.38,CB,DEF,5
Souleymane Diaby,LB,Côte d'Ivoire,0.64,0.7,0.51,0.56,0.65,0.59,0.63,0.7,0.7,0.62,0.83,0.64,0.53,0.59,0.73,0.64,0.62,0.62,0.58,0.54,0.57,0.64,LB,DEF,1
Ibrahim Diakité,RB,Guinea,0.64,0.77,0.42,0.51,0.62,0.61,0.66,0.78,0.76,0.6,0.64,0.64,0.53,0.63,0.71,0.72,0.63,0.61,0.61,0.6,0.56,0.51,RB,DEF,1
Junior Diaz,CB,France,0.64,0.77,0.29,0.48,0.49,0.64,0.62,0.73,0.81,0.62,0.49,0.53,0.54,0.69,0.44,0.71,0.71,0.69,0.61,0.59,0.56,0.45,CB,DEF,5
Leandro Díaz,LB,Chile,0.64,0.74,0.39,0.54,0.62,0.58,0.57,0.75,0.73,0.64,0.75,0.6,0.56,0.48,0.72,0.58,0.61,0.55,0.58,0.58,0.53,0.34,LB,DEF,1
Ding Haifeng,LB,China PR,0.64,0.8,0.52,0.6,0.65,0.56,0.64,0.84,0.76,0.82,0.65,0.62,0.6,0.63,0.73,0.75,0.56,0.55,0.57,0.56,0.57,0.64,LB,DEF,1
Francesco Donati,RB,Italy,0.64,0.7,0.42,0.58,0.62,0.6,0.64,0.7,0.7,0.67,0.57,0.53,0.67,0.61,0.71,0.63,0.64,0.65,0.61,0.54,0.53,0.41,RB,DEF,1
Patrick Dorgu,LB,Denmark,0.64,0.78,0.5,0.54,0.67,0.57,0.48,0.75,0.8,0.7,0.78,0.64,0.61,0.34,0.63,0.51,0.6,0.64,0.53,0.57,0.53,0.51,LB,DEF,1
Jeriel Dorsett,CB,Montserrat,0.64,0.71,0.26,0.5,0.57,0.62,0.76,0.67,0.74,0.56,0.62,0.59,0.56,0.8,0.76,0.77,0.62,0.64,0.61,0.63,0.63,0.39,CB,DEF,5
Griffin Dorsey,RB,United States,0.64,0.76,0.55,0.61,0.66,0.57,0.67,0.75,0.76,0.7,0.7,0.64,0.68,0.65,0.71,0.71,0.53,0.53,0.63,0.55,0.59,0.59,RB,DEF,1
Miloš Drinčić,CB,Montenegro,0.64,0.53,0.38,0.43,0.43,0.66,0.71,0.49,0.56,0.58,0.33,0.46,0.54,0.83,0.64,0.72,0.69,0.67,0.68,0.59,0.6,0.43,CB,DEF,5
Dylan Durivaux,RB,France,0.64,0.85,0.41,0.5,0.57,0.57,0.72,0.83,0.87,0.72,0.72,0.59,0.51,0.69,0.83,0.74,0.65,0.61,0.53,0.5,0.54,0.35,RB,DEF,1
Eskil Edh,RB,Norway,0.64,0.8,0.5,0.56,0.63,0.58,0.62,0.79,0.81,0.75,0.76,0.63,0.57,0.59,0.72,0.64,0.62,0.57,0.57,0.57,0.49,0.55,RB,DEF,1
Rarmani Edmonds-Green,CB,England,0.64,0.68,0.31,0.54,0.58,0.62,0.72,0.7,0.66,0.64,0.64,0.57,0.63,0.74,0.68,0.75,0.63,0.62,0.62,0.61,0.64,0.4,CB,DEF,5
Tayo Edun,LB,England,0.64,0.74,0.44,0.57,0.63,0.6,0.65,0.75,0.73,0.76,0.78,0.6,0.64,0.59,0.75,0.67,0.61,0.57,0.6,0.6,0.56,0.51,LB,DEF,1
Tom Edwards,RB,England,0.64,0.55,0.46,0.62,0.62,0.62,0.74,0.57,0.53,0.63,0.66,0.63,0.61,0.75,0.67,0.7,0.61,0.62,0.62,0.62,0.6,0.55,RB,DEF,5
Ryan Edwards,CB,England,0.64,0.44,0.35,0.43,0.43,0.64,0.72,0.5,0.39,0.32,0.32,0.5,0.6,0.8,0.65,0.72,0.64,0.63,0.65,0.64,0.65,0.48,CB,DEF,5
Egiluz,CB,Spain,0.64,0.54,0.4,0.45,0.45,0.62,0.71,0.53,0.55,0.43,0.63,0.59,0.61,0.76,0.62,0.72,0.66,0.57,0.64,0.56,0.65,0.59,CB,DEF,5
Kevin Ehlers,CB,Germany,0.64,0.63,0.29,0.5,0.52,0.64,0.68,0.63,0.63,0.59,0.59,0.6,0.61,0.77,0.62,0.75,0.65,0.64,0.65,0.64,0.61,0.42,CB,DEF,5
Hamza El Kaouakibi,RB,Morocco,0.64,0.69,0.42,0.52,0.61,0.61,0.66,0.67,0.7,0.52,0.55,0.62,0.56,0.68,0.71,0.68,0.62,0.61,0.61,0.59,0.58,0.53,RB,DEF,1
Anton Eriksson,CB,Sweden,0.64,0.54,0.32,0.49,0.44,0.63,0.67,0.53,0.55,0.45,0.63,0.5,0.65,0.72,0.63,0.68,0.64,0.65,0.62,0.64,0.62,0.38,CB,DEF,5
Carlos Niño Espínola,RB,Paraguay,0.64,0.78,0.34,0.5,0.54,0.62,0.65,0.75,0.8,0.61,0.72,0.55,0.5,0.6,0.8,0.69,0.61,0.52,0.65,0.65,0.58,0.5,RB,DEF,1
João Tomé,RB,Portugal,0.64,0.69,0.42,0.54,0.61,0.6,0.63,0.72,0.67,0.58,0.57,0.6,0.57,0.67,0.61,0.7,0.63,0.65,0.59,0.59,0.55,0.44,RB,DEF,1
Pascal Estrada,CB,Austria,0.64,0.6,0.43,0.52,0.56,0.64,0.68,0.63,0.57,0.6,0.64,0.61,0.62,0.73,0.62,0.72,0.66,0.65,0.63,0.62,0.62,0.52,CB,DEF,5
Ángel Faría,RB,Venezuela,0.64,0.66,0.41,0.57,0.61,0.62,0.56,0.71,0.61,0.74,0.68,0.55,0.66,0.59,0.57,0.63,0.66,0.66,0.6,0.63,0.52,0.57,RB,DEF,1
Chico Lamba,CB,Portugal,0.64,0.66,0.43,0.48,0.56,0.63,0.7,0.64,0.67,0.52,0.58,0.61,0.6,0.74,0.68,0.74,0.67,0.65,0.61,0.55,0.66,0.44,CB,DEF,5
Priestley Farquharson,CB,England,0.64,0.63,0.33,0.38,0.42,0.62,0.79,0.65,0.62,0.45,0.34,0.45,0.59,0.9,0.66,0.81,0.62,0.61,0.62,0.63,0.63,0.47,CB,DEF,5
Morgan Feeney,CB,England,0.64,0.66,0.34,0.41,0.42,0.62,0.79,0.7,0.63,0.35,0.46,0.49,0.56,0.84,0.73,0.8,0.62,0.6,0.64,0.6,0.62,0.53,CB,DEF,5
Joel Felix,CB,Denmark,0.64,0.5,0.39,0.48,0.5,0.64,0.7,0.48,0.51,0.5,0.46,0.54,0.5,0.74,0.68,0.69,0.64,0.62,0.63,0.62,0.69,0.55,CB,DEF,5
Nicolás Fernández,LB,Argentina,0.64,0.57,0.3,0.58,0.62,0.63,0.67,0.56,0.58,0.57,0.69,0.65,0.6,0.77,0.61,0.72,0.64,0.64,0.63,0.64,0.61,0.39,LB,DEF,5
Brian Ferrares,CB,Uruguay,0.64,0.61,0.23,0.5,0.33,0.67,0.64,0.6,0.62,0.45,0.58,0.4,0.56,0.63,0.65,0.67,0.65,0.67,0.73,0.62,0.63,0.28,CB,DEF,5
Sebastián Figueredo,RB,Uruguay,0.64,0.71,0.41,0.54,0.54,0.61,0.63,0.66,0.75,0.69,0.67,0.49,0.53,0.59,0.71,0.57,0.67,0.65,0.62,0.53,0.49,0.39,RB,DEF,1
Jack Fitzwater,CB,England,0.64,0.65,0.37,0.48,0.54,0.64,0.69,0.7,0.6,0.61,0.63,0.55,0.66,0.71,0.67,0.74,0.64,0.63,0.64,0.64,0.62,0.5,CB,DEF,5
Tom Flanagan,CB,Northern Ireland,0.64,0.43,0.34,0.49,0.47,0.63,0.77,0.47,0.39,0.52,0.53,0.46,0.59,0.79,0.7,0.7,0.63,0.62,0.64,0.61,0.63,0.32,CB,DEF,5
Brandon Fleming,LB,England,0.64,0.73,0.36,0.57,0.64,0.6,0.57,0.74,0.73,0.74,0.77,0.61,0.59,0.54,0.62,0.6,0.61,0.62,0.62,0.59,0.51,0.46,LB,DEF,1
Josh Flint,CB,England,0.64,0.75,0.44,0.56,0.6,0.64,0.66,0.71,0.79,0.68,0.68,0.61,0.57,0.65,0.68,0.72,0.66,0.64,0.65,0.62,0.62,0.49,CB,DEF,2
Francisco Flores,CB,Argentina,0.64,0.67,0.36,0.56,0.59,0.62,0.74,0.66,0.67,0.57,0.61,0.6,0.59,0.71,0.84,0.73,0.65,0.59,0.62,0.61,0.62,0.42,CB,DEF,2
Ian Forns,LB,Spain,0.64,0.83,0.53,0.57,0.65,0.57,0.59,0.82,0.83,0.79,0.73,0.63,0.59,0.57,0.66,0.67,0.59,0.57,0.56,0.57,0.5,0.62,LB,DEF,1
Will Forrester,CB,England,0.64,0.56,0.24,0.47,0.56,0.63,0.71,0.59,0.54,0.52,0.64,0.6,0.61,0.76,0.68,0.74,0.65,0.62,0.62,0.61,0.65,0.35,CB,DEF,5
Guillaume François,RB,Belgium,0.64,0.6,0.57,0.61,0.66,0.63,0.63,0.66,0.55,0.67,0.76,0.65,0.61,0.64,0.59,0.63,0.64,0.63,0.66,0.63,0.53,0.62,RB,DEF,2
Lewis Freestone,CB,England,0.64,0.75,0.33,0.5,0.58,0.62,0.76,0.74,0.75,0.64,0.5,0.57,0.6,0.77,0.71,0.8,0.63,0.61,0.62,0.59,0.61,0.47,CB,DEF,5
James Furlong,LB,Republic of Ireland,0.64,0.67,0.32,0.59,0.62,0.6,0.55,0.7,0.64,0.64,0.63,0.63,0.63,0.53,0.51,0.57,0.61,0.63,0.59,0.62,0.52,0.38,LB,DEF,1
Jon Gallagher,RB,Republic of Ireland,0.64,0.78,0.58,0.59,0.64,0.55,0.61,0.74,0.82,0.75,0.72,0.63,0.62,0.57,0.79,0.56,0.6,0.57,0.52,0.57,0.43,0.61,RB,DEF,1
Marco Gantschnig,CB,Austria,0.64,0.54,0.46,0.51,0.56,0.64,0.63,0.55,0.54,0.54,0.56,0.64,0.63,0.64,0.59,0.66,0.63,0.62,0.64,0.67,0.65,0.49,CB,DEF,5
Luke Garbutt,LB,England,0.64,0.67,0.53,0.62,0.6,0.61,0.64,0.68,0.66,0.67,0.65,0.61,0.61,0.63,0.65,0.66,0.61,0.61,0.62,0.6,0.56,0.58,LB,DEF,1
Simon Gefvert,RB,Sweden,0.64,0.78,0.53,0.6,0.64,0.55,0.65,0.76,0.79,0.81,0.8,0.62,0.61,0.63,0.76,0.68,0.58,0.55,0.54,0.55,0.52,0.53,RB,DEF,1
Georgie Gent,LB,England,0.64,0.85,0.48,0.58,0.64,0.55,0.57,0.84,0.86,0.8,0.73,0.61,0.59,0.49,0.71,0.63,0.58,0.59,0.5,0.57,0.53,0.52,LB,DEF,1
Alex Gersbach,LB,Australia,0.64,0.82,0.35,0.55,0.61,0.57,0.73,0.83,0.81,0.8,0.74,0.59,0.57,0.76,0.77,0.78,0.58,0.58,0.57,0.58,0.51,0.36,LB,DEF,1
Thomas Geyer,CB,Germany,0.64,0.66,0.25,0.44,0.54,0.65,0.67,0.65,0.67,0.6,0.75,0.58,0.63,0.67,0.7,0.7,0.65,0.61,0.67,0.66,0.64,0.37,CB,DEF,5
Óscar Gil,CB,Spain,0.64,0.46,0.43,0.57,0.53,0.64,0.66,0.48,0.44,0.44,0.64,0.57,0.62,0.67,0.64,0.64,0.66,0.64,0.63,0.65,0.63,0.46,CB,DEF,5
Néstor Giménez,LB,Paraguay,0.64,0.71,0.34,0.52,0.57,0.6,0.59,0.65,0.76,0.56,0.53,0.61,0.64,0.62,0.58,0.59,0.62,0.59,0.6,0.62,0.48,0.33,LB,DEF,1
Andrea Giorgini,CB,Italy,0.64,0.58,0.28,0.51,0.56,0.62,0.75,0.49,0.66,0.39,0.44,0.63,0.56,0.82,0.69,0.7,0.65,0.62,0.58,0.63,0.58,0.4,CB,DEF,5
Edvinas Girdvainis,CB,Lithuania,0.64,0.54,0.25,0.48,0.43,0.62,0.73,0.53,0.55,0.58,0.58,0.43,0.63,0.81,0.66,0.73,0.63,0.62,0.61,0.63,0.62,0.38,CB,DEF,5
Ian Glavinovich,CB,Argentina,0.64,0.63,0.32,0.53,0.53,0.66,0.62,0.65,0.62,0.56,0.64,0.5,0.51,0.62,0.63,0.7,0.63,0.65,0.65,0.71,0.68,0.26,CB,DEF,5
Michael Glück,CB,Austria,0.64,0.62,0.27,0.43,0.5,0.64,0.66,0.64,0.61,0.54,0.51,0.61,0.59,0.73,0.6,0.7,0.67,0.66,0.63,0.62,0.57,0.36,CB,DEF,5
Marcus Godinho,LB,Canada,0.64,0.75,0.31,0.55,0.68,0.57,0.65,0.75,0.75,0.74,0.76,0.67,0.6,0.69,0.68,0.61,0.59,0.59,0.58,0.59,0.41,0.28,LB,DEF,1
Udoka Godwin-Malife,CB,England,0.64,0.81,0.32,0.53,0.59,0.61,0.75,0.8,0.81,0.7,0.68,0.56,0.61,0.76,0.8,0.88,0.62,0.6,0.61,0.63,0.57,0.39,CB,DEF,2
Alex Gogić,CB,Cyprus,0.64,0.46,0.45,0.51,0.52,0.62,0.77,0.36,0.54,0.32,0.49,0.58,0.59,0.79,0.76,0.66,0.63,0.6,0.62,0.61,0.63,0.68,CB,DEF,5
Nicolás Goitea,CB,Argentina,0.64,0.57,0.24,0.42,0.51,0.66,0.62,0.6,0.55,0.52,0.5,0.6,0.56,0.63,0.61,0.67,0.67,0.64,0.67,0.65,0.65,0.38,CB,DEF,5
Julian Gölles,RB,Austria,0.64,0.74,0.54,0.54,0.58,0.61,0.69,0.68,0.79,0.59,0.51,0.6,0.6,0.8,0.56,0.77,0.65,0.62,0.58,0.59,0.62,0.63,RB,DEF,2
Diego González,CB,Spain,0.64,0.61,0.42,0.54,0.56,0.65,0.63,0.6,0.61,0.45,0.67,0.62,0.63,0.65,0.62,0.68,0.67,0.65,0.65,0.63,0.63,0.45,CB,DEF,5
Tristan Gooijer,RB,Holland,0.64,0.73,0.38,0.52,0.64,0.61,0.67,0.72,0.74,0.59,0.56,0.64,0.59,0.68,0.59,0.71,0.63,0.62,0.62,0.58,0.58,0.58,RB,DEF,1
Anthony Gordillo,LB,Peru,0.64,0.63,0.29,0.5,0.55,0.62,0.56,0.68,0.59,0.57,0.77,0.6,0.66,0.55,0.57,0.6,0.66,0.62,0.62,0.6,0.53,0.25,LB,DEF,1
Liam Gordon,CB,Scotland,0.64,0.43,0.28,0.41,0.46,0.63,0.77,0.43,0.43,0.38,0.63,0.5,0.59,0.81,0.73,0.71,0.65,0.63,0.6,0.63,0.66,0.35,CB,DEF,5
Rhyan Grant,RB,Australia,0.64,0.66,0.56,0.6,0.62,0.59,0.81,0.76,0.57,0.68,0.72,0.6,0.63,0.81,0.84,0.81,0.57,0.6,0.61,0.61,0.55,0.61,RB,DEF,2
Conor Grant,LB,England,0.64,0.66,0.58,0.61,0.63,0.59,0.67,0.69,0.64,0.77,0.74,0.62,0.6,0.69,0.71,0.69,0.61,0.58,0.57,0.6,0.59,0.65,LB,DEF,2
Christoph Greger,CB,Germany,0.64,0.53,0.28,0.37,0.4,0.64,0.74,0.54,0.53,0.49,0.43,0.48,0.6,0.82,0.65,0.76,0.66,0.62,0.63,0.62,0.69,0.45,CB,DEF,5
Fabian Greilinger,LB,Germany,0.64,0.81,0.47,0.55,0.68,0.54,0.61,0.82,0.8,0.86,0.85,0.67,0.53,0.56,0.81,0.59,0.58,0.59,0.5,0.57,0.39,0.46,LB,DEF,1
Daníel Leó Grétarsson,CB,Iceland,0.64,0.66,0.52,0.58,0.59,0.64,0.7,0.62,0.69,0.68,0.66,0.54,0.65,0.71,0.71,0.69,0.63,0.61,0.66,0.66,0.58,0.54,CB,DEF,2
Maximilian Großer,CB,Germany,0.64,0.51,0.34,0.53,0.51,0.62,0.75,0.5,0.52,0.61,0.63,0.55,0.62,0.8,0.71,0.71,0.65,0.58,0.63,0.6,0.62,0.44,CB,DEF,5
Emin Grozdanic,CB,Sweden,0.64,0.56,0.3,0.52,0.56,0.63,0.68,0.52,0.59,0.49,0.57,0.58,0.64,0.73,0.63,0.68,0.64,0.62,0.63,0.64,0.6,0.33,CB,DEF,5
Fabio Gruber,CB,Germany,0.64,0.61,0.28,0.46,0.48,0.64,0.69,0.58,0.64,0.49,0.54,0.5,0.63,0.73,0.62,0.8,0.65,0.63,0.64,0.61,0.65,0.39,CB,DEF,5
Thomas Gundelund,RB,Denmark,0.64,0.71,0.41,0.57,0.62,0.6,0.6,0.7,0.72,0.74,0.68,0.63,0.62,0.6,0.64,0.66,0.62,0.58,0.59,0.61,0.59,0.49,RB,DEF,1
Niklas Gunnarsson,CB,Norway,0.64,0.52,0.49,0.55,0.56,0.62,0.76,0.51,0.53,0.48,0.62,0.59,0.59,0.8,0.73,0.72,0.62,0.62,0.61,0.63,0.63,0.62,CB,DEF,5
Thomas Gutierrez,CB,Venezuela,0.64,0.61,0.35,0.52,0.49,0.64,0.65,0.66,0.56,0.63,0.32,0.54,0.58,0.76,0.48,0.76,0.63,0.61,0.63,0.68,0.63,0.41,CB,DEF,5
Jean Gutiérrez,CB,Venezuela,0.64,0.53,0.25,0.44,0.46,0.64,0.67,0.53,0.53,0.44,0.34,0.55,0.61,0.73,0.58,0.68,0.67,0.66,0.64,0.62,0.61,0.35,CB,DEF,5
Leon Guwara,LB,Gambia,0.64,0.8,0.39,0.54,0.64,0.6,0.69,0.8,0.8,0.67,0.62,0.61,0.6,0.71,0.61,0.77,0.6,0.58,0.59,0.63,0.55,0.52,LB,DEF,1
Jetmir Haliti,CB,Kosovo,0.64,0.89,0.31,0.47,0.61,0.63,0.7,0.9,0.89,0.74,0.6,0.62,0.62,0.74,0.69,0.79,0.64,0.65,0.63,0.65,0.52,0.38,CB,DEF,2
Dan Happe,CB,England,0.64,0.54,0.28,0.44,0.46,0.63,0.81,0.53,0.54,0.37,0.4,0.49,0.6,0.9,0.78,0.76,0.64,0.62,0.64,0.61,0.61,0.41,CB,DEF,5
Vincent Harper,LB,Kenya,0.64,0.9,0.45,0.55,0.66,0.55,0.74,0.88,0.92,0.82,0.9,0.62,0.54,0.72,0.77,0.78,0.54,0.57,0.54,0.57,0.51,0.48,LB,DEF,1
Alex Hartridge,CB,England,0.64,0.7,0.28,0.5,0.54,0.63,0.75,0.71,0.69,0.64,0.64,0.53,0.62,0.81,0.71,0.81,0.65,0.62,0.64,0.6,0.6,0.33,CB,DEF,5
Daniel Harvie,LB,Scotland,0.64,0.75,0.46,0.56,0.61,0.57,0.7,0.75,0.75,0.72,0.72,0.58,0.57,0.59,0.86,0.76,0.58,0.57,0.56,0.57,0.57,0.5,LB,DEF,1
Zakaria Hawsawi,LB,Saudi Arabia,0.64,0.91,0.34,0.51,0.71,0.55,0.63,0.9,0.91,0.78,0.8,0.73,0.54,0.62,0.64,0.66,0.58,0.63,0.53,0.56,0.42,0.43,LB,DEF,1
Aaron Hayden,CB,England,0.64,0.64,0.3,0.44,0.52,0.62,0.75,0.64,0.64,0.58,0.55,0.52,0.58,0.84,0.63,0.8,0.62,0.61,0.62,0.6,0.68,0.41,CB,DEF,5
Ben Heneghan,CB,England,0.64,0.43,0.28,0.42,0.42,0.63,0.74,0.34,0.5,0.43,0.36,0.45,0.61,0.82,0.65,0.68,0.64,0.63,0.62,0.62,0.65,0.48,CB,DEF,5
Heo Yul,CB,Korea Republic,0.64,0.82,0.6,0.43,0.58,0.6,0.76,0.81,0.82,0.59,0.43,0.63,0.57,0.84,0.63,0.94,0.6,0.5,0.58,0.6,0.73,0.63,CB,DEF,2
Gerónimo Heredia,RB,Argentina,0.64,0.75,0.43,0.54,0.58,0.59,0.62,0.78,0.72,0.64,0.66,0.55,0.58,0.61,0.66,0.68,0.64,0.66,0.58,0.55,0.51,0.43,RB,DEF,1
Ronald Hernández,RB,Venezuela,0.64,0.82,0.33,0.52,0.61,0.59,0.65,0.81,0.82,0.75,0.82,0.58,0.6,0.65,0.71,0.71,0.62,0.59,0.57,0.61,0.5,0.33,RB,DEF,1
Brendan Hines-Ike,CB,United States,0.64,0.53,0.53,0.54,0.58,0.64,0.73,0.56,0.5,0.65,0.64,0.58,0.58,0.75,0.69,0.71,0.63,0.61,0.64,0.65,0.63,0.65,CB,DEF,5
Hormigo,LB,Spain,0.64,0.67,0.26,0.53,0.51,0.62,0.57,0.69,0.65,0.53,0.61,0.54,0.6,0.56,0.63,0.62,0.64,0.61,0.61,0.65,0.55,0.2,LB,DEF,1
Tomoki Imai,CB,Japan,0.64,0.57,0.24,0.48,0.55,0.62,0.77,0.62,0.53,0.57,0.55,0.58,0.6,0.82,0.81,0.77,0.63,0.61,0.62,0.63,0.62,0.25,CB,DEF,5
Sandro Ingolitsch,RB,Austria,0.64,0.71,0.41,0.58,0.62,0.61,0.65,0.7,0.71,0.67,0.73,0.58,0.58,0.66,0.67,0.68,0.6,0.6,0.62,0.63,0.58,0.45,RB,DEF,1
Jack Iredale,CB,Australia,0.64,0.72,0.43,0.56,0.58,0.61,0.74,0.74,0.71,0.62,0.42,0.58,0.61,0.72,0.71,0.85,0.64,0.62,0.6,0.59,0.6,0.53,CB,DEF,2
Damian Jakubik,RB,Poland,0.64,0.76,0.32,0.54,0.5,0.6,0.71,0.77,0.75,0.59,0.59,0.56,0.58,0.71,0.73,0.66,0.61,0.63,0.62,0.61,0.44,0.39,RB,DEF,1
Jeremías James,CB,Argentina,0.64,0.44,0.33,0.4,0.43,0.64,0.7,0.36,0.51,0.42,0.52,0.5,0.59,0.74,0.61,0.65,0.63,0.62,0.64,0.64,0.69,0.57,CB,DEF,5
Mohamed Jaouab,CB,Morocco,0.64,0.57,0.29,0.42,0.51,0.64,0.65,0.45,0.67,0.48,0.48,0.56,0.54,0.71,0.57,0.67,0.68,0.63,0.61,0.62,0.68,0.56,CB,DEF,5
Anders Finjord Jenssen,CB,Norway,0.64,0.5,0.32,0.46,0.48,0.63,0.74,0.51,0.5,0.49,0.55,0.55,0.6,0.85,0.67,0.74,0.63,0.61,0.63,0.62,0.63,0.52,CB,DEF,5
Jeong Woo Jae,LB,Korea Republic,0.64,0.73,0.59,0.6,0.66,0.59,0.71,0.74,0.73,0.74,0.73,0.64,0.58,0.74,0.73,0.75,0.59,0.56,0.6,0.59,0.57,0.64,LB,DEF,2
Callum Johnson,RB,England,0.64,0.73,0.45,0.57,0.6,0.6,0.71,0.75,0.71,0.7,0.62,0.58,0.58,0.71,0.74,0.75,0.61,0.6,0.58,0.6,0.58,0.54,RB,DEF,2
Max Johnston,RB,Scotland,0.64,0.81,0.36,0.58,0.6,0.57,0.64,0.8,0.81,0.72,0.73,0.59,0.54,0.64,0.7,0.66,0.62,0.61,0.56,0.55,0.46,0.39,RB,DEF,1
Marcelo Jorquera,LB,Chile,0.64,0.73,0.39,0.59,0.63,0.58,0.7,0.74,0.72,0.76,0.59,0.66,0.58,0.73,0.7,0.69,0.63,0.61,0.56,0.55,0.49,0.45,LB,DEF,1
Brent Kallman,CB,United States,0.64,0.46,0.39,0.49,0.37,0.63,0.76,0.5,0.42,0.38,0.45,0.31,0.59,0.81,0.7,0.73,0.63,0.56,0.66,0.64,0.63,0.57,CB,DEF,5
Malte Karbstein,CB,Germany,0.64,0.61,0.36,0.48,0.51,0.63,0.71,0.54,0.67,0.53,0.57,0.54,0.57,0.77,0.62,0.64,0.66,0.63,0.61,0.62,0.64,0.36,CB,DEF,5
Jadel Katongo,RB,England,0.64,0.7,0.36,0.55,0.58,0.61,0.68,0.69,0.71,0.65,0.61,0.6,0.62,0.71,0.69,0.71,0.62,0.61,0.6,0.62,0.59,0.41,RB,DEF,1
Alfie Kilgour,CB,England,0.64,0.64,0.46,0.44,0.52,0.62,0.73,0.63,0.64,0.56,0.5,0.54,0.59,0.84,0.56,0.79,0.63,0.61,0.62,0.61,0.64,0.59,CB,DEF,5
Kim Tae Han,CB,Korea Republic,0.64,0.52,0.21,0.34,0.32,0.66,0.71,0.49,0.54,0.38,0.59,0.32,0.63,0.73,0.69,0.67,0.68,0.64,0.67,0.64,0.62,0.33,CB,DEF,5
Kim Jin Ya,RB,Korea Republic,0.64,0.81,0.53,0.58,0.64,0.56,0.63,0.8,0.81,0.79,0.77,0.6,0.58,0.52,0.83,0.6,0.54,0.56,0.59,0.61,0.47,0.55,RB,DEF,1
Kim Tae Hyun,RB,Korea Republic,0.64,0.68,0.48,0.59,0.62,0.57,0.64,0.7,0.67,0.65,0.76,0.59,0.65,0.62,0.77,0.6,0.59,0.58,0.56,0.6,0.47,0.47,RB,DEF,1
Ruben Kluivert,CB,Holland,0.64,0.71,0.31,0.44,0.52,0.65,0.63,0.68,0.74,0.63,0.69,0.55,0.63,0.66,0.61,0.7,0.66,0.67,0.63,0.65,0.63,0.5,CB,DEF,5
Žan Kolmanič,LB,Slovenia,0.64,0.66,0.52,0.67,0.62,0.56,0.64,0.64,0.68,0.6,0.56,0.65,0.63,0.64,0.72,0.58,0.6,0.55,0.58,0.54,0.45,0.7,LB,DEF,1
Aleksander Komor,CB,Poland,0.64,0.61,0.24,0.46,0.49,0.63,0.74,0.63,0.59,0.59,0.69,0.44,0.61,0.79,0.71,0.75,0.62,0.62,0.64,0.64,0.6,0.34,CB,DEF,5
Vegard Kongsro,LB,Norway,0.64,0.77,0.42,0.56,0.59,0.58,0.67,0.79,0.75,0.76,0.7,0.58,0.58,0.68,0.74,0.71,0.6,0.58,0.57,0.59,0.54,0.49,LB,DEF,1
Koo Ja Ryong,CB,Korea Republic,0.64,0.66,0.29,0.45,0.48,0.62,0.73,0.68,0.65,0.63,0.64,0.53,0.59,0.79,0.65,0.79,0.61,0.62,0.63,0.61,0.68,0.36,CB,DEF,5
Martin Koscelnik,RB,Slovakia,0.64,0.66,0.51,0.59,0.62,0.61,0.62,0.69,0.64,0.67,0.59,0.63,0.53,0.6,0.7,0.68,0.63,0.64,0.61,0.58,0.61,0.65,RB,DEF,1
Loïc Kouagba,CB,France,0.64,0.68,0.34,0.42,0.47,0.61,0.8,0.67,0.69,0.51,0.58,0.5,0.5,0.87,0.7,0.81,0.65,0.62,0.6,0.57,0.62,0.41,CB,DEF,5
Thérence Koudou,RB,France,0.64,0.65,0.46,0.58,0.61,0.59,0.6,0.67,0.63,0.59,0.69,0.63,0.63,0.58,0.62,0.63,0.63,0.61,0.56,0.59,0.56,0.49,RB,DEF,1
Bram Lagae,CB,Belgium,0.64,0.67,0.34,0.46,0.54,0.65,0.65,0.66,0.68,0.63,0.61,0.61,0.52,0.67,0.64,0.69,0.69,0.68,0.62,0.63,0.6,0.45,CB,DEF,5
Jannis Lang,RB,Germany,0.64,0.7,0.32,0.44,0.58,0.63,0.73,0.68,0.72,0.56,0.56,0.6,0.61,0.78,0.7,0.77,0.64,0.64,0.62,0.62,0.63,0.48,RB,DEF,5
Sondre Langås,CB,Norway,0.64,0.78,0.37,0.51,0.59,0.63,0.73,0.76,0.8,0.69,0.56,0.58,0.6,0.77,0.72,0.82,0.64,0.62,0.61,0.62,0.64,0.47,CB,DEF,2
Dominik Lanius,CB,Germany,0.64,0.52,0.35,0.42,0.43,0.63,0.8,0.5,0.54,0.54,0.51,0.44,0.63,0.88,0.76,0.77,0.65,0.61,0.62,0.6,0.67,0.59,CB,DEF,5
Granit Lekaj,CB,Kosovo,0.64,0.31,0.37,0.46,0.48,0.66,0.75,0.34,0.29,0.34,0.55,0.49,0.52,0.75,0.79,0.64,0.62,0.63,0.7,0.67,0.65,0.39,CB,DEF,5
Li Ang,CB,China PR,0.64,0.55,0.57,0.6,0.56,0.62,0.79,0.59,0.52,0.6,0.75,0.57,0.56,0.84,0.77,0.78,0.62,0.61,0.62,0.59,0.66,0.69,CB,DEF,2
Liao Junjian,CB,China PR,0.64,0.64,0.46,0.54,0.54,0.64,0.72,0.63,0.65,0.75,0.59,0.54,0.64,0.72,0.81,0.7,0.67,0.65,0.62,0.65,0.59,0.52,CB,DEF,2
Axel Lindahl,RB,Sweden,0.64,0.8,0.48,0.61,0.68,0.54,0.59,0.79,0.8,0.73,0.72,0.7,0.56,0.58,0.69,0.64,0.58,0.57,0.47,0.58,0.49,0.56,RB,DEF,1
Liu Junshuai,CB,China PR,0.64,0.61,0.37,0.49,0.5,0.63,0.75,0.54,0.67,0.53,0.8,0.54,0.59,0.82,0.71,0.76,0.61,0.62,0.67,0.59,0.67,0.44,CB,DEF,5
Enrique Lofolomo,CB,Germany,0.64,0.69,0.52,0.57,0.64,0.62,0.69,0.73,0.65,0.62,0.61,0.7,0.61,0.75,0.6,0.77,0.62,0.59,0.63,0.62,0.6,0.57,CB,DEF,2
Javi López,RB,Spain,0.64,0.54,0.52,0.62,0.64,0.64,0.65,0.59,0.49,0.65,0.71,0.66,0.64,0.66,0.55,0.65,0.66,0.64,0.63,0.63,0.59,0.57,RB,DEF,2
Mathias Løvik,LB,Norway,0.64,0.81,0.39,0.52,0.63,0.57,0.65,0.82,0.81,0.77,0.68,0.63,0.57,0.64,0.76,0.68,0.6,0.57,0.58,0.57,0.46,0.47,LB,DEF,1
Boyd Lucassen,RB,Holland,0.64,0.65,0.47,0.53,0.59,0.62,0.66,0.69,0.62,0.59,0.77,0.6,0.62,0.64,0.7,0.64,0.64,0.61,0.63,0.65,0.52,0.58,RB,DEF,1
Juan Ludueña,CB,Argentina,0.64,0.55,0.32,0.42,0.48,0.64,0.72,0.54,0.56,0.55,0.53,0.48,0.6,0.76,0.65,0.72,0.66,0.64,0.62,0.61,0.66,0.45,CB,DEF,5
Marcos Luna,RB,Spain,0.64,0.71,0.35,0.45,0.52,0.65,0.75,0.7,0.71,0.53,0.66,0.4,0.58,0.8,0.77,0.77,0.71,0.66,0.65,0.6,0.6,0.35,RB,DEF,5
Pedro Ganchas,CB,Portugal,0.64,0.46,0.32,0.35,0.38,0.66,0.7,0.52,0.41,0.4,0.46,0.46,0.48,0.77,0.61,0.73,0.69,0.68,0.62,0.64,0.7,0.46,CB,DEF,5
Enes Mahmutovic,CB,Luxembourg,0.64,0.53,0.27,0.38,0.4,0.64,0.71,0.52,0.53,0.44,0.45,0.43,0.59,0.78,0.59,0.71,0.64,0.61,0.66,0.63,0.62,0.49,CB,DEF,5
Erik Majetschak,CB,Germany,0.64,0.66,0.53,0.62,0.61,0.63,0.69,0.65,0.66,0.64,0.65,0.64,0.66,0.73,0.71,0.79,0.65,0.6,0.66,0.62,0.57,0.57,CB,DEF,2
Scott Malone,LB,England,0.64,0.69,0.55,0.6,0.59,0.59,0.7,0.67,0.7,0.7,0.63,0.59,0.62,0.69,0.75,0.68,0.6,0.59,0.59,0.59,0.56,0.62,LB,DEF,2
Luc Mares,CB,Holland,0.64,0.59,0.52,0.58,0.56,0.62,0.69,0.6,0.58,0.5,0.54,0.6,0.64,0.75,0.63,0.72,0.63,0.61,0.63,0.61,0.61,0.58,CB,DEF,5
Ar'jany Martha,LB,Curaçao,0.64,0.79,0.5,0.61,0.7,0.55,0.5,0.86,0.73,0.89,0.55,0.67,0.65,0.38,0.67,0.45,0.54,0.52,0.55,0.63,0.46,0.54,LB,DEF,1
Conor Masterson,CB,Republic of Ireland,0.64,0.62,0.33,0.44,0.52,0.64,0.72,0.59,0.65,0.4,0.45,0.54,0.61,0.74,0.75,0.72,0.64,0.62,0.64,0.62,0.65,0.46,CB,DEF,5
Jason McCarthy,RB,England,0.64,0.71,0.53,0.57,0.6,0.6,0.75,0.68,0.74,0.67,0.68,0.57,0.59,0.76,0.81,0.74,0.61,0.58,0.6,0.59,0.59,0.6,RB,DEF,2
James McGarry,LB,New Zealand,0.64,0.82,0.59,0.58,0.67,0.55,0.75,0.83,0.81,0.75,0.73,0.63,0.58,0.76,0.83,0.78,0.57,0.56,0.53,0.55,0.5,0.69,LB,DEF,2
Christopher McVey,CB,Sweden,0.64,0.65,0.33,0.56,0.54,0.62,0.78,0.66,0.65,0.5,0.57,0.58,0.6,0.79,0.87,0.76,0.64,0.58,0.63,0.6,0.62,0.38,CB,DEF,5
Rick Meissen,CB,Holland,0.64,0.47,0.33,0.42,0.47,0.63,0.72,0.41,0.51,0.36,0.6,0.52,0.59,0.82,0.57,0.7,0.64,0.6,0.63,0.63,0.64,0.41,CB,DEF,5
Howell Mena,CB,Colombia,0.64,0.54,0.24,0.39,0.42,0.64,0.66,0.56,0.53,0.48,0.54,0.48,0.6,0.72,0.56,0.71,0.66,0.68,0.62,0.62,0.66,0.35,CB,DEF,5
Sergio Mendoza,LB,Paraguay,0.64,0.71,0.5,0.59,0.63,0.58,0.6,0.73,0.7,0.68,0.75,0.62,0.58,0.57,0.69,0.55,0.61,0.56,0.59,0.6,0.41,0.59,LB,DEF,1
William Mikelbrencis,RB,France,0.64,0.75,0.38,0.56,0.62,0.6,0.57,0.74,0.76,0.7,0.81,0.59,0.58,0.53,0.62,0.61,0.62,0.66,0.59,0.58,0.54,0.57,RB,DEF,1
Eric Miller,RB,United States,0.64,0.66,0.37,0.52,0.58,0.61,0.69,0.65,0.67,0.66,0.54,0.57,0.61,0.67,0.72,0.64,0.59,0.59,0.66,0.63,0.54,0.44,RB,DEF,1
Sixto Mina,CB,Ecuador,0.64,0.67,0.47,0.46,0.56,0.64,0.67,0.69,0.66,0.68,0.57,0.59,0.64,0.81,0.49,0.79,0.64,0.62,0.64,0.64,0.61,0.51,CB,DEF,5
Andrei Miron,CB,Romania,0.64,0.46,0.42,0.48,0.48,0.63,0.73,0.49,0.44,0.5,0.55,0.5,0.62,0.79,0.64,0.72,0.64,0.58,0.64,0.63,0.66,0.5,CB,DEF,5
Clinton Mola,LB,England,0.64,0.73,0.42,0.59,0.64,0.61,0.64,0.76,0.7,0.68,0.7,0.62,0.6,0.68,0.58,0.71,0.64,0.62,0.59,0.62,0.54,0.49,LB,DEF,1
Gavin Molloy,CB,Republic of Ireland,0.64,0.55,0.52,0.53,0.56,0.63,0.7,0.6,0.5,0.58,0.53,0.56,0.57,0.71,0.64,0.71,0.67,0.6,0.6,0.63,0.62,0.51,CB,DEF,5
Nacho Monsalve,CB,Spain,0.64,0.54,0.31,0.51,0.53,0.65,0.7,0.54,0.54,0.31,0.65,0.56,0.57,0.76,0.62,0.71,0.66,0.67,0.64,0.64,0.62,0.42,CB,DEF,5
Taylor Moore,CB,England,0.64,0.61,0.37,0.58,0.58,0.63,0.71,0.63,0.59,0.57,0.57,0.59,0.59,0.72,0.71,0.72,0.64,0.63,0.6,0.66,0.63,0.45,CB,DEF,5
Matías Moreno,CB,Argentina,0.64,0.56,0.28,0.35,0.43,0.66,0.69,0.58,0.54,0.59,0.63,0.49,0.58,0.76,0.65,0.75,0.68,0.64,0.65,0.64,0.69,0.45,CB,DEF,5
Liam Morrison,CB,Scotland,0.64,0.53,0.31,0.45,0.53,0.65,0.65,0.52,0.54,0.63,0.6,0.53,0.6,0.7,0.6,0.66,0.67,0.64,0.65,0.63,0.63,0.45,CB,DEF,5
Alex Murphy,CB,Republic of Ireland,0.64,0.65,0.34,0.54,0.57,0.62,0.68,0.63,0.66,0.59,0.59,0.58,0.58,0.75,0.53,0.71,0.63,0.62,0.63,0.62,0.59,0.47,CB,DEF,5
Michał Nalepa,CB,Poland,0.64,0.34,0.42,0.47,0.45,0.62,0.79,0.34,0.34,0.3,0.32,0.5,0.6,0.89,0.7,0.71,0.62,0.6,0.62,0.63,0.65,0.55,CB,DEF,5
Miguel Navarro,LB,Venezuela,0.64,0.73,0.31,0.51,0.62,0.6,0.62,0.7,0.75,0.67,0.81,0.62,0.58,0.6,0.72,0.56,0.63,0.63,0.62,0.57,0.43,0.35,LB,DEF,1
Corrie Ndaba,LB,Republic of Ireland,0.64,0.7,0.27,0.53,0.58,0.62,0.75,0.68,0.71,0.62,0.55,0.55,0.55,0.84,0.7,0.79,0.64,0.61,0.6,0.62,0.61,0.4,LB,DEF,5
Théo Ndicka Matam,LB,France,0.64,0.78,0.48,0.57,0.66,0.56,0.66,0.84,0.73,0.8,0.83,0.65,0.56,0.6,0.77,0.62,0.61,0.61,0.56,0.56,0.38,0.63,LB,DEF,1
Dylan Nealis,RB,United States,0.64,0.72,0.4,0.46,0.56,0.64,0.68,0.7,0.73,0.67,0.68,0.54,0.62,0.68,0.66,0.69,0.67,0.64,0.64,0.61,0.59,0.5,RB,DEF,1
Stephan Negru,CB,Republic of Ireland,0.64,0.56,0.25,0.42,0.48,0.63,0.7,0.57,0.55,0.58,0.58,0.5,0.61,0.76,0.6,0.73,0.62,0.62,0.64,0.63,0.65,0.37,CB,DEF,5
Lewis Neilson,CB,Scotland,0.64,0.66,0.27,0.48,0.55,0.63,0.66,0.65,0.67,0.54,0.59,0.56,0.57,0.73,0.47,0.74,0.66,0.59,0.63,0.58,0.65,0.31,CB,DEF,5
Ahmad Ngouyamsa,RB,Cameroon,0.64,0.76,0.4,0.56,0.65,0.59,0.66,0.77,0.76,0.81,0.75,0.62,0.55,0.65,0.71,0.69,0.64,0.61,0.58,0.54,0.52,0.55,RB,DEF,1
Cameron Norman,RB,England,0.64,0.7,0.47,0.57,0.6,0.58,0.78,0.69,0.71,0.64,0.58,0.58,0.55,0.75,0.89,0.75,0.6,0.55,0.56,0.58,0.62,0.55,RB,DEF,2
Anthony O'Connor,CB,Republic of Ireland,0.64,0.51,0.44,0.52,0.54,0.63,0.78,0.52,0.51,0.59,0.62,0.53,0.6,0.82,0.77,0.83,0.62,0.6,0.62,0.65,0.65,0.45,CB,DEF,5
Warren O'Hora,CB,Republic of Ireland,0.64,0.52,0.39,0.49,0.52,0.63,0.78,0.51,0.53,0.4,0.46,0.54,0.6,0.83,0.79,0.73,0.63,0.62,0.64,0.64,0.6,0.49,CB,DEF,5
Shane O'Neill,CB,United States,0.64,0.52,0.47,0.55,0.55,0.62,0.73,0.41,0.61,0.5,0.44,0.57,0.6,0.8,0.59,0.65,0.65,0.6,0.61,0.64,0.56,0.62,CB,DEF,5
Daniel O'Shaughnessy,CB,Finland,0.64,0.46,0.39,0.56,0.5,0.64,0.62,0.43,0.49,0.43,0.4,0.58,0.58,0.75,0.34,0.66,0.64,0.63,0.67,0.62,0.63,0.49,CB,DEF,5
Sergio Ojeda,CB,Argentina,0.64,0.47,0.34,0.41,0.43,0.63,0.74,0.41,0.51,0.44,0.51,0.47,0.61,0.82,0.64,0.76,0.64,0.63,0.61,0.6,0.71,0.53,CB,DEF,5
Alaaddin Okumuş,RB,Turkey,0.64,0.68,0.48,0.58,0.63,0.61,0.61,0.67,0.68,0.68,0.78,0.63,0.62,0.67,0.55,0.63,0.67,0.64,0.58,0.6,0.5,0.6,RB,DEF,1
Marcus Olsson,LB,Sweden,0.64,0.65,0.48,0.59,0.63,0.62,0.58,0.58,0.7,0.69,0.74,0.61,0.63,0.63,0.56,0.63,0.65,0.62,0.62,0.6,0.58,0.63,LB,DEF,1
Louis Oppie,LB,Germany,0.64,0.77,0.48,0.56,0.57,0.59,0.76,0.7,0.82,0.66,0.59,0.57,0.6,0.77,0.82,0.77,0.58,0.55,0.6,0.58,0.63,0.54,LB,DEF,2
Renzo Orihuela,CB,Uruguay,0.64,0.74,0.41,0.53,0.63,0.66,0.58,0.72,0.75,0.74,0.59,0.63,0.67,0.59,0.55,0.7,0.66,0.61,0.65,0.68,0.65,0.46,CB,DEF,2
Martín Ortega,RB,Argentina,0.64,0.7,0.33,0.53,0.59,0.58,0.65,0.68,0.72,0.66,0.65,0.57,0.58,0.64,0.75,0.6,0.66,0.64,0.53,0.55,0.46,0.38,RB,DEF,1
Franco Ortellado,CB,Argentina,0.64,0.56,0.3,0.36,0.46,0.64,0.71,0.6,0.53,0.53,0.6,0.51,0.58,0.81,0.54,0.76,0.66,0.64,0.64,0.63,0.63,0.44,CB,DEF,5
Casper Øyvann,CB,Norway,0.64,0.67,0.41,0.5,0.52,0.64,0.69,0.68,0.67,0.56,0.59,0.6,0.58,0.75,0.69,0.75,0.64,0.63,0.65,0.63,0.62,0.64,CB,DEF,5
Tomás Palacios,CB,Argentina,0.64,0.53,0.36,0.34,0.38,0.66,0.69,0.51,0.55,0.45,0.34,0.38,0.61,0.74,0.63,0.68,0.67,0.65,0.68,0.64,0.62,0.55,CB,DEF,5
Murat Paluli,RB,Turkey,0.64,0.71,0.43,0.56,0.64,0.6,0.67,0.72,0.7,0.72,0.71,0.6,0.61,0.67,0.67,0.67,0.61,0.63,0.62,0.59,0.5,0.55,RB,DEF,1
Aleksander Paluszek,CB,Poland,0.64,0.51,0.27,0.39,0.44,0.63,0.72,0.5,0.51,0.35,0.35,0.57,0.57,0.74,0.66,0.68,0.64,0.59,0.63,0.65,0.63,0.35,CB,DEF,5
Parada,LB,Spain,0.64,0.7,0.46,0.58,0.61,0.61,0.65,0.68,0.72,0.68,0.6,0.59,0.6,0.65,0.68,0.63,0.6,0.62,0.62,0.65,0.5,0.58,LB,DEF,1
Park Chan Yong,CB,Korea Republic,0.64,0.61,0.31,0.45,0.4,0.63,0.68,0.62,0.61,0.6,0.52,0.55,0.58,0.78,0.6,0.77,0.62,0.66,0.64,0.6,0.69,0.38,CB,DEF,5
Park Kyu Hyun,LB,Korea Republic,0.64,0.72,0.29,0.5,0.63,0.61,0.65,0.68,0.76,0.71,0.69,0.61,0.63,0.66,0.69,0.61,0.62,0.62,0.64,0.62,0.48,0.43,LB,DEF,1
Elvis Patta,RB,Ecuador,0.64,0.76,0.33,0.6,0.59,0.57,0.53,0.77,0.76,0.68,0.88,0.56,0.54,0.43,0.72,0.47,0.57,0.55,0.62,0.59,0.4,0.25,RB,DEF,1
Yeferson Paz,RB,Colombia,0.64,0.72,0.51,0.6,0.6,0.58,0.71,0.73,0.71,0.63,0.72,0.63,0.51,0.7,0.72,0.72,0.63,0.59,0.53,0.55,0.59,0.71,RB,DEF,1
Thore Pedersen,RB,Norway,0.64,0.67,0.52,0.58,0.62,0.61,0.68,0.61,0.71,0.64,0.69,0.62,0.6,0.68,0.72,0.63,0.62,0.6,0.62,0.62,0.54,0.53,RB,DEF,1
James Penrice,LB,Scotland,0.64,0.78,0.5,0.59,0.62,0.58,0.63,0.75,0.8,0.77,0.78,0.61,0.58,0.59,0.73,0.64,0.62,0.61,0.58,0.56,0.51,0.55,LB,DEF,1
Agustín Pereira,RB,Uruguay,0.64,0.72,0.35,0.55,0.61,0.61,0.59,0.72,0.72,0.65,0.66,0.61,0.55,0.55,0.69,0.68,0.62,0.6,0.61,0.6,0.61,0.29,RB,DEF,1
Piao Shihao,RB,China PR,0.64,0.81,0.39,0.54,0.51,0.59,0.75,0.82,0.81,0.84,0.81,0.46,0.62,0.72,0.85,0.72,0.63,0.56,0.6,0.57,0.46,0.57,RB,DEF,1
Selmir Pidro,LB,Bosnia and Herzegovina,0.64,0.66,0.4,0.57,0.6,0.6,0.63,0.67,0.65,0.58,0.66,0.61,0.6,0.6,0.74,0.59,0.62,0.63,0.6,0.6,0.49,0.48,LB,DEF,1
Lukas Pinckert,CB,Germany,0.64,0.66,0.41,0.55,0.59,0.62,0.7,0.69,0.63,0.55,0.59,0.59,0.63,0.72,0.63,0.74,0.63,0.61,0.63,0.59,0.61,0.45,CB,DEF,5
Brian Plat,CB,Holland,0.64,0.8,0.27,0.49,0.47,0.62,0.77,0.72,0.86,0.38,0.46,0.56,0.53,0.83,0.76,0.7,0.65,0.61,0.61,0.63,0.55,0.47,CB,DEF,5
Joaquín Pombo,CB,Argentina,0.64,0.51,0.32,0.38,0.4,0.64,0.73,0.52,0.5,0.37,0.43,0.4,0.64,0.79,0.66,0.72,0.65,0.64,0.63,0.65,0.63,0.39,CB,DEF,5
Konrad Poprawa,CB,Poland,0.64,0.8,0.3,0.38,0.41,0.64,0.71,0.78,0.81,0.58,0.56,0.51,0.57,0.77,0.66,0.8,0.66,0.6,0.64,0.66,0.58,0.43,CB,DEF,5
Axel Prado,CB,Uruguay,0.64,0.64,0.32,0.46,0.44,0.66,0.64,0.63,0.65,0.75,0.47,0.48,0.55,0.64,0.66,0.65,0.65,0.68,0.62,0.76,0.57,0.34,CB,DEF,5
Rafael Profini,CB,Argentina,0.64,0.66,0.31,0.42,0.47,0.64,0.69,0.65,0.67,0.58,0.59,0.5,0.62,0.7,0.66,0.71,0.65,0.64,0.63,0.64,0.63,0.47,CB,DEF,5
Joan Puig,LB,Spain,0.64,0.75,0.47,0.56,0.61,0.59,0.63,0.76,0.75,0.67,0.63,0.61,0.6,0.63,0.66,0.71,0.62,0.6,0.57,0.59,0.56,0.55,LB,DEF,1
Diogo Queirós,CB,Portugal,0.64,0.47,0.36,0.46,0.5,0.64,0.7,0.54,0.42,0.54,0.63,0.6,0.6,0.75,0.64,0.71,0.66,0.63,0.62,0.62,0.65,0.55,CB,DEF,5
Juan Jesús Quiñones,CB,Peru,0.64,0.62,0.4,0.55,0.56,0.64,0.64,0.67,0.57,0.58,0.55,0.58,0.62,0.69,0.55,0.71,0.64,0.61,0.64,0.65,0.64,0.45,CB,DEF,5
Santiago Quirós,CB,Argentina,0.64,0.55,0.36,0.56,0.56,0.63,0.63,0.52,0.57,0.45,0.44,0.62,0.62,0.68,0.47,0.63,0.66,0.65,0.61,0.65,0.58,0.47,CB,DEF,5
Simen Rafn,RB,Norway,0.64,0.76,0.48,0.6,0.63,0.57,0.64,0.75,0.76,0.76,0.81,0.61,0.58,0.58,0.77,0.64,0.58,0.55,0.58,0.6,0.51,0.56,RB,DEF,1
Jacobo,CB,Spain,0.64,0.63,0.22,0.45,0.48,0.65,0.64,0.62,0.64,0.55,0.58,0.54,0.61,0.67,0.64,0.75,0.66,0.63,0.64,0.64,0.72,0.38,CB,DEF,5
Santiago Ramos Mingo,CB,Argentina,0.64,0.47,0.34,0.47,0.51,0.65,0.59,0.55,0.41,0.5,0.47,0.57,0.58,0.64,0.51,0.67,0.74,0.71,0.59,0.57,0.7,0.44,CB,DEF,5
Kayne Ramsay,RB,England,0.64,0.78,0.47,0.55,0.61,0.59,0.67,0.78,0.78,0.6,0.67,0.61,0.61,0.66,0.71,0.73,0.6,0.58,0.59,0.6,0.55,0.56,RB,DEF,1
Lars Mogstad Ranger,RB,Norway,0.64,0.83,0.49,0.54,0.63,0.57,0.72,0.84,0.82,0.77,0.77,0.6,0.57,0.7,0.8,0.74,0.59,0.58,0.56,0.57,0.52,0.56,RB,DEF,1
Dion Rankine,RB,England,0.64,0.88,0.52,0.58,0.67,0.56,0.46,0.9,0.87,0.86,0.69,0.61,0.59,0.35,0.66,0.54,0.62,0.55,0.57,0.53,0.46,0.49,RB,DEF,1
Max Reinthaler,CB,Italy,0.64,0.59,0.43,0.53,0.53,0.63,0.73,0.66,0.54,0.53,0.34,0.56,0.61,0.81,0.65,0.7,0.65,0.61,0.64,0.59,0.64,0.54,CB,DEF,5
Omar Rekik,CB,Tunisia,0.64,0.68,0.38,0.55,0.59,0.62,0.69,0.69,0.68,0.57,0.63,0.61,0.64,0.7,0.63,0.71,0.63,0.64,0.62,0.62,0.61,0.49,CB,DEF,2
Ren Hang,CB,China PR,0.64,0.59,0.49,0.58,0.56,0.61,0.75,0.58,0.6,0.49,0.52,0.59,0.59,0.81,0.68,0.76,0.63,0.59,0.62,0.58,0.63,0.57,CB,DEF,5
Daniel Rivas,LB,Paraguay,0.64,0.76,0.23,0.5,0.49,0.6,0.51,0.75,0.77,0.61,0.51,0.61,0.49,0.47,0.74,0.6,0.61,0.56,0.62,0.62,0.55,0.22,LB,DEF,1
Anthony Roncaglia,CB,France,0.64,0.46,0.38,0.54,0.6,0.64,0.68,0.4,0.5,0.51,0.61,0.63,0.58,0.75,0.69,0.66,0.65,0.59,0.64,0.65,0.67,0.41,CB,DEF,5
Shaun Rooney,RB,Scotland,0.64,0.68,0.52,0.59,0.61,0.59,0.81,0.67,0.68,0.62,0.59,0.61,0.59,0.8,0.8,0.78,0.61,0.59,0.56,0.58,0.64,0.64,RB,DEF,2
Joseph Rosales,LB,Honduras,0.64,0.7,0.44,0.57,0.65,0.59,0.59,0.69,0.7,0.64,0.68,0.65,0.63,0.55,0.72,0.53,0.63,0.57,0.62,0.59,0.44,0.58,LB,DEF,1
Ricardo Rosales,RB,Colombia,0.64,0.71,0.44,0.53,0.54,0.62,0.57,0.7,0.71,0.6,0.65,0.58,0.62,0.61,0.63,0.67,0.65,0.63,0.63,0.58,0.59,0.41,RB,DEF,1
Linus Rosenlöcher,LB,Germany,0.64,0.76,0.45,0.52,0.61,0.59,0.7,0.75,0.76,0.67,0.69,0.59,0.6,0.78,0.65,0.68,0.62,0.6,0.6,0.62,0.43,0.42,LB,DEF,1
Sigurd Rosted,CB,Norway,0.64,0.39,0.47,0.51,0.52,0.62,0.76,0.38,0.39,0.51,0.53,0.59,0.55,0.82,0.7,0.7,0.63,0.6,0.58,0.65,0.68,0.6,CB,DEF,5
Sean Roughan,CB,Republic of Ireland,0.64,0.65,0.34,0.56,0.58,0.63,0.69,0.66,0.65,0.58,0.59,0.6,0.62,0.7,0.74,0.79,0.64,0.64,0.64,0.63,0.6,0.38,CB,DEF,5
Storm Roux,RB,New Zealand,0.64,0.76,0.46,0.52,0.6,0.57,0.77,0.78,0.74,0.76,0.53,0.58,0.59,0.8,0.81,0.83,0.59,0.59,0.53,0.59,0.61,0.58,RB,DEF,2
Manel Royo,LB,Spain,0.64,0.68,0.37,0.54,0.61,0.59,0.7,0.72,0.64,0.61,0.64,0.64,0.62,0.74,0.68,0.77,0.59,0.61,0.59,0.55,0.63,0.48,LB,DEF,1
Josh Ruffels,LB,England,0.64,0.66,0.57,0.6,0.64,0.59,0.66,0.62,0.69,0.73,0.7,0.63,0.62,0.67,0.72,0.66,0.62,0.58,0.55,0.6,0.57,0.73,LB,DEF,1
Jan-Luca Rumpf,CB,Germany,0.64,0.56,0.39,0.48,0.5,0.61,0.69,0.57,0.56,0.5,0.53,0.56,0.59,0.84,0.42,0.77,0.63,0.64,0.59,0.58,0.66,0.56,CB,DEF,5
Gilles Ruyssen,CB,Belgium,0.64,0.41,0.32,0.43,0.41,0.64,0.7,0.43,0.39,0.45,0.53,0.43,0.63,0.76,0.58,0.68,0.65,0.64,0.63,0.65,0.64,0.57,CB,DEF,5
Halid Šabanović,RB,Bosnia and Herzegovina,0.64,0.64,0.39,0.53,0.6,0.63,0.64,0.63,0.65,0.54,0.62,0.6,0.59,0.64,0.61,0.65,0.67,0.68,0.61,0.6,0.58,0.41,RB,DEF,5
Jesús Sagredo,CB,Bolivia,0.64,0.65,0.29,0.47,0.54,0.67,0.63,0.63,0.66,0.55,0.75,0.56,0.59,0.67,0.62,0.69,0.7,0.67,0.66,0.64,0.62,0.36,CB,DEF,5
Felipe Salomoni,LB,Argentina,0.64,0.74,0.44,0.55,0.59,0.57,0.63,0.76,0.73,0.64,0.59,0.6,0.54,0.65,0.68,0.69,0.61,0.6,0.54,0.57,0.53,0.56,LB,DEF,1
Josema,CB,Spain,0.64,0.61,0.37,0.55,0.51,0.63,0.69,0.59,0.63,0.54,0.58,0.57,0.61,0.73,0.61,0.71,0.63,0.63,0.64,0.62,0.63,0.55,CB,DEF,5
Facundo Saravia,LB,Uruguay,0.64,0.67,0.56,0.61,0.6,0.61,0.64,0.66,0.67,0.72,0.59,0.58,0.62,0.64,0.67,0.6,0.62,0.63,0.66,0.57,0.49,0.59,LB,DEF,1
Rodrigo Schlegel,CB,Argentina,0.64,0.48,0.32,0.39,0.4,0.65,0.77,0.5,0.47,0.34,0.56,0.48,0.49,0.81,0.65,0.67,0.67,0.67,0.67,0.61,0.54,0.48,CB,DEF,5
Leon Schneider,CB,Germany,0.64,0.74,0.4,0.56,0.6,0.63,0.71,0.71,0.77,0.66,0.68,0.6,0.6,0.73,0.7,0.71,0.65,0.62,0.64,0.63,0.52,0.5,CB,DEF,2
Edson Seidou,LB,France,0.64,0.66,0.54,0.59,0.64,0.58,0.78,0.65,0.67,0.74,0.61,0.65,0.5,0.8,0.87,0.74,0.63,0.61,0.55,0.51,0.58,0.72,LB,DEF,2
Moritz Seiffert,LB,Germany,0.64,0.76,0.55,0.59,0.66,0.59,0.63,0.69,0.81,0.76,0.74,0.65,0.5,0.67,0.73,0.68,0.61,0.62,0.58,0.57,0.57,0.55,LB,DEF,1
Vahid Selimović,CB,Luxembourg,0.64,0.43,0.28,0.42,0.51,0.63,0.73,0.4,0.45,0.4,0.49,0.55,0.57,0.8,0.61,0.68,0.63,0.61,0.62,0.64,0.64,0.47,CB,DEF,5
Joel Senior,RB,England,0.64,0.7,0.33,0.5,0.6,0.58,0.65,0.71,0.69,0.74,0.73,0.56,0.59,0.6,0.83,0.65,0.6,0.59,0.57,0.6,0.53,0.35,RB,DEF,1
Femi Seriki,RB,England,0.64,0.87,0.28,0.5,0.63,0.56,0.64,0.86,0.87,0.73,0.6,0.6,0.59,0.62,0.67,0.72,0.59,0.57,0.54,0.57,0.52,0.34,RB,DEF,1
Silvan Sidler,RB,Switzerland,0.64,0.64,0.6,0.61,0.59,0.61,0.63,0.67,0.61,0.63,0.62,0.54,0.6,0.62,0.73,0.65,0.62,0.61,0.61,0.61,0.56,0.61,RB,DEF,1
Dan Sîrbu,RB,Romania,0.64,0.7,0.4,0.58,0.61,0.59,0.71,0.69,0.7,0.59,0.62,0.64,0.61,0.75,0.71,0.69,0.61,0.58,0.59,0.62,0.51,0.58,RB,DEF,1
Rasmus Sjöstedt,CB,Sweden,0.64,0.72,0.37,0.55,0.57,0.62,0.74,0.71,0.73,0.66,0.59,0.59,0.63,0.72,0.75,0.67,0.62,0.63,0.64,0.65,0.48,0.55,CB,DEF,2
Andreas Skovgaard,CB,Denmark,0.64,0.5,0.27,0.46,0.5,0.63,0.72,0.57,0.45,0.59,0.61,0.57,0.62,0.76,0.68,0.73,0.64,0.62,0.63,0.61,0.63,0.4,CB,DEF,5
Nathan Smith,CB,England,0.64,0.54,0.31,0.38,0.42,0.62,0.8,0.55,0.53,0.51,0.65,0.46,0.62,0.82,0.86,0.83,0.63,0.61,0.62,0.62,0.63,0.45,CB,DEF,5
Matthew Sorinola,LB,England,0.64,0.75,0.47,0.61,0.64,0.58,0.62,0.75,0.75,0.83,0.75,0.6,0.6,0.59,0.65,0.64,0.6,0.58,0.59,0.57,0.5,0.46,LB,DEF,1
Bent Sørmo,CB,Norway,0.64,0.73,0.4,0.55,0.61,0.61,0.76,0.72,0.74,0.61,0.55,0.62,0.58,0.83,0.7,0.82,0.63,0.61,0.58,0.6,0.61,0.53,CB,DEF,2
Hamjatou Soukouna,CB,France,0.64,0.8,0.28,0.38,0.49,0.63,0.7,0.71,0.88,0.46,0.56,0.5,0.59,0.79,0.57,0.8,0.68,0.62,0.6,0.6,0.64,0.55,CB,DEF,5
Noé Sow,CB,France,0.64,0.54,0.29,0.49,0.55,0.64,0.64,0.51,0.57,0.39,0.65,0.62,0.58,0.67,0.6,0.66,0.67,0.61,0.62,0.65,0.66,0.48,CB,DEF,5
Isak Ssewankambo,CB,Sweden,0.64,0.75,0.43,0.59,0.63,0.59,0.81,0.72,0.77,0.7,0.8,0.64,0.57,0.84,0.82,0.8,0.6,0.58,0.58,0.6,0.57,0.6,CB,DEF,2
Daniel Steres,LB,United States,0.64,0.37,0.27,0.56,0.49,0.67,0.72,0.32,0.41,0.51,0.55,0.62,0.67,0.78,0.6,0.8,0.68,0.64,0.65,0.66,0.73,0.35,LB,DEF,3
Sasa Strujic,LB,Bosnia and Herzegovina,0.64,0.73,0.47,0.6,0.58,0.6,0.69,0.72,0.74,0.58,0.54,0.58,0.61,0.69,0.71,0.67,0.64,0.58,0.59,0.61,0.5,0.53,LB,DEF,1
Sam Stubbs,CB,England,0.64,0.63,0.29,0.41,0.53,0.63,0.75,0.56,0.68,0.47,0.49,0.53,0.61,0.8,0.67,0.73,0.62,0.6,0.64,0.63,0.61,0.45,CB,DEF,5
Ryan Sweeney,CB,Republic of Ireland,0.64,0.55,0.34,0.49,0.51,0.61,0.81,0.51,0.58,0.55,0.62,0.51,0.56,0.85,0.75,0.75,0.62,0.6,0.61,0.58,0.65,0.46,CB,DEF,5
Pierce Sweeney,CB,Republic of Ireland,0.64,0.59,0.44,0.56,0.57,0.62,0.74,0.58,0.59,0.62,0.65,0.56,0.6,0.76,0.75,0.81,0.63,0.61,0.61,0.64,0.62,0.5,CB,DEF,5
Dembo Sylla,RB,Guinea,0.64,0.74,0.51,0.56,0.66,0.57,0.58,0.78,0.71,0.76,0.76,0.64,0.58,0.49,0.74,0.59,0.66,0.52,0.52,0.57,0.5,0.5,RB,DEF,1
Callum Talbot,RB,Australia,0.64,0.78,0.42,0.57,0.63,0.57,0.67,0.82,0.75,0.82,0.75,0.6,0.58,0.64,0.76,0.71,0.58,0.58,0.56,0.58,0.5,0.49,RB,DEF,1
Allan Tchaptchet,CB,France,0.64,0.54,0.33,0.42,0.44,0.64,0.76,0.63,0.47,0.44,0.54,0.47,0.57,0.9,0.6,0.8,0.66,0.63,0.64,0.62,0.62,0.51,CB,DEF,5
Armend Thaqi,RB,Kosovo,0.64,0.65,0.51,0.65,0.61,0.59,0.61,0.64,0.66,0.6,0.64,0.62,0.62,0.6,0.69,0.61,0.63,0.58,0.59,0.58,0.52,0.55,RB,DEF,1
Peter Therkildsen,RB,Denmark,0.64,0.67,0.47,0.59,0.61,0.59,0.73,0.65,0.69,0.58,0.43,0.64,0.61,0.74,0.83,0.74,0.63,0.57,0.56,0.58,0.64,0.56,RB,DEF,2
Terell Thomas,CB,St. Lucia,0.64,0.59,0.39,0.54,0.56,0.63,0.73,0.6,0.58,0.55,0.64,0.56,0.61,0.77,0.7,0.74,0.64,0.63,0.62,0.61,0.63,0.62,CB,DEF,5
Nathan Thompson,CB,England,0.64,0.68,0.38,0.52,0.59,0.63,0.76,0.69,0.68,0.74,0.83,0.55,0.62,0.78,0.76,0.86,0.63,0.63,0.63,0.61,0.62,0.43,CB,DEF,2
Dagur Dan Þór­halls­son,RB,Iceland,0.64,0.7,0.52,0.58,0.67,0.58,0.58,0.71,0.7,0.71,0.73,0.64,0.7,0.52,0.65,0.59,0.6,0.59,0.6,0.54,0.5,0.53,RB,DEF,1
Nathan Tjoe-A-On,LB,Indonesia,0.64,0.73,0.39,0.53,0.57,0.58,0.67,0.69,0.77,0.54,0.47,0.58,0.59,0.73,0.66,0.65,0.65,0.63,0.5,0.6,0.48,0.49,LB,DEF,1
Constantin Toma,LB,Romania,0.64,0.59,0.53,0.6,0.59,0.61,0.62,0.61,0.58,0.59,0.62,0.61,0.65,0.6,0.67,0.63,0.63,0.61,0.6,0.61,0.56,0.62,LB,DEF,1
Diogo Tomas,CB,Finland,0.64,0.61,0.42,0.44,0.52,0.63,0.72,0.6,0.62,0.66,0.67,0.56,0.65,0.81,0.61,0.74,0.64,0.61,0.64,0.62,0.59,0.45,CB,DEF,5
Tomas Totland,RB,Norway,0.64,0.81,0.33,0.49,0.66,0.55,0.64,0.81,0.81,0.77,0.74,0.65,0.6,0.6,0.8,0.63,0.59,0.57,0.53,0.56,0.44,0.22,RB,DEF,1
Ryley Towler,CB,England,0.64,0.66,0.36,0.5,0.56,0.63,0.71,0.66,0.66,0.65,0.57,0.55,0.59,0.75,0.65,0.75,0.64,0.62,0.64,0.61,0.64,0.53,CB,DEF,5
Nick Tsaroulla,LB,Cyprus,0.64,0.81,0.58,0.56,0.67,0.56,0.58,0.83,0.8,0.85,0.85,0.63,0.6,0.47,0.79,0.54,0.58,0.55,0.57,0.56,0.43,0.58,LB,DEF,1
Grigore Turda,CB,Romania,0.64,0.72,0.34,0.45,0.41,0.63,0.71,0.76,0.69,0.66,0.58,0.41,0.63,0.72,0.71,0.8,0.63,0.62,0.63,0.63,0.66,0.43,CB,DEF,5
Ed Turns,CB,Wales,0.64,0.59,0.3,0.44,0.52,0.63,0.71,0.61,0.57,0.53,0.61,0.55,0.63,0.74,0.72,0.72,0.63,0.61,0.64,0.63,0.62,0.43,CB,DEF,5
Dan Peter Ulvestad,CB,Norway,0.64,0.32,0.44,0.48,0.44,0.63,0.73,0.33,0.32,0.44,0.39,0.53,0.7,0.86,0.55,0.69,0.63,0.56,0.65,0.64,0.63,0.64,CB,DEF,5
Tomislav Uskok,CB,Australia,0.64,0.52,0.35,0.47,0.49,0.61,0.79,0.41,0.61,0.4,0.37,0.52,0.6,0.86,0.69,0.71,0.61,0.61,0.6,0.61,0.62,0.47,CB,DEF,5
Éric Vandenabeele,CB,France,0.64,0.38,0.38,0.43,0.49,0.64,0.7,0.43,0.34,0.56,0.62,0.51,0.61,0.78,0.56,0.68,0.64,0.62,0.65,0.62,0.64,0.43,CB,DEF,5
Ricardinho,RB,Portugal,0.64,0.67,0.55,0.58,0.59,0.61,0.72,0.66,0.68,0.73,0.72,0.59,0.6,0.73,0.74,0.68,0.62,0.61,0.62,0.62,0.54,0.63,RB,DEF,2
Eric Veiga,LB,Luxembourg,0.64,0.68,0.38,0.61,0.64,0.62,0.59,0.71,0.66,0.6,0.62,0.63,0.59,0.6,0.52,0.65,0.66,0.62,0.63,0.6,0.54,0.57,LB,DEF,1
Samuel Velásquez,LB,Colombia,0.64,0.66,0.3,0.55,0.59,0.59,0.5,0.65,0.66,0.6,0.78,0.64,0.66,0.42,0.67,0.47,0.63,0.56,0.6,0.59,0.5,0.31,LB,DEF,1
Stefan Velkov,CB,Bulgaria,0.64,0.58,0.41,0.49,0.55,0.62,0.74,0.54,0.61,0.62,0.38,0.58,0.64,0.82,0.67,0.73,0.6,0.61,0.63,0.64,0.6,0.6,CB,DEF,5
Alexis Villalba,CB,Paraguay,0.64,0.69,0.5,0.57,0.62,0.65,0.62,0.68,0.7,0.63,0.61,0.63,0.62,0.61,0.6,0.68,0.67,0.65,0.65,0.64,0.6,0.63,CB,DEF,2
Andrija Vukčević,LB,Montenegro,0.64,0.67,0.51,0.57,0.58,0.61,0.69,0.65,0.69,0.6,0.68,0.6,0.5,0.7,0.69,0.68,0.62,0.59,0.62,0.63,0.57,0.73,LB,DEF,1
Luka Vušković,CB,Croatia,0.64,0.61,0.62,0.5,0.58,0.59,0.75,0.56,0.65,0.34,0.41,0.67,0.61,0.83,0.65,0.81,0.59,0.58,0.6,0.54,0.71,0.76,CB,DEF,5
Tim Waker,LB,Sweden,0.64,0.9,0.57,0.58,0.61,0.56,0.68,0.91,0.9,0.7,0.53,0.6,0.58,0.71,0.71,0.76,0.58,0.56,0.55,0.57,0.49,0.61,LB,DEF,1
Wang Gang,RB,China PR,0.64,0.74,0.55,0.55,0.61,0.6,0.77,0.7,0.78,0.56,0.65,0.59,0.63,0.82,0.72,0.8,0.6,0.56,0.6,0.58,0.65,0.7,RB,DEF,2
Tennai Watson,RB,England,0.64,0.72,0.39,0.55,0.59,0.59,0.6,0.69,0.75,0.71,0.61,0.58,0.58,0.56,0.71,0.62,0.63,0.61,0.58,0.57,0.55,0.36,RB,DEF,1
Eirik Wichne,RB,Norway,0.64,0.79,0.45,0.61,0.6,0.58,0.67,0.8,0.79,0.72,0.75,0.62,0.62,0.66,0.73,0.64,0.59,0.56,0.63,0.56,0.44,0.58,RB,DEF,1
James Wilson,CB,Wales,0.64,0.51,0.38,0.49,0.48,0.63,0.75,0.55,0.48,0.45,0.46,0.45,0.6,0.85,0.6,0.68,0.63,0.6,0.66,0.6,0.64,0.49,CB,DEF,5
Freddy Winsth,RB,Sweden,0.64,0.67,0.31,0.52,0.59,0.58,0.69,0.65,0.69,0.63,0.71,0.6,0.64,0.66,0.78,0.56,0.62,0.62,0.58,0.58,0.44,0.42,RB,DEF,1
Nils Winter,RB,Germany,0.64,0.73,0.56,0.6,0.59,0.59,0.7,0.72,0.74,0.61,0.63,0.58,0.55,0.69,0.8,0.65,0.63,0.61,0.58,0.57,0.49,0.59,RB,DEF,1
Frederik Winther,CB,Denmark,0.64,0.54,0.31,0.51,0.58,0.65,0.65,0.54,0.54,0.57,0.6,0.63,0.63,0.74,0.56,0.69,0.66,0.62,0.65,0.64,0.62,0.48,CB,DEF,5
Akil Wright,CB,England,0.64,0.69,0.43,0.52,0.57,0.62,0.75,0.67,0.71,0.66,0.67,0.55,0.6,0.79,0.79,0.83,0.63,0.62,0.62,0.62,0.59,0.51,CB,DEF,2
Roman Yakuba,CB,Ukraine,0.64,0.63,0.26,0.38,0.43,0.62,0.81,0.64,0.62,0.46,0.44,0.44,0.55,0.88,0.79,0.78,0.63,0.64,0.62,0.6,0.59,0.37,CB,DEF,5
Yang Shuai,CB,China PR,0.64,0.61,0.35,0.44,0.42,0.62,0.76,0.57,0.65,0.62,0.47,0.49,0.58,0.81,0.73,0.81,0.6,0.57,0.63,0.61,0.71,0.43,CB,DEF,5
Joshua Yaro,CB,Ghana,0.64,0.76,0.39,0.47,0.55,0.64,0.67,0.82,0.71,0.74,0.67,0.54,0.65,0.63,0.73,0.71,0.66,0.66,0.66,0.65,0.52,0.46,CB,DEF,2
Zeki Yavru,RB,Turkey,0.64,0.65,0.6,0.61,0.65,0.59,0.65,0.66,0.64,0.69,0.77,0.63,0.64,0.62,0.73,0.46,0.59,0.6,0.62,0.61,0.42,0.71,RB,DEF,1
Uğurcan Yazğılı,CB,Turkey,0.64,0.54,0.34,0.42,0.48,0.63,0.71,0.57,0.51,0.6,0.59,0.52,0.55,0.76,0.61,0.72,0.66,0.67,0.62,0.6,0.62,0.52,CB,DEF,5
Yu In Soo,RB,Korea Republic,0.64,0.77,0.58,0.58,0.65,0.56,0.66,0.77,0.77,0.77,0.66,0.63,0.61,0.63,0.77,0.72,0.56,0.57,0.57,0.54,0.56,0.62,RB,DEF,1
Yoram Zague,RB,France,0.64,0.74,0.47,0.59,0.65,0.59,0.56,0.78,0.7,0.68,0.78,0.64,0.63,0.56,0.52,0.65,0.62,0.61,0.58,0.6,0.51,0.55,RB,DEF,1
Oliver Zandén,LB,Sweden,0.64,0.63,0.4,0.6,0.54,0.62,0.62,0.71,0.56,0.56,0.61,0.52,0.54,0.57,0.76,0.63,0.64,0.62,0.63,0.6,0.53,0.43,LB,DEF,1
Dominick Zator,RB,Canada,0.64,0.63,0.29,0.43,0.52,0.65,0.82,0.61,0.65,0.57,0.54,0.55,0.65,0.9,0.72,0.81,0.64,0.63,0.65,0.65,0.66,0.41,RB,DEF,5
Zhang Linpeng,CB,China PR,0.64,0.6,0.54,0.57,0.56,0.6,0.79,0.61,0.6,0.54,0.62,0.6,0.52,0.84,0.76,0.84,0.6,0.63,0.59,0.56,0.71,0.66,CB,DEF,5
Robin Ziegele,CB,Germany,0.64,0.67,0.28,0.38,0.48,0.63,0.74,0.56,0.76,0.64,0.65,0.49,0.56,0.79,0.67,0.73,0.64,0.65,0.61,0.64,0.6,0.36,CB,DEF,5
Tanguy Zoukrou,CB,France,0.64,0.49,0.32,0.43,0.42,0.66,0.63,0.46,0.52,0.35,0.49,0.48,0.63,0.66,0.58,0.63,0.68,0.69,0.65,0.64,0.64,0.42,CB,DEF,5
Mateusz Żukowski,RB,Poland,0.64,0.77,0.57,0.57,0.6,0.59,0.66,0.78,0.77,0.63,0.6,0.65,0.58,0.74,0.65,0.75,0.64,0.58,0.58,0.58,0.54,0.6,RB,DEF,2
Alexander Abrahamsson,CB,Sweden,0.63,0.66,0.25,0.47,0.57,0.62,0.65,0.66,0.66,0.46,0.5,0.62,0.6,0.71,0.53,0.72,0.64,0.62,0.61,0.61,0.61,0.29,CB,DEF,5
Moïse Adilèhou,CB,Benin,0.63,0.66,0.29,0.45,0.46,0.62,0.69,0.63,0.68,0.43,0.44,0.51,0.55,0.78,0.57,0.77,0.69,0.61,0.58,0.55,0.69,0.43,CB,DEF,5
Ahn Tae Hyun,LB,Korea Republic,0.63,0.79,0.56,0.52,0.62,0.57,0.65,0.76,0.82,0.78,0.78,0.59,0.58,0.61,0.83,0.67,0.58,0.55,0.56,0.59,0.5,0.56,LB,DEF,1
Michael Akoto,CB,Ghana,0.63,0.69,0.32,0.52,0.56,0.62,0.7,0.68,0.69,0.73,0.67,0.55,0.6,0.72,0.69,0.74,0.64,0.62,0.61,0.6,0.64,0.54,CB,DEF,1
Waleed Al Ahmed,CB,Saudi Arabia,0.63,0.64,0.28,0.43,0.41,0.63,0.66,0.6,0.68,0.35,0.56,0.56,0.61,0.74,0.64,0.72,0.66,0.61,0.6,0.66,0.62,0.42,CB,DEF,5
Mukhair Al Rashidi,CB,Saudi Arabia,0.63,0.76,0.36,0.49,0.54,0.65,0.64,0.76,0.76,0.68,0.74,0.52,0.64,0.65,0.72,0.69,0.65,0.68,0.69,0.65,0.52,0.36,CB,DEF,1
Rodrigo Alborno,LB,Paraguay,0.63,0.63,0.58,0.58,0.61,0.6,0.57,0.64,0.63,0.6,0.64,0.59,0.6,0.55,0.63,0.58,0.6,0.62,0.6,0.61,0.53,0.6,LB,DEF,1
Alcedo,LB,Spain,0.63,0.69,0.35,0.44,0.58,0.62,0.61,0.7,0.68,0.59,0.68,0.49,0.64,0.6,0.59,0.63,0.66,0.65,0.58,0.66,0.53,0.29,LB,DEF,1
Ryan Alebiosu,RB,England,0.63,0.67,0.41,0.57,0.62,0.58,0.69,0.7,0.65,0.64,0.6,0.61,0.57,0.67,0.72,0.68,0.62,0.61,0.56,0.56,0.57,0.4,RB,DEF,1
Khusniddin Alikulov,CB,Uzbekistan,0.63,0.63,0.31,0.48,0.47,0.63,0.63,0.6,0.66,0.62,0.58,0.53,0.65,0.6,0.65,0.71,0.66,0.64,0.63,0.62,0.57,0.4,CB,DEF,5
Joe Anderson,CB,England,0.63,0.55,0.35,0.48,0.5,0.63,0.64,0.48,0.61,0.42,0.51,0.52,0.61,0.68,0.51,0.63,0.63,0.62,0.63,0.62,0.61,0.44,CB,DEF,5
Marvel,CB,Spain,0.63,0.68,0.32,0.46,0.52,0.6,0.68,0.69,0.68,0.5,0.57,0.58,0.6,0.75,0.5,0.69,0.65,0.62,0.56,0.61,0.54,0.48,CB,DEF,5
Jack Armer,LB,Scotland,0.63,0.7,0.44,0.55,0.58,0.57,0.68,0.71,0.7,0.62,0.43,0.57,0.58,0.69,0.85,0.67,0.59,0.56,0.57,0.56,0.5,0.64,LB,DEF,1
Ömürcan Artan,RB,Turkey,0.63,0.68,0.32,0.5,0.61,0.6,0.59,0.67,0.68,0.66,0.65,0.55,0.57,0.58,0.67,0.56,0.64,0.66,0.6,0.58,0.45,0.31,RB,DEF,1
Harrison Ashby,RB,Scotland,0.63,0.75,0.44,0.53,0.59,0.56,0.62,0.74,0.75,0.64,0.67,0.58,0.61,0.59,0.71,0.63,0.57,0.6,0.54,0.56,0.5,0.63,RB,DEF,1
Zac Ashworth,LB,Wales,0.63,0.68,0.52,0.56,0.6,0.59,0.65,0.67,0.69,0.6,0.68,0.6,0.6,0.62,0.68,0.68,0.6,0.59,0.59,0.58,0.62,0.62,LB,DEF,1
Ahmed Asiri,CB,Saudi Arabia,0.63,0.61,0.3,0.45,0.41,0.63,0.73,0.6,0.61,0.6,0.6,0.5,0.57,0.69,0.78,0.7,0.65,0.62,0.6,0.63,0.66,0.43,CB,DEF,5
Jonathan Aspropotamitis,CB,Australia,0.63,0.7,0.29,0.47,0.5,0.6,0.77,0.7,0.7,0.56,0.48,0.52,0.61,0.81,0.72,0.79,0.6,0.59,0.6,0.6,0.6,0.4,CB,DEF,5
Ryan Astley,CB,Wales,0.63,0.5,0.34,0.51,0.49,0.64,0.63,0.45,0.54,0.58,0.59,0.49,0.57,0.71,0.52,0.67,0.64,0.63,0.63,0.65,0.67,0.44,CB,DEF,5
Ahmed Ba Masoud,LB,Saudi Arabia,0.63,0.77,0.49,0.57,0.6,0.55,0.65,0.77,0.77,0.69,0.6,0.58,0.56,0.62,0.77,0.61,0.59,0.6,0.54,0.55,0.44,0.59,LB,DEF,1
Josef Brian Baccay,LB,Norway,0.63,0.78,0.43,0.55,0.6,0.57,0.62,0.79,0.77,0.75,0.76,0.61,0.57,0.59,0.77,0.63,0.59,0.57,0.58,0.56,0.45,0.5,LB,DEF,1
Anders Bærtelsen,CB,Denmark,0.63,0.6,0.29,0.43,0.52,0.62,0.71,0.61,0.6,0.46,0.47,0.54,0.62,0.78,0.66,0.74,0.62,0.61,0.63,0.61,0.6,0.47,CB,DEF,5
Nicolás Baeza,LB,Chile,0.63,0.75,0.47,0.57,0.64,0.58,0.68,0.74,0.76,0.72,0.64,0.61,0.57,0.68,0.72,0.65,0.61,0.58,0.59,0.57,0.46,0.58,LB,DEF,1
Joel Bagan,LB,Republic of Ireland,0.63,0.68,0.38,0.54,0.57,0.6,0.6,0.66,0.7,0.48,0.65,0.6,0.6,0.6,0.64,0.65,0.62,0.61,0.59,0.6,0.58,0.43,LB,DEF,1
Elkan Baggott,CB,Indonesia,0.63,0.55,0.24,0.4,0.46,0.62,0.73,0.56,0.55,0.43,0.36,0.51,0.6,0.81,0.66,0.76,0.63,0.61,0.63,0.6,0.65,0.3,CB,DEF,5
Florian Bähr,LB,Germany,0.63,0.78,0.31,0.61,0.64,0.55,0.69,0.81,0.75,0.65,0.78,0.62,0.59,0.72,0.71,0.73,0.58,0.59,0.55,0.5,0.49,0.51,LB,DEF,1
Saad Balobaid,LB,Saudi Arabia,0.63,0.79,0.29,0.45,0.6,0.57,0.67,0.78,0.79,0.71,0.81,0.58,0.54,0.62,0.75,0.5,0.63,0.65,0.56,0.58,0.35,0.35,LB,DEF,1
Ryan Barnett,RB,England,0.63,0.82,0.49,0.58,0.64,0.54,0.59,0.81,0.83,0.77,0.75,0.61,0.58,0.57,0.74,0.65,0.56,0.52,0.54,0.54,0.49,0.52,RB,DEF,1
Paddy Barrett,CB,Republic of Ireland,0.63,0.4,0.42,0.45,0.47,0.62,0.74,0.44,0.36,0.52,0.35,0.48,0.52,0.81,0.62,0.71,0.63,0.58,0.62,0.59,0.65,0.54,CB,DEF,5
Jacob Bedeau,CB,Grenada,0.63,0.74,0.36,0.46,0.54,0.62,0.72,0.75,0.73,0.71,0.61,0.5,0.58,0.76,0.71,0.89,0.63,0.63,0.62,0.61,0.62,0.48,CB,DEF,5
Semi Belkahia,CB,Germany,0.63,0.67,0.37,0.42,0.54,0.6,0.75,0.68,0.67,0.6,0.54,0.6,0.59,0.81,0.67,0.7,0.62,0.58,0.6,0.58,0.61,0.62,CB,DEF,5
Jonathan Bell,CB,Jamaica,0.63,0.72,0.25,0.36,0.46,0.63,0.69,0.69,0.75,0.44,0.58,0.49,0.58,0.72,0.67,0.72,0.64,0.63,0.65,0.61,0.59,0.33,CB,DEF,5
Mimeirhel Benita,RB,Holland,0.63,0.8,0.55,0.55,0.68,0.58,0.62,0.83,0.77,0.74,0.73,0.62,0.55,0.61,0.59,0.62,0.68,0.56,0.55,0.56,0.39,0.73,RB,DEF,1
Romario Benzar,RB,Romania,0.63,0.68,0.54,0.59,0.59,0.59,0.6,0.7,0.67,0.68,0.65,0.59,0.6,0.58,0.63,0.58,0.62,0.62,0.58,0.6,0.49,0.64,RB,DEF,1
Fredrik Berglie,CB,Norway,0.63,0.55,0.26,0.41,0.45,0.64,0.65,0.53,0.56,0.5,0.61,0.48,0.62,0.72,0.58,0.69,0.64,0.61,0.64,0.63,0.64,0.34,CB,DEF,5
Nicolò Bertola,CB,Italy,0.63,0.54,0.32,0.36,0.4,0.64,0.71,0.52,0.55,0.42,0.35,0.39,0.62,0.83,0.63,0.74,0.67,0.64,0.62,0.63,0.63,0.47,CB,DEF,5
Egzon Binaku,LB,Albania,0.63,0.8,0.41,0.52,0.64,0.57,0.64,0.73,0.85,0.77,0.59,0.63,0.56,0.67,0.73,0.64,0.6,0.58,0.59,0.56,0.45,0.49,LB,DEF,1
Alexander Bittroff,CB,Germany,0.63,0.6,0.45,0.58,0.61,0.62,0.65,0.54,0.65,0.63,0.6,0.62,0.59,0.7,0.5,0.64,0.64,0.62,0.62,0.6,0.59,0.64,CB,DEF,5
Emmanuel Biumla,CB,France,0.63,0.56,0.44,0.52,0.55,0.65,0.64,0.52,0.59,0.43,0.51,0.58,0.58,0.66,0.63,0.62,0.69,0.63,0.64,0.63,0.58,0.46,CB,DEF,5
Eric Björkander,CB,Sweden,0.63,0.69,0.35,0.49,0.58,0.61,0.72,0.65,0.72,0.68,0.61,0.6,0.61,0.76,0.71,0.75,0.6,0.61,0.62,0.63,0.6,0.42,CB,DEF,5
Frazer Blake-Tracy,CB,England,0.63,0.62,0.37,0.56,0.58,0.62,0.72,0.64,0.61,0.68,0.49,0.58,0.6,0.73,0.7,0.81,0.62,0.62,0.61,0.62,0.6,0.39,CB,DEF,5
Nawaf Boushal,RB,Saudi Arabia,0.63,0.8,0.36,0.47,0.61,0.58,0.72,0.78,0.81,0.8,0.75,0.55,0.53,0.68,0.79,0.71,0.64,0.64,0.52,0.62,0.4,0.4,RB,DEF,1
Ramiro Brazionis,CB,Uruguay,0.63,0.56,0.27,0.36,0.4,0.65,0.66,0.55,0.56,0.47,0.57,0.53,0.59,0.7,0.6,0.68,0.67,0.58,0.66,0.62,0.64,0.35,CB,DEF,5
Niko Bretschneider,LB,Germany,0.63,0.75,0.36,0.52,0.6,0.58,0.61,0.79,0.71,0.65,0.68,0.59,0.58,0.57,0.73,0.63,0.6,0.58,0.56,0.6,0.49,0.47,LB,DEF,1
Bobby Burns,LB,Northern Ireland,0.63,0.68,0.55,0.58,0.63,0.59,0.65,0.72,0.64,0.72,0.83,0.61,0.58,0.65,0.7,0.66,0.61,0.6,0.6,0.59,0.5,0.54,LB,DEF,1
Jack Burroughs,RB,Scotland,0.63,0.72,0.52,0.56,0.62,0.6,0.71,0.71,0.72,0.62,0.58,0.6,0.6,0.72,0.62,0.74,0.64,0.61,0.58,0.57,0.57,0.58,RB,DEF,2
Nicolás Cabral,CB,Argentina,0.63,0.67,0.46,0.51,0.51,0.65,0.66,0.65,0.69,0.67,0.53,0.47,0.49,0.66,0.66,0.71,0.62,0.6,0.67,0.67,0.7,0.43,CB,DEF,5
Sebastián Cabrera,LB,Chile,0.63,0.69,0.4,0.56,0.62,0.59,0.59,0.71,0.68,0.71,0.67,0.62,0.58,0.56,0.67,0.65,0.58,0.61,0.58,0.6,0.56,0.47,LB,DEF,1
Julio Cabrera,LB,Spain,0.63,0.73,0.41,0.57,0.62,0.57,0.55,0.74,0.72,0.68,0.76,0.6,0.62,0.49,0.65,0.57,0.57,0.58,0.58,0.57,0.52,0.6,LB,DEF,1
Thibault Campanini,RB,France,0.63,0.62,0.46,0.58,0.6,0.62,0.67,0.6,0.63,0.71,0.78,0.62,0.57,0.67,0.69,0.65,0.65,0.61,0.61,0.6,0.58,0.5,RB,DEF,1
Erick Canales,RB,Peru,0.63,0.7,0.49,0.55,0.6,0.57,0.59,0.7,0.7,0.65,0.55,0.58,0.64,0.55,0.7,0.62,0.57,0.55,0.61,0.55,0.55,0.48,RB,DEF,1
Niall Canavan,CB,Republic of Ireland,0.63,0.36,0.26,0.37,0.41,0.63,0.76,0.34,0.37,0.35,0.37,0.45,0.64,0.82,0.75,0.76,0.62,0.61,0.64,0.62,0.63,0.35,CB,DEF,5
Edison Carcelén,CB,Ecuador,0.63,0.66,0.3,0.47,0.52,0.59,0.75,0.68,0.64,0.62,0.58,0.68,0.52,0.84,0.65,0.76,0.63,0.63,0.58,0.56,0.55,0.34,CB,DEF,5
Antonio Castillo,LB,Chile,0.63,0.68,0.34,0.43,0.56,0.61,0.7,0.7,0.66,0.59,0.6,0.54,0.58,0.72,0.75,0.65,0.64,0.61,0.64,0.61,0.47,0.3,LB,DEF,5
Mikkel Ceïde,CB,Norway,0.63,0.66,0.26,0.51,0.53,0.62,0.69,0.64,0.67,0.62,0.7,0.56,0.59,0.75,0.69,0.73,0.64,0.61,0.63,0.61,0.6,0.36,CB,DEF,5
Diego Céspedes,CB,Chile,0.63,0.61,0.23,0.43,0.48,0.63,0.7,0.58,0.64,0.47,0.68,0.59,0.59,0.72,0.66,0.68,0.64,0.64,0.63,0.62,0.57,0.34,CB,DEF,5
Tarek Chahed,RB,Germany,0.63,0.74,0.57,0.56,0.63,0.58,0.62,0.73,0.74,0.82,0.8,0.6,0.58,0.61,0.66,0.63,0.6,0.6,0.57,0.58,0.48,0.57,RB,DEF,1
James Chester,CB,Wales,0.63,0.47,0.34,0.53,0.55,0.63,0.66,0.47,0.47,0.61,0.63,0.55,0.62,0.69,0.58,0.63,0.62,0.6,0.65,0.63,0.61,0.34,CB,DEF,5
Max Cleworth,CB,England,0.63,0.65,0.26,0.4,0.51,0.62,0.7,0.64,0.65,0.55,0.53,0.54,0.58,0.74,0.68,0.72,0.63,0.61,0.62,0.63,0.6,0.34,CB,DEF,5
Nnamdi Collins,CB,Germany,0.63,0.83,0.25,0.45,0.5,0.61,0.68,0.8,0.85,0.63,0.57,0.53,0.58,0.78,0.53,0.83,0.64,0.59,0.58,0.59,0.62,0.33,CB,DEF,5
Kobe Cools,CB,Belgium,0.63,0.57,0.26,0.44,0.45,0.65,0.65,0.54,0.59,0.56,0.6,0.52,0.55,0.67,0.58,0.65,0.63,0.61,0.7,0.63,0.6,0.45,CB,DEF,5
Romoney Crichlow,CB,England,0.63,0.63,0.34,0.43,0.55,0.63,0.7,0.64,0.63,0.61,0.47,0.53,0.59,0.72,0.71,0.72,0.64,0.61,0.61,0.65,0.6,0.32,CB,DEF,5
Santiago Cuiza,RB,Bolivia,0.63,0.76,0.47,0.6,0.61,0.57,0.6,0.74,0.77,0.72,0.69,0.63,0.52,0.57,0.65,0.67,0.6,0.57,0.59,0.48,0.58,0.45,RB,DEF,1
Robbie Cundy,CB,England,0.63,0.55,0.26,0.4,0.47,0.63,0.69,0.53,0.56,0.49,0.61,0.49,0.61,0.77,0.6,0.72,0.63,0.62,0.63,0.61,0.65,0.39,CB,DEF,5
Diogo Silva,CB,Brazil,0.63,0.52,0.33,0.38,0.5,0.64,0.61,0.52,0.52,0.54,0.6,0.51,0.55,0.74,0.34,0.68,0.64,0.62,0.65,0.66,0.61,0.55,CB,DEF,5
Donervon Daniels,CB,Montserrat,0.63,0.57,0.35,0.46,0.48,0.62,0.76,0.53,0.61,0.48,0.49,0.45,0.62,0.82,0.72,0.73,0.63,0.61,0.63,0.62,0.6,0.45,CB,DEF,5
Victor Dávalos,RB,Paraguay,0.63,0.69,0.51,0.57,0.57,0.6,0.59,0.68,0.7,0.57,0.42,0.63,0.58,0.58,0.64,0.63,0.6,0.53,0.62,0.6,0.57,0.6,RB,DEF,1
Tom Davies,CB,England,0.63,0.5,0.27,0.41,0.47,0.61,0.74,0.52,0.49,0.58,0.61,0.5,0.58,0.74,0.7,0.78,0.62,0.6,0.61,0.59,0.63,0.41,CB,DEF,5
Ousmane Diao,CB,Senegal,0.63,0.69,0.34,0.46,0.58,0.62,0.65,0.68,0.7,0.48,0.55,0.61,0.57,0.67,0.62,0.71,0.65,0.62,0.61,0.6,0.63,0.35,CB,DEF,5
Moussa Diarra,CB,Mali,0.63,0.72,0.35,0.49,0.46,0.62,0.69,0.72,0.72,0.57,0.67,0.49,0.57,0.72,0.64,0.74,0.64,0.63,0.61,0.61,0.59,0.62,CB,DEF,5
Julius Dirksen,LB,Holland,0.63,0.7,0.31,0.49,0.57,0.62,0.59,0.67,0.72,0.56,0.58,0.6,0.56,0.63,0.54,0.68,0.64,0.65,0.61,0.6,0.61,0.48,LB,DEF,1
Alin Dobrosavlevici,CB,Romania,0.63,0.52,0.27,0.39,0.4,0.62,0.71,0.51,0.53,0.43,0.57,0.45,0.6,0.75,0.61,0.69,0.63,0.62,0.62,0.59,0.64,0.34,CB,DEF,5
Owen Dodgson,LB,England,0.63,0.68,0.46,0.61,0.59,0.59,0.65,0.66,0.7,0.59,0.66,0.6,0.59,0.65,0.7,0.66,0.61,0.58,0.59,0.58,0.55,0.67,LB,DEF,1
Aaron Donnelly,CB,Northern Ireland,0.63,0.65,0.4,0.53,0.61,0.64,0.62,0.67,0.63,0.71,0.67,0.61,0.62,0.58,0.7,0.67,0.64,0.61,0.63,0.65,0.67,0.66,CB,DEF,2
Fodé Doucouré,RB,Mali,0.63,0.76,0.37,0.55,0.64,0.58,0.56,0.77,0.75,0.82,0.85,0.62,0.56,0.51,0.63,0.62,0.61,0.62,0.56,0.58,0.53,0.58,RB,DEF,1
Alex Douglas,CB,Sweden,0.63,0.62,0.3,0.49,0.59,0.62,0.67,0.64,0.6,0.62,0.53,0.59,0.64,0.73,0.61,0.7,0.62,0.59,0.63,0.62,0.58,0.39,CB,DEF,5
Tim Drexler,CB,Germany,0.63,0.74,0.31,0.42,0.43,0.65,0.62,0.69,0.78,0.59,0.61,0.45,0.6,0.66,0.6,0.71,0.69,0.66,0.62,0.64,0.66,0.45,CB,DEF,5
Saxon Earley,LB,England,0.63,0.77,0.34,0.57,0.64,0.56,0.56,0.79,0.76,0.72,0.71,0.64,0.58,0.54,0.66,0.63,0.58,0.54,0.58,0.55,0.51,0.4,LB,DEF,1
Max Ehmer,CB,Germany,0.63,0.5,0.54,0.52,0.55,0.61,0.78,0.5,0.5,0.61,0.45,0.53,0.62,0.85,0.71,0.71,0.61,0.6,0.62,0.63,0.56,0.64,CB,DEF,5
Julian Eitschberger,RB,Germany,0.63,0.68,0.38,0.57,0.63,0.59,0.57,0.69,0.68,0.75,0.69,0.6,0.6,0.58,0.59,0.58,0.62,0.58,0.6,0.58,0.49,0.5,RB,DEF,1
Ayman El Wafi,CB,Morocco,0.63,0.55,0.33,0.53,0.6,0.62,0.68,0.54,0.55,0.63,0.58,0.61,0.62,0.7,0.66,0.64,0.62,0.62,0.64,0.59,0.59,0.48,CB,DEF,5
Dylan Escobar,RB,Chile,0.63,0.77,0.28,0.51,0.52,0.57,0.65,0.74,0.79,0.65,0.58,0.55,0.51,0.68,0.7,0.74,0.6,0.66,0.49,0.55,0.62,0.24,RB,DEF,1
Bert Esselink,CB,Holland,0.63,0.58,0.31,0.46,0.43,0.62,0.73,0.57,0.59,0.53,0.6,0.52,0.54,0.79,0.72,0.74,0.63,0.6,0.62,0.62,0.64,0.51,CB,DEF,5
Philip Fahrner,RB,Germany,0.63,0.69,0.51,0.59,0.66,0.61,0.59,0.68,0.69,0.65,0.71,0.65,0.58,0.6,0.55,0.55,0.64,0.61,0.62,0.64,0.43,0.55,RB,DEF,1
Mikayil Faye,CB,Senegal,0.63,0.74,0.41,0.51,0.54,0.59,0.73,0.75,0.73,0.63,0.47,0.57,0.63,0.77,0.66,0.81,0.63,0.59,0.54,0.59,0.64,0.75,CB,DEF,2
Will Ferry,LB,Republic of Ireland,0.63,0.73,0.52,0.6,0.66,0.55,0.53,0.79,0.68,0.8,0.77,0.63,0.61,0.48,0.74,0.57,0.58,0.53,0.54,0.56,0.49,0.54,LB,DEF,1
Sander Moen Foss,CB,Norway,0.63,0.5,0.25,0.41,0.46,0.64,0.69,0.62,0.41,0.52,0.64,0.5,0.6,0.75,0.62,0.73,0.65,0.63,0.64,0.64,0.64,0.33,CB,DEF,5
Kobe Franklin,RB,Canada,0.63,0.69,0.33,0.54,0.62,0.6,0.49,0.68,0.69,0.76,0.84,0.59,0.62,0.39,0.63,0.56,0.62,0.61,0.61,0.58,0.52,0.41,RB,DEF,1
Moritz Fritz,CB,Germany,0.63,0.47,0.41,0.48,0.47,0.61,0.77,0.52,0.43,0.53,0.37,0.57,0.61,0.85,0.68,0.65,0.64,0.58,0.62,0.56,0.6,0.58,CB,DEF,5
Alexander Fuchs,CB,Germany,0.63,0.59,0.5,0.63,0.65,0.62,0.69,0.64,0.54,0.67,0.68,0.66,0.69,0.75,0.7,0.67,0.62,0.6,0.64,0.66,0.51,0.53,CB,DEF,2
Aidi Fulangxisi,LB,China PR,0.63,0.68,0.36,0.55,0.57,0.59,0.76,0.67,0.69,0.7,0.64,0.55,0.56,0.76,0.82,0.73,0.6,0.58,0.6,0.59,0.58,0.37,LB,DEF,1
Einar Galilea,CB,Spain,0.63,0.56,0.32,0.41,0.46,0.63,0.7,0.57,0.56,0.59,0.56,0.49,0.58,0.72,0.63,0.71,0.59,0.65,0.67,0.6,0.67,0.48,CB,DEF,5
Scott Galloway,RB,Australia,0.63,0.77,0.55,0.56,0.62,0.58,0.73,0.8,0.75,0.75,0.8,0.58,0.58,0.74,0.72,0.75,0.6,0.58,0.57,0.59,0.51,0.63,RB,DEF,1
Hugo Gambor,CB,Central African Republic,0.63,0.65,0.33,0.51,0.57,0.62,0.63,0.63,0.67,0.65,0.56,0.6,0.61,0.7,0.49,0.7,0.65,0.62,0.61,0.61,0.62,0.41,CB,DEF,5
Mario García,LB,Spain,0.63,0.66,0.33,0.49,0.59,0.61,0.56,0.66,0.66,0.58,0.74,0.58,0.59,0.51,0.64,0.61,0.62,0.64,0.59,0.6,0.6,0.29,LB,DEF,1
Álex Morata,CB,Spain,0.63,0.6,0.31,0.5,0.46,0.65,0.6,0.63,0.57,0.5,0.68,0.62,0.57,0.57,0.63,0.65,0.65,0.66,0.65,0.63,0.63,0.49,CB,DEF,5
Ignacio Gariglio,CB,Argentina,0.63,0.55,0.32,0.46,0.41,0.65,0.63,0.54,0.55,0.35,0.63,0.6,0.57,0.66,0.63,0.63,0.66,0.62,0.67,0.65,0.59,0.42,CB,DEF,5
Chase Gasper,LB,United States,0.63,0.67,0.34,0.55,0.6,0.6,0.67,0.66,0.67,0.6,0.65,0.6,0.55,0.69,0.68,0.64,0.63,0.62,0.6,0.58,0.51,0.37,LB,DEF,1
Alec Georgen,RB,France,0.63,0.71,0.5,0.55,0.65,0.61,0.56,0.69,0.72,0.77,0.81,0.64,0.5,0.59,0.49,0.63,0.65,0.63,0.62,0.54,0.55,0.56,RB,DEF,1
Mark Gevorgyan,RB,Germany,0.63,0.8,0.38,0.54,0.63,0.56,0.47,0.79,0.81,0.83,0.83,0.6,0.55,0.36,0.64,0.44,0.61,0.6,0.54,0.58,0.36,0.6,RB,DEF,1
James Gibbons,RB,England,0.63,0.69,0.43,0.56,0.61,0.58,0.67,0.7,0.68,0.76,0.81,0.58,0.59,0.58,0.75,0.7,0.6,0.58,0.59,0.57,0.54,0.55,RB,DEF,1
Jake Girdwood-Reich,CB,Australia,0.63,0.6,0.41,0.53,0.54,0.61,0.73,0.64,0.57,0.65,0.64,0.58,0.56,0.71,0.8,0.7,0.64,0.62,0.64,0.55,0.58,0.55,CB,DEF,5
Gerrit Gohlke,CB,Germany,0.63,0.61,0.28,0.42,0.45,0.61,0.73,0.54,0.66,0.47,0.42,0.47,0.54,0.82,0.56,0.65,0.62,0.63,0.61,0.59,0.62,0.53,CB,DEF,5
Rafael Fernandes,CB,Portugal,0.63,0.5,0.37,0.49,0.47,0.63,0.64,0.55,0.45,0.53,0.56,0.51,0.56,0.66,0.56,0.67,0.68,0.65,0.58,0.61,0.66,0.42,CB,DEF,5
Román Gómez,RB,Argentina,0.63,0.71,0.4,0.58,0.61,0.59,0.61,0.73,0.7,0.62,0.5,0.62,0.6,0.62,0.59,0.73,0.62,0.59,0.55,0.57,0.65,0.54,RB,DEF,1
Jonathan Germán Gómez,LB,Mexico,0.63,0.72,0.33,0.48,0.6,0.59,0.53,0.7,0.73,0.74,0.7,0.55,0.56,0.47,0.63,0.57,0.62,0.66,0.58,0.56,0.56,0.34,LB,DEF,1
Yoni Gomis,CB,France,0.63,0.58,0.26,0.43,0.52,0.64,0.63,0.63,0.53,0.39,0.62,0.57,0.62,0.66,0.58,0.68,0.66,0.63,0.62,0.63,0.62,0.33,CB,DEF,5
Ramiro González,CB,Argentina,0.63,0.32,0.37,0.44,0.47,0.62,0.72,0.33,0.32,0.4,0.51,0.53,0.57,0.81,0.52,0.69,0.61,0.6,0.63,0.58,0.68,0.49,CB,DEF,5
Omar Gonzalez,CB,United States,0.63,0.33,0.36,0.48,0.44,0.61,0.75,0.3,0.36,0.36,0.31,0.55,0.58,0.84,0.61,0.73,0.61,0.5,0.6,0.6,0.72,0.47,CB,DEF,5
Matías González,CB,Uruguay,0.63,0.64,0.39,0.42,0.42,0.66,0.65,0.63,0.64,0.48,0.6,0.43,0.56,0.69,0.65,0.7,0.68,0.68,0.63,0.68,0.63,0.37,CB,DEF,5
Lewis Gordon,LB,Scotland,0.63,0.81,0.42,0.54,0.61,0.55,0.56,0.82,0.8,0.81,0.81,0.59,0.51,0.46,0.76,0.63,0.6,0.58,0.53,0.51,0.55,0.44,LB,DEF,1
Lee Grace,CB,Republic of Ireland,0.63,0.44,0.27,0.43,0.52,0.63,0.69,0.38,0.48,0.39,0.33,0.55,0.6,0.72,0.69,0.64,0.63,0.63,0.63,0.62,0.65,0.35,CB,DEF,5
Antoine Hainaut,RB,France,0.63,0.65,0.5,0.58,0.62,0.63,0.54,0.68,0.63,0.57,0.7,0.64,0.56,0.54,0.46,0.56,0.67,0.65,0.65,0.61,0.5,0.55,RB,DEF,1
Belal Halbouni,CB,Syria,0.63,0.61,0.45,0.46,0.47,0.61,0.73,0.58,0.63,0.57,0.62,0.46,0.57,0.81,0.62,0.75,0.63,0.6,0.6,0.61,0.6,0.51,CB,DEF,5
Anas Hamzaoui,LB,Belgium,0.63,0.71,0.27,0.53,0.63,0.61,0.56,0.72,0.7,0.74,0.75,0.6,0.59,0.48,0.59,0.57,0.64,0.62,0.6,0.62,0.54,0.35,LB,DEF,1
Mika Hanraths,CB,Germany,0.63,0.6,0.27,0.43,0.47,0.63,0.7,0.57,0.63,0.48,0.5,0.5,0.56,0.78,0.6,0.68,0.69,0.66,0.6,0.62,0.54,0.38,CB,DEF,5
Ibe Hautekiet,CB,Belgium,0.63,0.65,0.33,0.47,0.37,0.64,0.66,0.62,0.68,0.42,0.58,0.36,0.49,0.75,0.53,0.74,0.66,0.63,0.63,0.61,0.65,0.62,CB,DEF,5
Sanousi Hawsawi,RB,Saudi Arabia,0.63,0.89,0.3,0.46,0.6,0.53,0.8,0.88,0.89,0.87,0.69,0.55,0.53,0.71,0.9,0.78,0.56,0.6,0.49,0.57,0.4,0.32,RB,DEF,1
He Guan,CB,China PR,0.63,0.71,0.31,0.52,0.53,0.61,0.7,0.69,0.72,0.71,0.66,0.58,0.62,0.74,0.66,0.75,0.6,0.57,0.64,0.61,0.62,0.42,CB,DEF,1
Jaheim Headley,LB,England,0.63,0.86,0.54,0.54,0.67,0.55,0.65,0.89,0.83,0.75,0.82,0.66,0.53,0.64,0.72,0.71,0.57,0.55,0.53,0.58,0.49,0.69,LB,DEF,1
Nahuel Herrera,CB,Uruguay,0.63,0.55,0.34,0.36,0.39,0.66,0.66,0.57,0.53,0.45,0.56,0.44,0.47,0.76,0.56,0.73,0.68,0.64,0.65,0.67,0.62,0.39,CB,DEF,5
Elliott Hewitt,CB,Wales,0.63,0.71,0.45,0.56,0.58,0.61,0.75,0.71,0.71,0.65,0.65,0.58,0.61,0.72,0.81,0.85,0.62,0.61,0.6,0.61,0.61,0.54,CB,DEF,2
Brad Hills,CB,England,0.63,0.65,0.39,0.41,0.5,0.62,0.74,0.66,0.65,0.59,0.55,0.5,0.57,0.79,0.71,0.77,0.62,0.61,0.61,0.65,0.62,0.51,CB,DEF,5
Andreas Eines Hopmark,CB,Norway,0.63,0.34,0.44,0.52,0.53,0.61,0.77,0.34,0.34,0.35,0.34,0.57,0.64,0.87,0.69,0.69,0.61,0.6,0.61,0.63,0.62,0.65,CB,DEF,5
Tomáš Huk,CB,Slovakia,0.63,0.58,0.29,0.47,0.44,0.64,0.62,0.55,0.61,0.44,0.59,0.49,0.63,0.7,0.48,0.67,0.65,0.63,0.64,0.63,0.62,0.5,CB,DEF,5
Rob Hunt,RB,England,0.63,0.73,0.35,0.56,0.63,0.57,0.61,0.72,0.73,0.79,0.85,0.6,0.55,0.54,0.8,0.68,0.58,0.55,0.58,0.58,0.5,0.45,RB,DEF,1
Alex Iacovitti,CB,Scotland,0.63,0.68,0.35,0.5,0.51,0.61,0.77,0.67,0.68,0.49,0.33,0.53,0.53,0.82,0.74,0.79,0.62,0.6,0.6,0.61,0.63,0.38,CB,DEF,5
Lukas Ibertsberger,LB,Austria,0.63,0.7,0.47,0.61,0.6,0.59,0.56,0.67,0.72,0.7,0.67,0.6,0.58,0.51,0.62,0.55,0.62,0.62,0.58,0.56,0.51,0.61,LB,DEF,1
Buhari Ibrahim,CB,Nigeria,0.63,0.72,0.31,0.52,0.5,0.61,0.72,0.74,0.7,0.48,0.61,0.53,0.49,0.79,0.61,0.81,0.63,0.6,0.6,0.57,0.64,0.4,CB,DEF,5
Mitja Ilenič,RB,Slovenia,0.63,0.8,0.4,0.53,0.66,0.55,0.57,0.78,0.81,0.71,0.72,0.64,0.65,0.55,0.64,0.58,0.62,0.6,0.49,0.55,0.43,0.39,RB,DEF,1
Florin Ilie,CB,Romania,0.63,0.61,0.35,0.43,0.41,0.62,0.74,0.54,0.67,0.62,0.47,0.33,0.61,0.79,0.73,0.74,0.63,0.6,0.63,0.58,0.67,0.28,CB,DEF,5
Rubén Iranzo,CB,Spain,0.63,0.53,0.44,0.55,0.5,0.64,0.64,0.54,0.52,0.57,0.65,0.57,0.54,0.65,0.59,0.66,0.62,0.64,0.63,0.65,0.67,0.62,CB,DEF,5
Mohammed Jahfali,CB,Saudi Arabia,0.63,0.59,0.36,0.48,0.44,0.63,0.68,0.67,0.53,0.62,0.51,0.47,0.5,0.71,0.6,0.75,0.66,0.66,0.58,0.6,0.68,0.42,CB,DEF,5
Maudo Lamine Jarjué,CB,Gambia,0.63,0.65,0.35,0.45,0.52,0.6,0.77,0.61,0.68,0.63,0.5,0.53,0.54,0.88,0.65,0.79,0.61,0.6,0.62,0.54,0.63,0.36,CB,DEF,5
Malcolm Jeng,CB,Sweden,0.63,0.69,0.32,0.52,0.59,0.63,0.65,0.65,0.72,0.64,0.51,0.6,0.62,0.64,0.69,0.69,0.66,0.61,0.62,0.6,0.63,0.31,CB,DEF,5
Jeong Dong Ho,LB,Korea Republic,0.63,0.7,0.37,0.56,0.6,0.58,0.64,0.69,0.7,0.68,0.73,0.61,0.6,0.64,0.67,0.67,0.58,0.62,0.58,0.58,0.56,0.41,LB,DEF,1
Herman Johansson,RB,Sweden,0.63,0.71,0.54,0.58,0.63,0.58,0.72,0.7,0.71,0.64,0.5,0.64,0.6,0.78,0.72,0.78,0.59,0.56,0.57,0.56,0.64,0.52,RB,DEF,2
Dan Jones,CB,England,0.63,0.64,0.27,0.53,0.56,0.61,0.72,0.65,0.64,0.57,0.65,0.57,0.58,0.73,0.68,0.8,0.61,0.59,0.6,0.62,0.59,0.33,CB,DEF,5
Miloš Jovičić,CB,Serbia,0.63,0.58,0.37,0.41,0.4,0.62,0.72,0.59,0.58,0.48,0.5,0.44,0.57,0.82,0.64,0.73,0.66,0.64,0.61,0.62,0.55,0.5,CB,DEF,5
Sam Junqua,LB,United States,0.63,0.57,0.4,0.51,0.59,0.65,0.67,0.52,0.61,0.61,0.58,0.53,0.57,0.66,0.66,0.51,0.68,0.66,0.65,0.68,0.44,0.61,LB,DEF,5
Dimitrije Kamenović,LB,Serbia,0.63,0.72,0.35,0.54,0.56,0.59,0.61,0.71,0.73,0.6,0.56,0.56,0.56,0.63,0.6,0.62,0.65,0.67,0.55,0.56,0.47,0.4,LB,DEF,1
Awadh Khamis,LB,Saudi Arabia,0.63,0.61,0.5,0.58,0.64,0.59,0.67,0.65,0.57,0.7,0.71,0.63,0.61,0.61,0.78,0.53,0.62,0.56,0.58,0.6,0.54,0.52,LB,DEF,1
Kim Jun Yub,RB,Korea Republic,0.63,0.71,0.52,0.57,0.63,0.58,0.67,0.74,0.69,0.65,0.69,0.61,0.58,0.72,0.59,0.71,0.57,0.56,0.58,0.63,0.53,0.55,RB,DEF,1
Kim Tae Hwan,RB,Korea Republic,0.63,0.67,0.42,0.54,0.58,0.58,0.73,0.68,0.67,0.72,0.65,0.57,0.63,0.71,0.81,0.82,0.62,0.58,0.54,0.57,0.63,0.55,RB,DEF,2
Joel King,LB,Australia,0.63,0.69,0.33,0.54,0.58,0.56,0.71,0.72,0.67,0.64,0.69,0.56,0.58,0.74,0.81,0.71,0.58,0.56,0.55,0.57,0.5,0.29,LB,DEF,1
Ryan Kitto,LB,Australia,0.63,0.78,0.55,0.58,0.62,0.54,0.74,0.76,0.8,0.74,0.67,0.59,0.57,0.72,0.85,0.72,0.57,0.55,0.5,0.58,0.5,0.6,LB,DEF,1
Bartłomiej Kłudka,RB,Poland,0.63,0.8,0.5,0.51,0.57,0.57,0.65,0.78,0.82,0.57,0.6,0.58,0.55,0.65,0.67,0.66,0.6,0.58,0.57,0.59,0.45,0.56,RB,DEF,1
Tobias Knost,RB,Kenya,0.63,0.73,0.31,0.49,0.57,0.58,0.66,0.76,0.71,0.7,0.72,0.58,0.53,0.61,0.76,0.73,0.62,0.58,0.56,0.55,0.61,0.3,RB,DEF,1
Kyle Knoyle,RB,England,0.63,0.82,0.46,0.54,0.62,0.56,0.69,0.82,0.82,0.82,0.82,0.57,0.57,0.65,0.85,0.8,0.57,0.55,0.56,0.55,0.51,0.45,RB,DEF,1
Ali Koiki,LB,England,0.63,0.89,0.55,0.5,0.64,0.57,0.75,0.88,0.89,0.75,0.65,0.6,0.62,0.81,0.77,0.78,0.59,0.54,0.58,0.52,0.58,0.68,LB,DEF,2
Thomas Kok,CB,Holland,0.63,0.63,0.47,0.59,0.61,0.62,0.64,0.58,0.67,0.66,0.71,0.62,0.62,0.65,0.65,0.66,0.6,0.62,0.63,0.63,0.61,0.56,CB,DEF,1
Apostolos Konstantopoulos,CB,Greece,0.63,0.6,0.26,0.53,0.59,0.61,0.67,0.51,0.68,0.58,0.52,0.64,0.6,0.72,0.6,0.69,0.65,0.63,0.55,0.6,0.66,0.38,CB,DEF,5
Filip Koperski,RB,Poland,0.63,0.67,0.46,0.58,0.57,0.6,0.58,0.65,0.69,0.56,0.65,0.56,0.61,0.57,0.63,0.62,0.61,0.58,0.6,0.58,0.58,0.53,RB,DEF,1
Johnny Koutroumbis,RB,Australia,0.63,0.73,0.31,0.52,0.57,0.6,0.74,0.74,0.73,0.71,0.67,0.55,0.58,0.78,0.77,0.77,0.62,0.6,0.6,0.61,0.55,0.37,RB,DEF,1
Kamil Kruk,CB,Poland,0.63,0.58,0.43,0.41,0.44,0.63,0.72,0.55,0.61,0.63,0.7,0.45,0.63,0.75,0.69,0.7,0.64,0.61,0.64,0.63,0.6,0.42,CB,DEF,5
Qasem Lajami,CB,Saudi Arabia,0.63,0.68,0.26,0.43,0.47,0.64,0.7,0.69,0.68,0.68,0.73,0.42,0.58,0.75,0.71,0.73,0.65,0.65,0.63,0.64,0.59,0.3,CB,DEF,5
Ricki Lamie,CB,Scotland,0.63,0.42,0.3,0.48,0.56,0.62,0.73,0.47,0.38,0.56,0.52,0.57,0.54,0.77,0.71,0.7,0.62,0.61,0.62,0.6,0.66,0.41,CB,DEF,5
Sam Lavelle,CB,Scotland,0.63,0.54,0.29,0.41,0.46,0.62,0.75,0.55,0.54,0.43,0.6,0.48,0.59,0.79,0.71,0.81,0.63,0.61,0.62,0.6,0.6,0.4,CB,DEF,5
Joshua Laws,CB,Australia,0.63,0.59,0.34,0.53,0.52,0.62,0.7,0.63,0.55,0.53,0.53,0.56,0.57,0.74,0.65,0.72,0.64,0.63,0.6,0.62,0.6,0.49,CB,DEF,5
Ryan Leak,CB,Wales,0.63,0.41,0.31,0.44,0.46,0.62,0.75,0.44,0.39,0.35,0.38,0.44,0.59,0.81,0.69,0.79,0.63,0.61,0.62,0.63,0.62,0.53,CB,DEF,5
Alan Ledesma,CB,Argentina,0.63,0.61,0.4,0.4,0.49,0.65,0.62,0.6,0.61,0.55,0.6,0.56,0.6,0.64,0.6,0.67,0.66,0.64,0.65,0.65,0.62,0.4,CB,DEF,5
Lee Eu Ddeum,LB,Korea Republic,0.63,0.68,0.57,0.61,0.61,0.57,0.68,0.65,0.71,0.67,0.75,0.62,0.58,0.68,0.75,0.61,0.58,0.54,0.56,0.62,0.48,0.7,LB,DEF,1
Lee You Hyeon,RB,Korea Republic,0.63,0.71,0.38,0.58,0.62,0.58,0.69,0.7,0.72,0.73,0.69,0.58,0.59,0.69,0.76,0.57,0.62,0.58,0.58,0.6,0.38,0.38,RB,DEF,1
Lee Sang Ki,RB,Korea Republic,0.63,0.78,0.57,0.58,0.61,0.55,0.74,0.82,0.74,0.73,0.73,0.57,0.58,0.73,0.83,0.72,0.56,0.57,0.55,0.57,0.45,0.67,RB,DEF,1
Lee Jung Taek,CB,Korea Republic,0.63,0.85,0.26,0.4,0.47,0.62,0.73,0.84,0.86,0.74,0.6,0.44,0.62,0.77,0.75,0.85,0.64,0.59,0.63,0.61,0.6,0.38,CB,DEF,5
Stav Lemkin,CB,Israel,0.63,0.66,0.25,0.39,0.41,0.63,0.67,0.6,0.7,0.44,0.48,0.45,0.64,0.76,0.55,0.75,0.6,0.61,0.66,0.63,0.66,0.45,CB,DEF,5
Dean Lewington,CB,England,0.63,0.32,0.38,0.59,0.57,0.63,0.74,0.33,0.32,0.67,0.55,0.56,0.65,0.76,0.78,0.64,0.63,0.61,0.64,0.62,0.6,0.51,CB,DEF,5
Li Songyi,CB,China PR,0.63,0.47,0.4,0.6,0.58,0.62,0.73,0.53,0.42,0.58,0.56,0.57,0.55,0.82,0.69,0.8,0.63,0.54,0.6,0.62,0.71,0.32,CB,DEF,5
Lucas Lissens,CB,Belgium,0.63,0.66,0.27,0.5,0.55,0.61,0.65,0.63,0.68,0.68,0.62,0.64,0.54,0.68,0.54,0.69,0.65,0.62,0.56,0.62,0.63,0.42,CB,DEF,5
Liu Wei,CB,China PR,0.63,0.51,0.25,0.33,0.38,0.63,0.69,0.5,0.52,0.42,0.57,0.48,0.62,0.71,0.65,0.76,0.66,0.65,0.63,0.58,0.62,0.36,CB,DEF,5
Irvyn Lomami,RB,France,0.63,0.77,0.41,0.57,0.62,0.59,0.61,0.77,0.77,0.79,0.82,0.6,0.56,0.61,0.61,0.71,0.61,0.6,0.58,0.58,0.56,0.55,RB,DEF,1
Aimé Mabika,CB,Zambia,0.63,0.68,0.32,0.39,0.41,0.61,0.73,0.59,0.75,0.32,0.34,0.53,0.55,0.83,0.64,0.77,0.62,0.54,0.62,0.61,0.64,0.5,CB,DEF,5
Laurence Maguire,CB,England,0.63,0.62,0.36,0.48,0.54,0.62,0.7,0.6,0.63,0.52,0.57,0.55,0.55,0.74,0.71,0.74,0.61,0.58,0.61,0.64,0.68,0.42,CB,DEF,5
Moïse Mahop,LB,Cameroon,0.63,0.66,0.46,0.51,0.59,0.61,0.7,0.67,0.66,0.58,0.57,0.63,0.58,0.78,0.64,0.74,0.66,0.67,0.57,0.56,0.57,0.6,LB,DEF,5
Piotr Malarczyk,CB,Poland,0.63,0.4,0.29,0.44,0.5,0.63,0.71,0.36,0.43,0.49,0.59,0.5,0.6,0.81,0.62,0.65,0.62,0.61,0.66,0.63,0.59,0.28,CB,DEF,5
Rahil Məmmədov,CB,Azerbaijan,0.63,0.55,0.25,0.32,0.44,0.64,0.71,0.55,0.55,0.55,0.47,0.57,0.57,0.77,0.66,0.63,0.67,0.63,0.68,0.64,0.47,0.4,CB,DEF,5
Jovan Manev,CB,North Macedonia,0.63,0.77,0.48,0.42,0.58,0.61,0.72,0.75,0.78,0.66,0.61,0.53,0.5,0.76,0.61,0.81,0.61,0.63,0.6,0.61,0.65,0.58,CB,DEF,2
Gustavo Marins,CB,Brazil,0.63,0.64,0.36,0.48,0.52,0.62,0.7,0.62,0.66,0.59,0.54,0.57,0.6,0.74,0.65,0.7,0.65,0.6,0.61,0.61,0.58,0.44,CB,DEF,5
Lucas Maronnier,LB,France,0.63,0.69,0.29,0.55,0.6,0.59,0.53,0.71,0.67,0.58,0.83,0.58,0.58,0.43,0.69,0.52,0.62,0.65,0.58,0.57,0.54,0.27,LB,DEF,1
Fredy Martínez,LB,Uruguay,0.63,0.72,0.3,0.54,0.63,0.58,0.5,0.72,0.72,0.65,0.7,0.6,0.6,0.4,0.66,0.48,0.61,0.6,0.55,0.6,0.49,0.25,LB,DEF,1
Marcos Martinich,LB,Argentina,0.63,0.75,0.26,0.55,0.56,0.59,0.6,0.73,0.76,0.68,0.68,0.57,0.5,0.6,0.64,0.66,0.57,0.62,0.62,0.57,0.54,0.23,LB,DEF,1
Yegor Matsenko,LB,Ukraine,0.63,0.73,0.39,0.49,0.49,0.6,0.68,0.71,0.74,0.47,0.56,0.57,0.58,0.7,0.68,0.74,0.59,0.6,0.59,0.6,0.62,0.44,LB,DEF,5
Conor McCarthy,CB,Republic of Ireland,0.63,0.55,0.28,0.49,0.51,0.63,0.73,0.56,0.55,0.51,0.41,0.52,0.58,0.8,0.67,0.74,0.62,0.63,0.63,0.62,0.63,0.4,CB,DEF,5
Sam McClelland,CB,Northern Ireland,0.63,0.43,0.32,0.39,0.45,0.63,0.72,0.37,0.47,0.34,0.53,0.5,0.62,0.83,0.62,0.69,0.63,0.62,0.64,0.63,0.62,0.48,CB,DEF,5
Cameron McJannet,CB,England,0.63,0.53,0.39,0.53,0.56,0.63,0.67,0.53,0.53,0.6,0.65,0.52,0.56,0.7,0.66,0.66,0.66,0.65,0.63,0.6,0.62,0.5,CB,DEF,5
Stephen McLaughlin,LB,Republic of Ireland,0.63,0.74,0.58,0.59,0.61,0.56,0.63,0.75,0.73,0.71,0.66,0.58,0.58,0.59,0.72,0.65,0.58,0.55,0.55,0.58,0.54,0.67,LB,DEF,1
Shane McLoughlin,RB,Republic of Ireland,0.63,0.76,0.58,0.58,0.64,0.55,0.6,0.74,0.77,0.8,0.79,0.61,0.59,0.57,0.71,0.63,0.57,0.55,0.54,0.57,0.5,0.66,RB,DEF,1
Paolo Medina,RB,Mexico,0.63,0.75,0.37,0.55,0.62,0.58,0.63,0.74,0.75,0.74,0.67,0.61,0.57,0.62,0.66,0.69,0.62,0.61,0.55,0.57,0.57,0.4,RB,DEF,1
Jon Mellish,CB,England,0.63,0.71,0.58,0.58,0.57,0.61,0.77,0.68,0.73,0.54,0.55,0.6,0.58,0.75,0.91,0.72,0.62,0.59,0.62,0.61,0.58,0.63,CB,DEF,2
Mateo Mendoza,CB,Argentina,0.63,0.59,0.31,0.45,0.51,0.66,0.64,0.61,0.58,0.55,0.6,0.52,0.49,0.65,0.69,0.67,0.7,0.69,0.62,0.67,0.6,0.45,CB,DEF,5
Juan José Mera,CB,Colombia,0.63,0.62,0.34,0.33,0.37,0.63,0.69,0.61,0.63,0.4,0.54,0.44,0.61,0.78,0.55,0.76,0.65,0.62,0.62,0.62,0.65,0.44,CB,DEF,5
Ivan Mesík,CB,Slovakia,0.63,0.61,0.41,0.59,0.6,0.6,0.74,0.62,0.61,0.57,0.61,0.64,0.58,0.82,0.67,0.77,0.61,0.6,0.59,0.59,0.6,0.6,CB,DEF,5
Blondon Meyapya,CB,Cameroon,0.63,0.68,0.31,0.44,0.51,0.62,0.71,0.62,0.73,0.54,0.59,0.52,0.61,0.75,0.62,0.73,0.65,0.63,0.59,0.6,0.64,0.43,CB,DEF,5
Daniel Mikić,CB,Germany,0.63,0.81,0.26,0.42,0.54,0.64,0.67,0.8,0.81,0.73,0.7,0.54,0.62,0.67,0.67,0.74,0.65,0.63,0.64,0.64,0.58,0.37,CB,DEF,1
Adam Montgomery,LB,Scotland,0.63,0.75,0.53,0.58,0.67,0.57,0.61,0.76,0.74,0.78,0.75,0.65,0.6,0.56,0.67,0.65,0.61,0.59,0.53,0.55,0.54,0.62,LB,DEF,1
Jasper Moon,CB,England,0.63,0.6,0.26,0.41,0.41,0.64,0.66,0.57,0.62,0.49,0.57,0.44,0.61,0.72,0.58,0.68,0.66,0.62,0.63,0.64,0.59,0.35,CB,DEF,5
Martin Moormann,LB,Austria,0.63,0.61,0.33,0.49,0.45,0.63,0.74,0.63,0.6,0.51,0.6,0.47,0.65,0.77,0.68,0.76,0.64,0.64,0.62,0.63,0.65,0.49,LB,DEF,5
Leandro Morante,CB,France,0.63,0.56,0.36,0.5,0.51,0.61,0.74,0.5,0.61,0.48,0.34,0.59,0.6,0.85,0.65,0.74,0.62,0.58,0.59,0.61,0.63,0.55,CB,DEF,5
James Morris,LB,England,0.63,0.63,0.34,0.5,0.6,0.63,0.64,0.65,0.61,0.59,0.55,0.6,0.6,0.65,0.63,0.63,0.66,0.64,0.63,0.62,0.54,0.45,LB,DEF,5
Michael Morrison,CB,England,0.63,0.34,0.38,0.41,0.42,0.62,0.71,0.33,0.35,0.46,0.61,0.47,0.61,0.8,0.52,0.66,0.65,0.63,0.61,0.6,0.63,0.4,CB,DEF,5
Loris Mouyokolo,CB,France,0.63,0.57,0.34,0.39,0.46,0.61,0.75,0.6,0.55,0.52,0.37,0.47,0.53,0.89,0.51,0.79,0.66,0.64,0.53,0.63,0.61,0.58,CB,DEF,5
Toby Mullarkey,RB,England,0.63,0.69,0.33,0.54,0.57,0.59,0.72,0.63,0.74,0.51,0.48,0.56,0.58,0.77,0.84,0.74,0.58,0.56,0.58,0.61,0.6,0.41,RB,DEF,5
Mark Natta,CB,Australia,0.63,0.76,0.33,0.49,0.56,0.61,0.76,0.74,0.77,0.71,0.68,0.54,0.62,0.79,0.84,0.78,0.61,0.59,0.62,0.62,0.58,0.44,CB,DEF,2
Ben Nelson,CB,England,0.63,0.67,0.33,0.45,0.53,0.62,0.7,0.64,0.69,0.61,0.67,0.58,0.59,0.76,0.62,0.75,0.63,0.6,0.6,0.62,0.62,0.49,CB,DEF,5
Lucas Ness,CB,England,0.63,0.65,0.32,0.44,0.48,0.63,0.73,0.66,0.64,0.47,0.61,0.49,0.59,0.78,0.68,0.76,0.63,0.6,0.64,0.61,0.62,0.47,CB,DEF,5
Scott Neville,CB,Australia,0.63,0.55,0.44,0.53,0.54,0.62,0.72,0.51,0.58,0.63,0.54,0.53,0.61,0.76,0.67,0.7,0.62,0.61,0.62,0.62,0.6,0.53,CB,DEF,5
Lasse Nilsen,LB,Norway,0.63,0.81,0.54,0.54,0.62,0.56,0.69,0.81,0.81,0.73,0.73,0.6,0.53,0.7,0.78,0.69,0.57,0.57,0.57,0.56,0.45,0.6,LB,DEF,1
Snorre Strand Nilsen,RB,Norway,0.63,0.65,0.42,0.55,0.59,0.59,0.71,0.62,0.67,0.56,0.62,0.59,0.58,0.74,0.76,0.67,0.61,0.6,0.59,0.6,0.54,0.52,RB,DEF,1
Ilmari Niskanen,RB,Finland,0.63,0.75,0.57,0.59,0.65,0.56,0.63,0.76,0.74,0.77,0.8,0.63,0.59,0.65,0.67,0.65,0.61,0.57,0.56,0.55,0.46,0.62,RB,DEF,1
Rob Nizet,LB,Belgium,0.63,0.81,0.54,0.57,0.61,0.56,0.57,0.84,0.79,0.74,0.66,0.59,0.6,0.49,0.7,0.55,0.55,0.58,0.57,0.59,0.44,0.65,LB,DEF,1
Steffen Nkansah,CB,Germany,0.63,0.71,0.3,0.44,0.48,0.64,0.69,0.7,0.71,0.6,0.59,0.5,0.58,0.71,0.73,0.75,0.66,0.64,0.61,0.64,0.65,0.42,CB,DEF,5
Lee O'Connor,RB,Republic of Ireland,0.63,0.7,0.52,0.57,0.6,0.58,0.68,0.72,0.69,0.7,0.77,0.58,0.6,0.65,0.78,0.79,0.58,0.59,0.57,0.6,0.58,0.55,RB,DEF,1
Thomas O'Connor,CB,Republic of Ireland,0.63,0.66,0.57,0.62,0.6,0.6,0.72,0.64,0.68,0.57,0.68,0.6,0.61,0.7,0.74,0.78,0.61,0.58,0.59,0.6,0.61,0.64,CB,DEF,2
Stephen O'Donnell,RB,Scotland,0.63,0.6,0.43,0.56,0.57,0.61,0.65,0.61,0.59,0.57,0.47,0.6,0.61,0.65,0.69,0.64,0.61,0.6,0.62,0.61,0.56,0.55,RB,DEF,5
Connor O'Riordan,CB,Republic of Ireland,0.63,0.55,0.32,0.47,0.49,0.63,0.74,0.55,0.55,0.49,0.41,0.51,0.56,0.8,0.67,0.73,0.63,0.61,0.63,0.62,0.62,0.49,CB,DEF,5
Magnar Ødegaard,CB,Norway,0.63,0.45,0.3,0.49,0.51,0.63,0.69,0.5,0.4,0.57,0.55,0.51,0.61,0.8,0.57,0.71,0.64,0.63,0.63,0.64,0.61,0.53,CB,DEF,5
Odel Offiah,CB,England,0.63,0.62,0.33,0.5,0.59,0.64,0.62,0.66,0.59,0.53,0.58,0.58,0.59,0.67,0.51,0.78,0.67,0.63,0.64,0.61,0.6,0.29,CB,DEF,5
Luke Offord,CB,England,0.63,0.65,0.28,0.48,0.54,0.61,0.71,0.66,0.64,0.65,0.57,0.53,0.59,0.73,0.72,0.81,0.62,0.6,0.6,0.64,0.6,0.33,CB,DEF,5
Shadrach Ogie,CB,Republic of Ireland,0.63,0.75,0.41,0.47,0.58,0.61,0.73,0.73,0.77,0.67,0.62,0.57,0.55,0.75,0.72,0.86,0.62,0.59,0.62,0.6,0.6,0.61,CB,DEF,2
Jubril Okedina,CB,Malawi,0.63,0.72,0.34,0.5,0.55,0.63,0.71,0.7,0.74,0.54,0.64,0.54,0.59,0.74,0.72,0.81,0.64,0.62,0.64,0.6,0.59,0.51,CB,DEF,5
Oliver Olsen,RB,Denmark,0.63,0.68,0.48,0.58,0.6,0.57,0.69,0.66,0.7,0.56,0.52,0.64,0.53,0.72,0.64,0.71,0.61,0.63,0.54,0.53,0.58,0.53,RB,DEF,1
Halvor Rødølen Opsahl,CB,Norway,0.63,0.56,0.25,0.43,0.47,0.63,0.67,0.54,0.57,0.47,0.64,0.54,0.59,0.75,0.55,0.69,0.64,0.62,0.63,0.62,0.6,0.35,CB,DEF,5
Alexandru Oroian,LB,Romania,0.63,0.82,0.59,0.58,0.66,0.56,0.61,0.81,0.83,0.83,0.87,0.63,0.59,0.6,0.67,0.66,0.57,0.55,0.57,0.57,0.45,0.65,LB,DEF,1
Eneko Ortiz,LB,Spain,0.63,0.73,0.26,0.53,0.57,0.58,0.63,0.77,0.7,0.68,0.64,0.6,0.6,0.59,0.68,0.69,0.66,0.63,0.51,0.55,0.56,0.25,LB,DEF,1
Bogdan Oteliță,RB,Romania,0.63,0.83,0.3,0.51,0.53,0.58,0.54,0.81,0.84,0.66,0.72,0.55,0.5,0.48,0.66,0.61,0.61,0.63,0.57,0.58,0.5,0.33,RB,DEF,1
Yasin Özcan,LB,Turkey,0.63,0.65,0.36,0.45,0.55,0.64,0.67,0.63,0.67,0.62,0.53,0.58,0.58,0.64,0.69,0.67,0.65,0.63,0.66,0.63,0.6,0.62,LB,DEF,5
Can Özkan,RB,Germany,0.63,0.73,0.42,0.56,0.61,0.59,0.75,0.77,0.69,0.7,0.7,0.61,0.57,0.79,0.74,0.8,0.6,0.59,0.59,0.57,0.55,0.63,RB,DEF,2
Abel Paredes,LB,Paraguay,0.63,0.59,0.25,0.47,0.53,0.61,0.69,0.62,0.57,0.59,0.64,0.58,0.59,0.77,0.71,0.61,0.66,0.63,0.63,0.6,0.4,0.21,LB,DEF,5
Cristian Paz,CB,Argentina,0.63,0.53,0.34,0.35,0.44,0.64,0.69,0.53,0.53,0.49,0.49,0.45,0.58,0.79,0.5,0.73,0.64,0.57,0.7,0.55,0.66,0.4,CB,DEF,5
Carlos Pérez,CB,Colombia,0.63,0.47,0.25,0.44,0.44,0.64,0.68,0.47,0.47,0.5,0.48,0.51,0.52,0.74,0.62,0.69,0.66,0.62,0.65,0.6,0.69,0.32,CB,DEF,5
Simeon Petrov,CB,France,0.63,0.53,0.26,0.4,0.56,0.63,0.63,0.53,0.53,0.56,0.32,0.61,0.63,0.71,0.56,0.69,0.65,0.63,0.64,0.6,0.64,0.36,CB,DEF,5
Matteo Piacentini,CB,Italy,0.63,0.62,0.4,0.4,0.44,0.64,0.7,0.59,0.64,0.59,0.68,0.48,0.62,0.72,0.65,0.68,0.7,0.64,0.62,0.61,0.57,0.51,CB,DEF,5
Maksymilian Pingot,CB,Poland,0.63,0.62,0.32,0.44,0.47,0.62,0.71,0.66,0.59,0.44,0.61,0.57,0.57,0.77,0.66,0.73,0.63,0.6,0.63,0.61,0.58,0.44,CB,DEF,5
Matthew Platt,CB,England,0.63,0.57,0.28,0.44,0.53,0.61,0.76,0.55,0.59,0.53,0.61,0.52,0.58,0.82,0.71,0.75,0.61,0.6,0.6,0.61,0.62,0.37,CB,DEF,5
Alexandar Popović,CB,Australia,0.63,0.67,0.32,0.48,0.53,0.6,0.75,0.64,0.7,0.71,0.6,0.51,0.61,0.79,0.67,0.73,0.62,0.61,0.59,0.61,0.57,0.43,CB,DEF,5
Wouter Prins,LB,Holland,0.63,0.75,0.29,0.51,0.59,0.6,0.54,0.77,0.73,0.65,0.72,0.63,0.57,0.48,0.53,0.49,0.62,0.57,0.66,0.62,0.32,0.43,LB,DEF,1
Edgar Pujol,CB,Spain,0.63,0.59,0.24,0.47,0.55,0.63,0.61,0.56,0.61,0.53,0.72,0.61,0.62,0.62,0.57,0.65,0.66,0.64,0.6,0.62,0.62,0.32,CB,DEF,5
Joedrick Pupe,CB,Belgium,0.63,0.54,0.28,0.36,0.4,0.65,0.67,0.63,0.46,0.41,0.5,0.49,0.45,0.73,0.51,0.72,0.64,0.61,0.7,0.65,0.6,0.41,CB,DEF,5
Ben Purrington,CB,England,0.63,0.7,0.48,0.58,0.62,0.61,0.68,0.72,0.68,0.75,0.75,0.61,0.63,0.72,0.65,0.75,0.63,0.6,0.61,0.6,0.59,0.55,CB,DEF,2
Ethan Pye,CB,England,0.63,0.66,0.25,0.45,0.51,0.63,0.69,0.64,0.67,0.58,0.67,0.53,0.59,0.74,0.65,0.73,0.66,0.6,0.61,0.63,0.61,0.36,CB,DEF,5
Joshua Quarshie,CB,Germany,0.63,0.55,0.33,0.45,0.45,0.63,0.72,0.55,0.55,0.4,0.32,0.53,0.53,0.83,0.61,0.75,0.67,0.64,0.6,0.61,0.61,0.43,CB,DEF,5
Lucas Quintana,CB,Paraguay,0.63,0.71,0.35,0.42,0.43,0.64,0.68,0.7,0.71,0.53,0.63,0.48,0.63,0.71,0.67,0.75,0.7,0.61,0.58,0.64,0.64,0.42,CB,DEF,5
Toon Raemaekers,CB,Belgium,0.63,0.44,0.46,0.58,0.55,0.62,0.63,0.47,0.41,0.4,0.36,0.61,0.57,0.72,0.45,0.68,0.64,0.65,0.57,0.64,0.68,0.65,CB,DEF,5
Joe Redmond,CB,Republic of Ireland,0.63,0.54,0.33,0.45,0.52,0.62,0.71,0.55,0.54,0.52,0.66,0.54,0.59,0.78,0.67,0.73,0.64,0.62,0.61,0.62,0.63,0.44,CB,DEF,5
Nico Rieble,LB,Germany,0.63,0.71,0.42,0.54,0.59,0.59,0.71,0.7,0.72,0.66,0.63,0.57,0.6,0.74,0.67,0.83,0.61,0.59,0.58,0.57,0.62,0.6,LB,DEF,2
Juan Pablo Rioja,CB,Bolivia,0.63,0.49,0.31,0.53,0.45,0.62,0.73,0.41,0.55,0.52,0.44,0.57,0.63,0.83,0.65,0.69,0.63,0.61,0.64,0.58,0.6,0.38,CB,DEF,5
Matthis Riou,CB,France,0.63,0.51,0.32,0.54,0.57,0.63,0.69,0.46,0.55,0.44,0.56,0.6,0.59,0.74,0.67,0.63,0.65,0.59,0.66,0.63,0.55,0.38,CB,DEF,5
Óscar Rivas,CB,Spain,0.63,0.57,0.32,0.43,0.42,0.63,0.67,0.54,0.6,0.5,0.47,0.55,0.6,0.72,0.62,0.69,0.66,0.65,0.59,0.62,0.62,0.48,CB,DEF,5
Benjamín Rojas,RB,Chile,0.63,0.7,0.38,0.54,0.53,0.59,0.61,0.72,0.68,0.64,0.65,0.57,0.51,0.61,0.68,0.65,0.66,0.63,0.57,0.54,0.52,0.39,RB,DEF,1
Fernando Román,CB,Paraguay,0.63,0.56,0.37,0.42,0.43,0.63,0.68,0.58,0.55,0.47,0.61,0.55,0.6,0.73,0.63,0.7,0.65,0.6,0.62,0.65,0.61,0.49,CB,DEF,5
Henry Rorig,RB,Germany,0.63,0.78,0.47,0.63,0.62,0.53,0.62,0.78,0.78,0.66,0.69,0.63,0.55,0.62,0.68,0.68,0.58,0.58,0.49,0.5,0.5,0.37,RB,DEF,1
Colin Rösler,CB,Norway,0.63,0.65,0.3,0.44,0.53,0.62,0.7,0.67,0.63,0.65,0.7,0.57,0.6,0.72,0.69,0.71,0.63,0.61,0.62,0.62,0.59,0.48,CB,DEF,5
Juan Saborido,RB,Argentina,0.63,0.65,0.31,0.5,0.58,0.59,0.63,0.66,0.65,0.6,0.67,0.6,0.55,0.6,0.8,0.61,0.63,0.62,0.55,0.6,0.51,0.33,RB,DEF,1
Rijad Sadiku,CB,Bosnia and Herzegovina,0.63,0.58,0.32,0.47,0.51,0.61,0.69,0.62,0.55,0.59,0.53,0.56,0.55,0.79,0.54,0.76,0.63,0.61,0.61,0.58,0.63,0.45,CB,DEF,5
Ryan Sailor,CB,United States,0.63,0.63,0.24,0.34,0.39,0.64,0.69,0.62,0.63,0.41,0.43,0.39,0.55,0.78,0.62,0.76,0.65,0.63,0.61,0.66,0.66,0.38,CB,DEF,5
Diego Sánchez,CB,Spain,0.63,0.72,0.37,0.57,0.61,0.63,0.65,0.74,0.7,0.64,0.73,0.61,0.62,0.65,0.72,0.73,0.65,0.61,0.62,0.65,0.6,0.4,CB,DEF,1
Tom Sang,RB,England,0.63,0.6,0.48,0.58,0.61,0.61,0.65,0.61,0.6,0.62,0.55,0.63,0.6,0.64,0.64,0.65,0.63,0.6,0.61,0.59,0.59,0.61,RB,DEF,1
Tim Sechelmann,CB,Germany,0.63,0.59,0.33,0.5,0.54,0.61,0.75,0.62,0.56,0.56,0.57,0.56,0.58,0.84,0.66,0.75,0.65,0.61,0.58,0.61,0.56,0.33,CB,DEF,5
Steve Seddon,LB,England,0.63,0.7,0.48,0.59,0.62,0.57,0.66,0.71,0.7,0.75,0.66,0.6,0.6,0.56,0.77,0.62,0.57,0.57,0.57,0.58,0.52,0.54,LB,DEF,1
Lion Semić,RB,Germany,0.63,0.83,0.38,0.5,0.63,0.56,0.64,0.87,0.79,0.76,0.85,0.61,0.54,0.65,0.6,0.65,0.61,0.63,0.53,0.57,0.39,0.43,RB,DEF,1
Marvin Senger,CB,Germany,0.63,0.71,0.29,0.43,0.45,0.62,0.73,0.66,0.75,0.46,0.52,0.51,0.57,0.84,0.63,0.71,0.65,0.63,0.59,0.59,0.64,0.42,CB,DEF,5
Alin Șeroni,CB,Romania,0.63,0.31,0.35,0.43,0.35,0.62,0.69,0.33,0.3,0.31,0.32,0.36,0.57,0.82,0.34,0.68,0.6,0.6,0.64,0.6,0.64,0.35,CB,DEF,5
Yeljan Shinar,RB,China PR,0.63,0.76,0.39,0.5,0.57,0.61,0.67,0.77,0.75,0.77,0.63,0.53,0.47,0.69,0.72,0.62,0.66,0.63,0.63,0.62,0.4,0.37,RB,DEF,1
Jan-Carlo Simić,CB,Serbia,0.63,0.68,0.28,0.42,0.43,0.64,0.58,0.64,0.71,0.53,0.59,0.56,0.64,0.62,0.52,0.64,0.69,0.6,0.62,0.67,0.56,0.28,CB,DEF,5
Vetle Skjærvik,CB,Norway,0.63,0.71,0.26,0.46,0.53,0.62,0.66,0.7,0.71,0.69,0.58,0.57,0.59,0.71,0.61,0.72,0.62,0.6,0.63,0.61,0.59,0.39,CB,DEF,5
Dennis Slamar,CB,Germany,0.63,0.72,0.4,0.54,0.55,0.61,0.7,0.69,0.74,0.55,0.56,0.56,0.6,0.79,0.56,0.75,0.63,0.6,0.62,0.59,0.59,0.57,CB,DEF,5
Kane Smith,RB,England,0.63,0.77,0.48,0.53,0.62,0.56,0.63,0.78,0.77,0.8,0.73,0.58,0.59,0.6,0.72,0.68,0.57,0.56,0.57,0.57,0.51,0.6,RB,DEF,1
Amadeus Sögaard,CB,Sweden,0.63,0.59,0.34,0.53,0.57,0.63,0.69,0.55,0.62,0.46,0.59,0.6,0.59,0.73,0.66,0.7,0.62,0.62,0.64,0.62,0.62,0.37,CB,DEF,5
Macauley Southam-Hales,RB,Wales,0.63,0.88,0.45,0.57,0.64,0.56,0.55,0.9,0.87,0.77,0.83,0.6,0.56,0.57,0.62,0.67,0.59,0.55,0.57,0.56,0.46,0.53,RB,DEF,1
Fin Stevens,RB,Wales,0.63,0.62,0.44,0.6,0.63,0.59,0.64,0.63,0.61,0.65,0.73,0.62,0.62,0.62,0.66,0.58,0.58,0.6,0.63,0.62,0.47,0.5,RB,DEF,1
Sam Sutton,LB,New Zealand,0.63,0.77,0.57,0.62,0.66,0.55,0.66,0.76,0.77,0.8,0.8,0.63,0.58,0.65,0.71,0.68,0.55,0.54,0.53,0.59,0.5,0.65,LB,DEF,1
Jayden Sweeney,LB,England,0.63,0.73,0.38,0.56,0.63,0.59,0.6,0.74,0.72,0.76,0.8,0.6,0.62,0.63,0.61,0.67,0.61,0.58,0.58,0.59,0.52,0.38,LB,DEF,1
Kryspin Szcześniak,CB,Poland,0.63,0.72,0.27,0.45,0.43,0.64,0.7,0.71,0.73,0.75,0.64,0.45,0.6,0.7,0.72,0.68,0.68,0.64,0.62,0.64,0.54,0.42,CB,DEF,5
Serafin Szota,CB,Poland,0.63,0.77,0.27,0.45,0.48,0.62,0.76,0.78,0.77,0.73,0.67,0.55,0.57,0.78,0.82,0.8,0.63,0.62,0.63,0.63,0.55,0.4,CB,DEF,2
Enrique Taborga,LB,Bolivia,0.63,0.71,0.45,0.56,0.6,0.58,0.63,0.7,0.72,0.61,0.67,0.63,0.57,0.6,0.73,0.68,0.63,0.59,0.56,0.53,0.6,0.46,LB,DEF,1
Gregorio Tanco,CB,Argentina,0.63,0.59,0.34,0.44,0.51,0.64,0.66,0.62,0.56,0.63,0.65,0.54,0.59,0.68,0.63,0.66,0.69,0.66,0.63,0.6,0.58,0.47,CB,DEF,5
Richard Taylor,CB,England,0.63,0.61,0.31,0.41,0.53,0.62,0.67,0.59,0.63,0.55,0.54,0.55,0.61,0.72,0.54,0.7,0.65,0.61,0.63,0.59,0.61,0.52,CB,DEF,5
Franklin Tebo Uchenna,CB,Nigeria,0.63,0.75,0.34,0.42,0.44,0.6,0.78,0.71,0.78,0.59,0.49,0.48,0.58,0.89,0.73,0.85,0.62,0.58,0.6,0.57,0.65,0.58,CB,DEF,5
Doug Tharme,CB,England,0.63,0.57,0.22,0.39,0.43,0.63,0.74,0.54,0.59,0.47,0.43,0.44,0.61,0.81,0.64,0.73,0.64,0.62,0.63,0.62,0.61,0.35,CB,DEF,5
Tommy Thompson,RB,United States,0.63,0.66,0.51,0.58,0.69,0.59,0.59,0.69,0.64,0.77,0.75,0.68,0.62,0.5,0.73,0.56,0.62,0.53,0.58,0.61,0.52,0.5,RB,DEF,1
Dominic Thompson,LB,England,0.63,0.74,0.39,0.54,0.58,0.57,0.66,0.74,0.74,0.65,0.61,0.58,0.57,0.66,0.75,0.67,0.59,0.59,0.55,0.58,0.5,0.46,LB,DEF,1
Curtis Tilt,CB,Jamaica,0.63,0.54,0.33,0.4,0.51,0.63,0.73,0.53,0.54,0.5,0.65,0.47,0.61,0.8,0.66,0.72,0.62,0.62,0.63,0.63,0.62,0.58,CB,DEF,5
Joona Toivio,CB,Finland,0.63,0.47,0.52,0.54,0.51,0.61,0.71,0.44,0.5,0.53,0.43,0.56,0.57,0.78,0.62,0.69,0.64,0.57,0.6,0.6,0.63,0.77,CB,DEF,5
Joe Tomlinson,LB,England,0.63,0.76,0.5,0.57,0.64,0.56,0.57,0.78,0.75,0.9,0.9,0.58,0.57,0.46,0.83,0.55,0.58,0.56,0.56,0.57,0.46,0.64,LB,DEF,1
Mariano Troilo,CB,Argentina,0.63,0.46,0.29,0.43,0.46,0.62,0.73,0.4,0.51,0.36,0.44,0.51,0.59,0.84,0.58,0.72,0.63,0.55,0.62,0.61,0.68,0.41,CB,DEF,5
Jordan Turnbull,CB,England,0.63,0.5,0.27,0.43,0.47,0.62,0.78,0.51,0.5,0.57,0.59,0.45,0.6,0.82,0.74,0.81,0.62,0.6,0.61,0.63,0.61,0.38,CB,DEF,5
Ema Twumasi,RB,Ghana,0.63,0.75,0.53,0.55,0.65,0.58,0.64,0.72,0.77,0.71,0.64,0.63,0.6,0.68,0.65,0.67,0.62,0.58,0.56,0.59,0.5,0.66,RB,DEF,1
Eric Uhlmann,CB,Germany,0.63,0.71,0.47,0.56,0.61,0.62,0.66,0.71,0.71,0.64,0.77,0.61,0.58,0.67,0.61,0.73,0.64,0.68,0.58,0.6,0.61,0.63,CB,DEF,2
Jošt Urbančič,LB,Slovenia,0.63,0.71,0.33,0.52,0.58,0.58,0.68,0.72,0.7,0.64,0.73,0.56,0.6,0.65,0.77,0.7,0.61,0.6,0.57,0.55,0.57,0.22,LB,DEF,1
Lenny Vallier,LB,France,0.63,0.74,0.56,0.59,0.64,0.57,0.65,0.75,0.73,0.75,0.68,0.62,0.5,0.64,0.73,0.67,0.62,0.59,0.56,0.54,0.53,0.59,LB,DEF,1
Roshon van Eijma,CB,Curaçao,0.63,0.74,0.3,0.36,0.39,0.63,0.65,0.75,0.73,0.4,0.67,0.44,0.63,0.68,0.58,0.76,0.65,0.62,0.6,0.61,0.67,0.45,CB,DEF,5
Liam van Gelderen,RB,Suriname,0.63,0.7,0.46,0.53,0.59,0.62,0.61,0.72,0.68,0.56,0.66,0.57,0.64,0.66,0.51,0.73,0.65,0.63,0.6,0.61,0.62,0.5,RB,DEF,1
Juan Vera,CB,Argentina,0.63,0.62,0.42,0.51,0.53,0.62,0.69,0.61,0.62,0.6,0.72,0.51,0.53,0.72,0.6,0.73,0.63,0.6,0.6,0.63,0.66,0.52,CB,DEF,5
Diego Vera,LB,Paraguay,0.63,0.64,0.27,0.6,0.62,0.61,0.57,0.69,0.6,0.56,0.67,0.64,0.62,0.56,0.55,0.51,0.63,0.61,0.63,0.64,0.38,0.45,LB,DEF,1
Jozhua Vertrouwd,LB,Holland,0.63,0.73,0.53,0.57,0.61,0.59,0.66,0.74,0.72,0.66,0.65,0.6,0.61,0.69,0.6,0.72,0.6,0.62,0.57,0.6,0.57,0.63,LB,DEF,1
Iván Vidaurre,LB,Bolivia,0.63,0.59,0.36,0.58,0.51,0.64,0.66,0.56,0.62,0.52,0.57,0.53,0.58,0.73,0.65,0.61,0.67,0.63,0.65,0.65,0.48,0.43,LB,DEF,5
Eric Voufack,RB,Germany,0.63,0.74,0.47,0.55,0.61,0.56,0.62,0.73,0.75,0.67,0.69,0.62,0.55,0.64,0.63,0.58,0.65,0.59,0.5,0.57,0.4,0.46,RB,DEF,1
Ivan Vujica,LB,Australia,0.63,0.62,0.4,0.53,0.58,0.61,0.73,0.62,0.62,0.66,0.71,0.57,0.58,0.74,0.8,0.69,0.62,0.58,0.62,0.6,0.55,0.52,LB,DEF,1
Silvan Wallner,CB,Switzerland,0.63,0.7,0.38,0.53,0.52,0.63,0.65,0.7,0.7,0.59,0.61,0.55,0.59,0.68,0.69,0.71,0.67,0.67,0.58,0.62,0.63,0.43,CB,DEF,5
Wang Tong,RB,China PR,0.63,0.78,0.49,0.58,0.6,0.58,0.66,0.79,0.77,0.77,0.74,0.56,0.57,0.66,0.68,0.71,0.58,0.56,0.61,0.59,0.53,0.54,RB,DEF,1
Martin Wasinski,CB,Belgium,0.63,0.64,0.27,0.46,0.58,0.63,0.62,0.6,0.68,0.61,0.64,0.59,0.61,0.62,0.59,0.66,0.67,0.64,0.6,0.61,0.62,0.4,CB,DEF,5
Max Watson,CB,Sweden,0.63,0.64,0.26,0.43,0.54,0.63,0.66,0.61,0.66,0.51,0.53,0.56,0.61,0.71,0.57,0.71,0.64,0.61,0.64,0.63,0.6,0.35,CB,DEF,5
Victor Wernersson,LB,Sweden,0.63,0.69,0.44,0.57,0.63,0.58,0.63,0.69,0.69,0.69,0.69,0.63,0.56,0.62,0.74,0.6,0.59,0.58,0.59,0.58,0.47,0.52,LB,DEF,1
Marco Weymans,LB,Burundi,0.63,0.77,0.46,0.56,0.61,0.58,0.69,0.75,0.79,0.76,0.77,0.59,0.58,0.7,0.7,0.72,0.61,0.6,0.57,0.55,0.55,0.59,LB,DEF,1
Dennis Widgren,LB,Sweden,0.63,0.66,0.48,0.59,0.6,0.6,0.66,0.67,0.66,0.67,0.74,0.6,0.6,0.67,0.72,0.67,0.59,0.59,0.61,0.61,0.58,0.62,LB,DEF,1
Jannes Wieckhoff,RB,Germany,0.63,0.77,0.44,0.55,0.61,0.56,0.62,0.73,0.8,0.67,0.68,0.63,0.6,0.62,0.72,0.62,0.59,0.52,0.54,0.6,0.45,0.55,RB,DEF,1
Rasmus Wikström,CB,Sweden,0.63,0.63,0.3,0.49,0.57,0.62,0.62,0.66,0.6,0.57,0.6,0.58,0.63,0.65,0.54,0.69,0.64,0.62,0.61,0.62,0.63,0.34,CB,DEF,5
George Williams,RB,England,0.63,0.69,0.39,0.55,0.59,0.6,0.73,0.7,0.68,0.65,0.77,0.57,0.6,0.75,0.72,0.84,0.6,0.59,0.6,0.58,0.61,0.45,RB,DEF,2
Jordan Willis,CB,England,0.63,0.71,0.29,0.51,0.63,0.61,0.71,0.7,0.71,0.73,0.71,0.63,0.62,0.77,0.64,0.77,0.62,0.58,0.64,0.58,0.62,0.51,CB,DEF,2
Will Wright,CB,England,0.63,0.69,0.52,0.6,0.57,0.61,0.75,0.65,0.72,0.5,0.56,0.6,0.62,0.75,0.79,0.71,0.6,0.58,0.61,0.63,0.58,0.62,CB,DEF,2
Wu Xinghan,RB,China PR,0.63,0.78,0.57,0.6,0.65,0.54,0.67,0.78,0.78,0.8,0.66,0.64,0.61,0.67,0.71,0.77,0.56,0.51,0.49,0.53,0.64,0.57,RB,DEF,1
Yang Zexiang,RB,China PR,0.63,0.75,0.54,0.56,0.58,0.59,0.73,0.74,0.76,0.59,0.66,0.55,0.55,0.73,0.74,0.77,0.61,0.56,0.56,0.59,0.6,0.57,RB,DEF,1
Lamar Yarbrough,CB,Germany,0.63,0.62,0.38,0.43,0.5,0.6,0.77,0.6,0.64,0.42,0.44,0.53,0.56,0.86,0.68,0.78,0.61,0.61,0.59,0.59,0.62,0.6,CB,DEF,5
Anıl Yaşar,CB,Turkey,0.63,0.6,0.22,0.47,0.39,0.62,0.68,0.58,0.61,0.44,0.46,0.58,0.54,0.66,0.68,0.67,0.64,0.61,0.61,0.59,0.64,0.34,CB,DEF,5
Mert Yılmaz,RB,Turkey,0.63,0.83,0.46,0.52,0.66,0.56,0.62,0.82,0.84,0.86,0.82,0.6,0.6,0.56,0.69,0.68,0.58,0.59,0.56,0.54,0.52,0.52,RB,DEF,1
Recep Burak Yılmaz,CB,Turkey,0.63,0.62,0.3,0.42,0.46,0.63,0.65,0.6,0.64,0.5,0.56,0.45,0.63,0.65,0.59,0.65,0.66,0.64,0.65,0.59,0.59,0.45,CB,DEF,5
Míchel Zabaco,CB,Spain,0.63,0.36,0.39,0.5,0.44,0.62,0.68,0.34,0.37,0.34,0.34,0.53,0.62,0.71,0.58,0.62,0.6,0.61,0.63,0.62,0.62,0.59,CB,DEF,5
Zhao Honglue,LB,China PR,0.63,0.66,0.35,0.55,0.61,0.6,0.62,0.63,0.69,0.64,0.72,0.58,0.6,0.61,0.63,0.64,0.6,0.59,0.58,0.63,0.58,0.44,LB,DEF,1
Zheng Kaimu,CB,China PR,0.63,0.65,0.51,0.52,0.54,0.6,0.77,0.62,0.67,0.61,0.52,0.58,0.62,0.8,0.8,0.76,0.6,0.6,0.57,0.61,0.64,0.49,CB,DEF,5
Kelvin Abrefa,RB,Ghana,0.62,0.76,0.33,0.48,0.59,0.58,0.61,0.75,0.76,0.64,0.75,0.55,0.59,0.57,0.66,0.64,0.62,0.63,0.54,0.56,0.52,0.39,RB,DEF,1
Akinsola Akinyemi,CB,Norway,0.62,0.64,0.46,0.5,0.55,0.59,0.71,0.65,0.63,0.59,0.56,0.62,0.6,0.81,0.55,0.75,0.6,0.56,0.6,0.58,0.58,0.56,CB,DEF,5
Abdullah Al Fahad,CB,Saudi Arabia,0.62,0.73,0.46,0.51,0.55,0.61,0.71,0.76,0.7,0.72,0.77,0.57,0.61,0.71,0.77,0.87,0.6,0.58,0.6,0.65,0.61,0.53,CB,DEF,2
Saeed Al Hamsal,RB,Saudi Arabia,0.62,0.83,0.36,0.48,0.54,0.55,0.67,0.85,0.82,0.83,0.82,0.52,0.56,0.58,0.73,0.61,0.57,0.59,0.55,0.57,0.41,0.44,RB,DEF,1
Bassam Al Hurayji,RB,Saudi Arabia,0.62,0.67,0.37,0.57,0.6,0.58,0.66,0.65,0.68,0.78,0.69,0.57,0.57,0.71,0.71,0.68,0.66,0.61,0.55,0.58,0.44,0.46,RB,DEF,1
Hamad Al Jayzani,RB,Saudi Arabia,0.62,0.75,0.4,0.52,0.54,0.53,0.69,0.77,0.74,0.73,0.73,0.49,0.53,0.62,0.85,0.65,0.57,0.58,0.51,0.53,0.46,0.51,RB,DEF,1
Fahad Al Jumayah,RB,Saudi Arabia,0.62,0.74,0.54,0.59,0.62,0.54,0.56,0.74,0.74,0.7,0.71,0.64,0.56,0.51,0.74,0.59,0.54,0.52,0.54,0.56,0.5,0.6,RB,DEF,1
Abdulelah Al Khaibari,LB,Saudi Arabia,0.62,0.73,0.42,0.56,0.55,0.58,0.55,0.74,0.72,0.58,0.54,0.58,0.58,0.53,0.59,0.53,0.58,0.58,0.6,0.6,0.43,0.48,LB,DEF,1
Hamad Al Mansour,LB,Saudi Arabia,0.62,0.69,0.56,0.6,0.61,0.58,0.67,0.69,0.69,0.62,0.65,0.62,0.59,0.71,0.59,0.68,0.6,0.58,0.58,0.58,0.54,0.71,LB,DEF,1
Saad Al Mousa,CB,Saudi Arabia,0.62,0.63,0.25,0.51,0.54,0.61,0.69,0.62,0.63,0.55,0.65,0.55,0.57,0.78,0.65,0.72,0.64,0.65,0.58,0.61,0.55,0.34,CB,DEF,5
Ziyad Al Sahafi,CB,Saudi Arabia,0.62,0.44,0.56,0.52,0.51,0.59,0.72,0.43,0.44,0.55,0.54,0.57,0.56,0.79,0.63,0.68,0.63,0.6,0.55,0.58,0.62,0.68,CB,DEF,5
Hussain Al Shuwaysh,CB,Saudi Arabia,0.62,0.33,0.24,0.45,0.51,0.6,0.78,0.32,0.33,0.58,0.47,0.53,0.57,0.83,0.78,0.76,0.62,0.59,0.59,0.57,0.62,0.34,CB,DEF,5
Yazan Al-Arab,CB,Jordan,0.62,0.58,0.29,0.37,0.42,0.62,0.71,0.56,0.59,0.49,0.62,0.45,0.54,0.78,0.58,0.73,0.62,0.63,0.6,0.62,0.62,0.34,CB,DEF,5
Hussein Ali,RB,Iraq,0.62,0.73,0.34,0.49,0.59,0.58,0.61,0.75,0.71,0.73,0.64,0.61,0.55,0.57,0.69,0.56,0.59,0.6,0.62,0.58,0.43,0.49,RB,DEF,1
Wildo Alonso,LB,Paraguay,0.62,0.59,0.37,0.53,0.51,0.59,0.59,0.6,0.59,0.61,0.63,0.6,0.66,0.61,0.66,0.66,0.61,0.55,0.55,0.62,0.63,0.45,LB,DEF,1
Vitor Meer,LB,Brazil,0.62,0.72,0.33,0.59,0.64,0.54,0.58,0.74,0.71,0.69,0.71,0.62,0.6,0.54,0.65,0.57,0.56,0.57,0.49,0.61,0.47,0.46,LB,DEF,1
Jacob Andersen,RB,Denmark,0.62,0.78,0.34,0.54,0.54,0.58,0.64,0.77,0.78,0.59,0.59,0.53,0.58,0.66,0.6,0.73,0.59,0.58,0.57,0.59,0.57,0.37,RB,DEF,1
Tom Anderson,CB,England,0.62,0.34,0.33,0.41,0.38,0.61,0.76,0.34,0.34,0.31,0.33,0.42,0.6,0.84,0.66,0.68,0.61,0.59,0.61,0.6,0.63,0.43,CB,DEF,5
Prince Aning,LB,Holland,0.62,0.83,0.37,0.54,0.7,0.51,0.53,0.84,0.82,0.85,0.9,0.66,0.57,0.39,0.71,0.46,0.51,0.55,0.54,0.56,0.32,0.44,LB,DEF,1
Tobias Anker,CB,Denmark,0.62,0.71,0.35,0.5,0.56,0.6,0.73,0.71,0.71,0.65,0.71,0.58,0.57,0.8,0.7,0.8,0.61,0.59,0.58,0.6,0.61,0.5,CB,DEF,1
Ylies Aradj,LB,France,0.62,0.62,0.33,0.55,0.59,0.58,0.57,0.65,0.6,0.52,0.73,0.59,0.6,0.54,0.61,0.56,0.62,0.62,0.54,0.58,0.53,0.26,LB,DEF,1
Guilherme Soares,CB,Portugal,0.62,0.53,0.29,0.42,0.44,0.63,0.62,0.55,0.52,0.49,0.54,0.44,0.58,0.72,0.42,0.64,0.68,0.65,0.62,0.61,0.53,0.42,CB,DEF,5
Juan Arias,CB,Colombia,0.62,0.57,0.26,0.4,0.43,0.62,0.64,0.6,0.54,0.45,0.58,0.51,0.62,0.68,0.56,0.68,0.64,0.6,0.58,0.64,0.62,0.39,CB,DEF,5
Fynn Arkenberg,RB,Germany,0.62,0.58,0.35,0.5,0.53,0.63,0.67,0.55,0.61,0.61,0.58,0.51,0.59,0.72,0.62,0.69,0.64,0.62,0.63,0.63,0.6,0.46,RB,DEF,5
Philip Aukland,CB,Norway,0.62,0.56,0.26,0.43,0.55,0.63,0.63,0.55,0.57,0.48,0.72,0.54,0.62,0.71,0.6,0.67,0.66,0.63,0.63,0.59,0.59,0.33,CB,DEF,5
Sanoussy Ba,RB,Germany,0.62,0.74,0.34,0.55,0.65,0.56,0.55,0.75,0.74,0.68,0.66,0.64,0.54,0.52,0.56,0.52,0.6,0.6,0.57,0.57,0.39,0.39,RB,DEF,1
Fin Back,RB,England,0.62,0.67,0.34,0.54,0.59,0.58,0.63,0.64,0.7,0.67,0.6,0.6,0.58,0.61,0.7,0.61,0.59,0.59,0.58,0.56,0.53,0.46,RB,DEF,1
Matías Barboza,CB,Spain,0.62,0.67,0.47,0.49,0.55,0.61,0.7,0.63,0.71,0.61,0.54,0.56,0.59,0.75,0.65,0.73,0.64,0.62,0.6,0.58,0.6,0.7,CB,DEF,5
Zorhan Bassong,LB,Canada,0.62,0.74,0.35,0.53,0.62,0.58,0.62,0.78,0.71,0.7,0.71,0.6,0.5,0.63,0.62,0.72,0.59,0.59,0.57,0.6,0.57,0.43,LB,DEF,1
Benedikt Bauer,LB,Germany,0.62,0.73,0.29,0.51,0.6,0.56,0.59,0.75,0.72,0.75,0.71,0.6,0.59,0.59,0.68,0.57,0.6,0.58,0.55,0.57,0.43,0.26,LB,DEF,1
Tom Beadling,CB,England,0.62,0.56,0.53,0.55,0.58,0.59,0.76,0.52,0.6,0.6,0.58,0.58,0.6,0.8,0.74,0.7,0.6,0.58,0.58,0.59,0.58,0.57,CB,DEF,5
Owen Bevan,CB,Wales,0.62,0.6,0.33,0.43,0.47,0.62,0.63,0.64,0.57,0.41,0.57,0.56,0.59,0.71,0.48,0.7,0.63,0.62,0.63,0.61,0.59,0.49,CB,DEF,5
William Bianda,CB,France,0.62,0.51,0.28,0.42,0.49,0.6,0.69,0.49,0.53,0.39,0.56,0.53,0.55,0.77,0.52,0.7,0.61,0.59,0.61,0.58,0.62,0.36,CB,DEF,5
Tim Björkström,CB,Sweden,0.62,0.57,0.38,0.55,0.56,0.61,0.69,0.52,0.61,0.62,0.64,0.56,0.64,0.72,0.68,0.65,0.61,0.6,0.62,0.6,0.57,0.52,CB,DEF,5
Axel Björnström,LB,Sweden,0.62,0.73,0.45,0.56,0.6,0.55,0.66,0.73,0.73,0.71,0.72,0.59,0.57,0.61,0.87,0.66,0.56,0.54,0.56,0.55,0.54,0.45,LB,DEF,1
Shane Blaney,CB,Republic of Ireland,0.62,0.5,0.42,0.51,0.43,0.61,0.72,0.46,0.53,0.47,0.34,0.48,0.59,0.77,0.7,0.68,0.62,0.6,0.61,0.6,0.6,0.62,CB,DEF,5
Luca Bolay,LB,Germany,0.62,0.71,0.38,0.58,0.6,0.55,0.53,0.72,0.7,0.74,0.79,0.59,0.54,0.47,0.66,0.47,0.58,0.57,0.56,0.57,0.39,0.36,LB,DEF,1
Subhasish Bose,CB,India,0.62,0.68,0.28,0.48,0.54,0.59,0.79,0.68,0.68,0.55,0.45,0.54,0.48,0.76,0.82,0.79,0.64,0.64,0.56,0.57,0.53,0.4,CB,DEF,5
Mehdi Boukamir,CB,Morocco,0.62,0.62,0.25,0.39,0.51,0.63,0.62,0.56,0.66,0.57,0.63,0.57,0.53,0.7,0.5,0.65,0.64,0.63,0.63,0.63,0.58,0.35,CB,DEF,5
Elyas Bouzaiene,RB,Sweden,0.62,0.74,0.39,0.58,0.61,0.56,0.6,0.73,0.75,0.71,0.7,0.59,0.55,0.58,0.71,0.6,0.58,0.59,0.55,0.57,0.47,0.4,RB,DEF,1
Harry Boyes,LB,England,0.62,0.71,0.44,0.55,0.62,0.57,0.54,0.65,0.75,0.63,0.63,0.62,0.56,0.49,0.68,0.44,0.62,0.58,0.58,0.55,0.38,0.48,LB,DEF,1
Antonee Burke-Gilroy,LB,Australia,0.62,0.79,0.5,0.57,0.63,0.54,0.61,0.77,0.8,0.79,0.81,0.6,0.6,0.53,0.73,0.54,0.56,0.57,0.54,0.54,0.41,0.59,LB,DEF,1
Ronald Bustos,RB,Bolivia,0.62,0.74,0.53,0.55,0.58,0.56,0.66,0.72,0.75,0.65,0.52,0.6,0.5,0.67,0.74,0.71,0.58,0.55,0.52,0.58,0.59,0.62,RB,DEF,1
Neill Byrne,CB,Republic of Ireland,0.62,0.45,0.26,0.38,0.45,0.61,0.73,0.48,0.43,0.41,0.41,0.47,0.59,0.76,0.7,0.69,0.61,0.6,0.63,0.59,0.62,0.35,CB,DEF,5
Abraham Cabrera,CB,Bolivia,0.62,0.53,0.3,0.46,0.56,0.63,0.64,0.55,0.52,0.51,0.66,0.6,0.55,0.72,0.55,0.7,0.62,0.66,0.65,0.57,0.65,0.28,CB,DEF,5
André Calisir,CB,Armenia,0.62,0.45,0.34,0.54,0.58,0.62,0.68,0.41,0.49,0.65,0.63,0.58,0.55,0.72,0.63,0.62,0.62,0.61,0.65,0.61,0.59,0.46,CB,DEF,5
Christian Camarillo,CB,Venezuela,0.62,0.65,0.26,0.36,0.39,0.62,0.67,0.64,0.66,0.43,0.53,0.43,0.62,0.74,0.57,0.75,0.64,0.6,0.62,0.58,0.67,0.4,CB,DEF,5
Kyle Cameron,CB,Scotland,0.62,0.54,0.38,0.46,0.55,0.6,0.73,0.55,0.53,0.59,0.56,0.5,0.59,0.74,0.75,0.68,0.62,0.61,0.6,0.59,0.59,0.56,CB,DEF,5
Tim Campulka,CB,Germany,0.62,0.52,0.31,0.48,0.45,0.64,0.64,0.51,0.52,0.63,0.6,0.5,0.6,0.67,0.63,0.65,0.64,0.62,0.63,0.64,0.65,0.48,CB,DEF,5
Phillip Cancar,CB,Australia,0.62,0.66,0.32,0.48,0.5,0.59,0.78,0.64,0.68,0.61,0.58,0.48,0.59,0.82,0.78,0.76,0.6,0.6,0.59,0.57,0.59,0.46,CB,DEF,5
Ezequiel Cannavó,RB,Argentina,0.62,0.67,0.52,0.61,0.63,0.55,0.62,0.68,0.66,0.66,0.7,0.61,0.58,0.62,0.77,0.55,0.58,0.54,0.55,0.57,0.43,0.58,RB,DEF,1
Tobias Carlsson,CB,Sweden,0.62,0.51,0.26,0.44,0.44,0.63,0.69,0.5,0.52,0.52,0.49,0.52,0.58,0.75,0.62,0.69,0.63,0.56,0.64,0.63,0.62,0.38,CB,DEF,5
Cho Hyun Taek,LB,Korea Republic,0.62,0.72,0.39,0.52,0.61,0.57,0.61,0.7,0.74,0.66,0.71,0.58,0.58,0.59,0.71,0.52,0.62,0.59,0.58,0.56,0.38,0.54,LB,DEF,1
Yunus Emre Çift,CB,Turkey,0.62,0.61,0.31,0.36,0.42,0.63,0.66,0.58,0.63,0.45,0.56,0.43,0.63,0.68,0.64,0.68,0.62,0.64,0.64,0.64,0.64,0.48,CB,DEF,5
Baldovino Cimino,RB,Italy,0.62,0.78,0.46,0.54,0.6,0.59,0.59,0.79,0.78,0.63,0.7,0.59,0.59,0.6,0.54,0.69,0.62,0.59,0.59,0.58,0.54,0.59,RB,DEF,1
Max Clark,LB,England,0.62,0.71,0.46,0.57,0.59,0.57,0.69,0.7,0.71,0.7,0.68,0.57,0.58,0.68,0.72,0.68,0.58,0.57,0.56,0.58,0.55,0.48,LB,DEF,1
Mitch Clark,RB,Wales,0.62,0.72,0.44,0.54,0.6,0.56,0.67,0.71,0.73,0.78,0.81,0.57,0.59,0.59,0.81,0.63,0.57,0.55,0.55,0.58,0.53,0.52,RB,DEF,1
Gabriel Cléùr,RB,Australia,0.62,0.61,0.4,0.52,0.57,0.59,0.66,0.7,0.53,0.67,0.61,0.54,0.59,0.6,0.8,0.59,0.63,0.63,0.58,0.6,0.48,0.51,RB,DEF,1
Mark Connolly,CB,Republic of Ireland,0.62,0.39,0.36,0.49,0.43,0.61,0.71,0.39,0.39,0.52,0.52,0.52,0.57,0.74,0.68,0.64,0.61,0.61,0.61,0.59,0.62,0.61,CB,DEF,5
James Connolly,CB,Wales,0.62,0.57,0.28,0.47,0.51,0.61,0.7,0.6,0.55,0.51,0.64,0.56,0.56,0.75,0.66,0.72,0.62,0.61,0.6,0.6,0.62,0.42,CB,DEF,5
Dion Conroy,CB,England,0.62,0.55,0.28,0.49,0.57,0.61,0.72,0.57,0.54,0.6,0.52,0.57,0.59,0.79,0.72,0.82,0.62,0.59,0.6,0.62,0.62,0.48,CB,DEF,5
Tristan Crama,CB,France,0.62,0.59,0.31,0.46,0.53,0.62,0.65,0.63,0.55,0.52,0.48,0.56,0.6,0.68,0.61,0.69,0.64,0.61,0.61,0.6,0.61,0.36,CB,DEF,5
Cipriano,CB,Brazil,0.62,0.59,0.36,0.41,0.45,0.6,0.72,0.56,0.61,0.52,0.4,0.46,0.61,0.83,0.65,0.75,0.63,0.62,0.57,0.59,0.62,0.49,CB,DEF,5
Christian Dalle Mura,CB,Italy,0.62,0.55,0.3,0.45,0.42,0.65,0.61,0.62,0.5,0.41,0.69,0.45,0.58,0.63,0.62,0.69,0.68,0.66,0.62,0.64,0.68,0.42,CB,DEF,5
Archie Davies,RB,England,0.62,0.72,0.41,0.57,0.6,0.56,0.64,0.72,0.72,0.65,0.68,0.58,0.52,0.57,0.83,0.56,0.6,0.55,0.55,0.56,0.44,0.52,RB,DEF,1
Ronaldo De Jesús,CB,Paraguay,0.62,0.52,0.38,0.47,0.46,0.61,0.69,0.48,0.55,0.49,0.52,0.46,0.61,0.77,0.65,0.71,0.65,0.63,0.55,0.6,0.66,0.25,CB,DEF,5
Geovane Jesus,RB,Brazil,0.62,0.81,0.39,0.44,0.58,0.6,0.63,0.8,0.81,0.68,0.68,0.57,0.52,0.58,0.63,0.74,0.6,0.59,0.6,0.59,0.66,0.62,RB,DEF,1
Ryan Delaney,CB,Republic of Ireland,0.62,0.48,0.28,0.42,0.41,0.61,0.75,0.53,0.43,0.34,0.36,0.42,0.57,0.84,0.67,0.75,0.61,0.6,0.59,0.63,0.64,0.25,CB,DEF,5
Adam Devine,RB,Scotland,0.62,0.65,0.44,0.54,0.63,0.56,0.61,0.63,0.66,0.67,0.55,0.65,0.59,0.57,0.72,0.54,0.61,0.57,0.55,0.56,0.46,0.49,RB,DEF,1
Lautaro Di Lollo,CB,Argentina,0.62,0.61,0.3,0.37,0.36,0.63,0.7,0.57,0.64,0.42,0.47,0.35,0.49,0.78,0.64,0.75,0.69,0.66,0.57,0.59,0.67,0.38,CB,DEF,5
Fabio Di Michele Sanchez,LB,Germany,0.62,0.75,0.35,0.54,0.6,0.57,0.66,0.74,0.76,0.64,0.7,0.56,0.61,0.68,0.62,0.69,0.58,0.57,0.57,0.58,0.54,0.38,LB,DEF,1
Cheick Mamadou Diabaté,CB,Côte d'Ivoire,0.62,0.68,0.27,0.41,0.4,0.63,0.62,0.68,0.68,0.43,0.51,0.55,0.65,0.66,0.55,0.63,0.65,0.63,0.66,0.64,0.5,0.41,CB,DEF,5
Carlos Díaz,CB,Venezuela,0.62,0.55,0.25,0.46,0.43,0.62,0.62,0.55,0.55,0.49,0.71,0.6,0.6,0.61,0.66,0.65,0.65,0.6,0.6,0.6,0.65,0.36,CB,DEF,5
Daan Dierckx,CB,Belgium,0.62,0.53,0.31,0.47,0.5,0.62,0.62,0.39,0.65,0.52,0.46,0.57,0.57,0.68,0.52,0.61,0.63,0.58,0.63,0.59,0.64,0.45,CB,DEF,5
James Donachie,CB,Australia,0.62,0.47,0.32,0.48,0.43,0.61,0.74,0.44,0.5,0.46,0.38,0.51,0.53,0.85,0.68,0.72,0.63,0.6,0.59,0.61,0.64,0.38,CB,DEF,5
Marco Ehmann,CB,Romania,0.62,0.78,0.25,0.39,0.46,0.58,0.72,0.8,0.77,0.7,0.56,0.52,0.57,0.72,0.63,0.81,0.57,0.57,0.6,0.56,0.62,0.38,CB,DEF,5
Callan Elliot,RB,New Zealand,0.62,0.76,0.48,0.57,0.64,0.54,0.64,0.8,0.73,0.73,0.76,0.62,0.6,0.64,0.67,0.67,0.58,0.56,0.53,0.53,0.47,0.48,RB,DEF,1
Marius Elvius,RB,Denmark,0.62,0.79,0.54,0.55,0.63,0.55,0.69,0.8,0.78,0.72,0.78,0.61,0.58,0.68,0.74,0.71,0.54,0.56,0.56,0.54,0.51,0.61,RB,DEF,1
Martin Ens,CB,Germany,0.62,0.64,0.4,0.53,0.56,0.61,0.65,0.61,0.66,0.61,0.56,0.57,0.61,0.65,0.67,0.67,0.63,0.6,0.61,0.6,0.61,0.52,CB,DEF,5
Josué Escartin,CB,France,0.62,0.62,0.3,0.46,0.44,0.63,0.61,0.59,0.65,0.55,0.58,0.51,0.58,0.66,0.52,0.67,0.69,0.63,0.59,0.61,0.62,0.57,CB,DEF,5
Marco Esteban,CB,Spain,0.62,0.65,0.25,0.53,0.58,0.61,0.62,0.66,0.65,0.56,0.59,0.59,0.6,0.64,0.57,0.66,0.63,0.62,0.6,0.6,0.58,0.35,CB,DEF,5
Jean Falconí,RB,Peru,0.62,0.65,0.26,0.51,0.57,0.58,0.58,0.65,0.65,0.62,0.66,0.53,0.64,0.6,0.61,0.61,0.57,0.67,0.56,0.6,0.52,0.29,RB,DEF,1
Muath Faqihi,LB,Saudi Arabia,0.62,0.75,0.35,0.48,0.55,0.58,0.7,0.75,0.75,0.63,0.66,0.55,0.57,0.71,0.72,0.64,0.59,0.6,0.59,0.59,0.43,0.43,LB,DEF,1
Christian Marques,CB,Portugal,0.62,0.52,0.37,0.53,0.49,0.64,0.6,0.49,0.54,0.47,0.52,0.5,0.58,0.64,0.5,0.56,0.66,0.65,0.67,0.63,0.51,0.41,CB,DEF,5
Nehemiah Fernandez,CB,France,0.62,0.59,0.36,0.51,0.53,0.61,0.64,0.52,0.64,0.48,0.56,0.57,0.61,0.7,0.55,0.65,0.64,0.62,0.58,0.59,0.6,0.46,CB,DEF,5
Diego Ferraresso,LB,Bulgaria,0.62,0.63,0.25,0.55,0.62,0.58,0.67,0.66,0.6,0.69,0.82,0.58,0.6,0.7,0.65,0.61,0.61,0.63,0.56,0.61,0.45,0.23,LB,DEF,1
Nuno Matos,CB,Portugal,0.62,0.56,0.26,0.28,0.39,0.66,0.63,0.57,0.55,0.4,0.57,0.51,0.49,0.62,0.63,0.66,0.67,0.64,0.64,0.67,0.67,0.36,CB,DEF,5
Marcelo Filla,RB,Chile,0.62,0.71,0.28,0.57,0.61,0.57,0.58,0.73,0.7,0.64,0.72,0.62,0.53,0.54,0.66,0.6,0.6,0.59,0.56,0.55,0.52,0.23,RB,DEF,1
Matty Foulds,LB,England,0.62,0.69,0.36,0.56,0.56,0.58,0.71,0.69,0.69,0.73,0.64,0.55,0.51,0.7,0.8,0.68,0.59,0.57,0.58,0.58,0.55,0.53,LB,DEF,1
Sean Gannon,RB,Republic of Ireland,0.62,0.59,0.51,0.54,0.58,0.61,0.67,0.55,0.62,0.64,0.55,0.58,0.6,0.68,0.69,0.64,0.61,0.62,0.63,0.59,0.59,0.56,RB,DEF,5
Ismael García,CB,Uruguay,0.62,0.6,0.24,0.35,0.39,0.66,0.64,0.58,0.61,0.56,0.69,0.41,0.52,0.67,0.62,0.67,0.67,0.67,0.64,0.69,0.62,0.37,CB,DEF,5
Liam Gibson,CB,England,0.62,0.68,0.35,0.53,0.57,0.61,0.68,0.69,0.67,0.65,0.6,0.57,0.62,0.68,0.73,0.77,0.6,0.6,0.6,0.64,0.59,0.43,CB,DEF,1
Anthony Glennon,LB,England,0.62,0.75,0.47,0.61,0.6,0.54,0.68,0.76,0.74,0.65,0.73,0.6,0.56,0.7,0.76,0.71,0.55,0.53,0.53,0.55,0.52,0.57,LB,DEF,1
Ben Goodliffe,CB,England,0.62,0.54,0.25,0.42,0.45,0.6,0.78,0.53,0.54,0.44,0.5,0.46,0.6,0.83,0.79,0.74,0.6,0.59,0.61,0.6,0.6,0.36,CB,DEF,5
Kellan Gordon,RB,England,0.62,0.8,0.5,0.55,0.6,0.55,0.66,0.77,0.82,0.71,0.69,0.58,0.57,0.64,0.68,0.72,0.55,0.54,0.56,0.56,0.55,0.51,RB,DEF,1
Felix Göttlicher,CB,Germany,0.62,0.6,0.3,0.37,0.47,0.6,0.72,0.5,0.69,0.59,0.61,0.61,0.52,0.77,0.69,0.71,0.66,0.64,0.56,0.53,0.63,0.48,CB,DEF,5
Dragoș Grigore,CB,Romania,0.62,0.36,0.54,0.54,0.43,0.61,0.62,0.39,0.33,0.42,0.55,0.44,0.57,0.71,0.34,0.65,0.64,0.57,0.6,0.59,0.67,0.68,CB,DEF,5
Jamie Grimes,CB,England,0.62,0.52,0.28,0.44,0.43,0.61,0.71,0.53,0.51,0.49,0.46,0.41,0.61,0.78,0.67,0.8,0.61,0.61,0.62,0.6,0.62,0.44,CB,DEF,5
Gu Cao,CB,China PR,0.62,0.35,0.4,0.44,0.57,0.64,0.58,0.35,0.35,0.34,0.61,0.54,0.6,0.66,0.35,0.58,0.66,0.6,0.65,0.64,0.6,0.38,CB,DEF,5
Yahav Gurfinkel,LB,Israel,0.62,0.71,0.35,0.44,0.6,0.55,0.59,0.75,0.67,0.73,0.79,0.62,0.58,0.5,0.8,0.52,0.6,0.57,0.52,0.59,0.43,0.34,LB,DEF,1
Juan Gutiérrez,CB,Spain,0.62,0.61,0.29,0.39,0.42,0.63,0.67,0.62,0.61,0.47,0.55,0.5,0.58,0.73,0.65,0.7,0.67,0.68,0.62,0.6,0.58,0.4,CB,DEF,5
Connor Hall,CB,England,0.62,0.47,0.27,0.39,0.42,0.61,0.77,0.5,0.45,0.33,0.39,0.46,0.6,0.83,0.74,0.73,0.61,0.58,0.61,0.61,0.62,0.33,CB,DEF,5
Denzel Hall,RB,Holland,0.62,0.75,0.44,0.47,0.59,0.58,0.65,0.79,0.72,0.64,0.66,0.57,0.6,0.64,0.62,0.73,0.6,0.61,0.56,0.58,0.56,0.6,RB,DEF,1
Brian Hämäläinen,CB,Denmark,0.62,0.59,0.55,0.64,0.63,0.61,0.7,0.63,0.55,0.65,0.69,0.62,0.62,0.73,0.65,0.69,0.6,0.59,0.62,0.62,0.56,0.7,CB,DEF,2
Riley Harbottle,CB,England,0.62,0.67,0.29,0.45,0.49,0.61,0.73,0.69,0.66,0.6,0.56,0.48,0.58,0.79,0.69,0.78,0.61,0.6,0.6,0.61,0.62,0.4,CB,DEF,5
Abdullah Hassoun,RB,Saudi Arabia,0.62,0.74,0.4,0.5,0.59,0.57,0.7,0.75,0.73,0.67,0.74,0.61,0.54,0.66,0.75,0.67,0.61,0.59,0.56,0.57,0.5,0.47,RB,DEF,1
Herman Haugen,RB,Norway,0.62,0.72,0.42,0.49,0.57,0.58,0.74,0.74,0.71,0.63,0.69,0.56,0.53,0.74,0.8,0.68,0.62,0.57,0.58,0.57,0.46,0.63,RB,DEF,1
Florian Heister,RB,Germany,0.62,0.83,0.51,0.58,0.65,0.54,0.61,0.82,0.83,0.79,0.8,0.62,0.57,0.63,0.65,0.77,0.6,0.52,0.5,0.5,0.6,0.57,RB,DEF,1
Bode Hidalgo,RB,United States,0.62,0.77,0.43,0.45,0.66,0.58,0.58,0.8,0.74,0.69,0.65,0.61,0.64,0.65,0.66,0.62,0.6,0.52,0.6,0.62,0.41,0.44,RB,DEF,1
Jack Hingert,RB,Sri Lanka,0.62,0.64,0.41,0.55,0.59,0.57,0.66,0.71,0.58,0.69,0.72,0.58,0.6,0.62,0.76,0.63,0.59,0.57,0.57,0.57,0.49,0.5,RB,DEF,1
Myles Hippolyte,LB,Grenada,0.62,0.82,0.6,0.6,0.62,0.53,0.7,0.82,0.82,0.68,0.64,0.61,0.58,0.73,0.73,0.63,0.56,0.52,0.52,0.56,0.45,0.65,LB,DEF,1
Seán Hoare,CB,Republic of Ireland,0.62,0.37,0.35,0.49,0.48,0.62,0.7,0.36,0.37,0.49,0.46,0.5,0.63,0.73,0.65,0.72,0.62,0.58,0.61,0.63,0.63,0.56,CB,DEF,5
Kevin Holt,CB,Scotland,0.62,0.58,0.33,0.5,0.56,0.61,0.7,0.65,0.53,0.64,0.34,0.58,0.58,0.71,0.76,0.72,0.61,0.63,0.62,0.58,0.61,0.4,CB,DEF,5
Felix Holzhacker,LB,Austria,0.62,0.59,0.57,0.59,0.61,0.6,0.6,0.69,0.51,0.62,0.69,0.57,0.57,0.59,0.64,0.6,0.6,0.62,0.61,0.63,0.51,0.57,LB,DEF,1
Josué Homawoo,CB,Togo,0.62,0.71,0.3,0.44,0.46,0.58,0.76,0.68,0.74,0.57,0.44,0.51,0.54,0.87,0.54,0.8,0.62,0.6,0.55,0.55,0.6,0.42,CB,DEF,5
Luca Hoole,RB,Wales,0.62,0.72,0.32,0.54,0.59,0.58,0.67,0.74,0.71,0.65,0.66,0.58,0.55,0.68,0.71,0.74,0.61,0.59,0.56,0.54,0.6,0.29,RB,DEF,1
Mattis Hoppe,RB,Germany,0.62,0.71,0.45,0.54,0.62,0.56,0.56,0.73,0.69,0.74,0.7,0.62,0.59,0.5,0.74,0.58,0.59,0.57,0.57,0.52,0.5,0.64,RB,DEF,1
Andrea Hristov,CB,Bulgaria,0.62,0.64,0.4,0.46,0.48,0.59,0.72,0.61,0.66,0.62,0.58,0.48,0.62,0.79,0.67,0.75,0.61,0.6,0.56,0.61,0.61,0.52,CB,DEF,5
Hu Ruibao,CB,China PR,0.62,0.71,0.3,0.47,0.55,0.61,0.67,0.72,0.71,0.67,0.57,0.58,0.6,0.73,0.66,0.77,0.61,0.63,0.62,0.58,0.62,0.43,CB,DEF,5
Denver Hume,LB,England,0.62,0.79,0.37,0.55,0.63,0.57,0.61,0.8,0.79,0.74,0.77,0.59,0.53,0.53,0.67,0.64,0.61,0.57,0.54,0.56,0.53,0.52,LB,DEF,1
César Inga,LB,Peru,0.62,0.62,0.3,0.53,0.57,0.59,0.57,0.63,0.62,0.58,0.58,0.58,0.62,0.57,0.6,0.55,0.62,0.57,0.59,0.6,0.49,0.35,LB,DEF,1
Dane Ingham,RB,New Zealand,0.62,0.86,0.47,0.54,0.6,0.52,0.79,0.8,0.91,0.73,0.76,0.54,0.57,0.83,0.84,0.77,0.55,0.53,0.49,0.52,0.48,0.56,RB,DEF,1
Ben Jackson,LB,England,0.62,0.72,0.43,0.53,0.61,0.55,0.61,0.73,0.72,0.72,0.61,0.61,0.55,0.57,0.71,0.63,0.57,0.57,0.52,0.57,0.52,0.59,LB,DEF,1
Jérémy Jacquet,CB,France,0.62,0.64,0.31,0.47,0.52,0.61,0.66,0.59,0.68,0.49,0.49,0.58,0.53,0.72,0.57,0.71,0.67,0.58,0.59,0.57,0.63,0.42,CB,DEF,5
Dean James,LB,Holland,0.62,0.77,0.29,0.5,0.56,0.6,0.59,0.76,0.78,0.74,0.71,0.5,0.54,0.56,0.66,0.68,0.63,0.61,0.61,0.57,0.55,0.35,LB,DEF,1
Jang Seong Won,RB,Korea Republic,0.62,0.74,0.46,0.52,0.6,0.57,0.69,0.75,0.74,0.75,0.74,0.53,0.62,0.71,0.75,0.62,0.62,0.56,0.56,0.59,0.38,0.54,RB,DEF,1
Sandesh Jhingan,CB,India,0.62,0.53,0.33,0.42,0.39,0.61,0.77,0.52,0.53,0.53,0.33,0.44,0.45,0.8,0.73,0.81,0.62,0.61,0.62,0.58,0.62,0.52,CB,DEF,5
Hector Jimenez,RB,United States,0.62,0.57,0.58,0.62,0.62,0.6,0.62,0.59,0.55,0.67,0.67,0.61,0.61,0.61,0.62,0.62,0.58,0.57,0.63,0.62,0.57,0.64,RB,DEF,1
Ryan Johnson,CB,Northern Ireland,0.62,0.69,0.24,0.43,0.52,0.62,0.71,0.66,0.71,0.61,0.57,0.45,0.59,0.76,0.67,0.75,0.61,0.6,0.61,0.64,0.61,0.27,CB,DEF,5
Jung Dong Yoon,RB,Korea Republic,0.62,0.69,0.41,0.56,0.56,0.55,0.65,0.7,0.69,0.64,0.61,0.56,0.59,0.67,0.72,0.58,0.58,0.57,0.54,0.56,0.44,0.35,RB,DEF,1
Marc Jurado,RB,Spain,0.62,0.74,0.49,0.62,0.65,0.57,0.55,0.75,0.73,0.8,0.83,0.62,0.6,0.53,0.57,0.6,0.57,0.52,0.59,0.57,0.51,0.56,RB,DEF,1
Matthew Jurman,CB,Australia,0.62,0.33,0.35,0.46,0.42,0.6,0.78,0.34,0.33,0.36,0.36,0.44,0.57,0.86,0.65,0.68,0.58,0.55,0.62,0.6,0.6,0.5,CB,DEF,5
Miłosz Kałahur,LB,Poland,0.62,0.75,0.31,0.53,0.63,0.58,0.55,0.79,0.72,0.75,0.78,0.6,0.54,0.5,0.7,0.54,0.57,0.57,0.69,0.54,0.41,0.26,LB,DEF,1
Lirim Kastrati,RB,Kosovo,0.62,0.66,0.4,0.52,0.55,0.59,0.63,0.67,0.66,0.5,0.77,0.57,0.59,0.62,0.66,0.55,0.62,0.6,0.59,0.6,0.44,0.47,RB,DEF,1
Ciarán Kelly,CB,Republic of Ireland,0.62,0.55,0.34,0.46,0.48,0.6,0.75,0.51,0.59,0.44,0.38,0.47,0.58,0.83,0.63,0.73,0.6,0.59,0.59,0.63,0.6,0.46,CB,DEF,5
Kim Ji Soo,CB,Korea Republic,0.62,0.51,0.24,0.43,0.34,0.62,0.69,0.43,0.58,0.38,0.41,0.35,0.5,0.79,0.55,0.7,0.61,0.58,0.63,0.61,0.66,0.35,CB,DEF,5
Kim Kang San,CB,Korea Republic,0.62,0.67,0.34,0.38,0.47,0.63,0.71,0.66,0.67,0.5,0.57,0.44,0.53,0.74,0.69,0.71,0.66,0.61,0.65,0.59,0.56,0.39,CB,DEF,5
Lukas Klemenz,CB,Poland,0.62,0.57,0.25,0.38,0.36,0.6,0.75,0.54,0.59,0.34,0.45,0.45,0.53,0.85,0.61,0.75,0.62,0.6,0.58,0.59,0.63,0.34,CB,DEF,5
Ko Myeong Seok,CB,Korea Republic,0.62,0.71,0.32,0.47,0.46,0.59,0.75,0.7,0.71,0.66,0.66,0.55,0.52,0.81,0.7,0.81,0.61,0.59,0.57,0.55,0.67,0.35,CB,DEF,5
Arif Kocaman,CB,Turkey,0.62,0.57,0.36,0.42,0.55,0.63,0.63,0.56,0.57,0.58,0.61,0.59,0.62,0.59,0.66,0.6,0.67,0.61,0.64,0.61,0.58,0.51,CB,DEF,5
Niklas Kolbe,CB,Germany,0.62,0.61,0.25,0.38,0.38,0.63,0.69,0.57,0.64,0.42,0.56,0.49,0.58,0.76,0.69,0.74,0.67,0.61,0.66,0.51,0.66,0.35,CB,DEF,5
Josue Kongolo,CB,Belgium,0.62,0.68,0.29,0.46,0.44,0.61,0.65,0.66,0.7,0.68,0.51,0.54,0.58,0.73,0.47,0.75,0.65,0.64,0.57,0.55,0.66,0.52,CB,DEF,5
Pritam Kotal,CB,India,0.62,0.67,0.4,0.47,0.52,0.61,0.78,0.62,0.71,0.65,0.65,0.5,0.47,0.73,0.9,0.7,0.66,0.64,0.57,0.61,0.58,0.45,CB,DEF,5
Billy Koumetio,CB,France,0.62,0.58,0.32,0.43,0.45,0.6,0.71,0.54,0.62,0.54,0.45,0.57,0.54,0.81,0.54,0.74,0.63,0.59,0.57,0.58,0.64,0.45,CB,DEF,5
Mustafa Kourouma,CB,Germany,0.62,0.75,0.32,0.44,0.47,0.63,0.61,0.73,0.77,0.61,0.61,0.45,0.62,0.68,0.54,0.74,0.65,0.6,0.59,0.66,0.62,0.46,CB,DEF,5
Jan Kronig,CB,Switzerland,0.62,0.67,0.3,0.42,0.5,0.61,0.69,0.68,0.67,0.53,0.58,0.56,0.59,0.73,0.67,0.71,0.64,0.61,0.6,0.62,0.55,0.43,CB,DEF,5
Oscar Krusnell,LB,Sweden,0.62,0.78,0.39,0.56,0.59,0.56,0.6,0.76,0.8,0.62,0.59,0.6,0.58,0.58,0.66,0.65,0.59,0.57,0.55,0.56,0.51,0.41,LB,DEF,1
Willy Kumado,RB,Ghana,0.62,0.82,0.41,0.53,0.64,0.53,0.55,0.81,0.82,0.84,0.88,0.62,0.59,0.48,0.67,0.54,0.56,0.55,0.53,0.53,0.43,0.42,RB,DEF,1
Filip Kusić,CB,Serbia,0.62,0.71,0.33,0.45,0.51,0.61,0.67,0.65,0.76,0.61,0.6,0.56,0.58,0.74,0.59,0.71,0.65,0.65,0.6,0.57,0.57,0.49,CB,DEF,5
Märten Kuusk,CB,Estonia,0.62,0.62,0.26,0.44,0.37,0.62,0.69,0.63,0.61,0.43,0.62,0.31,0.66,0.72,0.67,0.7,0.63,0.61,0.62,0.62,0.59,0.43,CB,DEF,5
Michael Lang,RB,Austria,0.62,0.59,0.54,0.62,0.6,0.59,0.62,0.65,0.54,0.58,0.65,0.61,0.6,0.61,0.65,0.61,0.6,0.59,0.59,0.61,0.52,0.58,RB,DEF,1
Ziyad Larkeche,LB,France,0.62,0.79,0.42,0.55,0.63,0.57,0.55,0.78,0.79,0.67,0.6,0.62,0.59,0.54,0.55,0.6,0.63,0.61,0.54,0.52,0.49,0.41,LB,DEF,1
Henry Lawrence,RB,England,0.62,0.75,0.44,0.53,0.6,0.57,0.61,0.72,0.78,0.76,0.76,0.57,0.56,0.59,0.68,0.64,0.59,0.57,0.57,0.56,0.54,0.46,RB,DEF,1
Joe Lewis,CB,Wales,0.62,0.61,0.39,0.43,0.51,0.6,0.76,0.61,0.61,0.63,0.61,0.5,0.58,0.82,0.68,0.78,0.59,0.58,0.62,0.58,0.64,0.54,CB,DEF,5
Liao Chengjian,RB,China PR,0.62,0.68,0.36,0.49,0.52,0.58,0.69,0.68,0.68,0.46,0.61,0.57,0.58,0.72,0.72,0.6,0.63,0.63,0.57,0.59,0.43,0.39,RB,DEF,1
Lorenzo Libutti,RB,Italy,0.62,0.59,0.32,0.53,0.54,0.61,0.58,0.63,0.56,0.6,0.67,0.45,0.55,0.55,0.65,0.54,0.64,0.64,0.6,0.62,0.45,0.35,RB,DEF,4
Harvey Lintott,RB,England,0.62,0.79,0.4,0.47,0.57,0.57,0.75,0.77,0.81,0.7,0.6,0.54,0.58,0.79,0.8,0.82,0.57,0.55,0.56,0.56,0.6,0.45,RB,DEF,1
Raphaël Lipinski,LB,France,0.62,0.66,0.43,0.53,0.59,0.57,0.59,0.65,0.67,0.54,0.67,0.58,0.58,0.55,0.7,0.55,0.61,0.6,0.56,0.54,0.49,0.51,LB,DEF,1
Liu Yiming,CB,China PR,0.62,0.65,0.3,0.46,0.46,0.59,0.76,0.63,0.67,0.57,0.63,0.54,0.55,0.79,0.73,0.76,0.59,0.57,0.6,0.57,0.63,0.48,CB,DEF,5
Liu Tao,CB,China PR,0.62,0.33,0.38,0.47,0.45,0.64,0.62,0.33,0.33,0.34,0.57,0.48,0.53,0.75,0.33,0.65,0.62,0.56,0.66,0.63,0.7,0.49,CB,DEF,5
Marc Llinares,LB,Spain,0.62,0.71,0.42,0.55,0.61,0.58,0.62,0.73,0.7,0.69,0.66,0.62,0.59,0.62,0.64,0.62,0.61,0.56,0.56,0.61,0.46,0.33,LB,DEF,1
Lü Wenjun,LB,China PR,0.62,0.72,0.6,0.59,0.62,0.56,0.71,0.68,0.76,0.72,0.59,0.58,0.58,0.76,0.77,0.78,0.56,0.54,0.54,0.54,0.68,0.63,LB,DEF,2
Lorenzo Lucchesi,CB,Italy,0.62,0.57,0.3,0.45,0.5,0.62,0.67,0.56,0.57,0.41,0.61,0.54,0.58,0.7,0.64,0.68,0.64,0.61,0.59,0.61,0.65,0.4,CB,DEF,5
Yannik Lührs,CB,Germany,0.62,0.64,0.26,0.42,0.45,0.62,0.7,0.62,0.65,0.55,0.47,0.46,0.53,0.78,0.57,0.75,0.64,0.6,0.65,0.57,0.6,0.52,CB,DEF,5
Taylor Luvambo,RB,France,0.62,0.84,0.53,0.57,0.66,0.58,0.64,0.89,0.8,0.77,0.75,0.67,0.48,0.67,0.42,0.75,0.61,0.59,0.56,0.59,0.53,0.46,RB,DEF,1
Calum MacDonald,LB,Scotland,0.62,0.73,0.52,0.57,0.57,0.58,0.7,0.74,0.72,0.63,0.7,0.54,0.54,0.65,0.73,0.67,0.61,0.58,0.55,0.58,0.53,0.63,LB,DEF,1
Lukas MacNaughton,CB,Canada,0.62,0.6,0.31,0.39,0.49,0.62,0.69,0.5,0.68,0.35,0.49,0.5,0.63,0.73,0.65,0.68,0.62,0.55,0.62,0.64,0.64,0.46,CB,DEF,5
Tyler Magloire,CB,England,0.62,0.9,0.33,0.41,0.52,0.6,0.72,0.9,0.9,0.6,0.5,0.52,0.56,0.8,0.64,0.86,0.64,0.62,0.58,0.58,0.59,0.5,CB,DEF,1
John Mahon,CB,Republic of Ireland,0.62,0.53,0.33,0.45,0.49,0.6,0.75,0.54,0.53,0.41,0.52,0.5,0.5,0.8,0.7,0.72,0.62,0.61,0.61,0.55,0.6,0.4,CB,DEF,5
Navin Malysh,RB,Ukraine,0.62,0.75,0.39,0.45,0.52,0.56,0.59,0.76,0.74,0.61,0.6,0.48,0.61,0.57,0.73,0.62,0.59,0.63,0.51,0.58,0.47,0.47,RB,DEF,1
Christopher Mamengi,CB,Holland,0.62,0.7,0.35,0.47,0.53,0.59,0.7,0.67,0.72,0.64,0.68,0.54,0.6,0.76,0.56,0.76,0.59,0.58,0.6,0.58,0.61,0.55,CB,DEF,5
Luke Mbete,CB,England,0.62,0.7,0.32,0.48,0.58,0.59,0.71,0.67,0.73,0.58,0.56,0.6,0.58,0.73,0.67,0.71,0.6,0.55,0.59,0.59,0.58,0.49,CB,DEF,5
Rod McDonald,CB,England,0.62,0.49,0.3,0.46,0.48,0.61,0.74,0.51,0.48,0.43,0.36,0.5,0.61,0.8,0.72,0.72,0.62,0.61,0.61,0.6,0.62,0.46,CB,DEF,5
Daylam Meddah,CB,France,0.62,0.68,0.44,0.55,0.64,0.59,0.64,0.64,0.72,0.72,0.63,0.67,0.55,0.74,0.49,0.73,0.65,0.6,0.57,0.53,0.62,0.56,CB,DEF,1
Marlon Medranda,LB,Ecuador,0.62,0.71,0.37,0.54,0.59,0.58,0.68,0.73,0.69,0.58,0.68,0.54,0.51,0.68,0.74,0.74,0.63,0.6,0.55,0.52,0.62,0.49,LB,DEF,1
Jacob Mendy,LB,Gambia,0.62,0.89,0.42,0.53,0.58,0.54,0.7,0.88,0.9,0.74,0.71,0.52,0.53,0.7,0.76,0.72,0.6,0.57,0.51,0.5,0.45,0.53,LB,DEF,1
Leny Meyer,LB,Switzerland,0.62,0.61,0.39,0.54,0.6,0.6,0.58,0.63,0.59,0.58,0.63,0.61,0.61,0.53,0.64,0.64,0.6,0.59,0.62,0.59,0.53,0.47,LB,DEF,1
Min Sang Gi,CB,Korea Republic,0.62,0.67,0.41,0.5,0.52,0.6,0.71,0.65,0.68,0.62,0.63,0.56,0.53,0.8,0.59,0.77,0.61,0.58,0.61,0.58,0.63,0.55,CB,DEF,5
Kevin Miranda,CB,Italy,0.62,0.53,0.31,0.39,0.37,0.64,0.63,0.52,0.54,0.41,0.5,0.39,0.56,0.69,0.51,0.63,0.69,0.66,0.65,0.58,0.57,0.43,CB,DEF,5
Akash Mishra,LB,India,0.62,0.74,0.4,0.52,0.56,0.57,0.72,0.77,0.72,0.65,0.63,0.54,0.47,0.7,0.9,0.72,0.6,0.57,0.58,0.58,0.43,0.41,LB,DEF,1
Baran Mogultay,LB,Germany,0.62,0.72,0.39,0.54,0.59,0.56,0.58,0.69,0.74,0.66,0.66,0.58,0.6,0.54,0.64,0.5,0.61,0.57,0.55,0.57,0.43,0.38,LB,DEF,1
Stian Molde,LB,Norway,0.62,0.68,0.46,0.55,0.6,0.59,0.61,0.67,0.68,0.58,0.66,0.61,0.56,0.63,0.62,0.62,0.65,0.61,0.56,0.59,0.5,0.45,LB,DEF,1
Cláudio Silva,CB,Portugal,0.62,0.5,0.29,0.41,0.37,0.63,0.64,0.47,0.52,0.45,0.51,0.42,0.57,0.73,0.46,0.68,0.65,0.64,0.6,0.61,0.66,0.46,CB,DEF,5
Marco Moreno,CB,Spain,0.62,0.58,0.33,0.43,0.46,0.6,0.72,0.5,0.65,0.46,0.45,0.5,0.56,0.76,0.64,0.65,0.65,0.64,0.59,0.55,0.54,0.63,CB,DEF,5
Nordin Musampa,LB,Holland,0.62,0.7,0.28,0.5,0.6,0.62,0.61,0.67,0.73,0.61,0.66,0.62,0.53,0.64,0.6,0.66,0.66,0.64,0.62,0.55,0.57,0.42,LB,DEF,1
Pierre Nadjombe,RB,Togo,0.62,0.72,0.45,0.52,0.64,0.58,0.6,0.73,0.71,0.71,0.73,0.62,0.51,0.62,0.6,0.66,0.61,0.61,0.57,0.58,0.51,0.45,RB,DEF,1
Arkadiusz Najemski,CB,Poland,0.62,0.58,0.24,0.34,0.41,0.63,0.75,0.57,0.59,0.6,0.71,0.28,0.64,0.78,0.75,0.74,0.6,0.6,0.66,0.63,0.63,0.32,CB,DEF,5
Elliot Newby,LB,England,0.62,0.77,0.45,0.59,0.62,0.52,0.61,0.8,0.75,0.79,0.76,0.58,0.59,0.56,0.85,0.59,0.55,0.5,0.53,0.53,0.44,0.52,LB,DEF,1
Will Nightingale,CB,England,0.62,0.53,0.33,0.47,0.52,0.61,0.7,0.54,0.53,0.58,0.64,0.52,0.55,0.74,0.64,0.79,0.62,0.6,0.62,0.59,0.64,0.41,CB,DEF,5
Axel Norén,CB,Sweden,0.62,0.53,0.28,0.41,0.37,0.63,0.7,0.54,0.53,0.5,0.59,0.3,0.59,0.77,0.61,0.71,0.64,0.61,0.64,0.63,0.61,0.39,CB,DEF,5
Dominik Nothnagel,CB,Germany,0.62,0.69,0.42,0.53,0.56,0.62,0.66,0.68,0.69,0.6,0.59,0.58,0.6,0.68,0.64,0.68,0.63,0.61,0.62,0.62,0.59,0.69,CB,DEF,1
Patrick Nwadike,CB,Sweden,0.62,0.54,0.36,0.5,0.56,0.6,0.74,0.57,0.51,0.53,0.55,0.56,0.59,0.85,0.6,0.65,0.61,0.56,0.61,0.6,0.58,0.55,CB,DEF,5
Kevin O'Toole,LB,United States,0.62,0.67,0.53,0.51,0.63,0.59,0.6,0.7,0.65,0.65,0.67,0.55,0.61,0.64,0.7,0.55,0.64,0.62,0.61,0.55,0.38,0.57,LB,DEF,1
Ayo Obileye,CB,England,0.62,0.69,0.51,0.51,0.5,0.59,0.76,0.71,0.67,0.33,0.55,0.52,0.55,0.82,0.71,0.74,0.6,0.58,0.57,0.59,0.64,0.71,CB,DEF,5
Alberto Costa,RB,Portugal,0.62,0.67,0.32,0.51,0.57,0.59,0.56,0.68,0.66,0.51,0.54,0.64,0.63,0.62,0.44,0.66,0.63,0.62,0.58,0.55,0.57,0.34,RB,DEF,1
César Olmedo,RB,Paraguay,0.62,0.75,0.59,0.58,0.63,0.54,0.61,0.73,0.76,0.68,0.61,0.66,0.53,0.61,0.64,0.62,0.59,0.62,0.53,0.48,0.47,0.55,RB,DEF,1
Elias Olsson,CB,Sweden,0.62,0.68,0.24,0.38,0.45,0.63,0.68,0.66,0.69,0.66,0.58,0.44,0.63,0.7,0.7,0.68,0.61,0.62,0.66,0.63,0.59,0.33,CB,DEF,5
Wyatt Omsberg,CB,United States,0.62,0.39,0.24,0.4,0.34,0.63,0.71,0.36,0.42,0.33,0.33,0.37,0.6,0.75,0.63,0.65,0.65,0.57,0.64,0.58,0.67,0.32,CB,DEF,5
Octavio Ontivero,LB,Argentina,0.62,0.7,0.36,0.53,0.61,0.59,0.54,0.69,0.71,0.6,0.4,0.62,0.52,0.48,0.63,0.51,0.62,0.63,0.58,0.58,0.49,0.39,LB,DEF,1
Darius Oroian,RB,Romania,0.62,0.79,0.41,0.56,0.54,0.56,0.59,0.84,0.75,0.72,0.49,0.51,0.56,0.6,0.58,0.63,0.58,0.62,0.55,0.6,0.42,0.52,RB,DEF,1
Anyelo Ortíz,CB,Bolivia,0.62,0.67,0.5,0.56,0.56,0.64,0.58,0.67,0.67,0.66,0.55,0.55,0.57,0.55,0.63,0.66,0.69,0.65,0.63,0.58,0.65,0.48,CB,DEF,1
Jan Paluska,CB,Czech Republic,0.62,0.66,0.33,0.46,0.49,0.63,0.66,0.65,0.67,0.58,0.71,0.52,0.57,0.72,0.61,0.72,0.64,0.62,0.61,0.64,0.6,0.43,CB,DEF,5
Park Seong Hun,CB,Korea Republic,0.62,0.6,0.34,0.49,0.53,0.62,0.66,0.63,0.58,0.56,0.59,0.57,0.55,0.67,0.64,0.69,0.61,0.62,0.6,0.63,0.64,0.51,CB,DEF,5
Răzvan Pașcalău,CB,Romania,0.62,0.61,0.37,0.45,0.43,0.62,0.69,0.59,0.62,0.51,0.51,0.48,0.57,0.76,0.64,0.73,0.63,0.6,0.6,0.62,0.62,0.49,CB,DEF,5
Maksim Paskotši,CB,Estonia,0.62,0.6,0.4,0.53,0.56,0.62,0.66,0.63,0.57,0.56,0.63,0.56,0.58,0.68,0.62,0.66,0.64,0.66,0.63,0.58,0.57,0.38,CB,DEF,5
Răzvan Patriche,CB,Romania,0.62,0.41,0.3,0.48,0.48,0.6,0.71,0.43,0.4,0.35,0.53,0.54,0.56,0.75,0.58,0.66,0.61,0.55,0.6,0.6,0.63,0.31,CB,DEF,5
Sebastián Pereira,CB,Chile,0.62,0.39,0.25,0.33,0.39,0.61,0.75,0.37,0.41,0.35,0.56,0.39,0.51,0.88,0.57,0.73,0.61,0.63,0.59,0.6,0.7,0.36,CB,DEF,5
Brayann Pereira,RB,France,0.62,0.77,0.33,0.53,0.64,0.56,0.48,0.74,0.79,0.77,0.81,0.6,0.58,0.36,0.56,0.41,0.66,0.62,0.49,0.56,0.37,0.3,RB,DEF,1
Luca Petrasso,LB,Canada,0.62,0.75,0.42,0.59,0.62,0.55,0.64,0.72,0.77,0.69,0.69,0.62,0.56,0.66,0.68,0.59,0.6,0.55,0.56,0.54,0.42,0.6,LB,DEF,1
Charles Petro,RB,Malawi,0.62,0.81,0.37,0.52,0.55,0.56,0.66,0.81,0.81,0.58,0.75,0.56,0.56,0.65,0.73,0.64,0.59,0.53,0.57,0.6,0.41,0.42,RB,DEF,1
Aaron Pierre,CB,Grenada,0.62,0.53,0.37,0.44,0.47,0.6,0.74,0.55,0.51,0.51,0.61,0.48,0.59,0.9,0.5,0.68,0.61,0.59,0.6,0.58,0.6,0.45,CB,DEF,5
Bjarne Pudel,CB,Germany,0.62,0.58,0.31,0.5,0.51,0.61,0.68,0.52,0.62,0.49,0.51,0.57,0.61,0.75,0.63,0.7,0.63,0.6,0.6,0.57,0.64,0.4,CB,DEF,5
Mikkel Rakneberg,LB,Norway,0.62,0.72,0.54,0.56,0.6,0.58,0.58,0.71,0.73,0.75,0.61,0.59,0.52,0.59,0.59,0.66,0.6,0.6,0.61,0.53,0.55,0.62,LB,DEF,1
Alexander Ranacher,RB,Austria,0.62,0.78,0.54,0.55,0.67,0.53,0.63,0.75,0.8,0.8,0.75,0.63,0.52,0.58,0.78,0.61,0.56,0.6,0.53,0.47,0.49,0.64,RB,DEF,1
Alex Rangel,CB,Ecuador,0.62,0.61,0.31,0.4,0.47,0.62,0.68,0.6,0.62,0.55,0.51,0.51,0.54,0.71,0.66,0.71,0.65,0.61,0.6,0.61,0.63,0.34,CB,DEF,5
Farrend Rawson,CB,England,0.62,0.49,0.32,0.41,0.4,0.63,0.74,0.5,0.49,0.38,0.51,0.41,0.54,0.81,0.72,0.72,0.63,0.61,0.64,0.61,0.61,0.38,CB,DEF,5
George Ray,CB,Wales,0.62,0.49,0.26,0.36,0.47,0.63,0.72,0.51,0.47,0.37,0.34,0.47,0.64,0.81,0.69,0.72,0.62,0.61,0.65,0.62,0.6,0.31,CB,DEF,5
Andre Raymond,LB,Trinidad and Tobago,0.62,0.73,0.46,0.54,0.59,0.56,0.64,0.71,0.75,0.65,0.62,0.58,0.57,0.65,0.65,0.63,0.58,0.6,0.55,0.57,0.49,0.46,LB,DEF,1
João Pedro,LB,Brazil,0.62,0.58,0.27,0.52,0.48,0.62,0.66,0.59,0.58,0.55,0.54,0.6,0.5,0.7,0.66,0.69,0.64,0.59,0.6,0.59,0.66,0.31,LB,DEF,5
Sebastian Revan,LB,England,0.62,0.59,0.36,0.51,0.59,0.62,0.54,0.65,0.54,0.55,0.69,0.55,0.61,0.48,0.62,0.53,0.67,0.68,0.58,0.59,0.54,0.36,LB,DEF,1
Ioan-Călin Revenco,RB,Moldova,0.62,0.64,0.33,0.54,0.63,0.57,0.57,0.65,0.64,0.69,0.75,0.62,0.58,0.54,0.69,0.52,0.65,0.67,0.51,0.56,0.45,0.31,RB,DEF,1
Gorka,LB,Spain,0.62,0.69,0.4,0.5,0.53,0.58,0.66,0.68,0.69,0.62,0.46,0.56,0.62,0.65,0.63,0.7,0.62,0.58,0.53,0.58,0.63,0.74,LB,DEF,1
Luke Robinson,LB,Scotland,0.62,0.73,0.32,0.5,0.52,0.58,0.67,0.7,0.75,0.58,0.69,0.51,0.58,0.67,0.7,0.64,0.6,0.63,0.59,0.57,0.5,0.31,LB,DEF,1
Yomar Rocha,RB,Bolivia,0.62,0.73,0.43,0.58,0.59,0.56,0.56,0.75,0.72,0.75,0.7,0.55,0.59,0.55,0.6,0.59,0.53,0.57,0.57,0.62,0.45,0.45,RB,DEF,1
Harvey Rodgers,CB,England,0.62,0.66,0.39,0.52,0.55,0.61,0.73,0.65,0.67,0.56,0.56,0.56,0.58,0.74,0.77,0.73,0.61,0.59,0.6,0.63,0.62,0.46,CB,DEF,5
Pontus Rödin,CB,Sweden,0.62,0.61,0.26,0.44,0.58,0.63,0.62,0.58,0.63,0.59,0.6,0.6,0.59,0.63,0.61,0.67,0.64,0.62,0.62,0.62,0.65,0.36,CB,DEF,5
Grzegorz Rogala,LB,Poland,0.62,0.64,0.41,0.59,0.54,0.57,0.67,0.63,0.64,0.63,0.61,0.54,0.59,0.67,0.7,0.66,0.56,0.57,0.57,0.57,0.57,0.5,LB,DEF,1
Jake Rooney,CB,England,0.62,0.62,0.41,0.54,0.6,0.61,0.68,0.6,0.64,0.58,0.64,0.63,0.54,0.72,0.7,0.72,0.63,0.62,0.6,0.57,0.63,0.42,CB,DEF,5
Martin Ove Roseth,CB,Norway,0.62,0.69,0.3,0.48,0.54,0.61,0.65,0.65,0.72,0.66,0.49,0.57,0.6,0.69,0.62,0.7,0.62,0.6,0.61,0.62,0.61,0.38,CB,DEF,5
Sebastian Rudol,CB,Poland,0.62,0.65,0.35,0.53,0.5,0.61,0.71,0.68,0.63,0.69,0.67,0.52,0.62,0.67,0.75,0.65,0.62,0.6,0.59,0.65,0.54,0.48,CB,DEF,1
Armando Ruiz Díaz,RB,Paraguay,0.62,0.68,0.4,0.51,0.59,0.59,0.61,0.66,0.69,0.65,0.59,0.61,0.58,0.62,0.66,0.65,0.59,0.58,0.6,0.59,0.57,0.45,RB,DEF,1
Ryan Rydel,LB,England,0.62,0.81,0.53,0.56,0.59,0.55,0.64,0.82,0.8,0.73,0.74,0.55,0.56,0.64,0.74,0.71,0.57,0.55,0.55,0.54,0.51,0.62,LB,DEF,1
Tobias Schättin,LB,Switzerland,0.62,0.63,0.39,0.54,0.59,0.58,0.67,0.65,0.62,0.56,0.58,0.62,0.54,0.69,0.69,0.56,0.63,0.61,0.58,0.58,0.42,0.28,LB,DEF,1
Max Scholze,RB,Germany,0.62,0.64,0.32,0.44,0.55,0.63,0.57,0.67,0.62,0.55,0.65,0.52,0.56,0.54,0.59,0.57,0.65,0.66,0.65,0.61,0.52,0.27,RB,DEF,1
Vicko Ševelj,CB,Croatia,0.62,0.61,0.37,0.5,0.55,0.63,0.65,0.59,0.63,0.55,0.56,0.55,0.6,0.68,0.61,0.67,0.63,0.61,0.64,0.63,0.6,0.42,CB,DEF,5
Joaquin Seys,LB,Belgium,0.62,0.78,0.27,0.51,0.6,0.56,0.52,0.8,0.77,0.77,0.7,0.54,0.59,0.46,0.63,0.55,0.57,0.6,0.55,0.57,0.46,0.26,LB,DEF,1
Aidan Simmons,RB,Australia,0.62,0.76,0.44,0.54,0.67,0.55,0.48,0.81,0.71,0.84,0.77,0.63,0.59,0.31,0.76,0.44,0.61,0.57,0.54,0.56,0.39,0.47,RB,DEF,1
Robert Slevin,CB,Republic of Ireland,0.62,0.76,0.28,0.49,0.52,0.62,0.68,0.77,0.75,0.56,0.55,0.48,0.54,0.73,0.64,0.8,0.61,0.56,0.64,0.63,0.63,0.25,CB,DEF,5
Andy Smith,CB,England,0.62,0.64,0.32,0.44,0.49,0.61,0.72,0.66,0.62,0.55,0.58,0.52,0.58,0.74,0.69,0.82,0.62,0.61,0.6,0.59,0.6,0.4,CB,DEF,5
Liam Smith,RB,Scotland,0.62,0.72,0.45,0.53,0.57,0.57,0.68,0.73,0.72,0.59,0.68,0.57,0.55,0.66,0.78,0.79,0.58,0.55,0.57,0.57,0.56,0.54,RB,DEF,1
Tommy Smith,CB,New Zealand,0.62,0.39,0.37,0.48,0.47,0.6,0.67,0.42,0.37,0.43,0.42,0.49,0.6,0.77,0.44,0.67,0.6,0.58,0.61,0.59,0.62,0.45,CB,DEF,5
Łukasz Sołowiej,CB,Poland,0.62,0.33,0.27,0.37,0.35,0.63,0.74,0.34,0.33,0.49,0.47,0.29,0.49,0.83,0.61,0.65,0.67,0.64,0.68,0.51,0.58,0.33,CB,DEF,5
Stefan Stefanovici,LB,Romania,0.62,0.72,0.33,0.52,0.58,0.57,0.59,0.72,0.72,0.64,0.71,0.58,0.6,0.58,0.69,0.54,0.61,0.58,0.58,0.59,0.38,0.31,LB,DEF,1
Luca Stephenson,RB,England,0.62,0.73,0.48,0.56,0.61,0.57,0.65,0.75,0.71,0.76,0.83,0.6,0.56,0.62,0.73,0.75,0.58,0.57,0.56,0.61,0.53,0.61,RB,DEF,1
Jamie Sterry,RB,England,0.62,0.71,0.5,0.56,0.6,0.56,0.7,0.73,0.7,0.75,0.73,0.57,0.58,0.66,0.73,0.68,0.56,0.57,0.56,0.57,0.54,0.54,RB,DEF,1
Manuel Stiefler,CB,Germany,0.62,0.62,0.5,0.63,0.65,0.6,0.72,0.71,0.55,0.75,0.73,0.66,0.66,0.73,0.75,0.73,0.59,0.58,0.59,0.64,0.55,0.57,CB,DEF,2
Paweł Stolarski,RB,Poland,0.62,0.7,0.51,0.56,0.56,0.57,0.66,0.71,0.69,0.61,0.68,0.54,0.55,0.65,0.76,0.7,0.59,0.59,0.54,0.57,0.59,0.51,RB,DEF,1
Tobias Storm,RB,Denmark,0.62,0.72,0.42,0.57,0.61,0.57,0.55,0.73,0.71,0.72,0.72,0.62,0.59,0.55,0.6,0.62,0.6,0.58,0.56,0.58,0.51,0.46,RB,DEF,1
Diego Stramaccioni,CB,Italy,0.62,0.59,0.27,0.37,0.43,0.64,0.65,0.57,0.61,0.45,0.49,0.4,0.63,0.69,0.62,0.57,0.67,0.65,0.67,0.64,0.46,0.39,CB,DEF,5
Marcelo Suárez,CB,Bolivia,0.62,0.59,0.36,0.48,0.49,0.62,0.67,0.55,0.62,0.55,0.6,0.55,0.6,0.72,0.65,0.66,0.65,0.6,0.6,0.63,0.55,0.29,CB,DEF,5
Aleksandar Šušnjar,CB,Australia,0.62,0.58,0.43,0.53,0.54,0.59,0.75,0.55,0.61,0.55,0.54,0.55,0.57,0.82,0.67,0.72,0.6,0.59,0.57,0.62,0.58,0.57,CB,DEF,5
Alexandru Țigănașu,LB,Romania,0.62,0.67,0.51,0.55,0.52,0.58,0.7,0.63,0.7,0.71,0.73,0.54,0.56,0.73,0.8,0.63,0.6,0.56,0.6,0.6,0.47,0.7,LB,DEF,1
Todor Todoroski,RB,North Macedonia,0.62,0.73,0.35,0.57,0.57,0.57,0.6,0.74,0.72,0.62,0.68,0.55,0.57,0.55,0.66,0.54,0.6,0.58,0.6,0.58,0.39,0.55,RB,DEF,1
Jonathan Tomkinson,CB,United States,0.62,0.72,0.31,0.4,0.41,0.61,0.72,0.68,0.75,0.51,0.45,0.4,0.59,0.79,0.6,0.75,0.61,0.59,0.62,0.62,0.58,0.55,CB,DEF,5
Răzvan Trif,LB,Romania,0.62,0.73,0.47,0.55,0.59,0.57,0.61,0.72,0.73,0.71,0.67,0.58,0.58,0.62,0.63,0.66,0.56,0.57,0.58,0.57,0.54,0.6,LB,DEF,1
Jack Tucker,CB,England,0.62,0.63,0.3,0.44,0.49,0.6,0.77,0.7,0.57,0.47,0.49,0.51,0.58,0.82,0.76,0.79,0.61,0.6,0.59,0.59,0.61,0.36,CB,DEF,5
Lukas Ullrich,LB,Germany,0.62,0.67,0.43,0.54,0.62,0.56,0.61,0.68,0.66,0.7,0.71,0.62,0.57,0.64,0.65,0.59,0.59,0.56,0.55,0.58,0.46,0.52,LB,DEF,1
Emrecan Uzunhan,CB,Turkey,0.62,0.64,0.3,0.44,0.52,0.6,0.73,0.67,0.61,0.52,0.52,0.55,0.56,0.78,0.62,0.67,0.62,0.58,0.59,0.58,0.6,0.51,CB,DEF,5
Sebastián Valdéz,CB,Argentina,0.62,0.52,0.29,0.35,0.41,0.64,0.63,0.51,0.52,0.44,0.57,0.47,0.47,0.69,0.53,0.64,0.68,0.66,0.62,0.63,0.6,0.46,CB,DEF,5
Gonzalo Valdivia,LB,Argentina,0.62,0.64,0.61,0.57,0.64,0.61,0.64,0.63,0.64,0.68,0.63,0.63,0.57,0.74,0.51,0.7,0.65,0.63,0.58,0.6,0.58,0.63,LB,DEF,1
Theo Vassell,CB,England,0.62,0.72,0.37,0.5,0.54,0.61,0.72,0.73,0.71,0.64,0.61,0.54,0.58,0.75,0.72,0.86,0.6,0.6,0.62,0.61,0.61,0.48,CB,DEF,5
Valentino Vermeulen,RB,Holland,0.62,0.73,0.5,0.59,0.62,0.55,0.64,0.72,0.74,0.72,0.7,0.61,0.59,0.65,0.7,0.59,0.56,0.57,0.57,0.57,0.42,0.52,RB,DEF,1
Julio Vila,CB,Argentina,0.62,0.64,0.29,0.36,0.38,0.62,0.69,0.66,0.63,0.48,0.59,0.38,0.54,0.71,0.64,0.73,0.6,0.64,0.64,0.63,0.62,0.43,CB,DEF,5
Jaime Villamil,LB,Bolivia,0.62,0.73,0.26,0.52,0.52,0.55,0.58,0.74,0.72,0.64,0.7,0.61,0.49,0.56,0.75,0.6,0.63,0.6,0.51,0.48,0.48,0.3,LB,DEF,1
Tim Walbrecht,CB,Germany,0.62,0.55,0.35,0.5,0.55,0.62,0.64,0.55,0.55,0.58,0.59,0.56,0.56,0.72,0.54,0.69,0.62,0.6,0.62,0.61,0.61,0.45,CB,DEF,5
Lukas Wallner,CB,Austria,0.62,0.68,0.29,0.46,0.5,0.61,0.66,0.66,0.7,0.62,0.52,0.6,0.52,0.75,0.5,0.74,0.63,0.6,0.6,0.58,0.61,0.45,CB,DEF,5
Tyrell Warren,RB,England,0.62,0.68,0.31,0.5,0.57,0.59,0.69,0.71,0.65,0.61,0.66,0.57,0.5,0.64,0.8,0.66,0.62,0.62,0.57,0.57,0.53,0.44,RB,DEF,1
Taylor Washington,LB,United States,0.62,0.7,0.25,0.44,0.47,0.61,0.56,0.7,0.7,0.48,0.65,0.52,0.62,0.62,0.54,0.64,0.61,0.6,0.62,0.61,0.54,0.32,LB,DEF,4
Marcin Wasielewski,RB,Poland,0.62,0.76,0.34,0.54,0.58,0.56,0.67,0.78,0.74,0.69,0.81,0.6,0.57,0.73,0.64,0.67,0.57,0.55,0.58,0.59,0.44,0.38,RB,DEF,1
Akil Watts,RB,United States,0.62,0.71,0.49,0.53,0.62,0.59,0.68,0.73,0.7,0.72,0.76,0.58,0.58,0.71,0.63,0.71,0.6,0.6,0.63,0.55,0.53,0.61,RB,DEF,1
Byron Webster,CB,England,0.62,0.39,0.39,0.43,0.42,0.61,0.73,0.34,0.43,0.4,0.33,0.43,0.6,0.82,0.58,0.67,0.61,0.6,0.62,0.59,0.62,0.44,CB,DEF,5
Marius Wegmann,CB,Germany,0.62,0.6,0.24,0.41,0.47,0.63,0.63,0.61,0.6,0.63,0.72,0.5,0.56,0.67,0.55,0.7,0.66,0.6,0.62,0.6,0.69,0.29,CB,DEF,5
Richard Wood,CB,England,0.62,0.3,0.35,0.46,0.41,0.61,0.66,0.28,0.32,0.29,0.34,0.5,0.63,0.81,0.36,0.66,0.62,0.6,0.63,0.58,0.63,0.45,CB,DEF,5
Luuk Wouters,LB,Holland,0.62,0.49,0.37,0.5,0.56,0.63,0.69,0.53,0.46,0.53,0.69,0.6,0.6,0.79,0.62,0.7,0.65,0.63,0.62,0.63,0.59,0.5,LB,DEF,5
Yang Yun,CB,China PR,0.62,0.55,0.52,0.48,0.54,0.61,0.71,0.58,0.53,0.5,0.58,0.54,0.57,0.75,0.66,0.65,0.64,0.61,0.58,0.64,0.52,0.59,CB,DEF,5
Yang Kuo,RB,China PR,0.62,0.75,0.52,0.55,0.56,0.56,0.69,0.72,0.77,0.52,0.61,0.54,0.57,0.68,0.75,0.67,0.54,0.53,0.59,0.6,0.5,0.52,RB,DEF,1
Terry Yegbe,CB,Ghana,0.62,0.64,0.36,0.48,0.5,0.59,0.73,0.63,0.65,0.46,0.37,0.55,0.55,0.85,0.59,0.78,0.61,0.59,0.57,0.58,0.6,0.42,CB,DEF,5
Yu Dabao,CB,China PR,0.62,0.44,0.57,0.57,0.56,0.58,0.7,0.37,0.49,0.35,0.71,0.62,0.56,0.83,0.42,0.75,0.59,0.56,0.54,0.56,0.71,0.68,CB,DEF,5
Yu Yang,CB,China PR,0.62,0.55,0.26,0.44,0.48,0.6,0.71,0.45,0.63,0.61,0.72,0.55,0.54,0.77,0.69,0.7,0.61,0.6,0.58,0.59,0.66,0.43,CB,DEF,5
Yue Tze nam,RB,Hong Kong,0.62,0.75,0.5,0.45,0.6,0.56,0.53,0.74,0.75,0.8,0.72,0.57,0.61,0.43,0.81,0.48,0.55,0.57,0.57,0.6,0.45,0.67,RB,DEF,1
Eriq Zavaleta,CB,El Salvador,0.62,0.46,0.46,0.5,0.53,0.59,0.72,0.48,0.45,0.32,0.55,0.58,0.55,0.78,0.63,0.7,0.6,0.59,0.57,0.59,0.63,0.68,CB,DEF,5
Christoffer Aasbak,LB,Norway,0.61,0.52,0.53,0.61,0.61,0.58,0.68,0.56,0.48,0.58,0.63,0.6,0.6,0.71,0.67,0.63,0.61,0.6,0.57,0.59,0.52,0.7,LB,DEF,1
Abduhamit Abdugheni,RB,China PR,0.61,0.77,0.42,0.48,0.6,0.57,0.71,0.78,0.76,0.76,0.58,0.52,0.55,0.75,0.72,0.74,0.61,0.59,0.57,0.53,0.5,0.54,RB,DEF,1
Emmanuel Adegboyega,CB,Republic of Ireland,0.61,0.6,0.36,0.41,0.45,0.61,0.72,0.64,0.57,0.34,0.39,0.48,0.54,0.76,0.68,0.75,0.62,0.57,0.6,0.62,0.62,0.46,CB,DEF,5
Abdelhamid Ait Boudlal,CB,Morocco,0.61,0.68,0.3,0.47,0.47,0.6,0.66,0.61,0.73,0.47,0.54,0.5,0.56,0.72,0.57,0.74,0.63,0.6,0.57,0.55,0.69,0.56,CB,DEF,5
Mohammed Al Baqawi,CB,Saudi Arabia,0.61,0.72,0.28,0.54,0.54,0.6,0.7,0.7,0.73,0.55,0.52,0.57,0.6,0.66,0.83,0.62,0.6,0.59,0.64,0.61,0.49,0.3,CB,DEF,1
Salem Al Najdi,LB,Saudi Arabia,0.61,0.66,0.35,0.46,0.54,0.6,0.6,0.66,0.66,0.56,0.64,0.56,0.58,0.6,0.6,0.65,0.6,0.6,0.61,0.6,0.58,0.3,LB,DEF,1
Abdullah Al Shamekh,LB,Saudi Arabia,0.61,0.72,0.4,0.55,0.61,0.56,0.66,0.73,0.71,0.7,0.65,0.61,0.52,0.72,0.62,0.68,0.62,0.58,0.54,0.55,0.48,0.6,LB,DEF,1
Mohammed Al Shuwayrikh,CB,Saudi Arabia,0.61,0.61,0.29,0.47,0.52,0.6,0.66,0.62,0.6,0.54,0.65,0.53,0.59,0.74,0.6,0.79,0.62,0.61,0.59,0.6,0.59,0.34,CB,DEF,5
Hussain Al Zabdani,RB,Saudi Arabia,0.61,0.71,0.3,0.49,0.55,0.58,0.63,0.72,0.7,0.58,0.55,0.55,0.58,0.65,0.66,0.64,0.6,0.61,0.57,0.6,0.49,0.35,RB,DEF,1
Ibrahim Al Zubaidi,LB,Saudi Arabia,0.61,0.66,0.33,0.54,0.63,0.57,0.65,0.66,0.66,0.72,0.71,0.61,0.53,0.65,0.64,0.63,0.61,0.6,0.54,0.56,0.53,0.35,LB,DEF,1
Ayoub Aleesami,CB,Norway,0.61,0.68,0.36,0.43,0.49,0.59,0.72,0.65,0.7,0.58,0.66,0.46,0.6,0.82,0.6,0.76,0.58,0.57,0.6,0.59,0.58,0.52,CB,DEF,5
Taylor Allen,CB,England,0.61,0.77,0.5,0.54,0.58,0.59,0.71,0.78,0.77,0.74,0.75,0.54,0.57,0.72,0.71,0.77,0.6,0.58,0.59,0.58,0.58,0.56,CB,DEF,1
Fernando Álvarez,CB,Colombia,0.61,0.67,0.34,0.43,0.45,0.6,0.68,0.68,0.67,0.54,0.53,0.51,0.54,0.72,0.67,0.71,0.62,0.67,0.55,0.6,0.57,0.64,CB,DEF,5
Mateo Argüello,RB,Uruguay,0.61,0.67,0.37,0.47,0.53,0.63,0.61,0.66,0.68,0.7,0.67,0.45,0.55,0.63,0.62,0.66,0.66,0.63,0.57,0.68,0.58,0.29,RB,DEF,1
Nahuel Arias,RB,Argentina,0.61,0.71,0.4,0.52,0.59,0.56,0.54,0.72,0.7,0.67,0.73,0.55,0.56,0.45,0.66,0.58,0.59,0.6,0.53,0.53,0.56,0.46,RB,DEF,1
Loick Ayina,CB,Congo,0.61,0.83,0.29,0.47,0.55,0.58,0.67,0.84,0.82,0.56,0.65,0.6,0.5,0.72,0.65,0.83,0.62,0.56,0.55,0.57,0.62,0.42,CB,DEF,1
Marcus Baggesen,LB,Denmark,0.61,0.75,0.31,0.56,0.62,0.52,0.6,0.74,0.75,0.71,0.7,0.64,0.57,0.6,0.67,0.58,0.54,0.52,0.52,0.54,0.42,0.23,LB,DEF,1
Bai Yang,CB,China PR,0.61,0.57,0.26,0.36,0.37,0.6,0.68,0.53,0.61,0.45,0.48,0.48,0.55,0.76,0.53,0.72,0.62,0.57,0.63,0.53,0.64,0.38,CB,DEF,5
Elias Bakatukanda,CB,Germany,0.61,0.64,0.25,0.33,0.38,0.63,0.6,0.63,0.64,0.49,0.45,0.37,0.57,0.68,0.46,0.67,0.72,0.69,0.55,0.58,0.59,0.4,CB,DEF,5
Aden Baldwin,CB,England,0.61,0.68,0.4,0.48,0.52,0.59,0.69,0.67,0.68,0.61,0.65,0.53,0.58,0.71,0.7,0.71,0.59,0.56,0.59,0.62,0.59,0.58,CB,DEF,1
Noahkai Banks,CB,United States,0.61,0.61,0.34,0.48,0.46,0.61,0.67,0.59,0.63,0.57,0.64,0.45,0.59,0.72,0.64,0.7,0.64,0.61,0.6,0.6,0.6,0.4,CB,DEF,5
Elias Baum,RB,Germany,0.61,0.68,0.4,0.53,0.63,0.57,0.57,0.66,0.69,0.7,0.75,0.62,0.58,0.57,0.59,0.56,0.57,0.54,0.58,0.59,0.48,0.52,RB,DEF,1
Luis Becerra,CB,Ecuador,0.61,0.71,0.5,0.55,0.6,0.59,0.64,0.71,0.71,0.7,0.7,0.56,0.6,0.7,0.53,0.73,0.61,0.57,0.58,0.59,0.6,0.61,CB,DEF,1
Rhys Bennett,CB,England,0.61,0.59,0.37,0.48,0.52,0.59,0.66,0.58,0.59,0.58,0.52,0.52,0.58,0.7,0.58,0.68,0.6,0.59,0.58,0.59,0.63,0.52,CB,DEF,5
Joel Bichsel,CB,Switzerland,0.61,0.54,0.29,0.41,0.43,0.6,0.67,0.53,0.55,0.42,0.34,0.47,0.54,0.75,0.54,0.69,0.6,0.57,0.61,0.58,0.62,0.46,CB,DEF,5
Clement Bischoff,LB,Denmark,0.61,0.69,0.48,0.58,0.64,0.54,0.59,0.67,0.7,0.58,0.62,0.67,0.59,0.59,0.58,0.59,0.54,0.57,0.54,0.53,0.5,0.55,LB,DEF,1
Ernest Boahene,RB,Ghana,0.61,0.75,0.44,0.53,0.62,0.56,0.6,0.73,0.77,0.74,0.78,0.6,0.56,0.58,0.64,0.6,0.57,0.55,0.56,0.58,0.48,0.55,RB,DEF,1
Giovanni Bonfanti,CB,Italy,0.61,0.39,0.35,0.49,0.5,0.65,0.56,0.38,0.39,0.38,0.39,0.52,0.61,0.58,0.51,0.55,0.67,0.66,0.65,0.62,0.61,0.38,CB,DEF,5
Ronan Boyce,RB,Republic of Ireland,0.61,0.65,0.48,0.55,0.57,0.57,0.65,0.65,0.65,0.61,0.6,0.57,0.56,0.65,0.71,0.62,0.6,0.56,0.6,0.53,0.52,0.48,RB,DEF,1
Rosen Bozhinov,CB,Bulgaria,0.61,0.63,0.31,0.49,0.5,0.6,0.64,0.56,0.68,0.45,0.4,0.55,0.58,0.69,0.54,0.67,0.62,0.59,0.57,0.62,0.62,0.46,CB,DEF,5
Tom Bradbury,CB,England,0.61,0.59,0.34,0.44,0.49,0.6,0.73,0.58,0.6,0.57,0.4,0.48,0.56,0.8,0.66,0.74,0.6,0.57,0.6,0.59,0.61,0.34,CB,DEF,5
Anthony Breslin,LB,Republic of Ireland,0.61,0.72,0.44,0.52,0.56,0.54,0.72,0.71,0.72,0.69,0.72,0.52,0.52,0.69,0.85,0.67,0.57,0.55,0.53,0.53,0.52,0.48,LB,DEF,1
Killian Brouder,CB,Republic of Ireland,0.61,0.52,0.22,0.37,0.39,0.62,0.71,0.53,0.51,0.53,0.51,0.38,0.54,0.74,0.7,0.7,0.63,0.62,0.61,0.59,0.65,0.33,CB,DEF,5
Jaden Brown,LB,England,0.61,0.79,0.43,0.55,0.63,0.55,0.62,0.78,0.8,0.8,0.79,0.58,0.53,0.62,0.63,0.69,0.56,0.54,0.55,0.54,0.54,0.4,LB,DEF,1
James Brown,RB,Republic of Ireland,0.61,0.72,0.49,0.52,0.58,0.56,0.7,0.74,0.7,0.7,0.71,0.54,0.58,0.69,0.72,0.69,0.57,0.56,0.56,0.54,0.53,0.52,RB,DEF,1
Garry Buckley,CB,Republic of Ireland,0.61,0.35,0.56,0.57,0.57,0.59,0.62,0.37,0.34,0.48,0.52,0.59,0.56,0.77,0.34,0.66,0.61,0.57,0.59,0.57,0.62,0.62,CB,DEF,5
Warren Burrell,CB,England,0.61,0.68,0.38,0.53,0.56,0.59,0.74,0.67,0.68,0.65,0.69,0.56,0.6,0.72,0.82,0.8,0.6,0.59,0.58,0.59,0.58,0.42,CB,DEF,1
Cabello,LB,Spain,0.61,0.65,0.39,0.55,0.47,0.61,0.58,0.66,0.65,0.63,0.62,0.45,0.61,0.55,0.6,0.64,0.61,0.59,0.62,0.6,0.6,0.45,LB,DEF,1
Lewis Cass,CB,England,0.61,0.66,0.33,0.49,0.57,0.6,0.67,0.64,0.67,0.62,0.53,0.58,0.57,0.73,0.6,0.7,0.62,0.59,0.6,0.59,0.58,0.45,CB,DEF,5
Català,CB,Spain,0.61,0.64,0.37,0.49,0.55,0.61,0.6,0.62,0.65,0.54,0.53,0.57,0.61,0.59,0.63,0.64,0.62,0.62,0.6,0.62,0.6,0.57,CB,DEF,5
Ekin Celebi,LB,Germany,0.61,0.66,0.3,0.47,0.54,0.58,0.66,0.65,0.66,0.67,0.65,0.53,0.54,0.67,0.68,0.69,0.64,0.62,0.52,0.56,0.61,0.39,LB,DEF,1
Chen Zhechao,LB,China PR,0.61,0.69,0.35,0.52,0.57,0.57,0.64,0.71,0.67,0.84,0.66,0.51,0.53,0.61,0.74,0.66,0.57,0.58,0.58,0.56,0.54,0.4,LB,DEF,1
Christopher Cheng,LB,Norway,0.61,0.84,0.48,0.52,0.62,0.55,0.54,0.86,0.82,0.74,0.81,0.58,0.56,0.48,0.71,0.54,0.6,0.57,0.56,0.5,0.4,0.53,LB,DEF,1
Moussa Cissé,LB,France,0.61,0.68,0.36,0.53,0.64,0.57,0.47,0.7,0.67,0.71,0.77,0.6,0.57,0.37,0.58,0.4,0.62,0.57,0.54,0.61,0.43,0.44,LB,DEF,1
Ibrahima Cissé,CB,Mali,0.61,0.61,0.3,0.44,0.48,0.6,0.67,0.56,0.65,0.48,0.34,0.48,0.56,0.8,0.51,0.75,0.65,0.61,0.54,0.57,0.67,0.35,CB,DEF,5
Grégory Coelho,RB,France,0.61,0.72,0.38,0.49,0.58,0.57,0.68,0.71,0.72,0.66,0.67,0.58,0.53,0.71,0.71,0.73,0.57,0.57,0.56,0.58,0.55,0.46,RB,DEF,1
Ryan Cooney,RB,England,0.61,0.72,0.44,0.51,0.58,0.56,0.68,0.73,0.71,0.72,0.77,0.55,0.56,0.69,0.8,0.68,0.56,0.57,0.55,0.57,0.52,0.52,RB,DEF,1
Martim Marques,LB,Portugal,0.61,0.68,0.33,0.56,0.66,0.57,0.43,0.71,0.66,0.74,0.78,0.65,0.51,0.32,0.55,0.6,0.59,0.6,0.54,0.57,0.57,0.42,LB,DEF,1
Cui Lin,LB,China PR,0.61,0.68,0.28,0.47,0.6,0.57,0.64,0.72,0.64,0.62,0.77,0.56,0.63,0.66,0.68,0.59,0.59,0.54,0.57,0.61,0.42,0.25,LB,DEF,1
Sam Curtis,RB,Republic of Ireland,0.61,0.67,0.33,0.52,0.58,0.57,0.64,0.68,0.66,0.65,0.6,0.59,0.54,0.59,0.74,0.63,0.6,0.58,0.56,0.53,0.56,0.3,RB,DEF,1
Jonathan Dean,LB,United States,0.61,0.64,0.36,0.54,0.53,0.58,0.59,0.61,0.67,0.56,0.78,0.46,0.58,0.56,0.71,0.6,0.61,0.61,0.58,0.54,0.55,0.46,LB,DEF,1
Jesse Debrah,CB,England,0.61,0.68,0.26,0.38,0.47,0.6,0.73,0.65,0.7,0.55,0.57,0.39,0.57,0.78,0.69,0.73,0.6,0.6,0.61,0.59,0.57,0.35,CB,DEF,5
Cengiz Demir,CB,Turkey,0.61,0.58,0.33,0.43,0.54,0.6,0.67,0.54,0.62,0.59,0.58,0.52,0.51,0.7,0.61,0.64,0.6,0.62,0.59,0.61,0.58,0.47,CB,DEF,5
Aldin Dervisevic,CB,Germany,0.61,0.53,0.34,0.51,0.51,0.6,0.7,0.51,0.55,0.46,0.45,0.5,0.52,0.84,0.59,0.71,0.63,0.57,0.59,0.63,0.55,0.39,CB,DEF,5
Moussa Diallo,RB,France,0.61,0.66,0.43,0.54,0.6,0.58,0.64,0.67,0.66,0.71,0.7,0.58,0.54,0.64,0.65,0.67,0.57,0.6,0.57,0.58,0.59,0.59,RB,DEF,1
Ben Doherty,LB,Republic of Ireland,0.61,0.79,0.51,0.56,0.6,0.55,0.57,0.79,0.79,0.71,0.8,0.56,0.63,0.58,0.56,0.58,0.58,0.53,0.58,0.54,0.4,0.51,LB,DEF,1
Cheick Doumbia,LB,France,0.61,0.69,0.44,0.56,0.62,0.57,0.51,0.72,0.66,0.7,0.75,0.63,0.6,0.46,0.55,0.58,0.59,0.58,0.55,0.56,0.55,0.49,LB,DEF,1
Igor Drapiński,LB,Poland,0.61,0.61,0.42,0.54,0.49,0.61,0.67,0.6,0.62,0.55,0.62,0.5,0.53,0.71,0.64,0.71,0.61,0.6,0.6,0.62,0.63,0.55,LB,DEF,5
Mandela Egbo,CB,England,0.61,0.79,0.4,0.55,0.6,0.59,0.69,0.82,0.77,0.66,0.68,0.57,0.58,0.72,0.62,0.79,0.59,0.58,0.6,0.59,0.56,0.47,CB,DEF,1
Vetle Walle Egeli,LB,Norway,0.61,0.61,0.48,0.56,0.62,0.58,0.59,0.57,0.64,0.73,0.75,0.59,0.6,0.57,0.66,0.47,0.6,0.58,0.59,0.61,0.39,0.47,LB,DEF,1
Aniss El Hriti,LB,France,0.61,0.63,0.35,0.51,0.59,0.58,0.67,0.66,0.6,0.65,0.67,0.59,0.57,0.69,0.59,0.68,0.61,0.6,0.56,0.57,0.58,0.45,LB,DEF,1
Nizamdin Ependi,RB,China PR,0.61,0.68,0.33,0.5,0.59,0.58,0.65,0.7,0.66,0.68,0.79,0.54,0.52,0.65,0.69,0.67,0.58,0.57,0.6,0.59,0.55,0.2,RB,DEF,1
Luca Everink,RB,Holland,0.61,0.72,0.31,0.47,0.57,0.59,0.67,0.73,0.72,0.53,0.64,0.54,0.55,0.72,0.63,0.72,0.63,0.62,0.56,0.59,0.54,0.31,RB,DEF,1
Francisco Facello,RB,Argentina,0.61,0.71,0.39,0.48,0.57,0.57,0.62,0.68,0.73,0.72,0.72,0.58,0.56,0.61,0.66,0.59,0.61,0.6,0.56,0.53,0.48,0.45,RB,DEF,1
Pascal Fallmann,RB,Austria,0.61,0.71,0.26,0.5,0.59,0.56,0.54,0.72,0.7,0.71,0.7,0.57,0.55,0.5,0.63,0.55,0.58,0.61,0.54,0.6,0.47,0.25,RB,DEF,1
Iván Flores,CB,Paraguay,0.61,0.64,0.37,0.44,0.47,0.6,0.64,0.65,0.63,0.48,0.56,0.55,0.59,0.7,0.54,0.71,0.63,0.59,0.57,0.58,0.65,0.41,CB,DEF,5
Anthony Forde,RB,Republic of Ireland,0.61,0.69,0.58,0.61,0.63,0.55,0.6,0.7,0.68,0.75,0.73,0.61,0.58,0.61,0.67,0.6,0.56,0.54,0.55,0.55,0.48,0.61,RB,DEF,1
Ignacio Galván,LB,Argentina,0.61,0.7,0.38,0.53,0.58,0.56,0.64,0.72,0.69,0.55,0.64,0.6,0.57,0.68,0.59,0.7,0.58,0.56,0.54,0.57,0.55,0.48,LB,DEF,1
Mariano Gómez,CB,Argentina,0.61,0.54,0.31,0.36,0.42,0.6,0.69,0.54,0.54,0.48,0.43,0.47,0.51,0.79,0.62,0.74,0.63,0.62,0.54,0.61,0.67,0.52,CB,DEF,5
José Gómez,RB,Argentina,0.61,0.64,0.33,0.4,0.57,0.63,0.63,0.65,0.64,0.64,0.78,0.43,0.54,0.62,0.67,0.64,0.69,0.66,0.63,0.58,0.55,0.35,RB,DEF,1
Nicksoen Gomis,CB,France,0.61,0.59,0.28,0.43,0.48,0.64,0.59,0.6,0.59,0.5,0.56,0.54,0.61,0.63,0.58,0.58,0.69,0.67,0.63,0.63,0.49,0.36,CB,DEF,5
Ross Graham,CB,Scotland,0.61,0.47,0.31,0.42,0.49,0.64,0.59,0.49,0.46,0.54,0.52,0.53,0.6,0.57,0.62,0.6,0.66,0.64,0.63,0.61,0.65,0.35,CB,DEF,5
Gustav Granath,CB,Sweden,0.61,0.66,0.27,0.51,0.41,0.6,0.68,0.64,0.67,0.46,0.49,0.55,0.58,0.79,0.59,0.77,0.6,0.58,0.6,0.57,0.64,0.4,CB,DEF,5
Xavi Grande,RB,Spain,0.61,0.62,0.42,0.57,0.57,0.59,0.51,0.64,0.6,0.58,0.61,0.56,0.57,0.43,0.59,0.47,0.62,0.61,0.57,0.59,0.52,0.47,RB,DEF,1
Alexander Groiß,CB,Germany,0.61,0.53,0.44,0.47,0.5,0.59,0.72,0.53,0.53,0.55,0.58,0.51,0.58,0.82,0.61,0.74,0.61,0.58,0.57,0.58,0.62,0.7,CB,DEF,5
Loup Diwan Gueho,CB,France,0.61,0.56,0.3,0.49,0.51,0.61,0.62,0.47,0.63,0.55,0.55,0.54,0.55,0.71,0.43,0.66,0.63,0.62,0.59,0.58,0.62,0.34,CB,DEF,5
Joaquín Gutiérrez,RB,Chile,0.61,0.73,0.24,0.42,0.58,0.57,0.49,0.75,0.72,0.57,0.72,0.54,0.58,0.42,0.65,0.48,0.6,0.56,0.58,0.57,0.45,0.25,RB,DEF,4
Bruno Gutiérrez,RB,Chile,0.61,0.68,0.28,0.51,0.58,0.55,0.66,0.69,0.67,0.56,0.6,0.62,0.54,0.67,0.72,0.61,0.58,0.61,0.53,0.54,0.47,0.22,RB,DEF,1
Han Pengfei,CB,China PR,0.61,0.44,0.51,0.52,0.57,0.58,0.79,0.36,0.51,0.56,0.72,0.54,0.6,0.85,0.82,0.68,0.59,0.58,0.55,0.61,0.6,0.53,CB,DEF,5
Sondre Fosnæss Hanssen,CB,Norway,0.61,0.51,0.33,0.47,0.5,0.61,0.67,0.52,0.51,0.63,0.62,0.53,0.58,0.76,0.58,0.7,0.63,0.61,0.6,0.59,0.6,0.49,CB,DEF,5
George Harmon,LB,England,0.61,0.68,0.4,0.51,0.59,0.57,0.58,0.67,0.69,0.53,0.49,0.59,0.61,0.57,0.64,0.59,0.63,0.57,0.56,0.53,0.5,0.48,LB,DEF,1
Tobias Hasse,RB,Germany,0.61,0.67,0.5,0.55,0.61,0.57,0.53,0.7,0.65,0.74,0.84,0.56,0.6,0.47,0.61,0.45,0.6,0.58,0.57,0.62,0.41,0.57,RB,DEF,1
Anders Hiim,LB,Norway,0.61,0.75,0.34,0.57,0.61,0.53,0.59,0.75,0.75,0.62,0.74,0.6,0.57,0.56,0.71,0.56,0.6,0.58,0.49,0.5,0.43,0.51,LB,DEF,1
Harrison Holgate,CB,England,0.61,0.6,0.25,0.39,0.48,0.61,0.69,0.64,0.57,0.45,0.63,0.49,0.57,0.76,0.62,0.73,0.62,0.6,0.62,0.61,0.59,0.38,CB,DEF,5
Erik Holt,CB,United States,0.61,0.47,0.28,0.45,0.5,0.62,0.68,0.49,0.46,0.34,0.52,0.48,0.59,0.77,0.57,0.67,0.62,0.57,0.64,0.61,0.58,0.38,CB,DEF,5
Hong Joon Ho,CB,Korea Republic,0.61,0.62,0.42,0.46,0.56,0.59,0.71,0.67,0.58,0.65,0.6,0.61,0.55,0.79,0.66,0.77,0.62,0.6,0.51,0.63,0.62,0.52,CB,DEF,5
Håkon Helland Hoseth,RB,Norway,0.61,0.72,0.47,0.57,0.61,0.52,0.67,0.71,0.73,0.65,0.63,0.62,0.57,0.67,0.74,0.66,0.53,0.52,0.5,0.55,0.5,0.55,RB,DEF,1
Florian Hoxha,LB,Kosovo,0.61,0.67,0.29,0.53,0.6,0.57,0.59,0.69,0.66,0.57,0.76,0.58,0.53,0.57,0.62,0.56,0.55,0.58,0.61,0.56,0.47,0.24,LB,DEF,1
Jack Hunt,RB,England,0.61,0.6,0.41,0.57,0.61,0.59,0.62,0.63,0.58,0.65,0.7,0.61,0.62,0.66,0.57,0.63,0.61,0.59,0.61,0.56,0.54,0.54,RB,DEF,1
Ellis Iandolo,LB,England,0.61,0.72,0.53,0.58,0.6,0.55,0.73,0.71,0.73,0.72,0.7,0.56,0.57,0.73,0.72,0.71,0.58,0.56,0.53,0.55,0.53,0.5,LB,DEF,1
Zeno Ibsen Rossi,CB,England,0.61,0.6,0.31,0.46,0.41,0.6,0.72,0.53,0.65,0.52,0.37,0.47,0.52,0.81,0.62,0.73,0.61,0.6,0.61,0.57,0.61,0.47,CB,DEF,5
Cristian Ignat,CB,Romania,0.61,0.75,0.31,0.38,0.41,0.6,0.71,0.68,0.8,0.61,0.55,0.42,0.58,0.77,0.65,0.76,0.61,0.59,0.61,0.56,0.61,0.35,CB,DEF,5
Pedro Gomes,CB,Portugal,0.61,0.6,0.27,0.39,0.4,0.62,0.68,0.63,0.57,0.45,0.63,0.41,0.54,0.78,0.64,0.72,0.68,0.65,0.6,0.58,0.55,0.39,CB,DEF,5
Bartosz Jaroszek,CB,Poland,0.61,0.6,0.25,0.27,0.31,0.64,0.66,0.59,0.6,0.49,0.48,0.28,0.65,0.77,0.63,0.74,0.62,0.6,0.69,0.61,0.64,0.38,CB,DEF,5
Jin Yangyang,CB,China PR,0.61,0.45,0.29,0.37,0.41,0.59,0.74,0.52,0.4,0.71,0.4,0.4,0.5,0.87,0.61,0.77,0.6,0.58,0.57,0.58,0.68,0.37,CB,DEF,5
Mamadou Jobe,CB,England,0.61,0.66,0.23,0.39,0.48,0.6,0.64,0.68,0.64,0.61,0.55,0.52,0.56,0.73,0.49,0.73,0.64,0.62,0.57,0.57,0.6,0.3,CB,DEF,5
Joe Johnson,LB,England,0.61,0.67,0.36,0.52,0.57,0.58,0.59,0.69,0.66,0.61,0.8,0.52,0.54,0.58,0.6,0.6,0.63,0.6,0.53,0.59,0.53,0.37,LB,DEF,1
Nils Kaiser,RB,Germany,0.61,0.65,0.5,0.57,0.61,0.57,0.61,0.67,0.63,0.75,0.73,0.6,0.62,0.6,0.71,0.62,0.56,0.5,0.63,0.56,0.54,0.58,RB,DEF,1
Justin-Noël Kalumba,LB,France,0.61,0.63,0.5,0.61,0.66,0.55,0.49,0.69,0.58,0.72,0.64,0.66,0.64,0.44,0.52,0.46,0.58,0.57,0.54,0.55,0.48,0.48,LB,DEF,1
Wojciech Kamiński,CB,Poland,0.61,0.59,0.42,0.5,0.52,0.6,0.7,0.56,0.61,0.51,0.55,0.53,0.56,0.75,0.64,0.68,0.6,0.59,0.6,0.59,0.58,0.49,CB,DEF,5
Johan Karlsson,RB,Sweden,0.61,0.65,0.42,0.55,0.61,0.55,0.61,0.69,0.62,0.72,0.75,0.61,0.58,0.58,0.76,0.56,0.57,0.56,0.55,0.57,0.45,0.52,RB,DEF,1
Ke Zhao,LB,China PR,0.61,0.5,0.3,0.52,0.56,0.59,0.68,0.47,0.53,0.7,0.74,0.53,0.63,0.67,0.71,0.54,0.57,0.6,0.64,0.58,0.49,0.55,LB,DEF,5
Lukas Kelly-Heald,LB,New Zealand,0.61,0.6,0.42,0.52,0.56,0.6,0.68,0.54,0.65,0.57,0.58,0.57,0.51,0.73,0.7,0.63,0.61,0.58,0.6,0.64,0.54,0.62,LB,DEF,5
Kim Jae Woo,CB,Korea Republic,0.61,0.73,0.45,0.43,0.44,0.6,0.73,0.74,0.72,0.63,0.71,0.36,0.6,0.83,0.71,0.84,0.57,0.52,0.62,0.61,0.65,0.51,CB,DEF,5
Kim Hyun Woo,CB,Korea Republic,0.61,0.66,0.37,0.46,0.5,0.62,0.66,0.65,0.67,0.66,0.61,0.49,0.56,0.68,0.68,0.66,0.65,0.63,0.62,0.62,0.55,0.41,CB,DEF,5
Kim Woo Suk,CB,Korea Republic,0.61,0.44,0.28,0.38,0.45,0.61,0.65,0.4,0.48,0.5,0.55,0.48,0.58,0.71,0.54,0.64,0.62,0.59,0.61,0.57,0.64,0.35,CB,DEF,5
Caleb Kporha,RB,England,0.61,0.69,0.59,0.56,0.6,0.57,0.61,0.71,0.67,0.66,0.81,0.58,0.56,0.6,0.53,0.65,0.59,0.58,0.54,0.58,0.54,0.65,RB,DEF,1
Laurit Krasniqi,LB,Kosovo,0.61,0.68,0.26,0.48,0.53,0.58,0.63,0.69,0.68,0.71,0.68,0.58,0.56,0.59,0.61,0.6,0.61,0.6,0.55,0.59,0.5,0.38,LB,DEF,1
Stian Kristiansen,CB,Norway,0.61,0.5,0.53,0.52,0.48,0.6,0.68,0.48,0.51,0.4,0.63,0.5,0.6,0.74,0.62,0.67,0.6,0.59,0.61,0.58,0.61,0.67,CB,DEF,5
Nishu Kumar,LB,India,0.61,0.78,0.48,0.53,0.52,0.55,0.64,0.77,0.79,0.72,0.8,0.46,0.52,0.61,0.69,0.65,0.62,0.6,0.49,0.55,0.48,0.57,LB,DEF,1
Sigurd Kvile,CB,Norway,0.61,0.67,0.29,0.42,0.51,0.6,0.68,0.66,0.68,0.53,0.52,0.53,0.57,0.77,0.6,0.74,0.62,0.6,0.58,0.59,0.58,0.36,CB,DEF,5
Kweon Han Jin,CB,Korea Republic,0.61,0.34,0.39,0.47,0.5,0.6,0.65,0.35,0.34,0.38,0.6,0.53,0.54,0.77,0.45,0.65,0.57,0.6,0.62,0.61,0.62,0.36,CB,DEF,5
Victor Larsson,CB,Sweden,0.61,0.67,0.45,0.55,0.6,0.6,0.71,0.67,0.67,0.66,0.58,0.61,0.58,0.69,0.78,0.68,0.62,0.6,0.59,0.59,0.59,0.55,CB,DEF,1
Nico Lawrence,CB,England,0.61,0.63,0.31,0.49,0.53,0.59,0.67,0.62,0.64,0.56,0.51,0.54,0.57,0.73,0.58,0.7,0.6,0.57,0.6,0.58,0.59,0.43,CB,DEF,5
Darragh Leahy,CB,Republic of Ireland,0.61,0.65,0.5,0.57,0.57,0.59,0.7,0.66,0.65,0.61,0.49,0.55,0.57,0.68,0.75,0.76,0.61,0.58,0.59,0.58,0.57,0.54,CB,DEF,1
Lee Ji Sol,CB,Korea Republic,0.61,0.62,0.39,0.41,0.42,0.58,0.74,0.62,0.62,0.77,0.63,0.51,0.52,0.76,0.74,0.75,0.6,0.58,0.54,0.57,0.62,0.43,CB,DEF,5
David Lelle,CB,Germany,0.61,0.54,0.32,0.39,0.46,0.63,0.6,0.55,0.53,0.53,0.66,0.47,0.57,0.65,0.52,0.66,0.69,0.68,0.59,0.59,0.63,0.46,CB,DEF,5
Adam Lewis,LB,England,0.61,0.7,0.38,0.55,0.61,0.55,0.59,0.73,0.67,0.77,0.73,0.58,0.57,0.52,0.69,0.56,0.57,0.55,0.55,0.58,0.47,0.3,LB,DEF,1
Li Yang,CB,China PR,0.61,0.55,0.26,0.38,0.44,0.61,0.72,0.59,0.52,0.48,0.72,0.37,0.58,0.8,0.71,0.76,0.6,0.62,0.59,0.63,0.68,0.42,CB,DEF,5
Jonas Lietaert,CB,Belgium,0.61,0.56,0.26,0.49,0.47,0.63,0.55,0.58,0.55,0.53,0.57,0.6,0.61,0.56,0.5,0.56,0.65,0.64,0.64,0.62,0.53,0.27,CB,DEF,5
Rosaire Longelo,LB,England,0.61,0.82,0.51,0.55,0.63,0.53,0.57,0.83,0.82,0.76,0.73,0.59,0.55,0.6,0.61,0.67,0.56,0.54,0.52,0.54,0.48,0.59,LB,DEF,1
Kacper Lopata,CB,Poland,0.61,0.56,0.27,0.39,0.37,0.6,0.71,0.53,0.59,0.44,0.46,0.39,0.56,0.76,0.63,0.71,0.61,0.58,0.6,0.58,0.63,0.3,CB,DEF,5
Loïc Lüthi,CB,Switzerland,0.61,0.57,0.3,0.41,0.44,0.61,0.67,0.56,0.58,0.59,0.53,0.48,0.56,0.68,0.66,0.64,0.61,0.58,0.62,0.6,0.59,0.44,CB,DEF,5
Théo Magnin,RB,Switzerland,0.61,0.63,0.35,0.48,0.6,0.58,0.51,0.64,0.62,0.72,0.84,0.59,0.61,0.41,0.67,0.47,0.57,0.58,0.61,0.58,0.53,0.41,RB,DEF,1
Jahkeele Marshall-Rutty,RB,Canada,0.61,0.81,0.51,0.55,0.69,0.52,0.41,0.84,0.79,0.82,0.81,0.66,0.59,0.32,0.6,0.43,0.57,0.57,0.54,0.51,0.31,0.55,RB,DEF,1
James Maxwell,LB,Scotland,0.61,0.71,0.29,0.49,0.6,0.57,0.64,0.72,0.71,0.72,0.69,0.56,0.58,0.62,0.71,0.57,0.59,0.6,0.59,0.6,0.38,0.25,LB,DEF,1
Shane McEleney,CB,Republic of Ireland,0.61,0.32,0.33,0.49,0.44,0.58,0.72,0.31,0.32,0.3,0.31,0.52,0.53,0.81,0.56,0.66,0.6,0.52,0.58,0.56,0.62,0.54,CB,DEF,5
Robbie McKenzie,RB,England,0.61,0.67,0.47,0.54,0.54,0.57,0.71,0.66,0.68,0.58,0.52,0.54,0.56,0.72,0.78,0.7,0.59,0.58,0.54,0.58,0.57,0.63,RB,DEF,1
Jack McMillan,RB,Scotland,0.61,0.67,0.35,0.5,0.56,0.58,0.67,0.68,0.66,0.63,0.55,0.57,0.58,0.69,0.65,0.65,0.58,0.59,0.58,0.6,0.54,0.37,RB,DEF,1
Bissenty Mendy,CB,Senegal,0.61,0.63,0.27,0.43,0.45,0.61,0.66,0.66,0.61,0.36,0.55,0.5,0.61,0.7,0.6,0.7,0.62,0.6,0.6,0.6,0.61,0.37,CB,DEF,5
Metehan Mert,CB,Turkey,0.61,0.57,0.29,0.34,0.37,0.65,0.65,0.57,0.57,0.48,0.64,0.32,0.54,0.63,0.68,0.65,0.66,0.67,0.65,0.63,0.6,0.43,CB,DEF,5
Bastien Meupiyou,CB,France,0.61,0.58,0.33,0.43,0.43,0.62,0.62,0.61,0.56,0.43,0.44,0.49,0.48,0.68,0.56,0.7,0.69,0.68,0.55,0.58,0.66,0.42,CB,DEF,5
Felix Meyer,LB,Germany,0.61,0.72,0.38,0.56,0.54,0.57,0.68,0.71,0.73,0.57,0.59,0.53,0.61,0.73,0.63,0.76,0.58,0.55,0.57,0.55,0.6,0.43,LB,DEF,1
Tony Miettinen,CB,Finland,0.61,0.6,0.34,0.43,0.48,0.62,0.61,0.62,0.58,0.54,0.6,0.47,0.58,0.63,0.61,0.65,0.62,0.64,0.63,0.59,0.59,0.48,CB,DEF,5
Václav Míka,CB,Czech Republic,0.61,0.6,0.23,0.38,0.45,0.6,0.71,0.62,0.58,0.43,0.5,0.5,0.57,0.79,0.62,0.76,0.59,0.56,0.59,0.6,0.65,0.33,CB,DEF,5
Mateja Milovanović,CB,Serbia,0.61,0.65,0.34,0.48,0.56,0.62,0.64,0.65,0.65,0.57,0.6,0.57,0.54,0.69,0.59,0.68,0.64,0.63,0.62,0.61,0.59,0.4,CB,DEF,5
Min Gyeong Hyeon,LB,Korea Republic,0.61,0.75,0.33,0.44,0.58,0.55,0.68,0.73,0.76,0.72,0.79,0.54,0.6,0.68,0.76,0.61,0.58,0.54,0.56,0.53,0.44,0.32,LB,DEF,1
Danilo Mitrović,CB,Serbia,0.61,0.63,0.45,0.51,0.52,0.66,0.6,0.68,0.58,0.56,0.65,0.47,0.59,0.54,0.7,0.49,0.7,0.68,0.68,0.67,0.44,0.52,CB,DEF,1
Piotr Mroziński,RB,Poland,0.61,0.59,0.43,0.54,0.55,0.59,0.72,0.53,0.64,0.52,0.68,0.56,0.63,0.74,0.72,0.6,0.58,0.56,0.62,0.64,0.48,0.5,RB,DEF,5
Jefferson Nazareno,CB,Ecuador,0.61,0.63,0.32,0.41,0.49,0.63,0.66,0.61,0.64,0.67,0.62,0.5,0.45,0.68,0.67,0.68,0.63,0.62,0.61,0.67,0.6,0.51,CB,DEF,5
Momodou Lion Njie,CB,Norway,0.61,0.63,0.3,0.41,0.48,0.57,0.78,0.61,0.65,0.52,0.59,0.48,0.57,0.91,0.62,0.78,0.57,0.55,0.58,0.57,0.58,0.54,CB,DEF,5
Vinícius Nogueira,LB,Brazil,0.61,0.71,0.47,0.54,0.59,0.53,0.68,0.72,0.71,0.67,0.67,0.59,0.6,0.69,0.78,0.64,0.54,0.53,0.52,0.54,0.47,0.52,LB,DEF,1
Amin Nouri,RB,Norway,0.61,0.53,0.48,0.55,0.62,0.59,0.67,0.5,0.56,0.62,0.73,0.61,0.6,0.68,0.65,0.58,0.58,0.56,0.6,0.62,0.53,0.66,RB,DEF,1
Clinton Nsiala,CB,France,0.61,0.62,0.3,0.41,0.52,0.6,0.68,0.58,0.65,0.61,0.53,0.53,0.6,0.74,0.59,0.68,0.62,0.57,0.61,0.58,0.58,0.51,CB,DEF,5
David Odogu,CB,Germany,0.61,0.58,0.32,0.42,0.49,0.62,0.65,0.62,0.55,0.46,0.45,0.57,0.51,0.7,0.6,0.7,0.66,0.6,0.57,0.62,0.65,0.55,CB,DEF,5
David Okagbue,CB,Republic of Ireland,0.61,0.72,0.26,0.41,0.48,0.61,0.69,0.68,0.75,0.47,0.63,0.44,0.58,0.73,0.69,0.73,0.62,0.59,0.61,0.62,0.6,0.34,CB,DEF,5
Joseph Olowu,CB,England,0.61,0.73,0.32,0.42,0.51,0.6,0.7,0.66,0.79,0.59,0.59,0.5,0.58,0.74,0.7,0.73,0.6,0.61,0.6,0.61,0.6,0.45,CB,DEF,5
Devin Padelford,CB,United States,0.61,0.56,0.31,0.48,0.57,0.63,0.6,0.57,0.55,0.59,0.55,0.62,0.64,0.62,0.59,0.55,0.63,0.61,0.67,0.64,0.46,0.35,CB,DEF,5
Noah Pallas,LB,Finland,0.61,0.74,0.5,0.56,0.59,0.53,0.56,0.75,0.73,0.64,0.78,0.57,0.61,0.51,0.65,0.52,0.58,0.56,0.51,0.53,0.42,0.58,LB,DEF,1
Pamies,CB,Spain,0.61,0.65,0.29,0.49,0.55,0.62,0.64,0.66,0.64,0.59,0.6,0.58,0.57,0.64,0.66,0.68,0.63,0.6,0.61,0.61,0.61,0.47,CB,DEF,5
Ionuț Panțîru,LB,Romania,0.61,0.72,0.51,0.57,0.6,0.56,0.62,0.73,0.71,0.7,0.7,0.58,0.55,0.63,0.57,0.66,0.58,0.58,0.54,0.56,0.53,0.61,LB,DEF,1
Jasper Pattenden,RB,England,0.61,0.81,0.49,0.56,0.61,0.54,0.58,0.8,0.82,0.88,0.84,0.55,0.58,0.58,0.63,0.66,0.56,0.52,0.55,0.54,0.51,0.56,RB,DEF,1
Fredrik Carson Pedersen,RB,Norway,0.61,0.69,0.29,0.56,0.61,0.55,0.6,0.7,0.69,0.67,0.77,0.59,0.54,0.56,0.66,0.56,0.6,0.56,0.53,0.55,0.46,0.35,RB,DEF,1
Joaquín Pereyra,LB,Argentina,0.61,0.71,0.51,0.57,0.59,0.56,0.56,0.7,0.71,0.61,0.62,0.6,0.58,0.58,0.57,0.57,0.59,0.57,0.54,0.56,0.48,0.5,LB,DEF,1
Leonardo Pérez,CB,Venezuela,0.61,0.64,0.3,0.42,0.37,0.6,0.67,0.61,0.67,0.49,0.52,0.4,0.64,0.75,0.6,0.7,0.64,0.62,0.55,0.6,0.57,0.39,CB,DEF,5
Edoardo Pieragnolo,LB,Italy,0.61,0.68,0.34,0.47,0.55,0.55,0.61,0.64,0.71,0.55,0.59,0.58,0.6,0.59,0.67,0.51,0.61,0.64,0.54,0.51,0.4,0.37,LB,DEF,1
Darragh Power,RB,Republic of Ireland,0.61,0.71,0.32,0.49,0.54,0.57,0.58,0.72,0.7,0.67,0.57,0.52,0.54,0.54,0.7,0.56,0.58,0.56,0.62,0.55,0.46,0.35,RB,DEF,1
Mohammed Qasem,LB,Saudi Arabia,0.61,0.74,0.56,0.55,0.64,0.55,0.7,0.73,0.74,0.72,0.79,0.6,0.52,0.71,0.72,0.7,0.55,0.57,0.55,0.55,0.51,0.68,LB,DEF,1
Rao Weihui,LB,China PR,0.61,0.68,0.37,0.53,0.55,0.58,0.63,0.7,0.67,0.65,0.69,0.54,0.54,0.6,0.7,0.65,0.58,0.57,0.58,0.58,0.56,0.24,LB,DEF,1
Joshua Rawlins,RB,Australia,0.61,0.72,0.4,0.54,0.59,0.55,0.66,0.73,0.71,0.7,0.7,0.58,0.56,0.66,0.74,0.67,0.6,0.58,0.54,0.52,0.5,0.48,RB,DEF,1
Leon Reichardt,CB,Germany,0.61,0.58,0.38,0.52,0.55,0.63,0.6,0.63,0.54,0.46,0.6,0.6,0.63,0.59,0.65,0.63,0.65,0.63,0.64,0.58,0.59,0.43,CB,DEF,5
Peter Reinhardsen,RB,Norway,0.61,0.68,0.48,0.55,0.6,0.56,0.67,0.67,0.69,0.63,0.55,0.61,0.56,0.68,0.68,0.67,0.6,0.57,0.54,0.55,0.55,0.52,RB,DEF,1
Pau Resta,CB,Spain,0.61,0.58,0.38,0.46,0.47,0.62,0.64,0.55,0.6,0.48,0.58,0.55,0.5,0.66,0.67,0.66,0.65,0.62,0.59,0.61,0.63,0.53,CB,DEF,5
Callum Reynolds,CB,England,0.61,0.45,0.27,0.38,0.43,0.6,0.72,0.42,0.47,0.45,0.41,0.43,0.58,0.77,0.61,0.67,0.6,0.59,0.61,0.6,0.61,0.38,CB,DEF,5
Alessio Rizza,LB,Italy,0.61,0.68,0.48,0.53,0.62,0.56,0.52,0.64,0.72,0.69,0.69,0.6,0.57,0.49,0.63,0.44,0.62,0.63,0.53,0.54,0.42,0.59,LB,DEF,1
Felix Ruschke,LB,Germany,0.61,0.71,0.32,0.45,0.57,0.58,0.66,0.7,0.72,0.6,0.62,0.55,0.6,0.7,0.65,0.71,0.6,0.61,0.56,0.55,0.6,0.4,LB,DEF,1
Tate Russell,RB,Australia,0.61,0.8,0.46,0.55,0.59,0.54,0.63,0.82,0.78,0.74,0.74,0.56,0.56,0.6,0.71,0.7,0.56,0.54,0.52,0.55,0.5,0.52,RB,DEF,1
Taha Şahin,RB,Turkey,0.61,0.69,0.3,0.52,0.61,0.58,0.51,0.71,0.68,0.58,0.71,0.56,0.56,0.46,0.57,0.51,0.63,0.6,0.57,0.59,0.46,0.35,RB,DEF,1
Jack Sanders,CB,England,0.61,0.45,0.31,0.44,0.43,0.57,0.79,0.5,0.41,0.36,0.37,0.5,0.47,0.87,0.67,0.72,0.6,0.59,0.54,0.56,0.57,0.38,CB,DEF,5
Sais Santibáñez,LB,Peru,0.61,0.63,0.28,0.52,0.42,0.6,0.6,0.62,0.64,0.5,0.69,0.42,0.55,0.58,0.66,0.62,0.65,0.64,0.55,0.59,0.59,0.29,LB,DEF,4
Tate Schmitt,LB,United States,0.61,0.68,0.61,0.53,0.65,0.54,0.66,0.65,0.71,0.66,0.63,0.67,0.62,0.7,0.68,0.65,0.57,0.55,0.54,0.49,0.54,0.69,LB,DEF,1
Cory Sene,CB,Senegal,0.61,0.47,0.36,0.41,0.45,0.6,0.7,0.39,0.53,0.53,0.38,0.47,0.59,0.83,0.51,0.64,0.61,0.61,0.6,0.62,0.54,0.43,CB,DEF,5
Jack Senior,LB,England,0.61,0.76,0.24,0.5,0.57,0.56,0.68,0.78,0.74,0.81,0.74,0.52,0.56,0.67,0.74,0.71,0.56,0.55,0.55,0.58,0.54,0.27,LB,DEF,1
Junior Senneville,RB,France,0.61,0.56,0.49,0.59,0.6,0.59,0.5,0.61,0.52,0.58,0.78,0.63,0.61,0.46,0.51,0.5,0.63,0.6,0.57,0.59,0.53,0.52,RB,DEF,1
Daniel Șerbănică,LB,Romania,0.61,0.66,0.36,0.53,0.45,0.57,0.64,0.63,0.68,0.65,0.63,0.5,0.61,0.66,0.68,0.55,0.61,0.59,0.58,0.55,0.43,0.48,LB,DEF,1
Chinglensana Singh,CB,India,0.61,0.68,0.26,0.41,0.49,0.59,0.75,0.67,0.69,0.59,0.31,0.5,0.51,0.77,0.7,0.78,0.64,0.63,0.6,0.5,0.5,0.39,CB,DEF,5
Song Long,LB,China PR,0.61,0.67,0.37,0.54,0.59,0.56,0.68,0.7,0.64,0.57,0.68,0.61,0.54,0.72,0.7,0.75,0.54,0.56,0.56,0.55,0.65,0.34,LB,DEF,1
Maxime Soulas,CB,France,0.61,0.62,0.35,0.49,0.51,0.6,0.66,0.56,0.66,0.48,0.48,0.54,0.57,0.73,0.55,0.69,0.63,0.57,0.58,0.58,0.6,0.43,CB,DEF,5
Jason Sraha,CB,England,0.61,0.64,0.26,0.38,0.45,0.6,0.69,0.61,0.66,0.42,0.47,0.45,0.6,0.75,0.62,0.72,0.6,0.58,0.61,0.6,0.6,0.34,CB,DEF,5
Tony Strata,LB,Romania,0.61,0.65,0.34,0.52,0.59,0.57,0.55,0.66,0.64,0.72,0.75,0.55,0.59,0.52,0.63,0.53,0.62,0.55,0.54,0.58,0.49,0.34,LB,DEF,1
Yasir Subaşı,LB,Turkey,0.61,0.7,0.36,0.45,0.57,0.58,0.64,0.7,0.7,0.74,0.65,0.55,0.58,0.65,0.67,0.61,0.58,0.55,0.62,0.6,0.48,0.35,LB,DEF,1
Sun Jie,CB,China PR,0.61,0.39,0.42,0.51,0.54,0.59,0.75,0.46,0.33,0.55,0.34,0.53,0.48,0.78,0.72,0.71,0.59,0.57,0.59,0.56,0.68,0.54,CB,DEF,5
Lamine Sy,RB,France,0.61,0.77,0.38,0.51,0.59,0.55,0.54,0.8,0.75,0.73,0.8,0.61,0.49,0.48,0.68,0.57,0.59,0.56,0.55,0.53,0.48,0.41,RB,DEF,1
Max Taylor,CB,England,0.61,0.54,0.34,0.45,0.45,0.58,0.75,0.52,0.55,0.34,0.39,0.51,0.5,0.83,0.66,0.74,0.6,0.61,0.56,0.53,0.62,0.46,CB,DEF,5
Kosi Thompson,RB,Canada,0.61,0.81,0.5,0.54,0.6,0.55,0.63,0.81,0.81,0.61,0.58,0.61,0.49,0.65,0.64,0.72,0.55,0.54,0.55,0.54,0.53,0.55,RB,DEF,1
Antonio Tikvić,CB,Croatia,0.61,0.35,0.31,0.42,0.42,0.6,0.68,0.33,0.36,0.32,0.34,0.49,0.57,0.8,0.53,0.66,0.61,0.59,0.6,0.59,0.63,0.42,CB,DEF,5
Mohammed Tolba,RB,Germany,0.61,0.57,0.38,0.53,0.6,0.61,0.63,0.53,0.61,0.67,0.65,0.57,0.54,0.63,0.54,0.61,0.62,0.62,0.59,0.61,0.58,0.51,RB,DEF,1
Tong Lei,RB,China PR,0.61,0.73,0.51,0.53,0.61,0.53,0.65,0.76,0.7,0.75,0.63,0.61,0.57,0.64,0.73,0.65,0.54,0.53,0.5,0.58,0.45,0.48,RB,DEF,1
Cristian Toro,CB,Chile,0.61,0.64,0.38,0.38,0.56,0.6,0.69,0.66,0.62,0.58,0.67,0.55,0.6,0.75,0.66,0.74,0.61,0.6,0.61,0.56,0.61,0.48,CB,DEF,5
Luke Turner,CB,Republic of Ireland,0.61,0.53,0.28,0.41,0.41,0.61,0.71,0.55,0.52,0.51,0.52,0.48,0.56,0.75,0.71,0.68,0.62,0.59,0.61,0.59,0.59,0.32,CB,DEF,5
Tariq Uwakwe,LB,England,0.61,0.72,0.5,0.56,0.57,0.55,0.62,0.72,0.72,0.64,0.69,0.55,0.55,0.59,0.81,0.6,0.55,0.54,0.57,0.57,0.47,0.55,LB,DEF,1
Ronald Vega,CB,Peru,0.61,0.63,0.24,0.32,0.36,0.62,0.66,0.62,0.63,0.5,0.58,0.42,0.62,0.7,0.61,0.66,0.67,0.63,0.61,0.6,0.55,0.33,CB,DEF,5
Sascha Voelcke,LB,Germany,0.61,0.69,0.34,0.49,0.57,0.59,0.59,0.68,0.7,0.63,0.61,0.53,0.59,0.61,0.57,0.63,0.61,0.58,0.58,0.59,0.54,0.37,LB,DEF,1
Robert Voloder,CB,Germany,0.61,0.67,0.27,0.41,0.5,0.62,0.63,0.63,0.71,0.51,0.58,0.5,0.54,0.69,0.59,0.66,0.64,0.64,0.62,0.61,0.56,0.4,CB,DEF,5
Reuell Walters,RB,England,0.61,0.65,0.3,0.4,0.52,0.65,0.59,0.63,0.66,0.54,0.66,0.39,0.6,0.58,0.6,0.61,0.71,0.69,0.62,0.61,0.55,0.34,RB,DEF,5
August Wängberg,RB,Sweden,0.61,0.6,0.34,0.49,0.54,0.57,0.72,0.61,0.59,0.62,0.63,0.53,0.58,0.73,0.79,0.63,0.6,0.58,0.56,0.58,0.49,0.33,RB,DEF,5
Ben Warland,CB,Australia,0.61,0.38,0.34,0.47,0.46,0.6,0.73,0.33,0.42,0.5,0.57,0.46,0.56,0.79,0.67,0.65,0.61,0.58,0.6,0.59,0.61,0.45,CB,DEF,5
Lasse Wilhelm,CB,Germany,0.61,0.59,0.31,0.48,0.5,0.63,0.56,0.55,0.63,0.55,0.55,0.5,0.59,0.65,0.37,0.65,0.64,0.62,0.62,0.62,0.62,0.48,CB,DEF,5
Josh Williams,RB,England,0.61,0.78,0.45,0.53,0.57,0.56,0.6,0.74,0.82,0.66,0.63,0.55,0.57,0.6,0.58,0.65,0.59,0.57,0.55,0.55,0.5,0.48,RB,DEF,1
Max Williamsen,CB,Norway,0.61,0.52,0.36,0.46,0.5,0.6,0.67,0.53,0.52,0.61,0.53,0.54,0.56,0.75,0.55,0.67,0.6,0.62,0.6,0.6,0.57,0.58,CB,DEF,5
Tyreke Wilson,LB,Republic of Ireland,0.61,0.7,0.42,0.56,0.61,0.56,0.56,0.72,0.68,0.71,0.76,0.59,0.51,0.5,0.65,0.55,0.6,0.59,0.54,0.57,0.46,0.56,LB,DEF,1
Connor Wood,LB,England,0.61,0.75,0.5,0.53,0.6,0.54,0.65,0.73,0.77,0.82,0.8,0.55,0.56,0.62,0.74,0.63,0.57,0.54,0.53,0.55,0.48,0.6,LB,DEF,1
David Worrall,RB,England,0.61,0.75,0.56,0.61,0.63,0.52,0.59,0.76,0.74,0.8,0.82,0.6,0.58,0.54,0.73,0.71,0.49,0.51,0.54,0.53,0.53,0.62,RB,DEF,1
François Yabré,CB,Burkina Faso,0.61,0.63,0.31,0.33,0.36,0.62,0.76,0.61,0.64,0.33,0.56,0.35,0.64,0.85,0.68,0.69,0.63,0.54,0.66,0.63,0.48,0.39,CB,DEF,5
Yang Yiming,CB,China PR,0.61,0.48,0.5,0.39,0.47,0.59,0.74,0.42,0.52,0.49,0.33,0.53,0.51,0.86,0.59,0.74,0.59,0.55,0.58,0.55,0.69,0.53,CB,DEF,5
Yu Rui,CB,China PR,0.61,0.52,0.39,0.51,0.52,0.59,0.74,0.51,0.52,0.4,0.67,0.51,0.55,0.81,0.66,0.74,0.58,0.56,0.61,0.57,0.64,0.51,CB,DEF,5
Yuan Mincheng,CB,China PR,0.61,0.61,0.24,0.36,0.34,0.64,0.76,0.49,0.7,0.58,0.54,0.29,0.51,0.89,0.72,0.72,0.63,0.58,0.71,0.6,0.56,0.32,CB,DEF,5
Yue Xin,LB,China PR,0.61,0.78,0.24,0.43,0.56,0.54,0.6,0.79,0.78,0.58,0.72,0.53,0.68,0.57,0.67,0.7,0.6,0.55,0.5,0.5,0.58,0.24,LB,DEF,1
Fahad Al Abdulrazzaq,RB,Saudi Arabia,0.6,0.74,0.34,0.53,0.54,0.54,0.56,0.75,0.73,0.63,0.49,0.53,0.52,0.56,0.6,0.56,0.59,0.61,0.53,0.52,0.43,0.33,RB,DEF,4
Khalifa Al Dawsari,CB,Saudi Arabia,0.6,0.71,0.38,0.45,0.51,0.58,0.7,0.7,0.71,0.49,0.66,0.51,0.54,0.73,0.64,0.8,0.6,0.59,0.56,0.59,0.55,0.5,CB,DEF,5
Amaar Al Dohaim,CB,Saudi Arabia,0.6,0.64,0.41,0.45,0.48,0.59,0.69,0.62,0.66,0.66,0.56,0.51,0.5,0.73,0.6,0.79,0.6,0.63,0.58,0.57,0.59,0.38,CB,DEF,5
Dhari Al Enazi,LB,Saudi Arabia,0.6,0.7,0.3,0.47,0.55,0.54,0.56,0.72,0.69,0.71,0.6,0.54,0.58,0.5,0.7,0.59,0.6,0.6,0.5,0.56,0.4,0.24,LB,DEF,1
Aref Al Haider,RB,Saudi Arabia,0.6,0.85,0.5,0.52,0.61,0.52,0.64,0.89,0.82,0.81,0.8,0.55,0.5,0.58,0.75,0.62,0.54,0.5,0.53,0.54,0.41,0.54,RB,DEF,1
Bandar Al Mutairi,LB,Saudi Arabia,0.6,0.77,0.28,0.51,0.57,0.54,0.55,0.77,0.77,0.75,0.8,0.54,0.47,0.45,0.74,0.58,0.58,0.56,0.54,0.52,0.4,0.34,LB,DEF,1
Abdulrahman Al Obaid,LB,Saudi Arabia,0.6,0.68,0.57,0.62,0.62,0.54,0.58,0.7,0.66,0.71,0.73,0.61,0.55,0.58,0.53,0.69,0.54,0.57,0.52,0.54,0.52,0.66,LB,DEF,1
Ibrahim Al Shuayl,LB,Saudi Arabia,0.6,0.68,0.42,0.58,0.58,0.55,0.54,0.7,0.67,0.68,0.71,0.55,0.48,0.58,0.56,0.53,0.58,0.58,0.56,0.55,0.44,0.66,LB,DEF,1
César Álvarez,RB,Spain,0.6,0.77,0.36,0.48,0.55,0.57,0.56,0.71,0.81,0.73,0.65,0.49,0.55,0.55,0.58,0.61,0.61,0.57,0.54,0.6,0.51,0.34,RB,DEF,1
Harry Amass,LB,England,0.6,0.73,0.29,0.46,0.61,0.55,0.58,0.7,0.76,0.7,0.68,0.59,0.52,0.56,0.66,0.56,0.6,0.58,0.53,0.53,0.45,0.35,LB,DEF,1
Marius Antoche,CB,Romania,0.6,0.49,0.34,0.5,0.49,0.58,0.62,0.5,0.48,0.55,0.59,0.49,0.58,0.71,0.35,0.67,0.59,0.56,0.56,0.56,0.62,0.46,CB,DEF,5
Georgios Antzoulas,CB,Greece,0.6,0.62,0.46,0.54,0.54,0.57,0.66,0.62,0.62,0.5,0.52,0.58,0.58,0.69,0.64,0.69,0.58,0.56,0.56,0.56,0.61,0.46,CB,DEF,5
Pablo Aranda,RB,Argentina,0.6,0.64,0.29,0.39,0.53,0.63,0.57,0.65,0.63,0.59,0.66,0.49,0.54,0.57,0.53,0.51,0.67,0.69,0.64,0.62,0.44,0.26,RB,DEF,4
Hodei Arrillaga,LB,Spain,0.6,0.64,0.35,0.42,0.59,0.59,0.49,0.65,0.63,0.58,0.77,0.45,0.62,0.39,0.61,0.45,0.68,0.64,0.54,0.57,0.5,0.33,LB,DEF,4
David Atanaskoski,LB,North Macedonia,0.6,0.63,0.45,0.59,0.56,0.54,0.57,0.62,0.64,0.6,0.67,0.6,0.56,0.54,0.65,0.52,0.59,0.57,0.52,0.52,0.48,0.46,LB,DEF,1
Matt Baker,CB,Wales,0.6,0.63,0.26,0.42,0.39,0.6,0.67,0.62,0.64,0.4,0.57,0.43,0.52,0.72,0.59,0.72,0.64,0.61,0.56,0.56,0.62,0.36,CB,DEF,5
Ben Barclay,CB,England,0.6,0.53,0.35,0.42,0.5,0.58,0.71,0.54,0.52,0.61,0.59,0.51,0.57,0.79,0.65,0.7,0.59,0.57,0.57,0.58,0.59,0.44,CB,DEF,5
Lachlan Barr,CB,Australia,0.6,0.54,0.37,0.42,0.42,0.57,0.75,0.47,0.6,0.49,0.49,0.43,0.57,0.82,0.65,0.72,0.57,0.56,0.57,0.56,0.61,0.5,CB,DEF,5
Kaare Barslund,CB,Denmark,0.6,0.65,0.29,0.48,0.6,0.59,0.62,0.69,0.62,0.63,0.72,0.62,0.58,0.65,0.58,0.67,0.61,0.59,0.58,0.56,0.57,0.41,CB,DEF,1
Josh Bauer,CB,United States,0.6,0.58,0.24,0.46,0.42,0.61,0.66,0.58,0.58,0.44,0.47,0.42,0.59,0.72,0.62,0.64,0.66,0.62,0.59,0.61,0.52,0.41,CB,DEF,5
Jamir Berdecio,RB,Bolivia,0.6,0.62,0.56,0.58,0.6,0.54,0.6,0.61,0.63,0.6,0.7,0.58,0.58,0.6,0.66,0.62,0.59,0.58,0.48,0.55,0.55,0.55,RB,DEF,1
Bi Jinhao,CB,China PR,0.6,0.52,0.58,0.55,0.56,0.55,0.75,0.54,0.5,0.55,0.63,0.57,0.54,0.81,0.66,0.76,0.54,0.54,0.51,0.55,0.7,0.62,CB,DEF,5
Giuseppe Bovalina,RB,Australia,0.6,0.72,0.48,0.52,0.6,0.53,0.65,0.73,0.71,0.76,0.77,0.57,0.59,0.62,0.7,0.69,0.55,0.52,0.47,0.56,0.57,0.54,RB,DEF,1
Andy Boyle,CB,Republic of Ireland,0.6,0.33,0.37,0.49,0.4,0.58,0.68,0.33,0.33,0.44,0.36,0.46,0.62,0.74,0.58,0.62,0.58,0.57,0.61,0.54,0.61,0.54,CB,DEF,5
Tarek Buchmann,CB,Germany,0.6,0.57,0.29,0.4,0.41,0.61,0.65,0.55,0.59,0.5,0.4,0.41,0.57,0.75,0.54,0.67,0.67,0.6,0.59,0.57,0.55,0.47,CB,DEF,5
Stijn Bultman,CB,Holland,0.6,0.68,0.39,0.46,0.49,0.59,0.64,0.67,0.68,0.67,0.64,0.56,0.55,0.69,0.55,0.64,0.6,0.55,0.56,0.65,0.52,0.62,CB,DEF,1
Abdulsamet Burak,CB,Turkey,0.6,0.58,0.35,0.49,0.53,0.6,0.65,0.63,0.54,0.54,0.58,0.55,0.49,0.66,0.6,0.66,0.62,0.63,0.6,0.58,0.58,0.57,CB,DEF,5
Jens Buss,LB,Chile,0.6,0.62,0.37,0.48,0.52,0.57,0.7,0.63,0.61,0.55,0.54,0.56,0.52,0.76,0.65,0.69,0.6,0.62,0.56,0.54,0.53,0.45,LB,DEF,5
Calderón,LB,Spain,0.6,0.71,0.34,0.44,0.58,0.58,0.53,0.74,0.69,0.64,0.79,0.54,0.51,0.5,0.63,0.55,0.62,0.61,0.54,0.6,0.46,0.39,LB,DEF,1
Axel Cañete,RB,Paraguay,0.6,0.63,0.32,0.47,0.52,0.6,0.59,0.62,0.63,0.6,0.59,0.49,0.57,0.6,0.61,0.66,0.63,0.58,0.58,0.6,0.61,0.41,RB,DEF,5
Jake Carroll,LB,Republic of Ireland,0.6,0.72,0.39,0.59,0.57,0.59,0.53,0.73,0.72,0.59,0.53,0.58,0.56,0.6,0.34,0.65,0.6,0.59,0.59,0.6,0.52,0.47,LB,DEF,1
James Clarke,CB,England,0.6,0.43,0.41,0.48,0.47,0.58,0.75,0.48,0.39,0.45,0.54,0.47,0.52,0.81,0.69,0.7,0.59,0.56,0.58,0.57,0.59,0.54,CB,DEF,5
Pietro Comuzzo,CB,Italy,0.6,0.41,0.27,0.38,0.37,0.63,0.55,0.45,0.37,0.39,0.54,0.42,0.54,0.56,0.42,0.57,0.68,0.64,0.62,0.6,0.6,0.38,CB,DEF,5
Rob Cornwall,CB,Republic of Ireland,0.6,0.34,0.28,0.47,0.5,0.6,0.67,0.34,0.34,0.43,0.49,0.52,0.54,0.77,0.51,0.64,0.63,0.58,0.6,0.56,0.6,0.34,CB,DEF,5
Augusto Dabó,LB,Guinea-Bissau,0.6,0.75,0.32,0.46,0.56,0.57,0.52,0.74,0.76,0.55,0.72,0.45,0.61,0.55,0.43,0.59,0.62,0.65,0.51,0.59,0.46,0.36,LB,DEF,4
Emanuel Dall'Aglio,CB,Argentina,0.6,0.61,0.33,0.44,0.6,0.6,0.59,0.64,0.58,0.62,0.64,0.61,0.57,0.59,0.58,0.65,0.6,0.59,0.6,0.58,0.6,0.42,CB,DEF,1
Prabir Das,RB,India,0.6,0.72,0.42,0.52,0.56,0.53,0.73,0.68,0.75,0.72,0.73,0.55,0.59,0.7,0.69,0.65,0.55,0.55,0.49,0.57,0.51,0.51,RB,DEF,1
Thibault Delphis,RB,France,0.6,0.66,0.39,0.52,0.52,0.55,0.6,0.67,0.66,0.48,0.58,0.6,0.49,0.63,0.58,0.68,0.62,0.66,0.47,0.49,0.6,0.48,RB,DEF,4
Ali Bina Dembélé,RB,France,0.6,0.67,0.42,0.5,0.58,0.56,0.64,0.66,0.67,0.66,0.58,0.57,0.57,0.67,0.64,0.63,0.58,0.58,0.55,0.54,0.52,0.52,RB,DEF,1
Baïla Diallo,LB,Senegal,0.6,0.72,0.38,0.52,0.58,0.56,0.49,0.71,0.73,0.7,0.81,0.55,0.55,0.45,0.5,0.43,0.64,0.62,0.56,0.53,0.3,0.4,LB,DEF,1
Ionuț Dinu,CB,Romania,0.6,0.64,0.43,0.47,0.54,0.6,0.64,0.63,0.65,0.62,0.64,0.55,0.58,0.66,0.65,0.69,0.6,0.61,0.59,0.57,0.63,0.54,CB,DEF,1
Dong Yu,RB,China PR,0.6,0.6,0.54,0.51,0.6,0.56,0.68,0.58,0.61,0.68,0.6,0.62,0.6,0.68,0.7,0.68,0.56,0.52,0.55,0.55,0.64,0.53,RB,DEF,1
Declan Drysdale,CB,England,0.6,0.55,0.27,0.45,0.45,0.59,0.73,0.53,0.56,0.34,0.34,0.48,0.57,0.83,0.66,0.63,0.6,0.58,0.57,0.59,0.58,0.38,CB,DEF,5
Dennis Duah,CB,Germany,0.6,0.64,0.35,0.44,0.53,0.59,0.66,0.68,0.61,0.6,0.46,0.54,0.6,0.72,0.63,0.68,0.62,0.57,0.58,0.61,0.54,0.46,CB,DEF,5
Adrian Durrer,CB,Switzerland,0.6,0.48,0.34,0.46,0.49,0.59,0.7,0.46,0.5,0.41,0.64,0.53,0.57,0.76,0.64,0.65,0.61,0.6,0.58,0.58,0.55,0.41,CB,DEF,5
Eldin Dzogovic,RB,Luxembourg,0.6,0.67,0.28,0.52,0.57,0.57,0.62,0.66,0.67,0.7,0.69,0.55,0.52,0.67,0.57,0.66,0.59,0.58,0.55,0.56,0.56,0.33,RB,DEF,1
Michee Efete,RB,Congo DR,0.6,0.82,0.47,0.49,0.54,0.53,0.75,0.83,0.81,0.62,0.65,0.52,0.46,0.79,0.81,0.8,0.54,0.53,0.52,0.53,0.51,0.57,RB,DEF,1
Frederik Elkær,LB,Denmark,0.6,0.82,0.41,0.54,0.54,0.5,0.56,0.8,0.83,0.56,0.55,0.56,0.55,0.54,0.64,0.6,0.54,0.52,0.46,0.52,0.48,0.42,LB,DEF,1
Eo Jeong Won,LB,Korea Republic,0.6,0.77,0.51,0.49,0.62,0.52,0.59,0.76,0.78,0.77,0.76,0.54,0.63,0.58,0.78,0.62,0.48,0.53,0.54,0.58,0.46,0.56,LB,DEF,1
Jeannot Esua,RB,Cameroon,0.6,0.74,0.37,0.44,0.56,0.57,0.59,0.72,0.76,0.6,0.73,0.51,0.56,0.56,0.68,0.55,0.6,0.57,0.59,0.57,0.43,0.52,RB,DEF,1
Juan Familia-Castillo,LB,Holland,0.6,0.73,0.52,0.55,0.61,0.55,0.64,0.72,0.74,0.67,0.72,0.59,0.53,0.68,0.56,0.67,0.57,0.55,0.54,0.56,0.52,0.59,LB,DEF,1
Rory Feely,CB,Republic of Ireland,0.6,0.57,0.38,0.53,0.52,0.58,0.69,0.51,0.62,0.5,0.45,0.55,0.57,0.71,0.68,0.68,0.6,0.56,0.56,0.58,0.62,0.42,CB,DEF,5
Taylor Foran,CB,England,0.6,0.5,0.33,0.43,0.38,0.58,0.68,0.46,0.54,0.34,0.36,0.44,0.54,0.77,0.48,0.69,0.59,0.53,0.58,0.56,0.63,0.47,CB,DEF,5
Shane Griffin,CB,Republic of Ireland,0.6,0.5,0.41,0.51,0.53,0.61,0.67,0.5,0.5,0.61,0.47,0.54,0.53,0.69,0.71,0.62,0.62,0.62,0.62,0.6,0.57,0.48,CB,DEF,5
Tom Grivosti,CB,England,0.6,0.53,0.39,0.44,0.44,0.59,0.61,0.53,0.53,0.36,0.48,0.46,0.56,0.74,0.34,0.69,0.61,0.6,0.56,0.57,0.6,0.51,CB,DEF,5
Javier Guerra,RB,Bolivia,0.6,0.71,0.27,0.45,0.53,0.55,0.56,0.73,0.7,0.64,0.67,0.51,0.54,0.52,0.69,0.56,0.58,0.61,0.55,0.5,0.48,0.25,RB,DEF,4
Michał Gurgul,CB,Poland,0.6,0.68,0.29,0.53,0.55,0.61,0.63,0.63,0.72,0.52,0.6,0.59,0.57,0.61,0.68,0.61,0.62,0.57,0.62,0.62,0.53,0.35,CB,DEF,1
Justin Haak,CB,United States,0.6,0.5,0.41,0.57,0.62,0.6,0.57,0.52,0.48,0.57,0.61,0.63,0.62,0.6,0.49,0.57,0.61,0.57,0.64,0.59,0.54,0.46,CB,DEF,5
Bakary Haidara,CB,Côte d'Ivoire,0.6,0.64,0.33,0.45,0.44,0.62,0.6,0.62,0.65,0.39,0.68,0.55,0.46,0.63,0.58,0.64,0.71,0.65,0.58,0.55,0.55,0.49,CB,DEF,5
Sam Hart,LB,England,0.6,0.73,0.46,0.52,0.57,0.56,0.68,0.72,0.74,0.7,0.66,0.54,0.57,0.69,0.68,0.71,0.56,0.55,0.56,0.56,0.56,0.5,LB,DEF,1
He Yupeng,RB,China PR,0.6,0.73,0.39,0.48,0.55,0.56,0.58,0.78,0.68,0.73,0.56,0.56,0.58,0.56,0.69,0.62,0.6,0.54,0.57,0.55,0.46,0.5,RB,DEF,1
Bryan Hein,LB,Germany,0.6,0.72,0.31,0.51,0.61,0.54,0.57,0.72,0.72,0.64,0.69,0.62,0.55,0.57,0.64,0.59,0.59,0.54,0.53,0.52,0.47,0.29,LB,DEF,1
Elvis Hernández,CB,Argentina,0.6,0.58,0.28,0.36,0.39,0.61,0.68,0.57,0.59,0.54,0.55,0.42,0.48,0.7,0.65,0.69,0.63,0.58,0.6,0.56,0.68,0.39,CB,DEF,5
Daniel Herrera,CB,Argentina,0.6,0.61,0.32,0.43,0.41,0.61,0.61,0.57,0.65,0.51,0.44,0.36,0.62,0.64,0.58,0.65,0.63,0.6,0.6,0.59,0.61,0.55,CB,DEF,5
David Hickson,LB,Norway,0.6,0.82,0.44,0.51,0.63,0.5,0.68,0.81,0.83,0.76,0.75,0.61,0.58,0.68,0.74,0.72,0.51,0.51,0.48,0.52,0.5,0.54,LB,DEF,1
Jannik Hofmann,RB,Germany,0.6,0.68,0.33,0.51,0.59,0.54,0.59,0.68,0.68,0.68,0.73,0.58,0.54,0.56,0.67,0.51,0.57,0.55,0.53,0.55,0.42,0.4,RB,DEF,1
Josh Honohan,CB,Republic of Ireland,0.6,0.68,0.36,0.47,0.54,0.59,0.7,0.68,0.68,0.65,0.66,0.51,0.56,0.71,0.68,0.71,0.6,0.56,0.59,0.6,0.58,0.31,CB,DEF,1
Grant Horton,CB,England,0.6,0.56,0.24,0.41,0.49,0.58,0.69,0.43,0.67,0.49,0.39,0.52,0.57,0.8,0.57,0.66,0.61,0.56,0.58,0.57,0.57,0.32,CB,DEF,5
Šimun Hrgović,LB,Croatia,0.6,0.82,0.43,0.52,0.64,0.5,0.54,0.81,0.82,0.79,0.66,0.63,0.58,0.43,0.67,0.47,0.53,0.54,0.5,0.51,0.37,0.46,LB,DEF,1
Ben Hüning,CB,Germany,0.6,0.58,0.26,0.41,0.51,0.62,0.62,0.56,0.6,0.41,0.49,0.54,0.58,0.68,0.62,0.67,0.65,0.58,0.6,0.6,0.62,0.45,CB,DEF,5
Reece Hutchinson,LB,England,0.6,0.69,0.42,0.53,0.59,0.54,0.6,0.7,0.68,0.7,0.66,0.57,0.56,0.57,0.73,0.57,0.56,0.52,0.54,0.56,0.49,0.36,LB,DEF,1
Felix Irorere,CB,Germany,0.6,0.54,0.3,0.38,0.4,0.59,0.68,0.54,0.54,0.34,0.34,0.44,0.53,0.81,0.5,0.75,0.64,0.62,0.55,0.54,0.65,0.44,CB,DEF,5
Niklas Jessen,RB,Germany,0.6,0.63,0.49,0.6,0.62,0.56,0.55,0.65,0.61,0.65,0.66,0.65,0.53,0.57,0.53,0.51,0.63,0.64,0.53,0.5,0.43,0.53,RB,DEF,1
Carl Johnston,RB,Northern Ireland,0.6,0.73,0.47,0.55,0.6,0.55,0.62,0.74,0.72,0.8,0.81,0.57,0.55,0.68,0.66,0.61,0.57,0.54,0.57,0.55,0.44,0.47,RB,DEF,1
Sergio Kalaj,CB,Albania,0.6,0.49,0.27,0.42,0.42,0.61,0.64,0.43,0.54,0.33,0.38,0.5,0.56,0.71,0.59,0.62,0.64,0.64,0.59,0.58,0.58,0.43,CB,DEF,5
Yahya Kalley,LB,Sweden,0.6,0.74,0.33,0.46,0.58,0.55,0.6,0.73,0.75,0.61,0.71,0.57,0.58,0.59,0.64,0.6,0.59,0.55,0.54,0.55,0.46,0.35,LB,DEF,1
Hlynur Freyr Karlsson,CB,Iceland,0.6,0.55,0.35,0.49,0.48,0.6,0.62,0.55,0.55,0.57,0.75,0.57,0.54,0.6,0.65,0.61,0.62,0.6,0.58,0.59,0.59,0.45,CB,DEF,5
Markus Karlsson,RB,Sweden,0.6,0.65,0.27,0.48,0.41,0.61,0.64,0.7,0.61,0.57,0.56,0.39,0.55,0.66,0.59,0.71,0.64,0.62,0.57,0.6,0.65,0.33,RB,DEF,5
Al-Amin Kazeem,LB,England,0.6,0.81,0.42,0.52,0.57,0.53,0.62,0.82,0.81,0.66,0.68,0.54,0.53,0.58,0.74,0.68,0.55,0.52,0.53,0.54,0.5,0.42,LB,DEF,1
Fiacre Kelleher,CB,Republic of Ireland,0.6,0.49,0.38,0.4,0.45,0.58,0.71,0.48,0.5,0.42,0.48,0.46,0.55,0.83,0.53,0.73,0.58,0.57,0.57,0.57,0.63,0.43,CB,DEF,5
Jimmy Keohane,RB,Republic of Ireland,0.6,0.67,0.52,0.55,0.58,0.55,0.68,0.65,0.68,0.65,0.58,0.58,0.55,0.68,0.79,0.63,0.57,0.52,0.56,0.55,0.5,0.54,RB,DEF,1
Eray Korkmaz,RB,Turkey,0.6,0.7,0.3,0.43,0.56,0.61,0.62,0.74,0.67,0.63,0.76,0.34,0.52,0.62,0.64,0.65,0.65,0.69,0.58,0.6,0.5,0.27,RB,DEF,4
Kevin Kouassivi-Benissan,RB,Finland,0.6,0.78,0.5,0.56,0.61,0.53,0.58,0.77,0.78,0.66,0.67,0.61,0.56,0.57,0.62,0.63,0.55,0.53,0.53,0.52,0.49,0.57,RB,DEF,1
Max Lamby,LB,Germany,0.6,0.73,0.23,0.48,0.61,0.55,0.55,0.75,0.71,0.82,0.81,0.59,0.55,0.54,0.66,0.53,0.59,0.57,0.54,0.55,0.43,0.22,LB,DEF,1
Juan Larios,LB,Spain,0.6,0.7,0.36,0.51,0.61,0.55,0.49,0.77,0.65,0.68,0.82,0.61,0.53,0.45,0.51,0.55,0.6,0.56,0.55,0.52,0.49,0.28,LB,DEF,1
Gabriel Lazăr,CB,Romania,0.6,0.56,0.28,0.43,0.49,0.6,0.64,0.55,0.57,0.49,0.53,0.53,0.59,0.68,0.6,0.63,0.6,0.59,0.61,0.58,0.57,0.51,CB,DEF,5
Li Hong,CB,China PR,0.6,0.63,0.24,0.36,0.43,0.61,0.65,0.63,0.63,0.49,0.6,0.48,0.58,0.73,0.55,0.7,0.64,0.59,0.57,0.63,0.57,0.27,CB,DEF,5
Wojciech Lisowski,RB,Poland,0.6,0.69,0.42,0.52,0.54,0.56,0.66,0.71,0.68,0.61,0.5,0.51,0.54,0.7,0.63,0.68,0.56,0.58,0.56,0.58,0.52,0.54,RB,DEF,1
Aboubacar Lô,CB,Senegal,0.6,0.56,0.33,0.34,0.38,0.62,0.6,0.57,0.55,0.32,0.67,0.44,0.52,0.64,0.54,0.65,0.68,0.67,0.58,0.58,0.61,0.46,CB,DEF,5
Kyran Lofthouse,RB,England,0.6,0.77,0.45,0.52,0.61,0.54,0.64,0.78,0.77,0.74,0.77,0.57,0.55,0.66,0.67,0.69,0.56,0.54,0.53,0.54,0.5,0.49,RB,DEF,1
Albin Lohikangas,LB,Sweden,0.6,0.68,0.36,0.48,0.58,0.54,0.61,0.69,0.68,0.72,0.66,0.6,0.55,0.57,0.75,0.56,0.55,0.55,0.56,0.54,0.46,0.38,LB,DEF,1
Donald Love,RB,Scotland,0.6,0.69,0.35,0.53,0.59,0.55,0.67,0.7,0.69,0.65,0.75,0.56,0.55,0.67,0.71,0.73,0.56,0.55,0.54,0.54,0.52,0.4,RB,DEF,1
Luo Xin,LB,China PR,0.6,0.58,0.45,0.53,0.56,0.58,0.74,0.52,0.62,0.7,0.66,0.52,0.52,0.74,0.82,0.63,0.58,0.56,0.58,0.61,0.54,0.4,LB,DEF,1
Lewis Macari,CB,Scotland,0.6,0.66,0.34,0.51,0.51,0.59,0.61,0.65,0.67,0.55,0.51,0.5,0.57,0.67,0.52,0.75,0.61,0.59,0.59,0.59,0.57,0.48,CB,DEF,5
Anthony Markanich,LB,United States,0.6,0.72,0.25,0.41,0.56,0.55,0.59,0.68,0.75,0.52,0.63,0.6,0.55,0.6,0.66,0.62,0.59,0.59,0.53,0.53,0.53,0.39,LB,DEF,4
Luke Matheson,RB,England,0.6,0.73,0.37,0.52,0.59,0.53,0.52,0.77,0.7,0.82,0.86,0.58,0.55,0.44,0.69,0.51,0.52,0.53,0.54,0.55,0.48,0.43,RB,DEF,1
Emmanuele Matino,CB,Italy,0.6,0.53,0.25,0.41,0.4,0.62,0.6,0.54,0.52,0.53,0.59,0.42,0.55,0.58,0.63,0.62,0.67,0.61,0.59,0.56,0.66,0.36,CB,DEF,5
Rodrigo Melgarejo,CB,Paraguay,0.6,0.63,0.4,0.5,0.43,0.6,0.67,0.64,0.63,0.58,0.63,0.4,0.6,0.7,0.65,0.67,0.6,0.59,0.6,0.62,0.56,0.49,CB,DEF,5
Diego Méndez,CB,Spain,0.6,0.63,0.27,0.47,0.45,0.6,0.59,0.6,0.66,0.54,0.62,0.59,0.5,0.64,0.52,0.66,0.64,0.62,0.58,0.56,0.6,0.38,CB,DEF,5
Nobel Mendy,LB,France,0.6,0.69,0.44,0.52,0.54,0.56,0.63,0.63,0.73,0.52,0.49,0.55,0.57,0.66,0.59,0.65,0.58,0.57,0.56,0.55,0.55,0.49,LB,DEF,1
Ignacio Mesina,CB,Chile,0.6,0.64,0.28,0.4,0.43,0.6,0.67,0.65,0.64,0.45,0.67,0.41,0.53,0.7,0.65,0.7,0.62,0.6,0.61,0.56,0.62,0.38,CB,DEF,5
Patrick Metcalfe,RB,Canada,0.6,0.6,0.46,0.56,0.58,0.56,0.67,0.65,0.56,0.56,0.55,0.62,0.59,0.7,0.73,0.57,0.58,0.55,0.58,0.58,0.44,0.56,RB,DEF,1
Oualid Mhamdi,RB,Morocco,0.6,0.71,0.26,0.47,0.53,0.56,0.6,0.7,0.71,0.63,0.66,0.53,0.54,0.66,0.59,0.57,0.59,0.58,0.54,0.59,0.44,0.26,RB,DEF,4
Paul Milde,RB,Germany,0.6,0.71,0.5,0.53,0.61,0.56,0.5,0.69,0.73,0.7,0.72,0.6,0.6,0.48,0.64,0.46,0.56,0.51,0.58,0.59,0.44,0.61,RB,DEF,1
Ross Millen,RB,Scotland,0.6,0.61,0.41,0.56,0.54,0.56,0.71,0.6,0.61,0.53,0.64,0.58,0.54,0.73,0.71,0.66,0.58,0.55,0.56,0.55,0.54,0.47,RB,DEF,1
Filippo Missori,RB,Italy,0.6,0.5,0.35,0.48,0.59,0.61,0.45,0.58,0.43,0.41,0.65,0.54,0.58,0.41,0.46,0.47,0.69,0.7,0.52,0.59,0.56,0.33,RB,DEF,4
Zane Monlouis,CB,Jamaica,0.6,0.61,0.31,0.43,0.48,0.6,0.65,0.58,0.64,0.52,0.58,0.4,0.56,0.7,0.61,0.62,0.62,0.61,0.6,0.6,0.54,0.48,CB,DEF,5
Santiago Morales,CB,Argentina,0.6,0.54,0.3,0.35,0.35,0.61,0.68,0.53,0.55,0.41,0.46,0.34,0.53,0.76,0.63,0.71,0.68,0.63,0.56,0.56,0.61,0.44,CB,DEF,5
Arash Motaraghebjafarpour,RB,Sweden,0.6,0.76,0.4,0.5,0.61,0.51,0.66,0.77,0.75,0.64,0.68,0.62,0.52,0.66,0.76,0.69,0.52,0.5,0.48,0.53,0.51,0.45,RB,DEF,1
Joshua Mukeh,CB,Holland,0.6,0.66,0.3,0.43,0.47,0.6,0.64,0.64,0.67,0.48,0.51,0.48,0.59,0.7,0.63,0.69,0.62,0.61,0.57,0.6,0.6,0.49,CB,DEF,5
Andreas Murbeck,CB,Sweden,0.6,0.48,0.29,0.41,0.43,0.57,0.66,0.49,0.48,0.33,0.52,0.51,0.5,0.86,0.34,0.74,0.59,0.57,0.56,0.55,0.62,0.45,CB,DEF,5
Ange Caumenan N'Guessan,CB,France,0.6,0.72,0.32,0.5,0.58,0.58,0.62,0.73,0.71,0.68,0.61,0.58,0.6,0.64,0.55,0.72,0.61,0.6,0.55,0.58,0.6,0.56,CB,DEF,1
Marcos Navarro,LB,Spain,0.6,0.65,0.41,0.54,0.55,0.57,0.47,0.65,0.65,0.63,0.71,0.49,0.54,0.37,0.64,0.42,0.59,0.57,0.55,0.61,0.49,0.45,LB,DEF,4
Tom Nixon,RB,England,0.6,0.65,0.37,0.51,0.58,0.55,0.65,0.67,0.64,0.64,0.66,0.54,0.58,0.64,0.7,0.55,0.57,0.56,0.55,0.56,0.44,0.41,RB,DEF,1
Runar Norheim,LB,Norway,0.6,0.67,0.49,0.57,0.63,0.57,0.53,0.7,0.65,0.77,0.75,0.64,0.5,0.51,0.54,0.56,0.58,0.55,0.6,0.54,0.53,0.45,LB,DEF,1
Frédéric Nsabiyumva,CB,Burundi,0.6,0.57,0.26,0.36,0.37,0.6,0.74,0.6,0.55,0.37,0.5,0.44,0.6,0.83,0.67,0.68,0.65,0.59,0.58,0.59,0.49,0.39,CB,DEF,5
Timon Obermeier,CB,Germany,0.6,0.65,0.24,0.41,0.46,0.6,0.69,0.66,0.64,0.54,0.55,0.52,0.49,0.74,0.65,0.71,0.63,0.61,0.59,0.57,0.56,0.42,CB,DEF,5
Isaac Ogundere,RB,England,0.6,0.8,0.34,0.49,0.59,0.54,0.57,0.79,0.8,0.78,0.74,0.55,0.53,0.55,0.67,0.62,0.56,0.53,0.55,0.54,0.47,0.34,RB,DEF,1
Mazeed Ogungbo,LB,Republic of Ireland,0.6,0.71,0.32,0.46,0.56,0.56,0.7,0.7,0.71,0.51,0.58,0.55,0.57,0.77,0.66,0.75,0.58,0.56,0.53,0.55,0.58,0.52,LB,DEF,5
Nicolas-Bernd Oliveira,LB,Germany,0.6,0.75,0.32,0.52,0.56,0.55,0.62,0.69,0.79,0.56,0.59,0.54,0.58,0.65,0.64,0.6,0.57,0.53,0.55,0.57,0.45,0.3,LB,DEF,1
Nils Ortel,LB,Germany,0.6,0.67,0.22,0.44,0.4,0.59,0.58,0.68,0.67,0.46,0.54,0.59,0.52,0.61,0.63,0.65,0.65,0.63,0.56,0.53,0.56,0.31,LB,DEF,4
Fynn Otto,CB,Germany,0.6,0.54,0.33,0.45,0.47,0.6,0.63,0.55,0.53,0.37,0.42,0.53,0.5,0.72,0.54,0.69,0.66,0.65,0.55,0.56,0.61,0.5,CB,DEF,5
Mohamed Ouédraogo,LB,Burkina Faso,0.6,0.66,0.34,0.55,0.61,0.54,0.61,0.62,0.69,0.65,0.6,0.61,0.54,0.63,0.55,0.61,0.55,0.56,0.52,0.55,0.52,0.42,LB,DEF,1
Yaw Paintsil,LB,Norway,0.6,0.85,0.53,0.5,0.64,0.56,0.59,0.87,0.83,0.76,0.82,0.63,0.5,0.65,0.5,0.7,0.58,0.55,0.57,0.55,0.47,0.57,LB,DEF,1
Kamil Pajnowski,CB,Poland,0.6,0.58,0.27,0.4,0.43,0.59,0.69,0.57,0.58,0.49,0.71,0.48,0.63,0.74,0.65,0.68,0.61,0.6,0.57,0.57,0.58,0.38,CB,DEF,5
Ash Palmer,CB,England,0.6,0.47,0.29,0.37,0.42,0.6,0.71,0.45,0.49,0.52,0.56,0.43,0.57,0.77,0.7,0.69,0.61,0.58,0.6,0.58,0.62,0.46,CB,DEF,5
Park Dae Won,CB,Korea Republic,0.6,0.69,0.45,0.56,0.59,0.59,0.64,0.69,0.69,0.72,0.67,0.58,0.67,0.63,0.68,0.66,0.6,0.55,0.58,0.63,0.56,0.58,CB,DEF,1
Park Jin Seong,LB,Korea Republic,0.6,0.72,0.28,0.4,0.57,0.56,0.65,0.74,0.71,0.72,0.69,0.54,0.56,0.69,0.73,0.59,0.59,0.6,0.55,0.59,0.37,0.29,LB,DEF,1
Alem Pasic,CB,Austria,0.6,0.63,0.26,0.32,0.34,0.6,0.68,0.63,0.63,0.55,0.43,0.38,0.5,0.71,0.64,0.73,0.66,0.61,0.57,0.53,0.65,0.42,CB,DEF,5
Michael Pavlović,LB,Slovenia,0.6,0.71,0.31,0.48,0.51,0.55,0.57,0.72,0.7,0.57,0.66,0.54,0.53,0.55,0.64,0.58,0.62,0.58,0.52,0.54,0.45,0.37,LB,DEF,4
Luca Pazourek,RB,Austria,0.6,0.71,0.3,0.49,0.56,0.55,0.61,0.7,0.72,0.68,0.67,0.56,0.49,0.6,0.61,0.59,0.61,0.59,0.52,0.53,0.49,0.48,RB,DEF,1
Mateo Pérez,CB,Argentina,0.6,0.54,0.32,0.41,0.45,0.61,0.63,0.52,0.55,0.46,0.49,0.49,0.51,0.69,0.6,0.63,0.66,0.63,0.59,0.56,0.58,0.43,CB,DEF,5
Jakob V. Persson,RB,Sweden,0.6,0.54,0.27,0.54,0.51,0.59,0.72,0.52,0.55,0.57,0.53,0.57,0.55,0.81,0.61,0.73,0.62,0.6,0.58,0.56,0.61,0.4,RB,DEF,5
Diogo Monteiro,CB,Portugal,0.6,0.58,0.24,0.51,0.57,0.59,0.63,0.59,0.57,0.52,0.58,0.61,0.45,0.64,0.58,0.64,0.61,0.57,0.58,0.6,0.58,0.35,CB,DEF,5
James Plant,LB,England,0.6,0.72,0.35,0.54,0.58,0.55,0.48,0.71,0.72,0.72,0.72,0.57,0.58,0.41,0.59,0.46,0.57,0.57,0.55,0.54,0.45,0.29,LB,DEF,1
Kevin Pytlik,CB,Poland,0.6,0.62,0.24,0.35,0.38,0.62,0.61,0.61,0.62,0.56,0.57,0.48,0.59,0.7,0.53,0.66,0.66,0.61,0.62,0.58,0.56,0.38,CB,DEF,5
Fabricio Quaglio,LB,Bolivia,0.6,0.8,0.5,0.5,0.58,0.51,0.56,0.78,0.81,0.67,0.58,0.63,0.64,0.57,0.59,0.62,0.5,0.55,0.55,0.45,0.45,0.45,LB,DEF,1
Pedro David Ramírez,RB,Argentina,0.6,0.65,0.35,0.51,0.61,0.55,0.64,0.66,0.64,0.66,0.7,0.58,0.58,0.6,0.68,0.54,0.6,0.58,0.52,0.56,0.44,0.42,RB,DEF,1
Josh Reid,LB,Scotland,0.6,0.68,0.36,0.49,0.57,0.57,0.64,0.69,0.68,0.68,0.66,0.55,0.54,0.62,0.68,0.62,0.59,0.57,0.57,0.56,0.5,0.44,LB,DEF,1
Jay Rich-Baghuelou,CB,Australia,0.6,0.5,0.43,0.42,0.5,0.56,0.78,0.53,0.47,0.33,0.33,0.54,0.55,0.91,0.54,0.74,0.57,0.52,0.57,0.54,0.55,0.6,CB,DEF,5
Lewis Richards,LB,Republic of Ireland,0.6,0.72,0.45,0.54,0.59,0.55,0.66,0.71,0.72,0.6,0.67,0.58,0.58,0.72,0.58,0.73,0.55,0.53,0.56,0.54,0.55,0.6,LB,DEF,1
Iván Román,CB,Chile,0.6,0.65,0.27,0.46,0.42,0.59,0.75,0.65,0.65,0.63,0.73,0.38,0.55,0.79,0.8,0.77,0.6,0.58,0.6,0.53,0.63,0.42,CB,DEF,5
Sergi Rosanas,RB,Spain,0.6,0.81,0.36,0.51,0.6,0.54,0.45,0.79,0.82,0.66,0.72,0.62,0.53,0.44,0.49,0.48,0.55,0.57,0.54,0.56,0.44,0.44,RB,DEF,1
Håkon Røsten,CB,Norway,0.6,0.56,0.33,0.43,0.45,0.59,0.64,0.53,0.58,0.44,0.4,0.51,0.58,0.73,0.52,0.66,0.6,0.56,0.59,0.59,0.58,0.48,CB,DEF,5
Matías Ruiz Díaz,RB,Argentina,0.6,0.63,0.35,0.5,0.57,0.58,0.61,0.67,0.59,0.57,0.63,0.52,0.56,0.6,0.68,0.62,0.56,0.57,0.6,0.62,0.53,0.29,RB,DEF,1
Franco Saavedra,LB,Argentina,0.6,0.64,0.46,0.57,0.58,0.57,0.48,0.62,0.65,0.62,0.76,0.61,0.63,0.45,0.44,0.53,0.58,0.65,0.56,0.53,0.57,0.57,LB,DEF,1
Salvador Sánchez,CB,Argentina,0.6,0.61,0.32,0.33,0.41,0.6,0.68,0.65,0.58,0.52,0.55,0.39,0.64,0.71,0.7,0.79,0.65,0.63,0.53,0.54,0.71,0.45,CB,DEF,5
Julius Schell,CB,Germany,0.6,0.54,0.37,0.51,0.54,0.6,0.64,0.55,0.54,0.57,0.56,0.55,0.58,0.67,0.62,0.65,0.62,0.59,0.6,0.56,0.6,0.31,CB,DEF,5
Tjark Scheller,CB,Germany,0.6,0.61,0.28,0.45,0.45,0.61,0.65,0.62,0.6,0.36,0.44,0.52,0.45,0.71,0.62,0.72,0.64,0.6,0.59,0.58,0.63,0.37,CB,DEF,5
Jakob Schöller,CB,Austria,0.6,0.69,0.28,0.5,0.42,0.61,0.64,0.68,0.7,0.65,0.54,0.34,0.56,0.7,0.58,0.68,0.63,0.61,0.6,0.59,0.57,0.41,CB,DEF,5
Liam Shephard,RB,Wales,0.6,0.71,0.48,0.57,0.6,0.56,0.57,0.73,0.7,0.73,0.77,0.57,0.53,0.59,0.54,0.66,0.57,0.55,0.55,0.55,0.55,0.52,RB,DEF,1
Jack Shepherd,CB,England,0.6,0.58,0.25,0.39,0.42,0.59,0.67,0.54,0.62,0.51,0.57,0.45,0.55,0.73,0.59,0.66,0.6,0.59,0.6,0.58,0.57,0.3,CB,DEF,5
Kevin Silva,CB,Argentina,0.6,0.55,0.29,0.35,0.4,0.61,0.71,0.53,0.57,0.42,0.55,0.41,0.48,0.8,0.65,0.78,0.65,0.68,0.58,0.59,0.57,0.43,CB,DEF,5
Toby Sims,RB,England,0.6,0.75,0.4,0.51,0.55,0.54,0.71,0.78,0.73,0.66,0.64,0.55,0.55,0.74,0.65,0.75,0.52,0.56,0.55,0.56,0.54,0.45,RB,DEF,1
Håkon Sjåtil,RB,Norway,0.6,0.56,0.36,0.52,0.56,0.56,0.59,0.55,0.57,0.55,0.7,0.56,0.59,0.55,0.72,0.47,0.61,0.58,0.55,0.56,0.43,0.37,RB,DEF,4
Omar Sowunmi,CB,England,0.6,0.53,0.36,0.36,0.38,0.58,0.77,0.43,0.62,0.34,0.32,0.39,0.51,0.91,0.67,0.64,0.59,0.57,0.57,0.58,0.61,0.43,CB,DEF,5
Finn Stam,CB,Holland,0.6,0.59,0.37,0.52,0.43,0.6,0.64,0.59,0.59,0.48,0.52,0.43,0.58,0.7,0.6,0.69,0.63,0.6,0.57,0.6,0.64,0.43,CB,DEF,5
Michael Stickland,CB,England,0.6,0.71,0.31,0.41,0.44,0.59,0.64,0.65,0.76,0.55,0.51,0.43,0.53,0.66,0.54,0.68,0.61,0.62,0.56,0.57,0.6,0.43,CB,DEF,5
Chris Stokes,CB,England,0.6,0.42,0.36,0.53,0.52,0.59,0.66,0.34,0.49,0.58,0.43,0.52,0.56,0.75,0.49,0.62,0.59,0.58,0.6,0.58,0.6,0.56,CB,DEF,5
Sun Guowen,LB,China PR,0.6,0.76,0.47,0.55,0.61,0.49,0.7,0.77,0.75,0.7,0.71,0.59,0.54,0.69,0.85,0.63,0.53,0.48,0.47,0.52,0.42,0.53,LB,DEF,1
Dominik Szala,RB,Poland,0.6,0.67,0.25,0.48,0.45,0.58,0.62,0.66,0.68,0.63,0.61,0.54,0.59,0.67,0.54,0.6,0.59,0.55,0.58,0.62,0.47,0.37,RB,DEF,4
Nicolás Tolosa,LB,Argentina,0.6,0.64,0.44,0.47,0.57,0.58,0.56,0.68,0.61,0.57,0.6,0.58,0.55,0.55,0.63,0.51,0.61,0.59,0.57,0.61,0.43,0.49,LB,DEF,1
Alex Tóth,RB,Hungary,0.6,0.67,0.37,0.52,0.53,0.58,0.55,0.65,0.69,0.54,0.61,0.52,0.55,0.57,0.56,0.58,0.59,0.58,0.61,0.53,0.51,0.49,RB,DEF,4
Garrison Tubbs,CB,United States,0.6,0.54,0.24,0.29,0.33,0.63,0.64,0.55,0.53,0.48,0.48,0.4,0.4,0.73,0.56,0.7,0.67,0.66,0.58,0.64,0.63,0.38,CB,DEF,5
David Tutonda,LB,Congo DR,0.6,0.8,0.4,0.49,0.58,0.54,0.71,0.79,0.81,0.76,0.71,0.55,0.53,0.7,0.68,0.68,0.56,0.54,0.54,0.52,0.47,0.39,LB,DEF,1
Luis Abelardo Vargas,LB,Paraguay,0.6,0.73,0.28,0.48,0.57,0.56,0.48,0.72,0.73,0.72,0.77,0.57,0.6,0.44,0.6,0.42,0.55,0.5,0.6,0.65,0.36,0.29,LB,DEF,1
Vicente Vega,CB,Chile,0.6,0.56,0.2,0.41,0.37,0.6,0.68,0.58,0.55,0.44,0.55,0.46,0.55,0.73,0.63,0.65,0.62,0.58,0.62,0.58,0.53,0.3,CB,DEF,5
Dominic Vincze,LB,Austria,0.6,0.75,0.45,0.52,0.52,0.56,0.66,0.74,0.76,0.69,0.62,0.5,0.56,0.73,0.59,0.71,0.61,0.57,0.52,0.56,0.5,0.53,LB,DEF,1
Laurențiu Vlăsceanu,LB,Romania,0.6,0.73,0.51,0.57,0.62,0.51,0.54,0.75,0.72,0.71,0.81,0.59,0.58,0.52,0.63,0.51,0.54,0.51,0.49,0.57,0.39,0.57,LB,DEF,1
Oscar Wallin,CB,Sweden,0.6,0.67,0.22,0.47,0.56,0.58,0.66,0.66,0.68,0.52,0.46,0.58,0.59,0.71,0.63,0.7,0.59,0.58,0.57,0.58,0.58,0.33,CB,DEF,5
Wang Yi,RB,China PR,0.6,0.75,0.27,0.45,0.55,0.57,0.52,0.75,0.75,0.75,0.57,0.49,0.51,0.46,0.66,0.49,0.62,0.56,0.56,0.56,0.44,0.25,RB,DEF,4
Wang Peng,CB,China PR,0.6,0.62,0.52,0.52,0.57,0.57,0.73,0.62,0.62,0.66,0.71,0.57,0.53,0.73,0.8,0.72,0.59,0.58,0.55,0.56,0.6,0.55,CB,DEF,1
Evan Weir,LB,Republic of Ireland,0.6,0.67,0.52,0.59,0.54,0.55,0.6,0.68,0.67,0.6,0.53,0.54,0.52,0.55,0.65,0.59,0.56,0.55,0.56,0.54,0.53,0.62,LB,DEF,1
Dalton Wilkins,LB,New Zealand,0.6,0.7,0.54,0.54,0.61,0.52,0.64,0.72,0.69,0.67,0.74,0.6,0.53,0.6,0.7,0.61,0.56,0.55,0.5,0.53,0.45,0.66,LB,DEF,1
Dylan Williams,CB,England,0.6,0.65,0.38,0.58,0.58,0.62,0.57,0.65,0.65,0.63,0.8,0.6,0.55,0.52,0.65,0.54,0.65,0.62,0.62,0.62,0.5,0.47,CB,DEF,1
Daniel Wilmering,LB,Australia,0.6,0.72,0.44,0.56,0.59,0.53,0.62,0.69,0.75,0.75,0.72,0.56,0.57,0.61,0.67,0.55,0.55,0.54,0.53,0.53,0.44,0.52,LB,DEF,1
Filip Wójcik,RB,Poland,0.6,0.78,0.3,0.57,0.6,0.51,0.57,0.81,0.75,0.75,0.66,0.57,0.49,0.55,0.65,0.58,0.55,0.58,0.51,0.49,0.4,0.26,RB,DEF,1
Yeo Bong Hun,RB,Korea Republic,0.6,0.66,0.56,0.58,0.62,0.53,0.65,0.67,0.66,0.64,0.69,0.64,0.6,0.62,0.78,0.55,0.53,0.53,0.56,0.51,0.44,0.64,RB,DEF,1
Johnly Yfeko,CB,England,0.6,0.7,0.34,0.49,0.54,0.58,0.63,0.67,0.73,0.51,0.53,0.6,0.51,0.68,0.46,0.68,0.63,0.58,0.56,0.55,0.58,0.5,CB,DEF,5
Berkay Yilmaz,LB,Turkey,0.6,0.71,0.29,0.52,0.59,0.54,0.48,0.68,0.74,0.67,0.65,0.62,0.53,0.48,0.52,0.45,0.57,0.54,0.55,0.54,0.43,0.3,LB,DEF,4
Viktor Zentrich,CB,Czech Republic,0.6,0.69,0.3,0.44,0.5,0.59,0.7,0.73,0.66,0.69,0.65,0.59,0.49,0.75,0.74,0.85,0.59,0.61,0.59,0.57,0.59,0.41,CB,DEF,5
Zhang Wei,LB,China PR,0.6,0.7,0.43,0.53,0.57,0.55,0.64,0.71,0.69,0.71,0.62,0.55,0.54,0.59,0.73,0.69,0.54,0.53,0.53,0.55,0.61,0.58,LB,DEF,1
Zhang Chengdong,CB,China PR,0.6,0.45,0.56,0.59,0.6,0.57,0.71,0.59,0.34,0.72,0.77,0.59,0.58,0.78,0.59,0.75,0.58,0.57,0.56,0.53,0.65,0.64,CB,DEF,5
Luck Zogbé,RB,Côte d'Ivoire,0.6,0.65,0.34,0.49,0.55,0.58,0.57,0.72,0.6,0.58,0.62,0.58,0.55,0.57,0.58,0.6,0.6,0.54,0.6,0.58,0.49,0.44,RB,DEF,1
Mihai Adăscăliței,RB,Romania,0.59,0.57,0.44,0.58,0.57,0.56,0.68,0.58,0.57,0.6,0.63,0.58,0.58,0.72,0.62,0.65,0.58,0.56,0.56,0.54,0.54,0.5,RB,DEF,1
Lalo Aguilar,CB,Spain,0.59,0.54,0.32,0.37,0.37,0.63,0.63,0.55,0.53,0.37,0.54,0.35,0.5,0.69,0.61,0.61,0.68,0.65,0.59,0.64,0.54,0.42,CB,DEF,5
Hamed Al Maqati,LB,Saudi Arabia,0.59,0.69,0.53,0.55,0.61,0.52,0.51,0.68,0.69,0.65,0.74,0.59,0.62,0.49,0.59,0.45,0.55,0.53,0.52,0.51,0.43,0.53,LB,DEF,1
Muteb Al Mufarrij,CB,Saudi Arabia,0.59,0.61,0.26,0.43,0.5,0.58,0.58,0.64,0.58,0.59,0.55,0.54,0.46,0.7,0.3,0.7,0.58,0.56,0.58,0.57,0.62,0.34,CB,DEF,4
Hamdan Al Ruwaili,RB,Saudi Arabia,0.59,0.77,0.31,0.49,0.54,0.53,0.63,0.75,0.79,0.61,0.67,0.56,0.49,0.64,0.7,0.66,0.6,0.53,0.48,0.49,0.5,0.43,RB,DEF,1
Mohammed Al Shanqeeti,LB,Saudi Arabia,0.59,0.66,0.3,0.44,0.52,0.56,0.57,0.68,0.65,0.62,0.71,0.55,0.56,0.55,0.62,0.55,0.59,0.57,0.55,0.56,0.47,0.27,LB,DEF,4
Anwar Ali,CB,India,0.59,0.67,0.34,0.45,0.52,0.58,0.72,0.66,0.67,0.67,0.61,0.52,0.46,0.78,0.71,0.73,0.6,0.59,0.59,0.55,0.56,0.47,CB,DEF,5
Kaden Amaniampong,CB,Germany,0.59,0.69,0.24,0.45,0.53,0.6,0.56,0.7,0.69,0.67,0.68,0.55,0.62,0.55,0.59,0.65,0.62,0.58,0.6,0.58,0.6,0.39,CB,DEF,1
Marcial Aquino,CB,Paraguay,0.59,0.61,0.25,0.35,0.33,0.58,0.69,0.58,0.63,0.42,0.53,0.38,0.47,0.76,0.64,0.74,0.6,0.62,0.54,0.56,0.64,0.37,CB,DEF,5
Zachary Athekame,RB,Switzerland,0.59,0.67,0.28,0.45,0.53,0.55,0.52,0.68,0.66,0.53,0.68,0.53,0.59,0.48,0.64,0.48,0.57,0.6,0.53,0.58,0.45,0.26,RB,DEF,4
Alexandre Azevedo,LB,Germany,0.59,0.84,0.46,0.55,0.6,0.5,0.5,0.85,0.84,0.74,0.76,0.57,0.52,0.44,0.58,0.47,0.54,0.52,0.5,0.52,0.35,0.46,LB,DEF,1
Reed Baker-Whiting,RB,United States,0.59,0.7,0.57,0.55,0.6,0.53,0.6,0.69,0.7,0.63,0.65,0.61,0.52,0.63,0.59,0.6,0.57,0.57,0.52,0.5,0.49,0.63,RB,DEF,1
Kofi Balmer,CB,Northern Ireland,0.59,0.64,0.33,0.44,0.5,0.59,0.64,0.65,0.63,0.57,0.6,0.49,0.56,0.65,0.64,0.65,0.59,0.57,0.6,0.59,0.55,0.45,CB,DEF,5
Sam Barnes,CB,England,0.59,0.59,0.3,0.45,0.52,0.59,0.59,0.55,0.62,0.53,0.56,0.53,0.51,0.63,0.53,0.65,0.61,0.58,0.57,0.55,0.64,0.42,CB,DEF,4
Tom Barth,RB,Germany,0.59,0.68,0.51,0.52,0.6,0.53,0.6,0.69,0.68,0.6,0.68,0.62,0.53,0.61,0.66,0.62,0.58,0.55,0.52,0.48,0.52,0.56,RB,DEF,1
Theo Bergvall,RB,Sweden,0.59,0.82,0.41,0.53,0.57,0.52,0.6,0.79,0.84,0.66,0.59,0.57,0.48,0.59,0.68,0.66,0.54,0.51,0.51,0.51,0.5,0.43,RB,DEF,1
Huseyin Biler,RB,England,0.59,0.82,0.29,0.49,0.6,0.52,0.61,0.83,0.81,0.83,0.85,0.54,0.51,0.58,0.7,0.6,0.54,0.52,0.53,0.55,0.4,0.37,RB,DEF,1
Diabé Bolumbu,LB,France,0.59,0.65,0.31,0.43,0.55,0.57,0.61,0.68,0.63,0.68,0.61,0.56,0.55,0.67,0.59,0.61,0.58,0.62,0.55,0.58,0.48,0.38,LB,DEF,4
Sam Bone,CB,England,0.59,0.47,0.47,0.49,0.51,0.58,0.69,0.46,0.47,0.42,0.46,0.51,0.5,0.75,0.66,0.64,0.59,0.59,0.58,0.56,0.58,0.64,CB,DEF,5
Alex Bonetig,CB,Australia,0.59,0.59,0.29,0.47,0.51,0.58,0.67,0.53,0.64,0.59,0.5,0.55,0.52,0.71,0.68,0.62,0.6,0.57,0.59,0.55,0.53,0.41,CB,DEF,5
Ciaran Brennan,CB,Republic of Ireland,0.59,0.63,0.24,0.44,0.45,0.59,0.65,0.63,0.63,0.52,0.55,0.54,0.58,0.72,0.64,0.7,0.6,0.59,0.6,0.58,0.58,0.35,CB,DEF,5
Maxim Burghardt,RB,Germany,0.59,0.67,0.45,0.58,0.59,0.56,0.55,0.7,0.65,0.64,0.71,0.56,0.54,0.57,0.55,0.56,0.59,0.56,0.61,0.5,0.47,0.53,RB,DEF,1
Jili Buyabu,LB,England,0.59,0.68,0.34,0.42,0.59,0.59,0.62,0.69,0.68,0.67,0.63,0.56,0.54,0.61,0.62,0.66,0.61,0.59,0.58,0.59,0.57,0.35,LB,DEF,1
Victor Cabañas,RB,Paraguay,0.59,0.76,0.39,0.5,0.57,0.54,0.55,0.78,0.75,0.7,0.73,0.5,0.51,0.51,0.68,0.59,0.55,0.54,0.56,0.5,0.48,0.32,RB,DEF,1
Alexandro Calut,LB,Belgium,0.59,0.69,0.29,0.52,0.58,0.54,0.56,0.72,0.66,0.75,0.72,0.57,0.5,0.52,0.59,0.56,0.57,0.59,0.51,0.54,0.48,0.41,LB,DEF,1
Anes Cardaklija,CB,Sweden,0.59,0.56,0.25,0.39,0.53,0.58,0.68,0.57,0.55,0.38,0.38,0.57,0.56,0.75,0.63,0.65,0.58,0.56,0.58,0.59,0.54,0.37,CB,DEF,5
Gonçalo Almeida,RB,Portugal,0.59,0.73,0.36,0.42,0.56,0.55,0.47,0.75,0.72,0.53,0.68,0.5,0.56,0.43,0.54,0.48,0.58,0.59,0.52,0.58,0.45,0.32,RB,DEF,4
Adam Chicksen,LB,Zimbabwe,0.59,0.69,0.49,0.53,0.58,0.53,0.64,0.7,0.68,0.79,0.8,0.54,0.54,0.61,0.71,0.62,0.55,0.54,0.52,0.53,0.5,0.55,LB,DEF,1
Cho Sung Gwon,CB,Korea Republic,0.59,0.61,0.28,0.34,0.4,0.57,0.71,0.66,0.56,0.59,0.6,0.46,0.5,0.76,0.64,0.73,0.61,0.58,0.58,0.51,0.57,0.42,CB,DEF,5
Ciarán Coll,LB,Republic of Ireland,0.59,0.7,0.31,0.53,0.5,0.56,0.61,0.69,0.71,0.67,0.67,0.51,0.54,0.64,0.55,0.72,0.6,0.55,0.57,0.53,0.51,0.22,LB,DEF,4
Oliver Denham,CB,Wales,0.59,0.55,0.26,0.38,0.46,0.58,0.67,0.54,0.55,0.41,0.64,0.5,0.55,0.71,0.65,0.65,0.61,0.6,0.57,0.56,0.56,0.37,CB,DEF,5
Elsinho,CB,Brazil,0.59,0.57,0.4,0.52,0.52,0.6,0.56,0.58,0.56,0.51,0.49,0.48,0.62,0.63,0.45,0.59,0.6,0.58,0.64,0.59,0.51,0.59,CB,DEF,5
Benno Dietze,CB,Germany,0.59,0.65,0.3,0.39,0.55,0.58,0.63,0.67,0.64,0.66,0.56,0.58,0.54,0.69,0.62,0.71,0.61,0.58,0.56,0.55,0.64,0.37,CB,DEF,5
Arnaud Dony,LB,Belgium,0.59,0.72,0.3,0.5,0.59,0.53,0.56,0.74,0.71,0.71,0.64,0.58,0.52,0.57,0.5,0.55,0.57,0.56,0.51,0.56,0.41,0.32,LB,DEF,4
Cameron Dummigan,RB,Northern Ireland,0.59,0.54,0.4,0.55,0.55,0.57,0.58,0.51,0.57,0.67,0.61,0.57,0.57,0.62,0.56,0.56,0.6,0.56,0.57,0.56,0.51,0.51,RB,DEF,4
Fallou Fall,CB,Senegal,0.59,0.48,0.28,0.45,0.47,0.59,0.61,0.44,0.52,0.41,0.45,0.49,0.56,0.71,0.46,0.62,0.62,0.59,0.57,0.57,0.57,0.4,CB,DEF,5
Sultan Faqihi,RB,Saudi Arabia,0.59,0.72,0.42,0.51,0.52,0.54,0.61,0.7,0.73,0.6,0.77,0.48,0.52,0.61,0.64,0.55,0.57,0.58,0.53,0.55,0.43,0.55,RB,DEF,1
Emmanuel Fernandez,CB,England,0.59,0.57,0.36,0.39,0.43,0.58,0.67,0.56,0.58,0.55,0.51,0.47,0.54,0.71,0.64,0.66,0.6,0.61,0.57,0.55,0.56,0.47,CB,DEF,5
Kellen Fisher,RB,England,0.59,0.68,0.36,0.5,0.58,0.55,0.62,0.72,0.65,0.72,0.66,0.57,0.51,0.58,0.67,0.59,0.57,0.55,0.55,0.56,0.46,0.45,RB,DEF,1
Jahlane Forbes,LB,United States,0.59,0.68,0.31,0.5,0.55,0.55,0.61,0.68,0.68,0.65,0.54,0.55,0.55,0.6,0.66,0.69,0.58,0.55,0.5,0.51,0.66,0.28,LB,DEF,4
Harry Forster,LB,England,0.59,0.71,0.54,0.55,0.6,0.52,0.58,0.73,0.69,0.67,0.71,0.57,0.55,0.52,0.67,0.56,0.55,0.52,0.51,0.5,0.48,0.57,LB,DEF,1
Ian Fray,CB,United States,0.59,0.72,0.28,0.39,0.51,0.58,0.62,0.69,0.75,0.51,0.65,0.54,0.48,0.7,0.48,0.65,0.6,0.57,0.57,0.6,0.51,0.39,CB,DEF,4
Robin Frej,CB,Sweden,0.59,0.48,0.23,0.33,0.53,0.59,0.66,0.45,0.5,0.47,0.58,0.53,0.56,0.75,0.57,0.64,0.61,0.58,0.59,0.58,0.58,0.39,CB,DEF,5
Leonardo García Posadas,CB,Germany,0.59,0.65,0.24,0.48,0.51,0.59,0.62,0.63,0.66,0.48,0.51,0.56,0.54,0.67,0.56,0.68,0.61,0.56,0.58,0.59,0.6,0.37,CB,DEF,5
Dario Ndubuisi Gebuhr,CB,Germany,0.59,0.58,0.29,0.37,0.41,0.6,0.62,0.59,0.57,0.69,0.69,0.39,0.58,0.7,0.55,0.65,0.62,0.61,0.59,0.61,0.56,0.42,CB,DEF,5
Juan Giménez,CB,Argentina,0.59,0.57,0.31,0.53,0.43,0.6,0.59,0.56,0.58,0.44,0.5,0.46,0.48,0.58,0.62,0.62,0.64,0.62,0.5,0.64,0.63,0.37,CB,DEF,5
James Golding,CB,Republic of Ireland,0.59,0.63,0.27,0.42,0.49,0.59,0.61,0.6,0.66,0.55,0.55,0.48,0.55,0.68,0.48,0.66,0.6,0.58,0.57,0.59,0.58,0.34,CB,DEF,4
Dylan Gorosito,RB,Argentina,0.59,0.61,0.3,0.4,0.55,0.57,0.48,0.6,0.62,0.5,0.81,0.43,0.54,0.38,0.63,0.4,0.68,0.66,0.47,0.58,0.47,0.35,RB,DEF,4
Kamarl Grant,CB,England,0.59,0.63,0.27,0.4,0.42,0.59,0.66,0.61,0.65,0.46,0.48,0.42,0.55,0.75,0.55,0.7,0.6,0.58,0.59,0.58,0.56,0.34,CB,DEF,5
Tommaso Guercio,CB,Poland,0.59,0.6,0.5,0.55,0.6,0.6,0.57,0.59,0.61,0.56,0.57,0.6,0.58,0.57,0.54,0.63,0.59,0.6,0.61,0.59,0.62,0.56,CB,DEF,1
Luca Günther,RB,Germany,0.59,0.61,0.28,0.47,0.57,0.58,0.57,0.66,0.57,0.73,0.76,0.55,0.56,0.56,0.56,0.62,0.58,0.61,0.59,0.57,0.56,0.29,RB,DEF,4
Mika Haas,LB,Germany,0.59,0.79,0.48,0.52,0.56,0.52,0.54,0.78,0.79,0.55,0.65,0.56,0.55,0.51,0.58,0.59,0.55,0.52,0.5,0.52,0.48,0.51,LB,DEF,1
Rayan Hamed,CB,Saudi Arabia,0.59,0.62,0.27,0.48,0.5,0.59,0.63,0.64,0.61,0.52,0.73,0.51,0.57,0.69,0.56,0.72,0.6,0.56,0.6,0.62,0.51,0.3,CB,DEF,5
Sabil Hansen,CB,Denmark,0.59,0.59,0.24,0.25,0.35,0.61,0.64,0.63,0.56,0.44,0.64,0.4,0.51,0.67,0.56,0.69,0.63,0.62,0.57,0.6,0.64,0.34,CB,DEF,5
Abdullah Hawsawi,RB,Saudi Arabia,0.59,0.67,0.34,0.46,0.52,0.55,0.67,0.66,0.68,0.63,0.7,0.44,0.58,0.72,0.69,0.59,0.56,0.58,0.59,0.55,0.41,0.3,RB,DEF,4
Luke Hendrie,RB,England,0.59,0.67,0.35,0.53,0.56,0.56,0.67,0.65,0.68,0.69,0.69,0.52,0.55,0.71,0.65,0.69,0.57,0.56,0.56,0.55,0.55,0.49,RB,DEF,1
Jhoan Hernandez,LB,Colombia,0.59,0.65,0.51,0.51,0.55,0.57,0.61,0.69,0.62,0.67,0.69,0.46,0.54,0.6,0.68,0.66,0.61,0.58,0.55,0.53,0.59,0.63,LB,DEF,1
Mikkel Hope,RB,Norway,0.59,0.6,0.42,0.51,0.6,0.57,0.55,0.61,0.59,0.61,0.79,0.58,0.57,0.5,0.61,0.53,0.58,0.54,0.58,0.58,0.51,0.53,RB,DEF,1
Branden Horton,LB,England,0.59,0.75,0.33,0.48,0.56,0.53,0.59,0.76,0.75,0.7,0.66,0.53,0.55,0.57,0.69,0.57,0.55,0.54,0.54,0.54,0.41,0.55,LB,DEF,1
Mackenzie Hunt,LB,England,0.59,0.66,0.49,0.56,0.57,0.53,0.59,0.67,0.65,0.62,0.68,0.57,0.58,0.54,0.64,0.52,0.56,0.54,0.51,0.52,0.47,0.53,LB,DEF,1
Ethan Ingram,RB,England,0.59,0.75,0.32,0.5,0.57,0.54,0.59,0.77,0.74,0.64,0.71,0.54,0.48,0.58,0.63,0.65,0.6,0.56,0.51,0.52,0.5,0.38,RB,DEF,1
Louis Jackson,CB,Scotland,0.59,0.65,0.29,0.5,0.49,0.58,0.66,0.67,0.63,0.65,0.55,0.48,0.55,0.7,0.56,0.7,0.56,0.56,0.6,0.57,0.6,0.44,CB,DEF,5
Kyle Jameson,CB,England,0.59,0.53,0.29,0.39,0.42,0.59,0.67,0.53,0.53,0.44,0.58,0.39,0.55,0.73,0.63,0.75,0.6,0.57,0.59,0.58,0.58,0.42,CB,DEF,5
Justin Janitzek,CB,Germany,0.59,0.46,0.32,0.41,0.4,0.62,0.55,0.49,0.43,0.46,0.44,0.4,0.52,0.61,0.4,0.61,0.66,0.67,0.58,0.59,0.6,0.48,CB,DEF,5
Isak Jönsson,CB,Sweden,0.59,0.58,0.24,0.35,0.49,0.58,0.7,0.61,0.56,0.49,0.58,0.51,0.6,0.79,0.65,0.73,0.59,0.57,0.59,0.53,0.58,0.32,CB,DEF,5
Marvin Kaleta,RB,England,0.59,0.67,0.4,0.51,0.58,0.55,0.62,0.65,0.69,0.66,0.62,0.56,0.58,0.64,0.61,0.62,0.57,0.56,0.55,0.54,0.52,0.42,RB,DEF,1
Mateo Karamatić,CB,Austria,0.59,0.58,0.25,0.33,0.34,0.6,0.67,0.55,0.61,0.49,0.56,0.32,0.57,0.71,0.65,0.66,0.62,0.57,0.62,0.6,0.55,0.39,CB,DEF,5
Sean Kavanagh,LB,Republic of Ireland,0.59,0.55,0.53,0.62,0.61,0.57,0.59,0.55,0.55,0.63,0.66,0.61,0.6,0.62,0.51,0.58,0.6,0.55,0.58,0.52,0.52,0.61,LB,DEF,1
Conor Keeley,CB,Republic of Ireland,0.59,0.35,0.42,0.43,0.36,0.59,0.73,0.35,0.35,0.33,0.32,0.39,0.51,0.81,0.63,0.68,0.6,0.55,0.59,0.57,0.63,0.54,CB,DEF,5
Kipp Keller,CB,United States,0.59,0.56,0.29,0.34,0.38,0.58,0.69,0.58,0.54,0.45,0.51,0.4,0.5,0.74,0.61,0.77,0.62,0.6,0.55,0.54,0.58,0.5,CB,DEF,5
Michael Kempter,LB,Philippines,0.59,0.66,0.32,0.51,0.62,0.55,0.59,0.67,0.65,0.73,0.69,0.61,0.61,0.6,0.56,0.57,0.56,0.59,0.56,0.56,0.45,0.31,LB,DEF,1
Patryk Kieliś,RB,Poland,0.59,0.65,0.35,0.49,0.54,0.56,0.59,0.65,0.65,0.58,0.61,0.52,0.55,0.6,0.59,0.61,0.56,0.58,0.55,0.58,0.53,0.41,RB,DEF,4
Jakob Kiilerich,CB,Denmark,0.59,0.58,0.34,0.43,0.52,0.59,0.63,0.52,0.63,0.5,0.54,0.53,0.56,0.66,0.61,0.64,0.6,0.58,0.57,0.58,0.61,0.41,CB,DEF,5
Kim Yeon Soo,CB,Korea Republic,0.59,0.51,0.23,0.29,0.36,0.6,0.68,0.55,0.47,0.4,0.57,0.38,0.54,0.73,0.63,0.67,0.62,0.62,0.58,0.6,0.56,0.32,CB,DEF,5
Kim Gyeong Jae,CB,Korea Republic,0.59,0.75,0.33,0.5,0.57,0.57,0.69,0.72,0.77,0.76,0.67,0.55,0.57,0.73,0.69,0.74,0.6,0.58,0.54,0.56,0.57,0.35,CB,DEF,1
Paddy Kirk,LB,Republic of Ireland,0.59,0.55,0.41,0.48,0.56,0.57,0.64,0.58,0.53,0.66,0.72,0.53,0.57,0.56,0.72,0.55,0.57,0.61,0.58,0.56,0.5,0.43,LB,DEF,1
Tim Köhler,CB,Germany,0.59,0.54,0.32,0.31,0.39,0.61,0.62,0.55,0.54,0.39,0.44,0.42,0.56,0.7,0.55,0.65,0.65,0.62,0.59,0.58,0.59,0.49,CB,DEF,5
Rudy Kohon,CB,France,0.59,0.57,0.3,0.42,0.44,0.59,0.63,0.6,0.54,0.46,0.6,0.48,0.54,0.68,0.62,0.66,0.63,0.63,0.55,0.57,0.58,0.39,CB,DEF,5
Williams Kokolo,LB,France,0.59,0.72,0.44,0.52,0.59,0.52,0.69,0.74,0.7,0.65,0.77,0.57,0.54,0.68,0.71,0.64,0.55,0.52,0.49,0.54,0.45,0.57,LB,DEF,1
Miika Koskela,CB,Finland,0.59,0.68,0.27,0.36,0.39,0.59,0.63,0.66,0.7,0.45,0.39,0.44,0.56,0.73,0.46,0.71,0.62,0.58,0.58,0.54,0.59,0.45,CB,DEF,5
Damjan Kovacevic,RB,Austria,0.59,0.79,0.37,0.5,0.54,0.55,0.48,0.78,0.8,0.74,0.66,0.53,0.55,0.46,0.49,0.55,0.6,0.56,0.52,0.53,0.49,0.43,RB,DEF,1
Michał Król,RB,Poland,0.59,0.74,0.38,0.5,0.6,0.54,0.67,0.73,0.74,0.71,0.65,0.55,0.55,0.65,0.76,0.67,0.54,0.53,0.54,0.54,0.52,0.36,RB,DEF,1
Max Larsson,LB,Sweden,0.59,0.69,0.35,0.48,0.51,0.53,0.59,0.71,0.67,0.72,0.64,0.38,0.59,0.56,0.75,0.54,0.58,0.6,0.45,0.56,0.44,0.35,LB,DEF,4
Li Shenyuan,RB,China PR,0.59,0.74,0.28,0.42,0.51,0.55,0.55,0.76,0.73,0.7,0.6,0.45,0.61,0.55,0.62,0.65,0.55,0.56,0.55,0.56,0.54,0.34,RB,DEF,4
Jason Lowe,CB,England,0.59,0.5,0.49,0.56,0.58,0.57,0.72,0.53,0.47,0.59,0.66,0.57,0.56,0.75,0.76,0.66,0.58,0.56,0.57,0.58,0.55,0.58,CB,DEF,5
Herman Magnusson,CB,Sweden,0.59,0.57,0.32,0.42,0.5,0.59,0.67,0.57,0.57,0.59,0.62,0.51,0.5,0.68,0.76,0.63,0.63,0.64,0.55,0.58,0.55,0.4,CB,DEF,5
Elison Makolli,CB,Sweden,0.59,0.73,0.29,0.47,0.59,0.55,0.75,0.69,0.76,0.67,0.57,0.6,0.57,0.72,0.77,0.68,0.55,0.58,0.54,0.55,0.52,0.28,CB,DEF,1
Arjan Malić,CB,Slovenia,0.59,0.58,0.29,0.46,0.49,0.61,0.61,0.59,0.58,0.56,0.56,0.48,0.62,0.62,0.66,0.56,0.63,0.59,0.63,0.64,0.48,0.37,CB,DEF,5
Mikael Marqués,CB,Sweden,0.59,0.59,0.27,0.34,0.48,0.58,0.7,0.58,0.59,0.47,0.58,0.53,0.55,0.78,0.63,0.71,0.62,0.58,0.56,0.57,0.57,0.38,CB,DEF,5
Jay McGrath,CB,Republic of Ireland,0.59,0.63,0.28,0.45,0.46,0.59,0.64,0.64,0.63,0.6,0.55,0.48,0.52,0.63,0.69,0.67,0.59,0.58,0.59,0.57,0.61,0.35,CB,DEF,5
Jevon Mills,CB,Republic of Ireland,0.59,0.51,0.27,0.32,0.37,0.59,0.67,0.51,0.51,0.4,0.49,0.42,0.54,0.72,0.57,0.67,0.62,0.61,0.59,0.55,0.6,0.34,CB,DEF,5
Harrison Minturn,CB,England,0.59,0.6,0.24,0.35,0.48,0.57,0.67,0.54,0.65,0.44,0.67,0.48,0.61,0.76,0.6,0.69,0.57,0.56,0.55,0.6,0.57,0.35,CB,DEF,5
Samuel Mischitz,RB,Austria,0.59,0.68,0.45,0.51,0.59,0.55,0.44,0.71,0.65,0.71,0.79,0.56,0.57,0.34,0.61,0.44,0.56,0.55,0.55,0.56,0.47,0.58,RB,DEF,1
Zach Mitchell,CB,England,0.59,0.67,0.28,0.48,0.53,0.57,0.67,0.66,0.67,0.43,0.61,0.54,0.56,0.73,0.64,0.7,0.58,0.55,0.56,0.59,0.55,0.38,CB,DEF,5
Tomasz Mokwa,LB,Poland,0.59,0.52,0.41,0.54,0.53,0.58,0.65,0.5,0.54,0.6,0.62,0.52,0.61,0.71,0.66,0.6,0.6,0.57,0.58,0.57,0.5,0.41,LB,DEF,5
Piero Mollica,RB,Venezuela,0.59,0.64,0.27,0.39,0.52,0.61,0.55,0.65,0.64,0.56,0.65,0.45,0.49,0.54,0.59,0.46,0.64,0.58,0.58,0.72,0.38,0.23,RB,DEF,4
Efraín Morales,CB,Bolivia,0.59,0.58,0.23,0.38,0.34,0.62,0.63,0.55,0.6,0.48,0.5,0.45,0.44,0.68,0.63,0.56,0.65,0.62,0.62,0.64,0.45,0.3,CB,DEF,4
Daniel Munie,LB,United States,0.59,0.66,0.24,0.39,0.44,0.6,0.61,0.66,0.66,0.5,0.56,0.48,0.4,0.7,0.59,0.57,0.69,0.64,0.6,0.55,0.43,0.31,LB,DEF,4
Reno Münz,CB,Germany,0.59,0.57,0.32,0.33,0.45,0.61,0.6,0.6,0.54,0.55,0.58,0.52,0.55,0.65,0.54,0.64,0.65,0.64,0.6,0.6,0.55,0.43,CB,DEF,5
Dane Murray,CB,Scotland,0.59,0.65,0.33,0.48,0.59,0.58,0.54,0.64,0.65,0.62,0.62,0.6,0.53,0.6,0.36,0.65,0.6,0.57,0.59,0.55,0.59,0.48,CB,DEF,4
Eric N'Jo,CB,France,0.59,0.56,0.31,0.4,0.42,0.61,0.6,0.59,0.54,0.4,0.59,0.47,0.55,0.65,0.55,0.67,0.66,0.61,0.57,0.56,0.64,0.38,CB,DEF,5
Amara Nallo,CB,England,0.59,0.63,0.32,0.52,0.53,0.58,0.6,0.6,0.65,0.54,0.49,0.58,0.51,0.63,0.56,0.64,0.61,0.59,0.55,0.56,0.58,0.41,CB,DEF,4
Yianni Nicolaou,RB,Australia,0.59,0.73,0.38,0.49,0.56,0.53,0.69,0.71,0.75,0.68,0.64,0.52,0.56,0.68,0.73,0.63,0.54,0.56,0.51,0.56,0.45,0.51,RB,DEF,1
James Norris,LB,England,0.59,0.68,0.35,0.53,0.53,0.55,0.54,0.69,0.68,0.56,0.58,0.5,0.51,0.52,0.59,0.55,0.6,0.6,0.51,0.54,0.5,0.36,LB,DEF,4
John-Joe O'Toole,CB,Republic of Ireland,0.59,0.36,0.47,0.5,0.46,0.56,0.69,0.33,0.39,0.53,0.47,0.46,0.55,0.76,0.47,0.62,0.57,0.57,0.55,0.56,0.59,0.52,CB,DEF,5
Idris Odutayo,LB,England,0.59,0.73,0.43,0.49,0.54,0.55,0.65,0.72,0.74,0.65,0.6,0.51,0.54,0.69,0.68,0.68,0.56,0.54,0.55,0.53,0.52,0.6,LB,DEF,1
Oh Jae Suk,RB,Korea Republic,0.59,0.57,0.34,0.55,0.58,0.56,0.62,0.58,0.57,0.59,0.69,0.55,0.54,0.64,0.58,0.63,0.57,0.56,0.56,0.56,0.57,0.37,RB,DEF,4
Marius Olsen,CB,Norway,0.59,0.54,0.32,0.4,0.49,0.58,0.63,0.52,0.55,0.43,0.51,0.52,0.58,0.65,0.63,0.64,0.61,0.57,0.56,0.57,0.61,0.42,CB,DEF,5
Daniel Oyegoke,CB,England,0.59,0.76,0.37,0.49,0.59,0.59,0.62,0.72,0.8,0.63,0.66,0.55,0.54,0.65,0.57,0.66,0.62,0.62,0.6,0.54,0.5,0.38,CB,DEF,1
Krystian Palacz,LB,Poland,0.59,0.78,0.3,0.45,0.57,0.54,0.58,0.82,0.75,0.71,0.72,0.56,0.58,0.55,0.62,0.57,0.55,0.51,0.58,0.59,0.36,0.28,LB,DEF,1
Pan Ximing,CB,China PR,0.59,0.61,0.32,0.5,0.48,0.59,0.65,0.54,0.66,0.66,0.73,0.44,0.5,0.65,0.63,0.66,0.57,0.56,0.6,0.56,0.67,0.41,CB,DEF,4
Josh Passley,RB,England,0.59,0.74,0.42,0.53,0.56,0.51,0.68,0.74,0.74,0.68,0.65,0.53,0.55,0.67,0.74,0.65,0.54,0.52,0.51,0.49,0.49,0.51,RB,DEF,1
Julian Pauli,CB,Germany,0.59,0.67,0.25,0.41,0.38,0.59,0.64,0.66,0.67,0.5,0.49,0.45,0.49,0.72,0.56,0.67,0.64,0.59,0.56,0.57,0.53,0.38,CB,DEF,4
Lewis Payne,RB,England,0.59,0.64,0.32,0.52,0.58,0.56,0.58,0.67,0.62,0.59,0.53,0.61,0.56,0.58,0.56,0.56,0.58,0.55,0.56,0.57,0.48,0.4,RB,DEF,4
Dominik Piła,RB,Poland,0.59,0.73,0.54,0.58,0.58,0.52,0.55,0.73,0.73,0.62,0.58,0.61,0.49,0.61,0.65,0.68,0.52,0.53,0.52,0.52,0.55,0.6,RB,DEF,1
Philip Quinton,CB,United States,0.59,0.51,0.24,0.38,0.33,0.59,0.71,0.49,0.53,0.34,0.31,0.36,0.47,0.76,0.69,0.69,0.61,0.55,0.59,0.57,0.61,0.34,CB,DEF,5
Kacper Radkowski,CB,Poland,0.59,0.53,0.33,0.47,0.49,0.57,0.67,0.54,0.53,0.34,0.34,0.51,0.56,0.72,0.6,0.66,0.59,0.57,0.56,0.57,0.56,0.44,CB,DEF,5
Johan Rapp,CB,Sweden,0.59,0.61,0.26,0.41,0.49,0.59,0.63,0.63,0.59,0.42,0.54,0.51,0.56,0.66,0.63,0.66,0.59,0.58,0.59,0.58,0.57,0.33,CB,DEF,5
Gonzalo Requena,CB,Argentina,0.59,0.55,0.29,0.32,0.41,0.61,0.68,0.55,0.55,0.49,0.5,0.42,0.44,0.78,0.64,0.67,0.66,0.7,0.57,0.6,0.54,0.42,CB,DEF,5
Carlitos Rodriguez,RB,Bolivia,0.59,0.78,0.29,0.48,0.62,0.53,0.45,0.77,0.78,0.75,0.94,0.54,0.54,0.33,0.69,0.47,0.56,0.49,0.5,0.57,0.45,0.33,RB,DEF,1
Andrei Rus,RB,Romania,0.59,0.73,0.3,0.45,0.51,0.52,0.59,0.71,0.74,0.68,0.64,0.5,0.59,0.58,0.74,0.52,0.55,0.57,0.53,0.52,0.35,0.33,RB,DEF,4
Nathanaël Saintini,CB,France,0.59,0.59,0.31,0.48,0.44,0.57,0.72,0.52,0.64,0.46,0.49,0.49,0.6,0.78,0.68,0.65,0.57,0.55,0.59,0.56,0.52,0.4,CB,DEF,5
Calum Scanlon,LB,England,0.59,0.73,0.35,0.52,0.6,0.55,0.56,0.77,0.7,0.69,0.56,0.58,0.54,0.56,0.54,0.62,0.58,0.54,0.56,0.51,0.48,0.36,LB,DEF,1
Marcel Schantl,RB,Austria,0.59,0.62,0.46,0.59,0.59,0.55,0.59,0.61,0.63,0.57,0.81,0.61,0.58,0.59,0.61,0.5,0.59,0.49,0.56,0.57,0.44,0.51,RB,DEF,1
Kwabe Schulz,CB,Germany,0.59,0.56,0.38,0.5,0.53,0.57,0.64,0.6,0.53,0.58,0.48,0.56,0.55,0.7,0.52,0.66,0.62,0.55,0.55,0.54,0.57,0.47,CB,DEF,5
David Sellés,CB,Spain,0.59,0.59,0.42,0.52,0.45,0.61,0.58,0.58,0.59,0.61,0.51,0.48,0.56,0.55,0.62,0.61,0.6,0.6,0.61,0.62,0.61,0.57,CB,DEF,5
Hussain Sibyani,LB,Saudi Arabia,0.59,0.81,0.35,0.44,0.61,0.51,0.49,0.81,0.81,0.76,0.81,0.59,0.53,0.48,0.63,0.61,0.55,0.57,0.49,0.49,0.4,0.35,LB,DEF,1
Janne Sietan,CB,Germany,0.59,0.61,0.3,0.41,0.45,0.59,0.66,0.58,0.63,0.52,0.56,0.48,0.58,0.71,0.62,0.68,0.6,0.59,0.57,0.59,0.58,0.58,CB,DEF,5
Mehtab Singh,CB,India,0.59,0.6,0.31,0.37,0.34,0.58,0.69,0.52,0.67,0.34,0.57,0.42,0.56,0.77,0.64,0.74,0.6,0.61,0.58,0.55,0.53,0.39,CB,DEF,5
Roshan Singh,LB,India,0.59,0.66,0.5,0.55,0.59,0.52,0.6,0.63,0.68,0.69,0.81,0.56,0.55,0.64,0.76,0.52,0.56,0.55,0.5,0.55,0.36,0.56,LB,DEF,1
Luca Sirch,CB,Germany,0.59,0.56,0.3,0.44,0.38,0.59,0.68,0.57,0.56,0.47,0.54,0.35,0.47,0.72,0.62,0.68,0.63,0.59,0.57,0.56,0.59,0.48,CB,DEF,5
Axel Sjöberg,RB,Sweden,0.59,0.67,0.4,0.52,0.59,0.56,0.52,0.65,0.68,0.68,0.73,0.56,0.51,0.51,0.53,0.54,0.61,0.59,0.53,0.55,0.52,0.42,RB,DEF,1
Noah Smith,LB,Australia,0.59,0.69,0.47,0.53,0.56,0.55,0.65,0.68,0.69,0.68,0.66,0.54,0.55,0.7,0.6,0.65,0.56,0.56,0.53,0.55,0.52,0.54,LB,DEF,1
Dylan Smith,CB,Scotland,0.59,0.63,0.29,0.39,0.49,0.59,0.63,0.62,0.64,0.49,0.58,0.56,0.5,0.65,0.61,0.68,0.63,0.6,0.55,0.54,0.63,0.42,CB,DEF,5
Jhair Soto,RB,Peru,0.59,0.64,0.24,0.52,0.53,0.56,0.52,0.62,0.66,0.59,0.48,0.52,0.54,0.49,0.57,0.48,0.59,0.56,0.54,0.57,0.49,0.25,RB,DEF,4
Godfrey Stephen,LB,Nigeria,0.59,0.7,0.47,0.53,0.53,0.55,0.64,0.76,0.65,0.61,0.54,0.52,0.57,0.69,0.61,0.76,0.59,0.58,0.55,0.45,0.61,0.42,LB,DEF,1
Dušan Stojinović,CB,Slovenia,0.59,0.59,0.26,0.39,0.4,0.62,0.58,0.61,0.57,0.45,0.55,0.39,0.58,0.59,0.55,0.61,0.63,0.6,0.64,0.62,0.56,0.42,CB,DEF,5
Bianneider Tamayo,CB,Venezuela,0.59,0.6,0.24,0.34,0.43,0.6,0.69,0.63,0.57,0.6,0.48,0.44,0.52,0.74,0.68,0.67,0.64,0.59,0.59,0.61,0.52,0.35,CB,DEF,5
Cheick Thiam,CB,Belgium,0.59,0.64,0.3,0.39,0.38,0.56,0.69,0.6,0.68,0.36,0.43,0.49,0.53,0.74,0.65,0.72,0.59,0.54,0.54,0.55,0.61,0.41,CB,DEF,5
Mathias Tønnessen,CB,Norway,0.59,0.61,0.3,0.47,0.51,0.6,0.55,0.55,0.66,0.6,0.34,0.53,0.59,0.58,0.49,0.59,0.6,0.59,0.6,0.6,0.58,0.4,CB,DEF,4
Damian van der Haar,CB,Holland,0.59,0.59,0.31,0.42,0.43,0.6,0.62,0.64,0.54,0.37,0.6,0.57,0.47,0.67,0.63,0.75,0.62,0.58,0.6,0.61,0.56,0.4,CB,DEF,5
Harry Van der Saag,RB,Australia,0.59,0.72,0.48,0.53,0.58,0.52,0.71,0.7,0.74,0.67,0.69,0.55,0.57,0.76,0.67,0.71,0.55,0.54,0.48,0.54,0.52,0.56,RB,DEF,1
Casey Walls,CB,United States,0.59,0.46,0.25,0.4,0.36,0.64,0.63,0.51,0.41,0.47,0.32,0.37,0.41,0.72,0.51,0.61,0.65,0.6,0.66,0.66,0.51,0.35,CB,DEF,5
Wang Jianan,RB,China PR,0.59,0.69,0.59,0.56,0.58,0.53,0.62,0.7,0.68,0.65,0.73,0.57,0.51,0.6,0.65,0.68,0.57,0.59,0.43,0.53,0.6,0.58,RB,DEF,1
Riley Warland,LB,Australia,0.59,0.65,0.24,0.43,0.41,0.59,0.66,0.66,0.64,0.46,0.73,0.39,0.46,0.72,0.67,0.63,0.63,0.6,0.59,0.56,0.47,0.31,LB,DEF,4
Jaden Warner,CB,England,0.59,0.74,0.25,0.46,0.48,0.58,0.64,0.7,0.78,0.65,0.5,0.49,0.55,0.73,0.54,0.69,0.58,0.57,0.59,0.57,0.54,0.33,CB,DEF,4
Wen Jiabao,LB,China PR,0.59,0.8,0.47,0.52,0.6,0.53,0.61,0.79,0.81,0.77,0.75,0.55,0.54,0.57,0.65,0.58,0.54,0.54,0.56,0.53,0.41,0.57,LB,DEF,1
Tyrone Williams,CB,England,0.59,0.61,0.26,0.34,0.38,0.59,0.72,0.59,0.63,0.49,0.52,0.27,0.55,0.8,0.62,0.72,0.6,0.59,0.59,0.57,0.57,0.39,CB,DEF,5
Zac Williams,CB,Wales,0.59,0.65,0.36,0.48,0.52,0.57,0.66,0.67,0.64,0.62,0.6,0.49,0.56,0.69,0.61,0.67,0.57,0.56,0.58,0.58,0.56,0.38,CB,DEF,4
John Ross Wilson,RB,Republic of Ireland,0.59,0.58,0.42,0.53,0.54,0.56,0.6,0.62,0.55,0.55,0.51,0.55,0.53,0.59,0.62,0.58,0.59,0.58,0.54,0.55,0.53,0.48,RB,DEF,4
Seyhan Yigit,RB,Turkey,0.59,0.71,0.33,0.51,0.61,0.53,0.54,0.74,0.69,0.76,0.81,0.58,0.51,0.44,0.71,0.44,0.57,0.55,0.51,0.54,0.41,0.36,RB,DEF,1
Mohammed Abdulrahman,RB,Saudi Arabia,0.58,0.77,0.29,0.41,0.53,0.55,0.58,0.77,0.77,0.71,0.77,0.5,0.53,0.58,0.65,0.65,0.57,0.55,0.56,0.55,0.5,0.24,RB,DEF,4
Elicha Ahui,RB,England,0.58,0.65,0.28,0.5,0.52,0.57,0.65,0.63,0.67,0.51,0.52,0.52,0.47,0.71,0.62,0.65,0.6,0.58,0.55,0.57,0.51,0.46,RB,DEF,4
Yazeed Al Bakr,RB,Saudi Arabia,0.58,0.76,0.27,0.48,0.58,0.53,0.58,0.74,0.78,0.65,0.71,0.57,0.5,0.6,0.6,0.65,0.53,0.54,0.53,0.53,0.51,0.28,RB,DEF,4
Fahad Al Hamad,CB,Saudi Arabia,0.58,0.66,0.26,0.4,0.4,0.57,0.67,0.62,0.69,0.35,0.5,0.48,0.54,0.72,0.64,0.66,0.59,0.56,0.57,0.55,0.54,0.38,CB,DEF,5
Hussain Al Nowaiqi,RB,Saudi Arabia,0.58,0.73,0.39,0.5,0.54,0.52,0.55,0.72,0.73,0.63,0.72,0.52,0.53,0.5,0.71,0.55,0.55,0.5,0.51,0.53,0.47,0.4,RB,DEF,4
Omar Al Owdah,RB,Saudi Arabia,0.58,0.74,0.26,0.5,0.6,0.53,0.58,0.73,0.75,0.69,0.67,0.57,0.5,0.6,0.57,0.62,0.56,0.54,0.52,0.52,0.48,0.27,RB,DEF,4
Noor Al Rashidi,CB,Saudi Arabia,0.58,0.6,0.25,0.44,0.44,0.58,0.61,0.63,0.57,0.55,0.74,0.5,0.56,0.69,0.57,0.73,0.62,0.57,0.56,0.58,0.54,0.37,CB,DEF,4
Mansour Al Shammari,LB,Saudi Arabia,0.58,0.68,0.28,0.5,0.56,0.55,0.58,0.66,0.69,0.58,0.7,0.59,0.53,0.6,0.6,0.57,0.56,0.55,0.56,0.55,0.47,0.3,LB,DEF,4
Abdulmalek Al Shammari,LB,Saudi Arabia,0.58,0.71,0.49,0.55,0.6,0.52,0.59,0.7,0.72,0.74,0.7,0.59,0.54,0.66,0.54,0.47,0.56,0.54,0.53,0.51,0.41,0.44,LB,DEF,1
Abdullah Al Yousif,LB,Saudi Arabia,0.58,0.68,0.39,0.51,0.52,0.55,0.67,0.72,0.65,0.66,0.63,0.54,0.52,0.73,0.62,0.71,0.57,0.51,0.51,0.59,0.53,0.5,LB,DEF,1
Tyrell Ashcroft,RB,England,0.58,0.76,0.36,0.43,0.51,0.53,0.53,0.77,0.76,0.76,0.53,0.46,0.51,0.47,0.64,0.54,0.58,0.57,0.51,0.5,0.47,0.41,RB,DEF,4
Nathan Asiimwe,RB,Uganda,0.58,0.73,0.34,0.5,0.55,0.53,0.65,0.71,0.75,0.65,0.67,0.54,0.5,0.68,0.68,0.67,0.54,0.52,0.54,0.51,0.52,0.4,RB,DEF,1
Zach Awe,CB,England,0.58,0.54,0.29,0.42,0.48,0.59,0.56,0.53,0.55,0.45,0.58,0.5,0.53,0.6,0.48,0.62,0.61,0.58,0.57,0.58,0.61,0.43,CB,DEF,4
Yunus Bahadır,RB,Turkey,0.58,0.68,0.29,0.44,0.57,0.53,0.51,0.71,0.66,0.67,0.69,0.56,0.56,0.49,0.53,0.48,0.6,0.58,0.47,0.55,0.44,0.29,RB,DEF,4
Geraldo Bajrami,CB,Albania,0.58,0.62,0.37,0.38,0.47,0.58,0.66,0.61,0.63,0.65,0.6,0.41,0.54,0.72,0.61,0.68,0.6,0.58,0.58,0.56,0.55,0.52,CB,DEF,5
Cody Baker,RB,United States,0.58,0.7,0.26,0.38,0.54,0.55,0.57,0.7,0.7,0.69,0.71,0.51,0.55,0.48,0.64,0.45,0.6,0.57,0.55,0.53,0.44,0.26,RB,DEF,4
Charlie Barker,CB,England,0.58,0.65,0.34,0.43,0.51,0.57,0.66,0.64,0.66,0.63,0.59,0.5,0.58,0.68,0.61,0.75,0.57,0.55,0.58,0.56,0.55,0.39,CB,DEF,5
Filip Beckman,CB,Sweden,0.58,0.55,0.26,0.31,0.44,0.58,0.65,0.56,0.54,0.49,0.42,0.5,0.6,0.75,0.51,0.65,0.58,0.56,0.59,0.58,0.53,0.38,CB,DEF,5
Alcides Benítez,RB,Paraguay,0.58,0.72,0.31,0.43,0.56,0.53,0.47,0.75,0.69,0.66,0.88,0.58,0.46,0.37,0.68,0.4,0.59,0.51,0.51,0.58,0.37,0.38,RB,DEF,4
Lewis Billington,RB,England,0.58,0.66,0.34,0.46,0.48,0.57,0.64,0.68,0.65,0.54,0.51,0.48,0.44,0.72,0.62,0.71,0.58,0.55,0.56,0.58,0.58,0.32,RB,DEF,4
Manuel Braun,LB,Germany,0.58,0.67,0.34,0.49,0.54,0.58,0.58,0.66,0.68,0.55,0.6,0.59,0.42,0.65,0.49,0.63,0.61,0.57,0.58,0.55,0.53,0.32,LB,DEF,4
Francisco Bregante,LB,Uruguay,0.58,0.53,0.35,0.47,0.42,0.59,0.61,0.52,0.53,0.46,0.54,0.47,0.48,0.67,0.59,0.55,0.6,0.63,0.6,0.58,0.48,0.33,LB,DEF,4
Taylan Bulut,RB,Germany,0.58,0.63,0.43,0.53,0.53,0.56,0.62,0.64,0.62,0.57,0.51,0.52,0.49,0.63,0.64,0.65,0.6,0.55,0.53,0.52,0.57,0.57,RB,DEF,4
Robert Castellanos,CB,United States,0.58,0.53,0.24,0.38,0.41,0.57,0.67,0.54,0.52,0.32,0.45,0.51,0.5,0.8,0.56,0.73,0.59,0.52,0.6,0.5,0.62,0.33,CB,DEF,5
Antonio Ceza,CB,Chile,0.58,0.63,0.22,0.3,0.33,0.62,0.53,0.62,0.63,0.42,0.58,0.34,0.63,0.56,0.48,0.63,0.66,0.63,0.59,0.61,0.62,0.32,CB,DEF,4
Pratik Chaudhari,CB,India,0.58,0.48,0.25,0.32,0.41,0.58,0.73,0.47,0.49,0.42,0.41,0.42,0.43,0.77,0.64,0.71,0.59,0.58,0.59,0.57,0.5,0.35,CB,DEF,5
Jeremiah Chilokoa-Mullen,CB,Scotland,0.58,0.58,0.24,0.45,0.52,0.57,0.58,0.59,0.58,0.44,0.55,0.59,0.52,0.58,0.59,0.63,0.59,0.54,0.56,0.54,0.62,0.32,CB,DEF,4
Choi Chul Soon,RB,Korea Republic,0.58,0.58,0.45,0.56,0.56,0.57,0.65,0.65,0.53,0.52,0.79,0.58,0.46,0.68,0.56,0.67,0.54,0.58,0.58,0.57,0.58,0.47,RB,DEF,1
Noah Cobb,CB,United States,0.58,0.71,0.26,0.3,0.38,0.61,0.59,0.68,0.73,0.45,0.59,0.36,0.53,0.59,0.58,0.63,0.68,0.64,0.61,0.52,0.57,0.4,CB,DEF,4
Marius Courcoul,CB,France,0.58,0.57,0.29,0.38,0.4,0.6,0.61,0.56,0.57,0.47,0.64,0.43,0.51,0.59,0.67,0.55,0.64,0.61,0.58,0.61,0.51,0.39,CB,DEF,4
Luc De Fougerolles,CB,Canada,0.58,0.64,0.32,0.44,0.48,0.6,0.58,0.65,0.63,0.57,0.64,0.46,0.56,0.57,0.63,0.62,0.6,0.58,0.61,0.58,0.59,0.46,CB,DEF,4
Lorenzo Dellavalle,CB,Italy,0.58,0.56,0.28,0.46,0.43,0.6,0.51,0.55,0.56,0.58,0.49,0.55,0.47,0.62,0.33,0.65,0.65,0.64,0.54,0.58,0.63,0.44,CB,DEF,4
Mandar Desai,LB,India,0.58,0.77,0.51,0.5,0.59,0.5,0.6,0.79,0.75,0.72,0.79,0.57,0.51,0.55,0.79,0.57,0.52,0.5,0.56,0.43,0.42,0.63,LB,DEF,1
Lukas Dominke,CB,Germany,0.58,0.58,0.24,0.37,0.43,0.58,0.64,0.55,0.6,0.42,0.54,0.41,0.49,0.73,0.52,0.68,0.58,0.59,0.58,0.57,0.59,0.42,CB,DEF,5
Dong Yanfeng,CB,China PR,0.58,0.75,0.27,0.47,0.58,0.57,0.67,0.69,0.8,0.83,0.63,0.54,0.53,0.71,0.66,0.64,0.58,0.59,0.56,0.58,0.48,0.27,CB,DEF,1
Amidou Doumbouya,CB,France,0.58,0.55,0.33,0.45,0.54,0.58,0.63,0.58,0.53,0.49,0.64,0.56,0.51,0.64,0.62,0.66,0.62,0.57,0.56,0.52,0.62,0.48,CB,DEF,5
Moritz Eder,RB,Austria,0.58,0.67,0.27,0.45,0.53,0.55,0.54,0.68,0.66,0.61,0.65,0.51,0.54,0.53,0.6,0.52,0.59,0.57,0.53,0.54,0.47,0.3,RB,DEF,4
Deji Elerewe,CB,England,0.58,0.69,0.24,0.4,0.44,0.57,0.68,0.69,0.69,0.41,0.57,0.43,0.55,0.76,0.59,0.73,0.58,0.56,0.58,0.56,0.55,0.33,CB,DEF,5
Jack Ellis,RB,England,0.58,0.67,0.29,0.46,0.55,0.54,0.64,0.65,0.68,0.63,0.66,0.54,0.53,0.69,0.68,0.61,0.55,0.54,0.53,0.54,0.49,0.33,RB,DEF,4
Cameron Evans,CB,Wales,0.58,0.61,0.2,0.39,0.5,0.58,0.63,0.59,0.62,0.51,0.49,0.51,0.48,0.65,0.64,0.66,0.61,0.58,0.56,0.53,0.6,0.21,CB,DEF,4
Feng Boxuan,RB,China PR,0.58,0.83,0.51,0.52,0.61,0.5,0.59,0.82,0.84,0.79,0.71,0.56,0.52,0.59,0.67,0.59,0.5,0.48,0.52,0.54,0.38,0.58,RB,DEF,1
Lukas Frenkert,CB,Germany,0.58,0.72,0.25,0.38,0.52,0.57,0.68,0.67,0.76,0.54,0.46,0.52,0.58,0.74,0.67,0.71,0.62,0.56,0.55,0.53,0.57,0.25,CB,DEF,5
Patrick Gamble,CB,England,0.58,0.62,0.32,0.47,0.44,0.57,0.62,0.56,0.66,0.45,0.46,0.48,0.5,0.69,0.48,0.67,0.57,0.54,0.57,0.56,0.61,0.44,CB,DEF,4
Cristian Graciano,RB,Colombia,0.58,0.73,0.28,0.43,0.53,0.5,0.54,0.73,0.73,0.55,0.41,0.55,0.7,0.53,0.62,0.55,0.47,0.46,0.51,0.58,0.45,0.21,RB,DEF,4
Gabriele Guarino,CB,Italy,0.58,0.53,0.28,0.37,0.39,0.59,0.67,0.6,0.47,0.32,0.41,0.4,0.51,0.75,0.62,0.72,0.62,0.53,0.56,0.62,0.6,0.44,CB,DEF,5
Michael Halliday,RB,United States,0.58,0.68,0.29,0.48,0.54,0.54,0.6,0.67,0.68,0.62,0.65,0.55,0.53,0.61,0.66,0.59,0.56,0.55,0.53,0.54,0.49,0.28,RB,DEF,4
Aksel Halsgaard,CB,Denmark,0.58,0.58,0.31,0.36,0.36,0.61,0.49,0.52,0.62,0.55,0.39,0.35,0.62,0.53,0.4,0.54,0.61,0.6,0.63,0.6,0.58,0.4,CB,DEF,4
Mathis Hamdi,LB,France,0.58,0.61,0.29,0.42,0.49,0.56,0.53,0.6,0.61,0.51,0.48,0.48,0.54,0.51,0.58,0.49,0.59,0.61,0.57,0.54,0.45,0.28,LB,DEF,4
Ryan Haynes,LB,England,0.58,0.71,0.48,0.53,0.54,0.54,0.66,0.7,0.71,0.67,0.58,0.53,0.55,0.66,0.68,0.67,0.54,0.51,0.55,0.52,0.55,0.55,LB,DEF,1
Martin Hellan,RB,Norway,0.58,0.6,0.33,0.47,0.56,0.54,0.56,0.56,0.64,0.55,0.71,0.57,0.53,0.54,0.63,0.52,0.56,0.55,0.52,0.55,0.52,0.27,RB,DEF,4
Maximilian Herwerth,CB,Germany,0.58,0.52,0.22,0.38,0.42,0.57,0.66,0.48,0.55,0.48,0.46,0.46,0.51,0.74,0.56,0.67,0.6,0.56,0.55,0.53,0.61,0.3,CB,DEF,5
Leon Hien,CB,Sweden,0.58,0.62,0.53,0.44,0.54,0.57,0.64,0.58,0.66,0.57,0.6,0.54,0.6,0.72,0.55,0.67,0.56,0.55,0.59,0.58,0.56,0.56,CB,DEF,5
Jonas Lange Hjorth,LB,Norway,0.58,0.73,0.41,0.51,0.6,0.49,0.58,0.75,0.72,0.79,0.73,0.58,0.5,0.53,0.74,0.56,0.52,0.5,0.45,0.5,0.47,0.48,LB,DEF,1
Tim Hoffmann,CB,Germany,0.58,0.63,0.25,0.42,0.45,0.58,0.61,0.61,0.65,0.61,0.6,0.44,0.5,0.69,0.53,0.66,0.61,0.58,0.55,0.59,0.59,0.39,CB,DEF,4
Tim Hoops,CB,Germany,0.58,0.67,0.26,0.44,0.44,0.58,0.6,0.68,0.66,0.44,0.55,0.59,0.54,0.64,0.61,0.69,0.59,0.61,0.55,0.59,0.6,0.41,CB,DEF,5
Rio Hope-Gund,CB,United States,0.58,0.69,0.29,0.41,0.45,0.57,0.63,0.71,0.67,0.56,0.57,0.41,0.69,0.72,0.62,0.66,0.6,0.61,0.5,0.66,0.45,0.47,CB,DEF,4
Hwang Soon Min,LB,Korea Republic,0.58,0.61,0.54,0.56,0.59,0.53,0.61,0.58,0.64,0.73,0.8,0.55,0.53,0.59,0.71,0.57,0.49,0.53,0.55,0.57,0.54,0.59,LB,DEF,1
Marc-André Jürgen,LB,Germany,0.58,0.58,0.41,0.51,0.56,0.56,0.57,0.61,0.56,0.55,0.76,0.53,0.54,0.58,0.58,0.57,0.6,0.6,0.55,0.54,0.51,0.5,LB,DEF,4
Edgar Kaizer,CB,Germany,0.58,0.54,0.29,0.35,0.43,0.57,0.68,0.55,0.54,0.47,0.49,0.44,0.53,0.82,0.53,0.69,0.6,0.58,0.55,0.57,0.54,0.38,CB,DEF,5
Conor Kane,LB,Republic of Ireland,0.58,0.7,0.3,0.52,0.58,0.54,0.6,0.71,0.7,0.7,0.62,0.53,0.49,0.6,0.56,0.62,0.55,0.54,0.54,0.54,0.49,0.4,LB,DEF,4
Yiğit Karademir,CB,Turkey,0.58,0.68,0.24,0.34,0.37,0.59,0.6,0.67,0.68,0.46,0.59,0.33,0.6,0.6,0.62,0.68,0.58,0.55,0.59,0.59,0.64,0.38,CB,DEF,4
Kim Ju Yeop,RB,Korea Republic,0.58,0.62,0.36,0.44,0.53,0.55,0.62,0.66,0.59,0.63,0.64,0.5,0.55,0.63,0.69,0.62,0.55,0.56,0.57,0.54,0.52,0.36,RB,DEF,4
Kim Seung Woo,CB,Korea Republic,0.58,0.53,0.24,0.29,0.39,0.57,0.66,0.51,0.54,0.47,0.55,0.43,0.62,0.71,0.59,0.65,0.57,0.52,0.54,0.61,0.58,0.32,CB,DEF,5
Kim Geon Hui,CB,Korea Republic,0.58,0.61,0.24,0.35,0.34,0.58,0.65,0.6,0.62,0.5,0.43,0.34,0.54,0.73,0.55,0.69,0.6,0.55,0.56,0.59,0.59,0.36,CB,DEF,5
Mikkel Kristensen,CB,Denmark,0.58,0.74,0.27,0.47,0.52,0.56,0.64,0.72,0.75,0.68,0.66,0.53,0.58,0.7,0.55,0.72,0.59,0.55,0.53,0.55,0.57,0.41,CB,DEF,1
Amir Kurdi,RB,Saudi Arabia,0.58,0.58,0.49,0.58,0.58,0.54,0.59,0.61,0.56,0.61,0.44,0.6,0.5,0.63,0.62,0.64,0.59,0.52,0.51,0.52,0.56,0.55,RB,DEF,4
Kameron Ledwidge,CB,Republic of Ireland,0.58,0.69,0.31,0.48,0.54,0.56,0.68,0.69,0.69,0.65,0.62,0.5,0.6,0.68,0.69,0.64,0.6,0.55,0.56,0.51,0.52,0.42,CB,DEF,1
Li Hailong,RB,China PR,0.58,0.69,0.31,0.48,0.56,0.55,0.61,0.72,0.66,0.72,0.58,0.56,0.52,0.6,0.67,0.56,0.55,0.55,0.59,0.54,0.4,0.41,RB,DEF,4
Filip Loftesnes-Bjune,RB,Norway,0.58,0.63,0.4,0.53,0.58,0.54,0.59,0.59,0.67,0.65,0.75,0.58,0.51,0.57,0.66,0.52,0.57,0.55,0.52,0.56,0.46,0.45,RB,DEF,1
Brooklyn Lyons-Foster,CB,England,0.58,0.54,0.29,0.44,0.45,0.58,0.61,0.52,0.55,0.48,0.63,0.5,0.54,0.67,0.49,0.62,0.6,0.55,0.56,0.58,0.57,0.42,CB,DEF,4
Ali Makki,CB,Saudi Arabia,0.58,0.49,0.27,0.46,0.42,0.58,0.66,0.46,0.52,0.49,0.72,0.44,0.56,0.73,0.7,0.63,0.59,0.58,0.57,0.6,0.56,0.39,CB,DEF,5
Kevin Mamani,RB,Bolivia,0.58,0.68,0.27,0.46,0.49,0.54,0.52,0.69,0.68,0.6,0.68,0.45,0.52,0.49,0.62,0.5,0.58,0.55,0.5,0.58,0.48,0.3,RB,DEF,4
Jon Martín,CB,Spain,0.58,0.68,0.26,0.37,0.45,0.56,0.64,0.69,0.67,0.49,0.6,0.5,0.58,0.64,0.67,0.69,0.59,0.58,0.52,0.55,0.61,0.34,CB,DEF,4
Fernando Martínez,RB,Argentina,0.58,0.59,0.31,0.4,0.54,0.57,0.52,0.63,0.56,0.58,0.73,0.43,0.53,0.5,0.57,0.53,0.65,0.65,0.5,0.57,0.5,0.27,RB,DEF,4
Liam McCarron,LB,Scotland,0.58,0.82,0.47,0.51,0.58,0.52,0.48,0.82,0.82,0.76,0.73,0.54,0.51,0.47,0.58,0.53,0.54,0.5,0.51,0.54,0.43,0.52,LB,DEF,1
Robbie McCourt,LB,Republic of Ireland,0.58,0.45,0.5,0.56,0.58,0.58,0.58,0.51,0.4,0.64,0.66,0.57,0.57,0.58,0.56,0.56,0.59,0.57,0.58,0.58,0.55,0.52,LB,DEF,4
Ryan McLaughlin,RB,Northern Ireland,0.58,0.67,0.49,0.53,0.56,0.56,0.59,0.66,0.68,0.66,0.66,0.54,0.54,0.61,0.53,0.61,0.56,0.54,0.57,0.57,0.51,0.54,RB,DEF,1
David Mindombe,CB,Belgium,0.58,0.66,0.29,0.41,0.49,0.56,0.69,0.63,0.68,0.62,0.58,0.56,0.38,0.73,0.6,0.69,0.59,0.57,0.53,0.55,0.56,0.53,CB,DEF,4
Joaquín Molina Huamán,CB,Peru,0.58,0.49,0.26,0.47,0.34,0.6,0.6,0.5,0.48,0.4,0.66,0.38,0.49,0.61,0.59,0.6,0.58,0.62,0.61,0.6,0.59,0.4,CB,DEF,4
Jacob Muir,CB,Australia,0.58,0.49,0.27,0.45,0.46,0.56,0.7,0.4,0.56,0.52,0.57,0.45,0.53,0.8,0.61,0.61,0.6,0.57,0.54,0.53,0.52,0.42,CB,DEF,5
Joy Mukena,CB,England,0.58,0.56,0.29,0.36,0.4,0.58,0.65,0.61,0.52,0.5,0.67,0.4,0.51,0.74,0.53,0.69,0.58,0.58,0.61,0.57,0.55,0.42,CB,DEF,5
Miguel Muñoz,CB,Spain,0.58,0.61,0.31,0.49,0.47,0.61,0.59,0.56,0.65,0.34,0.64,0.47,0.48,0.6,0.65,0.6,0.67,0.66,0.58,0.56,0.55,0.44,CB,DEF,4
Moutaz Neffati,RB,Sweden,0.58,0.62,0.49,0.54,0.58,0.55,0.52,0.65,0.6,0.56,0.68,0.59,0.54,0.54,0.51,0.55,0.57,0.55,0.53,0.55,0.52,0.52,RB,DEF,4
George Nevett,CB,Wales,0.58,0.62,0.25,0.44,0.5,0.58,0.62,0.61,0.62,0.45,0.53,0.54,0.57,0.66,0.59,0.65,0.59,0.56,0.58,0.56,0.57,0.31,CB,DEF,4
Alan Nuñez,RB,Paraguay,0.58,0.74,0.27,0.5,0.53,0.54,0.51,0.71,0.76,0.65,0.67,0.52,0.47,0.47,0.59,0.52,0.59,0.51,0.55,0.5,0.48,0.29,RB,DEF,4
Connor O'Brien,RB,Republic of Ireland,0.58,0.79,0.29,0.46,0.55,0.5,0.64,0.81,0.78,0.73,0.66,0.5,0.53,0.63,0.73,0.63,0.51,0.52,0.5,0.52,0.42,0.25,RB,DEF,4
Ezequiel Olivera,LB,Uruguay,0.58,0.74,0.59,0.34,0.52,0.58,0.46,0.74,0.74,0.72,0.78,0.41,0.54,0.37,0.58,0.46,0.51,0.59,0.65,0.63,0.46,0.63,LB,DEF,1
Oludare Olufunwa,RB,England,0.58,0.61,0.38,0.49,0.53,0.55,0.66,0.7,0.53,0.53,0.36,0.54,0.57,0.69,0.64,0.64,0.56,0.57,0.54,0.55,0.5,0.41,RB,DEF,4
Oskar Opsahl,LB,Norway,0.58,0.73,0.39,0.51,0.57,0.52,0.58,0.73,0.73,0.74,0.75,0.56,0.52,0.56,0.65,0.58,0.54,0.52,0.52,0.5,0.45,0.52,LB,DEF,1
Sebastian Otoa,CB,Denmark,0.58,0.61,0.34,0.41,0.45,0.57,0.65,0.57,0.64,0.47,0.5,0.49,0.56,0.68,0.62,0.61,0.6,0.58,0.55,0.56,0.54,0.44,CB,DEF,4
Daniel Pike,RB,England,0.58,0.73,0.33,0.5,0.57,0.53,0.54,0.75,0.72,0.64,0.84,0.54,0.54,0.46,0.61,0.55,0.56,0.52,0.53,0.51,0.5,0.36,RB,DEF,4
Sergiu Pîrvulescu,RB,Romania,0.58,0.71,0.41,0.47,0.56,0.53,0.65,0.7,0.71,0.62,0.67,0.56,0.54,0.63,0.74,0.6,0.56,0.53,0.54,0.49,0.47,0.44,RB,DEF,1
Tom Pouilly,RB,France,0.58,0.67,0.39,0.48,0.52,0.54,0.58,0.69,0.66,0.63,0.64,0.55,0.48,0.57,0.62,0.56,0.63,0.58,0.47,0.53,0.46,0.51,RB,DEF,4
Lukas Reich,RB,Germany,0.58,0.68,0.36,0.51,0.53,0.51,0.62,0.66,0.7,0.6,0.55,0.58,0.57,0.66,0.63,0.52,0.55,0.51,0.49,0.54,0.34,0.33,RB,DEF,4
Jayden Reid,LB,United States,0.58,0.85,0.32,0.5,0.6,0.47,0.63,0.85,0.85,0.78,0.74,0.52,0.46,0.61,0.75,0.63,0.46,0.51,0.49,0.45,0.41,0.46,LB,DEF,1
Jannik Robatsch,CB,Austria,0.58,0.65,0.27,0.44,0.48,0.58,0.59,0.65,0.65,0.66,0.6,0.57,0.47,0.59,0.55,0.63,0.61,0.62,0.56,0.55,0.58,0.43,CB,DEF,4
Hormipam Ruivah,CB,India,0.58,0.54,0.35,0.43,0.5,0.59,0.68,0.52,0.56,0.64,0.72,0.56,0.44,0.74,0.72,0.72,0.6,0.62,0.61,0.56,0.52,0.49,CB,DEF,5
Elkin Ruiz,LB,Ecuador,0.58,0.76,0.38,0.45,0.56,0.53,0.52,0.78,0.74,0.68,0.83,0.54,0.49,0.44,0.65,0.58,0.53,0.49,0.54,0.52,0.59,0.39,LB,DEF,1
Ryheem Sheckleford,RB,England,0.58,0.74,0.31,0.42,0.54,0.54,0.6,0.72,0.76,0.69,0.72,0.5,0.52,0.62,0.65,0.57,0.56,0.54,0.56,0.55,0.42,0.41,RB,DEF,4
Lewis Shipley,LB,England,0.58,0.64,0.28,0.45,0.5,0.55,0.64,0.63,0.65,0.52,0.55,0.47,0.52,0.69,0.62,0.63,0.57,0.56,0.53,0.56,0.53,0.36,LB,DEF,4
Brage Skaret,CB,Norway,0.58,0.53,0.29,0.43,0.46,0.57,0.65,0.53,0.53,0.45,0.53,0.47,0.49,0.71,0.61,0.68,0.57,0.56,0.57,0.56,0.61,0.47,CB,DEF,5
Tunmise Sobowale,RB,Republic of Ireland,0.58,0.77,0.46,0.51,0.57,0.52,0.73,0.75,0.78,0.65,0.67,0.54,0.48,0.79,0.69,0.75,0.55,0.52,0.48,0.52,0.5,0.56,RB,DEF,1
Lino Sousa,LB,England,0.58,0.62,0.39,0.54,0.57,0.56,0.54,0.59,0.65,0.6,0.56,0.55,0.52,0.59,0.51,0.56,0.57,0.58,0.57,0.55,0.51,0.55,LB,DEF,4
Jonah Sticker,RB,Germany,0.58,0.66,0.28,0.5,0.53,0.53,0.58,0.69,0.64,0.62,0.62,0.48,0.59,0.61,0.6,0.59,0.57,0.52,0.48,0.58,0.47,0.26,RB,DEF,4
Jamie Stott,CB,England,0.58,0.67,0.26,0.45,0.46,0.57,0.68,0.69,0.66,0.48,0.56,0.48,0.51,0.73,0.64,0.72,0.58,0.56,0.57,0.55,0.57,0.37,CB,DEF,5
Su Yuanjie,LB,China PR,0.58,0.75,0.5,0.51,0.62,0.51,0.56,0.75,0.75,0.78,0.71,0.57,0.6,0.61,0.57,0.72,0.43,0.48,0.53,0.57,0.62,0.44,LB,DEF,1
Strahinja Tanasijević,CB,Serbia,0.58,0.46,0.29,0.42,0.5,0.59,0.63,0.51,0.41,0.54,0.54,0.47,0.51,0.64,0.57,0.6,0.63,0.62,0.56,0.58,0.55,0.55,CB,DEF,5
Devan Tanton,RB,Colombia,0.58,0.68,0.33,0.44,0.57,0.55,0.65,0.67,0.68,0.67,0.73,0.51,0.53,0.64,0.71,0.59,0.57,0.56,0.54,0.54,0.48,0.33,RB,DEF,4
Miller Thomson,RB,Scotland,0.58,0.73,0.53,0.55,0.59,0.54,0.47,0.74,0.72,0.71,0.8,0.58,0.55,0.49,0.37,0.6,0.55,0.5,0.5,0.59,0.56,0.56,RB,DEF,1
Matti Wagner,LB,Germany,0.58,0.72,0.34,0.49,0.55,0.54,0.5,0.7,0.73,0.67,0.66,0.57,0.56,0.51,0.56,0.48,0.55,0.54,0.56,0.54,0.44,0.48,LB,DEF,4
Gabriel Wallentin,CB,Sweden,0.58,0.53,0.25,0.37,0.39,0.58,0.64,0.53,0.53,0.48,0.52,0.4,0.55,0.7,0.6,0.63,0.61,0.58,0.56,0.56,0.58,0.37,CB,DEF,5
Wang Jie,CB,China PR,0.58,0.35,0.43,0.4,0.5,0.55,0.67,0.34,0.36,0.33,0.55,0.52,0.48,0.83,0.39,0.65,0.58,0.56,0.53,0.52,0.56,0.58,CB,DEF,5
Wen Da,RB,China PR,0.58,0.7,0.45,0.43,0.55,0.53,0.63,0.74,0.67,0.73,0.52,0.56,0.58,0.74,0.64,0.68,0.58,0.51,0.49,0.53,0.47,0.46,RB,DEF,1
Charlie Wiggett,CB,England,0.58,0.51,0.33,0.47,0.46,0.57,0.67,0.48,0.54,0.51,0.5,0.46,0.54,0.7,0.65,0.61,0.59,0.56,0.58,0.54,0.57,0.3,CB,DEF,5
Xu Dong,LB,China PR,0.58,0.65,0.29,0.38,0.47,0.59,0.67,0.75,0.57,0.59,0.6,0.41,0.49,0.63,0.76,0.7,0.64,0.63,0.56,0.54,0.56,0.31,LB,DEF,4
Xu Haofeng,RB,China PR,0.58,0.69,0.27,0.42,0.52,0.56,0.62,0.65,0.72,0.63,0.62,0.48,0.59,0.62,0.65,0.58,0.56,0.55,0.56,0.58,0.48,0.35,RB,DEF,4
Louis Zabala,RB,Australia,0.58,0.69,0.48,0.56,0.61,0.51,0.67,0.71,0.67,0.76,0.78,0.6,0.53,0.68,0.68,0.6,0.55,0.54,0.44,0.55,0.44,0.59,RB,DEF,1
Nikola Zečević,CB,Serbia,0.58,0.67,0.27,0.4,0.51,0.58,0.63,0.65,0.68,0.53,0.5,0.51,0.59,0.66,0.64,0.67,0.59,0.58,0.56,0.57,0.59,0.37,CB,DEF,5
Zhao Jianfei,CB,China PR,0.58,0.67,0.25,0.37,0.46,0.57,0.63,0.68,0.66,0.65,0.55,0.52,0.52,0.74,0.52,0.63,0.56,0.59,0.6,0.54,0.59,0.33,CB,DEF,4
Jan Ziółkowski,CB,Poland,0.58,0.62,0.28,0.41,0.39,0.58,0.6,0.6,0.64,0.48,0.49,0.41,0.59,0.64,0.51,0.65,0.59,0.55,0.57,0.59,0.59,0.43,CB,DEF,4
Hubert Zwoźny,RB,Poland,0.58,0.69,0.43,0.51,0.58,0.54,0.62,0.7,0.68,0.66,0.63,0.56,0.52,0.57,0.69,0.56,0.57,0.54,0.51,0.55,0.48,0.52,RB,DEF,1
James Abankwah,CB,Republic of Ireland,0.57,0.66,0.29,0.44,0.53,0.55,0.67,0.67,0.66,0.64,0.62,0.48,0.5,0.71,0.6,0.67,0.55,0.55,0.57,0.54,0.53,0.39,CB,DEF,4
Hamza Abdallah,RB,France,0.57,0.62,0.35,0.43,0.52,0.54,0.51,0.64,0.61,0.59,0.68,0.48,0.58,0.48,0.58,0.47,0.57,0.56,0.54,0.52,0.46,0.26,RB,DEF,4
Nabil Aberdin,CB,France,0.57,0.53,0.25,0.44,0.4,0.59,0.59,0.54,0.53,0.44,0.61,0.45,0.57,0.59,0.57,0.55,0.64,0.59,0.56,0.58,0.52,0.4,CB,DEF,4
Nino Adom-Malaki,LB,England,0.57,0.8,0.35,0.46,0.52,0.52,0.55,0.81,0.79,0.75,0.72,0.43,0.52,0.5,0.64,0.56,0.52,0.51,0.53,0.56,0.44,0.43,LB,DEF,4
Mubarak Al Rajih,CB,Saudi Arabia,0.57,0.65,0.23,0.36,0.37,0.57,0.68,0.7,0.6,0.5,0.54,0.45,0.48,0.72,0.69,0.78,0.57,0.59,0.56,0.57,0.54,0.26,CB,DEF,5
Mohammed Al Saeed,LB,Saudi Arabia,0.57,0.7,0.42,0.56,0.58,0.5,0.55,0.69,0.71,0.7,0.66,0.56,0.54,0.61,0.57,0.54,0.51,0.52,0.5,0.5,0.42,0.52,LB,DEF,4
Siaka Bakayoko,CB,France,0.57,0.61,0.29,0.41,0.48,0.58,0.55,0.61,0.61,0.56,0.58,0.56,0.53,0.62,0.39,0.57,0.64,0.6,0.56,0.54,0.49,0.41,CB,DEF,4
Vitalie Becker,LB,Germany,0.57,0.61,0.42,0.5,0.53,0.54,0.55,0.63,0.6,0.57,0.61,0.48,0.53,0.55,0.58,0.53,0.56,0.54,0.52,0.55,0.47,0.53,LB,DEF,4
Hosine Bility,CB,Australia,0.57,0.56,0.25,0.36,0.41,0.53,0.69,0.57,0.55,0.49,0.46,0.45,0.5,0.78,0.54,0.73,0.55,0.52,0.52,0.5,0.6,0.4,CB,DEF,4
Israel Boatwright,RB,Dominican Republic,0.57,0.7,0.22,0.33,0.62,0.55,0.5,0.71,0.7,0.65,0.69,0.55,0.55,0.46,0.56,0.45,0.63,0.6,0.5,0.55,0.39,0.2,RB,DEF,4
Cian Byrne,CB,Republic of Ireland,0.57,0.53,0.3,0.41,0.45,0.57,0.63,0.52,0.53,0.52,0.54,0.45,0.51,0.71,0.54,0.61,0.59,0.57,0.58,0.56,0.52,0.41,CB,DEF,4
Jessel Carneiro,LB,India,0.57,0.68,0.33,0.51,0.54,0.52,0.62,0.69,0.68,0.78,0.93,0.48,0.49,0.57,0.74,0.48,0.54,0.54,0.54,0.53,0.33,0.4,LB,DEF,1
Matty Carson,LB,England,0.57,0.64,0.44,0.53,0.53,0.52,0.55,0.67,0.62,0.62,0.69,0.53,0.53,0.53,0.62,0.51,0.58,0.53,0.48,0.5,0.45,0.62,LB,DEF,4
John Clarke,LB,Republic of Ireland,0.57,0.62,0.31,0.37,0.55,0.57,0.61,0.65,0.6,0.57,0.68,0.55,0.56,0.55,0.58,0.61,0.58,0.59,0.57,0.56,0.58,0.31,LB,DEF,4
Sadin Crnovrsanin,CB,Switzerland,0.57,0.63,0.24,0.38,0.43,0.57,0.63,0.61,0.65,0.37,0.52,0.58,0.5,0.69,0.64,0.58,0.59,0.58,0.61,0.55,0.45,0.34,CB,DEF,4
Mauricio Cuevas,RB,United States,0.57,0.72,0.3,0.45,0.55,0.52,0.45,0.75,0.7,0.69,0.79,0.49,0.49,0.35,0.62,0.41,0.54,0.54,0.48,0.57,0.44,0.39,RB,DEF,4
Vontae Daley-Campbell,RB,England,0.57,0.68,0.39,0.5,0.52,0.52,0.62,0.7,0.67,0.58,0.65,0.5,0.5,0.62,0.68,0.6,0.55,0.53,0.51,0.48,0.49,0.44,RB,DEF,4
Gabriel Dănuleasă,CB,Romania,0.57,0.62,0.24,0.42,0.39,0.55,0.65,0.6,0.64,0.47,0.58,0.44,0.5,0.72,0.52,0.68,0.6,0.54,0.52,0.5,0.56,0.38,CB,DEF,4
Tom Davies,LB,Wales,0.57,0.73,0.39,0.54,0.55,0.5,0.54,0.71,0.74,0.69,0.65,0.5,0.53,0.5,0.59,0.55,0.55,0.51,0.46,0.48,0.49,0.59,LB,DEF,4
Alouis Diriken,CB,Belgium,0.57,0.41,0.22,0.38,0.47,0.58,0.57,0.37,0.44,0.38,0.45,0.58,0.52,0.6,0.48,0.5,0.61,0.56,0.58,0.57,0.52,0.38,CB,DEF,4
Regan Donelon,LB,Republic of Ireland,0.57,0.68,0.35,0.54,0.54,0.52,0.56,0.67,0.68,0.65,0.79,0.53,0.45,0.53,0.71,0.47,0.55,0.53,0.53,0.52,0.42,0.5,LB,DEF,4
Marc Niclas Dühring,LB,Germany,0.57,0.68,0.37,0.5,0.49,0.52,0.53,0.69,0.67,0.41,0.49,0.52,0.51,0.55,0.59,0.56,0.53,0.56,0.51,0.53,0.49,0.49,LB,DEF,4
Ahmad Faqa,CB,Syria,0.57,0.56,0.48,0.39,0.55,0.56,0.66,0.55,0.57,0.54,0.63,0.57,0.46,0.74,0.62,0.67,0.58,0.56,0.54,0.55,0.55,0.53,CB,DEF,4
Zack Farnsworth,LB,United States,0.57,0.74,0.3,0.41,0.52,0.56,0.6,0.71,0.76,0.5,0.63,0.54,0.42,0.65,0.57,0.66,0.59,0.57,0.55,0.54,0.53,0.39,LB,DEF,4
Bobby Faulkner,CB,England,0.57,0.68,0.27,0.33,0.41,0.56,0.67,0.68,0.68,0.63,0.61,0.42,0.54,0.73,0.6,0.71,0.56,0.55,0.57,0.56,0.56,0.38,CB,DEF,4
Josh Feeney,CB,England,0.57,0.53,0.31,0.42,0.41,0.58,0.57,0.52,0.54,0.35,0.49,0.5,0.52,0.65,0.46,0.58,0.64,0.58,0.56,0.56,0.54,0.47,CB,DEF,4
Robbie Fraser,LB,Scotland,0.57,0.72,0.37,0.48,0.55,0.55,0.56,0.76,0.68,0.61,0.58,0.56,0.53,0.57,0.51,0.61,0.57,0.51,0.55,0.56,0.47,0.4,LB,DEF,4
Miguel Freckleton,CB,England,0.57,0.71,0.3,0.4,0.41,0.57,0.69,0.69,0.72,0.56,0.54,0.35,0.53,0.77,0.64,0.71,0.58,0.56,0.57,0.56,0.54,0.46,CB,DEF,4
Thomas González,CB,Uruguay,0.57,0.58,0.48,0.46,0.51,0.58,0.6,0.58,0.58,0.65,0.65,0.46,0.54,0.65,0.55,0.59,0.67,0.62,0.53,0.56,0.5,0.55,CB,DEF,4
Lukas Graf,CB,Austria,0.57,0.54,0.49,0.5,0.51,0.57,0.56,0.52,0.56,0.48,0.56,0.58,0.52,0.56,0.53,0.59,0.58,0.62,0.55,0.54,0.61,0.48,CB,DEF,4
Will Greenidge,RB,England,0.57,0.63,0.33,0.44,0.48,0.57,0.64,0.67,0.59,0.6,0.54,0.47,0.55,0.73,0.58,0.68,0.59,0.58,0.57,0.55,0.54,0.37,RB,DEF,4
Seán Grehan,CB,Republic of Ireland,0.57,0.57,0.24,0.43,0.49,0.57,0.61,0.56,0.57,0.54,0.51,0.5,0.52,0.67,0.53,0.63,0.57,0.54,0.59,0.56,0.55,0.38,CB,DEF,4
Aaron Gurd,CB,Australia,0.57,0.48,0.29,0.37,0.41,0.56,0.66,0.45,0.51,0.48,0.47,0.46,0.56,0.7,0.64,0.6,0.57,0.56,0.56,0.54,0.58,0.49,CB,DEF,5
Tyler Hall,CB,United States,0.57,0.61,0.28,0.53,0.56,0.58,0.52,0.59,0.62,0.6,0.67,0.6,0.47,0.54,0.5,0.59,0.58,0.55,0.6,0.55,0.6,0.36,CB,DEF,4
Kayden Harrack,CB,England,0.57,0.66,0.27,0.41,0.45,0.55,0.69,0.66,0.66,0.59,0.52,0.42,0.51,0.73,0.65,0.7,0.56,0.54,0.56,0.54,0.56,0.39,CB,DEF,4
Luke Heeney,RB,Republic of Ireland,0.57,0.65,0.27,0.51,0.51,0.54,0.62,0.64,0.65,0.59,0.64,0.51,0.48,0.61,0.6,0.53,0.56,0.57,0.55,0.54,0.44,0.49,RB,DEF,4
Lucas Høgsberg,RB,Denmark,0.57,0.71,0.25,0.44,0.58,0.51,0.58,0.72,0.71,0.66,0.69,0.59,0.58,0.6,0.54,0.56,0.57,0.58,0.44,0.53,0.42,0.23,RB,DEF,4
Colm Horgan,RB,Republic of Ireland,0.57,0.62,0.31,0.54,0.55,0.53,0.61,0.63,0.61,0.62,0.7,0.52,0.56,0.6,0.63,0.6,0.54,0.53,0.51,0.53,0.51,0.35,RB,DEF,4
Isaac Hughes,CB,New Zealand,0.57,0.59,0.39,0.49,0.49,0.57,0.64,0.54,0.63,0.6,0.62,0.49,0.56,0.69,0.64,0.59,0.59,0.54,0.58,0.56,0.52,0.54,CB,DEF,4
Luka Hujber,RB,Croatia,0.57,0.64,0.38,0.52,0.55,0.52,0.58,0.67,0.61,0.56,0.67,0.57,0.52,0.62,0.55,0.52,0.59,0.57,0.5,0.49,0.36,0.41,RB,DEF,4
David Jaunegg,RB,Austria,0.57,0.6,0.39,0.47,0.56,0.56,0.61,0.59,0.6,0.6,0.45,0.59,0.55,0.7,0.45,0.61,0.6,0.57,0.55,0.53,0.51,0.45,RB,DEF,4
Zak Johnson,CB,England,0.57,0.6,0.28,0.4,0.52,0.56,0.64,0.66,0.55,0.71,0.78,0.51,0.52,0.7,0.6,0.68,0.58,0.53,0.54,0.55,0.59,0.29,CB,DEF,4
Arkell Jude-Boyd,RB,England,0.57,0.74,0.44,0.5,0.56,0.52,0.57,0.73,0.75,0.63,0.62,0.54,0.54,0.59,0.59,0.59,0.55,0.51,0.52,0.51,0.46,0.45,RB,DEF,4
Eren Karaağaç,LB,Turkey,0.57,0.66,0.37,0.49,0.6,0.54,0.51,0.67,0.65,0.69,0.71,0.57,0.46,0.45,0.56,0.52,0.55,0.57,0.54,0.55,0.42,0.46,LB,DEF,4
Maxwell Kinsey,CB,England,0.57,0.6,0.3,0.38,0.41,0.57,0.65,0.59,0.6,0.53,0.58,0.42,0.5,0.71,0.55,0.65,0.58,0.55,0.57,0.56,0.54,0.49,CB,DEF,4
Samuel Kotto,CB,Cameroon,0.57,0.69,0.35,0.43,0.42,0.51,0.78,0.6,0.76,0.62,0.47,0.43,0.45,0.85,0.63,0.72,0.53,0.53,0.5,0.48,0.52,0.54,CB,DEF,4
Jonas Kühn,LB,Germany,0.57,0.71,0.34,0.46,0.52,0.52,0.57,0.72,0.7,0.63,0.61,0.51,0.53,0.59,0.62,0.55,0.55,0.48,0.53,0.54,0.44,0.27,LB,DEF,4
Jerry Lalrinzuala,LB,India,0.57,0.71,0.41,0.49,0.53,0.5,0.66,0.76,0.67,0.66,0.62,0.54,0.55,0.7,0.67,0.62,0.52,0.49,0.51,0.5,0.4,0.58,LB,DEF,1
Paul Lehmann,CB,Germany,0.57,0.51,0.36,0.45,0.43,0.56,0.64,0.47,0.55,0.47,0.55,0.47,0.53,0.77,0.55,0.63,0.61,0.55,0.54,0.53,0.53,0.38,CB,DEF,4
Liu Yixin,LB,China PR,0.57,0.57,0.29,0.41,0.42,0.57,0.55,0.6,0.54,0.58,0.6,0.49,0.62,0.57,0.62,0.53,0.56,0.55,0.6,0.58,0.48,0.35,LB,DEF,4
Filip Luberecki,LB,Poland,0.57,0.74,0.24,0.41,0.53,0.54,0.56,0.75,0.74,0.7,0.72,0.5,0.55,0.58,0.57,0.61,0.54,0.56,0.54,0.53,0.49,0.27,LB,DEF,4
Panashe Madanha,RB,Australia,0.57,0.84,0.5,0.5,0.58,0.48,0.71,0.82,0.85,0.69,0.67,0.54,0.54,0.79,0.62,0.76,0.51,0.48,0.44,0.48,0.47,0.54,RB,DEF,1
Boris Matić,RB,Serbia,0.57,0.69,0.27,0.35,0.54,0.55,0.51,0.67,0.7,0.59,0.47,0.51,0.55,0.47,0.59,0.47,0.56,0.55,0.55,0.57,0.46,0.26,RB,DEF,4
Jayden Meghoma,LB,England,0.57,0.75,0.36,0.48,0.56,0.51,0.56,0.73,0.76,0.73,0.7,0.51,0.53,0.58,0.61,0.59,0.54,0.51,0.51,0.51,0.45,0.37,LB,DEF,4
Juliën Mesbahi,CB,Holland,0.57,0.59,0.33,0.34,0.42,0.59,0.55,0.59,0.59,0.41,0.63,0.45,0.52,0.58,0.51,0.57,0.64,0.62,0.54,0.61,0.54,0.47,CB,DEF,4
John Mountney,RB,Republic of Ireland,0.57,0.42,0.55,0.61,0.58,0.55,0.62,0.43,0.42,0.58,0.67,0.61,0.56,0.69,0.5,0.58,0.55,0.54,0.56,0.55,0.55,0.62,RB,DEF,4
Moxmet Nebijan,LB,China PR,0.57,0.61,0.36,0.51,0.57,0.57,0.53,0.55,0.65,0.68,0.6,0.56,0.46,0.5,0.63,0.41,0.55,0.51,0.62,0.65,0.37,0.41,LB,DEF,4
Villads Nielsen,CB,Denmark,0.57,0.61,0.36,0.47,0.5,0.56,0.62,0.58,0.64,0.46,0.48,0.5,0.56,0.71,0.53,0.64,0.58,0.56,0.54,0.57,0.54,0.52,CB,DEF,4
Musah Nuhu,CB,Ghana,0.57,0.38,0.28,0.38,0.41,0.56,0.7,0.41,0.36,0.32,0.33,0.45,0.42,0.85,0.52,0.64,0.6,0.57,0.55,0.56,0.5,0.37,CB,DEF,5
Habeeb Ogunneye,RB,England,0.57,0.73,0.29,0.51,0.62,0.53,0.53,0.75,0.72,0.77,0.76,0.55,0.55,0.55,0.46,0.59,0.57,0.54,0.51,0.52,0.47,0.38,RB,DEF,4
Emir Ortakaya,CB,Turkey,0.57,0.52,0.37,0.48,0.53,0.59,0.55,0.49,0.54,0.5,0.52,0.58,0.49,0.58,0.54,0.52,0.63,0.59,0.58,0.56,0.52,0.39,CB,DEF,4
Sam Parker,RB,Wales,0.57,0.7,0.37,0.48,0.54,0.53,0.62,0.69,0.71,0.67,0.64,0.51,0.52,0.66,0.58,0.73,0.53,0.52,0.54,0.51,0.51,0.41,RB,DEF,4
Nathan Paull,CB,Australia,0.57,0.66,0.3,0.38,0.4,0.56,0.68,0.57,0.74,0.61,0.64,0.47,0.48,0.72,0.66,0.67,0.61,0.6,0.51,0.52,0.56,0.55,CB,DEF,4
Nikhil Poojary,RB,India,0.57,0.7,0.49,0.49,0.56,0.5,0.64,0.67,0.72,0.63,0.61,0.55,0.49,0.62,0.76,0.67,0.53,0.51,0.5,0.46,0.47,0.53,RB,DEF,1
Finley Potter,CB,England,0.57,0.6,0.25,0.36,0.42,0.55,0.67,0.57,0.63,0.61,0.57,0.42,0.56,0.73,0.61,0.64,0.54,0.54,0.57,0.57,0.52,0.35,CB,DEF,4
Majed Qasheesh,LB,Saudi Arabia,0.57,0.77,0.26,0.42,0.52,0.52,0.49,0.77,0.77,0.69,0.77,0.46,0.53,0.4,0.7,0.52,0.52,0.52,0.54,0.54,0.37,0.26,LB,DEF,4
Andrew Quinn,CB,Republic of Ireland,0.57,0.55,0.26,0.46,0.48,0.56,0.63,0.53,0.56,0.47,0.5,0.49,0.49,0.71,0.53,0.66,0.56,0.55,0.58,0.52,0.58,0.45,CB,DEF,4
Gustavo Ramos,CB,Peru,0.57,0.5,0.24,0.47,0.35,0.59,0.59,0.48,0.51,0.47,0.59,0.4,0.52,0.6,0.58,0.57,0.59,0.6,0.58,0.59,0.56,0.31,CB,DEF,4
Leon Robinson,CB,Germany,0.57,0.6,0.3,0.49,0.36,0.58,0.65,0.64,0.57,0.47,0.57,0.31,0.49,0.68,0.65,0.66,0.6,0.59,0.58,0.55,0.57,0.44,CB,DEF,4
Javi Rodríguez,RB,Spain,0.57,0.59,0.28,0.43,0.5,0.55,0.56,0.62,0.57,0.54,0.64,0.52,0.57,0.56,0.61,0.57,0.57,0.54,0.54,0.56,0.52,0.28,RB,DEF,4
John Ryan,LB,Republic of Ireland,0.57,0.74,0.41,0.48,0.55,0.52,0.56,0.74,0.74,0.53,0.68,0.54,0.53,0.54,0.64,0.56,0.52,0.51,0.52,0.53,0.47,0.36,LB,DEF,4
Pim Saathof,CB,Holland,0.57,0.57,0.47,0.52,0.6,0.58,0.5,0.64,0.52,0.67,0.69,0.59,0.6,0.45,0.49,0.54,0.6,0.57,0.58,0.55,0.59,0.58,CB,DEF,1
Malik Sawadogo,LB,Switzerland,0.57,0.74,0.29,0.5,0.61,0.5,0.41,0.73,0.74,0.79,0.78,0.58,0.54,0.35,0.45,0.38,0.53,0.53,0.49,0.54,0.37,0.22,LB,DEF,4
Franco Schädlich,RB,Germany,0.57,0.68,0.46,0.48,0.56,0.58,0.59,0.69,0.67,0.72,0.77,0.57,0.42,0.61,0.6,0.62,0.6,0.51,0.61,0.56,0.51,0.56,RB,DEF,1
Frederik Schumann,LB,Germany,0.57,0.64,0.51,0.54,0.58,0.53,0.53,0.66,0.63,0.56,0.6,0.58,0.53,0.54,0.56,0.51,0.55,0.52,0.53,0.53,0.45,0.53,LB,DEF,4
Walter Scott,LB,Australia,0.57,0.73,0.39,0.51,0.56,0.51,0.64,0.76,0.7,0.68,0.71,0.53,0.53,0.69,0.57,0.67,0.52,0.53,0.49,0.52,0.48,0.49,LB,DEF,1
Joshua Seberry,CB,Republic of Ireland,0.57,0.62,0.27,0.42,0.44,0.56,0.64,0.61,0.62,0.47,0.56,0.53,0.51,0.72,0.59,0.69,0.58,0.58,0.55,0.54,0.56,0.38,CB,DEF,4
Kerr Smith,CB,Scotland,0.57,0.58,0.28,0.41,0.48,0.55,0.64,0.57,0.59,0.43,0.51,0.52,0.49,0.69,0.54,0.61,0.57,0.55,0.54,0.53,0.53,0.33,CB,DEF,4
Anders Sønderskov,CB,Denmark,0.57,0.63,0.27,0.4,0.47,0.58,0.56,0.61,0.64,0.41,0.65,0.47,0.59,0.56,0.56,0.6,0.6,0.58,0.56,0.58,0.55,0.32,CB,DEF,4
Tom Sparrow,RB,Wales,0.57,0.59,0.46,0.54,0.6,0.52,0.53,0.62,0.56,0.72,0.7,0.6,0.59,0.54,0.56,0.46,0.52,0.54,0.54,0.53,0.43,0.5,RB,DEF,4
Sun Zheng'ao,CB,China PR,0.57,0.55,0.29,0.41,0.35,0.58,0.61,0.56,0.54,0.36,0.63,0.36,0.4,0.61,0.51,0.65,0.62,0.56,0.54,0.55,0.64,0.36,CB,DEF,4
Sun Qinhan,RB,China PR,0.57,0.67,0.34,0.44,0.58,0.52,0.57,0.63,0.7,0.69,0.69,0.59,0.6,0.6,0.54,0.52,0.56,0.53,0.48,0.56,0.42,0.31,RB,DEF,4
Sun Minghim,LB,Hong Kong,0.57,0.59,0.49,0.47,0.59,0.53,0.49,0.6,0.58,0.73,0.68,0.56,0.61,0.44,0.6,0.36,0.58,0.55,0.49,0.56,0.38,0.55,LB,DEF,4
Niklas Szerencsi,CB,Austria,0.57,0.61,0.25,0.35,0.35,0.58,0.64,0.57,0.64,0.49,0.4,0.36,0.5,0.72,0.59,0.63,0.66,0.62,0.54,0.54,0.5,0.33,CB,DEF,4
Joe Thomas,RB,Wales,0.57,0.73,0.43,0.45,0.54,0.52,0.6,0.71,0.75,0.67,0.63,0.51,0.51,0.61,0.69,0.62,0.54,0.51,0.52,0.53,0.49,0.53,RB,DEF,1
Junior Tiensia,LB,England,0.57,0.77,0.32,0.48,0.62,0.47,0.64,0.77,0.77,0.73,0.71,0.6,0.48,0.56,0.74,0.56,0.52,0.52,0.41,0.49,0.39,0.44,LB,DEF,1
Edwin Sydney Vanspaul,RB,India,0.57,0.66,0.37,0.51,0.56,0.49,0.72,0.67,0.65,0.72,0.67,0.56,0.54,0.7,0.75,0.64,0.5,0.52,0.51,0.5,0.38,0.43,RB,DEF,1
Kane Vidmar,CB,Australia,0.57,0.68,0.36,0.4,0.47,0.57,0.63,0.66,0.69,0.56,0.62,0.52,0.51,0.64,0.65,0.59,0.62,0.59,0.56,0.53,0.48,0.52,CB,DEF,4
Bandar Wahishi,CB,Saudi Arabia,0.57,0.62,0.22,0.39,0.46,0.55,0.67,0.56,0.66,0.52,0.64,0.48,0.49,0.71,0.64,0.75,0.56,0.58,0.54,0.54,0.55,0.3,CB,DEF,4
Wang Yang,CB,China PR,0.57,0.62,0.33,0.45,0.47,0.56,0.63,0.55,0.68,0.48,0.6,0.51,0.52,0.71,0.59,0.66,0.61,0.58,0.5,0.56,0.56,0.3,CB,DEF,4
Reece Welch,CB,England,0.57,0.45,0.24,0.31,0.34,0.57,0.65,0.42,0.48,0.37,0.41,0.45,0.44,0.74,0.52,0.65,0.61,0.57,0.56,0.52,0.6,0.39,CB,DEF,5
Harry Williams,CB,England,0.57,0.53,0.24,0.35,0.36,0.56,0.71,0.54,0.52,0.44,0.42,0.37,0.5,0.82,0.58,0.71,0.55,0.53,0.56,0.57,0.56,0.33,CB,DEF,5
Yan Zihao,LB,China PR,0.57,0.72,0.25,0.33,0.5,0.54,0.62,0.7,0.73,0.72,0.71,0.41,0.52,0.58,0.82,0.5,0.57,0.56,0.55,0.53,0.38,0.25,LB,DEF,4
Yang Fan,CB,China PR,0.57,0.61,0.31,0.5,0.57,0.57,0.63,0.57,0.64,0.57,0.73,0.51,0.55,0.64,0.69,0.58,0.63,0.6,0.54,0.53,0.5,0.34,CB,DEF,4
Yang Boyu,CB,China PR,0.57,0.39,0.29,0.34,0.41,0.58,0.68,0.34,0.43,0.51,0.49,0.39,0.53,0.81,0.6,0.65,0.55,0.53,0.63,0.58,0.59,0.37,CB,DEF,5
Yang Yihu,LB,China PR,0.57,0.71,0.55,0.5,0.61,0.49,0.63,0.74,0.68,0.74,0.72,0.59,0.59,0.63,0.64,0.63,0.49,0.46,0.53,0.43,0.49,0.53,LB,DEF,1
Yang Zihao,LB,China PR,0.57,0.73,0.28,0.41,0.49,0.5,0.66,0.71,0.74,0.61,0.61,0.46,0.56,0.7,0.73,0.63,0.54,0.54,0.44,0.51,0.45,0.35,LB,DEF,4
Elvir Zukaj,CB,Switzerland,0.57,0.59,0.26,0.39,0.35,0.56,0.64,0.55,0.63,0.46,0.34,0.46,0.55,0.72,0.55,0.66,0.59,0.56,0.54,0.56,0.56,0.34,CB,DEF,4
Joseph Adjei,CB,Ghana,0.56,0.61,0.38,0.34,0.45,0.57,0.64,0.59,0.62,0.45,0.51,0.52,0.44,0.69,0.65,0.61,0.64,0.62,0.53,0.51,0.52,0.37,CB,DEF,4
Ziad Al Haniti,CB,Saudi Arabia,0.56,0.47,0.24,0.34,0.3,0.58,0.59,0.46,0.48,0.4,0.65,0.31,0.49,0.69,0.49,0.59,0.59,0.57,0.61,0.56,0.55,0.3,CB,DEF,4
Casper Glenna Andersen,RB,Norway,0.56,0.72,0.43,0.51,0.61,0.48,0.48,0.71,0.73,0.78,0.73,0.6,0.5,0.45,0.6,0.46,0.49,0.47,0.48,0.48,0.43,0.44,RB,DEF,4
Niklas Barthel,CB,Germany,0.56,0.57,0.29,0.41,0.48,0.58,0.58,0.58,0.57,0.41,0.55,0.52,0.53,0.59,0.64,0.56,0.6,0.54,0.59,0.57,0.53,0.35,CB,DEF,4
Jake Batty,LB,England,0.56,0.64,0.3,0.48,0.54,0.51,0.54,0.65,0.64,0.69,0.74,0.51,0.5,0.52,0.57,0.51,0.53,0.54,0.48,0.54,0.47,0.29,LB,DEF,4
Michael Boamah,CB,Finland,0.56,0.69,0.22,0.37,0.47,0.55,0.61,0.68,0.7,0.46,0.49,0.48,0.55,0.63,0.58,0.63,0.55,0.53,0.54,0.56,0.54,0.39,CB,DEF,4
Arif Boşluk,LB,Turkey,0.56,0.68,0.36,0.5,0.57,0.53,0.57,0.71,0.65,0.65,0.59,0.55,0.5,0.55,0.53,0.64,0.53,0.5,0.52,0.54,0.55,0.5,LB,DEF,4
Ryan Burke,LB,Republic of Ireland,0.56,0.61,0.42,0.54,0.53,0.52,0.59,0.62,0.61,0.65,0.72,0.5,0.47,0.57,0.62,0.49,0.54,0.53,0.52,0.51,0.42,0.6,LB,DEF,4
Yuri Casermeiro,CB,Argentina,0.56,0.52,0.22,0.35,0.34,0.55,0.68,0.45,0.57,0.43,0.48,0.36,0.44,0.82,0.52,0.69,0.58,0.52,0.54,0.5,0.57,0.36,CB,DEF,4
Taylor Charters,LB,England,0.56,0.68,0.47,0.55,0.56,0.49,0.64,0.69,0.68,0.6,0.58,0.57,0.55,0.69,0.62,0.61,0.51,0.46,0.48,0.5,0.46,0.46,LB,DEF,4
Cui Qi,CB,China PR,0.56,0.63,0.26,0.36,0.41,0.59,0.65,0.65,0.61,0.56,0.66,0.32,0.51,0.65,0.74,0.62,0.62,0.58,0.61,0.56,0.51,0.37,CB,DEF,4
Vignesh Dakshinamurthy,LB,India,0.56,0.69,0.38,0.47,0.51,0.51,0.55,0.68,0.7,0.64,0.56,0.5,0.54,0.61,0.57,0.58,0.55,0.55,0.48,0.5,0.46,0.34,LB,DEF,4
Jacob Danquah,CB,Germany,0.56,0.52,0.25,0.34,0.29,0.54,0.68,0.5,0.53,0.35,0.37,0.3,0.47,0.76,0.51,0.67,0.56,0.53,0.5,0.54,0.56,0.48,CB,DEF,4
Charles Divialle,CB,France,0.56,0.54,0.34,0.45,0.37,0.57,0.6,0.51,0.56,0.44,0.48,0.36,0.45,0.65,0.57,0.63,0.62,0.51,0.56,0.53,0.6,0.41,CB,DEF,4
James Dornelly,RB,England,0.56,0.67,0.34,0.49,0.56,0.5,0.51,0.69,0.65,0.65,0.71,0.53,0.54,0.5,0.57,0.47,0.52,0.51,0.5,0.5,0.44,0.32,RB,DEF,4
Ziad El Sheiwi,LB,Austria,0.56,0.74,0.36,0.52,0.64,0.52,0.51,0.77,0.72,0.67,0.73,0.63,0.45,0.58,0.3,0.65,0.56,0.57,0.46,0.52,0.5,0.37,LB,DEF,4
Ben Engdahl,RB,Sweden,0.56,0.78,0.35,0.44,0.52,0.49,0.52,0.78,0.78,0.6,0.7,0.51,0.52,0.47,0.62,0.5,0.52,0.5,0.44,0.52,0.43,0.22,RB,DEF,4
Marcus Ferkranus,CB,United States,0.56,0.48,0.21,0.37,0.33,0.59,0.6,0.53,0.43,0.47,0.54,0.33,0.48,0.72,0.47,0.53,0.62,0.6,0.63,0.55,0.41,0.27,CB,DEF,4
Charlie Finney,LB,England,0.56,0.72,0.46,0.52,0.56,0.5,0.46,0.74,0.7,0.82,0.73,0.53,0.51,0.38,0.63,0.41,0.58,0.52,0.46,0.48,0.43,0.43,LB,DEF,4
Lasse Flø,RB,Denmark,0.56,0.62,0.35,0.51,0.52,0.53,0.51,0.6,0.64,0.56,0.49,0.54,0.51,0.54,0.53,0.5,0.53,0.51,0.54,0.56,0.49,0.38,RB,DEF,4
Shane Flynn,CB,Republic of Ireland,0.56,0.68,0.41,0.51,0.57,0.57,0.53,0.67,0.69,0.64,0.68,0.57,0.56,0.55,0.5,0.55,0.57,0.54,0.59,0.58,0.49,0.42,CB,DEF,4
Paulo Fritschi,CB,Germany,0.56,0.56,0.22,0.33,0.47,0.58,0.55,0.55,0.57,0.42,0.61,0.52,0.56,0.61,0.49,0.57,0.61,0.55,0.58,0.6,0.52,0.31,CB,DEF,4
Narender Gahlot,RB,India,0.56,0.57,0.37,0.46,0.42,0.54,0.7,0.55,0.58,0.54,0.51,0.4,0.48,0.75,0.69,0.76,0.58,0.57,0.5,0.54,0.55,0.38,RB,DEF,5
Ge Zhen,RB,China PR,0.56,0.65,0.28,0.47,0.5,0.52,0.63,0.69,0.61,0.53,0.68,0.48,0.46,0.62,0.7,0.55,0.48,0.53,0.56,0.56,0.44,0.25,RB,DEF,4
Martin Gjone,CB,Norway,0.56,0.58,0.29,0.4,0.45,0.56,0.59,0.56,0.59,0.51,0.65,0.46,0.51,0.62,0.57,0.59,0.58,0.58,0.56,0.55,0.54,0.53,CB,DEF,4
Luke Graham,CB,Scotland,0.56,0.61,0.29,0.39,0.43,0.56,0.6,0.63,0.59,0.51,0.48,0.46,0.54,0.65,0.56,0.66,0.56,0.54,0.56,0.55,0.59,0.35,CB,DEF,4
Darius Grosu,RB,Romania,0.56,0.78,0.32,0.48,0.53,0.48,0.45,0.8,0.77,0.72,0.64,0.52,0.5,0.34,0.54,0.48,0.51,0.5,0.44,0.5,0.49,0.27,RB,DEF,4
Patrick Hickey,CB,United States,0.56,0.51,0.26,0.36,0.39,0.55,0.65,0.5,0.52,0.34,0.34,0.42,0.51,0.71,0.61,0.61,0.56,0.55,0.56,0.55,0.53,0.42,CB,DEF,4
Jake Hull,CB,England,0.56,0.57,0.24,0.32,0.34,0.55,0.68,0.55,0.59,0.33,0.32,0.39,0.45,0.8,0.58,0.71,0.57,0.55,0.54,0.53,0.58,0.41,CB,DEF,5
Jang Yeong Woo,RB,Korea Republic,0.56,0.58,0.46,0.54,0.55,0.53,0.55,0.59,0.58,0.55,0.61,0.55,0.53,0.54,0.59,0.5,0.53,0.5,0.55,0.52,0.49,0.41,RB,DEF,4
Pharrell Johnson,CB,England,0.56,0.59,0.3,0.43,0.51,0.54,0.64,0.57,0.6,0.55,0.5,0.4,0.58,0.72,0.57,0.64,0.57,0.55,0.51,0.53,0.53,0.41,CB,DEF,4
Oliver Jones,CB,Australia,0.56,0.62,0.4,0.48,0.51,0.53,0.68,0.56,0.67,0.61,0.59,0.49,0.53,0.72,0.65,0.6,0.53,0.53,0.52,0.55,0.49,0.47,CB,DEF,4
Jack Keaney,CB,Republic of Ireland,0.56,0.49,0.46,0.54,0.38,0.55,0.67,0.47,0.5,0.38,0.51,0.45,0.43,0.73,0.6,0.64,0.54,0.54,0.56,0.54,0.59,0.58,CB,DEF,5
Kim Seong Min,RB,Korea Republic,0.56,0.68,0.4,0.46,0.57,0.5,0.59,0.6,0.74,0.8,0.78,0.47,0.56,0.57,0.73,0.46,0.54,0.53,0.52,0.48,0.35,0.41,RB,DEF,4
Kim Ha Jun,CB,Korea Republic,0.56,0.65,0.41,0.38,0.48,0.55,0.59,0.64,0.65,0.54,0.5,0.52,0.56,0.66,0.52,0.79,0.56,0.53,0.55,0.52,0.64,0.52,CB,DEF,4
Amet Korça,CB,United States,0.56,0.53,0.29,0.44,0.44,0.56,0.62,0.56,0.5,0.59,0.49,0.36,0.5,0.71,0.58,0.66,0.62,0.6,0.53,0.52,0.55,0.39,CB,DEF,4
Igor Kośmicki,CB,Poland,0.56,0.49,0.26,0.33,0.38,0.55,0.66,0.47,0.51,0.49,0.59,0.39,0.56,0.72,0.51,0.63,0.58,0.53,0.54,0.52,0.55,0.35,CB,DEF,4
David Kubatta,CB,Germany,0.56,0.54,0.22,0.37,0.31,0.55,0.65,0.53,0.54,0.34,0.35,0.28,0.51,0.79,0.54,0.69,0.59,0.55,0.5,0.58,0.56,0.32,CB,DEF,4
Sasha Kuzevski,RB,Australia,0.56,0.75,0.39,0.46,0.53,0.48,0.61,0.76,0.75,0.68,0.73,0.51,0.48,0.59,0.67,0.62,0.5,0.51,0.44,0.52,0.47,0.48,RB,DEF,4
Pawel Kwiatkowski,CB,Poland,0.56,0.63,0.3,0.43,0.53,0.55,0.62,0.65,0.62,0.62,0.63,0.54,0.52,0.61,0.64,0.64,0.56,0.54,0.55,0.53,0.57,0.5,CB,DEF,4
Pachuau Laldinpuia,CB,India,0.56,0.48,0.36,0.37,0.41,0.57,0.66,0.47,0.48,0.47,0.61,0.45,0.43,0.74,0.63,0.67,0.6,0.59,0.58,0.55,0.49,0.42,CB,DEF,4
Isaiah LeFlore,LB,United States,0.56,0.71,0.31,0.41,0.53,0.51,0.54,0.73,0.7,0.65,0.75,0.5,0.49,0.5,0.62,0.54,0.53,0.54,0.49,0.5,0.46,0.28,LB,DEF,4
Franco Lino,LB,Australia,0.56,0.86,0.4,0.39,0.49,0.49,0.64,0.87,0.85,0.66,0.62,0.5,0.45,0.64,0.7,0.7,0.52,0.51,0.44,0.5,0.48,0.6,LB,DEF,4
Filip Lissah,CB,England,0.56,0.68,0.37,0.51,0.54,0.55,0.6,0.63,0.72,0.58,0.6,0.5,0.49,0.63,0.55,0.61,0.57,0.55,0.56,0.54,0.52,0.46,CB,DEF,4
Liu Jiashen,CB,China PR,0.56,0.49,0.24,0.25,0.32,0.59,0.73,0.48,0.5,0.48,0.37,0.27,0.51,0.85,0.72,0.63,0.62,0.63,0.62,0.52,0.46,0.33,CB,DEF,5
Ben Lomax,CB,England,0.56,0.66,0.31,0.45,0.46,0.54,0.63,0.65,0.67,0.61,0.6,0.44,0.55,0.69,0.59,0.64,0.55,0.52,0.55,0.54,0.54,0.37,CB,DEF,4
Oğuzhan Matur,LB,Turkey,0.56,0.67,0.35,0.45,0.61,0.52,0.43,0.72,0.63,0.71,0.75,0.54,0.46,0.34,0.55,0.38,0.54,0.55,0.51,0.53,0.4,0.51,LB,DEF,4
Aaron McNally,LB,Republic of Ireland,0.56,0.71,0.47,0.52,0.6,0.52,0.58,0.71,0.71,0.72,0.73,0.56,0.48,0.61,0.5,0.65,0.52,0.51,0.51,0.54,0.53,0.5,LB,DEF,1
Kanayo Megwa,RB,England,0.56,0.71,0.36,0.45,0.53,0.52,0.56,0.74,0.68,0.68,0.69,0.51,0.6,0.51,0.61,0.55,0.56,0.51,0.51,0.5,0.46,0.44,RB,DEF,4
Martin Miller,RB,Estonia,0.56,0.68,0.51,0.57,0.57,0.47,0.47,0.67,0.69,0.52,0.75,0.58,0.54,0.4,0.57,0.38,0.49,0.48,0.46,0.48,0.44,0.51,RB,DEF,4
Lorenzo Moretti,CB,Italy,0.56,0.58,0.25,0.35,0.45,0.56,0.57,0.53,0.62,0.42,0.53,0.48,0.48,0.62,0.51,0.61,0.62,0.59,0.5,0.52,0.58,0.32,CB,DEF,4
Maissa Ndiaye,CB,Senegal,0.56,0.64,0.33,0.36,0.44,0.63,0.44,0.63,0.65,0.61,0.81,0.43,0.51,0.34,0.55,0.49,0.68,0.67,0.57,0.61,0.61,0.49,CB,DEF,4
Jack Neeley,CB,United States,0.56,0.58,0.25,0.3,0.36,0.6,0.59,0.55,0.61,0.45,0.57,0.4,0.4,0.6,0.6,0.57,0.65,0.62,0.6,0.58,0.51,0.37,CB,DEF,4
Félix Nzouango,CB,France,0.56,0.62,0.25,0.35,0.3,0.58,0.6,0.62,0.62,0.35,0.51,0.3,0.55,0.66,0.59,0.61,0.64,0.63,0.54,0.57,0.5,0.35,CB,DEF,4
Curtis Ofori,LB,United States,0.56,0.86,0.27,0.42,0.53,0.47,0.56,0.87,0.86,0.86,0.87,0.43,0.41,0.51,0.73,0.56,0.52,0.56,0.43,0.44,0.38,0.31,LB,DEF,4
Jaden Pinas,CB,Holland,0.56,0.61,0.31,0.38,0.46,0.56,0.62,0.64,0.59,0.48,0.62,0.47,0.51,0.67,0.64,0.66,0.57,0.59,0.54,0.56,0.57,0.41,CB,DEF,4
Alfie Pond,CB,England,0.56,0.64,0.21,0.33,0.41,0.54,0.65,0.64,0.64,0.48,0.51,0.42,0.51,0.73,0.52,0.66,0.56,0.55,0.55,0.52,0.52,0.32,CB,DEF,4
Davide Popșa,RB,Romania,0.56,0.62,0.28,0.43,0.48,0.55,0.58,0.61,0.63,0.53,0.65,0.41,0.6,0.59,0.59,0.49,0.57,0.59,0.58,0.52,0.42,0.28,RB,DEF,4
Dejan Radonjic,CB,Austria,0.56,0.61,0.24,0.36,0.36,0.58,0.6,0.61,0.61,0.49,0.53,0.3,0.55,0.62,0.58,0.64,0.6,0.56,0.56,0.57,0.57,0.35,CB,DEF,4
Laldinliana Renthlei,RB,India,0.56,0.68,0.27,0.41,0.49,0.52,0.7,0.67,0.68,0.71,0.66,0.44,0.5,0.67,0.72,0.65,0.5,0.49,0.54,0.59,0.43,0.3,RB,DEF,4
Mansour Saeed,LB,United Arab Emirates,0.56,0.69,0.32,0.44,0.53,0.52,0.62,0.68,0.69,0.61,0.74,0.5,0.53,0.65,0.59,0.73,0.5,0.52,0.5,0.55,0.53,0.31,LB,DEF,4
Rodrigo Sandoval,CB,Chile,0.56,0.59,0.38,0.49,0.48,0.54,0.65,0.63,0.55,0.54,0.6,0.51,0.49,0.72,0.6,0.66,0.58,0.54,0.51,0.53,0.52,0.46,CB,DEF,4
Josh Seary,RB,Republic of Ireland,0.56,0.67,0.42,0.52,0.56,0.5,0.57,0.67,0.67,0.65,0.67,0.55,0.52,0.57,0.55,0.51,0.54,0.52,0.46,0.51,0.44,0.51,RB,DEF,4
Sandeep Singh,RB,India,0.56,0.61,0.33,0.42,0.51,0.54,0.67,0.66,0.56,0.65,0.62,0.51,0.47,0.74,0.63,0.72,0.58,0.57,0.54,0.51,0.45,0.51,RB,DEF,4
Ramzi Solan,RB,Saudi Arabia,0.56,0.8,0.48,0.46,0.6,0.47,0.53,0.79,0.81,0.79,0.73,0.56,0.54,0.48,0.69,0.55,0.48,0.46,0.45,0.5,0.47,0.5,RB,DEF,1
Song Jun Seok,LB,Korea Republic,0.56,0.63,0.4,0.49,0.54,0.52,0.56,0.63,0.63,0.66,0.8,0.52,0.53,0.55,0.63,0.47,0.51,0.49,0.55,0.56,0.37,0.52,LB,DEF,4
Karim Sow,CB,Switzerland,0.56,0.52,0.28,0.34,0.31,0.57,0.66,0.5,0.53,0.45,0.34,0.27,0.5,0.76,0.56,0.72,0.56,0.57,0.58,0.5,0.66,0.41,CB,DEF,5
Jakov Šuver,CB,Croatia,0.56,0.6,0.25,0.32,0.36,0.54,0.63,0.57,0.62,0.45,0.48,0.38,0.46,0.78,0.3,0.73,0.58,0.54,0.55,0.45,0.6,0.38,CB,DEF,4
Gianluca Swajkowski,CB,Germany,0.56,0.6,0.29,0.36,0.52,0.55,0.63,0.58,0.62,0.56,0.58,0.52,0.53,0.68,0.59,0.64,0.57,0.57,0.53,0.52,0.56,0.38,CB,DEF,4
Sil Swinkels,CB,Holland,0.56,0.48,0.31,0.37,0.37,0.56,0.58,0.46,0.49,0.4,0.49,0.36,0.51,0.63,0.52,0.59,0.58,0.61,0.52,0.56,0.59,0.5,CB,DEF,4
Liam Tahwildaran,LB,Sweden,0.56,0.78,0.38,0.49,0.57,0.49,0.57,0.77,0.79,0.71,0.65,0.55,0.49,0.57,0.6,0.62,0.52,0.5,0.45,0.5,0.47,0.39,LB,DEF,4
Simon Wæver,RB,Denmark,0.56,0.68,0.33,0.44,0.53,0.51,0.59,0.68,0.68,0.64,0.68,0.48,0.54,0.62,0.52,0.53,0.57,0.59,0.48,0.47,0.39,0.44,RB,DEF,4
Wang Qiao,RB,China PR,0.56,0.68,0.35,0.46,0.53,0.54,0.64,0.67,0.68,0.54,0.76,0.5,0.51,0.67,0.61,0.67,0.55,0.47,0.51,0.56,0.58,0.44,RB,DEF,4
Wang Xianjun,CB,China PR,0.56,0.67,0.37,0.48,0.5,0.52,0.67,0.61,0.71,0.73,0.61,0.51,0.62,0.69,0.58,0.53,0.56,0.47,0.51,0.58,0.4,0.49,CB,DEF,4
Wang Yaopeng,CB,China PR,0.56,0.63,0.27,0.34,0.49,0.56,0.67,0.63,0.63,0.56,0.51,0.48,0.53,0.73,0.68,0.66,0.57,0.52,0.55,0.59,0.51,0.4,CB,DEF,4
Alexander Warneryd,RB,Sweden,0.56,0.69,0.37,0.48,0.58,0.5,0.57,0.68,0.69,0.66,0.71,0.57,0.46,0.56,0.62,0.5,0.54,0.51,0.46,0.51,0.42,0.38,RB,DEF,4
Wei Lai,LB,China PR,0.56,0.68,0.28,0.34,0.52,0.54,0.58,0.67,0.68,0.63,0.71,0.52,0.55,0.6,0.62,0.64,0.53,0.52,0.54,0.56,0.56,0.37,LB,DEF,4
Yan Zhiyu,LB,China PR,0.56,0.72,0.28,0.35,0.49,0.57,0.46,0.58,0.84,0.83,0.89,0.34,0.5,0.42,0.58,0.34,0.6,0.59,0.66,0.49,0.38,0.29,LB,DEF,4
Ye Daochi,RB,China PR,0.56,0.63,0.28,0.43,0.54,0.51,0.52,0.61,0.64,0.6,0.67,0.56,0.54,0.51,0.56,0.42,0.55,0.54,0.5,0.53,0.35,0.25,RB,DEF,4
Miska Ylitolva,RB,Finland,0.56,0.73,0.29,0.45,0.54,0.5,0.56,0.75,0.72,0.7,0.75,0.54,0.45,0.49,0.67,0.52,0.53,0.51,0.48,0.51,0.45,0.23,RB,DEF,4
Yu Sun,CB,Korea Republic,0.56,0.5,0.24,0.36,0.37,0.59,0.62,0.48,0.52,0.46,0.57,0.33,0.5,0.67,0.59,0.62,0.57,0.58,0.6,0.58,0.6,0.33,CB,DEF,4
Zhang Chi,RB,China PR,0.56,0.47,0.5,0.57,0.52,0.59,0.58,0.39,0.53,0.34,0.53,0.55,0.52,0.68,0.34,0.57,0.58,0.57,0.61,0.6,0.58,0.53,RB,DEF,5
Zhu Yue,RB,China PR,0.56,0.69,0.26,0.39,0.43,0.54,0.58,0.7,0.68,0.53,0.6,0.38,0.55,0.59,0.67,0.6,0.54,0.55,0.55,0.53,0.51,0.36,RB,DEF,4
Abdulrahman Al Riou,LB,Saudi Arabia,0.55,0.67,0.28,0.46,0.52,0.53,0.62,0.66,0.67,0.63,0.64,0.5,0.5,0.72,0.42,0.67,0.57,0.53,0.51,0.52,0.52,0.21,LB,DEF,4
Iker Aldai,CB,Spain,0.55,0.55,0.25,0.44,0.39,0.56,0.55,0.54,0.56,0.4,0.62,0.48,0.56,0.54,0.57,0.51,0.63,0.57,0.52,0.55,0.52,0.37,CB,DEF,4
Naif Almas,CB,Saudi Arabia,0.55,0.59,0.26,0.33,0.35,0.53,0.68,0.53,0.64,0.35,0.65,0.38,0.5,0.76,0.54,0.74,0.54,0.52,0.54,0.51,0.5,0.37,CB,DEF,4
Eugene Amankwah,LB,Ghana,0.55,0.71,0.32,0.48,0.5,0.48,0.53,0.7,0.72,0.59,0.65,0.52,0.5,0.51,0.58,0.47,0.52,0.5,0.44,0.48,0.42,0.49,LB,DEF,4
Mayowa Animasahun,CB,Republic of Ireland,0.55,0.54,0.21,0.4,0.35,0.55,0.64,0.53,0.54,0.51,0.51,0.3,0.45,0.7,0.54,0.63,0.53,0.53,0.54,0.57,0.57,0.25,CB,DEF,4
Muhammed Eren Arıkan,LB,Turkey,0.55,0.61,0.34,0.41,0.56,0.53,0.5,0.66,0.56,0.59,0.62,0.44,0.51,0.45,0.64,0.46,0.6,0.58,0.5,0.49,0.46,0.31,LB,DEF,4
Nóel Arnórsson,CB,Iceland,0.55,0.64,0.36,0.48,0.51,0.54,0.57,0.63,0.65,0.48,0.56,0.56,0.55,0.61,0.56,0.6,0.56,0.53,0.53,0.54,0.52,0.49,CB,DEF,4
Norbert Barczak,RB,Poland,0.55,0.65,0.39,0.52,0.49,0.46,0.58,0.63,0.67,0.56,0.61,0.53,0.52,0.56,0.68,0.54,0.5,0.53,0.4,0.43,0.48,0.52,RB,DEF,4
Jay Benn,RB,England,0.55,0.7,0.25,0.46,0.53,0.49,0.58,0.71,0.7,0.67,0.7,0.52,0.52,0.59,0.6,0.59,0.5,0.48,0.49,0.51,0.47,0.22,RB,DEF,4
Kevin Berkoe,LB,England,0.55,0.78,0.28,0.36,0.5,0.51,0.6,0.75,0.8,0.73,0.52,0.48,0.5,0.64,0.58,0.63,0.54,0.55,0.49,0.52,0.45,0.27,LB,DEF,4
Bryant Bilongo,LB,England,0.55,0.64,0.29,0.33,0.49,0.54,0.48,0.64,0.64,0.51,0.73,0.37,0.54,0.38,0.64,0.4,0.63,0.57,0.5,0.47,0.48,0.24,LB,DEF,4
Zak Bradshaw,LB,England,0.55,0.6,0.26,0.44,0.49,0.53,0.61,0.57,0.62,0.52,0.6,0.49,0.49,0.63,0.58,0.62,0.56,0.54,0.51,0.52,0.55,0.38,LB,DEF,4
Hayden Cann,CB,England,0.55,0.54,0.24,0.44,0.4,0.55,0.65,0.55,0.53,0.45,0.46,0.43,0.46,0.71,0.63,0.66,0.54,0.54,0.54,0.56,0.55,0.26,CB,DEF,4
Souvik Chakrabarti,RB,India,0.55,0.59,0.43,0.47,0.54,0.52,0.69,0.64,0.54,0.66,0.65,0.52,0.48,0.68,0.71,0.58,0.49,0.48,0.57,0.56,0.45,0.51,RB,DEF,4
George Cooper,CB,England,0.55,0.65,0.34,0.41,0.48,0.54,0.6,0.65,0.65,0.61,0.61,0.49,0.49,0.67,0.58,0.63,0.54,0.54,0.54,0.54,0.53,0.4,CB,DEF,4
Finn Delap,CB,England,0.55,0.64,0.24,0.34,0.37,0.55,0.66,0.63,0.64,0.55,0.6,0.36,0.52,0.72,0.64,0.69,0.56,0.54,0.55,0.54,0.55,0.31,CB,DEF,4
Matias Delgadillo,RB,Bolivia,0.55,0.63,0.38,0.43,0.52,0.51,0.62,0.65,0.61,0.55,0.63,0.4,0.59,0.68,0.57,0.59,0.5,0.56,0.5,0.55,0.45,0.38,RB,DEF,4
Gora Diouf,CB,Senegal,0.55,0.61,0.27,0.41,0.52,0.53,0.61,0.52,0.68,0.62,0.54,0.53,0.54,0.65,0.55,0.58,0.51,0.51,0.57,0.48,0.54,0.4,CB,DEF,4
Hamish Douglas,CB,England,0.55,0.65,0.25,0.44,0.48,0.53,0.63,0.63,0.67,0.57,0.47,0.52,0.5,0.68,0.57,0.65,0.54,0.51,0.53,0.53,0.55,0.4,CB,DEF,4
Joseph Forde,LB,Australia,0.55,0.72,0.35,0.47,0.57,0.48,0.58,0.74,0.71,0.72,0.7,0.54,0.47,0.59,0.62,0.54,0.54,0.54,0.46,0.45,0.38,0.41,LB,DEF,4
Julian Gaines,RB,United States,0.55,0.66,0.24,0.44,0.51,0.5,0.58,0.66,0.66,0.53,0.68,0.5,0.46,0.57,0.65,0.5,0.55,0.5,0.45,0.55,0.43,0.24,RB,DEF,4
Berkant Gedikli,RB,Turkey,0.55,0.67,0.31,0.46,0.57,0.5,0.52,0.69,0.66,0.65,0.61,0.52,0.55,0.5,0.59,0.44,0.52,0.5,0.5,0.53,0.34,0.4,RB,DEF,4
Mohammed Harboush,RB,Saudi Arabia,0.55,0.77,0.28,0.43,0.53,0.48,0.44,0.76,0.78,0.7,0.75,0.51,0.51,0.34,0.6,0.5,0.49,0.47,0.5,0.49,0.41,0.23,RB,DEF,4
Louie Holzman,CB,England,0.55,0.55,0.25,0.31,0.38,0.56,0.59,0.58,0.53,0.43,0.56,0.38,0.51,0.65,0.54,0.66,0.61,0.57,0.52,0.54,0.6,0.4,CB,DEF,4
Darius Iurasciuc,CB,Romania,0.55,0.62,0.28,0.42,0.44,0.56,0.56,0.6,0.64,0.64,0.61,0.44,0.55,0.57,0.54,0.56,0.55,0.51,0.58,0.58,0.52,0.4,CB,DEF,4
Jin Shunkai,CB,China PR,0.55,0.66,0.22,0.32,0.33,0.55,0.68,0.69,0.64,0.47,0.52,0.31,0.56,0.75,0.64,0.64,0.59,0.54,0.54,0.56,0.45,0.35,CB,DEF,4
Nate Jones,CB,United States,0.55,0.59,0.24,0.25,0.33,0.56,0.67,0.53,0.64,0.43,0.62,0.27,0.45,0.75,0.58,0.66,0.59,0.56,0.53,0.54,0.55,0.33,CB,DEF,4
Lukas Kirkegaard,CB,Denmark,0.55,0.61,0.31,0.43,0.44,0.54,0.57,0.6,0.62,0.57,0.57,0.45,0.54,0.59,0.58,0.6,0.58,0.56,0.52,0.51,0.55,0.38,CB,DEF,4
Provat Lakra,RB,India,0.55,0.67,0.3,0.42,0.5,0.5,0.7,0.65,0.69,0.64,0.62,0.48,0.46,0.7,0.64,0.59,0.56,0.58,0.46,0.45,0.45,0.3,RB,DEF,4
Lalchungnunga Lalchungnunga,CB,India,0.55,0.68,0.28,0.41,0.45,0.55,0.67,0.66,0.7,0.51,0.52,0.45,0.43,0.75,0.63,0.64,0.6,0.56,0.54,0.52,0.47,0.39,CB,DEF,4
Jake Leake,LB,England,0.55,0.69,0.3,0.43,0.54,0.5,0.58,0.7,0.69,0.68,0.67,0.48,0.47,0.57,0.57,0.55,0.52,0.56,0.48,0.51,0.45,0.45,LB,DEF,4
Li Zhi,LB,China PR,0.55,0.71,0.26,0.47,0.52,0.48,0.52,0.73,0.7,0.52,0.71,0.49,0.46,0.46,0.69,0.45,0.51,0.52,0.44,0.52,0.4,0.23,LB,DEF,4
Liu Pujin,CB,China PR,0.55,0.61,0.27,0.37,0.36,0.56,0.55,0.58,0.64,0.42,0.66,0.44,0.55,0.49,0.61,0.48,0.58,0.56,0.56,0.55,0.52,0.34,CB,DEF,4
Kaelan Majekodunmi,CB,Australia,0.55,0.58,0.29,0.31,0.36,0.55,0.62,0.57,0.59,0.42,0.56,0.4,0.54,0.65,0.59,0.55,0.57,0.55,0.55,0.56,0.47,0.35,CB,DEF,4
Joel McGregor,RB,England,0.55,0.77,0.37,0.5,0.54,0.47,0.49,0.8,0.74,0.78,0.81,0.52,0.48,0.44,0.63,0.46,0.5,0.44,0.46,0.48,0.42,0.44,RB,DEF,4
D'Alessandro Montenegro,CB,Peru,0.55,0.63,0.23,0.3,0.36,0.57,0.58,0.62,0.63,0.55,0.71,0.37,0.59,0.62,0.55,0.63,0.6,0.56,0.55,0.55,0.55,0.34,CB,DEF,4
Assane N'Doye,LB,Senegal,0.55,0.7,0.38,0.49,0.54,0.5,0.56,0.73,0.68,0.66,0.73,0.52,0.49,0.53,0.6,0.55,0.52,0.5,0.48,0.49,0.47,0.44,LB,DEF,4
Adrián Palacios,CB,Venezuela,0.55,0.58,0.27,0.41,0.35,0.53,0.62,0.57,0.59,0.46,0.52,0.35,0.48,0.66,0.55,0.63,0.57,0.53,0.5,0.51,0.58,0.4,CB,DEF,4
Park Chang Woo,RB,Korea Republic,0.55,0.59,0.37,0.45,0.55,0.5,0.58,0.56,0.62,0.61,0.7,0.47,0.56,0.56,0.63,0.43,0.55,0.54,0.47,0.53,0.33,0.35,RB,DEF,4
Liam Parker,CB,Scotland,0.55,0.58,0.27,0.36,0.38,0.54,0.69,0.59,0.57,0.48,0.55,0.38,0.42,0.75,0.6,0.68,0.54,0.56,0.55,0.5,0.55,0.4,CB,DEF,4
Tobias Pfeffer,CB,Austria,0.55,0.68,0.28,0.43,0.43,0.55,0.59,0.68,0.68,0.69,0.67,0.42,0.46,0.58,0.59,0.62,0.58,0.59,0.56,0.49,0.55,0.45,CB,DEF,4
Amey Ranawade,RB,India,0.55,0.68,0.26,0.42,0.5,0.49,0.59,0.69,0.67,0.73,0.77,0.46,0.49,0.62,0.59,0.54,0.51,0.54,0.45,0.54,0.43,0.32,RB,DEF,4
Roger Rojas,LB,Paraguay,0.55,0.64,0.31,0.34,0.47,0.55,0.53,0.67,0.62,0.55,0.66,0.34,0.48,0.49,0.6,0.44,0.62,0.65,0.48,0.56,0.44,0.31,LB,DEF,4
Baptiste Rolland,CB,France,0.55,0.64,0.21,0.35,0.47,0.54,0.58,0.62,0.65,0.55,0.52,0.48,0.5,0.67,0.42,0.61,0.55,0.54,0.54,0.54,0.51,0.31,CB,DEF,4
Aakash Sangwan,LB,India,0.55,0.6,0.36,0.47,0.5,0.54,0.57,0.63,0.57,0.55,0.6,0.47,0.53,0.59,0.59,0.47,0.56,0.54,0.57,0.54,0.35,0.41,LB,DEF,4
Shubham Sarangi,RB,India,0.55,0.68,0.45,0.48,0.53,0.52,0.61,0.72,0.65,0.64,0.75,0.5,0.47,0.65,0.68,0.63,0.56,0.45,0.53,0.49,0.49,0.43,RB,DEF,4
Jack Shorrock,LB,England,0.55,0.77,0.43,0.47,0.56,0.49,0.52,0.79,0.76,0.78,0.81,0.51,0.51,0.51,0.54,0.54,0.51,0.47,0.5,0.46,0.44,0.46,LB,DEF,4
Alfie Taylor,CB,England,0.55,0.59,0.25,0.4,0.31,0.56,0.61,0.55,0.63,0.45,0.53,0.28,0.52,0.7,0.52,0.61,0.58,0.57,0.55,0.54,0.54,0.42,CB,DEF,4
Tian Ziyi,CB,China PR,0.55,0.63,0.27,0.35,0.36,0.56,0.62,0.6,0.65,0.57,0.56,0.37,0.58,0.68,0.63,0.53,0.58,0.57,0.6,0.55,0.42,0.33,CB,DEF,4
Wang Dongsheng,LB,China PR,0.55,0.68,0.26,0.34,0.52,0.52,0.49,0.71,0.66,0.68,0.7,0.38,0.53,0.43,0.64,0.41,0.54,0.59,0.52,0.52,0.41,0.28,LB,DEF,4
David Webster,CB,Republic of Ireland,0.55,0.29,0.3,0.44,0.41,0.54,0.59,0.29,0.29,0.35,0.45,0.41,0.4,0.7,0.34,0.54,0.54,0.53,0.57,0.5,0.56,0.5,CB,DEF,4
Myles Weston,RB,Antigua and Barbuda,0.55,0.79,0.52,0.56,0.61,0.45,0.52,0.8,0.78,0.74,0.72,0.57,0.59,0.56,0.53,0.55,0.48,0.43,0.47,0.43,0.36,0.55,RB,DEF,1
Leopold Wurm,CB,Germany,0.55,0.58,0.21,0.35,0.34,0.58,0.6,0.53,0.62,0.49,0.61,0.35,0.5,0.65,0.65,0.61,0.59,0.56,0.56,0.58,0.58,0.34,CB,DEF,4
Ye Hong Gyu,RB,Korea Republic,0.55,0.72,0.47,0.45,0.63,0.48,0.55,0.74,0.7,0.72,0.82,0.58,0.45,0.55,0.62,0.54,0.52,0.48,0.42,0.51,0.43,0.55,RB,DEF,4
Nils Zätterström,CB,Sweden,0.55,0.74,0.31,0.45,0.45,0.51,0.71,0.68,0.79,0.44,0.48,0.45,0.48,0.74,0.66,0.67,0.49,0.52,0.51,0.52,0.5,0.48,CB,DEF,4
Asheer Akhtar,CB,India,0.54,0.54,0.33,0.42,0.43,0.51,0.71,0.5,0.57,0.46,0.45,0.45,0.44,0.72,0.7,0.71,0.53,0.48,0.5,0.51,0.53,0.36,CB,DEF,4
Abdulrahman Al Hajeri,LB,Saudi Arabia,0.54,0.64,0.39,0.48,0.52,0.51,0.56,0.63,0.64,0.52,0.58,0.51,0.51,0.62,0.54,0.52,0.51,0.5,0.52,0.52,0.44,0.42,LB,DEF,4
Ziyad Al Jari,CB,Saudi Arabia,0.54,0.52,0.3,0.32,0.37,0.54,0.64,0.53,0.51,0.43,0.49,0.38,0.5,0.73,0.61,0.72,0.53,0.58,0.55,0.52,0.53,0.39,CB,DEF,4
Suwailem Al Menhali,CB,Saudi Arabia,0.54,0.64,0.3,0.42,0.39,0.52,0.65,0.61,0.66,0.59,0.62,0.37,0.48,0.71,0.62,0.74,0.52,0.52,0.54,0.5,0.51,0.53,CB,DEF,4
Mehmet Albayrak,CB,Turkey,0.54,0.36,0.34,0.41,0.46,0.53,0.59,0.34,0.37,0.55,0.53,0.49,0.46,0.63,0.5,0.54,0.55,0.53,0.5,0.49,0.59,0.51,CB,DEF,4
Conner Antley,LB,United States,0.54,0.63,0.3,0.32,0.46,0.56,0.58,0.64,0.63,0.59,0.56,0.35,0.55,0.62,0.61,0.51,0.64,0.57,0.55,0.51,0.4,0.29,LB,DEF,4
Umit Aras,CB,Sweden,0.54,0.57,0.24,0.36,0.37,0.55,0.61,0.58,0.56,0.54,0.57,0.32,0.48,0.67,0.6,0.52,0.61,0.6,0.52,0.55,0.44,0.35,CB,DEF,4
Taylan Utku Aydın,CB,Turkey,0.54,0.5,0.32,0.31,0.36,0.57,0.57,0.5,0.5,0.46,0.57,0.36,0.54,0.57,0.64,0.53,0.62,0.67,0.52,0.53,0.53,0.45,CB,DEF,4
Hugo Bacharach,CB,Spain,0.54,0.65,0.23,0.25,0.29,0.55,0.65,0.62,0.67,0.42,0.35,0.29,0.46,0.77,0.59,0.64,0.6,0.57,0.55,0.5,0.45,0.3,CB,DEF,4
Saulo Cancho,CB,Peru,0.54,0.62,0.22,0.3,0.37,0.57,0.52,0.63,0.61,0.58,0.74,0.37,0.62,0.53,0.5,0.5,0.6,0.57,0.55,0.58,0.48,0.3,CB,DEF,4
Zac De Jesus,RB,Australia,0.54,0.76,0.28,0.44,0.54,0.46,0.56,0.8,0.72,0.6,0.76,0.53,0.5,0.54,0.59,0.52,0.51,0.46,0.4,0.5,0.36,0.26,RB,DEF,4
Aibanbha Dohling,CB,India,0.54,0.68,0.3,0.41,0.47,0.53,0.69,0.55,0.79,0.62,0.55,0.44,0.42,0.72,0.74,0.68,0.55,0.55,0.53,0.53,0.46,0.35,CB,DEF,4
Matthias Dollinger,LB,Austria,0.54,0.71,0.24,0.39,0.52,0.51,0.44,0.72,0.7,0.74,0.77,0.51,0.45,0.37,0.48,0.4,0.56,0.54,0.49,0.48,0.44,0.25,LB,DEF,4
Albert Eames,RB,England,0.54,0.68,0.26,0.35,0.48,0.51,0.51,0.7,0.67,0.6,0.68,0.38,0.52,0.48,0.58,0.43,0.6,0.58,0.4,0.54,0.42,0.32,RB,DEF,4
Michael Edwards,CB,United States,0.54,0.52,0.27,0.32,0.32,0.52,0.68,0.55,0.5,0.5,0.41,0.35,0.45,0.75,0.63,0.64,0.54,0.52,0.52,0.51,0.52,0.47,CB,DEF,4
Noah Grognuz,CB,Switzerland,0.54,0.61,0.24,0.33,0.37,0.54,0.59,0.61,0.61,0.4,0.52,0.42,0.57,0.65,0.56,0.6,0.54,0.55,0.55,0.54,0.5,0.34,CB,DEF,4
Jay Gupta,LB,India,0.54,0.66,0.24,0.41,0.49,0.51,0.61,0.62,0.69,0.62,0.58,0.47,0.44,0.65,0.66,0.64,0.52,0.5,0.5,0.48,0.56,0.33,LB,DEF,4
Aaron Harper-Bailey,CB,England,0.54,0.57,0.22,0.39,0.44,0.54,0.61,0.58,0.57,0.51,0.51,0.41,0.49,0.65,0.6,0.66,0.54,0.51,0.53,0.52,0.6,0.34,CB,DEF,4
Heo Kang Joon,CB,Korea Republic,0.54,0.62,0.27,0.41,0.49,0.51,0.64,0.64,0.61,0.62,0.51,0.49,0.46,0.72,0.58,0.63,0.54,0.55,0.5,0.47,0.48,0.56,CB,DEF,4
Hong Uk Hyun,CB,Korea Republic,0.54,0.52,0.25,0.35,0.31,0.52,0.64,0.51,0.53,0.43,0.45,0.3,0.43,0.72,0.48,0.66,0.56,0.48,0.5,0.48,0.59,0.35,CB,DEF,4
Kang Min Woo,CB,Korea Republic,0.54,0.64,0.24,0.43,0.33,0.52,0.62,0.63,0.65,0.49,0.57,0.27,0.49,0.66,0.65,0.68,0.5,0.6,0.5,0.5,0.6,0.39,CB,DEF,4
Kim Ju Hwan,RB,Korea Republic,0.54,0.76,0.27,0.38,0.5,0.48,0.55,0.75,0.77,0.65,0.77,0.38,0.56,0.56,0.59,0.54,0.47,0.52,0.48,0.52,0.42,0.28,RB,DEF,4
Bleon Kurtulus,CB,Sweden,0.54,0.55,0.3,0.4,0.5,0.54,0.58,0.56,0.55,0.49,0.66,0.51,0.53,0.57,0.61,0.55,0.54,0.53,0.54,0.55,0.52,0.35,CB,DEF,4
Hugo Lambotte,CB,Belgium,0.54,0.63,0.27,0.35,0.37,0.57,0.51,0.62,0.63,0.42,0.68,0.5,0.58,0.48,0.56,0.45,0.6,0.58,0.56,0.57,0.45,0.38,CB,DEF,4
Lee Dong Won,LB,Korea Republic,0.54,0.73,0.44,0.47,0.58,0.44,0.58,0.75,0.72,0.68,0.7,0.57,0.56,0.64,0.61,0.57,0.49,0.47,0.4,0.46,0.38,0.48,LB,DEF,4
Liang Shaowen,CB,China PR,0.54,0.7,0.5,0.4,0.48,0.51,0.64,0.72,0.69,0.71,0.44,0.5,0.49,0.73,0.59,0.74,0.51,0.5,0.5,0.52,0.55,0.59,CB,DEF,4
Liao Lei,LB,China PR,0.54,0.67,0.29,0.4,0.54,0.47,0.57,0.68,0.67,0.65,0.62,0.55,0.51,0.62,0.54,0.57,0.5,0.51,0.42,0.5,0.45,0.25,LB,DEF,4
Lim Yoo Seok,CB,Korea Republic,0.54,0.55,0.21,0.36,0.34,0.53,0.64,0.49,0.59,0.46,0.45,0.32,0.46,0.7,0.6,0.57,0.56,0.52,0.54,0.48,0.52,0.32,CB,DEF,4
Ma Sheng,CB,China PR,0.54,0.64,0.22,0.28,0.29,0.57,0.6,0.62,0.65,0.44,0.56,0.26,0.47,0.67,0.6,0.58,0.6,0.61,0.57,0.55,0.48,0.32,CB,DEF,4
Mathias Bakken Myklebust,LB,Norway,0.54,0.62,0.36,0.43,0.53,0.5,0.53,0.63,0.62,0.66,0.68,0.48,0.55,0.52,0.59,0.44,0.51,0.53,0.49,0.51,0.4,0.46,LB,DEF,4
Niu Ziyi,CB,China PR,0.54,0.62,0.28,0.39,0.5,0.53,0.67,0.67,0.57,0.63,0.54,0.43,0.5,0.7,0.67,0.6,0.54,0.57,0.52,0.53,0.45,0.22,CB,DEF,4
Conor O'Keeffe,RB,Republic of Ireland,0.54,0.55,0.26,0.42,0.41,0.54,0.57,0.56,0.55,0.57,0.53,0.42,0.5,0.58,0.62,0.52,0.57,0.51,0.55,0.53,0.49,0.36,RB,DEF,4
Sahil Panwar,LB,India,0.54,0.61,0.37,0.42,0.44,0.52,0.72,0.66,0.57,0.54,0.48,0.43,0.48,0.72,0.62,0.72,0.56,0.5,0.52,0.52,0.45,0.53,LB,DEF,4
Harry Politidis,LB,Australia,0.54,0.73,0.4,0.46,0.54,0.47,0.56,0.75,0.72,0.7,0.74,0.5,0.47,0.58,0.54,0.54,0.51,0.5,0.44,0.47,0.39,0.52,LB,DEF,4
Qian Yumiao,RB,China PR,0.54,0.74,0.25,0.39,0.51,0.51,0.62,0.71,0.76,0.72,0.73,0.5,0.5,0.6,0.63,0.64,0.5,0.45,0.55,0.5,0.5,0.35,RB,DEF,4
Hmingthanmawia Ralte,CB,India,0.54,0.53,0.27,0.36,0.35,0.53,0.7,0.49,0.56,0.34,0.59,0.39,0.45,0.77,0.69,0.63,0.56,0.54,0.52,0.51,0.51,0.31,CB,DEF,4
Sumit Rathi,CB,India,0.54,0.68,0.33,0.42,0.49,0.5,0.68,0.64,0.72,0.68,0.62,0.46,0.54,0.72,0.6,0.72,0.5,0.52,0.5,0.5,0.49,0.34,CB,DEF,4
Justin Reynolds,RB,United States,0.54,0.59,0.28,0.42,0.52,0.51,0.52,0.62,0.57,0.57,0.72,0.55,0.5,0.54,0.5,0.46,0.59,0.57,0.45,0.5,0.44,0.2,RB,DEF,4
Ludvig Richtnér,RB,Sweden,0.54,0.63,0.36,0.46,0.52,0.49,0.55,0.66,0.61,0.55,0.57,0.53,0.47,0.55,0.59,0.57,0.5,0.48,0.46,0.51,0.5,0.41,RB,DEF,4
Sai Sachdev,RB,England,0.54,0.7,0.29,0.37,0.51,0.5,0.57,0.71,0.69,0.67,0.6,0.4,0.5,0.57,0.63,0.52,0.55,0.53,0.44,0.53,0.39,0.27,RB,DEF,4
Hayden Sargis,CB,United States,0.54,0.63,0.24,0.32,0.41,0.56,0.57,0.65,0.61,0.64,0.49,0.39,0.48,0.6,0.58,0.61,0.55,0.57,0.56,0.59,0.53,0.36,CB,DEF,4
Parag Shrivas,CB,India,0.54,0.54,0.28,0.42,0.44,0.53,0.67,0.53,0.55,0.53,0.55,0.37,0.51,0.73,0.61,0.63,0.56,0.55,0.54,0.52,0.42,0.29,CB,DEF,4
Samuel Skree Skjeldal,LB,Norway,0.54,0.62,0.31,0.38,0.5,0.5,0.62,0.66,0.59,0.56,0.58,0.37,0.55,0.68,0.62,0.55,0.52,0.55,0.5,0.49,0.42,0.29,LB,DEF,4
Declan Skura,CB,England,0.54,0.6,0.25,0.33,0.34,0.57,0.61,0.61,0.6,0.44,0.51,0.32,0.43,0.68,0.6,0.52,0.61,0.58,0.56,0.59,0.4,0.36,CB,DEF,4
Christ Souanga,LB,Belgium,0.54,0.66,0.27,0.32,0.51,0.54,0.52,0.65,0.66,0.53,0.68,0.4,0.58,0.48,0.61,0.41,0.59,0.55,0.54,0.54,0.4,0.22,LB,DEF,4
Sanjeev Stalin,LB,India,0.54,0.6,0.26,0.45,0.5,0.51,0.59,0.64,0.57,0.57,0.76,0.46,0.49,0.65,0.57,0.53,0.55,0.53,0.48,0.54,0.41,0.25,LB,DEF,4
Sun Guoliang,CB,China PR,0.54,0.59,0.23,0.3,0.32,0.59,0.57,0.64,0.55,0.46,0.63,0.35,0.48,0.59,0.62,0.54,0.63,0.6,0.6,0.55,0.46,0.39,CB,DEF,4
Frankie Terry,CB,England,0.54,0.67,0.23,0.34,0.44,0.53,0.64,0.65,0.68,0.59,0.62,0.43,0.51,0.7,0.61,0.63,0.55,0.51,0.53,0.53,0.5,0.34,CB,DEF,4
Rejan Thaçi,LB,Kosovo,0.54,0.66,0.31,0.4,0.47,0.52,0.57,0.67,0.66,0.59,0.62,0.37,0.52,0.63,0.56,0.53,0.59,0.55,0.49,0.52,0.41,0.33,LB,DEF,4
Andreas Tomaselli,CB,Denmark,0.54,0.65,0.35,0.45,0.5,0.53,0.55,0.64,0.66,0.69,0.59,0.52,0.46,0.6,0.5,0.61,0.53,0.53,0.51,0.54,0.54,0.52,CB,DEF,4
Jonas Torsvik,LB,Norway,0.54,0.67,0.39,0.43,0.54,0.49,0.53,0.7,0.64,0.75,0.69,0.49,0.52,0.52,0.56,0.47,0.52,0.49,0.48,0.5,0.42,0.42,LB,DEF,4
Roko Vukušić,CB,Croatia,0.54,0.58,0.28,0.3,0.36,0.56,0.57,0.58,0.58,0.48,0.54,0.33,0.45,0.64,0.54,0.59,0.63,0.6,0.5,0.53,0.53,0.39,CB,DEF,4
Jamie Walker,LB,Scotland,0.54,0.59,0.28,0.44,0.44,0.54,0.6,0.64,0.55,0.54,0.52,0.38,0.51,0.65,0.56,0.58,0.57,0.53,0.53,0.53,0.47,0.26,LB,DEF,4
Isak Hagen Aalberg,CB,Norway,0.53,0.52,0.26,0.39,0.42,0.53,0.56,0.53,0.51,0.42,0.36,0.42,0.48,0.71,0.33,0.61,0.54,0.48,0.54,0.53,0.5,0.44,CB,DEF,4
Johan Persson Åhstedt,LB,Sweden,0.53,0.54,0.33,0.45,0.57,0.48,0.54,0.58,0.51,0.57,0.67,0.58,0.46,0.52,0.63,0.42,0.53,0.5,0.45,0.49,0.42,0.34,LB,DEF,4
Matai Akinmboni,CB,United States,0.53,0.54,0.25,0.36,0.37,0.53,0.6,0.57,0.51,0.5,0.5,0.45,0.46,0.67,0.56,0.59,0.57,0.54,0.51,0.53,0.5,0.35,CB,DEF,4
Adnan Aktaş,LB,Turkey,0.53,0.66,0.33,0.34,0.59,0.52,0.47,0.69,0.63,0.71,0.77,0.54,0.42,0.44,0.51,0.38,0.54,0.56,0.51,0.52,0.42,0.32,LB,DEF,4
Sebastian Anderson,RB,United States,0.53,0.54,0.32,0.43,0.53,0.5,0.52,0.58,0.5,0.67,0.66,0.44,0.56,0.48,0.61,0.39,0.57,0.49,0.46,0.5,0.42,0.31,RB,DEF,4
Arhan,LB,Indonesia,0.53,0.68,0.29,0.4,0.55,0.47,0.45,0.72,0.65,0.83,0.75,0.45,0.48,0.37,0.63,0.38,0.48,0.55,0.45,0.49,0.4,0.3,LB,DEF,4
Federico Bonini,CB,Italy,0.53,0.55,0.26,0.34,0.35,0.54,0.53,0.59,0.51,0.41,0.57,0.42,0.42,0.56,0.54,0.55,0.56,0.59,0.51,0.56,0.52,0.33,CB,DEF,4
Choi Kang Min,RB,Korea Republic,0.53,0.65,0.38,0.53,0.56,0.45,0.58,0.61,0.68,0.7,0.7,0.57,0.5,0.6,0.68,0.5,0.49,0.46,0.45,0.4,0.42,0.45,RB,DEF,4
Benjamin Clemmensen,CB,Denmark,0.53,0.61,0.26,0.36,0.31,0.52,0.62,0.6,0.61,0.55,0.57,0.26,0.49,0.67,0.54,0.61,0.53,0.52,0.52,0.5,0.51,0.35,CB,DEF,4
Jaden Dixon,CB,England,0.53,0.68,0.31,0.43,0.49,0.52,0.61,0.66,0.7,0.64,0.67,0.46,0.52,0.66,0.59,0.69,0.54,0.51,0.51,0.51,0.48,0.39,CB,DEF,4
Sean Dulic,CB,Germany,0.53,0.65,0.25,0.39,0.39,0.54,0.54,0.64,0.66,0.47,0.56,0.51,0.44,0.59,0.55,0.58,0.59,0.57,0.5,0.53,0.53,0.36,CB,DEF,4
Luey Giles,LB,Wales,0.53,0.65,0.3,0.35,0.49,0.5,0.53,0.66,0.64,0.57,0.71,0.36,0.57,0.52,0.56,0.44,0.55,0.56,0.46,0.52,0.38,0.26,LB,DEF,4
Alex Giles,CB,England,0.53,0.66,0.29,0.45,0.43,0.53,0.59,0.66,0.66,0.61,0.6,0.46,0.49,0.63,0.64,0.58,0.56,0.5,0.54,0.53,0.47,0.52,CB,DEF,4
Bret Halsey,RB,United States,0.53,0.67,0.23,0.42,0.5,0.5,0.51,0.68,0.66,0.63,0.75,0.46,0.45,0.49,0.57,0.41,0.53,0.53,0.48,0.53,0.36,0.23,RB,DEF,4
Han Sang Gyu,CB,Korea Republic,0.53,0.64,0.25,0.3,0.38,0.51,0.69,0.63,0.64,0.44,0.44,0.35,0.49,0.81,0.62,0.68,0.5,0.55,0.53,0.5,0.47,0.36,CB,DEF,4
Elias Kringberg Haug,CB,Norway,0.53,0.64,0.23,0.36,0.43,0.52,0.56,0.58,0.68,0.41,0.38,0.48,0.44,0.66,0.43,0.63,0.54,0.53,0.5,0.51,0.55,0.3,CB,DEF,4
Stuart Hawkins,CB,United States,0.53,0.53,0.24,0.36,0.39,0.53,0.58,0.54,0.53,0.46,0.5,0.36,0.46,0.63,0.59,0.65,0.55,0.53,0.51,0.46,0.65,0.34,CB,DEF,4
Brooklyn Ilunga,LB,England,0.53,0.77,0.48,0.47,0.55,0.47,0.52,0.8,0.75,0.52,0.78,0.53,0.52,0.6,0.4,0.59,0.5,0.44,0.48,0.45,0.39,0.52,LB,DEF,4
Joshua Inserra,CB,Australia,0.53,0.52,0.25,0.4,0.42,0.53,0.54,0.48,0.56,0.43,0.4,0.46,0.47,0.51,0.56,0.47,0.55,0.53,0.53,0.53,0.51,0.49,CB,DEF,4
Aaron James,CB,England,0.53,0.67,0.26,0.35,0.41,0.53,0.62,0.66,0.67,0.63,0.65,0.39,0.47,0.69,0.58,0.6,0.54,0.53,0.53,0.52,0.47,0.34,CB,DEF,4
Rony Jansson,CB,Finland,0.53,0.6,0.23,0.43,0.46,0.54,0.55,0.62,0.58,0.5,0.61,0.46,0.43,0.59,0.55,0.57,0.55,0.54,0.53,0.55,0.5,0.28,CB,DEF,4
Jakub Kolan,RB,Poland,0.53,0.64,0.3,0.35,0.5,0.51,0.53,0.66,0.63,0.59,0.71,0.43,0.53,0.52,0.6,0.5,0.53,0.5,0.48,0.55,0.47,0.28,RB,DEF,4
Lim Hyeong Jin,CB,Korea Republic,0.53,0.63,0.29,0.4,0.42,0.52,0.64,0.66,0.61,0.57,0.62,0.45,0.43,0.7,0.66,0.64,0.54,0.51,0.5,0.51,0.53,0.36,CB,DEF,4
Piotr Liszewski,RB,Poland,0.53,0.62,0.27,0.32,0.5,0.52,0.58,0.61,0.62,0.59,0.58,0.44,0.53,0.6,0.58,0.56,0.53,0.57,0.5,0.51,0.49,0.28,RB,DEF,4
Liu Bin,LB,China PR,0.53,0.57,0.38,0.46,0.59,0.46,0.65,0.62,0.53,0.67,0.6,0.62,0.58,0.7,0.64,0.52,0.44,0.44,0.51,0.47,0.37,0.45,LB,DEF,4
Denechandra Meitei,LB,India,0.53,0.66,0.34,0.43,0.51,0.49,0.57,0.67,0.66,0.66,0.71,0.49,0.45,0.61,0.6,0.5,0.53,0.53,0.5,0.46,0.35,0.45,LB,DEF,4
Melroy Melwin Assisi,CB,India,0.53,0.59,0.34,0.43,0.43,0.49,0.71,0.66,0.53,0.5,0.5,0.43,0.44,0.73,0.68,0.8,0.5,0.49,0.5,0.44,0.56,0.39,CB,DEF,4
Hira Mondal,LB,India,0.53,0.64,0.36,0.4,0.45,0.49,0.7,0.71,0.58,0.56,0.65,0.45,0.45,0.66,0.78,0.66,0.52,0.5,0.49,0.48,0.37,0.46,LB,DEF,4
Ben Nink,CB,Germany,0.53,0.59,0.24,0.4,0.36,0.54,0.57,0.63,0.55,0.65,0.56,0.3,0.5,0.6,0.55,0.56,0.6,0.57,0.5,0.53,0.47,0.36,CB,DEF,4
Cory O'Sullivan,LB,Republic of Ireland,0.53,0.67,0.37,0.35,0.44,0.5,0.5,0.68,0.66,0.5,0.49,0.4,0.53,0.47,0.59,0.41,0.53,0.5,0.48,0.53,0.4,0.31,LB,DEF,4
Igor Orlikowski,CB,Poland,0.53,0.64,0.26,0.32,0.49,0.53,0.5,0.62,0.65,0.51,0.71,0.49,0.59,0.58,0.33,0.48,0.54,0.55,0.54,0.57,0.4,0.27,CB,DEF,4
Kayden Pierre,RB,United States,0.53,0.71,0.26,0.41,0.51,0.46,0.51,0.71,0.71,0.63,0.68,0.46,0.51,0.49,0.58,0.44,0.52,0.49,0.44,0.45,0.36,0.28,RB,DEF,4
Mohamad Rakip,RB,India,0.53,0.68,0.26,0.4,0.45,0.48,0.67,0.65,0.71,0.68,0.67,0.42,0.44,0.69,0.68,0.63,0.51,0.5,0.44,0.5,0.4,0.39,RB,DEF,4
Waylon Renecke,CB,South Africa,0.53,0.69,0.26,0.36,0.41,0.53,0.61,0.7,0.68,0.69,0.56,0.35,0.4,0.68,0.53,0.61,0.56,0.55,0.52,0.51,0.49,0.4,CB,DEF,4
Chris Rindov,CB,United States,0.53,0.55,0.25,0.29,0.33,0.53,0.67,0.55,0.55,0.45,0.49,0.31,0.41,0.79,0.63,0.64,0.56,0.57,0.51,0.51,0.49,0.37,CB,DEF,4
Alex Saji,RB,India,0.53,0.57,0.31,0.38,0.41,0.53,0.66,0.51,0.61,0.54,0.57,0.38,0.43,0.72,0.67,0.67,0.57,0.57,0.5,0.5,0.47,0.37,RB,DEF,4
Phoenix Scholtz,RB,Northern Ireland,0.53,0.75,0.31,0.44,0.5,0.47,0.53,0.76,0.74,0.73,0.76,0.43,0.48,0.53,0.61,0.57,0.5,0.46,0.45,0.46,0.45,0.36,RB,DEF,4
Sha Yibo,CB,China PR,0.53,0.59,0.25,0.28,0.37,0.57,0.54,0.61,0.58,0.44,0.61,0.43,0.46,0.58,0.56,0.57,0.63,0.58,0.56,0.52,0.53,0.39,CB,DEF,4
Matt Sheridan,RB,New Zealand,0.53,0.66,0.27,0.43,0.46,0.47,0.58,0.69,0.64,0.53,0.6,0.46,0.52,0.58,0.63,0.5,0.49,0.49,0.47,0.47,0.41,0.26,RB,DEF,4
Shin Min Ha,CB,Korea Republic,0.53,0.56,0.25,0.3,0.34,0.53,0.64,0.56,0.56,0.44,0.56,0.33,0.48,0.73,0.59,0.63,0.56,0.54,0.5,0.53,0.5,0.33,CB,DEF,4
Huidrom Singh,LB,India,0.53,0.6,0.28,0.37,0.51,0.51,0.55,0.64,0.56,0.49,0.73,0.45,0.51,0.58,0.63,0.53,0.54,0.55,0.48,0.5,0.45,0.29,LB,DEF,4
Jackson Travis,LB,United States,0.53,0.7,0.31,0.39,0.6,0.48,0.48,0.72,0.69,0.73,0.75,0.56,0.43,0.43,0.57,0.4,0.49,0.5,0.48,0.49,0.39,0.33,LB,DEF,4
Muhammed Uvais Moyikkal,LB,India,0.53,0.55,0.34,0.38,0.48,0.54,0.66,0.57,0.54,0.54,0.53,0.4,0.49,0.73,0.62,0.55,0.6,0.58,0.52,0.5,0.42,0.35,LB,DEF,4
Håkon Volden,CB,Norway,0.53,0.61,0.21,0.35,0.31,0.52,0.63,0.64,0.58,0.44,0.43,0.33,0.48,0.7,0.59,0.59,0.56,0.53,0.52,0.49,0.47,0.35,CB,DEF,4
Ludwig Vraa-Jensen,CB,Denmark,0.53,0.61,0.26,0.36,0.33,0.52,0.6,0.6,0.61,0.46,0.53,0.29,0.52,0.66,0.54,0.64,0.55,0.54,0.5,0.49,0.55,0.39,CB,DEF,4
Wang Zhenghao,LB,China PR,0.53,0.55,0.3,0.39,0.5,0.52,0.64,0.54,0.55,0.52,0.55,0.57,0.45,0.7,0.65,0.55,0.58,0.49,0.52,0.45,0.46,0.35,LB,DEF,4
Thomas Williams,CB,United States,0.53,0.54,0.31,0.37,0.45,0.52,0.65,0.54,0.54,0.6,0.4,0.44,0.5,0.74,0.61,0.67,0.52,0.54,0.5,0.5,0.58,0.36,CB,DEF,4
Filip Åkesson Linderoth,RB,Sweden,0.52,0.65,0.29,0.41,0.47,0.47,0.57,0.7,0.6,0.68,0.65,0.48,0.49,0.61,0.6,0.53,0.49,0.46,0.46,0.46,0.42,0.42,RB,DEF,4
Meshal Al Alaeli,LB,Saudi Arabia,0.52,0.81,0.29,0.38,0.5,0.45,0.49,0.82,0.81,0.75,0.76,0.44,0.46,0.41,0.64,0.46,0.45,0.48,0.45,0.44,0.44,0.28,LB,DEF,4
Abdullah Al Qahtani,RB,Saudi Arabia,0.52,0.72,0.32,0.43,0.51,0.44,0.52,0.68,0.76,0.77,0.66,0.44,0.43,0.49,0.58,0.4,0.45,0.5,0.43,0.47,0.34,0.31,RB,DEF,4
Max Bardell,RB,England,0.52,0.63,0.29,0.34,0.51,0.49,0.45,0.68,0.58,0.57,0.76,0.36,0.55,0.37,0.55,0.4,0.52,0.53,0.44,0.52,0.48,0.22,RB,DEF,4
Namgyal Bhutia,RB,India,0.52,0.75,0.45,0.47,0.51,0.45,0.5,0.81,0.7,0.64,0.73,0.5,0.36,0.54,0.5,0.53,0.51,0.5,0.42,0.44,0.35,0.57,RB,DEF,4
Chen Yuhao,RB,China PR,0.52,0.72,0.24,0.3,0.46,0.48,0.55,0.73,0.71,0.71,0.75,0.34,0.53,0.52,0.63,0.5,0.49,0.51,0.46,0.5,0.44,0.26,RB,DEF,4
Owen Cochrane,RB,England,0.52,0.68,0.27,0.41,0.48,0.49,0.61,0.66,0.69,0.64,0.61,0.42,0.47,0.68,0.55,0.59,0.49,0.48,0.51,0.49,0.45,0.31,RB,DEF,4
Riccardo Di Trolio,CB,England,0.52,0.63,0.25,0.28,0.34,0.55,0.52,0.66,0.6,0.45,0.53,0.28,0.47,0.54,0.55,0.61,0.59,0.54,0.51,0.53,0.61,0.4,CB,DEF,4
Isaiah Foster,LB,United States,0.52,0.61,0.31,0.37,0.48,0.49,0.61,0.57,0.65,0.63,0.62,0.47,0.5,0.65,0.6,0.49,0.56,0.52,0.44,0.48,0.4,0.31,LB,DEF,4
Alexander Freeman,RB,United States,0.52,0.63,0.41,0.4,0.47,0.47,0.62,0.64,0.63,0.56,0.5,0.42,0.55,0.64,0.71,0.62,0.49,0.47,0.43,0.44,0.54,0.39,RB,DEF,4
He Yiran,CB,China PR,0.52,0.56,0.26,0.37,0.45,0.53,0.54,0.56,0.56,0.66,0.57,0.44,0.55,0.6,0.49,0.53,0.52,0.51,0.56,0.55,0.48,0.38,CB,DEF,4
Hu Hetao,LB,China PR,0.52,0.61,0.27,0.34,0.49,0.48,0.52,0.6,0.62,0.72,0.75,0.38,0.53,0.45,0.69,0.36,0.49,0.47,0.48,0.53,0.35,0.24,LB,DEF,4
Ed James,CB,Wales,0.52,0.55,0.24,0.31,0.32,0.52,0.62,0.57,0.53,0.48,0.57,0.31,0.42,0.68,0.53,0.6,0.56,0.52,0.5,0.47,0.52,0.4,CB,DEF,4
Jiang Wenhao,LB,China PR,0.52,0.68,0.37,0.42,0.49,0.47,0.52,0.67,0.68,0.67,0.64,0.45,0.5,0.48,0.61,0.39,0.49,0.47,0.5,0.48,0.33,0.33,LB,DEF,4
Will Johnson,CB,England,0.52,0.61,0.24,0.32,0.36,0.51,0.66,0.63,0.6,0.63,0.6,0.31,0.49,0.7,0.65,0.69,0.51,0.52,0.53,0.51,0.48,0.34,CB,DEF,4
Jung Yoon Seo,CB,Korea Republic,0.52,0.39,0.22,0.39,0.31,0.5,0.6,0.4,0.38,0.37,0.4,0.31,0.49,0.8,0.35,0.62,0.53,0.5,0.5,0.45,0.54,0.32,CB,DEF,4
Johan Kenneryd,CB,Sweden,0.52,0.58,0.25,0.36,0.41,0.52,0.56,0.58,0.58,0.35,0.32,0.45,0.42,0.72,0.32,0.64,0.53,0.52,0.52,0.48,0.52,0.39,CB,DEF,4
Alex Lankshear,LB,England,0.52,0.6,0.29,0.35,0.49,0.49,0.52,0.67,0.54,0.51,0.72,0.39,0.49,0.47,0.61,0.41,0.51,0.53,0.47,0.53,0.4,0.27,LB,DEF,4
Dylan Lawlor,CB,Wales,0.52,0.59,0.24,0.31,0.35,0.55,0.55,0.58,0.59,0.48,0.64,0.32,0.48,0.55,0.62,0.55,0.62,0.58,0.5,0.51,0.53,0.34,CB,DEF,4
Khaimin Lhungdim,RB,India,0.52,0.61,0.45,0.47,0.51,0.46,0.57,0.68,0.55,0.58,0.39,0.53,0.48,0.6,0.55,0.52,0.52,0.48,0.42,0.46,0.41,0.52,RB,DEF,4
Christian McFarlane,LB,England,0.52,0.67,0.25,0.35,0.5,0.46,0.5,0.7,0.65,0.5,0.67,0.42,0.46,0.44,0.66,0.38,0.45,0.52,0.41,0.55,0.42,0.29,LB,DEF,4
Filip Milojevic,CB,Austria,0.52,0.61,0.33,0.33,0.34,0.52,0.63,0.64,0.58,0.43,0.45,0.31,0.49,0.72,0.6,0.62,0.55,0.54,0.51,0.52,0.48,0.39,CB,DEF,4
Manoj Mohammad,LB,India,0.52,0.61,0.3,0.38,0.48,0.48,0.65,0.63,0.59,0.63,0.55,0.44,0.53,0.67,0.7,0.52,0.52,0.52,0.48,0.45,0.4,0.33,LB,DEF,4
Jack Moore,RB,England,0.52,0.64,0.32,0.46,0.49,0.49,0.43,0.71,0.58,0.69,0.72,0.4,0.49,0.44,0.39,0.4,0.48,0.51,0.49,0.51,0.42,0.55,RB,DEF,4
Wungngayam Muirang,CB,India,0.52,0.54,0.24,0.29,0.32,0.53,0.63,0.55,0.53,0.33,0.39,0.33,0.42,0.73,0.59,0.6,0.53,0.51,0.55,0.54,0.49,0.32,CB,DEF,4
Ankit Mukherjee,RB,India,0.52,0.7,0.34,0.38,0.43,0.47,0.62,0.67,0.73,0.66,0.64,0.42,0.48,0.62,0.6,0.53,0.51,0.49,0.44,0.46,0.44,0.45,RB,DEF,4
Christian Østergaard,CB,Denmark,0.52,0.67,0.21,0.25,0.34,0.53,0.61,0.66,0.68,0.56,0.53,0.31,0.44,0.67,0.56,0.63,0.55,0.53,0.51,0.51,0.54,0.35,CB,DEF,4
Adam Queally,CB,Republic of Ireland,0.52,0.52,0.35,0.4,0.41,0.52,0.59,0.54,0.51,0.53,0.6,0.41,0.53,0.7,0.52,0.55,0.53,0.51,0.54,0.53,0.45,0.41,CB,DEF,4
Buanthanglun Samte,LB,India,0.52,0.65,0.31,0.46,0.47,0.44,0.52,0.69,0.61,0.62,0.83,0.44,0.45,0.45,0.7,0.51,0.49,0.44,0.4,0.45,0.41,0.38,LB,DEF,4
Sin Il Yeon,RB,Korea Republic,0.52,0.63,0.25,0.33,0.46,0.51,0.47,0.69,0.58,0.6,0.79,0.3,0.48,0.41,0.62,0.37,0.57,0.55,0.45,0.53,0.43,0.3,RB,DEF,4
Gursimrat Singh,CB,India,0.52,0.43,0.26,0.31,0.33,0.52,0.67,0.33,0.51,0.32,0.52,0.34,0.43,0.72,0.59,0.52,0.52,0.49,0.55,0.5,0.49,0.37,CB,DEF,4
Tondonba Singh,LB,India,0.52,0.64,0.35,0.37,0.49,0.46,0.6,0.66,0.62,0.67,0.72,0.47,0.54,0.56,0.7,0.48,0.5,0.44,0.43,0.48,0.41,0.49,LB,DEF,4
Joey Skinner,LB,United States,0.52,0.62,0.26,0.32,0.46,0.53,0.47,0.67,0.57,0.51,0.67,0.42,0.51,0.41,0.6,0.35,0.58,0.52,0.57,0.45,0.38,0.3,LB,DEF,4
Song Haoyu,RB,China PR,0.52,0.58,0.27,0.36,0.48,0.48,0.54,0.61,0.56,0.55,0.72,0.48,0.5,0.48,0.7,0.4,0.48,0.5,0.47,0.52,0.41,0.26,RB,DEF,4
Song Yue,CB,China PR,0.52,0.65,0.37,0.49,0.46,0.48,0.69,0.67,0.64,0.6,0.55,0.43,0.44,0.77,0.6,0.66,0.48,0.45,0.5,0.45,0.47,0.49,CB,DEF,4
Ethan Sutcliffe,CB,England,0.52,0.64,0.23,0.38,0.36,0.51,0.63,0.62,0.65,0.56,0.57,0.29,0.46,0.73,0.58,0.62,0.54,0.49,0.5,0.52,0.48,0.32,CB,DEF,4
Liam Svensson,CB,Sweden,0.52,0.53,0.35,0.37,0.37,0.53,0.55,0.51,0.55,0.41,0.65,0.36,0.48,0.57,0.54,0.52,0.56,0.54,0.5,0.51,0.52,0.42,CB,DEF,4
Gustav Wagner,CB,Denmark,0.52,0.63,0.27,0.32,0.31,0.52,0.6,0.64,0.62,0.46,0.52,0.32,0.49,0.66,0.54,0.62,0.54,0.53,0.51,0.49,0.52,0.4,CB,DEF,4
Ewan Wilson,LB,Scotland,0.52,0.66,0.29,0.36,0.49,0.49,0.59,0.66,0.66,0.53,0.62,0.36,0.51,0.64,0.56,0.52,0.53,0.48,0.46,0.52,0.38,0.3,LB,DEF,4
Zhang Sijie,CB,China PR,0.52,0.61,0.25,0.35,0.34,0.53,0.6,0.59,0.62,0.6,0.7,0.29,0.5,0.65,0.63,0.55,0.55,0.56,0.55,0.47,0.45,0.35,CB,DEF,4
London Aghedo,CB,United States,0.51,0.55,0.24,0.28,0.35,0.52,0.58,0.55,0.55,0.48,0.6,0.35,0.46,0.62,0.63,0.6,0.58,0.55,0.5,0.45,0.55,0.32,CB,DEF,4
Sultan Al Harbi,CB,Saudi Arabia,0.51,0.68,0.35,0.4,0.46,0.49,0.6,0.76,0.62,0.66,0.58,0.41,0.5,0.6,0.58,0.73,0.49,0.49,0.5,0.5,0.46,0.39,CB,DEF,4
Freddie Allen,LB,England,0.51,0.68,0.27,0.34,0.44,0.46,0.51,0.69,0.68,0.67,0.66,0.35,0.49,0.45,0.62,0.4,0.46,0.51,0.45,0.47,0.4,0.24,LB,DEF,4
Godwill Ambrose,CB,Norway,0.51,0.66,0.27,0.34,0.4,0.51,0.55,0.64,0.67,0.42,0.68,0.4,0.45,0.58,0.54,0.57,0.56,0.51,0.5,0.47,0.51,0.37,CB,DEF,4
Drew Baiera,RB,United States,0.51,0.64,0.28,0.33,0.49,0.48,0.47,0.69,0.59,0.59,0.79,0.37,0.52,0.38,0.62,0.36,0.51,0.52,0.43,0.5,0.44,0.28,RB,DEF,4
Bao Shimeng,RB,China PR,0.51,0.66,0.24,0.31,0.49,0.46,0.43,0.68,0.65,0.75,0.88,0.31,0.52,0.33,0.62,0.33,0.5,0.5,0.39,0.5,0.41,0.2,RB,DEF,4
Conor Barr,CB,Northern Ireland,0.51,0.55,0.3,0.32,0.39,0.5,0.58,0.53,0.57,0.41,0.5,0.44,0.49,0.68,0.47,0.57,0.5,0.5,0.5,0.51,0.5,0.48,CB,DEF,4
Choi Hyun Woung,CB,Korea Republic,0.51,0.53,0.24,0.33,0.33,0.5,0.59,0.5,0.56,0.45,0.48,0.33,0.44,0.74,0.36,0.61,0.52,0.46,0.51,0.45,0.52,0.33,CB,DEF,4
Choi Ye Hoon,LB,Korea Republic,0.51,0.6,0.29,0.35,0.53,0.46,0.56,0.65,0.56,0.6,0.59,0.47,0.49,0.55,0.64,0.47,0.48,0.44,0.43,0.51,0.39,0.3,LB,DEF,4
Leander D'Cunha,RB,India,0.51,0.54,0.26,0.38,0.46,0.51,0.59,0.54,0.54,0.59,0.6,0.42,0.46,0.63,0.52,0.53,0.53,0.52,0.52,0.5,0.46,0.26,RB,DEF,4
Harry Dean,CB,Wales,0.51,0.58,0.24,0.29,0.31,0.52,0.55,0.56,0.59,0.52,0.54,0.29,0.41,0.6,0.48,0.57,0.55,0.52,0.51,0.5,0.54,0.32,CB,DEF,4
Max Edgecombe,LB,England,0.51,0.66,0.37,0.44,0.52,0.44,0.52,0.67,0.65,0.7,0.74,0.48,0.49,0.48,0.59,0.5,0.42,0.41,0.45,0.47,0.39,0.36,LB,DEF,4
Evan Haddock,CB,Republic of Ireland,0.51,0.5,0.21,0.3,0.33,0.5,0.6,0.51,0.49,0.49,0.53,0.33,0.4,0.69,0.51,0.58,0.51,0.49,0.5,0.47,0.54,0.3,CB,DEF,4
Jeon Sung Jin,LB,Korea Republic,0.51,0.66,0.34,0.52,0.56,0.4,0.6,0.73,0.6,0.68,0.63,0.55,0.47,0.6,0.66,0.53,0.41,0.42,0.39,0.44,0.31,0.5,LB,DEF,4
Kim Hyeon Deok,CB,Korea Republic,0.51,0.54,0.21,0.36,0.35,0.5,0.6,0.54,0.54,0.52,0.57,0.41,0.5,0.65,0.58,0.57,0.51,0.52,0.5,0.47,0.5,0.31,CB,DEF,4
Lee Hyun Yong,CB,Korea Republic,0.51,0.5,0.25,0.3,0.34,0.5,0.58,0.48,0.52,0.43,0.48,0.32,0.45,0.7,0.38,0.57,0.5,0.48,0.5,0.51,0.52,0.36,CB,DEF,4
Lee Won Woo,CB,Korea Republic,0.51,0.39,0.33,0.37,0.38,0.5,0.56,0.37,0.4,0.37,0.48,0.33,0.46,0.7,0.34,0.53,0.5,0.52,0.5,0.48,0.53,0.4,CB,DEF,4
Lee Han Bin,CB,Korea Republic,0.51,0.62,0.25,0.27,0.3,0.5,0.64,0.56,0.66,0.45,0.53,0.28,0.49,0.76,0.57,0.62,0.51,0.53,0.51,0.47,0.48,0.38,CB,DEF,4
Lee Woo Yeon,CB,Korea Republic,0.51,0.44,0.29,0.37,0.35,0.51,0.57,0.43,0.45,0.42,0.5,0.33,0.42,0.7,0.41,0.55,0.52,0.5,0.51,0.5,0.53,0.35,CB,DEF,4
Abdullah Masoud,CB,Saudi Arabia,0.51,0.64,0.33,0.42,0.42,0.51,0.58,0.62,0.65,0.44,0.78,0.42,0.44,0.65,0.5,0.67,0.51,0.5,0.52,0.5,0.48,0.39,CB,DEF,4
Aidan O'Connor,CB,United States,0.51,0.56,0.24,0.27,0.32,0.51,0.67,0.56,0.56,0.46,0.42,0.26,0.4,0.8,0.61,0.58,0.57,0.54,0.5,0.46,0.41,0.33,CB,DEF,4
Felix Oberwaditzer,CB,Liechtenstein,0.51,0.58,0.31,0.33,0.33,0.53,0.53,0.58,0.58,0.48,0.55,0.3,0.5,0.54,0.59,0.52,0.56,0.56,0.52,0.48,0.53,0.36,CB,DEF,4
Park Sang Hyeon,CB,Korea Republic,0.51,0.62,0.22,0.27,0.33,0.5,0.64,0.65,0.59,0.44,0.46,0.33,0.47,0.73,0.61,0.63,0.51,0.53,0.5,0.5,0.48,0.31,CB,DEF,4
Max Ross,CB,Scotland,0.51,0.56,0.27,0.33,0.37,0.52,0.55,0.56,0.56,0.43,0.76,0.36,0.49,0.55,0.61,0.53,0.52,0.53,0.51,0.53,0.51,0.38,CB,DEF,4
Lalhrezuala Sailung,RB,India,0.51,0.58,0.33,0.46,0.46,0.47,0.61,0.57,0.59,0.51,0.69,0.44,0.5,0.65,0.57,0.5,0.5,0.48,0.46,0.48,0.42,0.43,RB,DEF,4
Nelson Sanca,CB,Portugal,0.51,0.62,0.25,0.31,0.34,0.49,0.68,0.63,0.61,0.47,0.56,0.31,0.46,0.73,0.61,0.62,0.5,0.48,0.5,0.48,0.47,0.38,CB,DEF,4
Cenk Şen,LB,Turkey,0.51,0.67,0.5,0.54,0.62,0.41,0.46,0.69,0.65,0.56,0.76,0.58,0.4,0.47,0.51,0.42,0.41,0.42,0.39,0.4,0.43,0.59,LB,DEF,4
Dinesh Singh,CB,India,0.51,0.57,0.23,0.35,0.38,0.49,0.68,0.51,0.61,0.41,0.47,0.39,0.44,0.73,0.61,0.68,0.49,0.45,0.5,0.47,0.49,0.3,CB,DEF,4
Callum Wood,LB,Wales,0.51,0.61,0.26,0.34,0.45,0.51,0.53,0.59,0.63,0.57,0.48,0.3,0.55,0.51,0.53,0.47,0.53,0.51,0.52,0.49,0.49,0.24,LB,DEF,4
Wu Wei,RB,China PR,0.51,0.63,0.24,0.3,0.46,0.49,0.49,0.62,0.64,0.58,0.71,0.32,0.47,0.46,0.57,0.38,0.56,0.58,0.43,0.46,0.38,0.26,RB,DEF,4
Xiao Junlong,RB,China PR,0.51,0.68,0.3,0.41,0.46,0.47,0.52,0.68,0.68,0.64,0.72,0.35,0.5,0.5,0.54,0.44,0.53,0.51,0.41,0.49,0.4,0.4,RB,DEF,4
Yoon Tae Min,CB,Korea Republic,0.51,0.45,0.25,0.31,0.35,0.51,0.56,0.47,0.44,0.42,0.44,0.33,0.49,0.69,0.39,0.56,0.52,0.48,0.5,0.52,0.52,0.36,CB,DEF,4
Umidjan Yusup,CB,China PR,0.51,0.63,0.24,0.3,0.33,0.52,0.6,0.62,0.64,0.59,0.79,0.32,0.49,0.63,0.64,0.57,0.54,0.51,0.5,0.53,0.49,0.29,CB,DEF,4
Bandar Al Shamrani,CB,Saudi Arabia,0.5,0.6,0.25,0.34,0.37,0.5,0.58,0.59,0.61,0.4,0.73,0.39,0.45,0.66,0.52,0.65,0.51,0.48,0.51,0.52,0.46,0.3,CB,DEF,4
Mohammed Azhar,RB,India,0.5,0.61,0.24,0.32,0.43,0.47,0.49,0.67,0.56,0.52,0.64,0.37,0.45,0.46,0.56,0.39,0.52,0.55,0.41,0.47,0.39,0.24,RB,DEF,4
Choi Seung Gu,RB,Korea Republic,0.5,0.6,0.27,0.38,0.45,0.46,0.49,0.6,0.6,0.56,0.64,0.35,0.52,0.47,0.56,0.39,0.49,0.48,0.41,0.5,0.42,0.23,RB,DEF,4
Nitesh Darjee,LB,India,0.5,0.56,0.32,0.42,0.45,0.46,0.53,0.61,0.52,0.54,0.71,0.38,0.47,0.54,0.53,0.41,0.52,0.51,0.44,0.44,0.35,0.33,LB,DEF,4
Arvin Davoudi-Kia,LB,Sweden,0.5,0.65,0.3,0.37,0.43,0.47,0.56,0.7,0.61,0.53,0.39,0.4,0.54,0.59,0.52,0.5,0.45,0.48,0.52,0.45,0.41,0.32,LB,DEF,4
Guo Yunqi,RB,China PR,0.5,0.59,0.34,0.48,0.49,0.47,0.42,0.63,0.56,0.62,0.78,0.45,0.56,0.41,0.38,0.34,0.48,0.44,0.43,0.53,0.42,0.38,RB,DEF,4
Sonny Hart,CB,England,0.5,0.62,0.26,0.35,0.42,0.5,0.61,0.63,0.61,0.52,0.67,0.46,0.45,0.68,0.62,0.53,0.51,0.47,0.5,0.52,0.43,0.36,CB,DEF,4
Jia Boyan,LB,China PR,0.5,0.71,0.49,0.42,0.54,0.45,0.41,0.7,0.71,0.76,0.68,0.51,0.49,0.46,0.43,0.38,0.48,0.39,0.48,0.44,0.32,0.56,LB,DEF,4
Stiven Jimenez,RB,United States,0.5,0.62,0.34,0.42,0.47,0.46,0.42,0.64,0.61,0.6,0.65,0.46,0.43,0.37,0.49,0.32,0.49,0.48,0.46,0.44,0.4,0.39,RB,DEF,4
Jung Heon Taek,RB,Korea Republic,0.5,0.53,0.28,0.35,0.45,0.49,0.54,0.51,0.55,0.62,0.73,0.32,0.48,0.56,0.54,0.43,0.52,0.51,0.46,0.51,0.44,0.26,RB,DEF,4
Kim Dae Hyeon,CB,Korea Republic,0.5,0.47,0.24,0.29,0.33,0.5,0.59,0.41,0.52,0.48,0.5,0.31,0.49,0.69,0.49,0.54,0.52,0.48,0.5,0.45,0.54,0.31,CB,DEF,4
Lee Gyu Baek,CB,Korea Republic,0.5,0.5,0.25,0.39,0.4,0.49,0.56,0.46,0.53,0.43,0.43,0.44,0.45,0.68,0.46,0.55,0.48,0.46,0.5,0.49,0.5,0.32,CB,DEF,4
Liu Haofan,CB,China PR,0.5,0.55,0.26,0.31,0.38,0.5,0.57,0.56,0.54,0.51,0.53,0.33,0.5,0.72,0.36,0.59,0.51,0.52,0.5,0.47,0.46,0.35,CB,DEF,4
Olwethu Makhanya,CB,South Africa,0.5,0.61,0.24,0.29,0.31,0.53,0.51,0.58,0.63,0.31,0.68,0.31,0.45,0.51,0.59,0.5,0.58,0.57,0.51,0.48,0.5,0.33,CB,DEF,4
Halen Nongtdu,CB,India,0.5,0.46,0.22,0.28,0.3,0.5,0.59,0.37,0.54,0.33,0.44,0.32,0.41,0.65,0.54,0.65,0.49,0.47,0.5,0.48,0.58,0.39,CB,DEF,4
Jaziel Orozco,CB,United States,0.5,0.59,0.27,0.29,0.31,0.5,0.61,0.63,0.55,0.47,0.67,0.26,0.49,0.66,0.61,0.52,0.53,0.53,0.52,0.48,0.4,0.38,CB,DEF,4
Park Jin Young,CB,Korea Republic,0.5,0.51,0.27,0.27,0.3,0.5,0.63,0.52,0.51,0.46,0.53,0.31,0.45,0.74,0.56,0.53,0.54,0.55,0.5,0.46,0.43,0.37,CB,DEF,4
Park Si Hwa,LB,Korea Republic,0.5,0.59,0.28,0.34,0.44,0.47,0.44,0.61,0.57,0.6,0.59,0.38,0.55,0.39,0.56,0.3,0.52,0.48,0.46,0.49,0.33,0.23,LB,DEF,4
Rim Ji Min,RB,Korea Republic,0.5,0.58,0.27,0.34,0.46,0.47,0.48,0.59,0.57,0.62,0.75,0.38,0.46,0.44,0.6,0.32,0.46,0.51,0.46,0.51,0.38,0.24,RB,DEF,4
Kieran Sargeant,RB,United States,0.5,0.65,0.25,0.32,0.47,0.45,0.54,0.66,0.64,0.55,0.63,0.37,0.51,0.53,0.59,0.43,0.5,0.51,0.4,0.48,0.35,0.21,RB,DEF,4
Abhishek Singh,RB,India,0.5,0.62,0.33,0.36,0.44,0.47,0.55,0.69,0.57,0.55,0.8,0.3,0.51,0.55,0.56,0.49,0.5,0.49,0.41,0.52,0.42,0.34,RB,DEF,4
Bijoy Varghese,CB,India,0.5,0.58,0.24,0.31,0.31,0.49,0.66,0.56,0.6,0.41,0.63,0.32,0.41,0.77,0.59,0.62,0.51,0.5,0.5,0.47,0.46,0.38,CB,DEF,4
Wang Junqiang,LB,China PR,0.5,0.58,0.27,0.33,0.46,0.48,0.46,0.55,0.6,0.62,0.77,0.36,0.5,0.38,0.62,0.31,0.49,0.56,0.44,0.48,0.44,0.23,LB,DEF,4
Zhang Hui,LB,China PR,0.5,0.68,0.44,0.49,0.5,0.41,0.41,0.67,0.69,0.7,0.84,0.48,0.4,0.37,0.55,0.31,0.45,0.41,0.4,0.42,0.32,0.56,LB,DEF,4
Nathan Asher Rodrigues,LB,India,0.49,0.48,0.29,0.34,0.45,0.47,0.54,0.4,0.54,0.53,0.6,0.4,0.47,0.54,0.57,0.33,0.53,0.56,0.39,0.51,0.36,0.25,LB,DEF,4
Bae Hyun Seo,LB,Korea Republic,0.49,0.6,0.25,0.3,0.45,0.49,0.48,0.63,0.58,0.6,0.81,0.3,0.46,0.46,0.56,0.38,0.52,0.52,0.47,0.5,0.41,0.25,LB,DEF,4
Chen Guoliang,CB,China PR,0.49,0.52,0.27,0.29,0.32,0.52,0.56,0.54,0.51,0.46,0.55,0.31,0.47,0.59,0.58,0.49,0.54,0.55,0.53,0.48,0.45,0.35,CB,DEF,4
Luka Coveny,CB,New Zealand,0.49,0.57,0.38,0.43,0.44,0.49,0.57,0.58,0.56,0.47,0.51,0.4,0.42,0.63,0.56,0.48,0.5,0.54,0.51,0.46,0.4,0.43,CB,DEF,4
Jo Hyun Tae,CB,Korea Republic,0.49,0.47,0.23,0.29,0.32,0.49,0.59,0.44,0.49,0.45,0.41,0.33,0.43,0.7,0.54,0.45,0.52,0.51,0.5,0.48,0.41,0.31,CB,DEF,4
Lee Dong Hyeop,LB,Korea Republic,0.49,0.57,0.27,0.35,0.47,0.48,0.42,0.54,0.59,0.59,0.76,0.41,0.45,0.38,0.47,0.28,0.52,0.48,0.5,0.44,0.4,0.29,LB,DEF,4
Adam Pearlman,CB,South Africa,0.49,0.6,0.22,0.3,0.39,0.51,0.55,0.58,0.62,0.47,0.59,0.32,0.46,0.59,0.57,0.51,0.53,0.48,0.5,0.53,0.47,0.3,CB,DEF,4
Qiu Zhongyi,CB,China PR,0.49,0.56,0.25,0.27,0.34,0.52,0.53,0.54,0.57,0.5,0.62,0.3,0.44,0.59,0.53,0.45,0.58,0.6,0.5,0.48,0.43,0.3,CB,DEF,4
Ravi Rana,CB,India,0.49,0.63,0.43,0.44,0.51,0.48,0.53,0.68,0.59,0.62,0.68,0.49,0.47,0.53,0.49,0.5,0.45,0.45,0.5,0.51,0.45,0.49,CB,DEF,4
Robin Yadav,CB,India,0.49,0.49,0.24,0.28,0.34,0.52,0.53,0.51,0.47,0.37,0.54,0.33,0.44,0.53,0.59,0.44,0.55,0.54,0.5,0.53,0.46,0.35,CB,DEF,4
Yu Tianxiang,RB,China PR,0.49,0.6,0.28,0.31,0.47,0.44,0.57,0.59,0.61,0.57,0.59,0.35,0.47,0.58,0.61,0.45,0.48,0.53,0.39,0.46,0.38,0.28,RB,DEF,4
Ham Sun Woo,CB,Korea Republic,0.48,0.55,0.26,0.3,0.32,0.51,0.55,0.56,0.55,0.47,0.47,0.29,0.48,0.57,0.6,0.44,0.55,0.48,0.5,0.5,0.42,0.36,CB,DEF,4
Jin Haoxiang,CB,China PR,0.48,0.58,0.24,0.26,0.32,0.5,0.56,0.55,0.6,0.49,0.57,0.29,0.41,0.57,0.6,0.49,0.56,0.5,0.5,0.45,0.46,0.37,CB,DEF,4
Tahir Reid-Brown,LB,United States,0.48,0.78,0.28,0.33,0.42,0.43,0.49,0.77,0.79,0.66,0.59,0.31,0.41,0.47,0.52,0.47,0.43,0.42,0.39,0.49,0.4,0.39,LB,DEF,4
Sachu Siby,LB,India,0.48,0.74,0.25,0.36,0.41,0.43,0.63,0.65,0.82,0.55,0.36,0.34,0.4,0.7,0.59,0.63,0.44,0.41,0.44,0.41,0.4,0.27,LB,DEF,4
Tommy Silva,LB,United States,0.48,0.59,0.26,0.29,0.42,0.51,0.55,0.64,0.54,0.58,0.68,0.3,0.4,0.57,0.55,0.47,0.54,0.52,0.51,0.49,0.41,0.27,LB,DEF,4
Song Bowei,RB,China PR,0.48,0.66,0.35,0.42,0.44,0.43,0.57,0.64,0.68,0.52,0.62,0.42,0.33,0.56,0.53,0.52,0.43,0.42,0.41,0.42,0.47,0.45,RB,DEF,4
Tian Yong,CB,China PR,0.48,0.61,0.23,0.29,0.29,0.5,0.52,0.6,0.61,0.4,0.67,0.26,0.42,0.51,0.56,0.48,0.5,0.51,0.5,0.51,0.49,0.35,CB,DEF,4
Mark Zothanpuia,LB,India,0.48,0.52,0.38,0.46,0.47,0.42,0.59,0.52,0.52,0.53,0.56,0.45,0.53,0.62,0.58,0.51,0.42,0.4,0.39,0.44,0.47,0.46,LB,DEF,4
Sajad Parray,RB,India,0.47,0.55,0.24,0.34,0.39,0.46,0.65,0.53,0.56,0.52,0.54,0.34,0.44,0.7,0.57,0.57,0.48,0.45,0.46,0.49,0.37,0.24,RB,DEF,4
Wei Feng,RB,China PR,0.47,0.57,0.47,0.38,0.5,0.43,0.49,0.55,0.59,0.6,0.66,0.48,0.48,0.57,0.51,0.53,0.42,0.42,0.43,0.41,0.5,0.44,RB,DEF,4
