Name,Position,Nation,overall,pace,shooting,passing,dribbling,defending,physical,acceleration,sprint_speed,agility,balance,ball_control,reactions,strength,stamina,jumping,standing_tackle,sliding_tackle,def_awareness,interceptions,heading_accuracy,shot_power,primary_pos,pos_group,mid_cluster
Rodri,CDM,Spain,0.91,0.66,0.8,0.86,0.84,0.87,0.85,0.65,0.66,0.66,0.67,0.9,0.93,0.83,0.91,0.83,0.87,0.82,0.92,0.84,0.81,0.92,CDM,MID,5
Jude Bellingham,CAM,England,0.9,0.8,0.87,0.83,0.88,0.78,0.83,0.81,0.8,0.82,0.79,0.89,0.91,0.77,0.93,0.84,0.79,0.77,0.77,0.82,0.75,0.85,CAM,MID,5
Kevin De Bruyne,CM,Belgium,0.9,0.67,0.87,0.94,0.87,0.65,0.78,0.67,0.67,0.75,0.78,0.92,0.92,0.75,0.88,0.71,0.7,0.53,0.66,0.66,0.55,0.92,CM,MID,5
Martin Ødegaard,CM,Norway,0.89,0.7,0.82,0.89,0.89,0.67,0.66,0.72,0.69,0.85,0.83,0.91,0.91,0.56,0.88,0.66,0.72,0.57,0.68,0.69,0.55,0.82,CM,MID,5
Federico Valverde,CM,Uruguay,0.88,0.88,0.82,0.84,0.84,0.8,0.84,0.84,0.91,0.77,0.68,0.88,0.89,0.82,0.92,0.83,0.85,0.8,0.79,0.83,0.63,0.91,CM,MID,5
Bernardo Silva,CM,Portugal,0.88,0.75,0.78,0.86,0.92,0.71,0.69,0.83,0.69,0.95,0.92,0.92,0.89,0.54,0.93,0.68,0.76,0.68,0.7,0.73,0.54,0.79,CM,MID,5
Florian Wirtz,CAM,Germany,0.88,0.81,0.78,0.87,0.89,0.5,0.67,0.81,0.81,0.87,0.87,0.9,0.88,0.59,0.87,0.64,0.49,0.44,0.58,0.44,0.42,0.78,CAM,MID,1
Jamal Musiala,CAM,Germany,0.87,0.84,0.81,0.78,0.9,0.63,0.64,0.86,0.83,0.93,0.93,0.84,0.87,0.59,0.78,0.69,0.63,0.66,0.64,0.65,0.49,0.8,CAM,MID,5
Paulo Dybala,CAM,Argentina,0.87,0.8,0.85,0.84,0.89,0.41,0.65,0.84,0.76,0.88,0.9,0.91,0.84,0.67,0.74,0.77,0.42,0.39,0.32,0.42,0.65,0.84,CAM,MID,1
Declan Rice,CDM,England,0.87,0.73,0.72,0.82,0.79,0.84,0.85,0.71,0.75,0.55,0.65,0.84,0.85,0.81,0.92,0.82,0.86,0.85,0.85,0.86,0.72,0.84,CDM,MID,5
Frenkie de Jong,CM,Holland,0.87,0.82,0.69,0.86,0.87,0.77,0.78,0.8,0.83,0.87,0.79,0.89,0.88,0.74,0.89,0.82,0.76,0.77,0.76,0.82,0.72,0.68,CM,MID,5
Bruno Fernandes,CAM,Portugal,0.87,0.7,0.85,0.88,0.83,0.65,0.75,0.72,0.68,0.78,0.76,0.86,0.9,0.61,0.95,0.7,0.71,0.66,0.62,0.63,0.63,0.86,CAM,MID,5
İlkay Gündoğan,CM,Germany,0.87,0.62,0.83,0.85,0.87,0.74,0.73,0.65,0.6,0.77,0.77,0.91,0.86,0.73,0.75,0.67,0.78,0.67,0.77,0.78,0.5,0.81,CM,MID,5
Nicolò Barella,CM,Italy,0.87,0.81,0.78,0.83,0.86,0.8,0.82,0.85,0.78,0.91,0.92,0.88,0.9,0.74,0.93,0.79,0.83,0.81,0.8,0.84,0.6,0.8,CM,MID,5
Granit Xhaka,CDM,Switzerland,0.86,0.5,0.75,0.85,0.74,0.79,0.82,0.48,0.52,0.51,0.61,0.83,0.86,0.78,0.83,0.7,0.79,0.78,0.82,0.79,0.68,0.9,CDM,MID,5
Grimaldo,LM,Spain,0.86,0.74,0.73,0.88,0.85,0.76,0.71,0.77,0.71,0.84,0.86,0.86,0.86,0.63,0.9,0.73,0.78,0.74,0.76,0.79,0.62,0.84,LM,MID,5
Luka Modrić,CM,Croatia,0.86,0.72,0.76,0.88,0.87,0.71,0.64,0.75,0.69,0.92,0.92,0.9,0.85,0.58,0.76,0.67,0.73,0.72,0.7,0.79,0.55,0.79,CM,MID,5
Alexis Mac Allister,CM,Argentina,0.86,0.69,0.82,0.85,0.84,0.76,0.76,0.71,0.67,0.82,0.83,0.86,0.85,0.69,0.87,0.72,0.79,0.73,0.77,0.78,0.61,0.88,CM,MID,5
Pedri,CM,Spain,0.86,0.77,0.69,0.82,0.88,0.7,0.74,0.79,0.76,0.88,0.9,0.88,0.87,0.73,0.87,0.73,0.77,0.65,0.68,0.73,0.5,0.68,CM,MID,5
Hakan Çalhanoğlu,CDM,Turkey,0.86,0.71,0.8,0.87,0.85,0.79,0.76,0.74,0.68,0.83,0.8,0.88,0.86,0.72,0.81,0.76,0.81,0.78,0.8,0.82,0.65,0.86,CDM,MID,5
Julian Brandt,CAM,Germany,0.85,0.71,0.79,0.85,0.86,0.5,0.7,0.69,0.72,0.83,0.83,0.87,0.86,0.72,0.85,0.69,0.45,0.56,0.49,0.56,0.54,0.82,CAM,MID,5
Bruno Guimarães,CDM,Brazil,0.85,0.68,0.75,0.83,0.84,0.79,0.83,0.69,0.68,0.78,0.84,0.85,0.84,0.79,0.88,0.77,0.82,0.79,0.78,0.8,0.66,0.79,CDM,MID,5
N'Golo Kanté,CDM,France,0.85,0.76,0.65,0.73,0.8,0.85,0.78,0.79,0.74,0.78,0.93,0.81,0.87,0.72,0.82,0.73,0.9,0.86,0.88,0.88,0.54,0.71,CDM,MID,5
Vitinha,CM,Portugal,0.85,0.72,0.77,0.84,0.87,0.73,0.68,0.75,0.69,0.91,0.88,0.87,0.85,0.59,0.81,0.66,0.77,0.68,0.74,0.8,0.52,0.76,CM,MID,5
James Maddison,CAM,England,0.85,0.71,0.81,0.86,0.86,0.54,0.63,0.77,0.66,0.84,0.83,0.88,0.8,0.53,0.78,0.57,0.65,0.42,0.59,0.44,0.35,0.83,CAM,MID,1
Riyad Mahrez,RM,Algeria,0.85,0.79,0.81,0.81,0.88,0.39,0.62,0.83,0.76,0.91,0.9,0.9,0.82,0.58,0.79,0.71,0.34,0.22,0.45,0.39,0.56,0.82,RM,MID,1
Mikel Merino,CM,Spain,0.85,0.72,0.79,0.82,0.82,0.83,0.82,0.72,0.72,0.74,0.73,0.85,0.86,0.8,0.83,0.88,0.84,0.76,0.8,0.85,0.87,0.85,CM,MID,5
Sergej Milinković-Savić,CM,Serbia,0.85,0.64,0.8,0.81,0.82,0.78,0.88,0.62,0.66,0.62,0.63,0.87,0.83,0.9,0.92,0.88,0.77,0.79,0.77,0.78,0.86,0.83,CM,MID,5
Palhinha,CDM,Portugal,0.85,0.52,0.68,0.72,0.74,0.85,0.9,0.54,0.5,0.51,0.5,0.8,0.79,0.9,0.87,0.84,0.88,0.87,0.83,0.86,0.81,0.81,CDM,MID,5
Cole Palmer,RM,England,0.85,0.75,0.82,0.83,0.86,0.5,0.66,0.73,0.77,0.78,0.75,0.87,0.84,0.61,0.78,0.71,0.53,0.4,0.45,0.52,0.62,0.81,RM,MID,1
Leroy Sané,RM,Germany,0.85,0.9,0.83,0.8,0.86,0.37,0.7,0.89,0.91,0.87,0.82,0.85,0.83,0.67,0.78,0.72,0.32,0.35,0.36,0.34,0.64,0.87,RM,MID,1
Aurélien Tchouaméni,CDM,France,0.85,0.73,0.69,0.79,0.78,0.82,0.82,0.74,0.72,0.72,0.7,0.81,0.83,0.82,0.83,0.84,0.83,0.8,0.83,0.84,0.75,0.78,CDM,MID,5
Sandro Tonali,CDM,Italy,0.85,0.84,0.74,0.81,0.81,0.82,0.82,0.81,0.86,0.81,0.83,0.85,0.83,0.82,0.8,0.84,0.84,0.81,0.83,0.84,0.7,0.82,CDM,MID,5
Nico Williams,LM,Spain,0.85,0.93,0.75,0.78,0.86,0.36,0.65,0.94,0.93,0.92,0.84,0.85,0.8,0.6,0.81,0.78,0.28,0.25,0.36,0.4,0.65,0.78,LM,MID,1
Kingsley Coman,LM,France,0.84,0.89,0.75,0.79,0.87,0.3,0.62,0.92,0.87,0.91,0.84,0.87,0.84,0.66,0.68,0.79,0.27,0.21,0.29,0.23,0.61,0.82,LM,MID,1
Rúben Neves,CDM,Portugal,0.84,0.57,0.75,0.86,0.77,0.77,0.77,0.59,0.55,0.64,0.73,0.83,0.82,0.74,0.8,0.66,0.79,0.79,0.79,0.81,0.53,0.86,CDM,MID,5
Rodrigo De Paul,CM,Argentina,0.84,0.76,0.77,0.83,0.82,0.76,0.82,0.77,0.76,0.78,0.78,0.85,0.81,0.78,0.92,0.77,0.81,0.75,0.75,0.8,0.58,0.8,CM,MID,5
Jeremie Frimpong,RM,Holland,0.84,0.93,0.62,0.75,0.86,0.75,0.69,0.96,0.91,0.91,0.9,0.84,0.84,0.58,0.85,0.73,0.78,0.77,0.78,0.78,0.52,0.62,RM,MID,5
Aleix García,CM,Spain,0.84,0.67,0.77,0.85,0.84,0.76,0.68,0.68,0.66,0.76,0.85,0.87,0.82,0.65,0.78,0.65,0.81,0.76,0.79,0.77,0.51,0.78,CM,MID,5
Sadio Mané,LM,Senegal,0.84,0.83,0.81,0.78,0.86,0.44,0.75,0.82,0.83,0.86,0.9,0.86,0.85,0.72,0.79,0.86,0.42,0.38,0.42,0.35,0.78,0.85,LM,MID,1
Christopher Nkunku,CAM,France,0.84,0.81,0.81,0.81,0.86,0.6,0.67,0.82,0.81,0.88,0.9,0.86,0.81,0.67,0.75,0.77,0.6,0.5,0.62,0.6,0.65,0.8,CAM,MID,5
Dani Olmo,CAM,Spain,0.84,0.73,0.77,0.82,0.87,0.5,0.57,0.78,0.69,0.86,0.87,0.87,0.86,0.54,0.66,0.6,0.5,0.44,0.5,0.57,0.43,0.79,CAM,MID,1
Exequiel Palacios,CM,Argentina,0.84,0.69,0.76,0.79,0.82,0.82,0.73,0.71,0.68,0.78,0.79,0.83,0.84,0.67,0.78,0.73,0.86,0.8,0.8,0.86,0.67,0.81,CM,MID,5
Marcel Sabitzer,CM,Austria,0.84,0.76,0.84,0.81,0.82,0.75,0.79,0.78,0.74,0.78,0.78,0.84,0.86,0.76,0.85,0.72,0.78,0.7,0.76,0.81,0.6,0.88,CM,MID,5
Casemiro,CDM,Brazil,0.84,0.38,0.74,0.77,0.69,0.82,0.82,0.35,0.4,0.48,0.51,0.77,0.83,0.84,0.73,0.75,0.84,0.83,0.81,0.82,0.8,0.82,CDM,MID,0
Robert Andrich,CDM,Germany,0.83,0.54,0.77,0.76,0.73,0.83,0.83,0.59,0.5,0.63,0.59,0.76,0.83,0.84,0.77,0.8,0.86,0.79,0.85,0.84,0.74,0.84,CDM,MID,5
Ismaël Bennacer,CDM,Algeria,0.83,0.77,0.73,0.82,0.85,0.78,0.75,0.81,0.74,0.86,0.89,0.85,0.83,0.69,0.78,0.77,0.82,0.77,0.79,0.81,0.62,0.85,CDM,MID,5
Eduardo Camavinga,CM,France,0.83,0.8,0.67,0.81,0.84,0.78,0.8,0.81,0.8,0.82,0.81,0.86,0.82,0.79,0.84,0.82,0.82,0.81,0.76,0.82,0.64,0.73,CM,MID,5
Ángel Di María,RM,Argentina,0.83,0.76,0.8,0.85,0.88,0.48,0.66,0.78,0.74,0.88,0.74,0.9,0.77,0.61,0.69,0.69,0.55,0.52,0.41,0.42,0.53,0.82,RM,MID,1
Moussa Diaby,RM,France,0.83,0.95,0.75,0.74,0.86,0.43,0.53,0.95,0.95,0.92,0.93,0.83,0.8,0.34,0.82,0.57,0.35,0.46,0.48,0.48,0.41,0.74,RM,MID,1
Rafa,CAM,Portugal,0.83,0.93,0.77,0.77,0.86,0.5,0.54,0.94,0.93,0.9,0.88,0.85,0.84,0.4,0.84,0.62,0.47,0.39,0.52,0.58,0.49,0.77,CAM,MID,1
Leon Goretzka,CM,Germany,0.83,0.7,0.8,0.8,0.81,0.8,0.85,0.73,0.68,0.74,0.73,0.81,0.85,0.89,0.78,0.86,0.83,0.76,0.74,0.84,0.86,0.85,CM,MID,5
Teun Koopmeiners,CM,Holland,0.83,0.66,0.78,0.83,0.78,0.75,0.78,0.64,0.67,0.66,0.7,0.84,0.84,0.75,0.87,0.77,0.74,0.73,0.76,0.78,0.73,0.82,CM,MID,5
Mateo Kovačić,CM,Croatia,0.83,0.69,0.67,0.82,0.87,0.71,0.7,0.75,0.64,0.86,0.84,0.88,0.84,0.66,0.75,0.63,0.75,0.68,0.73,0.76,0.42,0.78,CM,MID,5
Konrad Laimer,CDM,Austria,0.83,0.8,0.69,0.77,0.77,0.82,0.78,0.82,0.79,0.76,0.77,0.78,0.84,0.71,0.81,0.8,0.81,0.79,0.86,0.87,0.67,0.74,CDM,MID,5
Marcos Llorente,RM,Spain,0.83,0.89,0.79,0.78,0.8,0.79,0.81,0.87,0.91,0.83,0.68,0.8,0.81,0.77,0.91,0.84,0.82,0.74,0.79,0.83,0.67,0.84,RM,MID,5
Manuel Locatelli,CDM,Italy,0.83,0.64,0.7,0.8,0.78,0.79,0.8,0.61,0.67,0.65,0.6,0.83,0.8,0.76,0.9,0.74,0.83,0.75,0.8,0.78,0.68,0.79,CDM,MID,5
Donyell Malen,RM,Holland,0.83,0.89,0.81,0.74,0.85,0.35,0.72,0.93,0.86,0.87,0.86,0.85,0.82,0.72,0.77,0.84,0.33,0.35,0.29,0.31,0.67,0.86,RM,MID,1
Henrikh Mkhitaryan,CM,Armenia,0.83,0.78,0.79,0.82,0.84,0.72,0.77,0.8,0.77,0.85,0.83,0.86,0.83,0.72,0.85,0.79,0.72,0.7,0.71,0.75,0.68,0.84,CM,MID,5
Gavi,CM,Spain,0.83,0.76,0.66,0.78,0.85,0.68,0.7,0.77,0.75,0.86,0.9,0.85,0.86,0.58,0.84,0.62,0.78,0.72,0.59,0.79,0.42,0.56,CM,MID,5
Parejo,CM,Spain,0.83,0.52,0.8,0.88,0.78,0.74,0.69,0.53,0.51,0.6,0.74,0.85,0.75,0.7,0.71,0.67,0.74,0.73,0.76,0.79,0.63,0.8,CM,MID,5
Lorenzo Pellegrini,CAM,Italy,0.83,0.79,0.78,0.83,0.83,0.74,0.78,0.79,0.79,0.79,0.82,0.87,0.85,0.74,0.87,0.83,0.77,0.73,0.73,0.72,0.74,0.79,CAM,MID,5
Koke,CDM,Spain,0.83,0.69,0.72,0.84,0.79,0.77,0.78,0.7,0.68,0.7,0.81,0.83,0.82,0.75,0.85,0.74,0.81,0.7,0.78,0.82,0.61,0.82,CDM,MID,5
Guido Rodríguez,CDM,Argentina,0.83,0.51,0.58,0.72,0.7,0.85,0.8,0.55,0.47,0.47,0.45,0.76,0.8,0.8,0.76,0.77,0.88,0.85,0.86,0.86,0.74,0.8,CDM,MID,0
Xavi Simons,CAM,Holland,0.83,0.81,0.77,0.8,0.86,0.61,0.71,0.86,0.77,0.9,0.87,0.86,0.84,0.63,0.83,0.69,0.62,0.56,0.6,0.65,0.6,0.78,CAM,MID,5
Douglas Luiz,CM,Brazil,0.83,0.66,0.78,0.85,0.8,0.75,0.76,0.69,0.64,0.74,0.75,0.85,0.79,0.74,0.8,0.74,0.79,0.72,0.76,0.77,0.62,0.79,CM,MID,5
Dušan Tadić,LM,Serbia,0.83,0.64,0.79,0.85,0.81,0.43,0.78,0.65,0.63,0.72,0.82,0.84,0.82,0.8,0.84,0.76,0.34,0.26,0.51,0.41,0.66,0.77,LM,MID,1
Lucas Torreira,CDM,Uruguay,0.83,0.76,0.69,0.78,0.81,0.81,0.81,0.8,0.73,0.87,0.9,0.81,0.84,0.73,0.92,0.76,0.82,0.81,0.85,0.83,0.59,0.8,CDM,MID,5
Viktor Tsygankov,RM,Ukraine,0.83,0.85,0.8,0.81,0.82,0.46,0.62,0.85,0.85,0.83,0.72,0.83,0.8,0.53,0.77,0.64,0.39,0.37,0.6,0.39,0.45,0.78,RM,MID,1
Isco,CAM,Spain,0.82,0.66,0.74,0.82,0.83,0.59,0.59,0.68,0.65,0.79,0.84,0.85,0.78,0.55,0.67,0.63,0.62,0.51,0.58,0.61,0.55,0.72,CAM,MID,5
Joelinton,CM,Brazil,0.82,0.76,0.72,0.76,0.82,0.81,0.89,0.7,0.81,0.68,0.66,0.85,0.85,0.9,0.88,0.9,0.83,0.76,0.79,0.84,0.82,0.84,CM,MID,5
Pepê,CAM,Brazil,0.82,0.87,0.74,0.75,0.85,0.62,0.62,0.86,0.87,0.91,0.8,0.86,0.82,0.52,0.89,0.62,0.57,0.48,0.7,0.74,0.42,0.68,CAM,MID,1
Leon Bailey,RM,Jamaica,0.82,0.9,0.78,0.77,0.86,0.38,0.62,0.93,0.87,0.91,0.88,0.85,0.8,0.61,0.68,0.76,0.34,0.29,0.45,0.28,0.57,0.79,RM,MID,1
Jarrod Bowen,RM,England,0.82,0.77,0.81,0.76,0.81,0.46,0.7,0.79,0.76,0.79,0.81,0.82,0.83,0.66,0.83,0.85,0.41,0.37,0.49,0.37,0.82,0.8,RM,MID,1
Marcelo Brozović,CDM,Croatia,0.82,0.66,0.74,0.79,0.8,0.8,0.8,0.68,0.65,0.79,0.84,0.82,0.75,0.71,0.93,0.75,0.84,0.82,0.77,0.81,0.7,0.8,CDM,MID,5
Moisés Caicedo,CDM,Ecuador,0.82,0.75,0.63,0.75,0.78,0.79,0.78,0.77,0.73,0.76,0.79,0.82,0.8,0.72,0.84,0.76,0.82,0.8,0.8,0.82,0.6,0.71,CDM,MID,5
Emre Can,CDM,Germany,0.82,0.77,0.78,0.74,0.76,0.82,0.86,0.67,0.86,0.69,0.74,0.78,0.79,0.86,0.8,0.88,0.85,0.85,0.79,0.8,0.82,0.85,CDM,MID,5
Lucas Paquetá,LM,Brazil,0.82,0.72,0.77,0.79,0.85,0.69,0.79,0.71,0.73,0.75,0.76,0.86,0.81,0.77,0.82,0.78,0.72,0.63,0.67,0.71,0.68,0.77,LM,MID,5
Otávio,CAM,Portugal,0.82,0.78,0.71,0.81,0.85,0.67,0.74,0.81,0.76,0.85,0.83,0.85,0.84,0.62,0.86,0.75,0.73,0.6,0.66,0.63,0.65,0.73,CAM,MID,5
Sergi Darder,CM,Spain,0.82,0.79,0.78,0.82,0.83,0.74,0.77,0.78,0.79,0.84,0.75,0.82,0.8,0.75,0.84,0.78,0.76,0.75,0.75,0.76,0.6,0.83,CM,MID,5
Brahim,CAM,Morocco,0.82,0.85,0.74,0.78,0.85,0.31,0.56,0.85,0.85,0.89,0.91,0.85,0.79,0.55,0.68,0.6,0.23,0.21,0.4,0.33,0.3,0.73,CAM,MID,1
Enzo Fernández,CM,Argentina,0.82,0.69,0.73,0.82,0.8,0.73,0.77,0.7,0.68,0.75,0.77,0.84,0.8,0.73,0.82,0.74,0.75,0.73,0.73,0.75,0.62,0.82,CM,MID,5
Jorginho,CDM,Italy,0.82,0.46,0.67,0.83,0.8,0.73,0.71,0.54,0.39,0.67,0.72,0.86,0.82,0.66,0.79,0.63,0.78,0.7,0.71,0.79,0.56,0.71,CDM,MID,5
Serge Gnabry,RM,Germany,0.82,0.8,0.83,0.78,0.84,0.43,0.66,0.84,0.77,0.85,0.88,0.82,0.82,0.69,0.66,0.68,0.44,0.43,0.45,0.38,0.42,0.86,RM,MID,1
Fabinho,CDM,Brazil,0.82,0.58,0.69,0.78,0.77,0.8,0.82,0.51,0.64,0.61,0.62,0.81,0.78,0.8,0.85,0.75,0.81,0.8,0.8,0.81,0.72,0.81,CDM,MID,5
Yangel Herrera,CDM,Venezuela,0.82,0.64,0.77,0.76,0.78,0.8,0.81,0.66,0.63,0.68,0.69,0.81,0.8,0.81,0.8,0.83,0.81,0.78,0.81,0.8,0.77,0.82,CDM,MID,5
Jonas Hofmann,CAM,Germany,0.82,0.73,0.79,0.81,0.81,0.64,0.72,0.74,0.72,0.79,0.78,0.83,0.84,0.66,0.87,0.66,0.57,0.57,0.7,0.75,0.48,0.74,CAM,MID,5
Boubacar Kamara,CDM,France,0.82,0.66,0.54,0.74,0.75,0.83,0.8,0.64,0.68,0.66,0.65,0.8,0.75,0.8,0.81,0.79,0.85,0.8,0.83,0.85,0.72,0.67,CDM,MID,5
Franck Yannick Kessié,CDM,Côte d'Ivoire,0.82,0.79,0.77,0.74,0.79,0.8,0.88,0.77,0.8,0.7,0.77,0.82,0.78,0.88,0.93,0.85,0.82,0.78,0.82,0.81,0.68,0.84,CDM,MID,5
Filip Kostić,LM,Serbia,0.82,0.85,0.76,0.81,0.81,0.7,0.8,0.84,0.85,0.76,0.79,0.81,0.8,0.77,0.88,0.8,0.74,0.72,0.69,0.69,0.59,0.86,LM,MID,5
Mohammed Kudus,RM,Ghana,0.82,0.9,0.77,0.73,0.86,0.6,0.75,0.92,0.88,0.86,0.92,0.84,0.79,0.76,0.79,0.74,0.66,0.46,0.6,0.59,0.55,0.81,RM,MID,1
Dejan Kulusevski,RM,Sweden,0.82,0.75,0.77,0.8,0.83,0.57,0.8,0.76,0.74,0.75,0.69,0.84,0.81,0.8,0.9,0.75,0.64,0.55,0.55,0.54,0.52,0.76,RM,MID,5
Stanislav Lobotka,CM,Slovakia,0.82,0.72,0.69,0.8,0.81,0.75,0.75,0.76,0.68,0.75,0.86,0.84,0.8,0.68,0.89,0.67,0.8,0.76,0.77,0.78,0.45,0.69,CM,MID,5
John McGinn,CM,Scotland,0.82,0.68,0.77,0.8,0.82,0.78,0.85,0.72,0.64,0.77,0.85,0.83,0.81,0.82,0.92,0.77,0.82,0.78,0.79,0.81,0.57,0.84,CM,MID,5
Thomas Müller,CAM,Germany,0.82,0.57,0.82,0.83,0.79,0.55,0.68,0.54,0.6,0.67,0.69,0.82,0.91,0.66,0.77,0.73,0.57,0.46,0.47,0.58,0.79,0.78,CAM,MID,5
Michael Olise,RM,France,0.82,0.8,0.77,0.82,0.84,0.53,0.56,0.82,0.79,0.91,0.86,0.83,0.77,0.46,0.68,0.56,0.58,0.53,0.52,0.55,0.36,0.76,RM,MID,1
Thomas Partey,CDM,Ghana,0.82,0.62,0.71,0.8,0.77,0.79,0.82,0.55,0.68,0.63,0.5,0.81,0.79,0.84,0.76,0.75,0.83,0.78,0.79,0.81,0.68,0.85,CDM,MID,5
Tijjani Reijnders,CM,Holland,0.82,0.8,0.76,0.8,0.84,0.73,0.74,0.83,0.77,0.82,0.84,0.84,0.8,0.65,0.92,0.76,0.77,0.71,0.71,0.75,0.61,0.85,CM,MID,5
Fabián Ruiz,CM,Spain,0.82,0.54,0.76,0.8,0.8,0.75,0.72,0.58,0.5,0.66,0.67,0.84,0.82,0.67,0.84,0.69,0.78,0.75,0.71,0.78,0.68,0.77,CM,MID,5
Sancet,CAM,Spain,0.82,0.73,0.77,0.8,0.84,0.7,0.82,0.72,0.74,0.85,0.77,0.83,0.84,0.8,0.86,0.86,0.74,0.6,0.64,0.74,0.8,0.82,CAM,MID,5
Jadon Sancho,LM,England,0.82,0.79,0.69,0.78,0.89,0.32,0.5,0.83,0.76,0.9,0.9,0.87,0.81,0.47,0.75,0.57,0.3,0.25,0.34,0.31,0.38,0.6,LM,MID,1
Malcom,CAM,Brazil,0.82,0.84,0.79,0.79,0.84,0.43,0.72,0.86,0.82,0.86,0.92,0.84,0.79,0.7,0.88,0.8,0.45,0.27,0.51,0.26,0.67,0.83,CAM,MID,1
Anderson Talisca,RM,Brazil,0.82,0.79,0.84,0.78,0.83,0.53,0.75,0.83,0.76,0.86,0.58,0.86,0.82,0.75,0.74,0.81,0.55,0.42,0.45,0.52,0.79,0.87,RM,MID,5
Iñaki Williams,RM,Ghana,0.82,0.94,0.81,0.72,0.8,0.45,0.84,0.93,0.94,0.77,0.62,0.8,0.83,0.84,0.88,0.95,0.48,0.38,0.42,0.3,0.8,0.85,RM,MID,1
Luciano Acosta,CAM,Argentina,0.81,0.79,0.73,0.76,0.85,0.46,0.56,0.87,0.73,0.88,0.92,0.84,0.81,0.4,0.77,0.61,0.49,0.32,0.47,0.45,0.53,0.71,CAM,MID,1
Edson Álvarez,CDM,Mexico,0.81,0.66,0.58,0.69,0.72,0.83,0.87,0.66,0.66,0.6,0.68,0.76,0.77,0.86,0.9,0.81,0.83,0.79,0.83,0.83,0.82,0.74,CDM,MID,5
Rodrigo Bentancur,CM,Uruguay,0.81,0.67,0.68,0.8,0.82,0.79,0.76,0.68,0.66,0.68,0.76,0.85,0.79,0.72,0.81,0.74,0.82,0.78,0.79,0.81,0.65,0.71,CM,MID,5
Álex Berenguer,LM,Spain,0.81,0.85,0.75,0.75,0.83,0.64,0.68,0.86,0.84,0.87,0.88,0.81,0.79,0.59,0.8,0.73,0.65,0.61,0.65,0.65,0.58,0.76,LM,MID,5
Sergio Busquets,CDM,Spain,0.81,0.37,0.61,0.77,0.78,0.78,0.73,0.35,0.38,0.64,0.5,0.82,0.78,0.72,0.75,0.64,0.8,0.75,0.8,0.8,0.68,0.61,CDM,MID,0
Bryan Cristante,CM,Italy,0.81,0.55,0.74,0.78,0.75,0.78,0.84,0.53,0.56,0.62,0.54,0.8,0.8,0.83,0.93,0.8,0.78,0.74,0.8,0.76,0.76,0.83,CM,MID,5
Ricardo Horta,CAM,Portugal,0.81,0.8,0.8,0.8,0.81,0.43,0.7,0.82,0.78,0.83,0.85,0.8,0.82,0.63,0.83,0.72,0.44,0.35,0.32,0.55,0.55,0.78,CAM,MID,1
Fred,CDM,Brazil,0.81,0.75,0.71,0.79,0.82,0.75,0.78,0.8,0.71,0.89,0.88,0.82,0.85,0.68,0.94,0.73,0.8,0.72,0.74,0.82,0.56,0.79,CDM,MID,5
Eberechi Eze,CAM,England,0.81,0.78,0.81,0.78,0.84,0.49,0.69,0.79,0.77,0.84,0.84,0.82,0.79,0.7,0.76,0.7,0.58,0.42,0.4,0.52,0.49,0.79,CAM,MID,1
Youssouf Fofana,CDM,France,0.81,0.69,0.68,0.74,0.77,0.78,0.8,0.67,0.7,0.7,0.75,0.79,0.79,0.77,0.9,0.75,0.81,0.76,0.78,0.81,0.63,0.76,CDM,MID,5
Davide Frattesi,CM,Italy,0.81,0.8,0.74,0.78,0.81,0.71,0.71,0.8,0.8,0.77,0.76,0.85,0.8,0.63,0.81,0.77,0.73,0.7,0.7,0.71,0.7,0.76,CM,MID,5
Remo Freuler,CDM,Switzerland,0.81,0.6,0.72,0.76,0.77,0.77,0.74,0.63,0.58,0.67,0.65,0.83,0.82,0.67,0.91,0.62,0.81,0.76,0.8,0.79,0.48,0.75,CDM,MID,5
Conor Gallagher,CM,England,0.81,0.73,0.75,0.78,0.78,0.77,0.81,0.7,0.76,0.71,0.72,0.81,0.8,0.73,0.94,0.71,0.82,0.78,0.77,0.81,0.55,0.81,CM,MID,5
Alexandr Golovin,LM,Russia,0.81,0.77,0.77,0.8,0.83,0.61,0.68,0.76,0.77,0.86,0.77,0.83,0.81,0.56,0.86,0.63,0.72,0.66,0.45,0.71,0.46,0.78,LM,MID,5
Pascal Groß,CDM,Germany,0.81,0.5,0.77,0.85,0.8,0.73,0.74,0.51,0.5,0.67,0.66,0.85,0.85,0.68,0.85,0.61,0.77,0.72,0.75,0.73,0.53,0.8,CDM,MID,5
Daichi Kamada,CAM,Japan,0.81,0.79,0.73,0.8,0.83,0.54,0.63,0.81,0.78,0.81,0.82,0.83,0.8,0.57,0.82,0.68,0.57,0.54,0.53,0.52,0.53,0.65,CAM,MID,1
Orkun Kökçü,CM,Turkey,0.81,0.72,0.76,0.83,0.8,0.68,0.79,0.75,0.69,0.78,0.8,0.85,0.74,0.73,0.88,0.66,0.71,0.69,0.7,0.74,0.41,0.78,CM,MID,5
Ruben Loftus-Cheek,CM,England,0.81,0.81,0.76,0.79,0.82,0.77,0.83,0.78,0.84,0.75,0.68,0.84,0.81,0.87,0.79,0.94,0.78,0.7,0.75,0.77,0.85,0.82,CM,MID,5
Brais Méndez,CM,Spain,0.81,0.71,0.8,0.82,0.81,0.65,0.73,0.72,0.7,0.76,0.56,0.84,0.82,0.73,0.71,0.8,0.69,0.61,0.63,0.62,0.71,0.77,CM,MID,5
Kaoru Mitoma,LM,Japan,0.81,0.84,0.73,0.75,0.85,0.57,0.65,0.89,0.79,0.89,0.79,0.84,0.77,0.62,0.75,0.73,0.59,0.54,0.56,0.57,0.52,0.69,LM,MID,1
Riccardo Orsolini,RM,Italy,0.81,0.79,0.8,0.78,0.83,0.49,0.67,0.81,0.78,0.83,0.76,0.83,0.76,0.72,0.74,0.78,0.48,0.38,0.54,0.4,0.61,0.83,RM,MID,1
Isi Palazón,RM,Spain,0.81,0.84,0.78,0.79,0.81,0.39,0.64,0.87,0.82,0.86,0.81,0.81,0.76,0.64,0.72,0.65,0.41,0.37,0.39,0.41,0.35,0.75,RM,MID,1
Marcus Rashford,LM,England,0.81,0.89,0.83,0.76,0.82,0.33,0.64,0.87,0.91,0.79,0.69,0.82,0.79,0.65,0.68,0.82,0.29,0.24,0.3,0.27,0.71,0.93,LM,MID,1
Xaver Schlager,CDM,Austria,0.81,0.72,0.7,0.74,0.78,0.75,0.79,0.74,0.7,0.75,0.78,0.78,0.81,0.76,0.82,0.68,0.78,0.73,0.77,0.83,0.44,0.78,CDM,MID,5
Jerdy Schouten,CDM,Holland,0.81,0.65,0.59,0.72,0.76,0.8,0.72,0.66,0.64,0.66,0.75,0.79,0.8,0.7,0.77,0.72,0.8,0.77,0.82,0.84,0.66,0.65,CDM,MID,5
Ellyes Skhiri,CDM,Tunisia,0.81,0.6,0.73,0.74,0.75,0.8,0.76,0.65,0.55,0.74,0.64,0.75,0.83,0.68,0.9,0.75,0.79,0.73,0.82,0.86,0.75,0.75,CDM,MID,5
Raheem Sterling,LM,England,0.81,0.85,0.78,0.75,0.85,0.42,0.65,0.88,0.83,0.93,0.92,0.81,0.82,0.65,0.76,0.71,0.48,0.4,0.38,0.38,0.48,0.78,LM,MID,1
Dominik Szoboszlai,CAM,Hungary,0.81,0.82,0.8,0.84,0.8,0.59,0.7,0.76,0.87,0.78,0.68,0.81,0.8,0.67,0.82,0.74,0.61,0.54,0.58,0.57,0.6,0.89,CAM,MID,5
Youri Tielemans,CM,Belgium,0.81,0.44,0.79,0.83,0.79,0.69,0.7,0.52,0.38,0.62,0.75,0.84,0.8,0.72,0.72,0.68,0.68,0.67,0.72,0.68,0.65,0.85,CM,MID,5
Manuel Ugarte,CDM,Uruguay,0.81,0.69,0.65,0.73,0.77,0.78,0.8,0.7,0.69,0.69,0.72,0.77,0.78,0.77,0.83,0.73,0.82,0.78,0.79,0.83,0.55,0.67,CDM,MID,5
Joey Veerman,CM,Holland,0.81,0.55,0.72,0.85,0.77,0.66,0.72,0.68,0.45,0.72,0.7,0.8,0.75,0.68,0.84,0.61,0.68,0.59,0.7,0.67,0.55,0.76,CM,MID,5
Wilfried Zaha,LM,Côte d'Ivoire,0.81,0.86,0.78,0.73,0.85,0.37,0.75,0.85,0.86,0.86,0.72,0.86,0.76,0.74,0.74,0.74,0.39,0.36,0.34,0.35,0.47,0.83,LM,MID,1
Piotr Zieliński,CM,Poland,0.81,0.78,0.76,0.8,0.83,0.71,0.62,0.78,0.78,0.82,0.79,0.85,0.8,0.57,0.77,0.66,0.76,0.74,0.69,0.74,0.52,0.79,CM,MID,5
Zubimendi,CDM,Spain,0.81,0.64,0.67,0.75,0.77,0.78,0.71,0.66,0.63,0.72,0.75,0.8,0.84,0.68,0.79,0.71,0.81,0.79,0.77,0.83,0.65,0.61,CDM,MID,5
Salem Al Dawsari,LM,Saudi Arabia,0.8,0.85,0.75,0.72,0.84,0.52,0.8,0.84,0.85,0.84,0.88,0.82,0.81,0.77,0.88,0.7,0.44,0.51,0.62,0.5,0.51,0.74,LM,MID,1
Ali Al Musrati,CDM,Libya,0.8,0.62,0.66,0.71,0.71,0.78,0.84,0.59,0.64,0.56,0.45,0.78,0.76,0.87,0.82,0.74,0.78,0.77,0.8,0.8,0.72,0.79,CDM,MID,5
Benjamin André,CDM,France,0.8,0.61,0.64,0.73,0.75,0.78,0.83,0.59,0.62,0.7,0.72,0.77,0.79,0.79,0.91,0.82,0.8,0.76,0.75,0.79,0.8,0.69,CDM,MID,5
Maximilian Arnold,CDM,Germany,0.8,0.63,0.79,0.79,0.77,0.76,0.76,0.63,0.63,0.69,0.64,0.81,0.82,0.74,0.81,0.7,0.78,0.74,0.78,0.78,0.58,0.88,CDM,MID,5
Roberto Firmino,CAM,Brazil,0.8,0.67,0.75,0.79,0.85,0.58,0.76,0.69,0.66,0.81,0.84,0.86,0.8,0.73,0.81,0.82,0.64,0.42,0.52,0.58,0.78,0.77,CAM,MID,5
Christoph Baumgartner,CAM,Austria,0.8,0.77,0.74,0.74,0.82,0.47,0.6,0.84,0.71,0.82,0.79,0.81,0.78,0.49,0.74,0.73,0.56,0.51,0.34,0.38,0.71,0.75,CAM,MID,1
Yves Bissouma,CDM,Mali,0.8,0.71,0.67,0.75,0.81,0.78,0.77,0.7,0.72,0.74,0.77,0.83,0.77,0.76,0.78,0.76,0.81,0.76,0.77,0.81,0.65,0.79,CDM,MID,5
Yan Couto,RM,Brazil,0.8,0.85,0.61,0.76,0.81,0.72,0.64,0.86,0.84,0.85,0.83,0.8,0.73,0.55,0.8,0.69,0.76,0.74,0.73,0.73,0.51,0.65,RM,MID,5
Éderson,CM,Brazil,0.8,0.72,0.68,0.75,0.79,0.77,0.8,0.75,0.7,0.67,0.69,0.83,0.8,0.75,0.9,0.77,0.81,0.76,0.78,0.78,0.64,0.74,CM,MID,5
Wataru Endo,CDM,Japan,0.8,0.6,0.68,0.71,0.78,0.79,0.76,0.7,0.52,0.72,0.81,0.8,0.78,0.67,0.87,0.79,0.8,0.75,0.8,0.78,0.79,0.76,CDM,MID,5
Suso,RM,Spain,0.8,0.72,0.76,0.8,0.83,0.32,0.51,0.73,0.71,0.79,0.82,0.85,0.76,0.5,0.62,0.6,0.23,0.18,0.48,0.2,0.5,0.77,RM,MID,1
Seko Fofana,CM,Côte d'Ivoire,0.8,0.71,0.77,0.76,0.78,0.73,0.86,0.71,0.71,0.69,0.62,0.79,0.8,0.88,0.89,0.79,0.8,0.71,0.68,0.79,0.58,0.83,CM,MID,5
Pepelu,CM,Spain,0.8,0.68,0.7,0.8,0.77,0.75,0.78,0.68,0.68,0.69,0.68,0.8,0.77,0.75,0.89,0.72,0.78,0.74,0.76,0.77,0.59,0.74,CM,MID,5
Nuno Santos,LM,Portugal,0.8,0.83,0.81,0.76,0.8,0.7,0.76,0.85,0.82,0.81,0.72,0.8,0.79,0.7,0.84,0.77,0.71,0.64,0.73,0.7,0.59,0.86,LM,MID,5
Mario Götze,CAM,Germany,0.8,0.55,0.74,0.83,0.83,0.55,0.69,0.68,0.44,0.78,0.83,0.87,0.81,0.67,0.84,0.63,0.42,0.53,0.64,0.65,0.47,0.75,CAM,MID,5
Vincenzo Grifo,LM,Italy,0.8,0.69,0.77,0.82,0.81,0.43,0.64,0.74,0.65,0.79,0.77,0.82,0.82,0.65,0.7,0.65,0.41,0.3,0.48,0.45,0.47,0.85,LM,MID,1
Mattéo Guendouzi,CM,France,0.8,0.72,0.71,0.78,0.79,0.75,0.81,0.69,0.74,0.83,0.71,0.81,0.79,0.75,0.89,0.76,0.77,0.72,0.72,0.79,0.69,0.75,CM,MID,5
Amadou Haidara,CM,Mali,0.8,0.66,0.72,0.79,0.81,0.72,0.69,0.75,0.58,0.78,0.78,0.82,0.79,0.65,0.77,0.68,0.73,0.69,0.74,0.81,0.51,0.77,CM,MID,5
Jordan Henderson,CDM,England,0.8,0.64,0.72,0.81,0.76,0.75,0.78,0.63,0.65,0.64,0.65,0.8,0.81,0.75,0.82,0.73,0.77,0.75,0.76,0.77,0.64,0.77,CDM,MID,5
Morten Hjulmand,CDM,Denmark,0.8,0.65,0.66,0.76,0.74,0.75,0.83,0.65,0.65,0.6,0.74,0.79,0.79,0.82,0.87,0.76,0.77,0.7,0.75,0.82,0.6,0.79,CDM,MID,5
Pierre-Emile Højbjerg,CDM,Denmark,0.8,0.5,0.73,0.76,0.74,0.77,0.8,0.52,0.49,0.59,0.62,0.79,0.79,0.78,0.79,0.71,0.8,0.73,0.77,0.81,0.65,0.85,CDM,MID,5
Thomas Lemar,CM,France,0.8,0.81,0.77,0.81,0.83,0.67,0.64,0.85,0.77,0.9,0.87,0.82,0.78,0.57,0.77,0.7,0.76,0.69,0.55,0.75,0.54,0.79,CM,MID,5
Giovani Lo Celso,CAM,Argentina,0.8,0.69,0.74,0.81,0.83,0.68,0.71,0.7,0.68,0.8,0.8,0.84,0.8,0.69,0.67,0.71,0.73,0.68,0.64,0.7,0.62,0.8,CAM,MID,5
Iván Martín,CAM,Spain,0.8,0.75,0.75,0.79,0.81,0.68,0.63,0.76,0.74,0.81,0.72,0.81,0.78,0.6,0.74,0.65,0.74,0.65,0.66,0.76,0.47,0.73,CAM,MID,5
Nemanja Matić,CDM,Serbia,0.8,0.35,0.67,0.76,0.76,0.78,0.78,0.34,0.36,0.47,0.49,0.84,0.81,0.82,0.74,0.69,0.78,0.71,0.82,0.77,0.7,0.84,CDM,MID,0
Dries Mertens,CAM,Belgium,0.8,0.68,0.78,0.81,0.81,0.43,0.5,0.72,0.64,0.73,0.9,0.84,0.84,0.33,0.72,0.47,0.41,0.42,0.5,0.36,0.4,0.75,CAM,MID,1
João Mário,LM,Portugal,0.8,0.68,0.76,0.8,0.82,0.64,0.68,0.68,0.68,0.77,0.72,0.85,0.81,0.65,0.78,0.67,0.65,0.62,0.64,0.67,0.55,0.78,LM,MID,5
David Neres,LM,Brazil,0.8,0.86,0.75,0.75,0.86,0.43,0.64,0.87,0.85,0.88,0.87,0.85,0.78,0.64,0.73,0.7,0.41,0.34,0.47,0.44,0.45,0.79,LM,MID,1
Mario Pašalić,CM,Croatia,0.8,0.69,0.78,0.77,0.81,0.67,0.77,0.68,0.69,0.72,0.53,0.87,0.74,0.75,0.83,0.75,0.72,0.64,0.61,0.72,0.65,0.78,CM,MID,5
Ivan Rakitić,CM,Croatia,0.8,0.48,0.79,0.83,0.77,0.74,0.7,0.51,0.45,0.67,0.57,0.81,0.77,0.72,0.71,0.66,0.76,0.74,0.76,0.76,0.59,0.85,CM,MID,5
Ruiz de Galarreta,CDM,Spain,0.8,0.72,0.65,0.77,0.79,0.77,0.76,0.77,0.68,0.85,0.85,0.8,0.79,0.7,0.84,0.71,0.8,0.8,0.8,0.78,0.51,0.73,CDM,MID,5
Allan Saint-Maximin,LM,France,0.8,0.89,0.72,0.73,0.87,0.29,0.68,0.89,0.89,0.93,0.9,0.82,0.76,0.72,0.77,0.77,0.25,0.23,0.3,0.23,0.53,0.82,LM,MID,1
Téji Savanier,CAM,France,0.8,0.6,0.76,0.84,0.82,0.68,0.68,0.66,0.55,0.85,0.9,0.82,0.78,0.62,0.72,0.61,0.71,0.67,0.67,0.77,0.47,0.78,CAM,MID,5
William Carvalho,CDM,Portugal,0.8,0.37,0.68,0.78,0.76,0.76,0.84,0.35,0.38,0.45,0.42,0.81,0.75,0.9,0.81,0.72,0.74,0.7,0.78,0.8,0.7,0.75,CDM,MID,0
Sebastian Szymański,CAM,Poland,0.8,0.81,0.77,0.79,0.79,0.51,0.67,0.84,0.78,0.86,0.8,0.79,0.79,0.61,0.82,0.73,0.51,0.47,0.56,0.4,0.58,0.78,CAM,MID,1
Hans Vanaken,CAM,Belgium,0.8,0.45,0.79,0.83,0.77,0.6,0.76,0.36,0.53,0.58,0.39,0.84,0.82,0.76,0.9,0.75,0.55,0.5,0.58,0.61,0.84,0.76,CAM,MID,0
Jordan Veretout,CM,France,0.8,0.75,0.75,0.78,0.79,0.75,0.8,0.74,0.76,0.75,0.82,0.81,0.8,0.78,0.83,0.77,0.81,0.77,0.74,0.76,0.59,0.83,CM,MID,5
Timo Werner,LM,Germany,0.8,0.91,0.79,0.69,0.8,0.35,0.69,0.93,0.89,0.78,0.76,0.78,0.79,0.64,0.81,0.85,0.2,0.24,0.39,0.37,0.75,0.85,LM,MID,1
Mats Wieffer,CDM,Holland,0.8,0.7,0.66,0.74,0.75,0.76,0.83,0.67,0.73,0.67,0.65,0.8,0.76,0.81,0.86,0.84,0.78,0.72,0.73,0.81,0.76,0.75,CDM,MID,5
Barış Alper Yılmaz,RM,Turkey,0.8,0.91,0.75,0.71,0.82,0.67,0.84,0.89,0.93,0.84,0.84,0.83,0.78,0.84,0.86,0.88,0.67,0.63,0.69,0.65,0.69,0.85,RM,MID,5
Warren Zaïre-Emery,CM,France,0.8,0.79,0.68,0.77,0.8,0.75,0.78,0.8,0.78,0.74,0.84,0.82,0.79,0.75,0.84,0.8,0.8,0.73,0.71,0.78,0.66,0.76,CM,MID,5
André-Franck Zambo Anguissa,CDM,Cameroon,0.8,0.75,0.67,0.71,0.76,0.77,0.88,0.75,0.75,0.75,0.76,0.76,0.84,0.87,0.92,0.84,0.78,0.75,0.79,0.79,0.69,0.74,CDM,MID,5
Lucas Zelarayán,CAM,Armenia,0.8,0.71,0.77,0.79,0.83,0.46,0.67,0.72,0.71,0.88,0.84,0.84,0.78,0.64,0.82,0.67,0.43,0.35,0.5,0.44,0.54,0.79,CAM,MID,1
Hakim Ziyech,RM,Morocco,0.8,0.74,0.77,0.82,0.8,0.5,0.66,0.76,0.73,0.82,0.78,0.81,0.76,0.63,0.67,0.61,0.57,0.41,0.44,0.51,0.52,0.83,RM,MID,1
Karim Adeyemi,LM,Germany,0.79,0.96,0.73,0.71,0.81,0.34,0.7,0.96,0.96,0.86,0.82,0.79,0.77,0.67,0.8,0.9,0.34,0.35,0.25,0.31,0.7,0.76,LM,MID,1
Álex Baena,LM,Spain,0.79,0.74,0.75,0.8,0.78,0.65,0.67,0.75,0.74,0.76,0.69,0.8,0.78,0.6,0.76,0.69,0.66,0.64,0.67,0.66,0.58,0.76,LM,MID,5
Éver Banega,CM,Argentina,0.79,0.52,0.73,0.81,0.78,0.73,0.73,0.53,0.52,0.69,0.83,0.8,0.76,0.71,0.73,0.58,0.76,0.72,0.75,0.74,0.55,0.77,CM,MID,5
Giacomo Bonaventura,CAM,Italy,0.79,0.65,0.78,0.8,0.8,0.7,0.64,0.65,0.65,0.74,0.8,0.83,0.79,0.57,0.72,0.68,0.71,0.68,0.7,0.69,0.7,0.84,CAM,MID,5
Dani Ceballos,CM,Spain,0.79,0.63,0.7,0.79,0.82,0.7,0.67,0.69,0.58,0.77,0.78,0.84,0.77,0.6,0.76,0.58,0.71,0.69,0.74,0.78,0.41,0.76,CM,MID,5
Jordy Clasie,CDM,Holland,0.79,0.57,0.64,0.79,0.75,0.72,0.69,0.51,0.61,0.71,0.86,0.76,0.77,0.65,0.73,0.52,0.75,0.73,0.77,0.78,0.34,0.78,CDM,MID,5
Charles De Ketelaere,CAM,Belgium,0.79,0.69,0.77,0.78,0.81,0.55,0.7,0.7,0.69,0.78,0.66,0.84,0.76,0.68,0.83,0.77,0.58,0.54,0.45,0.58,0.75,0.8,CAM,MID,5
Marten de Roon,CM,Holland,0.79,0.64,0.71,0.75,0.75,0.82,0.83,0.58,0.68,0.59,0.72,0.78,0.78,0.79,0.91,0.78,0.84,0.79,0.82,0.84,0.75,0.77,CM,MID,5
Samuel Lino,LM,Brazil,0.79,0.83,0.7,0.73,0.8,0.51,0.66,0.85,0.81,0.83,0.79,0.79,0.76,0.58,0.86,0.72,0.49,0.46,0.51,0.52,0.58,0.74,LM,MID,1
Cheick Doucouré,CDM,Mali,0.79,0.65,0.57,0.7,0.75,0.76,0.76,0.63,0.67,0.7,0.67,0.77,0.76,0.76,0.72,0.71,0.8,0.78,0.75,0.8,0.58,0.59,CDM,MID,5
Stephan El Shaarawy,LM,Italy,0.79,0.82,0.75,0.76,0.83,0.49,0.62,0.83,0.82,0.92,0.8,0.83,0.76,0.63,0.66,0.77,0.42,0.35,0.65,0.36,0.65,0.75,LM,MID,1
Eljif Elmas,CAM,North Macedonia,0.79,0.73,0.72,0.74,0.82,0.66,0.67,0.77,0.69,0.83,0.69,0.84,0.78,0.64,0.68,0.72,0.7,0.64,0.62,0.69,0.58,0.79,CAM,MID,5
Lewis Ferguson,CM,Scotland,0.79,0.75,0.78,0.75,0.8,0.73,0.82,0.74,0.75,0.78,0.76,0.83,0.74,0.75,0.94,0.84,0.74,0.69,0.7,0.74,0.76,0.78,CM,MID,5
Emil Forsberg,CAM,Sweden,0.79,0.65,0.72,0.81,0.81,0.36,0.61,0.66,0.64,0.73,0.8,0.84,0.78,0.59,0.65,0.57,0.27,0.33,0.38,0.44,0.44,0.71,CAM,MID,1
Chris Führich,LM,Germany,0.79,0.83,0.69,0.72,0.85,0.51,0.59,0.87,0.79,0.89,0.85,0.84,0.76,0.49,0.78,0.66,0.55,0.5,0.53,0.43,0.54,0.7,LM,MID,1
Álvaro García,LM,Spain,0.79,0.88,0.69,0.75,0.78,0.51,0.43,0.89,0.88,0.87,0.93,0.76,0.79,0.32,0.71,0.57,0.45,0.32,0.55,0.64,0.49,0.68,LM,MID,1
Alejandro Garnacho,LM,Argentina,0.79,0.86,0.75,0.72,0.81,0.37,0.59,0.88,0.84,0.87,0.88,0.8,0.77,0.47,0.77,0.6,0.37,0.29,0.36,0.4,0.44,0.78,LM,MID,1
Morgan Gibbs-White,CAM,England,0.79,0.75,0.74,0.79,0.8,0.57,0.69,0.77,0.73,0.83,0.79,0.8,0.78,0.66,0.78,0.72,0.57,0.56,0.57,0.58,0.58,0.74,CAM,MID,5
Carles Gil,CAM,Spain,0.79,0.7,0.71,0.8,0.79,0.38,0.62,0.74,0.67,0.73,0.74,0.8,0.79,0.61,0.84,0.58,0.42,0.38,0.35,0.39,0.33,0.62,CAM,MID,1
Moi Gómez,CM,Spain,0.79,0.66,0.75,0.8,0.78,0.61,0.61,0.71,0.61,0.74,0.73,0.81,0.78,0.56,0.78,0.64,0.6,0.41,0.65,0.72,0.54,0.73,CM,MID,5
João Neves,CM,Portugal,0.79,0.81,0.68,0.75,0.8,0.75,0.8,0.82,0.8,0.84,0.82,0.8,0.81,0.76,0.9,0.82,0.78,0.71,0.72,0.8,0.66,0.73,CM,MID,5
Mason Greenwood,RM,England,0.79,0.83,0.8,0.75,0.81,0.36,0.6,0.82,0.83,0.85,0.75,0.81,0.72,0.6,0.67,0.75,0.39,0.33,0.27,0.34,0.63,0.86,RM,MID,1
Franck Honorat,RM,France,0.79,0.8,0.77,0.77,0.78,0.53,0.63,0.8,0.8,0.78,0.75,0.78,0.72,0.54,0.84,0.68,0.46,0.51,0.53,0.59,0.59,0.88,RM,MID,1
Curtis Jones,CM,England,0.79,0.68,0.71,0.75,0.81,0.7,0.75,0.68,0.68,0.76,0.72,0.82,0.79,0.72,0.82,0.68,0.76,0.68,0.71,0.71,0.52,0.76,CM,MID,5
Geoffrey Kondogbia,CM,Central African Republic,0.79,0.67,0.71,0.75,0.75,0.8,0.88,0.66,0.68,0.72,0.58,0.8,0.76,0.91,0.86,0.87,0.79,0.8,0.81,0.82,0.76,0.83,CM,MID,5
Lee Kang In,CAM,Korea Republic,0.79,0.74,0.74,0.8,0.82,0.5,0.66,0.75,0.74,0.85,0.87,0.82,0.76,0.59,0.73,0.71,0.51,0.42,0.45,0.53,0.65,0.78,CAM,MID,1
Pierre Lees-Melou,CDM,France,0.79,0.62,0.72,0.78,0.77,0.73,0.76,0.64,0.61,0.72,0.65,0.8,0.78,0.72,0.9,0.7,0.74,0.65,0.76,0.8,0.58,0.77,CDM,MID,5
Mario Lemina,CDM,Gabon,0.79,0.69,0.67,0.75,0.75,0.78,0.8,0.67,0.71,0.69,0.68,0.77,0.78,0.76,0.84,0.83,0.78,0.74,0.78,0.79,0.8,0.8,CDM,MID,5
Jefferson Lerma,CDM,Colombia,0.79,0.72,0.71,0.71,0.74,0.77,0.81,0.68,0.75,0.69,0.75,0.77,0.76,0.76,0.83,0.87,0.77,0.76,0.76,0.8,0.74,0.83,CDM,MID,5
Callum McGregor,CDM,Scotland,0.79,0.79,0.74,0.77,0.8,0.71,0.78,0.82,0.77,0.84,0.87,0.83,0.83,0.7,0.93,0.73,0.73,0.71,0.75,0.7,0.52,0.79,CDM,MID,5
Medrán,CM,Spain,0.79,0.6,0.71,0.82,0.79,0.63,0.69,0.57,0.62,0.8,0.7,0.81,0.78,0.71,0.8,0.69,0.65,0.58,0.65,0.62,0.61,0.78,CM,MID,5
Takumi Minamino,CAM,Japan,0.79,0.79,0.74,0.75,0.82,0.4,0.64,0.84,0.74,0.89,0.87,0.8,0.78,0.58,0.74,0.69,0.39,0.33,0.34,0.49,0.53,0.71,CAM,MID,1
Hidemasa Morita,CM,Japan,0.79,0.69,0.72,0.76,0.79,0.74,0.77,0.68,0.69,0.75,0.73,0.8,0.79,0.75,0.85,0.67,0.77,0.74,0.76,0.8,0.47,0.72,CM,MID,5
Florentino,CDM,Portugal,0.79,0.55,0.47,0.65,0.73,0.79,0.78,0.55,0.55,0.71,0.65,0.74,0.76,0.77,0.81,0.73,0.82,0.78,0.79,0.83,0.67,0.65,CDM,MID,0
Hany Mukhtar,CAM,Germany,0.79,0.82,0.75,0.77,0.8,0.44,0.64,0.82,0.82,0.87,0.85,0.8,0.79,0.6,0.87,0.67,0.44,0.44,0.43,0.43,0.47,0.75,CAM,MID,1
Galeno,LM,Brazil,0.79,0.93,0.76,0.7,0.82,0.38,0.68,0.92,0.94,0.88,0.73,0.8,0.78,0.66,0.82,0.69,0.39,0.29,0.34,0.45,0.41,0.75,LM,MID,1
Matt O'Riley,CM,Denmark,0.79,0.69,0.77,0.8,0.77,0.67,0.76,0.68,0.69,0.74,0.82,0.78,0.79,0.73,0.85,0.74,0.7,0.65,0.66,0.67,0.66,0.81,CM,MID,5
Ayoze Pérez,LM,Spain,0.79,0.78,0.73,0.76,0.82,0.58,0.65,0.8,0.76,0.8,0.79,0.82,0.78,0.58,0.66,0.8,0.61,0.42,0.61,0.49,0.76,0.71,LM,MID,5
Matteo Pessina,CM,Italy,0.79,0.68,0.7,0.77,0.78,0.72,0.71,0.64,0.72,0.68,0.65,0.82,0.78,0.65,0.86,0.69,0.74,0.7,0.74,0.72,0.63,0.74,CM,MID,5
Yeremy Pino,LM,Spain,0.79,0.76,0.73,0.76,0.79,0.38,0.46,0.77,0.76,0.79,0.79,0.8,0.74,0.32,0.7,0.52,0.48,0.41,0.31,0.29,0.46,0.68,LM,MID,1
Soufiane Rahimi,LM,Morocco,0.79,0.85,0.77,0.73,0.78,0.38,0.66,0.87,0.84,0.75,0.76,0.76,0.75,0.62,0.81,0.77,0.34,0.3,0.35,0.41,0.62,0.71,LM,MID,1
Kaku,CAM,Paraguay,0.79,0.81,0.72,0.81,0.8,0.52,0.64,0.82,0.8,0.86,0.83,0.81,0.74,0.59,0.7,0.6,0.53,0.55,0.65,0.42,0.3,0.7,CAM,MID,1
Oriol Romeu,CDM,Spain,0.79,0.4,0.54,0.68,0.67,0.79,0.81,0.46,0.35,0.53,0.56,0.74,0.76,0.83,0.75,0.76,0.8,0.79,0.79,0.81,0.73,0.78,CDM,MID,0
Valentin Rongier,CDM,France,0.79,0.65,0.65,0.75,0.78,0.75,0.78,0.68,0.63,0.74,0.88,0.79,0.78,0.77,0.82,0.71,0.8,0.72,0.76,0.8,0.53,0.74,CDM,MID,5
Pape Matar Sarr,CDM,Senegal,0.79,0.7,0.65,0.75,0.78,0.76,0.75,0.72,0.68,0.75,0.72,0.79,0.79,0.71,0.83,0.73,0.79,0.74,0.76,0.8,0.58,0.69,CDM,MID,5
Tomáš Souček,CDM,Czech Republic,0.79,0.5,0.72,0.71,0.68,0.8,0.83,0.49,0.51,0.34,0.48,0.75,0.78,0.83,0.87,0.82,0.82,0.77,0.79,0.81,0.82,0.73,CDM,MID,0
Leonardo Spinazzola,LM,Italy,0.79,0.88,0.65,0.74,0.79,0.76,0.69,0.86,0.89,0.78,0.68,0.8,0.79,0.67,0.69,0.8,0.79,0.75,0.75,0.78,0.69,0.71,LM,MID,5
Quinten Timber,CM,Holland,0.79,0.77,0.76,0.75,0.79,0.75,0.81,0.86,0.7,0.8,0.82,0.8,0.8,0.82,0.78,0.86,0.77,0.75,0.75,0.76,0.65,0.81,CM,MID,5
Edin Višća,RM,Bosnia and Herzegovina,0.79,0.82,0.78,0.76,0.81,0.47,0.63,0.84,0.81,0.87,0.91,0.8,0.74,0.58,0.81,0.66,0.4,0.4,0.55,0.51,0.45,0.8,RM,MID,1
Nikola Vlašić,CAM,Croatia,0.79,0.75,0.76,0.76,0.82,0.58,0.72,0.77,0.73,0.77,0.88,0.83,0.77,0.68,0.75,0.76,0.62,0.37,0.54,0.65,0.65,0.8,CAM,MID,5
James Ward-Prowse,CM,England,0.79,0.57,0.73,0.86,0.75,0.66,0.72,0.61,0.53,0.72,0.76,0.8,0.73,0.62,0.92,0.65,0.71,0.63,0.64,0.65,0.59,0.81,CM,MID,5
Julian Weigl,CDM,Germany,0.79,0.54,0.64,0.76,0.75,0.74,0.73,0.65,0.45,0.74,0.64,0.77,0.78,0.68,0.8,0.71,0.78,0.64,0.75,0.74,0.65,0.68,CDM,MID,5
Denis Zakaria,CDM,Switzerland,0.79,0.8,0.67,0.72,0.76,0.78,0.84,0.72,0.86,0.67,0.62,0.77,0.78,0.87,0.76,0.83,0.81,0.78,0.8,0.77,0.67,0.8,CDM,MID,5
Edon Zhegrova,RM,Kosovo,0.79,0.85,0.71,0.76,0.82,0.25,0.62,0.92,0.79,0.9,0.79,0.8,0.75,0.61,0.69,0.66,0.21,0.18,0.32,0.2,0.36,0.78,RM,MID,1
Carlos Augusto,LM,Brazil,0.79,0.81,0.72,0.77,0.8,0.75,0.8,0.8,0.81,0.79,0.76,0.81,0.76,0.78,0.84,0.86,0.76,0.76,0.75,0.75,0.72,0.79,LM,MID,5
Nadiem Amiri,CM,Germany,0.78,0.67,0.74,0.8,0.82,0.6,0.69,0.76,0.59,0.81,0.79,0.81,0.78,0.69,0.72,0.65,0.59,0.42,0.66,0.68,0.42,0.81,CM,MID,5
Sofyan Amrabat,CDM,Morocco,0.78,0.65,0.69,0.73,0.75,0.74,0.8,0.62,0.67,0.62,0.8,0.79,0.74,0.78,0.79,0.73,0.77,0.74,0.74,0.74,0.61,0.74,CDM,MID,5
Mauro Arambarri,CDM,Uruguay,0.78,0.6,0.65,0.72,0.74,0.78,0.78,0.68,0.54,0.69,0.75,0.76,0.76,0.77,0.78,0.75,0.8,0.79,0.81,0.77,0.62,0.82,CDM,MID,5
Antonín Barák,CM,Czech Republic,0.78,0.69,0.77,0.79,0.79,0.65,0.73,0.7,0.68,0.72,0.69,0.83,0.77,0.73,0.8,0.76,0.67,0.65,0.61,0.64,0.68,0.82,CM,MID,5
Ross Barkley,CM,England,0.78,0.53,0.75,0.78,0.77,0.63,0.74,0.54,0.53,0.65,0.61,0.8,0.79,0.76,0.74,0.72,0.68,0.63,0.6,0.59,0.68,0.83,CM,MID,5
Fran Beltrán,CDM,Spain,0.78,0.58,0.56,0.77,0.75,0.76,0.66,0.61,0.56,0.77,0.79,0.76,0.74,0.63,0.67,0.66,0.8,0.81,0.77,0.75,0.6,0.61,CDM,MID,5
Nabil Bentaleb,CDM,Algeria,0.78,0.52,0.72,0.77,0.79,0.71,0.75,0.55,0.5,0.7,0.69,0.82,0.76,0.76,0.74,0.69,0.74,0.67,0.72,0.73,0.57,0.83,CDM,MID,5
Jan-Niklas Beste,LM,Germany,0.78,0.78,0.72,0.79,0.76,0.6,0.64,0.8,0.76,0.82,0.81,0.75,0.67,0.55,0.86,0.6,0.61,0.61,0.62,0.62,0.41,0.77,LM,MID,5
Emiliano Buendía,RM,Argentina,0.78,0.69,0.74,0.8,0.82,0.66,0.66,0.74,0.65,0.8,0.89,0.83,0.74,0.63,0.54,0.78,0.68,0.61,0.67,0.6,0.75,0.77,RM,MID,5
Maxence Caqueret,CM,France,0.78,0.75,0.62,0.75,0.79,0.75,0.73,0.77,0.74,0.86,0.85,0.78,0.79,0.61,0.9,0.66,0.8,0.71,0.77,0.8,0.48,0.63,CM,MID,5
Daniel Podence,LM,Portugal,0.78,0.84,0.66,0.71,0.84,0.33,0.49,0.89,0.79,0.92,0.94,0.8,0.76,0.3,0.73,0.52,0.3,0.29,0.42,0.21,0.42,0.68,LM,MID,1
Andrea Colpani,CAM,Italy,0.78,0.76,0.76,0.78,0.78,0.65,0.7,0.73,0.79,0.73,0.66,0.81,0.76,0.69,0.79,0.75,0.69,0.69,0.62,0.62,0.67,0.78,CAM,MID,5
Kerem Demirbay,CM,Germany,0.78,0.62,0.76,0.79,0.79,0.69,0.75,0.62,0.62,0.76,0.77,0.82,0.76,0.72,0.8,0.64,0.69,0.71,0.74,0.69,0.48,0.8,CM,MID,5
Kiernan Dewsbury-Hall,CM,England,0.78,0.67,0.71,0.77,0.78,0.69,0.77,0.74,0.62,0.71,0.72,0.8,0.81,0.73,0.85,0.77,0.7,0.68,0.7,0.7,0.65,0.73,CM,MID,5
Ritsu Doan,RM,Japan,0.78,0.78,0.64,0.74,0.83,0.4,0.6,0.84,0.73,0.89,0.93,0.82,0.74,0.59,0.77,0.67,0.36,0.42,0.39,0.44,0.49,0.62,RM,MID,1
Oscar Dorley,CDM,Liberia,0.78,0.78,0.57,0.76,0.79,0.75,0.72,0.8,0.76,0.86,0.83,0.79,0.77,0.64,0.86,0.75,0.74,0.74,0.78,0.78,0.64,0.63,CDM,MID,5
Oscar,CAM,Brazil,0.78,0.77,0.76,0.78,0.8,0.6,0.68,0.78,0.76,0.91,0.82,0.81,0.72,0.62,0.83,0.71,0.61,0.56,0.58,0.62,0.58,0.77,CAM,MID,5
Aschraf El Mahdioui,CDM,Holland,0.78,0.65,0.55,0.74,0.73,0.7,0.75,0.68,0.63,0.75,0.68,0.79,0.78,0.7,0.9,0.54,0.75,0.68,0.72,0.74,0.44,0.66,CDM,MID,5
Harvey Elliott,CAM,England,0.78,0.74,0.71,0.77,0.81,0.53,0.5,0.78,0.71,0.9,0.9,0.79,0.75,0.34,0.75,0.49,0.58,0.48,0.52,0.54,0.4,0.78,CAM,MID,1
Christian Eriksen,CM,Denmark,0.78,0.5,0.74,0.83,0.76,0.53,0.5,0.53,0.48,0.62,0.71,0.84,0.77,0.49,0.66,0.5,0.6,0.35,0.54,0.53,0.49,0.79,CM,MID,5
Francisco Conceição,RM,Portugal,0.78,0.87,0.67,0.71,0.83,0.36,0.5,0.88,0.87,0.93,0.91,0.8,0.79,0.4,0.69,0.54,0.41,0.37,0.34,0.31,0.36,0.72,RM,MID,1
Rubén García,RM,Spain,0.78,0.76,0.76,0.79,0.78,0.45,0.52,0.83,0.71,0.81,0.86,0.79,0.73,0.44,0.63,0.61,0.47,0.41,0.45,0.38,0.54,0.76,RM,MID,1
João Gomes,CDM,Brazil,0.78,0.7,0.65,0.72,0.74,0.76,0.75,0.67,0.73,0.74,0.77,0.76,0.75,0.7,0.78,0.73,0.77,0.77,0.74,0.79,0.7,0.75,CDM,MID,5
Campaña,CM,Spain,0.78,0.65,0.72,0.81,0.79,0.68,0.71,0.68,0.62,0.74,0.78,0.82,0.74,0.7,0.79,0.72,0.68,0.61,0.71,0.7,0.64,0.76,CM,MID,5
Amine Gouiri,LM,Algeria,0.78,0.77,0.8,0.75,0.79,0.45,0.71,0.8,0.74,0.76,0.72,0.8,0.76,0.73,0.72,0.8,0.41,0.32,0.45,0.44,0.68,0.81,LM,MID,1
Ryan Gravenberch,CM,Holland,0.78,0.71,0.76,0.77,0.81,0.68,0.73,0.72,0.7,0.77,0.69,0.83,0.74,0.75,0.77,0.74,0.69,0.59,0.69,0.73,0.58,0.78,CM,MID,5
Arda Güler,CAM,Turkey,0.78,0.72,0.73,0.8,0.82,0.52,0.5,0.75,0.69,0.82,0.85,0.82,0.74,0.43,0.7,0.51,0.57,0.46,0.52,0.55,0.41,0.75,CAM,MID,1
Héctor Herrera,CM,Mexico,0.78,0.63,0.74,0.74,0.74,0.75,0.81,0.62,0.64,0.66,0.66,0.76,0.77,0.8,0.83,0.74,0.78,0.66,0.77,0.77,0.6,0.8,CM,MID,5
Ander Herrera,CM,Spain,0.78,0.59,0.71,0.78,0.78,0.79,0.74,0.65,0.54,0.72,0.78,0.8,0.78,0.69,0.78,0.7,0.79,0.76,0.82,0.82,0.63,0.76,CM,MID,5
Andreas Pereira,CAM,Brazil,0.78,0.74,0.77,0.8,0.78,0.66,0.69,0.75,0.74,0.77,0.76,0.77,0.77,0.6,0.77,0.69,0.67,0.63,0.67,0.69,0.56,0.84,CAM,MID,5
Junya Ito,RM,Japan,0.78,0.87,0.69,0.74,0.79,0.58,0.68,0.9,0.84,0.85,0.77,0.77,0.73,0.6,0.87,0.67,0.61,0.56,0.54,0.67,0.44,0.68,RM,MID,1
Juanmi,LM,Spain,0.78,0.78,0.77,0.71,0.8,0.31,0.62,0.8,0.76,0.79,0.77,0.81,0.79,0.56,0.74,0.8,0.28,0.25,0.25,0.23,0.78,0.77,LM,MID,1
Brennan Johnson,RM,Wales,0.78,0.89,0.74,0.72,0.78,0.43,0.59,0.87,0.91,0.88,0.66,0.75,0.72,0.52,0.78,0.7,0.45,0.53,0.45,0.23,0.58,0.74,RM,MID,1
Joan Jordán,CM,Spain,0.78,0.54,0.75,0.78,0.75,0.69,0.75,0.53,0.55,0.65,0.57,0.77,0.76,0.74,0.78,0.61,0.77,0.59,0.67,0.76,0.47,0.79,CM,MID,5
Kevin Kampl,CM,Slovenia,0.78,0.52,0.66,0.79,0.81,0.64,0.59,0.74,0.34,0.86,0.82,0.81,0.8,0.47,0.79,0.51,0.6,0.62,0.7,0.76,0.34,0.72,CM,MID,5
Matheus Nunes,CM,Portugal,0.78,0.83,0.71,0.74,0.81,0.73,0.76,0.79,0.86,0.78,0.71,0.81,0.78,0.74,0.79,0.74,0.75,0.74,0.74,0.78,0.53,0.77,CM,MID,5
Noni Madueke,RM,England,0.78,0.9,0.72,0.72,0.82,0.38,0.67,0.89,0.9,0.88,0.8,0.8,0.72,0.68,0.72,0.71,0.4,0.3,0.38,0.37,0.45,0.75,RM,MID,1
Lovro Majer,CM,Croatia,0.78,0.62,0.73,0.8,0.83,0.6,0.71,0.76,0.5,0.84,0.75,0.84,0.78,0.65,0.9,0.71,0.58,0.66,0.58,0.63,0.55,0.76,CM,MID,5
Nemanja Maksimović,CM,Serbia,0.78,0.47,0.73,0.74,0.73,0.77,0.79,0.49,0.45,0.58,0.54,0.77,0.8,0.78,0.82,0.75,0.79,0.72,0.78,0.79,0.73,0.74,CM,MID,0
Solly March,RM,England,0.78,0.75,0.71,0.76,0.79,0.67,0.65,0.76,0.74,0.74,0.75,0.79,0.75,0.61,0.79,0.65,0.68,0.65,0.7,0.69,0.48,0.74,RM,MID,5
Weston McKennie,CM,United States,0.78,0.76,0.73,0.77,0.78,0.79,0.8,0.75,0.76,0.68,0.71,0.81,0.78,0.78,0.81,0.9,0.8,0.76,0.77,0.77,0.84,0.76,CM,MID,5
Scott McTominay,CDM,Scotland,0.78,0.55,0.78,0.71,0.73,0.75,0.84,0.53,0.56,0.55,0.47,0.78,0.77,0.83,0.82,0.83,0.77,0.73,0.72,0.76,0.81,0.86,CDM,MID,5
Moncayola,CM,Spain,0.78,0.64,0.67,0.75,0.78,0.73,0.7,0.64,0.64,0.66,0.65,0.78,0.76,0.67,0.74,0.66,0.78,0.77,0.72,0.76,0.55,0.7,CM,MID,5
Mason Mount,CM,England,0.78,0.7,0.77,0.81,0.79,0.61,0.65,0.73,0.68,0.76,0.75,0.8,0.78,0.57,0.75,0.66,0.66,0.53,0.58,0.63,0.55,0.8,CM,MID,5
Wilfred Ndidi,CDM,Nigeria,0.78,0.65,0.65,0.73,0.74,0.75,0.8,0.61,0.69,0.66,0.65,0.76,0.79,0.78,0.81,0.78,0.76,0.74,0.76,0.75,0.71,0.76,CDM,MID,5
Saúl,CM,Spain,0.78,0.69,0.75,0.76,0.77,0.77,0.75,0.67,0.7,0.72,0.67,0.79,0.79,0.74,0.75,0.82,0.77,0.76,0.76,0.77,0.8,0.8,CM,MID,5
Amadou Onana,CDM,Belgium,0.78,0.72,0.59,0.71,0.72,0.76,0.79,0.64,0.78,0.49,0.52,0.77,0.75,0.81,0.76,0.81,0.77,0.79,0.74,0.76,0.72,0.69,CDM,MID,5
Alex Oxlade-Chamberlain,CM,England,0.78,0.78,0.75,0.77,0.81,0.67,0.72,0.79,0.78,0.8,0.87,0.81,0.79,0.7,0.73,0.65,0.71,0.68,0.68,0.73,0.39,0.83,CM,MID,5
Leandro Paredes,CM,Argentina,0.78,0.62,0.64,0.83,0.78,0.71,0.77,0.62,0.62,0.68,0.75,0.84,0.68,0.75,0.74,0.7,0.76,0.76,0.7,0.72,0.56,0.86,CM,MID,5
Nicolas Pépé,RM,Côte d'Ivoire,0.78,0.87,0.76,0.74,0.81,0.36,0.64,0.87,0.87,0.9,0.75,0.8,0.74,0.7,0.65,0.77,0.34,0.3,0.36,0.33,0.57,0.8,RM,MID,1
Roberto Pereyra,CM,Argentina,0.78,0.76,0.74,0.78,0.81,0.68,0.7,0.79,0.73,0.76,0.76,0.82,0.76,0.66,0.75,0.74,0.72,0.69,0.66,0.7,0.6,0.74,CM,MID,5
Cameron Puertas,CM,Switzerland,0.78,0.74,0.75,0.79,0.79,0.69,0.75,0.75,0.73,0.71,0.74,0.8,0.74,0.72,0.8,0.69,0.74,0.67,0.72,0.7,0.47,0.78,CM,MID,5
Riqui Puig,CM,Spain,0.78,0.7,0.67,0.76,0.82,0.56,0.52,0.74,0.67,0.82,0.85,0.84,0.78,0.33,0.79,0.51,0.6,0.53,0.51,0.61,0.49,0.66,CM,MID,1
Jacob Ramsey,LM,England,0.78,0.78,0.75,0.73,0.8,0.68,0.74,0.77,0.78,0.79,0.85,0.78,0.79,0.72,0.79,0.75,0.73,0.64,0.69,0.67,0.56,0.78,LM,MID,5
Giacomo Raspadori,CAM,Italy,0.78,0.79,0.77,0.68,0.82,0.27,0.56,0.83,0.76,0.75,0.85,0.83,0.76,0.48,0.65,0.7,0.23,0.21,0.24,0.18,0.69,0.73,CAM,MID,1
Riquelme,LM,Spain,0.78,0.78,0.75,0.75,0.81,0.49,0.52,0.8,0.77,0.83,0.81,0.79,0.75,0.43,0.66,0.56,0.48,0.46,0.5,0.52,0.46,0.76,LM,MID,1
Marc Roca,CDM,Spain,0.78,0.61,0.65,0.75,0.74,0.72,0.73,0.58,0.64,0.65,0.65,0.77,0.75,0.75,0.74,0.6,0.77,0.72,0.74,0.76,0.42,0.72,CDM,MID,5
Kirian,CM,Spain,0.78,0.68,0.75,0.75,0.77,0.72,0.73,0.73,0.64,0.73,0.71,0.79,0.72,0.7,0.82,0.72,0.75,0.71,0.72,0.73,0.57,0.78,CM,MID,5
Nicolò Rovella,CM,Italy,0.78,0.77,0.63,0.76,0.77,0.75,0.73,0.75,0.79,0.79,0.76,0.8,0.74,0.63,0.88,0.7,0.79,0.79,0.75,0.74,0.56,0.72,CM,MID,5
Alexis Saelemaekers,LM,Belgium,0.78,0.8,0.67,0.75,0.81,0.64,0.64,0.83,0.77,0.87,0.77,0.81,0.76,0.56,0.78,0.65,0.66,0.61,0.68,0.65,0.45,0.64,LM,MID,5
Rodri,LM,Spain,0.78,0.79,0.74,0.75,0.8,0.38,0.58,0.8,0.78,0.82,0.84,0.8,0.73,0.55,0.67,0.64,0.42,0.44,0.32,0.35,0.48,0.78,LM,MID,1
Mykola Shaparenko,CM,Ukraine,0.78,0.78,0.71,0.78,0.8,0.67,0.71,0.81,0.76,0.82,0.75,0.8,0.78,0.63,0.78,0.7,0.69,0.67,0.68,0.72,0.5,0.73,CM,MID,5
Andreas Skov Olsen,RM,Denmark,0.78,0.86,0.78,0.73,0.79,0.39,0.7,0.9,0.82,0.76,0.77,0.81,0.66,0.7,0.74,0.81,0.37,0.31,0.39,0.34,0.64,0.8,RM,MID,1
Carlos Soler,CM,Spain,0.78,0.75,0.75,0.79,0.78,0.7,0.71,0.76,0.74,0.75,0.73,0.8,0.77,0.69,0.78,0.73,0.75,0.68,0.67,0.74,0.56,0.77,CM,MID,5
Djibril Sow,CM,Switzerland,0.78,0.79,0.69,0.75,0.77,0.75,0.78,0.76,0.82,0.75,0.73,0.81,0.78,0.75,0.87,0.71,0.77,0.74,0.75,0.79,0.62,0.71,CM,MID,5
Angelo Stiller,CDM,Germany,0.78,0.58,0.57,0.78,0.78,0.73,0.69,0.65,0.53,0.75,0.79,0.8,0.82,0.65,0.77,0.7,0.74,0.68,0.74,0.75,0.67,0.73,CDM,MID,5
Teddy Teuma,CM,Malta,0.78,0.67,0.78,0.79,0.77,0.72,0.76,0.68,0.66,0.72,0.76,0.8,0.76,0.73,0.8,0.68,0.75,0.74,0.74,0.75,0.51,0.87,CM,MID,5
Khéphren Thuram,CM,France,0.78,0.71,0.71,0.77,0.78,0.76,0.78,0.73,0.7,0.71,0.68,0.8,0.77,0.8,0.8,0.87,0.77,0.74,0.77,0.76,0.76,0.74,CM,MID,5
Alan Varela,CDM,Argentina,0.78,0.67,0.62,0.74,0.73,0.74,0.78,0.69,0.66,0.71,0.75,0.76,0.75,0.74,0.82,0.72,0.73,0.74,0.78,0.76,0.57,0.78,CDM,MID,5
Matías Vecino,CM,Uruguay,0.78,0.58,0.73,0.75,0.76,0.79,0.79,0.57,0.58,0.67,0.64,0.8,0.78,0.81,0.72,0.85,0.77,0.76,0.77,0.82,0.83,0.82,CM,MID,5
Gabri Veiga,CAM,Spain,0.78,0.74,0.77,0.72,0.78,0.6,0.64,0.73,0.74,0.72,0.65,0.82,0.76,0.65,0.71,0.67,0.71,0.6,0.41,0.75,0.52,0.77,CAM,MID,5
Adam Wharton,CDM,England,0.78,0.68,0.61,0.78,0.78,0.75,0.71,0.74,0.63,0.74,0.82,0.8,0.77,0.68,0.71,0.73,0.78,0.77,0.74,0.77,0.62,0.67,CDM,MID,5
Georginio Wijnaldum,CM,Holland,0.78,0.68,0.72,0.76,0.8,0.76,0.75,0.69,0.68,0.82,0.88,0.81,0.77,0.73,0.76,0.82,0.78,0.68,0.76,0.78,0.78,0.73,CM,MID,5
Nicolò Zaniolo,RM,Italy,0.78,0.75,0.76,0.74,0.76,0.6,0.83,0.72,0.77,0.66,0.69,0.8,0.8,0.86,0.75,0.75,0.63,0.58,0.54,0.62,0.64,0.84,RM,MID,5
Tyler Adams,CDM,United States,0.77,0.77,0.5,0.68,0.72,0.77,0.74,0.85,0.7,0.77,0.85,0.72,0.75,0.68,0.79,0.79,0.82,0.77,0.75,0.78,0.65,0.55,CDM,MID,5
Yacine Adli,CDM,France,0.77,0.7,0.69,0.8,0.77,0.71,0.7,0.72,0.69,0.71,0.69,0.8,0.77,0.69,0.69,0.73,0.74,0.67,0.72,0.71,0.62,0.72,CDM,MID,5
Kerem Aktürkoğlu,LM,Turkey,0.77,0.86,0.72,0.71,0.78,0.35,0.56,0.88,0.84,0.88,0.8,0.72,0.77,0.44,0.86,0.62,0.43,0.41,0.25,0.24,0.52,0.72,LM,MID,1
Anastasios Bakasetas,CAM,Greece,0.77,0.68,0.8,0.76,0.77,0.59,0.76,0.67,0.68,0.73,0.68,0.79,0.77,0.78,0.75,0.77,0.59,0.5,0.56,0.62,0.67,0.86,CAM,MID,5
Jonathan Bamba,LM,Côte d'Ivoire,0.77,0.83,0.73,0.73,0.79,0.39,0.67,0.84,0.83,0.81,0.81,0.78,0.75,0.63,0.76,0.76,0.39,0.38,0.33,0.36,0.61,0.79,LM,MID,1
Philip Billing,CM,Denmark,0.77,0.5,0.77,0.73,0.73,0.72,0.8,0.5,0.5,0.46,0.42,0.79,0.79,0.82,0.8,0.8,0.72,0.68,0.7,0.72,0.77,0.85,CM,MID,0
Ludovic Blas,RM,France,0.77,0.73,0.77,0.76,0.79,0.58,0.64,0.77,0.69,0.79,0.76,0.8,0.73,0.63,0.71,0.72,0.64,0.59,0.47,0.66,0.58,0.82,RM,MID,5
Vitaliy Buyalskyi,CAM,Ukraine,0.77,0.74,0.71,0.74,0.78,0.68,0.56,0.71,0.77,0.84,0.88,0.73,0.8,0.47,0.8,0.51,0.75,0.73,0.69,0.7,0.38,0.69,CAM,MID,5
Gianluca Caprari,CAM,Italy,0.77,0.77,0.74,0.76,0.8,0.36,0.49,0.78,0.77,0.85,0.82,0.8,0.75,0.43,0.67,0.61,0.33,0.34,0.33,0.35,0.58,0.75,CAM,MID,1
André Carrillo,CAM,Peru,0.77,0.81,0.71,0.75,0.82,0.49,0.77,0.75,0.86,0.81,0.62,0.81,0.73,0.82,0.86,0.79,0.39,0.54,0.51,0.45,0.72,0.76,CAM,MID,1
Gedson Fernandes,CM,Portugal,0.77,0.8,0.73,0.74,0.8,0.75,0.81,0.8,0.8,0.83,0.79,0.78,0.8,0.77,0.88,0.8,0.79,0.75,0.75,0.75,0.61,0.79,CM,MID,5
Gaetano Castrovilli,CM,Italy,0.77,0.69,0.67,0.76,0.82,0.66,0.65,0.71,0.67,0.83,0.8,0.83,0.78,0.63,0.7,0.66,0.7,0.7,0.64,0.68,0.5,0.65,CM,MID,5
Danilo Cataldi,CDM,Italy,0.77,0.68,0.71,0.77,0.78,0.73,0.71,0.72,0.64,0.73,0.78,0.79,0.8,0.67,0.75,0.74,0.73,0.71,0.75,0.76,0.66,0.82,CDM,MID,5
Farès Chaïbi,CAM,Algeria,0.77,0.75,0.7,0.77,0.77,0.68,0.73,0.74,0.75,0.72,0.71,0.78,0.76,0.71,0.8,0.76,0.69,0.68,0.67,0.69,0.65,0.7,CAM,MID,5
Patrick Ciurria,RM,Italy,0.77,0.81,0.72,0.77,0.77,0.53,0.58,0.77,0.84,0.8,0.77,0.77,0.76,0.49,0.78,0.63,0.53,0.51,0.54,0.53,0.55,0.75,RM,MID,1
Lewis Cook,CDM,England,0.77,0.6,0.62,0.75,0.77,0.73,0.68,0.65,0.55,0.76,0.83,0.78,0.76,0.62,0.75,0.62,0.76,0.72,0.72,0.8,0.5,0.67,CDM,MID,5
Evander,CAM,Brazil,0.77,0.72,0.73,0.77,0.8,0.66,0.7,0.74,0.7,0.81,0.83,0.79,0.74,0.62,0.84,0.66,0.68,0.56,0.71,0.68,0.51,0.77,CAM,MID,5
De Frutos,RM,Spain,0.77,0.83,0.71,0.72,0.78,0.41,0.64,0.84,0.83,0.81,0.81,0.77,0.71,0.57,0.8,0.71,0.38,0.29,0.44,0.41,0.55,0.8,RM,MID,1
Kiril Despodov,RM,Bulgaria,0.77,0.89,0.77,0.71,0.76,0.29,0.66,0.88,0.89,0.76,0.75,0.77,0.72,0.63,0.71,0.7,0.31,0.28,0.25,0.23,0.48,0.82,RM,MID,1
Álvaro Djaló,RM,Spain,0.77,0.9,0.7,0.71,0.8,0.5,0.59,0.91,0.9,0.86,0.81,0.79,0.77,0.55,0.72,0.7,0.45,0.43,0.54,0.52,0.52,0.61,RM,MID,1
Nicolás Domínguez,CDM,Argentina,0.77,0.69,0.65,0.72,0.76,0.72,0.77,0.72,0.67,0.82,0.8,0.77,0.73,0.67,0.89,0.74,0.78,0.77,0.66,0.73,0.68,0.72,CDM,MID,5
Sebastián Driussi,CAM,Argentina,0.77,0.82,0.78,0.73,0.76,0.32,0.72,0.86,0.79,0.83,0.73,0.78,0.75,0.72,0.86,0.86,0.25,0.21,0.3,0.32,0.71,0.82,CAM,MID,1
Niclas Eliasson,RM,Sweden,0.77,0.88,0.66,0.76,0.77,0.41,0.65,0.9,0.87,0.91,0.78,0.75,0.76,0.62,0.76,0.64,0.48,0.35,0.42,0.35,0.32,0.66,RM,MID,1
Romain Faivre,RM,France,0.77,0.71,0.73,0.76,0.8,0.62,0.65,0.76,0.67,0.81,0.73,0.8,0.75,0.63,0.74,0.73,0.64,0.58,0.58,0.66,0.61,0.74,RM,MID,5
Ansu Fati,CAM,Spain,0.77,0.89,0.75,0.72,0.81,0.3,0.53,0.91,0.87,0.89,0.83,0.8,0.73,0.49,0.63,0.71,0.32,0.28,0.23,0.2,0.62,0.75,CAM,MID,1
Ignacio Fernández,CAM,Argentina,0.77,0.64,0.74,0.77,0.79,0.67,0.68,0.66,0.63,0.75,0.7,0.8,0.77,0.66,0.7,0.7,0.73,0.66,0.64,0.64,0.65,0.76,CAM,MID,5
Jota Silva,RM,Portugal,0.77,0.83,0.72,0.69,0.76,0.44,0.74,0.82,0.84,0.79,0.72,0.78,0.76,0.67,0.84,0.82,0.44,0.36,0.37,0.45,0.73,0.75,RM,MID,1
Fábio Vieira,CAM,Portugal,0.77,0.71,0.72,0.78,0.78,0.51,0.53,0.73,0.7,0.77,0.71,0.8,0.72,0.48,0.62,0.56,0.56,0.44,0.52,0.5,0.46,0.76,CAM,MID,1
Angel Gomes,CAM,England,0.77,0.76,0.7,0.75,0.79,0.72,0.69,0.77,0.76,0.87,0.9,0.8,0.77,0.63,0.78,0.74,0.75,0.74,0.71,0.73,0.62,0.7,CAM,MID,5
Nico González,CDM,Spain,0.77,0.66,0.63,0.73,0.75,0.72,0.8,0.63,0.68,0.64,0.54,0.78,0.75,0.82,0.76,0.78,0.74,0.67,0.72,0.72,0.69,0.74,CDM,MID,5
Quilindschy Hartman,LM,Holland,0.77,0.8,0.53,0.77,0.74,0.72,0.77,0.81,0.79,0.73,0.63,0.76,0.79,0.74,0.76,0.72,0.77,0.75,0.73,0.73,0.45,0.4,LM,MID,5
Bryan Heynen,CM,Belgium,0.77,0.62,0.73,0.75,0.75,0.73,0.77,0.6,0.63,0.69,0.69,0.78,0.81,0.71,0.91,0.72,0.74,0.66,0.76,0.71,0.67,0.75,CM,MID,5
Santiago Hezze,CDM,Argentina,0.77,0.67,0.62,0.67,0.71,0.75,0.77,0.7,0.65,0.71,0.67,0.73,0.73,0.74,0.88,0.77,0.76,0.74,0.72,0.79,0.7,0.64,CDM,MID,5
Callum Hudson-Odoi,LM,England,0.77,0.82,0.72,0.73,0.8,0.48,0.6,0.86,0.78,0.83,0.78,0.78,0.72,0.58,0.68,0.7,0.51,0.45,0.47,0.44,0.52,0.75,LM,MID,1
Ivan Ilić,CM,Serbia,0.77,0.68,0.72,0.77,0.78,0.68,0.69,0.69,0.67,0.72,0.69,0.82,0.71,0.68,0.69,0.69,0.7,0.67,0.69,0.68,0.58,0.81,CM,MID,5
Illarramendi,CM,Spain,0.77,0.41,0.69,0.76,0.75,0.75,0.67,0.49,0.34,0.67,0.7,0.78,0.79,0.65,0.66,0.58,0.75,0.75,0.78,0.8,0.51,0.69,CM,MID,0
Alex Iwobi,RM,Nigeria,0.77,0.75,0.65,0.72,0.8,0.56,0.75,0.75,0.75,0.73,0.75,0.78,0.75,0.74,0.9,0.69,0.64,0.5,0.52,0.59,0.45,0.72,RM,MID,5
Mathias Jensen,CM,Denmark,0.77,0.67,0.64,0.79,0.75,0.69,0.74,0.66,0.68,0.77,0.77,0.76,0.76,0.7,0.8,0.65,0.69,0.62,0.73,0.75,0.5,0.63,CM,MID,5
Justin Kluivert,CAM,Holland,0.77,0.88,0.75,0.73,0.81,0.38,0.65,0.88,0.88,0.87,0.83,0.8,0.7,0.6,0.72,0.74,0.35,0.3,0.43,0.3,0.57,0.8,CAM,MID,1
Enzo Le Fée,CM,France,0.77,0.63,0.57,0.78,0.8,0.62,0.57,0.62,0.63,0.74,0.89,0.82,0.77,0.52,0.69,0.54,0.65,0.6,0.63,0.64,0.45,0.6,CM,MID,5
Chiquinho,CM,Portugal,0.77,0.74,0.74,0.77,0.77,0.66,0.7,0.75,0.73,0.78,0.8,0.78,0.74,0.66,0.83,0.66,0.7,0.63,0.67,0.71,0.48,0.76,CM,MID,5
André Horta,CM,Portugal,0.77,0.73,0.7,0.76,0.78,0.67,0.71,0.73,0.73,0.86,0.81,0.77,0.78,0.65,0.83,0.74,0.69,0.64,0.69,0.68,0.51,0.75,CM,MID,5
Renato Sanches,CM,Portugal,0.77,0.77,0.7,0.77,0.8,0.71,0.78,0.79,0.75,0.79,0.87,0.8,0.76,0.78,0.72,0.81,0.73,0.65,0.72,0.74,0.61,0.85,CM,MID,5
Darwin Machís,LM,Venezuela,0.77,0.86,0.76,0.72,0.82,0.38,0.67,0.89,0.84,0.91,0.9,0.79,0.7,0.66,0.65,0.74,0.35,0.24,0.4,0.38,0.51,0.82,LM,MID,1
Kobbie Mainoo,CDM,England,0.77,0.74,0.66,0.74,0.81,0.73,0.72,0.77,0.72,0.79,0.88,0.8,0.76,0.72,0.71,0.78,0.76,0.73,0.72,0.74,0.64,0.69,CDM,MID,5
Ruslan Malinovskyi,CM,Ukraine,0.77,0.67,0.79,0.79,0.77,0.63,0.79,0.68,0.66,0.68,0.72,0.8,0.75,0.79,0.79,0.81,0.69,0.5,0.55,0.66,0.73,0.88,CM,MID,5
Rolando Mandragora,CDM,Italy,0.77,0.46,0.66,0.75,0.75,0.74,0.74,0.49,0.43,0.66,0.72,0.77,0.74,0.73,0.83,0.68,0.75,0.72,0.77,0.75,0.65,0.7,CDM,MID,0
Antony,RM,Brazil,0.77,0.82,0.7,0.72,0.82,0.43,0.72,0.86,0.78,0.89,0.91,0.82,0.76,0.6,0.84,0.68,0.45,0.28,0.4,0.5,0.45,0.73,RM,MID,1
Dwight McNeil,LM,England,0.77,0.68,0.73,0.77,0.78,0.55,0.68,0.69,0.67,0.75,0.72,0.79,0.75,0.64,0.84,0.68,0.6,0.51,0.57,0.46,0.59,0.83,LM,MID,5
Luis Milla,CM,Spain,0.77,0.68,0.72,0.77,0.74,0.75,0.73,0.72,0.65,0.69,0.77,0.76,0.79,0.7,0.8,0.66,0.79,0.7,0.76,0.81,0.48,0.76,CM,MID,5
Enzo Millot,CAM,France,0.77,0.75,0.69,0.74,0.81,0.61,0.57,0.76,0.75,0.87,0.84,0.82,0.76,0.46,0.8,0.55,0.65,0.53,0.64,0.65,0.44,0.73,CAM,MID,5
Moleiro,LM,Spain,0.77,0.83,0.66,0.73,0.81,0.51,0.62,0.86,0.81,0.88,0.83,0.8,0.7,0.6,0.67,0.74,0.55,0.53,0.47,0.48,0.57,0.7,LM,MID,1
Marcelino Moreno,LM,Argentina,0.77,0.87,0.7,0.72,0.81,0.53,0.61,0.9,0.85,0.86,0.9,0.78,0.69,0.52,0.76,0.66,0.53,0.5,0.51,0.57,0.49,0.73,LM,MID,1
João Moutinho,CM,Portugal,0.77,0.39,0.67,0.8,0.75,0.68,0.63,0.47,0.33,0.6,0.77,0.79,0.77,0.55,0.75,0.59,0.66,0.65,0.7,0.7,0.62,0.75,CM,MID,0
Mykhailo Mudryk,LM,Ukraine,0.77,0.92,0.72,0.72,0.8,0.38,0.63,0.93,0.92,0.87,0.81,0.78,0.7,0.6,0.72,0.71,0.42,0.32,0.33,0.37,0.47,0.85,LM,MID,1
Georges-Kévin Nkoudou,LM,Cameroon,0.77,0.93,0.76,0.7,0.79,0.34,0.61,0.92,0.93,0.93,0.86,0.77,0.7,0.6,0.73,0.7,0.37,0.39,0.35,0.21,0.47,0.67,LM,MID,1
Felix Nmecha,CM,Germany,0.77,0.8,0.69,0.71,0.8,0.75,0.81,0.77,0.82,0.77,0.76,0.81,0.78,0.83,0.77,0.93,0.83,0.75,0.64,0.74,0.82,0.8,CM,MID,5
Christian Nørgaard,CDM,Denmark,0.77,0.52,0.6,0.7,0.69,0.76,0.78,0.53,0.52,0.61,0.67,0.74,0.75,0.77,0.81,0.72,0.77,0.72,0.74,0.81,0.69,0.63,CDM,MID,0
Kalvin Phillips,CDM,England,0.77,0.58,0.65,0.73,0.73,0.75,0.74,0.65,0.52,0.71,0.73,0.76,0.75,0.75,0.67,0.73,0.78,0.77,0.75,0.75,0.63,0.75,CDM,MID,5
Orbelín Pineda,CAM,Mexico,0.77,0.81,0.74,0.72,0.81,0.65,0.66,0.82,0.8,0.88,0.78,0.8,0.78,0.57,0.81,0.72,0.65,0.65,0.65,0.66,0.6,0.76,CAM,MID,5
Puado,LM,Spain,0.77,0.84,0.76,0.69,0.76,0.51,0.75,0.83,0.84,0.82,0.75,0.76,0.76,0.73,0.82,0.86,0.48,0.44,0.52,0.47,0.75,0.75,LM,MID,1
Juan Fernando Quintero,CAM,Colombia,0.77,0.62,0.76,0.79,0.81,0.41,0.54,0.69,0.56,0.82,0.91,0.81,0.71,0.54,0.5,0.57,0.33,0.29,0.52,0.37,0.47,0.84,CAM,MID,1
Arthur,CDM,Brazil,0.77,0.59,0.65,0.79,0.83,0.71,0.65,0.63,0.55,0.78,0.89,0.84,0.78,0.62,0.68,0.62,0.72,0.71,0.73,0.74,0.51,0.76,CDM,MID,5
André Almeida,CM,Portugal,0.77,0.72,0.66,0.78,0.79,0.67,0.63,0.75,0.69,0.75,0.79,0.78,0.75,0.59,0.69,0.62,0.69,0.65,0.66,0.76,0.46,0.75,CM,MID,5
Samuele Ricci,CDM,Italy,0.77,0.73,0.55,0.72,0.78,0.73,0.68,0.76,0.7,0.78,0.75,0.8,0.74,0.61,0.8,0.7,0.75,0.75,0.75,0.74,0.57,0.7,CDM,MID,5
Roland Sallai,RM,Hungary,0.77,0.74,0.71,0.71,0.79,0.38,0.7,0.77,0.72,0.78,0.77,0.8,0.75,0.7,0.64,0.74,0.37,0.38,0.32,0.39,0.59,0.69,RM,MID,1
Ibrahim Sangaré,CDM,Côte d'Ivoire,0.77,0.6,0.65,0.72,0.72,0.77,0.83,0.67,0.54,0.54,0.69,0.74,0.75,0.91,0.74,0.78,0.78,0.77,0.76,0.78,0.71,0.8,CDM,MID,5
Baptiste Santamaria,CDM,France,0.77,0.42,0.67,0.73,0.74,0.73,0.73,0.44,0.41,0.67,0.67,0.77,0.73,0.7,0.81,0.63,0.77,0.74,0.74,0.72,0.61,0.78,CDM,MID,0
Daniel Bragança,CM,Portugal,0.77,0.8,0.69,0.76,0.8,0.65,0.61,0.79,0.81,0.77,0.81,0.82,0.75,0.58,0.67,0.65,0.68,0.69,0.64,0.7,0.49,0.66,CM,MID,5
Pablo Sarabia,CAM,Spain,0.77,0.69,0.73,0.79,0.79,0.57,0.58,0.71,0.67,0.81,0.78,0.8,0.76,0.56,0.66,0.68,0.54,0.49,0.6,0.58,0.63,0.76,CAM,MID,5
Nicolas Seiwald,CDM,Austria,0.77,0.73,0.62,0.73,0.74,0.74,0.75,0.74,0.72,0.77,0.76,0.75,0.78,0.68,0.87,0.74,0.77,0.72,0.71,0.79,0.63,0.7,CDM,MID,5
Suat Serdar,CM,Germany,0.77,0.68,0.71,0.73,0.79,0.73,0.76,0.66,0.69,0.72,0.76,0.8,0.77,0.72,0.79,0.75,0.74,0.73,0.72,0.76,0.7,0.75,CM,MID,5
Luis Sinisterra,LM,Colombia,0.77,0.88,0.71,0.69,0.82,0.52,0.51,0.91,0.86,0.92,0.87,0.79,0.72,0.38,0.7,0.68,0.48,0.47,0.55,0.5,0.68,0.73,LM,MID,1
Oliver Skipp,CDM,England,0.77,0.61,0.47,0.68,0.71,0.75,0.7,0.67,0.56,0.65,0.74,0.74,0.76,0.66,0.73,0.64,0.77,0.78,0.77,0.78,0.51,0.63,CDM,MID,0
Emile Smith Rowe,LM,England,0.77,0.76,0.71,0.74,0.8,0.43,0.61,0.76,0.76,0.78,0.75,0.79,0.76,0.61,0.68,0.6,0.46,0.4,0.44,0.41,0.36,0.7,LM,MID,1
Matías Soulé,RM,Argentina,0.77,0.75,0.69,0.74,0.81,0.36,0.56,0.79,0.71,0.83,0.77,0.8,0.66,0.48,0.87,0.64,0.41,0.39,0.28,0.3,0.58,0.66,RM,MID,1
Anton Stach,CM,Germany,0.77,0.73,0.68,0.74,0.72,0.77,0.8,0.7,0.76,0.62,0.48,0.77,0.79,0.81,0.81,0.86,0.79,0.66,0.7,0.88,0.76,0.84,CM,MID,5
Nicolae Stanciu,CM,Romania,0.77,0.76,0.73,0.79,0.79,0.62,0.7,0.79,0.74,0.9,0.9,0.78,0.75,0.6,0.91,0.74,0.62,0.58,0.62,0.6,0.66,0.76,CM,MID,5
Calvin Stengs,CAM,Holland,0.77,0.71,0.69,0.78,0.78,0.54,0.66,0.73,0.7,0.79,0.67,0.77,0.76,0.62,0.82,0.61,0.64,0.52,0.46,0.58,0.44,0.75,CAM,MID,5
Kevin Stöger,CAM,Austria,0.77,0.57,0.71,0.81,0.77,0.64,0.62,0.62,0.52,0.79,0.79,0.8,0.79,0.63,0.72,0.59,0.66,0.59,0.66,0.68,0.45,0.74,CAM,MID,5
Heorhii Sudakov,CAM,Ukraine,0.77,0.78,0.73,0.74,0.8,0.58,0.69,0.8,0.76,0.78,0.75,0.8,0.74,0.68,0.73,0.78,0.54,0.56,0.61,0.55,0.68,0.75,CAM,MID,5
Mattias Svanberg,CM,Sweden,0.77,0.81,0.69,0.75,0.77,0.63,0.73,0.76,0.85,0.74,0.67,0.79,0.78,0.75,0.76,0.65,0.67,0.62,0.64,0.72,0.32,0.74,CM,MID,5
Malik Tillman,CAM,United States,0.77,0.8,0.68,0.72,0.8,0.62,0.72,0.82,0.78,0.81,0.88,0.81,0.76,0.76,0.71,0.87,0.67,0.56,0.56,0.61,0.73,0.72,CAM,MID,5
Lucas Torró,CDM,Spain,0.77,0.44,0.63,0.69,0.68,0.75,0.75,0.49,0.4,0.64,0.43,0.78,0.74,0.76,0.78,0.75,0.77,0.74,0.74,0.75,0.75,0.73,CDM,MID,0
Óscar Trejo,CAM,Argentina,0.77,0.64,0.75,0.77,0.8,0.7,0.77,0.63,0.65,0.87,0.79,0.75,0.71,0.76,0.87,0.74,0.71,0.68,0.7,0.73,0.65,0.75,CAM,MID,5
Bruma,LM,Portugal,0.77,0.89,0.73,0.69,0.82,0.32,0.6,0.91,0.88,0.9,0.88,0.82,0.66,0.56,0.7,0.71,0.27,0.28,0.26,0.38,0.53,0.75,LM,MID,1
Vesga,CM,Spain,0.77,0.45,0.74,0.74,0.65,0.76,0.81,0.34,0.54,0.47,0.38,0.73,0.8,0.87,0.83,0.71,0.77,0.72,0.77,0.78,0.7,0.78,CM,MID,0
Joe Willock,CM,England,0.77,0.77,0.72,0.73,0.8,0.72,0.69,0.74,0.8,0.79,0.72,0.79,0.75,0.66,0.74,0.75,0.75,0.62,0.7,0.76,0.7,0.75,CM,MID,5
Patrick Wimmer,RM,Austria,0.77,0.8,0.69,0.71,0.81,0.49,0.7,0.83,0.78,0.85,0.82,0.78,0.75,0.71,0.76,0.7,0.47,0.45,0.53,0.48,0.44,0.77,RM,MID,1
İsmail Yüksek,CDM,Turkey,0.77,0.74,0.6,0.71,0.72,0.74,0.77,0.76,0.72,0.76,0.69,0.77,0.74,0.74,0.83,0.8,0.74,0.72,0.75,0.77,0.68,0.75,CDM,MID,5
Nicola Zalewski,LM,Poland,0.77,0.85,0.64,0.74,0.79,0.64,0.59,0.83,0.86,0.8,0.75,0.79,0.72,0.46,0.8,0.59,0.67,0.63,0.66,0.64,0.45,0.72,LM,MID,5
Salis Abdul Samed,CDM,Ghana,0.76,0.6,0.49,0.66,0.69,0.74,0.79,0.61,0.59,0.65,0.7,0.74,0.74,0.73,0.88,0.73,0.77,0.7,0.74,0.74,0.67,0.49,CDM,MID,0
Mohammed Abu Fani,CM,Israel,0.76,0.65,0.64,0.76,0.73,0.67,0.71,0.68,0.63,0.8,0.84,0.76,0.76,0.68,0.76,0.61,0.7,0.72,0.64,0.67,0.58,0.69,CM,MID,5
Simon Adingra,RM,Côte d'Ivoire,0.76,0.88,0.7,0.69,0.8,0.3,0.52,0.9,0.87,0.88,0.85,0.77,0.72,0.45,0.7,0.56,0.32,0.3,0.3,0.27,0.32,0.73,RM,MID,1
Michel Aebischer,CM,Switzerland,0.76,0.66,0.67,0.74,0.75,0.74,0.74,0.73,0.61,0.75,0.72,0.78,0.73,0.72,0.83,0.76,0.76,0.75,0.74,0.77,0.62,0.73,CM,MID,5
Maghnes Akliouche,RM,France,0.76,0.74,0.68,0.75,0.8,0.48,0.59,0.74,0.74,0.79,0.75,0.8,0.74,0.58,0.64,0.62,0.52,0.44,0.46,0.48,0.46,0.64,RM,MID,1
Rodrigo Aliendro,CDM,Argentina,0.76,0.7,0.7,0.74,0.79,0.72,0.77,0.78,0.63,0.77,0.86,0.79,0.76,0.75,0.76,0.81,0.75,0.74,0.68,0.72,0.69,0.76,CDM,MID,5
Stephen Eustáquio,CDM,Canada,0.76,0.66,0.66,0.75,0.73,0.72,0.73,0.67,0.65,0.72,0.73,0.77,0.75,0.69,0.77,0.75,0.74,0.72,0.74,0.75,0.55,0.72,CDM,MID,5
Santiago Ascacíbar,CM,Argentina,0.76,0.7,0.7,0.71,0.75,0.73,0.71,0.78,0.64,0.81,0.88,0.78,0.75,0.57,0.87,0.76,0.77,0.75,0.75,0.71,0.57,0.77,CM,MID,5
Hernani,CDM,Brazil,0.76,0.6,0.7,0.71,0.72,0.73,0.75,0.6,0.6,0.67,0.54,0.74,0.73,0.75,0.72,0.73,0.74,0.7,0.73,0.77,0.66,0.78,CDM,MID,5
Tommaso Baldanzi,CAM,Italy,0.76,0.78,0.72,0.73,0.79,0.41,0.5,0.77,0.78,0.83,0.88,0.78,0.7,0.4,0.68,0.54,0.41,0.48,0.42,0.33,0.48,0.77,CAM,MID,1
Taison,CAM,Brazil,0.76,0.82,0.75,0.73,0.81,0.44,0.65,0.81,0.82,0.82,0.82,0.83,0.58,0.65,0.7,0.73,0.53,0.4,0.32,0.42,0.56,0.78,CAM,MID,1
Enis Bardhi,CAM,North Macedonia,0.76,0.71,0.77,0.77,0.78,0.58,0.53,0.77,0.66,0.84,0.85,0.77,0.7,0.4,0.71,0.56,0.59,0.54,0.57,0.62,0.51,0.85,CAM,MID,1
Leandro Barreiro Martins,CM,Luxembourg,0.76,0.72,0.63,0.69,0.79,0.73,0.64,0.76,0.69,0.88,0.91,0.78,0.77,0.48,0.86,0.6,0.74,0.71,0.75,0.79,0.52,0.62,CM,MID,5
Pablo Barrios,CM,Spain,0.76,0.76,0.68,0.72,0.75,0.69,0.63,0.77,0.75,0.72,0.62,0.77,0.73,0.63,0.64,0.71,0.71,0.63,0.66,0.78,0.57,0.72,CM,MID,5
Mourad Batna,RM,Morocco,0.76,0.72,0.74,0.74,0.77,0.36,0.79,0.73,0.72,0.74,0.63,0.77,0.76,0.84,0.8,0.75,0.34,0.31,0.28,0.36,0.66,0.8,RM,MID,1
Martin Baturina,CAM,Croatia,0.76,0.76,0.7,0.77,0.81,0.59,0.67,0.77,0.75,0.78,0.84,0.82,0.7,0.63,0.78,0.67,0.6,0.58,0.62,0.58,0.49,0.76,CAM,MID,5
Patrick Berg,CDM,Norway,0.76,0.73,0.64,0.74,0.73,0.7,0.78,0.72,0.74,0.7,0.77,0.75,0.75,0.75,0.92,0.74,0.71,0.68,0.71,0.73,0.58,0.67,CDM,MID,5
Sander Berge,CM,Norway,0.76,0.53,0.65,0.73,0.71,0.75,0.85,0.51,0.55,0.47,0.33,0.77,0.76,0.91,0.81,0.81,0.76,0.72,0.75,0.76,0.74,0.76,CM,MID,0
Hicham Boudaoui,CM,Algeria,0.76,0.75,0.65,0.73,0.77,0.74,0.74,0.74,0.75,0.79,0.77,0.78,0.77,0.67,0.86,0.79,0.76,0.75,0.72,0.72,0.73,0.65,CM,MID,5
Malcom Braida,LM,Argentina,0.76,0.82,0.69,0.7,0.76,0.72,0.72,0.84,0.81,0.83,0.72,0.75,0.7,0.67,0.82,0.75,0.7,0.74,0.76,0.73,0.57,0.74,LM,MID,5
Josip Brekalo,CAM,Croatia,0.76,0.75,0.72,0.75,0.81,0.38,0.54,0.79,0.72,0.86,0.83,0.81,0.71,0.5,0.7,0.6,0.42,0.4,0.35,0.3,0.45,0.78,CAM,MID,1
Rémy Cabella,CAM,France,0.76,0.68,0.71,0.76,0.8,0.4,0.5,0.69,0.67,0.79,0.81,0.8,0.72,0.45,0.62,0.58,0.33,0.31,0.35,0.55,0.57,0.72,CAM,MID,1
Mahdi Camara,CM,France,0.76,0.61,0.63,0.72,0.76,0.75,0.75,0.68,0.55,0.75,0.71,0.77,0.77,0.73,0.79,0.75,0.76,0.72,0.76,0.77,0.69,0.69,CM,MID,5
Jaminton Campaz,LM,Colombia,0.76,0.85,0.72,0.72,0.77,0.3,0.55,0.86,0.84,0.77,0.83,0.75,0.72,0.55,0.72,0.62,0.22,0.28,0.37,0.29,0.39,0.76,LM,MID,1
Franco Cervi,LM,Argentina,0.76,0.88,0.67,0.72,0.78,0.55,0.52,0.89,0.88,0.93,0.92,0.76,0.72,0.31,0.77,0.56,0.64,0.52,0.51,0.5,0.48,0.68,LM,MID,1
Pedro Chirivella,CDM,Spain,0.76,0.54,0.54,0.71,0.71,0.7,0.72,0.53,0.54,0.72,0.65,0.77,0.78,0.64,0.9,0.62,0.71,0.7,0.7,0.73,0.58,0.68,CDM,MID,0
Ryan Christie,CM,Scotland,0.76,0.76,0.7,0.75,0.77,0.71,0.78,0.76,0.76,0.78,0.8,0.76,0.75,0.74,0.85,0.73,0.73,0.72,0.7,0.78,0.53,0.77,CM,MID,5
Geny Catamo,RM,Mozambique,0.76,0.88,0.7,0.66,0.81,0.64,0.58,0.87,0.89,0.88,0.8,0.82,0.69,0.5,0.75,0.66,0.66,0.58,0.67,0.65,0.52,0.74,RM,MID,1
Gustavo Cuéllar,CDM,Colombia,0.76,0.7,0.5,0.65,0.69,0.74,0.85,0.71,0.69,0.71,0.7,0.7,0.73,0.8,0.94,0.79,0.75,0.72,0.74,0.76,0.65,0.71,CDM,MID,5
Josh Cullen,CDM,Republic of Ireland,0.76,0.6,0.61,0.75,0.73,0.72,0.7,0.69,0.52,0.75,0.8,0.76,0.76,0.63,0.85,0.69,0.75,0.72,0.72,0.75,0.61,0.68,CDM,MID,5
Mahmoud Dahoud,CM,Germany,0.76,0.64,0.67,0.75,0.8,0.65,0.67,0.75,0.55,0.85,0.84,0.81,0.74,0.59,0.77,0.6,0.61,0.59,0.72,0.75,0.44,0.8,CM,MID,5
Johnny Cardoso,CDM,United States,0.76,0.73,0.66,0.72,0.75,0.75,0.67,0.74,0.73,0.78,0.57,0.79,0.73,0.67,0.7,0.68,0.78,0.76,0.78,0.77,0.52,0.74,CDM,MID,5
Thomas Delaney,CDM,Denmark,0.76,0.64,0.69,0.71,0.7,0.78,0.76,0.62,0.66,0.69,0.72,0.71,0.75,0.76,0.71,0.79,0.75,0.77,0.8,0.8,0.75,0.76,CDM,MID,5
Junior Dina Ebimbe,RM,France,0.76,0.85,0.63,0.71,0.76,0.7,0.78,0.84,0.86,0.77,0.75,0.78,0.76,0.77,0.82,0.81,0.72,0.61,0.71,0.75,0.59,0.71,RM,MID,5
Eren Dinkçi,RM,Germany,0.76,0.91,0.75,0.68,0.75,0.31,0.59,0.87,0.94,0.72,0.75,0.75,0.71,0.55,0.84,0.75,0.28,0.19,0.3,0.27,0.64,0.74,RM,MID,1
Désiré Doué,LM,France,0.76,0.78,0.69,0.72,0.81,0.52,0.64,0.79,0.78,0.77,0.75,0.8,0.75,0.64,0.66,0.63,0.56,0.51,0.52,0.51,0.38,0.73,LM,MID,1
Chidera Ejuke,LM,Nigeria,0.76,0.9,0.68,0.7,0.8,0.37,0.62,0.94,0.87,0.93,0.93,0.75,0.68,0.61,0.7,0.67,0.46,0.38,0.3,0.33,0.37,0.72,LM,MID,1
Bilal El Khannouss,CAM,Morocco,0.76,0.71,0.6,0.78,0.81,0.37,0.56,0.78,0.66,0.91,0.85,0.84,0.74,0.56,0.71,0.56,0.39,0.37,0.34,0.41,0.27,0.65,CAM,MID,1
Anthony Elanga,RM,Sweden,0.76,0.87,0.69,0.68,0.78,0.39,0.69,0.89,0.86,0.83,0.79,0.76,0.74,0.71,0.75,0.83,0.38,0.33,0.38,0.31,0.67,0.69,RM,MID,1
Nicolò Fagioli,CDM,Italy,0.76,0.76,0.63,0.78,0.79,0.7,0.68,0.74,0.77,0.76,0.77,0.81,0.76,0.62,0.77,0.7,0.74,0.72,0.69,0.7,0.58,0.76,CDM,MID,5
Leonardo Fernández,CAM,Uruguay,0.76,0.78,0.79,0.76,0.75,0.44,0.64,0.78,0.78,0.82,0.83,0.76,0.7,0.64,0.68,0.63,0.45,0.5,0.46,0.38,0.4,0.88,CAM,MID,1
Valery,LM,Spain,0.76,0.87,0.68,0.7,0.76,0.67,0.69,0.88,0.87,0.79,0.75,0.76,0.72,0.65,0.8,0.7,0.72,0.67,0.68,0.71,0.45,0.67,LM,MID,5
Álex Fernández,CM,Spain,0.76,0.49,0.7,0.78,0.71,0.67,0.63,0.61,0.39,0.77,0.7,0.76,0.76,0.57,0.73,0.62,0.73,0.66,0.66,0.65,0.58,0.68,CM,MID,5
Jordan Ferri,CDM,France,0.76,0.52,0.65,0.74,0.74,0.7,0.74,0.55,0.5,0.69,0.84,0.76,0.76,0.68,0.8,0.62,0.72,0.67,0.71,0.75,0.53,0.77,CDM,MID,5
Michael Folorunsho,CAM,Italy,0.76,0.73,0.76,0.74,0.75,0.71,0.82,0.7,0.75,0.71,0.57,0.78,0.77,0.81,0.85,0.83,0.72,0.69,0.69,0.72,0.73,0.84,CAM,MID,5
Pablo Fornals,LM,Spain,0.76,0.64,0.7,0.77,0.76,0.69,0.71,0.68,0.61,0.76,0.73,0.79,0.75,0.67,0.81,0.65,0.72,0.71,0.7,0.72,0.5,0.76,LM,MID,5
Morten Frendrup,CM,Denmark,0.76,0.78,0.6,0.66,0.76,0.73,0.77,0.8,0.77,0.72,0.77,0.77,0.79,0.68,0.92,0.74,0.75,0.74,0.76,0.75,0.57,0.69,CM,MID,5
Dani García,CM,Spain,0.76,0.47,0.63,0.71,0.7,0.78,0.84,0.44,0.5,0.62,0.78,0.76,0.82,0.81,0.89,0.69,0.8,0.78,0.78,0.82,0.63,0.69,CM,MID,0
Yannick Gerhardt,CM,Germany,0.76,0.69,0.7,0.74,0.75,0.7,0.77,0.66,0.72,0.67,0.68,0.8,0.78,0.76,0.8,0.72,0.7,0.65,0.75,0.73,0.57,0.78,CM,MID,5
Bryan Gil,LM,Spain,0.76,0.75,0.67,0.74,0.81,0.31,0.4,0.76,0.74,0.89,0.79,0.78,0.76,0.33,0.45,0.46,0.32,0.3,0.31,0.3,0.34,0.64,LM,MID,1
Oscar Gloukh,CAM,Israel,0.76,0.83,0.7,0.71,0.82,0.36,0.48,0.88,0.78,0.87,0.85,0.82,0.61,0.36,0.71,0.59,0.32,0.28,0.42,0.28,0.52,0.71,CAM,MID,1
Gabriel Sara,CM,Brazil,0.76,0.74,0.74,0.77,0.76,0.59,0.8,0.74,0.74,0.71,0.76,0.77,0.75,0.79,0.85,0.81,0.62,0.52,0.57,0.55,0.68,0.83,CM,MID,5
Idrissa Gueye,CDM,Senegal,0.76,0.6,0.6,0.66,0.71,0.78,0.68,0.66,0.55,0.77,0.76,0.73,0.74,0.58,0.77,0.68,0.8,0.77,0.76,0.84,0.69,0.77,CDM,MID,5
Robin Hack,LM,Germany,0.76,0.8,0.74,0.7,0.79,0.33,0.6,0.84,0.76,0.87,0.86,0.78,0.72,0.57,0.81,0.67,0.31,0.29,0.33,0.29,0.49,0.75,LM,MID,1
Gustavo Hamer,CM,Holland,0.76,0.69,0.7,0.77,0.74,0.73,0.77,0.7,0.68,0.77,0.89,0.76,0.75,0.7,0.83,0.74,0.74,0.7,0.73,0.76,0.7,0.76,CM,MID,5
Amine Harit,CM,Morocco,0.76,0.77,0.65,0.74,0.81,0.6,0.57,0.8,0.75,0.81,0.73,0.8,0.82,0.46,0.74,0.63,0.62,0.48,0.58,0.68,0.55,0.64,CM,MID,5
Jack Harrison,RM,England,0.76,0.79,0.71,0.7,0.78,0.49,0.69,0.8,0.78,0.81,0.8,0.77,0.74,0.64,0.82,0.67,0.43,0.44,0.6,0.44,0.45,0.78,RM,MID,1
Reo Hatate,CM,Japan,0.76,0.7,0.74,0.73,0.8,0.64,0.67,0.76,0.65,0.83,0.9,0.79,0.8,0.64,0.72,0.69,0.66,0.59,0.66,0.65,0.52,0.82,CM,MID,5
Vitaly Janelt,CM,Germany,0.76,0.6,0.7,0.73,0.73,0.73,0.78,0.66,0.55,0.68,0.64,0.78,0.78,0.76,0.83,0.72,0.76,0.72,0.74,0.75,0.55,0.77,CM,MID,5
Florian Kainz,CAM,Austria,0.76,0.71,0.74,0.77,0.77,0.44,0.61,0.75,0.67,0.84,0.82,0.77,0.77,0.54,0.68,0.64,0.41,0.34,0.55,0.31,0.55,0.77,CAM,MID,1
Kaan Kairinen,CM,Finland,0.76,0.64,0.63,0.77,0.75,0.68,0.73,0.66,0.63,0.71,0.69,0.77,0.76,0.72,0.8,0.73,0.7,0.63,0.67,0.73,0.64,0.71,CM,MID,5
Ansgar Knauff,RM,Germany,0.76,0.91,0.69,0.68,0.76,0.52,0.64,0.88,0.93,0.79,0.77,0.75,0.72,0.55,0.83,0.67,0.48,0.44,0.58,0.54,0.48,0.7,RM,MID,1
Kouadio Manu Koné,CM,France,0.76,0.72,0.72,0.73,0.81,0.69,0.75,0.76,0.68,0.78,0.77,0.82,0.75,0.75,0.76,0.8,0.74,0.7,0.64,0.7,0.68,0.86,CM,MID,5
Lee Jae Sung,CAM,Korea Republic,0.76,0.69,0.71,0.72,0.81,0.59,0.61,0.74,0.64,0.85,0.82,0.81,0.77,0.48,0.85,0.7,0.59,0.52,0.53,0.65,0.74,0.71,CAM,MID,5
Sean Longstaff,CM,England,0.76,0.56,0.68,0.73,0.73,0.73,0.71,0.56,0.56,0.59,0.64,0.75,0.74,0.66,0.86,0.61,0.76,0.65,0.75,0.77,0.53,0.77,CM,MID,5
Maxime Lopez,CM,France,0.76,0.67,0.69,0.77,0.79,0.65,0.54,0.7,0.65,0.91,0.93,0.78,0.75,0.31,0.83,0.55,0.68,0.62,0.64,0.66,0.62,0.7,CM,MID,5
Fermín,CM,Spain,0.76,0.74,0.73,0.68,0.78,0.62,0.54,0.75,0.73,0.83,0.81,0.77,0.76,0.43,0.7,0.69,0.74,0.6,0.43,0.66,0.76,0.7,CM,MID,5
Diego López,LM,Spain,0.76,0.79,0.7,0.71,0.75,0.37,0.6,0.79,0.79,0.74,0.71,0.77,0.72,0.6,0.69,0.72,0.3,0.3,0.41,0.35,0.59,0.68,LM,MID,1
Tiago Silva,CM,Portugal,0.76,0.71,0.76,0.76,0.77,0.64,0.62,0.73,0.69,0.75,0.8,0.78,0.76,0.52,0.73,0.59,0.68,0.66,0.61,0.69,0.49,0.82,CM,MID,5
Arne Maier,CM,Germany,0.76,0.62,0.62,0.74,0.75,0.69,0.74,0.66,0.58,0.68,0.72,0.77,0.77,0.77,0.81,0.68,0.72,0.7,0.71,0.7,0.49,0.75,CM,MID,5
Orel Mangala,CM,Belgium,0.76,0.69,0.58,0.72,0.82,0.72,0.76,0.75,0.64,0.77,0.84,0.82,0.78,0.74,0.78,0.72,0.73,0.72,0.76,0.73,0.51,0.66,CM,MID,5
Óscar Valentín,CDM,Spain,0.76,0.65,0.47,0.65,0.64,0.75,0.76,0.64,0.65,0.64,0.69,0.69,0.65,0.72,0.82,0.7,0.81,0.77,0.73,0.78,0.59,0.72,CDM,MID,0
Azor Matusiwa,CDM,Holland,0.76,0.51,0.49,0.65,0.7,0.74,0.79,0.6,0.43,0.74,0.78,0.71,0.75,0.76,0.83,0.71,0.76,0.72,0.75,0.78,0.59,0.65,CDM,MID,0
Melendo,CM,Spain,0.76,0.77,0.67,0.77,0.78,0.6,0.6,0.79,0.75,0.86,0.88,0.78,0.77,0.56,0.63,0.63,0.68,0.53,0.5,0.74,0.45,0.63,CM,MID,1
João Paulo,CDM,Brazil,0.76,0.65,0.69,0.76,0.75,0.72,0.77,0.66,0.64,0.73,0.77,0.77,0.73,0.8,0.74,0.73,0.73,0.69,0.78,0.71,0.55,0.78,CDM,MID,5
Sam Morsy,CDM,Egypt,0.76,0.57,0.61,0.67,0.69,0.72,0.81,0.6,0.55,0.66,0.76,0.72,0.73,0.78,0.85,0.7,0.74,0.72,0.74,0.75,0.55,0.65,CDM,MID,0
Marshall Munetsi,CM,Zimbabwe,0.76,0.69,0.69,0.71,0.72,0.73,0.8,0.63,0.73,0.54,0.55,0.76,0.76,0.8,0.89,0.77,0.75,0.7,0.72,0.75,0.68,0.77,CM,MID,5
Youssouf Ndayishimiye,CDM,Burundi,0.76,0.7,0.49,0.68,0.72,0.76,0.8,0.68,0.72,0.68,0.64,0.75,0.75,0.83,0.83,0.84,0.75,0.73,0.77,0.78,0.75,0.6,CDM,MID,5
Tanguy Ndombele,CM,France,0.76,0.62,0.7,0.77,0.83,0.68,0.68,0.61,0.63,0.8,0.86,0.83,0.7,0.75,0.48,0.69,0.72,0.69,0.67,0.69,0.56,0.79,CM,MID,5
Florian Neuhaus,CM,Germany,0.76,0.67,0.71,0.74,0.77,0.66,0.69,0.64,0.69,0.77,0.77,0.78,0.77,0.67,0.74,0.66,0.67,0.64,0.66,0.69,0.55,0.75,CM,MID,5
Salih Özcan,CDM,Turkey,0.76,0.71,0.59,0.68,0.74,0.76,0.79,0.76,0.66,0.77,0.84,0.73,0.72,0.79,0.76,0.86,0.77,0.74,0.74,0.8,0.73,0.65,CDM,MID,5
Carles Pérez,RM,Spain,0.76,0.8,0.74,0.7,0.8,0.37,0.63,0.81,0.79,0.81,0.85,0.83,0.76,0.64,0.64,0.76,0.37,0.34,0.38,0.23,0.62,0.85,RM,MID,1
Portu,RM,Spain,0.76,0.82,0.77,0.73,0.76,0.56,0.76,0.83,0.81,0.82,0.81,0.75,0.74,0.72,0.79,0.82,0.55,0.53,0.55,0.55,0.69,0.8,RM,MID,5
Beñat Prados,CM,Spain,0.76,0.7,0.62,0.74,0.76,0.75,0.76,0.74,0.66,0.79,0.82,0.8,0.81,0.73,0.82,0.77,0.78,0.7,0.79,0.74,0.65,0.7,CM,MID,5
Grischa Prömel,CM,Germany,0.76,0.64,0.73,0.7,0.73,0.75,0.8,0.65,0.63,0.67,0.67,0.75,0.77,0.76,0.89,0.83,0.75,0.72,0.74,0.76,0.77,0.77,CM,MID,5
Lucas Robertone,CM,Argentina,0.76,0.79,0.73,0.76,0.76,0.71,0.72,0.83,0.76,0.85,0.75,0.77,0.75,0.61,0.84,0.85,0.77,0.75,0.61,0.75,0.69,0.78,CM,MID,5
Dani Rodríguez,LM,Spain,0.76,0.81,0.74,0.75,0.73,0.63,0.69,0.78,0.84,0.65,0.7,0.76,0.75,0.68,0.77,0.73,0.69,0.64,0.58,0.64,0.56,0.72,LM,MID,5
Michal Sadílek,CDM,Czech Republic,0.76,0.56,0.65,0.74,0.72,0.72,0.78,0.75,0.4,0.72,0.84,0.73,0.73,0.75,0.84,0.71,0.72,0.74,0.73,0.73,0.64,0.73,CDM,MID,5
Ismael Saibari,CAM,Morocco,0.76,0.81,0.69,0.72,0.79,0.47,0.76,0.78,0.84,0.77,0.78,0.82,0.78,0.82,0.72,0.72,0.49,0.41,0.49,0.47,0.44,0.74,CAM,MID,1
Morgan Sanson,CM,France,0.76,0.65,0.73,0.77,0.76,0.7,0.74,0.69,0.61,0.74,0.69,0.77,0.76,0.72,0.79,0.74,0.74,0.71,0.68,0.71,0.65,0.79,CM,MID,5
Danilo,CDM,Brazil,0.76,0.68,0.63,0.69,0.73,0.73,0.7,0.69,0.68,0.77,0.76,0.76,0.77,0.6,0.84,0.68,0.75,0.69,0.73,0.78,0.6,0.68,CDM,MID,5
Fábio Martins,LM,Portugal,0.76,0.76,0.73,0.71,0.81,0.46,0.7,0.78,0.75,0.85,0.77,0.79,0.77,0.63,0.78,0.76,0.48,0.52,0.37,0.44,0.68,0.78,LM,MID,1
Antoine Semenyo,RM,Ghana,0.76,0.85,0.72,0.67,0.77,0.27,0.75,0.81,0.88,0.73,0.68,0.77,0.74,0.8,0.72,0.83,0.27,0.33,0.2,0.15,0.63,0.78,RM,MID,1
Moses Simon,LM,Nigeria,0.76,0.89,0.69,0.7,0.8,0.33,0.61,0.88,0.89,0.9,0.92,0.77,0.7,0.66,0.69,0.71,0.31,0.33,0.3,0.34,0.46,0.73,LM,MID,1
Manor Solomon,LM,Israel,0.76,0.82,0.72,0.73,0.8,0.43,0.42,0.84,0.81,0.84,0.82,0.75,0.66,0.34,0.66,0.5,0.47,0.35,0.5,0.35,0.38,0.76,LM,MID,1
Willian Arão,CDM,Brazil,0.76,0.67,0.62,0.67,0.68,0.76,0.82,0.65,0.69,0.68,0.57,0.71,0.69,0.82,0.86,0.75,0.77,0.73,0.74,0.79,0.74,0.75,CDM,MID,5
Taras Stepanenko,CDM,Ukraine,0.76,0.64,0.58,0.71,0.69,0.75,0.77,0.66,0.63,0.63,0.73,0.72,0.68,0.76,0.73,0.8,0.75,0.74,0.75,0.76,0.74,0.71,CDM,MID,5
Crysencio Summerville,LM,Holland,0.76,0.91,0.71,0.67,0.79,0.35,0.6,0.93,0.9,0.88,0.83,0.76,0.71,0.57,0.74,0.65,0.38,0.26,0.44,0.18,0.41,0.71,LM,MID,1
Marcus Tavernier,LM,England,0.76,0.77,0.72,0.71,0.78,0.6,0.64,0.78,0.77,0.78,0.79,0.76,0.74,0.6,0.82,0.67,0.66,0.57,0.59,0.59,0.5,0.75,LM,MID,5
Nathan Tella,RM,Nigeria,0.76,0.85,0.7,0.69,0.79,0.36,0.59,0.9,0.81,0.85,0.83,0.78,0.65,0.52,0.75,0.71,0.34,0.27,0.38,0.29,0.58,0.8,RM,MID,1
Corentin Tolisso,CM,France,0.76,0.55,0.76,0.74,0.73,0.74,0.73,0.52,0.57,0.6,0.7,0.75,0.75,0.75,0.66,0.77,0.75,0.72,0.73,0.75,0.77,0.86,CM,MID,5
Lucas Tousart,CDM,France,0.76,0.65,0.56,0.65,0.69,0.76,0.82,0.52,0.75,0.59,0.65,0.7,0.7,0.82,0.82,0.79,0.77,0.75,0.75,0.76,0.75,0.73,CDM,MID,0
Manu Trigueros,CM,Spain,0.76,0.45,0.72,0.78,0.73,0.69,0.62,0.43,0.46,0.65,0.66,0.77,0.75,0.6,0.65,0.6,0.7,0.65,0.69,0.73,0.65,0.78,CM,MID,0
Branco van den Boomen,CM,Holland,0.76,0.51,0.75,0.83,0.69,0.64,0.72,0.54,0.49,0.58,0.39,0.77,0.71,0.73,0.68,0.68,0.68,0.67,0.66,0.57,0.61,0.79,CM,MID,0
Arthur Vermeeren,CDM,Belgium,0.76,0.75,0.55,0.75,0.77,0.71,0.69,0.77,0.74,0.79,0.76,0.78,0.68,0.61,0.9,0.68,0.72,0.66,0.75,0.75,0.52,0.66,CDM,MID,5
Harry Winks,CDM,England,0.76,0.57,0.6,0.76,0.77,0.7,0.68,0.65,0.5,0.76,0.76,0.79,0.77,0.6,0.76,0.62,0.71,0.67,0.73,0.74,0.52,0.69,CDM,MID,5
Zaydou Youssouf,CM,France,0.76,0.7,0.65,0.73,0.79,0.7,0.8,0.68,0.71,0.72,0.74,0.79,0.74,0.81,0.8,0.76,0.72,0.64,0.72,0.7,0.59,0.74,CM,MID,5
Rodrigo Zalazar,CM,Uruguay,0.76,0.78,0.77,0.73,0.78,0.66,0.72,0.77,0.78,0.85,0.81,0.78,0.76,0.65,0.84,0.7,0.68,0.62,0.67,0.69,0.54,0.84,CM,MID,5
Adem Zorgane,CM,Algeria,0.76,0.55,0.71,0.77,0.74,0.69,0.83,0.59,0.52,0.64,0.61,0.77,0.74,0.82,0.91,0.75,0.73,0.68,0.67,0.7,0.62,0.79,CM,MID,5
Oleksandr Zubkov,RM,Ukraine,0.76,0.83,0.72,0.69,0.76,0.28,0.63,0.78,0.87,0.65,0.66,0.76,0.74,0.65,0.67,0.72,0.28,0.24,0.15,0.34,0.56,0.78,RM,MID,1
Laurent Abergel,CDM,France,0.75,0.65,0.5,0.69,0.72,0.71,0.75,0.7,0.61,0.74,0.83,0.74,0.73,0.68,0.9,0.66,0.74,0.73,0.7,0.74,0.53,0.69,CDM,MID,5
Zakaria Aboukhlal,RM,Morocco,0.75,0.84,0.72,0.69,0.75,0.41,0.75,0.86,0.82,0.85,0.75,0.73,0.71,0.72,0.87,0.74,0.44,0.34,0.53,0.2,0.49,0.74,RM,MID,1
Musa Al Tamari,RM,Jordan,0.75,0.89,0.69,0.67,0.8,0.38,0.58,0.88,0.9,0.93,0.88,0.77,0.7,0.51,0.66,0.6,0.41,0.34,0.25,0.54,0.39,0.68,RM,MID,1
Oberdan,CDM,Brazil,0.75,0.82,0.63,0.67,0.73,0.7,0.76,0.79,0.84,0.76,0.77,0.75,0.75,0.75,0.9,0.72,0.74,0.67,0.69,0.77,0.49,0.68,CDM,MID,5
Samu,CM,Portugal,0.75,0.77,0.71,0.72,0.79,0.59,0.65,0.77,0.77,0.83,0.8,0.77,0.7,0.57,0.85,0.64,0.67,0.66,0.47,0.65,0.48,0.68,CM,MID,5
Nordin Amrabat,RM,Morocco,0.75,0.78,0.68,0.74,0.76,0.55,0.86,0.76,0.79,0.82,0.8,0.75,0.73,0.89,0.8,0.83,0.62,0.53,0.45,0.59,0.59,0.73,RM,MID,5
Elliot Anderson,CM,Scotland,0.75,0.72,0.66,0.72,0.79,0.69,0.77,0.75,0.69,0.79,0.83,0.78,0.75,0.76,0.79,0.87,0.71,0.66,0.65,0.68,0.76,0.68,CM,MID,5
Houssem Aouar,CM,Algeria,0.75,0.64,0.68,0.75,0.79,0.64,0.63,0.65,0.64,0.78,0.81,0.8,0.75,0.6,0.66,0.65,0.64,0.58,0.66,0.68,0.59,0.69,CM,MID,5
Claudio Aquino,CAM,Argentina,0.75,0.75,0.75,0.75,0.78,0.45,0.72,0.81,0.7,0.85,0.87,0.77,0.74,0.75,0.69,0.79,0.48,0.43,0.35,0.5,0.58,0.86,CAM,MID,1
Kristjan Asllani,CDM,Albania,0.75,0.66,0.61,0.74,0.74,0.7,0.69,0.65,0.66,0.64,0.74,0.78,0.7,0.65,0.76,0.69,0.74,0.68,0.68,0.71,0.64,0.72,CDM,MID,5
Iddrisu Baba,CDM,Ghana,0.75,0.61,0.64,0.66,0.68,0.71,0.76,0.62,0.61,0.51,0.6,0.72,0.76,0.76,0.77,0.74,0.76,0.71,0.64,0.78,0.64,0.59,CDM,MID,0
Dilane Bakwa,RM,France,0.75,0.85,0.68,0.7,0.78,0.3,0.62,0.81,0.89,0.84,0.71,0.78,0.68,0.69,0.74,0.67,0.26,0.28,0.27,0.35,0.44,0.71,RM,MID,1
Michel Ange Balikwisha,LM,Belgium,0.75,0.82,0.69,0.71,0.76,0.53,0.65,0.84,0.81,0.85,0.79,0.77,0.69,0.52,0.84,0.59,0.6,0.51,0.47,0.62,0.38,0.71,LM,MID,1
Kike Barja,RM,Spain,0.75,0.76,0.67,0.69,0.76,0.35,0.59,0.78,0.74,0.75,0.62,0.77,0.71,0.6,0.66,0.71,0.3,0.31,0.35,0.33,0.59,0.66,RM,MID,1
Jean-Ricner Bellegarde,CM,France,0.75,0.81,0.63,0.73,0.79,0.69,0.72,0.8,0.81,0.83,0.86,0.79,0.75,0.68,0.8,0.76,0.72,0.69,0.68,0.7,0.61,0.69,CM,MID,5
Tomás Belmonte,CDM,Argentina,0.75,0.68,0.65,0.66,0.73,0.73,0.79,0.67,0.69,0.68,0.66,0.75,0.72,0.74,0.84,0.84,0.73,0.67,0.7,0.78,0.81,0.69,CDM,MID,5
Adrián Bernabé,CAM,Spain,0.75,0.79,0.7,0.74,0.78,0.67,0.65,0.83,0.76,0.84,0.85,0.79,0.67,0.55,0.82,0.65,0.72,0.67,0.67,0.68,0.46,0.72,CAM,MID,5
Artem Bondarenko,CAM,Ukraine,0.75,0.75,0.69,0.71,0.75,0.63,0.64,0.73,0.76,0.69,0.56,0.77,0.76,0.6,0.69,0.71,0.64,0.58,0.61,0.67,0.62,0.73,CAM,MID,5
Marius Bülter,LM,Germany,0.75,0.84,0.76,0.68,0.73,0.48,0.76,0.78,0.89,0.69,0.7,0.73,0.75,0.77,0.76,0.81,0.53,0.42,0.45,0.38,0.64,0.83,LM,MID,1
Jamie Bynoe-Gittens,LM,England,0.75,0.9,0.66,0.62,0.82,0.26,0.55,0.92,0.89,0.9,0.84,0.79,0.74,0.54,0.7,0.63,0.22,0.24,0.25,0.26,0.42,0.65,LM,MID,1
Tom Cairney,CM,Scotland,0.75,0.52,0.72,0.78,0.75,0.63,0.65,0.53,0.51,0.68,0.67,0.78,0.77,0.68,0.66,0.64,0.64,0.48,0.67,0.64,0.58,0.73,CM,MID,5
Alessio Castro-Montes,RM,Belgium,0.75,0.75,0.69,0.73,0.73,0.72,0.71,0.74,0.76,0.75,0.75,0.72,0.73,0.63,0.86,0.74,0.73,0.73,0.71,0.72,0.68,0.73,RM,MID,5
Santi Cazorla,CM,Spain,0.75,0.53,0.74,0.81,0.78,0.61,0.56,0.55,0.52,0.69,0.88,0.8,0.71,0.55,0.54,0.61,0.63,0.56,0.63,0.58,0.6,0.74,CM,MID,5
Edwuin Cetré,LM,Colombia,0.75,0.87,0.72,0.67,0.78,0.41,0.69,0.83,0.91,0.88,0.83,0.76,0.72,0.68,0.86,0.72,0.43,0.38,0.4,0.35,0.5,0.74,LM,MID,1
Tomás Chancalay,LM,Argentina,0.75,0.84,0.72,0.7,0.79,0.4,0.62,0.84,0.84,0.85,0.8,0.76,0.69,0.58,0.72,0.72,0.42,0.38,0.3,0.42,0.57,0.79,LM,MID,1
Conor Chaplin,CAM,England,0.75,0.84,0.74,0.7,0.76,0.46,0.64,0.85,0.83,0.89,0.91,0.75,0.74,0.55,0.74,0.79,0.38,0.43,0.5,0.4,0.72,0.72,CAM,MID,1
Rayan Cherki,CAM,France,0.75,0.68,0.67,0.74,0.84,0.21,0.61,0.7,0.66,0.81,0.81,0.79,0.72,0.67,0.55,0.56,0.23,0.15,0.19,0.22,0.28,0.76,CAM,MID,1
Joris Chotard,CDM,France,0.75,0.64,0.57,0.73,0.75,0.71,0.68,0.64,0.64,0.76,0.71,0.75,0.73,0.6,0.77,0.65,0.73,0.66,0.72,0.75,0.58,0.61,CDM,MID,5
Jack Clarke,LM,England,0.75,0.83,0.72,0.68,0.76,0.4,0.6,0.84,0.82,0.84,0.78,0.73,0.73,0.54,0.77,0.64,0.35,0.33,0.46,0.39,0.48,0.71,LM,MID,1
Santiago Colombatto,CDM,Argentina,0.75,0.74,0.7,0.75,0.72,0.7,0.77,0.74,0.74,0.76,0.79,0.73,0.71,0.73,0.84,0.76,0.73,0.72,0.69,0.72,0.61,0.76,CDM,MID,5
Santi Comesaña,CM,Spain,0.75,0.57,0.69,0.68,0.73,0.76,0.74,0.59,0.56,0.61,0.55,0.76,0.77,0.75,0.76,0.72,0.8,0.78,0.77,0.73,0.66,0.69,CM,MID,0
Maxwel Cornet,LM,Côte d'Ivoire,0.75,0.85,0.75,0.7,0.76,0.67,0.7,0.83,0.86,0.75,0.78,0.76,0.69,0.7,0.66,0.8,0.7,0.66,0.64,0.66,0.69,0.8,LM,MID,5
Bobby De Cordova-Reid,RM,Jamaica,0.75,0.74,0.72,0.72,0.76,0.6,0.63,0.77,0.72,0.86,0.86,0.74,0.76,0.6,0.74,0.75,0.59,0.55,0.59,0.59,0.69,0.69,RM,MID,5
Leander Dendoncker,CM,Belgium,0.75,0.53,0.69,0.75,0.7,0.76,0.78,0.4,0.64,0.49,0.52,0.76,0.72,0.83,0.72,0.77,0.78,0.75,0.74,0.76,0.77,0.83,CM,MID,0
Amad Diallo,RM,Côte d'Ivoire,0.75,0.85,0.71,0.68,0.8,0.25,0.5,0.88,0.82,0.92,0.87,0.8,0.69,0.45,0.65,0.61,0.25,0.22,0.19,0.22,0.48,0.74,RM,MID,1
Krépin Diatta,RM,Senegal,0.75,0.89,0.69,0.66,0.78,0.5,0.67,0.9,0.89,0.89,0.76,0.75,0.7,0.61,0.84,0.78,0.42,0.5,0.55,0.48,0.62,0.73,RM,MID,1
Niklas Dorsch,CDM,Germany,0.75,0.7,0.72,0.73,0.78,0.71,0.72,0.73,0.68,0.8,0.84,0.8,0.73,0.69,0.75,0.73,0.73,0.71,0.73,0.71,0.61,0.82,CDM,MID,5
Abdoulaye Doucouré,CAM,Mali,0.75,0.57,0.78,0.72,0.74,0.77,0.82,0.65,0.51,0.61,0.63,0.74,0.79,0.82,0.84,0.82,0.77,0.74,0.76,0.8,0.72,0.84,CAM,MID,5
Flynn Downes,CDM,England,0.75,0.64,0.53,0.71,0.73,0.71,0.75,0.67,0.62,0.77,0.79,0.74,0.72,0.73,0.8,0.73,0.75,0.7,0.71,0.69,0.62,0.59,CDM,MID,5
Maximilian Eggestein,CDM,Germany,0.75,0.63,0.6,0.69,0.71,0.72,0.74,0.63,0.63,0.68,0.69,0.74,0.77,0.73,0.78,0.73,0.76,0.72,0.7,0.74,0.65,0.76,CDM,MID,5
Magnus Wolff Eikrem,CAM,Norway,0.75,0.65,0.71,0.76,0.74,0.33,0.5,0.65,0.65,0.82,0.7,0.75,0.75,0.49,0.58,0.47,0.28,0.42,0.32,0.38,0.35,0.69,CAM,MID,1
Neil El Aynaoui,CM,Morocco,0.75,0.63,0.61,0.7,0.74,0.66,0.71,0.6,0.66,0.68,0.52,0.78,0.75,0.72,0.79,0.76,0.7,0.61,0.62,0.7,0.59,0.64,CM,MID,5
Embarba,LM,Spain,0.75,0.78,0.74,0.73,0.76,0.42,0.68,0.79,0.77,0.79,0.74,0.74,0.73,0.62,0.73,0.71,0.48,0.43,0.36,0.37,0.55,0.81,LM,MID,1
Cristian Espinoza,RM,Argentina,0.75,0.84,0.7,0.69,0.75,0.43,0.66,0.83,0.84,0.81,0.8,0.71,0.66,0.61,0.86,0.7,0.39,0.36,0.5,0.38,0.5,0.74,RM,MID,1
Giovanni Fabbian,CM,Italy,0.75,0.67,0.72,0.72,0.75,0.68,0.63,0.7,0.65,0.74,0.79,0.77,0.73,0.55,0.72,0.69,0.69,0.68,0.64,0.69,0.7,0.74,CM,MID,5
Marco Davide Faraoni,RM,Italy,0.75,0.73,0.72,0.74,0.74,0.69,0.7,0.74,0.72,0.7,0.79,0.75,0.76,0.66,0.71,0.75,0.69,0.68,0.68,0.72,0.69,0.79,RM,MID,5
Guillermo Fernández,CM,Argentina,0.75,0.67,0.67,0.73,0.76,0.65,0.66,0.65,0.69,0.77,0.7,0.78,0.74,0.63,0.76,0.6,0.67,0.66,0.65,0.73,0.45,0.71,CM,MID,5
Angelo Fulgini,CAM,France,0.75,0.71,0.69,0.75,0.78,0.67,0.71,0.69,0.72,0.74,0.65,0.8,0.72,0.68,0.78,0.72,0.73,0.69,0.61,0.67,0.67,0.7,CAM,MID,5
Mijat Gaćinović,LM,Serbia,0.75,0.78,0.67,0.72,0.78,0.63,0.67,0.79,0.78,0.83,0.8,0.77,0.72,0.6,0.79,0.66,0.64,0.65,0.63,0.7,0.47,0.67,LM,MID,5
James Garner,CM,England,0.75,0.66,0.65,0.77,0.71,0.71,0.71,0.66,0.66,0.71,0.57,0.76,0.72,0.67,0.78,0.68,0.74,0.7,0.71,0.72,0.59,0.74,CM,MID,5
Dániel Gazdag,CAM,Hungary,0.75,0.77,0.73,0.68,0.76,0.54,0.72,0.75,0.78,0.72,0.68,0.78,0.7,0.67,0.9,0.66,0.62,0.5,0.45,0.6,0.47,0.72,CAM,MID,5
Yann Gboho,CAM,France,0.75,0.76,0.68,0.7,0.79,0.36,0.58,0.79,0.74,0.82,0.77,0.78,0.76,0.53,0.67,0.64,0.38,0.34,0.34,0.3,0.53,0.67,CAM,MID,1
Billy Gilmour,CDM,Scotland,0.75,0.6,0.58,0.75,0.76,0.7,0.62,0.69,0.53,0.75,0.77,0.77,0.78,0.52,0.73,0.58,0.76,0.67,0.7,0.72,0.5,0.63,CDM,MID,5
Albert Grønbæk,CAM,Denmark,0.75,0.77,0.68,0.72,0.77,0.62,0.72,0.78,0.77,0.86,0.84,0.76,0.7,0.65,0.88,0.72,0.64,0.62,0.62,0.64,0.55,0.67,CAM,MID,5
Marko Grujić,CM,Serbia,0.75,0.59,0.71,0.71,0.75,0.74,0.82,0.53,0.64,0.67,0.56,0.79,0.75,0.84,0.8,0.82,0.76,0.7,0.71,0.74,0.78,0.76,CM,MID,5
Marco Grüll,LM,Austria,0.75,0.93,0.73,0.67,0.74,0.36,0.72,0.91,0.94,0.77,0.69,0.73,0.65,0.71,0.93,0.8,0.28,0.27,0.46,0.29,0.56,0.75,LM,MID,1
Cristian Guanca,CAM,Argentina,0.75,0.72,0.78,0.72,0.75,0.4,0.71,0.73,0.72,0.77,0.75,0.76,0.72,0.72,0.82,0.69,0.35,0.33,0.38,0.41,0.63,0.81,CAM,MID,1
Javi Guerra,CM,Spain,0.75,0.74,0.7,0.72,0.75,0.72,0.72,0.73,0.74,0.8,0.71,0.75,0.75,0.7,0.79,0.76,0.74,0.66,0.72,0.74,0.68,0.7,CM,MID,5
Ander Guevara,CM,Spain,0.75,0.43,0.63,0.72,0.71,0.72,0.69,0.51,0.37,0.67,0.69,0.76,0.76,0.66,0.79,0.6,0.79,0.71,0.72,0.73,0.54,0.52,CM,MID,0
Pape Gueye,CM,Senegal,0.75,0.58,0.6,0.7,0.71,0.74,0.76,0.55,0.61,0.54,0.52,0.76,0.75,0.78,0.73,0.71,0.78,0.7,0.73,0.78,0.61,0.73,CM,MID,0
Marcel Hartel,CM,Germany,0.75,0.72,0.7,0.73,0.79,0.43,0.61,0.74,0.71,0.84,0.81,0.78,0.75,0.47,0.93,0.59,0.44,0.34,0.31,0.59,0.53,0.72,CM,MID,1
Nicolas Höfler,CDM,Germany,0.75,0.57,0.47,0.65,0.67,0.75,0.72,0.54,0.6,0.67,0.73,0.67,0.77,0.71,0.78,0.69,0.77,0.69,0.75,0.8,0.65,0.58,CDM,MID,0
Hong Hyeon Seok,CAM,Korea Republic,0.75,0.72,0.71,0.74,0.76,0.66,0.68,0.77,0.67,0.84,0.81,0.75,0.74,0.59,0.85,0.6,0.71,0.68,0.66,0.68,0.41,0.7,CAM,MID,5
Kristijan Jakić,CDM,Croatia,0.75,0.67,0.61,0.64,0.68,0.74,0.79,0.76,0.59,0.65,0.74,0.71,0.71,0.75,0.78,0.81,0.76,0.74,0.75,0.72,0.69,0.79,CDM,MID,5
Daniel James,RM,Wales,0.75,0.93,0.7,0.66,0.74,0.46,0.66,0.94,0.93,0.83,0.82,0.74,0.76,0.56,0.74,0.71,0.45,0.34,0.52,0.42,0.5,0.73,RM,MID,1
Atakan Karazor,CDM,Germany,0.75,0.48,0.36,0.62,0.66,0.77,0.73,0.41,0.54,0.61,0.43,0.72,0.69,0.69,0.78,0.71,0.76,0.75,0.78,0.78,0.78,0.47,CDM,MID,0
Mandela Keita,CDM,Belgium,0.75,0.78,0.56,0.67,0.75,0.72,0.8,0.78,0.78,0.78,0.75,0.74,0.69,0.79,0.87,0.82,0.74,0.72,0.71,0.74,0.64,0.76,CDM,MID,5
Rani Khedira,CDM,Germany,0.75,0.54,0.43,0.57,0.62,0.79,0.8,0.53,0.54,0.54,0.55,0.68,0.75,0.83,0.71,0.79,0.78,0.74,0.83,0.78,0.75,0.58,CDM,MID,0
Ki Sung Yueng,CM,Korea Republic,0.75,0.54,0.66,0.76,0.7,0.64,0.77,0.54,0.54,0.62,0.66,0.76,0.66,0.75,0.86,0.66,0.68,0.58,0.59,0.71,0.55,0.74,CM,MID,0
Aboubakary Koita,LM,Mauritania,0.75,0.83,0.77,0.7,0.77,0.57,0.69,0.86,0.81,0.87,0.76,0.73,0.7,0.69,0.76,0.65,0.6,0.57,0.6,0.62,0.32,0.88,LM,MID,1
Giannis Konstantelias,CAM,Greece,0.75,0.77,0.65,0.74,0.79,0.38,0.56,0.8,0.75,0.85,0.85,0.79,0.72,0.46,0.7,0.58,0.38,0.37,0.37,0.34,0.45,0.65,CAM,MID,1
Tom Krauß,CDM,Germany,0.75,0.7,0.66,0.66,0.73,0.72,0.75,0.74,0.67,0.69,0.68,0.75,0.73,0.68,0.79,0.74,0.76,0.72,0.71,0.72,0.64,0.73,CDM,MID,5
Qazim Laçi,CM,Albania,0.75,0.72,0.69,0.75,0.76,0.69,0.77,0.76,0.69,0.83,0.7,0.76,0.75,0.72,0.79,0.79,0.7,0.65,0.69,0.72,0.67,0.77,CM,MID,5
Manuel Lanzini,CAM,Argentina,0.75,0.63,0.71,0.76,0.8,0.43,0.51,0.69,0.58,0.78,0.89,0.79,0.7,0.43,0.56,0.53,0.55,0.57,0.3,0.3,0.53,0.76,CAM,MID,1
Romeo Lavia,CDM,Belgium,0.75,0.67,0.5,0.7,0.75,0.73,0.73,0.69,0.65,0.75,0.76,0.75,0.7,0.75,0.68,0.74,0.75,0.73,0.73,0.73,0.62,0.63,CDM,MID,5
Jesper Lindstrøm,CAM,Denmark,0.75,0.82,0.72,0.68,0.79,0.43,0.6,0.84,0.8,0.79,0.82,0.81,0.7,0.51,0.68,0.6,0.44,0.39,0.46,0.4,0.44,0.75,CAM,MID,1
Robin Lod,RM,Finland,0.75,0.73,0.71,0.73,0.75,0.59,0.71,0.74,0.73,0.74,0.72,0.77,0.69,0.75,0.73,0.69,0.56,0.51,0.67,0.54,0.61,0.72,RM,MID,5
Enzo Loiodice,CM,France,0.75,0.66,0.64,0.74,0.77,0.69,0.67,0.64,0.67,0.72,0.82,0.79,0.68,0.58,0.81,0.63,0.72,0.71,0.71,0.67,0.58,0.73,CM,MID,5
Costinha,RM,Portugal,0.75,0.75,0.65,0.72,0.73,0.69,0.77,0.77,0.74,0.7,0.69,0.75,0.72,0.72,0.81,0.8,0.7,0.71,0.66,0.71,0.68,0.71,RM,MID,5
Eduard Löwen,CM,Germany,0.75,0.66,0.7,0.74,0.72,0.7,0.82,0.6,0.7,0.46,0.67,0.76,0.76,0.81,0.86,0.77,0.74,0.66,0.69,0.69,0.7,0.85,CM,MID,5
Saša Lukić,CM,Serbia,0.75,0.53,0.69,0.74,0.75,0.7,0.7,0.52,0.53,0.65,0.68,0.79,0.72,0.69,0.74,0.66,0.73,0.72,0.68,0.7,0.62,0.75,CM,MID,5
Senne Lynen,CDM,Belgium,0.75,0.7,0.62,0.72,0.67,0.73,0.77,0.56,0.82,0.55,0.62,0.71,0.75,0.77,0.8,0.72,0.73,0.65,0.73,0.8,0.64,0.72,CDM,MID,5
Hugo Magnetti,CDM,France,0.75,0.45,0.5,0.68,0.74,0.69,0.75,0.48,0.43,0.6,0.83,0.77,0.71,0.76,0.71,0.63,0.74,0.69,0.68,0.72,0.5,0.68,CDM,MID,0
Víctor Ignacio Malcorra,CAM,Argentina,0.75,0.68,0.71,0.79,0.76,0.59,0.65,0.69,0.67,0.77,0.8,0.77,0.69,0.73,0.56,0.65,0.6,0.51,0.65,0.58,0.45,0.78,CAM,MID,5
Dennis Man,RM,Romania,0.75,0.92,0.72,0.69,0.77,0.45,0.73,0.92,0.92,0.92,0.69,0.75,0.67,0.74,0.76,0.86,0.48,0.45,0.38,0.4,0.68,0.76,RM,MID,1
Daniel Mancini,RM,Argentina,0.75,0.81,0.72,0.7,0.76,0.59,0.68,0.83,0.79,0.82,0.79,0.75,0.73,0.62,0.75,0.73,0.63,0.59,0.56,0.59,0.55,0.75,RM,MID,5
Federico Mancuello,CAM,Argentina,0.75,0.63,0.69,0.8,0.76,0.56,0.63,0.67,0.6,0.76,0.64,0.8,0.75,0.59,0.78,0.59,0.6,0.56,0.53,0.6,0.49,0.8,CAM,MID,5
Petros Mantalos,CAM,Greece,0.75,0.72,0.68,0.77,0.76,0.55,0.66,0.73,0.72,0.78,0.78,0.77,0.72,0.63,0.7,0.72,0.52,0.45,0.59,0.55,0.64,0.67,CAM,MID,5
Răzvan Marin,CM,Romania,0.75,0.64,0.74,0.76,0.75,0.67,0.71,0.66,0.63,0.73,0.73,0.76,0.75,0.66,0.8,0.67,0.67,0.66,0.66,0.72,0.58,0.82,CM,MID,5
Eric Martel,CDM,Germany,0.75,0.63,0.51,0.62,0.71,0.76,0.81,0.65,0.62,0.67,0.69,0.72,0.73,0.78,0.9,0.76,0.76,0.73,0.77,0.78,0.67,0.53,CDM,MID,0
Gonzalo Martínez,RM,Argentina,0.75,0.75,0.73,0.72,0.81,0.35,0.55,0.82,0.69,0.82,0.86,0.79,0.71,0.59,0.49,0.6,0.29,0.31,0.47,0.27,0.32,0.79,RM,MID,1
Omar Mascarell,CM,Spain,0.75,0.53,0.64,0.71,0.74,0.72,0.71,0.6,0.47,0.73,0.72,0.76,0.75,0.7,0.76,0.67,0.77,0.69,0.7,0.74,0.59,0.72,CM,MID,5
Georgios Masouras,RM,Greece,0.75,0.75,0.75,0.73,0.73,0.53,0.7,0.74,0.76,0.76,0.71,0.74,0.74,0.7,0.73,0.81,0.46,0.46,0.59,0.48,0.75,0.77,RM,MID,5
Alexandru Maxim,CAM,Romania,0.75,0.69,0.74,0.77,0.78,0.34,0.6,0.74,0.64,0.83,0.83,0.77,0.7,0.58,0.72,0.58,0.34,0.32,0.27,0.43,0.4,0.75,CAM,MID,1
Cristian Medina,CM,Argentina,0.75,0.75,0.64,0.72,0.79,0.69,0.69,0.76,0.75,0.8,0.76,0.79,0.74,0.6,0.84,0.67,0.74,0.65,0.72,0.66,0.51,0.64,CM,MID,5
Nampalys Mendy,CDM,Senegal,0.75,0.56,0.54,0.7,0.74,0.74,0.67,0.64,0.5,0.74,0.87,0.76,0.75,0.67,0.59,0.7,0.75,0.73,0.75,0.75,0.65,0.62,CDM,MID,5
Junior Messias,RM,Brazil,0.75,0.79,0.72,0.72,0.78,0.49,0.56,0.78,0.79,0.79,0.73,0.79,0.71,0.54,0.58,0.69,0.51,0.46,0.45,0.46,0.61,0.71,RM,MID,1
James Milner,CM,England,0.75,0.5,0.7,0.78,0.74,0.74,0.73,0.51,0.5,0.6,0.72,0.77,0.78,0.68,0.75,0.66,0.75,0.74,0.74,0.77,0.65,0.82,CM,MID,5
Nikola Moro,CDM,Croatia,0.75,0.67,0.73,0.75,0.74,0.7,0.75,0.66,0.67,0.68,0.61,0.77,0.72,0.74,0.81,0.75,0.71,0.72,0.69,0.71,0.69,0.82,CDM,MID,5
Yunus Musah,CM,United States,0.75,0.88,0.69,0.71,0.81,0.71,0.82,0.85,0.91,0.76,0.79,0.78,0.72,0.79,0.88,0.81,0.75,0.7,0.7,0.72,0.56,0.78,CM,MID,5
Darlington Nagbe,CM,United States,0.75,0.73,0.67,0.71,0.8,0.63,0.73,0.72,0.73,0.85,0.8,0.8,0.8,0.73,0.83,0.73,0.63,0.61,0.66,0.63,0.57,0.74,CM,MID,5
Nahitan Nández,RM,Uruguay,0.75,0.81,0.61,0.71,0.77,0.68,0.79,0.85,0.77,0.86,0.87,0.74,0.76,0.7,0.87,0.77,0.71,0.72,0.64,0.74,0.58,0.65,RM,MID,5
Amath Ndiaye,LM,Senegal,0.75,0.89,0.72,0.69,0.77,0.49,0.64,0.9,0.88,0.82,0.72,0.77,0.66,0.62,0.58,0.79,0.58,0.42,0.41,0.41,0.65,0.75,LM,MID,1
Dan Ndoye,RM,Switzerland,0.75,0.81,0.67,0.67,0.78,0.64,0.68,0.82,0.81,0.82,0.73,0.77,0.7,0.66,0.81,0.72,0.68,0.67,0.64,0.64,0.53,0.75,RM,MID,5
Jota,LM,Portugal,0.75,0.86,0.7,0.7,0.81,0.37,0.59,0.84,0.88,0.89,0.87,0.82,0.67,0.57,0.61,0.73,0.41,0.25,0.28,0.37,0.6,0.73,LM,MID,1
Bart Nieuwkoop,RM,Holland,0.75,0.7,0.63,0.73,0.71,0.71,0.77,0.69,0.7,0.65,0.7,0.74,0.77,0.72,0.84,0.79,0.7,0.68,0.7,0.74,0.72,0.69,RM,MID,5
Raphael Onyedika,CDM,Nigeria,0.75,0.74,0.64,0.64,0.71,0.72,0.8,0.74,0.74,0.68,0.73,0.73,0.7,0.76,0.88,0.78,0.74,0.69,0.73,0.77,0.6,0.8,CDM,MID,5
Henry Onyekuru,LM,Nigeria,0.75,0.92,0.74,0.65,0.77,0.35,0.6,0.92,0.92,0.9,0.84,0.74,0.7,0.52,0.78,0.71,0.38,0.25,0.37,0.22,0.57,0.74,LM,MID,1
Aimar Oroz,CM,Spain,0.75,0.68,0.74,0.71,0.76,0.58,0.65,0.72,0.64,0.71,0.68,0.8,0.68,0.65,0.76,0.73,0.7,0.54,0.38,0.7,0.65,0.72,CM,MID,5
Azzedine Ounahi,CM,Morocco,0.75,0.64,0.63,0.73,0.77,0.63,0.66,0.63,0.64,0.77,0.68,0.81,0.73,0.61,0.82,0.65,0.68,0.61,0.58,0.64,0.58,0.73,CM,MID,5
Joseph Paintsil,RM,Ghana,0.75,0.9,0.7,0.68,0.78,0.33,0.73,0.92,0.89,0.93,0.89,0.74,0.7,0.79,0.81,0.81,0.28,0.37,0.32,0.31,0.51,0.69,RM,MID,1
David Costa,CAM,Portugal,0.75,0.76,0.7,0.73,0.81,0.34,0.46,0.78,0.74,0.86,0.85,0.79,0.72,0.4,0.57,0.51,0.3,0.35,0.36,0.32,0.42,0.74,CAM,MID,1
Enzo Pérez,CDM,Argentina,0.75,0.57,0.66,0.74,0.77,0.71,0.74,0.6,0.54,0.76,0.76,0.77,0.72,0.72,0.74,0.71,0.75,0.72,0.68,0.73,0.62,0.72,CDM,MID,5
Jaden Philogene,LM,England,0.75,0.85,0.71,0.69,0.78,0.37,0.59,0.82,0.87,0.84,0.71,0.76,0.69,0.59,0.71,0.63,0.4,0.37,0.37,0.29,0.44,0.72,LM,MID,1
Vako,LM,Georgia,0.75,0.76,0.71,0.7,0.77,0.41,0.69,0.72,0.79,0.77,0.86,0.74,0.73,0.73,0.83,0.74,0.44,0.34,0.32,0.43,0.58,0.73,LM,MID,1
Nemanja Radonjić,CAM,Serbia,0.75,0.88,0.75,0.69,0.75,0.3,0.61,0.89,0.88,0.76,0.66,0.75,0.74,0.65,0.64,0.72,0.3,0.23,0.31,0.22,0.49,0.78,CAM,MID,1
Milot Rashica,RM,Kosovo,0.75,0.81,0.74,0.71,0.76,0.5,0.73,0.82,0.8,0.86,0.82,0.74,0.71,0.68,0.83,0.72,0.4,0.36,0.63,0.52,0.5,0.84,RM,MID,1
Nicolas Raskin,CM,Belgium,0.75,0.69,0.63,0.73,0.75,0.72,0.75,0.74,0.65,0.79,0.83,0.76,0.8,0.68,0.84,0.75,0.76,0.7,0.7,0.71,0.66,0.71,CM,MID,5
Harrison Reed,CDM,England,0.75,0.59,0.6,0.71,0.71,0.72,0.74,0.67,0.52,0.74,0.8,0.72,0.74,0.69,0.81,0.66,0.75,0.72,0.74,0.75,0.53,0.67,CDM,MID,5
Fabian Reese,LM,Germany,0.75,0.82,0.69,0.7,0.73,0.42,0.8,0.83,0.82,0.69,0.59,0.76,0.67,0.77,0.9,0.84,0.41,0.37,0.41,0.35,0.65,0.77,LM,MID,1
Sérgio Oliveira,CM,Portugal,0.75,0.48,0.75,0.79,0.71,0.66,0.58,0.47,0.49,0.58,0.65,0.75,0.71,0.5,0.67,0.56,0.65,0.64,0.67,0.66,0.64,0.8,CM,MID,0
Giovanni Reyna,RM,United States,0.75,0.77,0.72,0.71,0.79,0.37,0.67,0.77,0.77,0.82,0.77,0.77,0.73,0.71,0.7,0.69,0.35,0.37,0.35,0.37,0.45,0.78,RM,MID,1
Luis Rioja,LM,Spain,0.75,0.77,0.75,0.71,0.78,0.37,0.5,0.8,0.75,0.85,0.8,0.77,0.68,0.44,0.71,0.49,0.36,0.35,0.42,0.36,0.32,0.78,LM,MID,1
Sebastián Rodríguez,CM,Uruguay,0.75,0.63,0.67,0.75,0.73,0.68,0.68,0.65,0.61,0.67,0.76,0.78,0.73,0.7,0.74,0.62,0.74,0.71,0.64,0.75,0.45,0.7,CM,MID,5
Morgan Rogers,LM,England,0.75,0.77,0.71,0.71,0.77,0.56,0.71,0.74,0.79,0.68,0.77,0.75,0.72,0.77,0.64,0.76,0.67,0.49,0.52,0.5,0.56,0.75,LM,MID,5
Merlin Röhl,CM,Germany,0.75,0.81,0.65,0.69,0.77,0.62,0.72,0.78,0.84,0.74,0.67,0.78,0.75,0.71,0.86,0.77,0.64,0.59,0.59,0.67,0.61,0.66,CM,MID,5
Benjamín Rollheiser,CAM,Argentina,0.75,0.83,0.74,0.7,0.77,0.42,0.64,0.84,0.83,0.83,0.82,0.75,0.7,0.56,0.79,0.73,0.42,0.4,0.41,0.33,0.62,0.76,CAM,MID,1
Pablo Rosario,CDM,Holland,0.75,0.58,0.64,0.68,0.72,0.74,0.79,0.55,0.61,0.68,0.66,0.75,0.73,0.81,0.8,0.75,0.74,0.71,0.74,0.76,0.69,0.76,CDM,MID,5
Diego Rossi,CAM,Uruguay,0.75,0.88,0.72,0.7,0.77,0.34,0.55,0.87,0.88,0.87,0.84,0.75,0.7,0.48,0.8,0.59,0.3,0.28,0.42,0.26,0.44,0.73,CAM,MID,1
Daniel Felipe Ruiz,LM,Colombia,0.75,0.7,0.71,0.73,0.75,0.48,0.58,0.7,0.7,0.65,0.59,0.8,0.69,0.55,0.73,0.63,0.52,0.48,0.44,0.45,0.55,0.68,LM,MID,1
Georginio Rutter,CAM,France,0.75,0.79,0.69,0.7,0.79,0.42,0.7,0.77,0.8,0.77,0.81,0.78,0.74,0.8,0.74,0.83,0.45,0.45,0.45,0.18,0.69,0.75,CAM,MID,1
Lazar Samardžić,CM,Serbia,0.75,0.7,0.71,0.73,0.79,0.6,0.62,0.75,0.65,0.77,0.73,0.8,0.74,0.64,0.66,0.61,0.65,0.58,0.58,0.64,0.4,0.77,CM,MID,5
Albert Sambi Lokonga,CM,Belgium,0.75,0.64,0.58,0.74,0.76,0.68,0.71,0.62,0.65,0.7,0.65,0.8,0.72,0.69,0.76,0.69,0.71,0.68,0.64,0.74,0.61,0.68,CM,MID,5
Yusuf Sarı,RM,Turkey,0.75,0.85,0.7,0.7,0.79,0.33,0.59,0.91,0.8,0.91,0.92,0.75,0.7,0.59,0.72,0.66,0.29,0.35,0.34,0.3,0.42,0.77,RM,MID,1
Romano Schmid,CAM,Austria,0.75,0.77,0.63,0.7,0.81,0.53,0.58,0.78,0.76,0.87,0.85,0.79,0.77,0.51,0.81,0.56,0.5,0.39,0.57,0.64,0.39,0.75,CAM,MID,1
Rob Schoofs,CM,Belgium,0.75,0.53,0.72,0.76,0.74,0.67,0.66,0.68,0.4,0.74,0.74,0.76,0.72,0.57,0.81,0.64,0.68,0.62,0.68,0.73,0.56,0.78,CM,MID,5
Ben Sheaf,CDM,England,0.75,0.54,0.47,0.71,0.71,0.74,0.74,0.52,0.56,0.65,0.68,0.71,0.68,0.74,0.75,0.69,0.76,0.71,0.74,0.75,0.65,0.57,CDM,MID,0
Vincent Sierro,CM,Switzerland,0.75,0.61,0.67,0.75,0.72,0.7,0.75,0.65,0.57,0.62,0.63,0.75,0.75,0.72,0.85,0.65,0.75,0.7,0.72,0.72,0.49,0.66,CM,MID,5
David Silva,CAM,Colombia,0.75,0.62,0.69,0.75,0.74,0.54,0.68,0.58,0.66,0.68,0.72,0.82,0.81,0.71,0.72,0.58,0.58,0.59,0.54,0.53,0.39,0.7,CAM,MID,5
Douglas Augusto,CM,Brazil,0.75,0.72,0.69,0.7,0.72,0.73,0.8,0.73,0.72,0.71,0.78,0.75,0.78,0.78,0.81,0.76,0.74,0.74,0.73,0.78,0.58,0.78,CM,MID,5
Junior Sornoza,CAM,Ecuador,0.75,0.74,0.75,0.75,0.75,0.41,0.51,0.73,0.74,0.73,0.94,0.75,0.74,0.45,0.72,0.52,0.29,0.3,0.62,0.3,0.43,0.73,CAM,MID,1
Ramón Sosa,LM,Paraguay,0.75,0.82,0.66,0.68,0.76,0.49,0.65,0.81,0.82,0.77,0.68,0.74,0.7,0.61,0.74,0.64,0.59,0.4,0.42,0.51,0.41,0.7,LM,MID,1
Boubakary Soumaré,CDM,France,0.75,0.67,0.56,0.73,0.74,0.7,0.77,0.64,0.69,0.59,0.63,0.78,0.73,0.81,0.72,0.76,0.73,0.69,0.7,0.71,0.63,0.64,CDM,MID,5
Stijn Spierings,CDM,Holland,0.75,0.54,0.66,0.68,0.7,0.74,0.75,0.55,0.54,0.67,0.66,0.72,0.74,0.77,0.75,0.71,0.76,0.72,0.76,0.76,0.62,0.71,CDM,MID,0
Jens Stage,CM,Denmark,0.75,0.65,0.68,0.71,0.73,0.73,0.78,0.68,0.62,0.67,0.73,0.77,0.77,0.77,0.79,0.84,0.76,0.7,0.69,0.74,0.77,0.72,CM,MID,5
Sem Steijn,CAM,Holland,0.75,0.66,0.78,0.69,0.75,0.38,0.75,0.72,0.61,0.72,0.82,0.78,0.78,0.69,0.89,0.67,0.35,0.49,0.34,0.28,0.66,0.81,CAM,MID,1
Miroslav Stevanović,RM,Bosnia and Herzegovina,0.75,0.78,0.7,0.75,0.73,0.39,0.69,0.77,0.78,0.79,0.75,0.72,0.72,0.65,0.79,0.77,0.47,0.31,0.22,0.41,0.7,0.76,RM,MID,1
Denis Suárez,CM,Spain,0.75,0.59,0.7,0.77,0.77,0.64,0.54,0.67,0.53,0.76,0.76,0.79,0.76,0.55,0.55,0.58,0.65,0.49,0.69,0.7,0.49,0.74,CM,MID,5
Pavel Šulc,CAM,Czech Republic,0.75,0.71,0.72,0.73,0.76,0.39,0.6,0.72,0.7,0.75,0.76,0.75,0.75,0.54,0.7,0.64,0.4,0.45,0.35,0.32,0.57,0.66,CAM,MID,1
Sammie Szmodics,CAM,Republic of Ireland,0.75,0.79,0.75,0.7,0.76,0.51,0.67,0.83,0.75,0.85,0.9,0.74,0.76,0.57,0.83,0.72,0.53,0.4,0.48,0.53,0.59,0.74,CAM,MID,1
Terrats,CM,Spain,0.75,0.6,0.64,0.7,0.71,0.71,0.71,0.6,0.6,0.65,0.63,0.76,0.74,0.71,0.73,0.71,0.76,0.72,0.7,0.7,0.63,0.63,CM,MID,0
Tetê,RM,Brazil,0.75,0.8,0.7,0.7,0.78,0.41,0.56,0.81,0.8,0.81,0.74,0.78,0.73,0.51,0.72,0.67,0.38,0.27,0.42,0.41,0.56,0.7,RM,MID,1
Adrien Thomasson,CAM,France,0.75,0.59,0.73,0.76,0.77,0.64,0.72,0.64,0.54,0.77,0.79,0.78,0.77,0.65,0.9,0.68,0.68,0.57,0.61,0.68,0.61,0.75,CAM,MID,5
Guus Til,CAM,Holland,0.75,0.81,0.73,0.71,0.73,0.64,0.74,0.74,0.86,0.66,0.66,0.74,0.75,0.72,0.78,0.78,0.6,0.58,0.61,0.69,0.78,0.74,CAM,MID,5
Hamed Traorè,CAM,Côte d'Ivoire,0.75,0.76,0.69,0.72,0.78,0.57,0.59,0.8,0.72,0.79,0.72,0.8,0.72,0.58,0.59,0.73,0.6,0.61,0.6,0.41,0.64,0.74,CAM,MID,1
Adama Traoré,RM,Spain,0.75,0.93,0.65,0.64,0.81,0.37,0.8,0.94,0.93,0.78,0.87,0.77,0.71,0.88,0.67,0.79,0.4,0.34,0.33,0.38,0.4,0.84,RM,MID,1
Mike Trésor,LM,Belgium,0.75,0.85,0.68,0.74,0.77,0.38,0.58,0.83,0.86,0.86,0.79,0.75,0.7,0.52,0.69,0.56,0.35,0.32,0.41,0.45,0.29,0.68,LM,MID,1
Christos Tzolis,LM,Greece,0.75,0.77,0.73,0.67,0.79,0.38,0.67,0.85,0.7,0.84,0.82,0.78,0.7,0.57,0.84,0.76,0.39,0.38,0.33,0.29,0.68,0.72,LM,MID,1
Aurélio Buta,RM,Portugal,0.75,0.87,0.6,0.69,0.77,0.67,0.67,0.89,0.86,0.85,0.86,0.76,0.72,0.6,0.75,0.66,0.7,0.68,0.69,0.71,0.42,0.71,RM,MID,5
Donny van de Beek,CM,Holland,0.75,0.65,0.76,0.74,0.75,0.7,0.67,0.63,0.66,0.69,0.68,0.81,0.72,0.68,0.59,0.71,0.72,0.71,0.68,0.72,0.67,0.81,CM,MID,5
Ruben Vargas,LM,Switzerland,0.75,0.82,0.7,0.69,0.79,0.54,0.65,0.86,0.78,0.91,0.9,0.77,0.74,0.62,0.81,0.78,0.51,0.45,0.59,0.48,0.66,0.72,LM,MID,1
Franco Vázquez,CAM,Argentina,0.75,0.42,0.77,0.77,0.77,0.56,0.77,0.4,0.44,0.67,0.31,0.82,0.7,0.8,0.71,0.69,0.59,0.48,0.45,0.66,0.69,0.76,CAM,MID,0
Alan Velasco,LM,Argentina,0.75,0.83,0.68,0.71,0.8,0.52,0.61,0.87,0.79,0.9,0.89,0.76,0.71,0.52,0.74,0.69,0.6,0.5,0.45,0.52,0.55,0.73,LM,MID,1
Simone Verdi,CAM,Italy,0.75,0.77,0.71,0.74,0.79,0.43,0.47,0.85,0.7,0.87,0.86,0.81,0.7,0.38,0.63,0.56,0.48,0.48,0.4,0.36,0.46,0.74,CAM,MID,1
Iñigo Vicente,LM,Spain,0.75,0.78,0.68,0.74,0.76,0.47,0.62,0.8,0.76,0.81,0.76,0.76,0.7,0.61,0.72,0.64,0.53,0.44,0.38,0.53,0.44,0.66,LM,MID,1
Rodrigo Villagra,CDM,Argentina,0.75,0.7,0.48,0.68,0.73,0.73,0.74,0.75,0.65,0.73,0.74,0.74,0.7,0.71,0.77,0.73,0.76,0.74,0.76,0.73,0.56,0.61,CDM,MID,5
Aster Vranckx,CM,Belgium,0.75,0.61,0.65,0.72,0.78,0.72,0.76,0.73,0.51,0.74,0.77,0.78,0.75,0.75,0.78,0.78,0.74,0.7,0.72,0.73,0.67,0.77,CM,MID,5
Harry Wilson,RM,Wales,0.75,0.76,0.77,0.75,0.76,0.43,0.58,0.77,0.75,0.78,0.84,0.76,0.73,0.56,0.71,0.63,0.45,0.4,0.44,0.4,0.46,0.83,RM,MID,1
Andriy Yarmolenko,RM,Ukraine,0.75,0.6,0.79,0.76,0.76,0.42,0.72,0.59,0.6,0.63,0.61,0.79,0.78,0.77,0.61,0.74,0.35,0.3,0.37,0.54,0.67,0.82,RM,MID,1
Ryan Yates,CDM,England,0.75,0.58,0.6,0.67,0.67,0.75,0.81,0.5,0.64,0.55,0.54,0.72,0.74,0.81,0.82,0.77,0.76,0.73,0.75,0.74,0.74,0.68,CDM,MID,0
Kristoffer Zachariassen,CAM,Norway,0.75,0.73,0.71,0.69,0.73,0.69,0.74,0.78,0.69,0.72,0.68,0.75,0.81,0.68,0.88,0.77,0.71,0.64,0.7,0.67,0.67,0.69,CAM,MID,5
Bryan Zaragoza,RM,Spain,0.75,0.82,0.72,0.69,0.81,0.3,0.44,0.85,0.79,0.91,0.92,0.78,0.67,0.34,0.59,0.51,0.32,0.38,0.25,0.23,0.42,0.78,RM,MID,1
Ramiz Zerrouki,CDM,Algeria,0.75,0.61,0.65,0.72,0.73,0.68,0.8,0.69,0.54,0.73,0.72,0.73,0.68,0.79,0.83,0.71,0.69,0.68,0.7,0.71,0.52,0.76,CDM,MID,5
Philip Zinckernagel,LM,Denmark,0.75,0.82,0.72,0.71,0.76,0.42,0.67,0.85,0.8,0.87,0.77,0.76,0.71,0.64,0.74,0.66,0.38,0.26,0.49,0.44,0.42,0.75,LM,MID,1
Rubén Alcaraz,CM,Spain,0.74,0.51,0.71,0.76,0.71,0.73,0.81,0.52,0.5,0.54,0.71,0.75,0.76,0.8,0.81,0.77,0.74,0.72,0.71,0.74,0.73,0.78,CM,MID,0
Samú Costa,CDM,Portugal,0.74,0.62,0.63,0.67,0.68,0.7,0.73,0.66,0.58,0.67,0.64,0.71,0.69,0.71,0.79,0.7,0.72,0.7,0.7,0.75,0.57,0.78,CDM,MID,0
Sergio Álvarez,CDM,Spain,0.74,0.56,0.65,0.67,0.67,0.7,0.82,0.58,0.55,0.71,0.54,0.71,0.71,0.81,0.89,0.72,0.71,0.69,0.7,0.75,0.57,0.78,CDM,MID,0
Tiago Gouveia,RM,Portugal,0.74,0.85,0.68,0.67,0.76,0.32,0.61,0.86,0.84,0.82,0.71,0.75,0.68,0.5,0.83,0.56,0.36,0.29,0.35,0.24,0.28,0.67,RM,MID,1
Arribas,CAM,Spain,0.74,0.69,0.76,0.7,0.76,0.32,0.51,0.71,0.67,0.76,0.72,0.8,0.64,0.52,0.5,0.55,0.32,0.35,0.33,0.21,0.43,0.78,CAM,MID,1
Takuma Asano,RM,Japan,0.74,0.86,0.68,0.63,0.77,0.33,0.7,0.91,0.81,0.9,0.85,0.75,0.78,0.74,0.8,0.82,0.22,0.4,0.34,0.31,0.58,0.7,RM,MID,1
Eduard Atuesta,CM,Colombia,0.74,0.63,0.57,0.75,0.76,0.67,0.7,0.67,0.6,0.75,0.8,0.75,0.76,0.67,0.79,0.63,0.71,0.66,0.68,0.71,0.49,0.7,CM,MID,5
Nedim Bajrami,CAM,Albania,0.74,0.75,0.68,0.73,0.77,0.58,0.65,0.77,0.74,0.78,0.75,0.78,0.7,0.6,0.74,0.68,0.6,0.62,0.58,0.56,0.54,0.74,CAM,MID,5
Keidi Bare,CDM,Albania,0.74,0.72,0.55,0.67,0.72,0.71,0.77,0.73,0.72,0.74,0.77,0.71,0.73,0.73,0.83,0.73,0.73,0.71,0.72,0.73,0.55,0.73,CDM,MID,5
Toma Bašić,CM,Croatia,0.74,0.43,0.65,0.75,0.72,0.72,0.74,0.46,0.41,0.61,0.63,0.75,0.75,0.76,0.74,0.74,0.73,0.71,0.7,0.72,0.75,0.81,CM,MID,0
Gelson Martins,RM,Portugal,0.74,0.86,0.67,0.67,0.81,0.51,0.54,0.9,0.82,0.9,0.85,0.78,0.69,0.42,0.72,0.61,0.51,0.48,0.54,0.5,0.51,0.73,RM,MID,1
László Bénes,CM,Slovakia,0.74,0.57,0.76,0.76,0.75,0.49,0.66,0.67,0.49,0.76,0.77,0.77,0.74,0.63,0.83,0.56,0.53,0.51,0.45,0.53,0.38,0.81,CM,MID,5
Manuel Benson,RM,Angola,0.74,0.82,0.7,0.69,0.78,0.35,0.44,0.85,0.79,0.9,0.84,0.76,0.65,0.34,0.65,0.55,0.34,0.35,0.29,0.39,0.48,0.75,RM,MID,1
Antonio Blanco,CDM,Spain,0.74,0.52,0.57,0.68,0.67,0.7,0.62,0.54,0.51,0.61,0.56,0.73,0.71,0.54,0.73,0.52,0.74,0.72,0.69,0.73,0.49,0.52,CDM,MID,0
Rubén Botta,CAM,Argentina,0.74,0.81,0.72,0.74,0.76,0.4,0.69,0.83,0.8,0.81,0.81,0.75,0.72,0.68,0.73,0.66,0.42,0.39,0.39,0.4,0.39,0.8,CAM,MID,1
Edoardo Bove,CM,Italy,0.74,0.66,0.68,0.67,0.74,0.74,0.7,0.64,0.67,0.63,0.8,0.78,0.79,0.62,0.75,0.68,0.78,0.73,0.75,0.74,0.64,0.75,CM,MID,5
David Brooks,RM,Wales,0.74,0.65,0.69,0.73,0.77,0.48,0.58,0.67,0.64,0.73,0.8,0.77,0.72,0.57,0.57,0.64,0.49,0.44,0.47,0.43,0.59,0.68,RM,MID,1
Josh Brownhill,CM,England,0.74,0.66,0.7,0.72,0.73,0.72,0.77,0.67,0.66,0.7,0.72,0.75,0.75,0.71,0.89,0.74,0.74,0.69,0.7,0.77,0.67,0.76,CM,MID,5
Pavel Bucha,CDM,Czech Republic,0.74,0.71,0.68,0.74,0.75,0.69,0.71,0.76,0.67,0.76,0.77,0.75,0.74,0.64,0.81,0.74,0.7,0.66,0.68,0.72,0.62,0.71,CDM,MID,5
Tajon Buchanan,RM,Canada,0.74,0.92,0.65,0.66,0.74,0.67,0.73,0.93,0.91,0.79,0.69,0.74,0.73,0.7,0.73,0.84,0.66,0.64,0.68,0.68,0.68,0.75,RM,MID,5
Wouter Burger,CDM,Holland,0.74,0.75,0.63,0.69,0.68,0.69,0.8,0.74,0.76,0.64,0.61,0.72,0.74,0.81,0.81,0.81,0.73,0.7,0.68,0.69,0.62,0.7,CDM,MID,5
Todd Cantwell,CAM,England,0.74,0.71,0.67,0.71,0.76,0.43,0.52,0.74,0.69,0.81,0.74,0.79,0.74,0.46,0.66,0.52,0.44,0.3,0.47,0.41,0.43,0.66,CAM,MID,1
Ramiro Carrera,CM,Argentina,0.74,0.79,0.71,0.73,0.73,0.64,0.76,0.77,0.8,0.67,0.72,0.75,0.72,0.76,0.84,0.8,0.65,0.6,0.63,0.66,0.61,0.7,CM,MID,5
Léo Baptistão,RM,Brazil,0.74,0.76,0.73,0.69,0.74,0.33,0.69,0.75,0.76,0.78,0.75,0.75,0.76,0.7,0.78,0.77,0.24,0.19,0.36,0.28,0.7,0.73,RM,MID,1
Fábio Carvalho,CAM,Portugal,0.74,0.77,0.68,0.68,0.77,0.45,0.51,0.8,0.75,0.82,0.86,0.78,0.71,0.49,0.62,0.56,0.49,0.32,0.49,0.39,0.43,0.66,CAM,MID,1
Vitor Carvalho,CDM,Brazil,0.74,0.75,0.62,0.64,0.71,0.72,0.75,0.77,0.74,0.67,0.7,0.73,0.72,0.74,0.77,0.74,0.73,0.68,0.75,0.75,0.53,0.69,CDM,MID,5
Daniele Casiraghi,LM,Italy,0.74,0.76,0.7,0.72,0.73,0.5,0.73,0.8,0.73,0.68,0.76,0.74,0.63,0.71,0.85,0.73,0.51,0.52,0.5,0.48,0.51,0.71,LM,MID,1
Daniel Cataño,CAM,Colombia,0.74,0.69,0.69,0.7,0.73,0.46,0.59,0.68,0.69,0.71,0.73,0.74,0.65,0.67,0.47,0.63,0.4,0.44,0.56,0.39,0.48,0.68,CAM,MID,1
Václav Černý,RM,Czech Republic,0.74,0.83,0.7,0.66,0.76,0.38,0.64,0.86,0.8,0.84,0.67,0.76,0.7,0.55,0.87,0.63,0.37,0.33,0.4,0.35,0.42,0.71,RM,MID,1
Ilias Chair,LM,Morocco,0.74,0.79,0.66,0.71,0.78,0.32,0.53,0.81,0.77,0.88,0.9,0.74,0.7,0.45,0.81,0.55,0.34,0.22,0.34,0.27,0.4,0.74,LM,MID,1
Muhammed Cham,CAM,Austria,0.74,0.76,0.68,0.71,0.75,0.25,0.51,0.8,0.72,0.82,0.61,0.77,0.68,0.54,0.58,0.65,0.21,0.18,0.21,0.26,0.53,0.66,CAM,MID,1
Pathé Ciss,CDM,Senegal,0.74,0.62,0.56,0.61,0.63,0.72,0.84,0.64,0.6,0.57,0.58,0.69,0.69,0.84,0.87,0.86,0.74,0.72,0.67,0.72,0.76,0.71,CDM,MID,0
Viktor Claesson,CM,Sweden,0.74,0.72,0.71,0.72,0.76,0.63,0.76,0.74,0.71,0.73,0.77,0.77,0.74,0.73,0.85,0.78,0.65,0.62,0.62,0.61,0.68,0.72,CM,MID,5
Timothé Cognat,CM,France,0.74,0.78,0.66,0.73,0.76,0.62,0.7,0.8,0.77,0.89,0.91,0.76,0.72,0.62,0.91,0.66,0.64,0.62,0.64,0.64,0.45,0.72,CM,MID,5
Lassana Coulibaly,CDM,Mali,0.74,0.69,0.58,0.69,0.72,0.72,0.75,0.67,0.71,0.7,0.7,0.74,0.7,0.73,0.8,0.76,0.73,0.72,0.72,0.72,0.7,0.64,CDM,MID,5
Andrés Cubas,CDM,Paraguay,0.74,0.69,0.5,0.66,0.71,0.73,0.56,0.7,0.68,0.89,0.93,0.72,0.74,0.31,0.86,0.49,0.77,0.73,0.74,0.73,0.53,0.59,CDM,MID,6
Lucas Da Cunha,LM,France,0.74,0.79,0.69,0.69,0.78,0.39,0.56,0.81,0.77,0.83,0.77,0.79,0.7,0.54,0.61,0.68,0.44,0.42,0.31,0.33,0.56,0.75,LM,MID,1
Mohamed Daramy,LM,Denmark,0.74,0.86,0.66,0.65,0.78,0.28,0.7,0.88,0.85,0.84,0.84,0.75,0.69,0.71,0.77,0.79,0.27,0.2,0.25,0.22,0.56,0.66,LM,MID,1
Pablo De Blasis,CM,Argentina,0.74,0.67,0.69,0.73,0.79,0.67,0.52,0.68,0.66,0.9,0.91,0.76,0.74,0.3,0.79,0.63,0.72,0.65,0.64,0.66,0.69,0.71,CM,MID,5
Vinicius Souza,CDM,Brazil,0.74,0.65,0.56,0.64,0.67,0.74,0.8,0.64,0.65,0.63,0.47,0.7,0.74,0.83,0.8,0.83,0.76,0.74,0.72,0.75,0.73,0.8,CDM,MID,0
Dani de Wit,CAM,Holland,0.74,0.54,0.77,0.7,0.7,0.72,0.87,0.66,0.44,0.58,0.68,0.75,0.78,0.83,0.9,0.82,0.73,0.71,0.7,0.66,0.84,0.79,CAM,MID,5
Brecht Dejaegere,CM,Belgium,0.74,0.67,0.69,0.74,0.74,0.67,0.7,0.69,0.66,0.74,0.77,0.75,0.72,0.66,0.78,0.66,0.68,0.65,0.69,0.68,0.54,0.7,CM,MID,5
Pedrinho,RM,Brazil,0.74,0.82,0.64,0.72,0.79,0.42,0.53,0.83,0.81,0.86,0.82,0.77,0.72,0.51,0.61,0.7,0.4,0.2,0.45,0.41,0.6,0.71,RM,MID,1
Damián Díaz,CAM,Ecuador,0.74,0.64,0.71,0.76,0.74,0.44,0.66,0.65,0.63,0.68,0.72,0.76,0.63,0.69,0.69,0.62,0.34,0.33,0.57,0.42,0.48,0.71,CAM,MID,1
Mohammed Diomande,CDM,Côte d'Ivoire,0.74,0.76,0.68,0.72,0.79,0.68,0.71,0.79,0.74,0.79,0.81,0.81,0.75,0.7,0.72,0.77,0.7,0.61,0.69,0.67,0.64,0.71,CDM,MID,5
Andy Diouf,CM,France,0.74,0.75,0.68,0.71,0.75,0.67,0.75,0.71,0.78,0.74,0.7,0.76,0.74,0.76,0.73,0.77,0.7,0.65,0.66,0.69,0.6,0.74,CM,MID,5
David Douděra,RM,Czech Republic,0.74,0.89,0.66,0.65,0.72,0.65,0.67,0.88,0.89,0.84,0.74,0.72,0.7,0.56,0.85,0.73,0.67,0.69,0.62,0.66,0.58,0.69,RM,MID,5
Tommy Doyle,CM,England,0.74,0.67,0.65,0.74,0.75,0.65,0.67,0.69,0.66,0.71,0.81,0.76,0.74,0.64,0.72,0.64,0.69,0.63,0.64,0.67,0.5,0.71,CM,MID,5
Ondrej Duda,CM,Slovakia,0.74,0.65,0.71,0.73,0.78,0.64,0.63,0.67,0.63,0.76,0.75,0.78,0.72,0.54,0.73,0.59,0.67,0.58,0.65,0.66,0.52,0.78,CM,MID,5
Alfred Duncan,CM,Ghana,0.74,0.67,0.64,0.72,0.74,0.76,0.8,0.68,0.67,0.7,0.71,0.76,0.75,0.78,0.78,0.78,0.81,0.74,0.75,0.74,0.7,0.84,CM,MID,5
Filip Đuričić,CAM,Serbia,0.74,0.69,0.69,0.73,0.76,0.42,0.59,0.72,0.67,0.77,0.77,0.77,0.72,0.67,0.52,0.65,0.35,0.43,0.45,0.42,0.48,0.71,CAM,MID,1
Rodrigo Echeverría,CM,Chile,0.74,0.72,0.65,0.7,0.72,0.74,0.83,0.69,0.74,0.75,0.67,0.72,0.74,0.8,0.93,0.82,0.74,0.72,0.75,0.74,0.72,0.67,CM,MID,5
Anwar El Ghazi,LM,Holland,0.74,0.72,0.76,0.7,0.75,0.35,0.68,0.7,0.73,0.68,0.65,0.75,0.74,0.76,0.63,0.74,0.28,0.15,0.4,0.28,0.72,0.82,LM,MID,1
Gonzalo Escalante,CM,Argentina,0.74,0.6,0.7,0.72,0.71,0.73,0.75,0.61,0.6,0.62,0.68,0.74,0.73,0.71,0.78,0.71,0.74,0.73,0.75,0.72,0.63,0.77,CM,MID,5
Mateus Fernandes,CM,Portugal,0.74,0.75,0.65,0.73,0.79,0.58,0.62,0.77,0.74,0.84,0.81,0.78,0.74,0.62,0.63,0.71,0.61,0.49,0.55,0.62,0.56,0.7,CM,MID,1
Edu Expósito,CM,Spain,0.74,0.65,0.74,0.72,0.75,0.7,0.69,0.66,0.64,0.75,0.74,0.75,0.73,0.65,0.75,0.64,0.72,0.71,0.71,0.73,0.53,0.76,CM,MID,5
Abdessamad Ezzalzouli,LM,Morocco,0.74,0.83,0.7,0.66,0.78,0.27,0.53,0.85,0.82,0.8,0.78,0.78,0.7,0.57,0.55,0.6,0.32,0.28,0.25,0.18,0.34,0.73,LM,MID,1
Rasmus Falk,CM,Denmark,0.74,0.75,0.55,0.7,0.81,0.66,0.69,0.8,0.71,0.89,0.87,0.79,0.76,0.61,0.86,0.66,0.67,0.64,0.69,0.7,0.45,0.6,CM,MID,5
Federico Fattori,CDM,Argentina,0.74,0.63,0.54,0.68,0.72,0.7,0.76,0.66,0.61,0.79,0.81,0.71,0.73,0.75,0.86,0.69,0.73,0.66,0.73,0.72,0.53,0.58,CDM,MID,5
Peque,CAM,Spain,0.74,0.81,0.72,0.69,0.75,0.35,0.51,0.8,0.82,0.82,0.83,0.75,0.72,0.43,0.72,0.57,0.38,0.42,0.36,0.2,0.5,0.68,CAM,MID,1
Mohamed Fouzair,RM,Morocco,0.74,0.78,0.64,0.7,0.77,0.5,0.71,0.85,0.72,0.89,0.86,0.76,0.7,0.64,0.86,0.56,0.65,0.41,0.46,0.46,0.34,0.65,RM,MID,1
Roberto Gagliardini,CDM,Italy,0.74,0.42,0.63,0.7,0.71,0.75,0.69,0.44,0.4,0.61,0.62,0.76,0.69,0.68,0.62,0.68,0.76,0.75,0.75,0.74,0.73,0.76,CDM,MID,0
Johan Gastien,CDM,France,0.74,0.42,0.63,0.66,0.69,0.71,0.74,0.42,0.42,0.72,0.79,0.71,0.73,0.67,0.85,0.56,0.7,0.71,0.78,0.71,0.52,0.67,CDM,MID,0
Dennis Geiger,CDM,Germany,0.74,0.45,0.53,0.76,0.79,0.64,0.58,0.57,0.36,0.84,0.83,0.81,0.79,0.49,0.59,0.42,0.69,0.69,0.67,0.69,0.29,0.57,CDM,MID,6
Wilfried Gnonto,RM,Italy,0.74,0.87,0.72,0.65,0.79,0.3,0.66,0.87,0.87,0.86,0.85,0.77,0.69,0.67,0.69,0.78,0.21,0.19,0.37,0.25,0.6,0.8,RM,MID,1
Craig Goodwin,LM,Australia,0.74,0.84,0.73,0.72,0.71,0.59,0.76,0.84,0.84,0.83,0.79,0.7,0.72,0.75,0.86,0.81,0.6,0.57,0.58,0.59,0.6,0.76,LM,MID,5
Jon Gorenc Stanković,CDM,Slovenia,0.74,0.44,0.46,0.59,0.66,0.75,0.82,0.43,0.45,0.53,0.54,0.72,0.7,0.86,0.84,0.76,0.75,0.74,0.77,0.76,0.72,0.59,CDM,MID,0
Kamil Grosicki,LM,Poland,0.74,0.84,0.7,0.73,0.75,0.37,0.6,0.83,0.84,0.85,0.76,0.73,0.72,0.65,0.55,0.77,0.28,0.2,0.36,0.48,0.63,0.71,LM,MID,1
Brajan Gruda,CAM,Germany,0.74,0.78,0.71,0.69,0.81,0.3,0.67,0.83,0.74,0.85,0.83,0.78,0.72,0.62,0.8,0.7,0.3,0.21,0.26,0.31,0.51,0.82,CAM,MID,1
Guridi,CAM,Spain,0.74,0.63,0.66,0.7,0.76,0.62,0.56,0.66,0.61,0.72,0.77,0.76,0.7,0.57,0.62,0.55,0.73,0.58,0.53,0.71,0.43,0.55,CAM,MID,6
Emmanuel Gyasi,RM,Ghana,0.74,0.79,0.64,0.67,0.74,0.48,0.7,0.81,0.78,0.75,0.75,0.72,0.76,0.71,0.78,0.74,0.48,0.47,0.53,0.38,0.52,0.66,RM,MID,1
Janik Haberer,CM,Germany,0.74,0.58,0.67,0.71,0.74,0.63,0.71,0.62,0.54,0.68,0.59,0.77,0.75,0.67,0.79,0.64,0.64,0.58,0.61,0.73,0.54,0.77,CM,MID,5
Amir Hadžiahmetović,CDM,Bosnia and Herzegovina,0.74,0.71,0.6,0.73,0.72,0.71,0.76,0.72,0.7,0.7,0.7,0.74,0.69,0.73,0.86,0.69,0.72,0.69,0.71,0.72,0.63,0.72,CDM,MID,5
Ianis Hagi,CAM,Romania,0.74,0.63,0.72,0.74,0.75,0.36,0.62,0.65,0.61,0.75,0.7,0.77,0.69,0.62,0.64,0.65,0.31,0.33,0.38,0.32,0.57,0.78,CAM,MID,1
Haris Hajradinović,CM,Bosnia and Herzegovina,0.74,0.73,0.68,0.77,0.75,0.55,0.68,0.74,0.72,0.8,0.74,0.75,0.68,0.61,0.82,0.61,0.59,0.54,0.5,0.62,0.44,0.78,CM,MID,5
Hákon Arnar Haraldsson,LM,Iceland,0.74,0.76,0.64,0.71,0.77,0.57,0.68,0.75,0.77,0.86,0.82,0.76,0.69,0.57,0.81,0.61,0.56,0.58,0.6,0.59,0.45,0.64,LM,MID,6
Gauthier Hein,CAM,France,0.74,0.78,0.72,0.73,0.79,0.35,0.57,0.79,0.77,0.92,0.9,0.77,0.66,0.46,0.74,0.51,0.35,0.33,0.33,0.4,0.31,0.76,CAM,MID,1
Emil Holm,RM,Sweden,0.74,0.82,0.61,0.67,0.71,0.66,0.84,0.79,0.85,0.55,0.59,0.74,0.72,0.86,0.87,0.86,0.69,0.71,0.62,0.65,0.65,0.71,RM,MID,5
Lewis Holtby,CM,Germany,0.74,0.61,0.66,0.75,0.76,0.63,0.67,0.67,0.56,0.78,0.78,0.76,0.72,0.62,0.7,0.64,0.67,0.7,0.57,0.67,0.54,0.73,CM,MID,5
Patrik Hrošovský,CDM,Slovakia,0.74,0.61,0.71,0.74,0.74,0.7,0.68,0.68,0.56,0.76,0.82,0.76,0.72,0.57,0.9,0.64,0.72,0.68,0.71,0.72,0.57,0.76,CDM,MID,5
Will Hughes,CDM,England,0.74,0.43,0.63,0.75,0.73,0.71,0.63,0.53,0.34,0.63,0.61,0.76,0.72,0.58,0.59,0.59,0.75,0.74,0.69,0.71,0.58,0.64,CDM,MID,0
Omari Hutchinson,RM,Jamaica,0.74,0.8,0.72,0.68,0.77,0.53,0.62,0.82,0.78,0.83,0.8,0.78,0.68,0.59,0.72,0.66,0.57,0.54,0.52,0.5,0.49,0.73,RM,MID,1
Iborra,CDM,Spain,0.74,0.5,0.66,0.72,0.63,0.73,0.79,0.49,0.51,0.45,0.48,0.72,0.68,0.87,0.67,0.83,0.7,0.66,0.75,0.73,0.8,0.75,CDM,MID,0
Jackson Irvine,CM,Australia,0.74,0.64,0.68,0.7,0.7,0.72,0.79,0.64,0.64,0.64,0.59,0.74,0.75,0.75,0.9,0.83,0.74,0.72,0.66,0.73,0.8,0.73,CM,MID,5
Iván Jaime,LM,Spain,0.74,0.74,0.73,0.71,0.76,0.51,0.64,0.76,0.73,0.74,0.66,0.78,0.73,0.69,0.68,0.75,0.52,0.48,0.47,0.53,0.6,0.73,LM,MID,1
Lucas Janson,LM,Argentina,0.74,0.85,0.7,0.66,0.77,0.41,0.65,0.86,0.84,0.9,0.91,0.76,0.66,0.58,0.77,0.91,0.37,0.39,0.35,0.37,0.77,0.65,LM,MID,1
Fredrik Jensen,CAM,Finland,0.74,0.68,0.69,0.71,0.74,0.55,0.73,0.68,0.68,0.71,0.67,0.74,0.75,0.74,0.78,0.71,0.58,0.56,0.53,0.53,0.56,0.75,CAM,MID,5
Jens Jønsson,CDM,Denmark,0.74,0.72,0.56,0.65,0.7,0.73,0.75,0.73,0.72,0.73,0.71,0.69,0.74,0.72,0.8,0.77,0.73,0.73,0.73,0.74,0.67,0.63,CDM,MID,5
Lukáš Kalvach,CM,Czech Republic,0.74,0.64,0.64,0.74,0.73,0.72,0.78,0.66,0.63,0.72,0.76,0.73,0.75,0.76,0.82,0.77,0.72,0.72,0.73,0.73,0.69,0.72,CM,MID,5
Glen Kamara,CDM,Finland,0.74,0.74,0.58,0.69,0.77,0.69,0.75,0.72,0.76,0.8,0.85,0.78,0.74,0.72,0.86,0.74,0.71,0.64,0.7,0.73,0.59,0.68,CDM,MID,5
Efecan Karaca,CAM,Turkey,0.74,0.79,0.65,0.72,0.77,0.44,0.5,0.83,0.76,0.85,0.93,0.75,0.74,0.39,0.8,0.55,0.42,0.35,0.49,0.41,0.45,0.67,CAM,MID,1
Naby Keïta,CM,Guinea,0.74,0.6,0.71,0.72,0.81,0.67,0.59,0.7,0.52,0.84,0.86,0.8,0.75,0.56,0.52,0.55,0.72,0.67,0.66,0.74,0.42,0.74,CM,MID,5
Otar Kiteishvili,CAM,Georgia,0.74,0.72,0.71,0.71,0.77,0.67,0.58,0.75,0.7,0.78,0.86,0.77,0.7,0.42,0.78,0.61,0.68,0.63,0.66,0.71,0.63,0.72,CAM,MID,5
Mateusz Klich,CM,Poland,0.74,0.64,0.7,0.74,0.72,0.65,0.74,0.67,0.62,0.61,0.67,0.75,0.72,0.77,0.76,0.68,0.69,0.6,0.68,0.65,0.49,0.67,CM,MID,5
Alex Král,CDM,Czech Republic,0.74,0.7,0.7,0.69,0.74,0.73,0.76,0.67,0.73,0.75,0.77,0.75,0.7,0.76,0.75,0.8,0.74,0.69,0.73,0.74,0.72,0.79,CDM,MID,5
Sven Kums,CM,Belgium,0.74,0.39,0.69,0.77,0.72,0.72,0.67,0.44,0.34,0.61,0.73,0.76,0.68,0.63,0.74,0.59,0.71,0.61,0.78,0.75,0.58,0.73,CM,MID,0
Daler Kuzyaev,CM,Russia,0.74,0.75,0.68,0.73,0.75,0.71,0.7,0.74,0.76,0.77,0.76,0.75,0.73,0.63,0.8,0.69,0.75,0.73,0.69,0.74,0.55,0.74,CM,MID,5
Adam Lallana,CAM,England,0.74,0.52,0.7,0.76,0.76,0.63,0.61,0.54,0.51,0.68,0.73,0.78,0.77,0.6,0.54,0.64,0.65,0.6,0.61,0.64,0.64,0.72,CAM,MID,5
Loïc Lapoussin,LM,Madagascar,0.74,0.75,0.67,0.7,0.77,0.66,0.72,0.72,0.77,0.77,0.65,0.77,0.7,0.67,0.85,0.59,0.72,0.7,0.67,0.7,0.34,0.76,LM,MID,5
Hugo Larsson,CM,Sweden,0.74,0.73,0.63,0.67,0.75,0.65,0.73,0.72,0.73,0.77,0.71,0.77,0.77,0.68,0.83,0.68,0.63,0.51,0.67,0.75,0.54,0.7,CM,MID,5
Darko Lazović,LM,Serbia,0.74,0.71,0.72,0.74,0.75,0.65,0.56,0.75,0.67,0.83,0.83,0.74,0.71,0.44,0.71,0.61,0.67,0.65,0.63,0.65,0.62,0.79,LM,MID,5
Lee Dong Kyeong,CAM,Korea Republic,0.74,0.75,0.74,0.72,0.75,0.57,0.69,0.72,0.78,0.74,0.8,0.76,0.69,0.62,0.86,0.63,0.58,0.56,0.57,0.6,0.46,0.76,CAM,MID,5
Jamie Leweling,RM,Germany,0.74,0.85,0.69,0.64,0.76,0.42,0.73,0.85,0.85,0.78,0.8,0.76,0.71,0.76,0.73,0.81,0.42,0.3,0.45,0.36,0.59,0.74,RM,MID,1
Karol Linetty,CM,Poland,0.74,0.56,0.63,0.71,0.74,0.72,0.66,0.69,0.45,0.72,0.79,0.76,0.74,0.57,0.73,0.64,0.74,0.7,0.72,0.76,0.56,0.7,CM,MID,5
Jesse Lingard,CAM,England,0.74,0.73,0.71,0.72,0.77,0.58,0.61,0.75,0.71,0.75,0.84,0.76,0.73,0.57,0.58,0.68,0.59,0.49,0.61,0.57,0.59,0.76,CAM,MID,5
Ondřej Lingr,CAM,Czech Republic,0.74,0.71,0.74,0.7,0.76,0.53,0.79,0.79,0.65,0.83,0.86,0.75,0.69,0.75,0.81,0.89,0.49,0.48,0.51,0.49,0.79,0.75,CAM,MID,5
Dejan Ljubičić,CM,Austria,0.74,0.73,0.69,0.7,0.73,0.7,0.78,0.67,0.77,0.71,0.65,0.75,0.74,0.74,0.88,0.75,0.71,0.71,0.69,0.71,0.66,0.73,CM,MID,5
Gastón Lódico,LM,Argentina,0.74,0.8,0.58,0.72,0.79,0.56,0.58,0.77,0.83,0.8,0.8,0.78,0.64,0.49,0.74,0.58,0.59,0.49,0.53,0.62,0.47,0.65,LM,MID,1
Joe Lolley,RM,England,0.74,0.73,0.7,0.7,0.76,0.49,0.63,0.76,0.71,0.83,0.73,0.77,0.69,0.6,0.75,0.65,0.54,0.41,0.51,0.45,0.47,0.71,RM,MID,1
Cadu,LM,Brazil,0.74,0.75,0.67,0.73,0.76,0.67,0.62,0.78,0.72,0.82,0.84,0.76,0.73,0.55,0.67,0.71,0.68,0.67,0.66,0.69,0.64,0.75,LM,MID,5
Unai López,CDM,Spain,0.74,0.7,0.7,0.77,0.76,0.67,0.68,0.71,0.69,0.84,0.88,0.78,0.75,0.61,0.78,0.65,0.7,0.59,0.69,0.71,0.51,0.76,CDM,MID,5
Hernán López Muñoz,CAM,Argentina,0.74,0.87,0.67,0.67,0.8,0.36,0.59,0.9,0.85,0.88,0.9,0.77,0.68,0.58,0.64,0.64,0.41,0.39,0.33,0.29,0.39,0.74,CAM,MID,1
Anthony Losilla,CDM,France,0.74,0.42,0.59,0.66,0.71,0.72,0.74,0.51,0.34,0.66,0.65,0.74,0.72,0.75,0.79,0.74,0.73,0.69,0.71,0.74,0.72,0.67,CDM,MID,0
John Lundstram,CDM,England,0.74,0.65,0.72,0.71,0.7,0.69,0.77,0.61,0.69,0.64,0.7,0.73,0.69,0.74,0.83,0.71,0.71,0.68,0.69,0.7,0.6,0.8,CDM,MID,5
Giulio Maggiore,CM,Italy,0.74,0.69,0.61,0.69,0.7,0.72,0.71,0.67,0.7,0.66,0.67,0.7,0.79,0.66,0.79,0.67,0.76,0.75,0.68,0.76,0.57,0.71,CM,MID,5
Iván Marcone,CDM,Argentina,0.74,0.4,0.62,0.71,0.68,0.72,0.77,0.49,0.33,0.54,0.62,0.74,0.7,0.79,0.75,0.71,0.74,0.74,0.72,0.7,0.67,0.7,CDM,MID,0
Pep Biel,CAM,Spain,0.74,0.7,0.72,0.72,0.77,0.48,0.59,0.75,0.65,0.88,0.91,0.76,0.72,0.47,0.77,0.59,0.49,0.49,0.48,0.45,0.52,0.7,CAM,MID,1
Marvin Mehlem,CAM,Germany,0.74,0.68,0.67,0.7,0.77,0.54,0.64,0.77,0.61,0.87,0.9,0.75,0.7,0.54,0.86,0.55,0.61,0.51,0.57,0.52,0.34,0.64,CAM,MID,6
Nico Melamed,CAM,Spain,0.74,0.8,0.68,0.75,0.78,0.4,0.6,0.81,0.8,0.85,0.85,0.77,0.68,0.59,0.56,0.69,0.39,0.36,0.37,0.39,0.54,0.68,CAM,MID,1
Rony Lopes,RM,Portugal,0.74,0.73,0.72,0.73,0.76,0.3,0.56,0.76,0.7,0.77,0.82,0.76,0.67,0.57,0.67,0.58,0.28,0.27,0.3,0.29,0.38,0.76,RM,MID,1
Djordje Mihailovic,CAM,United States,0.74,0.71,0.7,0.74,0.74,0.6,0.67,0.74,0.69,0.74,0.75,0.74,0.76,0.61,0.85,0.62,0.58,0.4,0.67,0.62,0.59,0.75,CAM,MID,5
Sven Mijnans,CM,Holland,0.74,0.65,0.71,0.71,0.75,0.63,0.7,0.74,0.57,0.75,0.68,0.76,0.7,0.63,0.91,0.65,0.64,0.62,0.61,0.64,0.62,0.73,CM,MID,5
Yankuba Minteh,RM,Gambia,0.74,0.95,0.65,0.61,0.79,0.45,0.56,0.94,0.95,0.92,0.83,0.76,0.68,0.45,0.71,0.59,0.49,0.43,0.46,0.39,0.4,0.67,RM,MID,1
Fabio Miretti,CM,Italy,0.74,0.75,0.6,0.75,0.76,0.66,0.7,0.74,0.75,0.78,0.77,0.76,0.71,0.65,0.77,0.65,0.71,0.69,0.64,0.66,0.49,0.66,CM,MID,5
Josip Mišić,CDM,Croatia,0.74,0.68,0.68,0.77,0.65,0.67,0.76,0.65,0.7,0.52,0.58,0.77,0.55,0.71,0.83,0.7,0.7,0.74,0.66,0.67,0.58,0.83,CDM,MID,5
Stoichkov,LM,Spain,0.74,0.73,0.76,0.69,0.75,0.46,0.71,0.74,0.72,0.81,0.7,0.75,0.69,0.74,0.72,0.77,0.54,0.51,0.42,0.3,0.63,0.76,LM,MID,1
Joni Montiel,CAM,Spain,0.74,0.7,0.76,0.75,0.77,0.5,0.6,0.75,0.66,0.82,0.82,0.75,0.69,0.57,0.67,0.61,0.48,0.46,0.55,0.48,0.45,0.82,CAM,MID,1
Manu Morlanes,CM,Spain,0.74,0.67,0.64,0.75,0.73,0.69,0.68,0.71,0.64,0.71,0.73,0.74,0.76,0.65,0.75,0.69,0.69,0.68,0.72,0.71,0.55,0.66,CM,MID,5
Ernest Muçi,CAM,Albania,0.74,0.79,0.71,0.69,0.75,0.28,0.57,0.8,0.78,0.76,0.78,0.76,0.67,0.62,0.64,0.69,0.26,0.23,0.24,0.26,0.51,0.78,CAM,MID,1
Javi Muñoz,CM,Spain,0.74,0.72,0.65,0.71,0.73,0.65,0.78,0.74,0.71,0.71,0.74,0.76,0.68,0.75,0.88,0.69,0.68,0.67,0.66,0.67,0.46,0.67,CM,MID,5
Thomas Murg,CAM,Austria,0.74,0.79,0.72,0.73,0.76,0.44,0.64,0.81,0.78,0.8,0.84,0.75,0.7,0.66,0.7,0.64,0.46,0.4,0.45,0.43,0.39,0.72,CAM,MID,1
Marvelous Nakamba,CDM,Zimbabwe,0.74,0.58,0.49,0.62,0.71,0.74,0.74,0.67,0.51,0.76,0.78,0.69,0.7,0.74,0.7,0.73,0.77,0.74,0.75,0.74,0.6,0.74,CDM,MID,0
Keito Nakamura,LM,Japan,0.74,0.77,0.72,0.7,0.76,0.41,0.69,0.79,0.76,0.78,0.7,0.76,0.67,0.66,0.81,0.7,0.41,0.35,0.38,0.41,0.52,0.77,LM,MID,1
Khaled Narey,RM,Germany,0.74,0.82,0.68,0.67,0.75,0.62,0.73,0.86,0.79,0.78,0.76,0.75,0.71,0.71,0.79,0.79,0.65,0.65,0.61,0.58,0.58,0.76,RM,MID,5
Gabriel Neves,CM,Uruguay,0.74,0.7,0.64,0.75,0.72,0.66,0.59,0.71,0.69,0.74,0.7,0.73,0.72,0.55,0.74,0.6,0.69,0.67,0.66,0.71,0.48,0.69,CM,MID,5
Arnaud Nordin,RM,France,0.74,0.81,0.71,0.7,0.76,0.37,0.56,0.82,0.81,0.75,0.81,0.76,0.72,0.65,0.54,0.78,0.32,0.26,0.37,0.34,0.68,0.74,RM,MID,1
Callum O'Hare,CAM,England,0.74,0.77,0.66,0.7,0.78,0.62,0.68,0.79,0.75,0.83,0.87,0.75,0.73,0.56,0.84,0.66,0.65,0.61,0.62,0.64,0.51,0.65,CAM,MID,5
Kristoffer Olsson,CM,Sweden,0.74,0.69,0.64,0.74,0.75,0.68,0.64,0.68,0.7,0.85,0.73,0.75,0.75,0.52,0.82,0.6,0.7,0.65,0.7,0.7,0.55,0.66,CM,MID,5
Mislav Oršić,LM,Croatia,0.74,0.78,0.79,0.71,0.74,0.59,0.6,0.75,0.81,0.83,0.8,0.73,0.71,0.61,0.65,0.69,0.59,0.56,0.59,0.59,0.57,0.8,LM,MID,1
Patrick Osterhage,CDM,Germany,0.74,0.76,0.6,0.68,0.73,0.72,0.75,0.72,0.8,0.71,0.69,0.75,0.7,0.72,0.86,0.77,0.71,0.78,0.73,0.71,0.67,0.68,CDM,MID,5
Dango Ouattara,LM,Burkina Faso,0.74,0.85,0.68,0.65,0.77,0.47,0.57,0.87,0.83,0.75,0.77,0.76,0.69,0.57,0.62,0.77,0.52,0.45,0.3,0.52,0.7,0.66,LM,MID,1
Magomed Ozdoev,CM,Russia,0.74,0.69,0.71,0.74,0.72,0.72,0.71,0.68,0.69,0.7,0.7,0.73,0.75,0.71,0.7,0.7,0.75,0.73,0.73,0.74,0.57,0.81,CM,MID,5
Rubén Pérez,CDM,Spain,0.74,0.46,0.63,0.7,0.65,0.71,0.7,0.49,0.43,0.54,0.61,0.72,0.7,0.71,0.65,0.64,0.73,0.7,0.71,0.76,0.56,0.8,CDM,MID,0
Tommaso Pobega,CM,Italy,0.74,0.74,0.76,0.71,0.75,0.75,0.78,0.73,0.74,0.74,0.83,0.76,0.79,0.77,0.82,0.87,0.76,0.75,0.74,0.72,0.77,0.79,CM,MID,5
Julien Ponceau,CAM,France,0.74,0.76,0.64,0.72,0.78,0.55,0.59,0.76,0.76,0.8,0.83,0.78,0.69,0.47,0.82,0.6,0.63,0.5,0.44,0.64,0.52,0.63,CAM,MID,1
Alexander Prass,CM,Austria,0.74,0.82,0.65,0.73,0.75,0.69,0.76,0.8,0.83,0.78,0.77,0.74,0.74,0.74,0.85,0.77,0.69,0.66,0.73,0.72,0.56,0.72,CM,MID,5
Lukáš Provod,CM,Czech Republic,0.74,0.76,0.73,0.74,0.74,0.67,0.82,0.71,0.8,0.72,0.77,0.73,0.76,0.85,0.85,0.82,0.66,0.65,0.67,0.68,0.67,0.82,CM,MID,5
Aaron Ramsey,CM,Wales,0.74,0.45,0.68,0.77,0.77,0.65,0.61,0.39,0.5,0.68,0.79,0.82,0.71,0.65,0.51,0.57,0.67,0.67,0.66,0.65,0.55,0.74,CM,MID,0
Federico Redondo,CM,Argentina,0.74,0.72,0.62,0.7,0.74,0.71,0.77,0.65,0.78,0.66,0.7,0.77,0.72,0.75,0.82,0.73,0.73,0.68,0.72,0.71,0.6,0.71,CM,MID,5
Rocco Reitz,CM,Germany,0.74,0.73,0.68,0.7,0.76,0.71,0.65,0.7,0.75,0.81,0.78,0.75,0.72,0.54,0.78,0.66,0.75,0.68,0.7,0.7,0.66,0.67,CM,MID,5
Elvis Rexhbeçaj,CM,Kosovo,0.74,0.59,0.66,0.71,0.74,0.68,0.74,0.63,0.56,0.71,0.7,0.76,0.73,0.7,0.77,0.68,0.73,0.68,0.67,0.67,0.58,0.83,CM,MID,5
Fabian Rieder,CAM,Switzerland,0.74,0.73,0.69,0.71,0.75,0.51,0.63,0.75,0.72,0.8,0.82,0.75,0.67,0.59,0.8,0.58,0.59,0.53,0.45,0.54,0.38,0.73,CAM,MID,1
Mats Rits,CDM,Belgium,0.74,0.71,0.69,0.71,0.73,0.72,0.73,0.72,0.7,0.69,0.76,0.76,0.71,0.7,0.77,0.72,0.72,0.7,0.76,0.75,0.58,0.72,CDM,MID,5
Óscar,CM,Spain,0.74,0.56,0.76,0.76,0.74,0.58,0.54,0.57,0.56,0.64,0.7,0.76,0.76,0.56,0.54,0.54,0.64,0.52,0.5,0.7,0.45,0.75,CM,MID,5
Mikkel Rygaard,CM,Denmark,0.74,0.64,0.72,0.77,0.76,0.61,0.67,0.72,0.57,0.87,0.89,0.73,0.75,0.65,0.71,0.64,0.62,0.6,0.63,0.63,0.48,0.73,CM,MID,5
Lukáš Sadílek,CM,Czech Republic,0.74,0.69,0.63,0.72,0.73,0.68,0.7,0.7,0.69,0.77,0.74,0.75,0.72,0.61,0.88,0.64,0.72,0.62,0.67,0.74,0.54,0.64,CM,MID,5
Osame Sahraoui,LM,Norway,0.74,0.81,0.6,0.66,0.8,0.45,0.54,0.85,0.78,0.93,0.92,0.78,0.68,0.44,0.76,0.51,0.46,0.47,0.45,0.5,0.3,0.56,LM,MID,1
Samu Sáiz,CAM,Spain,0.74,0.76,0.74,0.74,0.76,0.31,0.69,0.78,0.74,0.82,0.84,0.75,0.71,0.7,0.75,0.77,0.3,0.2,0.27,0.25,0.64,0.76,CAM,MID,1
Diadié Samassékou,CDM,Mali,0.74,0.59,0.49,0.61,0.71,0.74,0.72,0.67,0.53,0.78,0.8,0.71,0.73,0.66,0.79,0.69,0.72,0.71,0.75,0.83,0.6,0.6,CDM,MID,0
Nicola Sansone,CAM,Italy,0.74,0.71,0.71,0.7,0.78,0.44,0.54,0.74,0.69,0.85,0.8,0.8,0.74,0.48,0.58,0.62,0.44,0.33,0.46,0.38,0.59,0.69,CAM,MID,1
Amir Sâyoud,RM,Algeria,0.74,0.74,0.71,0.73,0.77,0.32,0.65,0.75,0.74,0.78,0.79,0.75,0.65,0.62,0.75,0.71,0.27,0.28,0.33,0.27,0.6,0.74,RM,MID,1
András Schäfer,CM,Hungary,0.74,0.74,0.62,0.69,0.75,0.65,0.66,0.73,0.74,0.81,0.79,0.77,0.78,0.55,0.86,0.61,0.67,0.57,0.66,0.73,0.48,0.71,CM,MID,5
Ivan Schranz,LM,Slovakia,0.74,0.81,0.75,0.68,0.72,0.63,0.75,0.78,0.83,0.67,0.7,0.73,0.75,0.73,0.82,0.85,0.63,0.58,0.61,0.6,0.75,0.78,LM,MID,5
Stefan Schwab,CM,Austria,0.74,0.63,0.71,0.75,0.72,0.7,0.75,0.62,0.64,0.68,0.67,0.73,0.73,0.74,0.8,0.74,0.69,0.69,0.73,0.69,0.69,0.72,CM,MID,5
Alex Scott,CM,England,0.74,0.73,0.62,0.73,0.79,0.65,0.68,0.75,0.72,0.84,0.85,0.77,0.73,0.65,0.8,0.68,0.68,0.62,0.65,0.68,0.52,0.63,CM,MID,5
Petr Ševčík,CDM,Czech Republic,0.74,0.69,0.69,0.76,0.76,0.68,0.7,0.72,0.67,0.84,0.85,0.76,0.74,0.67,0.74,0.74,0.69,0.66,0.68,0.69,0.66,0.75,CDM,MID,5
Abdallah Sima,LM,Senegal,0.74,0.89,0.73,0.66,0.72,0.41,0.72,0.85,0.92,0.75,0.68,0.69,0.72,0.73,0.73,0.88,0.38,0.4,0.37,0.35,0.75,0.77,LM,MID,1
David Simão,CM,Portugal,0.74,0.65,0.7,0.75,0.72,0.69,0.7,0.63,0.66,0.73,0.62,0.75,0.73,0.67,0.75,0.67,0.72,0.68,0.72,0.67,0.58,0.77,CM,MID,5
Ibrahima Sissoko,CM,Mali,0.74,0.56,0.6,0.7,0.68,0.71,0.85,0.56,0.56,0.45,0.33,0.75,0.74,0.9,0.83,0.79,0.73,0.69,0.69,0.72,0.7,0.74,CM,MID,0
Gijs Smal,LM,Holland,0.74,0.7,0.61,0.76,0.7,0.7,0.72,0.75,0.66,0.52,0.62,0.74,0.72,0.75,0.75,0.68,0.71,0.79,0.71,0.68,0.59,0.68,LM,MID,5
Rubén Sobrino,LM,Spain,0.74,0.77,0.73,0.7,0.75,0.37,0.64,0.76,0.78,0.74,0.65,0.76,0.7,0.66,0.55,0.81,0.31,0.21,0.4,0.32,0.75,0.74,LM,MID,1
José Sosa,CM,Argentina,0.74,0.48,0.66,0.79,0.77,0.66,0.64,0.48,0.48,0.7,0.74,0.8,0.73,0.66,0.56,0.61,0.7,0.67,0.68,0.62,0.56,0.72,CM,MID,0
Luka Sučić,CAM,Croatia,0.74,0.79,0.73,0.74,0.74,0.49,0.69,0.82,0.76,0.74,0.65,0.75,0.69,0.71,0.72,0.72,0.5,0.44,0.47,0.56,0.47,0.79,CAM,MID,1
Tomáš Suslov,RM,Slovakia,0.74,0.78,0.71,0.72,0.76,0.52,0.71,0.87,0.7,0.82,0.91,0.74,0.68,0.68,0.73,0.71,0.52,0.48,0.53,0.56,0.45,0.81,RM,MID,1
Damian Szymański,CDM,Poland,0.74,0.7,0.64,0.65,0.68,0.73,0.81,0.68,0.71,0.7,0.7,0.68,0.7,0.76,0.86,0.77,0.73,0.74,0.74,0.75,0.67,0.68,CDM,MID,5
Flavien Tait,CM,France,0.74,0.68,0.71,0.74,0.75,0.67,0.71,0.72,0.64,0.72,0.78,0.76,0.77,0.69,0.78,0.68,0.69,0.65,0.69,0.69,0.52,0.72,CM,MID,5
Kenneth Taylor,CM,Holland,0.74,0.74,0.68,0.76,0.74,0.6,0.69,0.85,0.65,0.75,0.69,0.76,0.7,0.67,0.75,0.68,0.58,0.55,0.63,0.63,0.55,0.74,CM,MID,5
Luis Henrique,LM,Brazil,0.74,0.82,0.67,0.71,0.73,0.45,0.72,0.84,0.8,0.71,0.64,0.72,0.64,0.78,0.7,0.85,0.46,0.35,0.41,0.44,0.67,0.76,LM,MID,1
Pablo Torre,CAM,Spain,0.74,0.72,0.64,0.76,0.76,0.45,0.53,0.76,0.69,0.82,0.81,0.76,0.69,0.48,0.71,0.54,0.48,0.46,0.42,0.45,0.41,0.62,CAM,MID,1
Facundo Torres,RM,Uruguay,0.74,0.81,0.7,0.69,0.74,0.38,0.54,0.83,0.8,0.82,0.69,0.75,0.69,0.53,0.72,0.71,0.35,0.3,0.37,0.35,0.61,0.72,RM,MID,1
Filip Ugrinic,CAM,Switzerland,0.74,0.77,0.72,0.74,0.75,0.68,0.84,0.75,0.78,0.74,0.77,0.76,0.69,0.86,0.87,0.8,0.7,0.7,0.69,0.69,0.55,0.8,CAM,MID,5
Nicolai Vallys,CAM,Denmark,0.74,0.81,0.68,0.71,0.75,0.35,0.75,0.83,0.8,0.8,0.82,0.75,0.74,0.74,0.9,0.81,0.31,0.33,0.32,0.31,0.62,0.67,CAM,MID,1
Unai Vencedor,CM,Spain,0.74,0.62,0.68,0.73,0.74,0.74,0.73,0.71,0.55,0.73,0.82,0.76,0.71,0.74,0.76,0.71,0.78,0.72,0.76,0.75,0.54,0.74,CM,MID,5
Arturo Vidal,CM,Chile,0.74,0.55,0.74,0.76,0.72,0.76,0.75,0.58,0.53,0.68,0.75,0.76,0.72,0.74,0.65,0.82,0.78,0.77,0.72,0.74,0.82,0.8,CM,MID,5
Tonny Vilhena,CM,Holland,0.74,0.7,0.72,0.75,0.74,0.73,0.76,0.74,0.66,0.75,0.81,0.73,0.75,0.76,0.76,0.84,0.72,0.7,0.73,0.75,0.71,0.8,CM,MID,5
Toni Villa,LM,Spain,0.74,0.74,0.65,0.73,0.76,0.53,0.48,0.74,0.74,0.84,0.86,0.75,0.7,0.33,0.68,0.54,0.56,0.54,0.5,0.52,0.56,0.63,LM,MID,1
Jed Wallace,RM,England,0.74,0.76,0.68,0.71,0.73,0.45,0.66,0.78,0.75,0.8,0.74,0.71,0.7,0.61,0.83,0.66,0.49,0.43,0.45,0.4,0.49,0.69,RM,MID,1
Daniel Wass,CM,Denmark,0.74,0.69,0.72,0.75,0.74,0.7,0.75,0.7,0.68,0.72,0.71,0.75,0.7,0.73,0.81,0.76,0.7,0.7,0.7,0.71,0.67,0.78,CM,MID,5
Timothy Weah,RM,United States,0.74,0.85,0.7,0.67,0.75,0.63,0.69,0.84,0.86,0.86,0.74,0.74,0.72,0.69,0.71,0.8,0.64,0.6,0.61,0.64,0.67,0.73,RM,MID,5
Ashley Westwood,CDM,England,0.74,0.54,0.64,0.75,0.71,0.7,0.73,0.6,0.49,0.72,0.78,0.73,0.69,0.67,0.83,0.67,0.69,0.67,0.73,0.72,0.6,0.72,CDM,MID,5
Ben Whiteman,CDM,England,0.74,0.64,0.65,0.74,0.69,0.68,0.77,0.63,0.64,0.66,0.72,0.72,0.7,0.75,0.83,0.7,0.69,0.68,0.67,0.71,0.58,0.7,CDM,MID,5
Okay Yokuşlu,CDM,Turkey,0.74,0.56,0.7,0.7,0.68,0.72,0.81,0.55,0.57,0.61,0.59,0.72,0.71,0.83,0.81,0.83,0.72,0.69,0.71,0.74,0.77,0.79,CDM,MID,0
Christos Zafeiris,CM,Norway,0.74,0.77,0.68,0.72,0.78,0.66,0.75,0.8,0.74,0.84,0.85,0.76,0.72,0.72,0.8,0.77,0.68,0.67,0.65,0.69,0.59,0.71,CM,MID,5
Arsen Zakharyan,LM,Russia,0.74,0.79,0.7,0.74,0.72,0.53,0.6,0.82,0.77,0.69,0.69,0.75,0.72,0.53,0.73,0.65,0.54,0.44,0.57,0.51,0.51,0.74,LM,MID,1
Fernando Zuqui,CM,Argentina,0.74,0.7,0.63,0.75,0.72,0.69,0.69,0.68,0.71,0.76,0.83,0.76,0.71,0.62,0.8,0.66,0.71,0.7,0.69,0.7,0.56,0.67,CM,MID,5
Brenden Aaronson,CAM,United States,0.73,0.79,0.65,0.69,0.77,0.55,0.59,0.81,0.77,0.76,0.81,0.77,0.73,0.5,0.81,0.56,0.61,0.46,0.59,0.55,0.37,0.67,CAM,MID,1
Himad Abdelli,CAM,Algeria,0.73,0.65,0.68,0.7,0.73,0.6,0.73,0.69,0.62,0.59,0.53,0.76,0.73,0.73,0.78,0.74,0.64,0.53,0.54,0.63,0.63,0.73,CAM,MID,5
Oliver Abildgaard,CDM,Denmark,0.73,0.55,0.64,0.68,0.7,0.7,0.81,0.44,0.64,0.62,0.7,0.72,0.73,0.83,0.84,0.79,0.72,0.7,0.68,0.68,0.76,0.74,CDM,MID,0
Aguado,CM,Spain,0.73,0.74,0.63,0.73,0.74,0.64,0.65,0.76,0.73,0.76,0.76,0.74,0.71,0.61,0.83,0.68,0.69,0.62,0.63,0.65,0.53,0.64,CM,MID,5
Emre Akbaba,CAM,Turkey,0.73,0.66,0.73,0.74,0.73,0.58,0.63,0.65,0.66,0.68,0.67,0.75,0.69,0.6,0.74,0.67,0.59,0.56,0.57,0.58,0.63,0.77,CAM,MID,5
Jean-Daniel Akpa Akpro,CM,Côte d'Ivoire,0.73,0.7,0.67,0.7,0.74,0.72,0.75,0.71,0.69,0.78,0.78,0.72,0.71,0.7,0.82,0.74,0.75,0.73,0.69,0.75,0.65,0.72,CM,MID,5
Aleñá,CM,Spain,0.73,0.67,0.69,0.72,0.75,0.58,0.6,0.68,0.67,0.73,0.7,0.77,0.76,0.61,0.64,0.54,0.59,0.5,0.62,0.67,0.34,0.68,CM,MID,6
Nani,LM,Portugal,0.73,0.66,0.73,0.75,0.77,0.34,0.7,0.68,0.64,0.77,0.79,0.75,0.6,0.74,0.6,0.76,0.22,0.2,0.41,0.31,0.68,0.79,LM,MID,1
Agustín Almendra,CM,Argentina,0.73,0.68,0.67,0.69,0.71,0.66,0.71,0.68,0.68,0.7,0.71,0.77,0.7,0.73,0.73,0.73,0.74,0.69,0.6,0.64,0.6,0.72,CM,MID,5
Ibrahim Amadou,CDM,France,0.73,0.66,0.58,0.65,0.68,0.72,0.8,0.63,0.69,0.67,0.67,0.67,0.7,0.82,0.83,0.78,0.72,0.7,0.72,0.74,0.68,0.75,CDM,MID,0
Selim Amallah,CAM,Morocco,0.73,0.67,0.73,0.73,0.71,0.64,0.74,0.68,0.66,0.73,0.57,0.72,0.69,0.74,0.69,0.74,0.66,0.57,0.62,0.68,0.64,0.75,CAM,MID,5
Lazare Amani,CM,Côte d'Ivoire,0.73,0.77,0.65,0.7,0.79,0.66,0.7,0.83,0.72,0.88,0.84,0.78,0.73,0.61,0.83,0.67,0.73,0.68,0.66,0.65,0.45,0.73,CM,MID,5
Joe Aribo,CM,Nigeria,0.73,0.74,0.64,0.72,0.76,0.66,0.77,0.75,0.73,0.79,0.8,0.75,0.73,0.78,0.81,0.8,0.66,0.62,0.65,0.69,0.65,0.7,CM,MID,5
Stuart Armstrong,CM,Scotland,0.73,0.62,0.73,0.73,0.74,0.65,0.64,0.61,0.63,0.7,0.62,0.75,0.77,0.59,0.69,0.66,0.67,0.6,0.63,0.69,0.65,0.74,CM,MID,5
Adrián Arregui,CM,Argentina,0.73,0.7,0.66,0.72,0.71,0.71,0.78,0.71,0.69,0.71,0.72,0.73,0.74,0.8,0.73,0.84,0.73,0.67,0.71,0.7,0.72,0.78,CM,MID,5
Oğuz Aydın,RM,Turkey,0.73,0.81,0.68,0.7,0.73,0.4,0.56,0.81,0.81,0.76,0.66,0.73,0.64,0.58,0.65,0.65,0.42,0.33,0.44,0.33,0.47,0.67,RM,MID,1
Milan Badelj,CDM,Croatia,0.73,0.44,0.61,0.71,0.71,0.7,0.7,0.48,0.41,0.63,0.63,0.75,0.68,0.67,0.73,0.65,0.7,0.64,0.72,0.71,0.66,0.72,CDM,MID,0
Carlos Baleba,CDM,Cameroon,0.73,0.77,0.5,0.65,0.74,0.68,0.77,0.75,0.78,0.74,0.76,0.76,0.7,0.78,0.77,0.79,0.7,0.67,0.67,0.7,0.62,0.65,CDM,MID,5
Eliesse Ben Seghir,CAM,Morocco,0.73,0.77,0.73,0.65,0.77,0.28,0.54,0.76,0.77,0.81,0.79,0.76,0.69,0.54,0.55,0.65,0.28,0.31,0.22,0.23,0.55,0.74,CAM,MID,1
Leonardo Bittencourt,CAM,Germany,0.73,0.65,0.67,0.71,0.8,0.57,0.59,0.77,0.55,0.91,0.89,0.77,0.72,0.46,0.73,0.57,0.58,0.65,0.57,0.57,0.47,0.7,CAM,MID,6
Darijan Bojanić,CM,Sweden,0.73,0.47,0.63,0.75,0.72,0.62,0.71,0.52,0.42,0.69,0.74,0.74,0.73,0.74,0.77,0.63,0.64,0.55,0.61,0.69,0.51,0.69,CM,MID,0
Ângelo,RM,Brazil,0.73,0.84,0.6,0.69,0.8,0.3,0.45,0.85,0.83,0.92,0.78,0.78,0.63,0.43,0.64,0.54,0.33,0.28,0.28,0.25,0.42,0.65,RM,MID,4
Darko Brašanac,CM,Serbia,0.73,0.5,0.69,0.72,0.7,0.72,0.71,0.58,0.43,0.56,0.64,0.76,0.77,0.7,0.66,0.69,0.73,0.73,0.74,0.72,0.64,0.8,CM,MID,0
Facundo Buonanotte,RM,Argentina,0.73,0.75,0.67,0.7,0.76,0.3,0.52,0.77,0.74,0.76,0.8,0.77,0.7,0.52,0.65,0.62,0.3,0.25,0.28,0.25,0.5,0.68,RM,MID,1
Gianluca Busio,CM,United States,0.73,0.73,0.64,0.72,0.76,0.63,0.65,0.76,0.7,0.89,0.93,0.75,0.68,0.57,0.82,0.69,0.68,0.58,0.61,0.63,0.58,0.7,CM,MID,5
Javier Cabrera,RM,Uruguay,0.73,0.76,0.63,0.68,0.75,0.53,0.7,0.76,0.76,0.84,0.87,0.71,0.71,0.66,0.8,0.62,0.66,0.57,0.44,0.55,0.37,0.7,RM,MID,6
Mathieu Cafaro,LM,France,0.73,0.75,0.68,0.7,0.75,0.47,0.65,0.8,0.71,0.83,0.83,0.72,0.7,0.59,0.8,0.65,0.5,0.45,0.44,0.48,0.47,0.72,LM,MID,1
Jens-Lys Cajuste,CDM,Sweden,0.73,0.67,0.62,0.69,0.74,0.68,0.74,0.64,0.7,0.73,0.73,0.76,0.69,0.75,0.74,0.74,0.7,0.65,0.68,0.69,0.66,0.74,CDM,MID,5
Lamine Camara,CM,Senegal,0.73,0.79,0.65,0.73,0.74,0.57,0.59,0.82,0.76,0.72,0.8,0.75,0.69,0.51,0.77,0.57,0.63,0.54,0.55,0.64,0.38,0.72,CM,MID,6
Jorman Campuzano,CDM,Colombia,0.73,0.72,0.4,0.6,0.65,0.71,0.72,0.74,0.71,0.73,0.73,0.67,0.7,0.66,0.8,0.71,0.74,0.72,0.72,0.73,0.57,0.56,CDM,MID,6
Alexis Canelo,LM,Argentina,0.73,0.86,0.74,0.68,0.72,0.28,0.73,0.83,0.89,0.74,0.63,0.72,0.65,0.74,0.69,0.84,0.21,0.21,0.25,0.27,0.7,0.75,LM,MID,1
Sergi Canós,LM,Spain,0.73,0.71,0.73,0.71,0.74,0.6,0.72,0.74,0.69,0.75,0.8,0.73,0.72,0.72,0.69,0.71,0.64,0.63,0.58,0.59,0.51,0.79,LM,MID,5
Nicolás Capaldo,CM,Argentina,0.73,0.76,0.69,0.7,0.73,0.69,0.78,0.77,0.76,0.81,0.75,0.73,0.77,0.73,0.9,0.74,0.72,0.69,0.71,0.68,0.54,0.7,CM,MID,5
Gabriel Carabajal,CAM,Argentina,0.73,0.72,0.71,0.71,0.76,0.42,0.65,0.76,0.69,0.79,0.75,0.74,0.71,0.61,0.68,0.74,0.47,0.49,0.37,0.27,0.67,0.75,CAM,MID,1
Edwin Cardona,CAM,Colombia,0.73,0.47,0.73,0.76,0.73,0.33,0.67,0.5,0.44,0.64,0.6,0.78,0.65,0.78,0.44,0.57,0.32,0.28,0.28,0.38,0.5,0.77,CAM,MID,0
Federico Carrizo,CAM,Argentina,0.73,0.83,0.71,0.7,0.75,0.46,0.64,0.83,0.83,0.84,0.81,0.73,0.7,0.63,0.73,0.71,0.31,0.27,0.58,0.58,0.52,0.74,CAM,MID,1
Cristian Cásseres Jr,CDM,Venezuela,0.73,0.77,0.64,0.67,0.71,0.72,0.74,0.78,0.77,0.74,0.8,0.7,0.69,0.66,0.85,0.76,0.78,0.74,0.72,0.68,0.64,0.69,CDM,MID,5
Adam Gnezda Čerin,CM,Slovenia,0.73,0.73,0.63,0.71,0.73,0.62,0.68,0.74,0.72,0.74,0.66,0.76,0.74,0.6,0.8,0.71,0.6,0.61,0.63,0.66,0.6,0.65,CM,MID,5
Diego Chará,CDM,Colombia,0.73,0.71,0.54,0.64,0.69,0.68,0.78,0.71,0.71,0.71,0.8,0.69,0.68,0.71,0.87,0.7,0.72,0.69,0.68,0.7,0.52,0.68,CDM,MID,5
Tjaronn Chery,CAM,Suriname,0.73,0.59,0.75,0.71,0.75,0.29,0.68,0.77,0.45,0.74,0.8,0.76,0.68,0.66,0.75,0.66,0.27,0.25,0.23,0.36,0.45,0.83,CAM,MID,1
Janner Corozo,RM,Ecuador,0.73,0.84,0.65,0.66,0.75,0.51,0.65,0.84,0.84,0.84,0.72,0.69,0.69,0.63,0.81,0.71,0.57,0.51,0.44,0.51,0.52,0.67,RM,MID,1
Miguel Crespo,CM,Portugal,0.73,0.7,0.64,0.72,0.74,0.72,0.76,0.72,0.69,0.77,0.65,0.74,0.73,0.71,0.83,0.76,0.76,0.73,0.7,0.73,0.65,0.72,CM,MID,5
Pejiño,RM,Spain,0.73,0.92,0.74,0.68,0.74,0.36,0.6,0.92,0.92,0.78,0.71,0.75,0.62,0.62,0.61,0.68,0.36,0.35,0.32,0.39,0.42,0.85,RM,MID,1
Leonardo Lelo,LM,Portugal,0.73,0.82,0.57,0.64,0.73,0.67,0.7,0.83,0.82,0.76,0.76,0.74,0.74,0.61,0.9,0.73,0.69,0.65,0.68,0.68,0.56,0.5,LM,MID,5
Mikkel Damsgaard,CM,Denmark,0.73,0.81,0.69,0.71,0.78,0.61,0.65,0.85,0.77,0.82,0.86,0.79,0.73,0.62,0.69,0.71,0.69,0.61,0.55,0.64,0.52,0.72,CM,MID,5
Josh Dasilva,CM,England,0.73,0.71,0.71,0.72,0.74,0.64,0.74,0.71,0.71,0.65,0.72,0.75,0.74,0.75,0.71,0.71,0.66,0.65,0.69,0.62,0.5,0.8,CM,MID,5
Diego Demme,CDM,Germany,0.73,0.51,0.47,0.71,0.72,0.69,0.68,0.58,0.45,0.7,0.86,0.74,0.71,0.59,0.76,0.61,0.68,0.66,0.72,0.73,0.57,0.62,CDM,MID,0
Habib Diarra,CM,Senegal,0.73,0.68,0.63,0.69,0.73,0.69,0.7,0.72,0.65,0.72,0.68,0.75,0.7,0.69,0.75,0.71,0.74,0.7,0.66,0.72,0.58,0.78,CM,MID,5
Bebé,LM,Cape Verde Islands,0.73,0.81,0.76,0.7,0.71,0.41,0.83,0.73,0.87,0.68,0.6,0.7,0.64,0.91,0.76,0.81,0.28,0.2,0.6,0.33,0.55,0.87,LM,MID,1
Cecilio Domínguez,LM,Paraguay,0.73,0.79,0.72,0.69,0.73,0.44,0.7,0.8,0.78,0.75,0.61,0.73,0.66,0.71,0.68,0.76,0.33,0.32,0.55,0.45,0.56,0.74,LM,MID,1
Tomás Händel,CDM,Portugal,0.73,0.71,0.56,0.7,0.73,0.69,0.67,0.74,0.68,0.73,0.72,0.75,0.74,0.63,0.77,0.69,0.71,0.68,0.72,0.69,0.55,0.64,CDM,MID,5
Kamory Doumbia,CAM,Mali,0.73,0.69,0.67,0.7,0.76,0.57,0.59,0.7,0.68,0.82,0.84,0.75,0.71,0.54,0.7,0.61,0.6,0.59,0.54,0.59,0.55,0.72,CAM,MID,6
Julio César Enciso,CAM,Paraguay,0.73,0.77,0.72,0.68,0.78,0.32,0.5,0.79,0.75,0.81,0.8,0.77,0.67,0.42,0.61,0.5,0.35,0.32,0.28,0.3,0.4,0.79,CAM,MID,1
Roger Fernandes,LM,Portugal,0.73,0.88,0.63,0.65,0.74,0.33,0.48,0.85,0.9,0.91,0.83,0.71,0.76,0.36,0.64,0.55,0.37,0.34,0.25,0.33,0.48,0.67,LM,MID,1
Ezequiel Fernández,CDM,Argentina,0.73,0.68,0.47,0.66,0.72,0.69,0.78,0.7,0.67,0.71,0.79,0.7,0.68,0.79,0.78,0.76,0.72,0.72,0.68,0.69,0.6,0.58,CDM,MID,5
Nicolás Fernández,CM,Uruguay,0.73,0.81,0.61,0.71,0.75,0.64,0.8,0.8,0.82,0.76,0.83,0.75,0.73,0.77,0.85,0.76,0.66,0.59,0.65,0.67,0.52,0.69,CM,MID,5
Kanya Fujimoto,CAM,Japan,0.73,0.79,0.67,0.72,0.74,0.52,0.51,0.81,0.77,0.78,0.75,0.73,0.71,0.43,0.77,0.53,0.6,0.59,0.38,0.61,0.43,0.67,CAM,MID,1
Manu Fuster,LM,Spain,0.73,0.78,0.68,0.73,0.71,0.52,0.48,0.83,0.73,0.57,0.85,0.71,0.69,0.42,0.57,0.65,0.49,0.53,0.52,0.5,0.65,0.64,LM,MID,1
Gianluca Gaetano,CAM,Italy,0.73,0.63,0.7,0.71,0.75,0.51,0.61,0.68,0.59,0.72,0.8,0.76,0.69,0.55,0.69,0.63,0.54,0.5,0.45,0.51,0.56,0.74,CAM,MID,1
Abdulrahman Ghareeb,LM,Saudi Arabia,0.73,0.84,0.62,0.67,0.77,0.25,0.57,0.87,0.82,0.91,0.88,0.71,0.68,0.56,0.75,0.66,0.23,0.17,0.25,0.2,0.46,0.64,LM,MID,1
Francisco González Metilli,CAM,Argentina,0.73,0.73,0.7,0.7,0.74,0.41,0.69,0.73,0.73,0.71,0.73,0.75,0.71,0.63,0.84,0.61,0.46,0.42,0.35,0.36,0.55,0.71,CAM,MID,1
Lucas Gourna-Douath,CDM,France,0.73,0.76,0.52,0.65,0.71,0.7,0.77,0.78,0.74,0.71,0.7,0.73,0.68,0.77,0.81,0.82,0.72,0.69,0.67,0.72,0.65,0.62,CDM,MID,5
José Gragera,CDM,Spain,0.73,0.59,0.5,0.66,0.66,0.74,0.75,0.62,0.56,0.66,0.47,0.7,0.74,0.78,0.72,0.8,0.75,0.72,0.74,0.75,0.72,0.62,CDM,MID,0
Archie Gray,CDM,England,0.73,0.75,0.6,0.7,0.74,0.7,0.72,0.74,0.76,0.72,0.72,0.74,0.72,0.7,0.75,0.75,0.7,0.7,0.7,0.7,0.65,0.62,CDM,MID,5
Ilia Gruev,CDM,Bulgaria,0.73,0.67,0.48,0.69,0.71,0.7,0.68,0.61,0.72,0.63,0.66,0.74,0.73,0.65,0.78,0.65,0.71,0.73,0.71,0.71,0.55,0.57,CDM,MID,0
Hugo Guillamón,CDM,Spain,0.73,0.57,0.53,0.67,0.64,0.74,0.71,0.59,0.56,0.62,0.67,0.69,0.69,0.69,0.72,0.74,0.75,0.74,0.75,0.74,0.72,0.57,CDM,MID,0
Gumbau,CM,Spain,0.73,0.53,0.66,0.76,0.69,0.72,0.68,0.54,0.52,0.6,0.57,0.73,0.7,0.71,0.66,0.7,0.75,0.7,0.72,0.71,0.68,0.75,CM,MID,0
Tarek Hamed,CDM,Egypt,0.73,0.64,0.58,0.65,0.66,0.72,0.83,0.67,0.61,0.68,0.78,0.65,0.68,0.78,0.88,0.77,0.73,0.74,0.71,0.74,0.65,0.68,CDM,MID,0
Abdou Harroui,CM,Morocco,0.73,0.69,0.7,0.7,0.74,0.67,0.73,0.72,0.66,0.7,0.69,0.76,0.71,0.7,0.83,0.71,0.71,0.66,0.67,0.68,0.57,0.76,CM,MID,5
Tomi Horvat,CAM,Slovenia,0.73,0.75,0.7,0.71,0.76,0.53,0.68,0.72,0.78,0.75,0.79,0.75,0.7,0.68,0.74,0.65,0.53,0.46,0.52,0.63,0.47,0.7,CAM,MID,1
Samuel Iling-Junior,LM,England,0.73,0.81,0.61,0.69,0.78,0.37,0.55,0.83,0.8,0.82,0.76,0.78,0.62,0.51,0.7,0.64,0.41,0.39,0.3,0.32,0.5,0.67,LM,MID,1
Ardon Jashari,CDM,Switzerland,0.73,0.68,0.64,0.71,0.72,0.68,0.8,0.7,0.66,0.74,0.78,0.73,0.74,0.76,0.9,0.76,0.69,0.63,0.71,0.65,0.62,0.64,CDM,MID,5
Julian Justvan,RM,Germany,0.73,0.83,0.6,0.71,0.75,0.53,0.53,0.82,0.84,0.86,0.83,0.73,0.72,0.4,0.75,0.55,0.52,0.51,0.55,0.56,0.46,0.66,RM,MID,1
Jakub Kamiński,LM,Poland,0.73,0.82,0.64,0.66,0.77,0.48,0.58,0.86,0.78,0.85,0.72,0.76,0.63,0.54,0.74,0.74,0.49,0.42,0.43,0.47,0.68,0.64,LM,MID,1
Kenan Karaman,CAM,Turkey,0.73,0.76,0.71,0.67,0.74,0.28,0.72,0.75,0.76,0.73,0.68,0.74,0.72,0.72,0.8,0.82,0.24,0.18,0.24,0.22,0.72,0.73,CAM,MID,1
Grigoris Kastanos,CAM,Cyprus,0.73,0.76,0.7,0.72,0.75,0.55,0.65,0.75,0.76,0.67,0.77,0.77,0.66,0.66,0.66,0.68,0.62,0.58,0.48,0.55,0.51,0.74,CAM,MID,5
Ilan Kebbal,CAM,Algeria,0.73,0.77,0.66,0.71,0.78,0.24,0.53,0.83,0.72,0.92,0.9,0.75,0.68,0.42,0.83,0.5,0.2,0.21,0.32,0.17,0.32,0.68,CAM,MID,1
Reda Khadra,CAM,Germany,0.73,0.85,0.67,0.68,0.77,0.48,0.67,0.87,0.84,0.82,0.83,0.74,0.72,0.67,0.68,0.76,0.54,0.42,0.45,0.41,0.56,0.71,CAM,MID,1
Maurits Kjaergaard,CM,Denmark,0.73,0.75,0.71,0.72,0.73,0.64,0.77,0.71,0.78,0.74,0.62,0.75,0.76,0.79,0.77,0.77,0.65,0.6,0.63,0.68,0.59,0.78,CM,MID,5
Luca Warrick Koleosho,LM,Italy,0.73,0.9,0.63,0.64,0.76,0.3,0.5,0.91,0.9,0.86,0.78,0.74,0.66,0.4,0.62,0.59,0.3,0.26,0.29,0.26,0.49,0.66,LM,MID,4
Rominigue Kouamé,CM,Mali,0.73,0.68,0.56,0.69,0.73,0.7,0.79,0.69,0.67,0.74,0.72,0.74,0.75,0.76,0.89,0.77,0.7,0.69,0.71,0.72,0.65,0.67,CM,MID,5
Daniel-Kofi Kyereh,CAM,Ghana,0.73,0.74,0.7,0.66,0.78,0.31,0.56,0.75,0.73,0.86,0.85,0.77,0.71,0.58,0.58,0.68,0.25,0.27,0.29,0.3,0.59,0.71,CAM,MID,1
Jacob Bruun Larsen,LM,Denmark,0.73,0.81,0.72,0.7,0.73,0.55,0.66,0.84,0.78,0.76,0.75,0.74,0.73,0.68,0.6,0.76,0.54,0.44,0.56,0.59,0.58,0.82,LM,MID,1
Valentino Lazaro,LM,Austria,0.73,0.71,0.69,0.73,0.74,0.64,0.65,0.76,0.66,0.79,0.77,0.73,0.75,0.64,0.67,0.66,0.65,0.65,0.64,0.67,0.49,0.69,LM,MID,5
Mathew Leckie,LM,Australia,0.73,0.82,0.68,0.68,0.75,0.63,0.78,0.79,0.84,0.76,0.81,0.75,0.73,0.81,0.75,0.85,0.66,0.63,0.59,0.63,0.69,0.73,LM,MID,5
Théo Leoni,CM,Belgium,0.73,0.7,0.67,0.73,0.71,0.64,0.63,0.68,0.71,0.7,0.66,0.75,0.71,0.57,0.71,0.53,0.67,0.66,0.67,0.68,0.37,0.67,CM,MID,6
Johann Lepenant,CDM,France,0.73,0.69,0.56,0.67,0.71,0.69,0.69,0.7,0.68,0.78,0.78,0.73,0.7,0.66,0.75,0.66,0.72,0.7,0.7,0.7,0.53,0.58,CDM,MID,5
Lukas Lerager,CM,Denmark,0.73,0.68,0.69,0.69,0.69,0.71,0.84,0.66,0.69,0.67,0.74,0.72,0.75,0.81,0.88,0.83,0.72,0.68,0.71,0.72,0.72,0.76,CM,MID,5
Nicolás Lodeiro,CAM,Uruguay,0.73,0.57,0.71,0.76,0.74,0.49,0.66,0.6,0.54,0.73,0.79,0.74,0.77,0.62,0.74,0.55,0.52,0.4,0.5,0.49,0.42,0.69,CAM,MID,6
Ivi López,CAM,Spain,0.73,0.73,0.73,0.71,0.74,0.39,0.65,0.72,0.74,0.79,0.81,0.76,0.69,0.67,0.67,0.71,0.36,0.29,0.36,0.41,0.59,0.74,CAM,MID,1
Dion Lopy,CDM,Senegal,0.73,0.64,0.6,0.69,0.72,0.7,0.73,0.65,0.64,0.65,0.62,0.74,0.71,0.74,0.75,0.75,0.71,0.7,0.69,0.71,0.7,0.71,CDM,MID,5
Iker Losada,RM,Spain,0.73,0.76,0.73,0.73,0.71,0.34,0.55,0.75,0.76,0.57,0.83,0.74,0.72,0.58,0.56,0.67,0.15,0.16,0.43,0.46,0.57,0.72,RM,MID,1
Sandi Lovrič,CDM,Slovenia,0.73,0.49,0.64,0.72,0.72,0.68,0.69,0.54,0.44,0.62,0.66,0.76,0.73,0.66,0.76,0.62,0.7,0.66,0.68,0.71,0.55,0.64,CDM,MID,0
Jeison Lucumí,LM,Colombia,0.73,0.82,0.67,0.67,0.74,0.25,0.65,0.86,0.79,0.81,0.68,0.74,0.67,0.63,0.66,0.65,0.23,0.27,0.21,0.26,0.4,0.72,LM,MID,1
Gustav Ludwigson,LM,Sweden,0.73,0.88,0.69,0.63,0.7,0.3,0.8,0.88,0.88,0.8,0.71,0.66,0.73,0.77,0.89,0.85,0.24,0.19,0.28,0.33,0.62,0.64,LM,MID,1
Massimo Luongo,CDM,Australia,0.73,0.59,0.67,0.67,0.71,0.7,0.77,0.6,0.58,0.73,0.76,0.74,0.72,0.79,0.75,0.73,0.73,0.7,0.72,0.69,0.6,0.75,CDM,MID,5
Antoine Makoumbou,CDM,Congo,0.73,0.72,0.59,0.67,0.76,0.68,0.78,0.74,0.7,0.8,0.73,0.76,0.7,0.74,0.89,0.75,0.71,0.67,0.65,0.72,0.59,0.71,CDM,MID,5
Lennard Maloney,CDM,United States,0.73,0.64,0.44,0.56,0.6,0.75,0.86,0.55,0.71,0.56,0.61,0.6,0.69,0.84,0.9,0.77,0.75,0.76,0.74,0.76,0.7,0.49,CDM,MID,0
Braydon Manu,RM,Ghana,0.73,0.86,0.66,0.63,0.76,0.37,0.7,0.92,0.81,0.88,0.9,0.74,0.68,0.69,0.7,0.74,0.42,0.33,0.31,0.35,0.48,0.7,RM,MID,1
Emiliano Martínez,CDM,Uruguay,0.73,0.73,0.56,0.63,0.71,0.71,0.7,0.69,0.77,0.72,0.76,0.73,0.68,0.66,0.78,0.7,0.73,0.68,0.72,0.75,0.6,0.55,CDM,MID,5
Magnus Mattsson,CAM,Denmark,0.73,0.67,0.7,0.7,0.76,0.39,0.62,0.72,0.62,0.8,0.76,0.77,0.71,0.52,0.83,0.59,0.42,0.38,0.42,0.35,0.31,0.68,CAM,MID,1
Luca Mazzitelli,CM,Italy,0.73,0.4,0.62,0.75,0.71,0.64,0.68,0.44,0.36,0.58,0.67,0.76,0.72,0.67,0.65,0.59,0.7,0.68,0.55,0.71,0.55,0.74,CM,MID,0
Melero,CM,Spain,0.73,0.51,0.71,0.72,0.69,0.7,0.73,0.5,0.51,0.59,0.63,0.72,0.71,0.77,0.68,0.76,0.72,0.68,0.66,0.72,0.73,0.75,CM,MID,0
Batista Mendy,CDM,France,0.73,0.62,0.58,0.66,0.68,0.73,0.8,0.54,0.68,0.6,0.48,0.72,0.73,0.87,0.74,0.81,0.76,0.71,0.72,0.7,0.72,0.74,CDM,MID,0
Max Meyer,CAM,Germany,0.73,0.62,0.66,0.75,0.75,0.62,0.63,0.74,0.53,0.81,0.86,0.75,0.72,0.58,0.7,0.57,0.62,0.61,0.69,0.64,0.37,0.68,CAM,MID,5
Fredrik Midtsjø,CM,Norway,0.73,0.76,0.59,0.72,0.71,0.68,0.78,0.75,0.76,0.71,0.82,0.72,0.79,0.75,0.83,0.75,0.65,0.6,0.75,0.73,0.58,0.73,CM,MID,5
Salvador Agra,RM,Portugal,0.73,0.85,0.69,0.69,0.74,0.58,0.68,0.87,0.84,0.9,0.9,0.7,0.64,0.63,0.73,0.63,0.59,0.55,0.62,0.63,0.32,0.75,RM,MID,1
Alexandru Mitriță,LM,Romania,0.73,0.86,0.72,0.68,0.77,0.26,0.6,0.89,0.83,0.92,0.91,0.75,0.67,0.55,0.72,0.6,0.21,0.27,0.32,0.22,0.31,0.75,LM,MID,1
Jakub Moder,CM,Poland,0.73,0.61,0.7,0.74,0.72,0.7,0.71,0.55,0.66,0.65,0.61,0.75,0.74,0.74,0.65,0.69,0.75,0.67,0.7,0.71,0.6,0.82,CM,MID,5
Florent Mollet,CAM,France,0.73,0.66,0.72,0.77,0.75,0.51,0.63,0.69,0.63,0.76,0.89,0.76,0.71,0.55,0.79,0.54,0.54,0.44,0.53,0.5,0.41,0.8,CAM,MID,1
Gonzalo Montes,CM,Uruguay,0.73,0.7,0.67,0.68,0.71,0.64,0.66,0.7,0.7,0.58,0.68,0.76,0.68,0.7,0.77,0.69,0.71,0.64,0.61,0.6,0.55,0.68,CM,MID,5
Santiago Montiel,LM,Argentina,0.73,0.88,0.62,0.7,0.74,0.65,0.66,0.83,0.92,0.89,0.89,0.73,0.66,0.59,0.77,0.74,0.72,0.69,0.61,0.65,0.47,0.67,LM,MID,5
Emre Mor,RM,Turkey,0.73,0.88,0.65,0.65,0.81,0.38,0.57,0.92,0.84,0.92,0.93,0.76,0.66,0.47,0.66,0.62,0.36,0.33,0.4,0.35,0.46,0.69,RM,MID,1
Maxi Moralez,CAM,Argentina,0.73,0.59,0.68,0.73,0.76,0.52,0.49,0.67,0.53,0.75,0.81,0.76,0.73,0.33,0.69,0.43,0.59,0.52,0.48,0.44,0.56,0.67,CAM,MID,6
Tete Morente,LM,Spain,0.73,0.8,0.7,0.72,0.72,0.44,0.69,0.83,0.77,0.82,0.55,0.71,0.61,0.7,0.71,0.77,0.35,0.31,0.51,0.48,0.59,0.74,LM,MID,1
Aidan Morris,CDM,United States,0.73,0.73,0.53,0.61,0.69,0.69,0.81,0.69,0.77,0.72,0.78,0.7,0.7,0.82,0.8,0.78,0.74,0.68,0.68,0.69,0.61,0.63,CDM,MID,5
Gabriel Moscardo,CDM,Brazil,0.73,0.7,0.52,0.62,0.7,0.71,0.78,0.72,0.68,0.68,0.63,0.74,0.64,0.8,0.73,0.87,0.76,0.74,0.68,0.71,0.63,0.64,CDM,MID,0
Alex Mowatt,CDM,England,0.73,0.54,0.69,0.74,0.7,0.66,0.72,0.53,0.54,0.68,0.76,0.73,0.72,0.66,0.9,0.59,0.69,0.67,0.65,0.68,0.51,0.77,CDM,MID,5
Florent Muslija,CAM,Kosovo,0.73,0.78,0.67,0.71,0.77,0.3,0.49,0.78,0.78,0.89,0.92,0.74,0.68,0.4,0.68,0.49,0.28,0.33,0.27,0.32,0.38,0.75,CAM,MID,1
Knowledge Musona,CAM,Zimbabwe,0.73,0.71,0.71,0.73,0.73,0.42,0.76,0.73,0.7,0.75,0.79,0.76,0.73,0.74,0.84,0.77,0.46,0.45,0.28,0.44,0.63,0.71,CAM,MID,1
Andrey Santos,CM,Brazil,0.73,0.74,0.65,0.7,0.75,0.7,0.69,0.77,0.71,0.74,0.69,0.76,0.7,0.67,0.68,0.78,0.72,0.7,0.68,0.7,0.7,0.72,CM,MID,5
Sebastian Nanasi,LM,Sweden,0.73,0.7,0.64,0.71,0.77,0.32,0.65,0.75,0.65,0.86,0.88,0.76,0.7,0.61,0.79,0.59,0.25,0.33,0.38,0.32,0.37,0.62,LM,MID,1
Dan Neil,CDM,England,0.73,0.73,0.64,0.66,0.72,0.68,0.77,0.74,0.72,0.76,0.73,0.73,0.69,0.71,0.9,0.76,0.7,0.65,0.68,0.67,0.62,0.62,CDM,MID,5
Cyril Ngonge,RM,Belgium,0.73,0.83,0.72,0.67,0.75,0.35,0.64,0.87,0.79,0.79,0.71,0.75,0.68,0.64,0.64,0.8,0.35,0.35,0.22,0.4,0.68,0.75,RM,MID,1
Casper Nielsen,CM,Denmark,0.73,0.71,0.7,0.73,0.74,0.7,0.76,0.7,0.71,0.75,0.78,0.75,0.71,0.73,0.83,0.73,0.71,0.7,0.72,0.72,0.6,0.81,CM,MID,5
Obinna Nwobodo,CDM,Nigeria,0.73,0.82,0.61,0.64,0.7,0.73,0.74,0.82,0.82,0.81,0.73,0.67,0.67,0.65,0.9,0.75,0.77,0.73,0.73,0.76,0.58,0.75,CDM,MID,5
Wilson Odobert,LM,France,0.73,0.86,0.67,0.64,0.75,0.3,0.49,0.87,0.85,0.79,0.74,0.74,0.68,0.43,0.67,0.55,0.3,0.28,0.29,0.23,0.44,0.66,LM,MID,4
Darius Olaru,CM,Romania,0.73,0.83,0.73,0.72,0.74,0.64,0.82,0.82,0.84,0.88,0.89,0.73,0.74,0.76,0.92,0.83,0.66,0.61,0.62,0.64,0.63,0.79,CM,MID,5
Luca Orellano,LM,Argentina,0.73,0.9,0.7,0.64,0.78,0.37,0.6,0.91,0.9,0.9,0.87,0.77,0.66,0.56,0.73,0.68,0.35,0.39,0.37,0.32,0.49,0.78,LM,MID,1
Nicolás Oroz,CM,Argentina,0.73,0.73,0.63,0.74,0.75,0.66,0.69,0.74,0.72,0.79,0.8,0.75,0.7,0.69,0.74,0.68,0.7,0.67,0.65,0.69,0.5,0.72,CM,MID,5
Richard Ortiz,CDM,Paraguay,0.73,0.73,0.68,0.68,0.71,0.7,0.83,0.67,0.78,0.84,0.79,0.7,0.68,0.81,0.86,0.77,0.7,0.65,0.72,0.73,0.6,0.82,CDM,MID,5
Kevin Paredes,LM,United States,0.73,0.78,0.59,0.66,0.78,0.58,0.49,0.82,0.74,0.87,0.91,0.76,0.71,0.34,0.65,0.48,0.63,0.6,0.59,0.58,0.36,0.64,LM,MID,6
Anthony Partipilo,RM,Italy,0.73,0.85,0.7,0.68,0.72,0.43,0.69,0.84,0.86,0.76,0.78,0.71,0.72,0.68,0.83,0.8,0.4,0.35,0.4,0.45,0.67,0.75,RM,MID,1
Aleksandar Pavlović,CDM,Germany,0.73,0.69,0.6,0.75,0.72,0.68,0.65,0.74,0.65,0.7,0.69,0.74,0.69,0.64,0.75,0.73,0.67,0.69,0.7,0.69,0.65,0.64,CDM,MID,5
Martín Payero,CM,Argentina,0.73,0.7,0.65,0.73,0.76,0.63,0.73,0.7,0.7,0.72,0.68,0.76,0.73,0.75,0.73,0.75,0.65,0.61,0.62,0.65,0.62,0.78,CM,MID,5
Marcus Holmgren Pedersen,RM,Norway,0.73,0.89,0.49,0.68,0.72,0.65,0.68,0.89,0.89,0.8,0.74,0.68,0.65,0.64,0.85,0.66,0.7,0.71,0.65,0.66,0.38,0.51,RM,MID,6
Guga Rodrigues,CM,Portugal,0.73,0.76,0.66,0.74,0.74,0.66,0.64,0.74,0.77,0.8,0.84,0.77,0.76,0.57,0.74,0.67,0.69,0.66,0.66,0.67,0.58,0.81,CM,MID,5
Joaquín Pereyra,LM,Argentina,0.73,0.67,0.66,0.74,0.72,0.59,0.66,0.66,0.67,0.68,0.71,0.74,0.74,0.65,0.74,0.61,0.62,0.58,0.55,0.68,0.46,0.73,LM,MID,5
Mauricio Pereyra,CAM,Uruguay,0.73,0.67,0.65,0.74,0.75,0.53,0.66,0.69,0.66,0.8,0.83,0.75,0.73,0.62,0.73,0.62,0.61,0.51,0.37,0.68,0.49,0.7,CAM,MID,5
Fran Pérez,RM,Spain,0.73,0.75,0.68,0.7,0.74,0.39,0.56,0.76,0.74,0.77,0.67,0.74,0.71,0.55,0.7,0.55,0.35,0.31,0.47,0.42,0.3,0.67,RM,MID,1
Kike Pérez,CM,Spain,0.73,0.6,0.64,0.71,0.77,0.59,0.54,0.62,0.58,0.74,0.69,0.8,0.72,0.56,0.46,0.62,0.67,0.6,0.5,0.63,0.57,0.59,CM,MID,6
Oleksandr Pikhalyonok,CM,Ukraine,0.73,0.66,0.66,0.74,0.72,0.62,0.64,0.69,0.64,0.63,0.76,0.73,0.75,0.6,0.72,0.61,0.61,0.56,0.67,0.65,0.49,0.71,CM,MID,5
Francisco Pizzini,RM,Argentina,0.73,0.82,0.67,0.69,0.75,0.41,0.71,0.84,0.8,0.83,0.81,0.74,0.68,0.7,0.73,0.78,0.39,0.37,0.39,0.41,0.6,0.68,RM,MID,1
Óscar Plano,LM,Spain,0.73,0.82,0.7,0.69,0.72,0.56,0.76,0.79,0.84,0.82,0.74,0.72,0.67,0.76,0.79,0.83,0.58,0.45,0.51,0.6,0.68,0.79,LM,MID,5
Dirk Proper,CDM,Holland,0.73,0.59,0.55,0.67,0.74,0.68,0.61,0.75,0.46,0.74,0.84,0.73,0.72,0.48,0.81,0.59,0.7,0.69,0.68,0.73,0.52,0.64,CDM,MID,6
Jordi Quintillà,CDM,Spain,0.73,0.65,0.66,0.74,0.74,0.66,0.73,0.62,0.67,0.76,0.8,0.75,0.71,0.7,0.83,0.67,0.66,0.64,0.68,0.69,0.57,0.68,CDM,MID,5
Dani Raba,RM,Spain,0.73,0.64,0.72,0.73,0.72,0.4,0.65,0.72,0.57,0.68,0.54,0.75,0.65,0.72,0.6,0.7,0.36,0.38,0.4,0.43,0.52,0.71,RM,MID,1
Arkadiusz Reca,LM,Poland,0.73,0.78,0.56,0.67,0.7,0.68,0.68,0.81,0.75,0.58,0.52,0.72,0.74,0.68,0.76,0.75,0.68,0.67,0.69,0.72,0.56,0.57,LM,MID,5
Ludovit Reis,CM,Holland,0.73,0.73,0.63,0.68,0.76,0.67,0.72,0.71,0.74,0.82,0.81,0.76,0.68,0.68,0.81,0.68,0.71,0.64,0.67,0.7,0.54,0.66,CM,MID,5
Jason,RM,Spain,0.73,0.73,0.73,0.71,0.75,0.49,0.64,0.74,0.72,0.77,0.76,0.75,0.66,0.63,0.65,0.72,0.5,0.4,0.43,0.54,0.62,0.75,RM,MID,1
Amir Richardson,CM,Morocco,0.73,0.73,0.64,0.69,0.72,0.67,0.74,0.63,0.81,0.67,0.54,0.74,0.71,0.73,0.77,0.7,0.7,0.63,0.66,0.71,0.58,0.72,CM,MID,5
Marco Richter,RM,Germany,0.73,0.73,0.73,0.68,0.77,0.48,0.63,0.84,0.64,0.79,0.82,0.75,0.72,0.65,0.72,0.79,0.56,0.51,0.38,0.4,0.68,0.77,RM,MID,1
Santiago Rodríguez,CAM,Uruguay,0.73,0.77,0.67,0.68,0.74,0.38,0.52,0.81,0.73,0.87,0.69,0.73,0.7,0.45,0.76,0.53,0.42,0.31,0.34,0.42,0.36,0.62,CAM,MID,1
Cristian Roldan,RM,United States,0.73,0.77,0.65,0.68,0.72,0.72,0.79,0.77,0.77,0.77,0.84,0.69,0.82,0.73,0.85,0.81,0.72,0.69,0.74,0.72,0.7,0.71,RM,MID,5
Daan Rots,RM,Holland,0.73,0.8,0.67,0.7,0.73,0.39,0.6,0.82,0.78,0.84,0.73,0.72,0.65,0.56,0.72,0.67,0.37,0.28,0.35,0.46,0.51,0.69,RM,MID,1
Matteo Ruggeri,LM,Italy,0.73,0.67,0.57,0.7,0.7,0.7,0.72,0.64,0.69,0.51,0.57,0.75,0.72,0.67,0.82,0.7,0.72,0.72,0.7,0.69,0.65,0.69,LM,MID,0
Alan Ruiz,CAM,Argentina,0.73,0.54,0.75,0.76,0.76,0.44,0.67,0.53,0.55,0.7,0.69,0.77,0.62,0.72,0.63,0.71,0.43,0.41,0.4,0.4,0.7,0.85,CAM,MID,0
Albert Rusnák,CAM,Slovakia,0.73,0.73,0.72,0.72,0.75,0.51,0.64,0.74,0.73,0.79,0.74,0.77,0.73,0.57,0.84,0.58,0.45,0.42,0.58,0.56,0.43,0.77,CAM,MID,1
André Franco,RM,Portugal,0.73,0.74,0.7,0.72,0.73,0.41,0.63,0.72,0.75,0.72,0.72,0.73,0.69,0.61,0.71,0.66,0.38,0.35,0.42,0.4,0.53,0.73,RM,MID,1
Abdelhamid Sabiri,CAM,Morocco,0.73,0.59,0.71,0.71,0.75,0.59,0.74,0.68,0.51,0.77,0.63,0.76,0.72,0.76,0.74,0.77,0.65,0.58,0.52,0.56,0.68,0.8,CAM,MID,5
Tatsuhiro Sakamoto,RM,Japan,0.73,0.8,0.64,0.69,0.75,0.58,0.6,0.85,0.76,0.81,0.88,0.73,0.66,0.45,0.85,0.57,0.61,0.59,0.59,0.61,0.43,0.64,RM,MID,6
San Emeterio,CM,Spain,0.73,0.52,0.67,0.69,0.67,0.72,0.76,0.54,0.51,0.54,0.8,0.72,0.73,0.74,0.79,0.7,0.76,0.67,0.68,0.76,0.65,0.68,CM,MID,0
Ulises Sanchez,RM,Argentina,0.73,0.77,0.65,0.74,0.71,0.59,0.59,0.73,0.81,0.74,0.74,0.72,0.65,0.51,0.74,0.63,0.65,0.57,0.57,0.56,0.55,0.62,RM,MID,6
Iván Sánchez,RM,Spain,0.73,0.69,0.66,0.74,0.78,0.39,0.42,0.71,0.67,0.86,0.87,0.77,0.66,0.31,0.51,0.43,0.25,0.28,0.49,0.52,0.4,0.66,RM,MID,4
Ilie Sánchez,CDM,Spain,0.73,0.47,0.49,0.64,0.69,0.69,0.75,0.5,0.44,0.72,0.69,0.74,0.74,0.72,0.85,0.69,0.68,0.64,0.7,0.7,0.68,0.49,CDM,MID,0
Antonio Sánchez,RM,Spain,0.73,0.74,0.66,0.73,0.73,0.65,0.75,0.75,0.74,0.82,0.77,0.73,0.68,0.75,0.85,0.73,0.68,0.64,0.62,0.72,0.54,0.79,RM,MID,5
Jan Schöppner,CDM,Germany,0.73,0.6,0.57,0.63,0.62,0.75,0.79,0.62,0.58,0.57,0.54,0.69,0.64,0.77,0.82,0.8,0.78,0.7,0.74,0.73,0.73,0.66,CDM,MID,0
Xherdan Shaqiri,CAM,Switzerland,0.73,0.67,0.74,0.76,0.76,0.4,0.62,0.69,0.66,0.7,0.85,0.77,0.71,0.7,0.5,0.63,0.45,0.44,0.3,0.42,0.45,0.87,CAM,MID,1
Santiago Simón,RM,Argentina,0.73,0.75,0.62,0.7,0.74,0.65,0.72,0.78,0.73,0.79,0.73,0.77,0.71,0.7,0.78,0.73,0.72,0.71,0.6,0.62,0.55,0.64,RM,MID,5
Manolis Siopis,CDM,Greece,0.73,0.73,0.45,0.64,0.7,0.71,0.73,0.78,0.69,0.79,0.9,0.68,0.71,0.64,0.87,0.72,0.73,0.72,0.72,0.73,0.57,0.64,CDM,MID,5
Moussa Sissoko,CM,France,0.73,0.56,0.62,0.72,0.72,0.7,0.78,0.54,0.58,0.56,0.58,0.77,0.79,0.86,0.69,0.76,0.72,0.7,0.69,0.7,0.65,0.81,CM,MID,0
Will Smallbone,CM,Republic of Ireland,0.73,0.63,0.64,0.68,0.75,0.67,0.66,0.67,0.6,0.76,0.82,0.75,0.72,0.63,0.83,0.63,0.71,0.68,0.66,0.68,0.5,0.65,CM,MID,5
Ola Solbakken,RM,Norway,0.73,0.81,0.69,0.66,0.73,0.37,0.69,0.8,0.82,0.82,0.71,0.74,0.65,0.66,0.83,0.64,0.32,0.28,0.39,0.44,0.4,0.68,RM,MID,1
Thibo Somers,RM,Belgium,0.73,0.8,0.69,0.65,0.71,0.55,0.78,0.81,0.8,0.74,0.74,0.69,0.71,0.75,0.89,0.86,0.58,0.56,0.45,0.58,0.72,0.68,RM,MID,5
Oliver Sørensen,CM,Denmark,0.73,0.73,0.67,0.68,0.71,0.69,0.8,0.69,0.76,0.73,0.73,0.72,0.73,0.81,0.91,0.79,0.7,0.66,0.7,0.69,0.65,0.7,CM,MID,5
Morlaye Sylla,LM,Guinea,0.73,0.81,0.66,0.67,0.75,0.61,0.64,0.83,0.8,0.71,0.82,0.75,0.66,0.56,0.81,0.73,0.65,0.6,0.55,0.66,0.6,0.78,LM,MID,5
Ao Tanaka,CDM,Japan,0.73,0.68,0.67,0.69,0.72,0.7,0.7,0.72,0.64,0.82,0.78,0.73,0.7,0.65,0.81,0.67,0.75,0.68,0.72,0.69,0.52,0.73,CDM,MID,5
Oussama Targhalline,CM,Morocco,0.73,0.5,0.63,0.7,0.72,0.68,0.57,0.5,0.5,0.68,0.59,0.74,0.72,0.47,0.67,0.54,0.72,0.63,0.65,0.71,0.62,0.7,CM,MID,0
Kristian Thorstvedt,CM,Norway,0.73,0.57,0.71,0.73,0.72,0.67,0.79,0.54,0.6,0.64,0.36,0.76,0.7,0.83,0.76,0.79,0.69,0.63,0.63,0.67,0.72,0.78,CM,MID,0
Dorukhan Toköz,CM,Turkey,0.73,0.71,0.68,0.7,0.73,0.73,0.73,0.72,0.71,0.71,0.74,0.75,0.73,0.72,0.73,0.7,0.74,0.76,0.73,0.74,0.68,0.78,CM,MID,5
Ozan Tufan,CAM,Turkey,0.73,0.74,0.75,0.71,0.74,0.7,0.78,0.72,0.76,0.75,0.69,0.74,0.72,0.79,0.75,0.81,0.71,0.7,0.68,0.7,0.7,0.82,CAM,MID,5
Deniz Türüç,RM,Turkey,0.73,0.75,0.71,0.73,0.74,0.57,0.71,0.76,0.74,0.77,0.76,0.74,0.72,0.69,0.77,0.7,0.61,0.55,0.51,0.64,0.52,0.79,RM,MID,5
Salih Uçan,CM,Turkey,0.73,0.57,0.7,0.75,0.74,0.66,0.7,0.6,0.54,0.72,0.74,0.75,0.68,0.68,0.75,0.68,0.66,0.61,0.67,0.68,0.61,0.75,CM,MID,5
Lesley Ugochukwu,CDM,France,0.73,0.64,0.57,0.68,0.68,0.72,0.75,0.64,0.64,0.62,0.54,0.72,0.68,0.77,0.75,0.77,0.73,0.72,0.72,0.72,0.7,0.65,CDM,MID,0
Um Won Sang,RM,Korea Republic,0.73,0.93,0.67,0.61,0.75,0.37,0.68,0.93,0.93,0.92,0.85,0.68,0.74,0.66,0.77,0.69,0.35,0.31,0.34,0.44,0.41,0.66,RM,MID,1
Mark Uth,CAM,Germany,0.73,0.6,0.75,0.73,0.74,0.4,0.62,0.66,0.55,0.73,0.68,0.75,0.75,0.66,0.53,0.71,0.39,0.36,0.34,0.39,0.67,0.8,CAM,MID,1
Matías Vargas,LM,Argentina,0.73,0.86,0.68,0.68,0.75,0.4,0.72,0.87,0.85,0.86,0.86,0.67,0.7,0.68,0.85,0.71,0.39,0.32,0.41,0.4,0.45,0.73,LM,MID,1
Yari Verschaeren,CAM,Belgium,0.73,0.69,0.68,0.73,0.79,0.44,0.47,0.71,0.68,0.89,0.82,0.77,0.66,0.38,0.7,0.45,0.48,0.35,0.41,0.47,0.39,0.67,CAM,MID,1
Hugo Vetlesen,CDM,Norway,0.73,0.81,0.68,0.71,0.77,0.69,0.69,0.86,0.77,0.92,0.84,0.76,0.69,0.6,0.88,0.76,0.71,0.7,0.7,0.7,0.6,0.67,CDM,MID,5
Bruno Xadas,CAM,Portugal,0.73,0.76,0.7,0.75,0.74,0.43,0.64,0.77,0.75,0.77,0.72,0.73,0.68,0.62,0.71,0.65,0.47,0.43,0.36,0.46,0.45,0.82,CAM,MID,1
Héctor Villalba,LM,Paraguay,0.73,0.87,0.71,0.65,0.76,0.45,0.64,0.84,0.89,0.91,0.83,0.71,0.72,0.56,0.74,0.73,0.52,0.3,0.44,0.38,0.6,0.82,LM,MID,1
Villares,CM,Spain,0.73,0.72,0.67,0.69,0.71,0.7,0.74,0.74,0.71,0.69,0.62,0.73,0.75,0.73,0.75,0.78,0.73,0.71,0.66,0.73,0.68,0.57,CM,MID,5
Nicolas Viola,CAM,Italy,0.73,0.47,0.72,0.78,0.75,0.58,0.61,0.62,0.35,0.68,0.74,0.79,0.64,0.63,0.45,0.67,0.56,0.54,0.56,0.62,0.63,0.76,CAM,MID,0
Michel Vlap,LM,Holland,0.73,0.66,0.69,0.72,0.73,0.49,0.69,0.65,0.66,0.67,0.51,0.76,0.72,0.73,0.83,0.71,0.36,0.34,0.58,0.49,0.73,0.72,LM,MID,5
Conrad Wallem,LM,Norway,0.73,0.8,0.62,0.69,0.74,0.53,0.7,0.82,0.79,0.84,0.85,0.71,0.68,0.64,0.84,0.71,0.56,0.53,0.51,0.53,0.52,0.64,LM,MID,1
Marvin Wanitzek,CM,Germany,0.73,0.65,0.68,0.76,0.73,0.59,0.69,0.77,0.55,0.78,0.75,0.75,0.71,0.63,0.9,0.68,0.65,0.64,0.51,0.64,0.51,0.75,CM,MID,5
Miha Zajc,CM,Slovenia,0.73,0.66,0.75,0.74,0.74,0.64,0.64,0.66,0.66,0.77,0.77,0.74,0.7,0.61,0.76,0.68,0.63,0.62,0.65,0.66,0.63,0.78,CM,MID,5
Anass Zaroury,LM,Morocco,0.73,0.84,0.66,0.68,0.76,0.27,0.61,0.86,0.82,0.84,0.87,0.74,0.66,0.57,0.74,0.69,0.27,0.22,0.18,0.28,0.52,0.7,LM,MID,1
Exequiel Zeballos,RM,Argentina,0.73,0.85,0.63,0.66,0.78,0.31,0.49,0.86,0.84,0.9,0.83,0.74,0.72,0.43,0.68,0.52,0.36,0.34,0.27,0.28,0.34,0.69,RM,MID,1
Peter Žulj,CM,Austria,0.73,0.53,0.69,0.73,0.72,0.66,0.75,0.51,0.54,0.66,0.63,0.75,0.68,0.78,0.8,0.68,0.7,0.64,0.61,0.7,0.58,0.75,CM,MID,0
Félix Correia,LM,Portugal,0.72,0.83,0.66,0.65,0.74,0.33,0.58,0.85,0.82,0.84,0.76,0.72,0.65,0.54,0.69,0.64,0.38,0.32,0.28,0.24,0.48,0.68,LM,MID,1
Mehdi Abeid,CDM,Algeria,0.72,0.6,0.68,0.69,0.73,0.67,0.72,0.57,0.63,0.66,0.71,0.74,0.7,0.73,0.71,0.59,0.69,0.65,0.72,0.68,0.44,0.77,CDM,MID,5
Gonzalo Abrego,CM,Argentina,0.72,0.64,0.6,0.7,0.72,0.65,0.8,0.61,0.67,0.79,0.68,0.74,0.67,0.77,0.84,0.73,0.67,0.66,0.65,0.64,0.61,0.77,CM,MID,5
Lautaro Acosta,CAM,Argentina,0.72,0.82,0.68,0.7,0.75,0.53,0.6,0.81,0.82,0.81,0.84,0.73,0.72,0.47,0.66,0.75,0.48,0.44,0.53,0.61,0.63,0.72,CAM,MID,1
Lucien Agoumé,CM,France,0.72,0.61,0.54,0.69,0.73,0.69,0.7,0.67,0.56,0.65,0.6,0.76,0.73,0.7,0.75,0.71,0.72,0.65,0.69,0.72,0.62,0.59,CM,MID,0
Yunus Akgün,RM,Turkey,0.72,0.88,0.65,0.64,0.76,0.3,0.59,0.91,0.86,0.87,0.88,0.73,0.65,0.55,0.72,0.63,0.24,0.22,0.32,0.3,0.52,0.72,RM,MID,1
Marvin,RM,Spain,0.72,0.88,0.61,0.68,0.71,0.6,0.71,0.87,0.89,0.78,0.7,0.71,0.6,0.69,0.75,0.68,0.63,0.61,0.59,0.64,0.42,0.56,RM,MID,6
Paul Akouokou,CDM,Côte d'Ivoire,0.72,0.54,0.56,0.68,0.7,0.71,0.63,0.54,0.54,0.69,0.62,0.75,0.7,0.63,0.59,0.64,0.73,0.7,0.72,0.71,0.62,0.65,CDM,MID,0
Danijel Aleksić,CM,Serbia,0.72,0.68,0.76,0.72,0.75,0.51,0.74,0.69,0.68,0.78,0.69,0.75,0.68,0.72,0.82,0.71,0.53,0.53,0.43,0.54,0.56,0.81,CM,MID,5
Tadeo Allende,RM,Argentina,0.72,0.8,0.74,0.65,0.69,0.36,0.73,0.77,0.83,0.65,0.55,0.73,0.65,0.75,0.8,0.82,0.37,0.35,0.29,0.27,0.7,0.85,RM,MID,1
Mikael Anderson,CAM,Iceland,0.72,0.79,0.65,0.69,0.75,0.64,0.73,0.79,0.79,0.82,0.83,0.74,0.7,0.68,0.86,0.76,0.66,0.6,0.65,0.65,0.6,0.68,CAM,MID,5
Jaidon Anthony,LM,England,0.72,0.77,0.66,0.68,0.74,0.39,0.63,0.75,0.78,0.71,0.71,0.74,0.66,0.64,0.71,0.67,0.48,0.24,0.38,0.29,0.52,0.63,LM,MID,1
Shinta Appelkamp,CAM,Germany,0.72,0.66,0.61,0.7,0.77,0.37,0.47,0.79,0.55,0.9,0.85,0.75,0.71,0.39,0.72,0.47,0.35,0.37,0.4,0.39,0.34,0.5,CAM,MID,4
Daniel Armstrong,RM,Scotland,0.72,0.8,0.67,0.69,0.72,0.53,0.67,0.84,0.77,0.78,0.87,0.67,0.68,0.58,0.77,0.63,0.55,0.51,0.5,0.61,0.44,0.72,RM,MID,1
Gustavo Sá,CAM,Portugal,0.72,0.74,0.68,0.72,0.73,0.7,0.68,0.73,0.75,0.73,0.74,0.75,0.72,0.77,0.41,0.8,0.71,0.69,0.69,0.69,0.68,0.71,CAM,MID,5
Stefan Bajcetic,CDM,Spain,0.72,0.66,0.52,0.66,0.72,0.69,0.66,0.67,0.66,0.64,0.62,0.75,0.68,0.63,0.68,0.64,0.71,0.72,0.68,0.71,0.54,0.56,CDM,MID,0
Tiemoué Bakayoko,CDM,France,0.72,0.51,0.5,0.65,0.67,0.71,0.77,0.49,0.52,0.52,0.5,0.72,0.69,0.81,0.66,0.74,0.73,0.72,0.7,0.7,0.7,0.72,CDM,MID,0
Mitchel Bakker,LM,Holland,0.72,0.79,0.59,0.67,0.71,0.71,0.75,0.78,0.8,0.64,0.64,0.71,0.69,0.74,0.72,0.82,0.73,0.69,0.71,0.69,0.7,0.75,LM,MID,5
Barry Bannan,CM,Scotland,0.72,0.59,0.63,0.73,0.75,0.58,0.61,0.65,0.54,0.9,0.92,0.74,0.73,0.44,0.83,0.45,0.56,0.63,0.62,0.61,0.42,0.69,CM,MID,6
Gonçalo Franco,CDM,Portugal,0.72,0.66,0.64,0.69,0.72,0.67,0.73,0.68,0.65,0.66,0.74,0.73,0.7,0.72,0.75,0.66,0.69,0.64,0.72,0.67,0.49,0.67,CDM,MID,5
David Barbona,CAM,Argentina,0.72,0.76,0.66,0.73,0.72,0.38,0.65,0.75,0.77,0.72,0.64,0.73,0.68,0.7,0.69,0.66,0.4,0.38,0.39,0.3,0.45,0.68,CAM,MID,1
Kristijan Belić,CDM,Serbia,0.72,0.65,0.54,0.67,0.66,0.72,0.74,0.74,0.57,0.69,0.7,0.67,0.69,0.69,0.81,0.75,0.72,0.74,0.73,0.71,0.66,0.67,CDM,MID,0
Alessandro Bellemo,CDM,Italy,0.72,0.5,0.62,0.7,0.7,0.64,0.7,0.51,0.49,0.65,0.7,0.75,0.68,0.62,0.93,0.61,0.65,0.63,0.62,0.71,0.58,0.68,CDM,MID,0
Mohamed Ali Ben Romdhane,CAM,Tunisia,0.72,0.7,0.71,0.71,0.7,0.63,0.7,0.72,0.68,0.69,0.56,0.71,0.72,0.74,0.68,0.7,0.64,0.57,0.64,0.67,0.5,0.71,CAM,MID,5
Sofiane Bendebka,CM,Algeria,0.72,0.74,0.66,0.68,0.73,0.61,0.73,0.77,0.71,0.74,0.75,0.72,0.75,0.66,0.91,0.75,0.62,0.53,0.58,0.67,0.63,0.66,CM,MID,5
Adrian Benedyczak,LM,Poland,0.72,0.88,0.71,0.65,0.69,0.32,0.76,0.91,0.86,0.67,0.59,0.69,0.64,0.8,0.76,0.89,0.24,0.24,0.33,0.29,0.7,0.73,LM,MID,1
Jessy Benet,CM,France,0.72,0.59,0.66,0.73,0.7,0.61,0.78,0.52,0.65,0.73,0.69,0.74,0.68,0.8,0.89,0.71,0.64,0.54,0.61,0.61,0.6,0.72,CM,MID,5
Matúš Bero,CM,Slovakia,0.72,0.7,0.71,0.69,0.71,0.7,0.81,0.68,0.71,0.69,0.73,0.72,0.72,0.78,0.9,0.78,0.68,0.65,0.76,0.66,0.68,0.75,CM,MID,5
Benjamín Berríos,CM,Chile,0.72,0.71,0.58,0.67,0.73,0.68,0.72,0.74,0.69,0.83,0.88,0.74,0.71,0.64,0.92,0.6,0.73,0.68,0.7,0.73,0.4,0.6,CM,MID,5
Andrea Bertolacci,CM,Italy,0.72,0.55,0.69,0.73,0.73,0.71,0.64,0.57,0.53,0.7,0.77,0.74,0.67,0.61,0.6,0.65,0.71,0.7,0.75,0.7,0.64,0.75,CM,MID,5
Krystian Bielik,CDM,Poland,0.72,0.55,0.46,0.63,0.66,0.71,0.79,0.53,0.57,0.56,0.52,0.67,0.69,0.81,0.72,0.78,0.71,0.68,0.72,0.7,0.72,0.62,CDM,MID,0
Stipe Biuk,LM,Croatia,0.72,0.83,0.64,0.65,0.73,0.38,0.62,0.82,0.84,0.74,0.58,0.75,0.67,0.6,0.72,0.67,0.37,0.39,0.35,0.38,0.48,0.69,LM,MID,1
Sebastián Blanco,CAM,Argentina,0.72,0.65,0.7,0.72,0.72,0.32,0.58,0.67,0.63,0.73,0.74,0.73,0.7,0.56,0.51,0.65,0.28,0.26,0.3,0.32,0.6,0.7,CAM,MID,1
Alexis Blin,CDM,France,0.72,0.31,0.54,0.63,0.65,0.69,0.77,0.31,0.31,0.64,0.7,0.65,0.74,0.74,0.85,0.6,0.71,0.7,0.67,0.75,0.58,0.63,CDM,MID,0
Bruno Gaspar,RM,Angola,0.72,0.79,0.58,0.68,0.73,0.68,0.68,0.77,0.8,0.74,0.76,0.74,0.74,0.65,0.74,0.74,0.67,0.66,0.69,0.72,0.6,0.73,RM,MID,5
Daniel Boloca,CDM,Romania,0.72,0.59,0.59,0.7,0.74,0.63,0.72,0.58,0.6,0.7,0.53,0.79,0.7,0.71,0.8,0.64,0.68,0.64,0.64,0.61,0.52,0.67,CDM,MID,0
Matthias Braunöder,CM,Austria,0.72,0.8,0.58,0.71,0.76,0.65,0.62,0.84,0.76,0.88,0.87,0.75,0.73,0.43,0.92,0.56,0.69,0.67,0.66,0.67,0.46,0.68,CM,MID,6
Nathan Broadhead,LM,Wales,0.72,0.79,0.71,0.66,0.73,0.36,0.66,0.81,0.78,0.75,0.74,0.73,0.68,0.64,0.68,0.77,0.28,0.3,0.39,0.32,0.65,0.72,LM,MID,1
Alan Browne,CM,Republic of Ireland,0.72,0.7,0.69,0.7,0.72,0.69,0.78,0.7,0.7,0.74,0.75,0.72,0.72,0.72,0.89,0.76,0.7,0.67,0.69,0.69,0.69,0.75,CM,MID,5
Gaston Brugman,CM,Uruguay,0.72,0.7,0.68,0.71,0.73,0.69,0.72,0.73,0.68,0.75,0.83,0.72,0.7,0.69,0.79,0.71,0.73,0.69,0.68,0.69,0.55,0.8,CM,MID,5
Wes Burns,RM,Wales,0.72,0.91,0.67,0.63,0.73,0.6,0.74,0.92,0.9,0.85,0.87,0.72,0.65,0.7,0.87,0.82,0.58,0.56,0.62,0.61,0.64,0.71,RM,MID,1
Déiber Caicedo,LM,Colombia,0.72,0.84,0.65,0.64,0.77,0.41,0.53,0.85,0.84,0.9,0.88,0.72,0.69,0.46,0.66,0.55,0.45,0.3,0.45,0.34,0.38,0.66,LM,MID,1
Mady Camara,CM,Guinea,0.72,0.7,0.71,0.71,0.71,0.74,0.83,0.7,0.7,0.78,0.72,0.71,0.65,0.82,0.83,0.81,0.75,0.72,0.75,0.74,0.7,0.84,CM,MID,5
Víctor Cantillo,CDM,Colombia,0.72,0.67,0.39,0.66,0.74,0.65,0.68,0.65,0.68,0.69,0.61,0.78,0.68,0.71,0.65,0.7,0.65,0.61,0.68,0.68,0.58,0.47,CDM,MID,0
Valentín Carboni,CAM,Argentina,0.72,0.61,0.7,0.73,0.73,0.46,0.49,0.6,0.62,0.63,0.68,0.75,0.75,0.42,0.53,0.56,0.5,0.37,0.47,0.33,0.67,0.73,CAM,MID,1
Carlos Mané,LM,Guinea-Bissau,0.72,0.9,0.67,0.64,0.77,0.41,0.62,0.9,0.9,0.91,0.84,0.71,0.65,0.6,0.67,0.78,0.34,0.33,0.38,0.49,0.64,0.77,LM,MID,1
Carmona,RM,Spain,0.72,0.73,0.65,0.68,0.7,0.68,0.66,0.74,0.73,0.69,0.65,0.71,0.74,0.65,0.74,0.73,0.67,0.65,0.68,0.72,0.62,0.65,RM,MID,5
Dário Essugo,CDM,Portugal,0.72,0.73,0.56,0.63,0.71,0.71,0.78,0.67,0.77,0.77,0.79,0.72,0.68,0.8,0.76,0.76,0.73,0.66,0.72,0.72,0.62,0.67,CDM,MID,5
Lukáš Červ,CDM,Czech Republic,0.72,0.69,0.62,0.66,0.68,0.68,0.77,0.69,0.69,0.68,0.69,0.69,0.7,0.73,0.77,0.76,0.7,0.7,0.66,0.69,0.68,0.67,CDM,MID,5
Chow Tim,CM,Chinese Taipei,0.72,0.73,0.65,0.7,0.71,0.67,0.75,0.71,0.74,0.76,0.73,0.73,0.74,0.72,0.84,0.75,0.69,0.61,0.68,0.71,0.6,0.69,CM,MID,5
Anders Christiansen,CM,Denmark,0.72,0.69,0.71,0.7,0.74,0.65,0.72,0.72,0.66,0.85,0.84,0.71,0.76,0.64,0.8,0.72,0.65,0.66,0.62,0.7,0.62,0.71,CM,MID,5
Carney Chukwuemeka,CAM,England,0.72,0.65,0.65,0.68,0.76,0.5,0.63,0.65,0.65,0.69,0.7,0.77,0.72,0.65,0.63,0.61,0.53,0.5,0.48,0.5,0.47,0.65,CAM,MID,6
Corpas,RM,Spain,0.72,0.89,0.66,0.69,0.72,0.36,0.62,0.89,0.89,0.9,0.69,0.72,0.6,0.61,0.73,0.69,0.29,0.34,0.5,0.21,0.46,0.68,RM,MID,1
Luismi Cruz,RM,Spain,0.72,0.85,0.61,0.66,0.78,0.48,0.58,0.87,0.83,0.85,0.91,0.75,0.64,0.58,0.67,0.64,0.52,0.49,0.47,0.44,0.44,0.6,RM,MID,1
Diego Lopes,CAM,Brazil,0.72,0.71,0.67,0.7,0.74,0.49,0.55,0.7,0.71,0.79,0.84,0.73,0.73,0.34,0.85,0.52,0.55,0.51,0.46,0.42,0.55,0.7,CAM,MID,1
Zuriko Davitashvili,LM,Georgia,0.72,0.84,0.6,0.67,0.73,0.25,0.59,0.8,0.87,0.75,0.74,0.73,0.65,0.62,0.71,0.6,0.27,0.31,0.21,0.19,0.33,0.61,LM,MID,4
Luca de la Torre,CM,United States,0.72,0.64,0.61,0.72,0.73,0.62,0.62,0.72,0.57,0.76,0.81,0.74,0.67,0.52,0.89,0.54,0.66,0.62,0.63,0.64,0.42,0.58,CM,MID,6
Artur,CDM,Brazil,0.72,0.62,0.51,0.64,0.68,0.69,0.77,0.57,0.66,0.74,0.68,0.7,0.7,0.76,0.76,0.72,0.71,0.69,0.7,0.66,0.61,0.59,CDM,MID,0
Alan,CAM,Brazil,0.72,0.75,0.65,0.69,0.75,0.5,0.45,0.77,0.74,0.79,0.95,0.73,0.67,0.31,0.73,0.45,0.54,0.47,0.46,0.56,0.36,0.63,CAM,MID,1
Emmanuel Dennis,LM,Nigeria,0.72,0.85,0.71,0.63,0.75,0.41,0.7,0.84,0.85,0.87,0.78,0.72,0.76,0.71,0.67,0.9,0.46,0.28,0.38,0.25,0.76,0.8,LM,MID,1
Cameron Devlin,CDM,Australia,0.72,0.68,0.55,0.63,0.72,0.68,0.73,0.73,0.64,0.78,0.89,0.7,0.7,0.61,0.91,0.65,0.73,0.66,0.69,0.7,0.5,0.52,CDM,MID,6
Grady Diangana,LM,Congo DR,0.72,0.82,0.62,0.66,0.72,0.27,0.58,0.87,0.78,0.78,0.79,0.72,0.67,0.58,0.66,0.62,0.26,0.23,0.26,0.27,0.37,0.55,LM,MID,4
Aron Dønnum,RM,Norway,0.72,0.82,0.62,0.65,0.76,0.52,0.71,0.84,0.8,0.85,0.82,0.75,0.69,0.72,0.71,0.76,0.47,0.42,0.55,0.57,0.53,0.67,RM,MID,1
Dotor,CM,Spain,0.72,0.56,0.61,0.65,0.71,0.66,0.63,0.54,0.58,0.67,0.68,0.73,0.69,0.59,0.71,0.59,0.71,0.6,0.64,0.7,0.56,0.57,CM,MID,0
Ismaël Doukouré,CDM,France,0.72,0.66,0.42,0.6,0.64,0.72,0.71,0.62,0.69,0.56,0.63,0.69,0.71,0.75,0.69,0.74,0.73,0.73,0.72,0.73,0.69,0.59,CDM,MID,0
Ousmane Doumbia,CDM,Côte d'Ivoire,0.72,0.72,0.58,0.66,0.71,0.69,0.78,0.71,0.73,0.74,0.79,0.68,0.73,0.75,0.88,0.76,0.73,0.71,0.69,0.67,0.61,0.64,CDM,MID,5
Carel Eiting,CM,Holland,0.72,0.45,0.58,0.79,0.7,0.58,0.61,0.48,0.42,0.68,0.67,0.73,0.69,0.52,0.81,0.41,0.5,0.48,0.65,0.67,0.49,0.67,CM,MID,0
Jurgen Ekkelenkamp,CAM,Holland,0.72,0.65,0.69,0.71,0.72,0.62,0.79,0.69,0.62,0.69,0.57,0.72,0.73,0.77,0.87,0.77,0.63,0.65,0.62,0.59,0.66,0.73,CAM,MID,5
José Enamorado,LM,Colombia,0.72,0.81,0.63,0.66,0.78,0.25,0.45,0.8,0.81,0.88,0.73,0.76,0.69,0.42,0.66,0.55,0.27,0.22,0.2,0.21,0.48,0.68,LM,MID,4
Arne Engels,CM,Belgium,0.72,0.71,0.64,0.73,0.74,0.63,0.72,0.7,0.72,0.76,0.75,0.74,0.71,0.68,0.78,0.69,0.64,0.6,0.62,0.65,0.57,0.74,CM,MID,5
Eom Ji Sung,LM,Korea Republic,0.72,0.85,0.64,0.64,0.74,0.36,0.65,0.83,0.87,0.9,0.76,0.69,0.73,0.6,0.79,0.61,0.37,0.3,0.38,0.33,0.34,0.64,LM,MID,1
Nahuel Estévez,CDM,Argentina,0.72,0.68,0.7,0.74,0.73,0.67,0.67,0.7,0.67,0.79,0.69,0.75,0.68,0.58,0.78,0.66,0.7,0.65,0.68,0.67,0.6,0.74,CDM,MID,5
Cláudio Falcão,CDM,Brazil,0.72,0.66,0.67,0.64,0.68,0.73,0.77,0.67,0.66,0.69,0.67,0.68,0.66,0.7,0.91,0.78,0.78,0.65,0.7,0.72,0.75,0.75,CDM,MID,5
César Falletti,CAM,Uruguay,0.72,0.86,0.66,0.7,0.77,0.33,0.66,0.84,0.88,0.86,0.88,0.76,0.64,0.66,0.78,0.7,0.22,0.21,0.5,0.22,0.47,0.74,CAM,MID,1
Zinedine Ferhat,RM,Algeria,0.72,0.76,0.63,0.7,0.72,0.31,0.62,0.75,0.77,0.76,0.75,0.71,0.65,0.65,0.75,0.72,0.3,0.27,0.29,0.24,0.6,0.67,RM,MID,1
Nicolás Fernández,RM,Argentina,0.72,0.82,0.63,0.67,0.74,0.62,0.64,0.84,0.81,0.83,0.7,0.73,0.63,0.58,0.73,0.72,0.65,0.66,0.6,0.59,0.58,0.67,RM,MID,6
Alexis Flips,LM,France,0.72,0.72,0.68,0.71,0.73,0.45,0.62,0.73,0.72,0.71,0.77,0.72,0.7,0.61,0.68,0.57,0.54,0.49,0.39,0.46,0.33,0.7,LM,MID,1
Nicolás Fonseca,CDM,Uruguay,0.72,0.68,0.63,0.72,0.68,0.68,0.72,0.67,0.68,0.59,0.67,0.73,0.7,0.69,0.78,0.68,0.71,0.68,0.67,0.68,0.57,0.7,CDM,MID,5
Mads Frøkjær,CAM,Denmark,0.72,0.63,0.66,0.7,0.74,0.48,0.64,0.65,0.62,0.7,0.75,0.74,0.71,0.66,0.66,0.61,0.54,0.49,0.42,0.45,0.48,0.69,CAM,MID,6
Luca Garritano,CAM,Italy,0.72,0.81,0.67,0.69,0.74,0.55,0.55,0.86,0.77,0.9,0.9,0.72,0.72,0.43,0.79,0.61,0.54,0.48,0.58,0.56,0.54,0.67,CAM,MID,1
César Gelabert,CM,Spain,0.72,0.73,0.63,0.7,0.71,0.52,0.57,0.73,0.73,0.61,0.64,0.72,0.72,0.64,0.6,0.57,0.68,0.5,0.34,0.64,0.32,0.46,CM,MID,6
Claudio Gomes,CDM,France,0.72,0.79,0.57,0.67,0.75,0.68,0.75,0.82,0.77,0.83,0.84,0.73,0.74,0.73,0.8,0.81,0.7,0.68,0.67,0.7,0.63,0.68,CDM,MID,5
Jonatan Gómez,CM,Argentina,0.72,0.66,0.67,0.72,0.76,0.63,0.62,0.67,0.66,0.81,0.82,0.74,0.72,0.57,0.63,0.57,0.73,0.59,0.59,0.65,0.46,0.62,CM,MID,6
Unai Gómez,CAM,Spain,0.72,0.67,0.65,0.67,0.74,0.37,0.62,0.66,0.67,0.76,0.67,0.75,0.72,0.68,0.62,0.71,0.35,0.42,0.35,0.26,0.67,0.68,CAM,MID,1
Paulo Bernardo,CM,Portugal,0.72,0.74,0.69,0.67,0.73,0.65,0.76,0.68,0.78,0.68,0.74,0.75,0.74,0.75,0.8,0.74,0.73,0.7,0.6,0.58,0.61,0.79,CM,MID,5
Luis González,LM,Venezuela,0.72,0.79,0.69,0.69,0.74,0.37,0.56,0.76,0.82,0.81,0.8,0.75,0.63,0.62,0.53,0.66,0.43,0.53,0.3,0.25,0.48,0.68,LM,MID,1
Lukas Görtler,CM,Germany,0.72,0.69,0.69,0.75,0.68,0.59,0.79,0.67,0.7,0.71,0.7,0.69,0.72,0.75,0.89,0.75,0.58,0.51,0.59,0.61,0.65,0.7,CM,MID,5
Julian Gressel,RM,United States,0.72,0.66,0.63,0.71,0.7,0.61,0.76,0.65,0.67,0.63,0.62,0.7,0.69,0.73,0.85,0.78,0.64,0.6,0.58,0.62,0.57,0.69,RM,MID,0
Matt Grimes,CM,England,0.72,0.59,0.58,0.74,0.71,0.66,0.69,0.57,0.61,0.77,0.76,0.73,0.73,0.6,0.92,0.52,0.71,0.68,0.65,0.7,0.39,0.69,CM,MID,5
Carlos Gruezo,CDM,Ecuador,0.72,0.58,0.46,0.61,0.67,0.68,0.74,0.68,0.5,0.78,0.85,0.7,0.72,0.69,0.76,0.66,0.71,0.7,0.68,0.69,0.54,0.61,CDM,MID,0
Jóhann Berg Guðmundsson,RM,Iceland,0.72,0.63,0.71,0.74,0.72,0.61,0.67,0.66,0.61,0.68,0.76,0.73,0.72,0.67,0.67,0.7,0.63,0.55,0.6,0.62,0.62,0.78,RM,MID,5
Serdar Gürler,LM,Turkey,0.72,0.82,0.65,0.68,0.74,0.43,0.58,0.83,0.81,0.81,0.82,0.71,0.69,0.59,0.71,0.71,0.49,0.32,0.4,0.35,0.56,0.73,LM,MID,1
Yeison Guzmán,CAM,Colombia,0.72,0.78,0.67,0.69,0.75,0.33,0.48,0.83,0.73,0.79,0.89,0.75,0.69,0.42,0.66,0.56,0.22,0.21,0.52,0.22,0.46,0.7,CAM,MID,1
Hayden Hackney,CDM,England,0.72,0.68,0.57,0.69,0.71,0.65,0.71,0.65,0.7,0.73,0.75,0.72,0.73,0.64,0.8,0.6,0.69,0.71,0.66,0.64,0.45,0.68,CDM,MID,5
Jorrit Hendrix,CDM,Holland,0.72,0.67,0.59,0.66,0.67,0.69,0.76,0.66,0.68,0.69,0.74,0.68,0.67,0.77,0.74,0.77,0.69,0.71,0.68,0.7,0.68,0.71,CDM,MID,5
Fabian Holland,CDM,Germany,0.72,0.62,0.49,0.67,0.72,0.72,0.7,0.74,0.53,0.77,0.82,0.72,0.72,0.66,0.75,0.73,0.74,0.73,0.73,0.69,0.63,0.65,CDM,MID,5
Martin Hongla,CM,Cameroon,0.72,0.74,0.67,0.69,0.74,0.7,0.75,0.75,0.73,0.81,0.74,0.74,0.65,0.76,0.83,0.81,0.7,0.7,0.69,0.73,0.69,0.76,CM,MID,5
Sascha Horvath,CM,Austria,0.72,0.82,0.68,0.72,0.77,0.57,0.62,0.87,0.77,0.92,0.92,0.74,0.69,0.52,0.79,0.59,0.63,0.6,0.56,0.6,0.37,0.69,CM,MID,1
Branimir Hrgota,CAM,Sweden,0.72,0.73,0.74,0.65,0.75,0.25,0.67,0.77,0.7,0.76,0.67,0.75,0.71,0.67,0.82,0.7,0.28,0.17,0.22,0.17,0.52,0.75,CAM,MID,1
Jesús Imaz,CAM,Spain,0.72,0.8,0.71,0.67,0.74,0.31,0.63,0.81,0.8,0.84,0.82,0.73,0.67,0.63,0.81,0.73,0.24,0.23,0.31,0.34,0.56,0.72,CAM,MID,1
Juan Iturbe,RM,Paraguay,0.72,0.89,0.64,0.66,0.76,0.29,0.52,0.89,0.89,0.85,0.9,0.74,0.64,0.34,0.66,0.51,0.3,0.26,0.31,0.21,0.4,0.72,RM,MID,4
Tomoki Iwata,CDM,Japan,0.72,0.75,0.6,0.64,0.68,0.68,0.77,0.73,0.77,0.73,0.74,0.72,0.72,0.78,0.77,0.81,0.72,0.68,0.64,0.67,0.68,0.67,CDM,MID,5
Jeong Woo Yeong,CAM,Korea Republic,0.72,0.78,0.62,0.67,0.78,0.36,0.61,0.78,0.78,0.86,0.84,0.77,0.69,0.54,0.79,0.69,0.32,0.36,0.34,0.3,0.61,0.59,CAM,MID,1
Erik Jirka,RM,Slovakia,0.72,0.85,0.66,0.66,0.7,0.42,0.67,0.83,0.86,0.7,0.65,0.72,0.69,0.67,0.71,0.79,0.43,0.42,0.33,0.4,0.67,0.73,RM,MID,1
Lasse Berg Johnsen,CDM,Norway,0.72,0.67,0.55,0.65,0.68,0.67,0.82,0.69,0.65,0.77,0.74,0.69,0.71,0.78,0.91,0.73,0.68,0.66,0.7,0.68,0.55,0.66,CDM,MID,5
Isaiah Jones,RM,England,0.72,0.85,0.55,0.65,0.73,0.64,0.61,0.84,0.86,0.77,0.77,0.72,0.7,0.57,0.79,0.66,0.69,0.63,0.66,0.6,0.49,0.59,RM,MID,6
Jhojan Julio,LM,Ecuador,0.72,0.81,0.65,0.65,0.74,0.6,0.68,0.82,0.81,0.83,0.71,0.72,0.73,0.65,0.82,0.74,0.64,0.56,0.54,0.68,0.56,0.7,LM,MID,5
Abdelkahar Kadri,CAM,Algeria,0.72,0.72,0.67,0.68,0.78,0.61,0.62,0.74,0.7,0.79,0.82,0.75,0.7,0.6,0.57,0.63,0.66,0.63,0.58,0.63,0.48,0.7,CAM,MID,6
Yann Karamoh,LM,France,0.72,0.77,0.68,0.67,0.74,0.31,0.59,0.78,0.77,0.72,0.65,0.75,0.68,0.6,0.62,0.74,0.31,0.26,0.23,0.29,0.65,0.69,LM,MID,1
David Moberg Karlsson,CAM,Sweden,0.72,0.87,0.69,0.69,0.75,0.3,0.58,0.84,0.9,0.79,0.74,0.73,0.67,0.59,0.62,0.67,0.24,0.23,0.38,0.21,0.48,0.7,CAM,MID,1
Yassine Kechta,CM,Morocco,0.72,0.58,0.59,0.7,0.74,0.64,0.63,0.62,0.55,0.75,0.78,0.74,0.7,0.53,0.79,0.54,0.68,0.64,0.62,0.67,0.49,0.64,CM,MID,6
Olivier Kemen,CM,Cameroon,0.72,0.77,0.69,0.67,0.74,0.68,0.81,0.74,0.8,0.75,0.76,0.72,0.75,0.82,0.84,0.82,0.71,0.69,0.67,0.68,0.64,0.75,CM,MID,5
Joshua Kitolano,CM,Norway,0.72,0.79,0.58,0.65,0.76,0.68,0.75,0.86,0.73,0.85,0.84,0.74,0.74,0.7,0.87,0.79,0.72,0.67,0.69,0.72,0.47,0.6,CM,MID,5
Ismaël Koné,CM,Canada,0.72,0.78,0.63,0.68,0.71,0.64,0.69,0.74,0.81,0.69,0.52,0.73,0.72,0.69,0.75,0.69,0.66,0.58,0.65,0.67,0.52,0.71,CM,MID,5
Jan Kopic,RM,Czech Republic,0.72,0.76,0.69,0.68,0.72,0.36,0.59,0.77,0.76,0.75,0.7,0.71,0.69,0.58,0.65,0.64,0.38,0.31,0.35,0.32,0.48,0.75,RM,MID,1
Jean Evrard Kouassi,LM,Côte d'Ivoire,0.72,0.9,0.69,0.59,0.77,0.31,0.7,0.9,0.9,0.88,0.79,0.72,0.75,0.73,0.75,0.86,0.26,0.21,0.29,0.26,0.7,0.75,LM,MID,1
Filip Krovinović,CAM,Croatia,0.72,0.65,0.67,0.74,0.72,0.6,0.6,0.64,0.65,0.75,0.68,0.78,0.65,0.56,0.67,0.6,0.61,0.46,0.62,0.67,0.54,0.73,CAM,MID,6
Luca Langoni,RM,Argentina,0.72,0.9,0.67,0.62,0.73,0.34,0.67,0.9,0.9,0.89,0.82,0.69,0.71,0.58,0.9,0.65,0.29,0.33,0.45,0.22,0.44,0.66,RM,MID,1
Sam Larsson,LM,Sweden,0.72,0.79,0.69,0.71,0.73,0.38,0.59,0.79,0.79,0.84,0.77,0.74,0.7,0.58,0.71,0.6,0.42,0.25,0.29,0.52,0.4,0.76,LM,MID,1
Tom Lawrence,CAM,Wales,0.72,0.73,0.73,0.71,0.73,0.43,0.7,0.75,0.72,0.76,0.7,0.74,0.66,0.66,0.73,0.75,0.42,0.36,0.48,0.28,0.69,0.78,CAM,MID,1
Lee Seung Woo,CAM,Korea Republic,0.72,0.82,0.7,0.66,0.74,0.41,0.63,0.87,0.78,0.89,0.7,0.71,0.7,0.58,0.63,0.62,0.43,0.41,0.34,0.52,0.38,0.7,CAM,MID,1
Alan Lescano,CM,Argentina,0.72,0.65,0.7,0.72,0.73,0.62,0.69,0.66,0.65,0.72,0.69,0.78,0.7,0.67,0.72,0.68,0.67,0.63,0.57,0.62,0.59,0.73,CM,MID,5
Robert Ljubičić,CM,Croatia,0.72,0.77,0.62,0.69,0.72,0.64,0.73,0.75,0.78,0.75,0.72,0.75,0.74,0.65,0.87,0.74,0.67,0.61,0.59,0.69,0.65,0.67,CM,MID,5
Raúl Loaiza,CDM,Colombia,0.72,0.56,0.46,0.64,0.66,0.7,0.78,0.58,0.54,0.59,0.65,0.68,0.7,0.73,0.85,0.71,0.71,0.68,0.72,0.7,0.65,0.67,CDM,MID,0
Roberto López,CAM,Spain,0.72,0.55,0.73,0.74,0.74,0.48,0.62,0.55,0.55,0.72,0.74,0.76,0.66,0.65,0.82,0.48,0.58,0.45,0.4,0.57,0.24,0.76,CAM,MID,6
Imrân Louza,CM,Morocco,0.72,0.61,0.65,0.72,0.74,0.62,0.62,0.56,0.65,0.69,0.77,0.77,0.69,0.57,0.73,0.55,0.7,0.6,0.59,0.64,0.49,0.73,CM,MID,5
José Machín,CM,Equatorial Guinea,0.72,0.54,0.64,0.7,0.72,0.63,0.63,0.54,0.54,0.68,0.62,0.74,0.71,0.6,0.7,0.61,0.68,0.63,0.61,0.61,0.58,0.7,CM,MID,0
Álvaro Madrid,CM,Chile,0.72,0.68,0.64,0.72,0.75,0.58,0.68,0.68,0.68,0.78,0.66,0.77,0.65,0.7,0.77,0.62,0.65,0.57,0.55,0.61,0.45,0.66,CM,MID,6
Nicolas Madsen,CM,Denmark,0.72,0.58,0.67,0.73,0.69,0.67,0.7,0.61,0.55,0.61,0.66,0.75,0.68,0.71,0.73,0.72,0.68,0.67,0.66,0.69,0.66,0.72,CM,MID,0
Linton Maina,LM,Germany,0.72,0.91,0.62,0.64,0.73,0.29,0.55,0.89,0.92,0.85,0.87,0.71,0.69,0.47,0.78,0.59,0.28,0.25,0.29,0.24,0.44,0.62,LM,MID,4
Gaius Makouta,CDM,Congo,0.72,0.67,0.66,0.68,0.73,0.67,0.81,0.65,0.68,0.67,0.59,0.73,0.7,0.8,0.86,0.78,0.71,0.64,0.64,0.66,0.68,0.71,CDM,MID,5
Youssef Maleh,CM,Morocco,0.72,0.61,0.65,0.73,0.72,0.66,0.64,0.66,0.57,0.74,0.74,0.74,0.69,0.58,0.75,0.6,0.69,0.66,0.68,0.68,0.51,0.68,CM,MID,5
Million Manhoef,RM,Holland,0.72,0.85,0.65,0.63,0.73,0.56,0.76,0.87,0.84,0.73,0.82,0.7,0.69,0.73,0.8,0.76,0.58,0.55,0.53,0.54,0.67,0.69,RM,MID,1
Jonas Martin,CDM,France,0.72,0.44,0.64,0.72,0.67,0.7,0.63,0.43,0.44,0.52,0.69,0.68,0.74,0.61,0.59,0.58,0.69,0.67,0.74,0.72,0.59,0.69,CDM,MID,0
Mauricio Martínez,CDM,Argentina,0.72,0.53,0.59,0.67,0.69,0.66,0.79,0.52,0.54,0.57,0.47,0.71,0.7,0.85,0.68,0.75,0.66,0.62,0.64,0.7,0.67,0.75,CDM,MID,0
Lukáš Masopust,RM,Czech Republic,0.72,0.72,0.66,0.7,0.73,0.69,0.74,0.73,0.71,0.73,0.74,0.73,0.7,0.75,0.72,0.79,0.7,0.67,0.67,0.7,0.7,0.69,RM,MID,5
Eliot Matazo,CDM,Belgium,0.72,0.68,0.6,0.69,0.75,0.67,0.76,0.72,0.64,0.77,0.84,0.74,0.68,0.8,0.71,0.75,0.71,0.7,0.65,0.69,0.54,0.68,CDM,MID,5
Youssef Maziz,CAM,France,0.72,0.62,0.69,0.72,0.75,0.34,0.61,0.67,0.57,0.76,0.75,0.75,0.7,0.57,0.71,0.54,0.39,0.31,0.28,0.36,0.4,0.71,CAM,MID,1
Pasquale Mazzocchi,RM,Italy,0.72,0.76,0.59,0.72,0.73,0.67,0.69,0.75,0.76,0.69,0.67,0.75,0.64,0.68,0.69,0.72,0.69,0.69,0.67,0.68,0.59,0.63,RM,MID,5
Riley McGree,LM,Australia,0.72,0.78,0.67,0.69,0.73,0.63,0.74,0.81,0.76,0.84,0.78,0.71,0.71,0.74,0.78,0.75,0.63,0.58,0.65,0.68,0.52,0.68,LM,MID,5
Kenny McLean,CDM,Scotland,0.72,0.66,0.69,0.68,0.72,0.66,0.74,0.74,0.59,0.71,0.61,0.76,0.73,0.69,0.84,0.75,0.67,0.62,0.67,0.68,0.64,0.78,CDM,MID,5
Jonas Meffert,CDM,Germany,0.72,0.59,0.48,0.64,0.66,0.7,0.75,0.53,0.63,0.63,0.65,0.7,0.65,0.75,0.77,0.7,0.72,0.69,0.72,0.69,0.64,0.57,CDM,MID,0
David Mella,LM,Spain,0.72,0.91,0.68,0.68,0.7,0.25,0.51,0.89,0.92,0.8,0.7,0.65,0.71,0.51,0.65,0.65,0.24,0.25,0.22,0.21,0.48,0.68,LM,MID,4
Kevin Méndez,RM,Uruguay,0.72,0.77,0.59,0.71,0.72,0.54,0.74,0.76,0.78,0.76,0.73,0.68,0.62,0.72,0.82,0.73,0.56,0.45,0.54,0.53,0.54,0.68,RM,MID,6
Edgar Méndez,RM,Spain,0.72,0.73,0.7,0.67,0.71,0.43,0.76,0.74,0.73,0.65,0.47,0.73,0.64,0.81,0.69,0.82,0.45,0.34,0.35,0.42,0.67,0.73,RM,MID,1
Bautista Merlini,CAM,Argentina,0.72,0.85,0.66,0.7,0.77,0.41,0.56,0.89,0.81,0.92,0.9,0.72,0.68,0.34,0.9,0.52,0.43,0.47,0.41,0.35,0.44,0.62,CAM,MID,1
Omenuke Mfulu,CDM,Congo DR,0.72,0.76,0.54,0.62,0.69,0.7,0.79,0.75,0.76,0.76,0.7,0.7,0.69,0.82,0.79,0.84,0.7,0.68,0.69,0.74,0.69,0.62,CDM,MID,5
Valentin Mihăilă,LM,Romania,0.72,0.92,0.65,0.65,0.72,0.33,0.59,0.93,0.92,0.85,0.77,0.7,0.63,0.52,0.83,0.62,0.3,0.35,0.37,0.25,0.42,0.67,LM,MID,1
Lewis Miley,CM,England,0.72,0.65,0.61,0.72,0.73,0.64,0.66,0.68,0.63,0.7,0.67,0.72,0.68,0.68,0.77,0.68,0.68,0.58,0.62,0.65,0.57,0.67,CM,MID,5
Liam Millar,LM,Canada,0.72,0.85,0.65,0.63,0.75,0.52,0.61,0.87,0.84,0.82,0.79,0.73,0.66,0.59,0.68,0.71,0.54,0.51,0.49,0.53,0.54,0.66,LM,MID,1
Aaron Molinas,CAM,Argentina,0.72,0.73,0.57,0.72,0.76,0.51,0.63,0.8,0.67,0.83,0.73,0.76,0.71,0.58,0.75,0.6,0.52,0.44,0.55,0.54,0.39,0.6,CAM,MID,6
Joël Monteiro,LM,Portugal,0.72,0.81,0.68,0.64,0.72,0.47,0.78,0.8,0.82,0.71,0.67,0.74,0.68,0.83,0.77,0.9,0.45,0.43,0.48,0.4,0.72,0.7,LM,MID,1
Ilaix Moriba,CM,Guinea,0.72,0.68,0.7,0.63,0.74,0.65,0.65,0.67,0.69,0.67,0.59,0.75,0.7,0.61,0.72,0.69,0.69,0.66,0.6,0.66,0.65,0.73,CM,MID,5
Tyler Morton,CDM,England,0.72,0.64,0.59,0.74,0.73,0.66,0.66,0.67,0.61,0.72,0.7,0.75,0.72,0.59,0.77,0.65,0.68,0.68,0.67,0.66,0.59,0.62,CDM,MID,5
Jhon Mosquera,LM,Colombia,0.72,0.73,0.69,0.7,0.71,0.61,0.75,0.72,0.74,0.69,0.51,0.73,0.71,0.74,0.68,0.83,0.59,0.55,0.62,0.58,0.75,0.72,LM,MID,5
Franco Moyano,CDM,Argentina,0.72,0.68,0.56,0.71,0.7,0.7,0.68,0.67,0.69,0.68,0.74,0.71,0.68,0.64,0.75,0.7,0.71,0.7,0.71,0.69,0.66,0.66,CDM,MID,5
Paul-José Mpoku,CM,Congo DR,0.72,0.74,0.71,0.73,0.75,0.49,0.7,0.78,0.71,0.71,0.71,0.74,0.74,0.73,0.74,0.74,0.57,0.46,0.37,0.56,0.54,0.75,CM,MID,1
Junior Mwanga,CDM,France,0.72,0.68,0.5,0.62,0.68,0.71,0.72,0.67,0.68,0.61,0.63,0.72,0.7,0.71,0.76,0.75,0.73,0.69,0.69,0.71,0.69,0.5,CDM,MID,0
Juan Ignacio Nardoni,CM,Argentina,0.72,0.74,0.6,0.7,0.73,0.63,0.8,0.76,0.73,0.75,0.76,0.74,0.68,0.82,0.81,0.77,0.7,0.67,0.58,0.65,0.5,0.67,CM,MID,5
Robert Navarro,LM,Spain,0.72,0.74,0.68,0.68,0.74,0.34,0.63,0.77,0.71,0.78,0.74,0.74,0.71,0.63,0.67,0.66,0.34,0.38,0.24,0.4,0.49,0.62,LM,MID,1
Loïc Négo,RM,Hungary,0.72,0.79,0.67,0.68,0.71,0.66,0.66,0.79,0.79,0.7,0.72,0.7,0.74,0.65,0.68,0.71,0.68,0.66,0.65,0.68,0.54,0.69,RM,MID,5
Nathan Ngoumou,RM,France,0.72,0.86,0.71,0.64,0.71,0.33,0.65,0.83,0.89,0.67,0.63,0.73,0.69,0.67,0.74,0.69,0.31,0.34,0.41,0.17,0.46,0.77,RM,MID,1
Cheikh Niasse,CDM,Senegal,0.72,0.61,0.44,0.61,0.67,0.71,0.75,0.63,0.6,0.6,0.57,0.68,0.69,0.78,0.74,0.76,0.73,0.74,0.69,0.73,0.67,0.58,CDM,MID,0
Kenedy,LM,Brazil,0.72,0.72,0.68,0.7,0.74,0.6,0.61,0.75,0.7,0.73,0.71,0.73,0.7,0.63,0.64,0.73,0.59,0.54,0.6,0.6,0.65,0.78,LM,MID,5
Marcelino Núñez,CM,Chile,0.72,0.63,0.67,0.73,0.74,0.63,0.67,0.63,0.63,0.72,0.79,0.75,0.73,0.63,0.79,0.62,0.65,0.6,0.64,0.63,0.52,0.77,CM,MID,5
Antonio Nusa,LM,Norway,0.72,0.89,0.64,0.65,0.79,0.41,0.59,0.92,0.87,0.91,0.87,0.78,0.6,0.59,0.59,0.68,0.47,0.53,0.37,0.32,0.45,0.72,LM,MID,1
Lewis O'Brien,CM,England,0.72,0.67,0.62,0.66,0.75,0.69,0.71,0.72,0.63,0.79,0.85,0.74,0.75,0.6,0.9,0.66,0.74,0.73,0.67,0.69,0.53,0.67,CM,MID,5
Brian Ocampo,LM,Uruguay,0.72,0.82,0.67,0.69,0.75,0.47,0.63,0.85,0.79,0.82,0.76,0.7,0.61,0.59,0.68,0.67,0.43,0.47,0.4,0.62,0.49,0.71,LM,MID,1
Martín Ojeda,CAM,Argentina,0.72,0.83,0.72,0.7,0.73,0.35,0.63,0.83,0.83,0.81,0.83,0.71,0.71,0.61,0.78,0.74,0.32,0.33,0.27,0.41,0.59,0.75,CAM,MID,1
Anderson Oliveira,LM,Brazil,0.72,0.85,0.64,0.63,0.75,0.33,0.55,0.82,0.87,0.86,0.82,0.72,0.72,0.48,0.73,0.62,0.31,0.34,0.33,0.28,0.5,0.68,LM,MID,1
Abdülkadir Ömür,CAM,Turkey,0.72,0.82,0.65,0.7,0.77,0.53,0.56,0.83,0.81,0.92,0.92,0.73,0.68,0.47,0.76,0.62,0.55,0.47,0.51,0.58,0.5,0.66,CAM,MID,1
Jean Onana,CM,Cameroon,0.72,0.54,0.66,0.69,0.7,0.71,0.82,0.53,0.54,0.56,0.53,0.74,0.67,0.87,0.77,0.77,0.73,0.69,0.69,0.74,0.68,0.77,CM,MID,0
Frank Onyeka,CM,Nigeria,0.72,0.77,0.63,0.66,0.73,0.72,0.76,0.68,0.85,0.79,0.71,0.74,0.73,0.74,0.76,0.74,0.73,0.68,0.71,0.76,0.63,0.7,CM,MID,5
Joao Ortiz,CDM,Ecuador,0.72,0.72,0.68,0.67,0.7,0.68,0.77,0.71,0.73,0.7,0.73,0.71,0.63,0.74,0.9,0.73,0.69,0.67,0.68,0.71,0.55,0.72,CDM,MID,5
Jonathan Osorio,CM,Canada,0.72,0.58,0.68,0.7,0.74,0.61,0.65,0.63,0.53,0.8,0.75,0.72,0.72,0.62,0.78,0.64,0.64,0.53,0.62,0.63,0.55,0.74,CM,MID,5
Berkay Özcan,CM,Turkey,0.72,0.7,0.64,0.72,0.75,0.55,0.69,0.72,0.68,0.74,0.75,0.76,0.7,0.69,0.8,0.62,0.58,0.47,0.54,0.6,0.43,0.68,CM,MID,6
Berat Özdemir,CM,Turkey,0.72,0.71,0.6,0.7,0.69,0.69,0.76,0.74,0.68,0.71,0.65,0.71,0.69,0.72,0.85,0.7,0.7,0.66,0.67,0.7,0.68,0.72,CM,MID,5
Kendry Páez,CAM,Ecuador,0.72,0.79,0.67,0.69,0.72,0.43,0.52,0.77,0.81,0.82,0.75,0.72,0.66,0.49,0.65,0.58,0.42,0.41,0.34,0.56,0.48,0.68,CAM,MID,1
Paik Seung Ho,CM,Korea Republic,0.72,0.68,0.67,0.7,0.73,0.64,0.75,0.72,0.64,0.77,0.81,0.72,0.67,0.73,0.89,0.71,0.67,0.58,0.65,0.67,0.53,0.74,CM,MID,5
Tiago Palacios,RM,Uruguay,0.72,0.77,0.68,0.66,0.75,0.41,0.52,0.79,0.75,0.77,0.93,0.74,0.64,0.36,0.75,0.52,0.43,0.39,0.35,0.45,0.48,0.7,RM,MID,1
Renato Veiga,CDM,Portugal,0.72,0.73,0.6,0.7,0.7,0.7,0.72,0.65,0.8,0.7,0.56,0.73,0.7,0.72,0.68,0.74,0.72,0.73,0.68,0.7,0.68,0.72,CDM,MID,5
Antonio Palumbo,CM,Italy,0.72,0.67,0.64,0.7,0.73,0.6,0.76,0.74,0.61,0.8,0.75,0.74,0.7,0.79,0.84,0.79,0.6,0.58,0.58,0.65,0.6,0.66,CM,MID,5
Keaton Parks,CDM,United States,0.72,0.34,0.62,0.68,0.68,0.68,0.74,0.37,0.32,0.58,0.4,0.73,0.69,0.76,0.72,0.67,0.7,0.67,0.67,0.66,0.67,0.68,CDM,MID,0
Dimitrios Pelkas,CAM,Greece,0.72,0.74,0.68,0.72,0.75,0.44,0.6,0.76,0.73,0.85,0.88,0.73,0.65,0.55,0.7,0.64,0.41,0.41,0.49,0.4,0.5,0.69,CAM,MID,1
Facundo Pellistri,RM,Uruguay,0.72,0.8,0.62,0.66,0.75,0.38,0.63,0.83,0.77,0.84,0.9,0.72,0.73,0.56,0.74,0.71,0.38,0.28,0.39,0.34,0.56,0.68,RM,MID,1
Sergio Peña,CM,Peru,0.72,0.53,0.66,0.76,0.76,0.58,0.71,0.56,0.5,0.81,0.92,0.75,0.66,0.71,0.72,0.67,0.58,0.53,0.57,0.63,0.57,0.72,CM,MID,5
Sebastián Pérez,CDM,Colombia,0.72,0.67,0.62,0.62,0.68,0.67,0.73,0.66,0.68,0.64,0.69,0.72,0.68,0.68,0.79,0.57,0.71,0.73,0.68,0.72,0.36,0.67,CDM,MID,6
Baldomero Perlaza,CDM,Colombia,0.72,0.57,0.54,0.6,0.61,0.73,0.84,0.55,0.58,0.59,0.55,0.58,0.76,0.88,0.85,0.83,0.72,0.63,0.75,0.74,0.75,0.68,CDM,MID,0
Gaëtan Perrin,LM,France,0.72,0.8,0.68,0.67,0.74,0.37,0.64,0.82,0.79,0.82,0.89,0.72,0.64,0.6,0.81,0.75,0.34,0.28,0.43,0.24,0.62,0.68,LM,MID,1
Pablo Piatti,LM,Argentina,0.72,0.7,0.68,0.71,0.75,0.56,0.46,0.72,0.69,0.77,0.88,0.74,0.69,0.35,0.55,0.58,0.6,0.5,0.54,0.5,0.67,0.69,LM,MID,1
Lukas Podolski,CAM,Germany,0.72,0.49,0.78,0.73,0.71,0.36,0.68,0.43,0.54,0.58,0.66,0.75,0.73,0.76,0.48,0.68,0.35,0.3,0.3,0.36,0.65,0.9,CAM,MID,0
Andy Polo,RM,Peru,0.72,0.89,0.58,0.67,0.72,0.59,0.63,0.9,0.89,0.88,0.75,0.7,0.7,0.58,0.74,0.76,0.63,0.61,0.55,0.59,0.6,0.59,RM,MID,1
Juan Camilo Portilla,CDM,Colombia,0.72,0.69,0.66,0.66,0.68,0.66,0.72,0.7,0.68,0.55,0.66,0.75,0.65,0.71,0.83,0.62,0.72,0.63,0.65,0.74,0.42,0.67,CDM,MID,0
Matteo Prati,CDM,Italy,0.72,0.59,0.65,0.72,0.71,0.69,0.68,0.59,0.59,0.67,0.63,0.74,0.7,0.66,0.74,0.68,0.7,0.68,0.68,0.72,0.67,0.74,CDM,MID,0
Facundo Quignon,CDM,Argentina,0.72,0.59,0.53,0.66,0.74,0.7,0.74,0.69,0.51,0.71,0.67,0.78,0.66,0.69,0.79,0.77,0.71,0.68,0.71,0.66,0.72,0.69,CDM,MID,0
Uroš Račić,CM,Serbia,0.72,0.57,0.68,0.72,0.71,0.7,0.79,0.53,0.6,0.61,0.62,0.75,0.72,0.85,0.72,0.81,0.7,0.69,0.68,0.69,0.75,0.8,CM,MID,0
Nemanja Radoja,CM,Serbia,0.72,0.5,0.61,0.7,0.7,0.69,0.73,0.52,0.49,0.59,0.62,0.74,0.69,0.77,0.69,0.65,0.71,0.67,0.71,0.73,0.51,0.63,CM,MID,0
Gastón Ramírez,CAM,Uruguay,0.72,0.61,0.7,0.74,0.74,0.43,0.61,0.68,0.55,0.68,0.7,0.77,0.67,0.68,0.43,0.68,0.55,0.49,0.3,0.32,0.57,0.76,CAM,MID,1
Filippo Ranocchia,CM,Italy,0.72,0.74,0.69,0.73,0.74,0.62,0.74,0.77,0.72,0.74,0.67,0.77,0.68,0.72,0.78,0.78,0.66,0.6,0.6,0.6,0.6,0.76,CM,MID,5
Luka Romero,RM,Argentina,0.72,0.79,0.65,0.66,0.75,0.53,0.57,0.82,0.76,0.87,0.88,0.73,0.66,0.45,0.69,0.59,0.52,0.5,0.49,0.64,0.48,0.72,RM,MID,1
Philippe Rommens,CDM,Belgium,0.72,0.55,0.7,0.78,0.69,0.65,0.67,0.68,0.44,0.65,0.76,0.7,0.69,0.63,0.79,0.64,0.68,0.66,0.65,0.67,0.53,0.77,CDM,MID,0
Joe Rothwell,CM,England,0.72,0.75,0.65,0.72,0.74,0.62,0.68,0.72,0.78,0.73,0.7,0.73,0.71,0.65,0.76,0.72,0.66,0.62,0.56,0.64,0.61,0.75,CM,MID,5
Matisse Samoise,RM,Belgium,0.72,0.76,0.63,0.69,0.7,0.64,0.72,0.74,0.78,0.73,0.67,0.7,0.7,0.63,0.9,0.67,0.67,0.65,0.63,0.65,0.52,0.67,RM,MID,5
Borja Sánchez,LM,Spain,0.72,0.75,0.68,0.7,0.73,0.49,0.68,0.77,0.74,0.81,0.59,0.72,0.7,0.73,0.68,0.79,0.48,0.41,0.47,0.5,0.65,0.69,LM,MID,1
Philipp Sander,CM,Germany,0.72,0.73,0.58,0.71,0.73,0.65,0.67,0.72,0.74,0.74,0.75,0.75,0.7,0.66,0.76,0.73,0.66,0.61,0.64,0.67,0.63,0.65,CM,MID,5
Ivo Rodrigues,CM,Portugal,0.72,0.72,0.7,0.72,0.77,0.51,0.66,0.76,0.68,0.81,0.7,0.77,0.76,0.61,0.72,0.73,0.6,0.45,0.44,0.54,0.48,0.73,CM,MID,1
Niklas Schmidt,CM,Germany,0.72,0.61,0.7,0.74,0.74,0.6,0.68,0.55,0.65,0.62,0.7,0.77,0.7,0.78,0.6,0.64,0.67,0.65,0.59,0.55,0.48,0.82,CM,MID,5
Lasse Schøne,CM,Denmark,0.72,0.34,0.72,0.77,0.71,0.61,0.6,0.36,0.32,0.62,0.71,0.77,0.65,0.59,0.58,0.63,0.52,0.5,0.66,0.72,0.6,0.77,CM,MID,0
Siebe Schrijvers,CM,Belgium,0.72,0.69,0.73,0.72,0.73,0.68,0.65,0.69,0.69,0.78,0.73,0.74,0.71,0.57,0.71,0.66,0.66,0.65,0.68,0.76,0.6,0.73,CM,MID,5
Ole Kristian Selnæs,CM,Norway,0.72,0.62,0.67,0.72,0.71,0.68,0.76,0.64,0.61,0.77,0.7,0.73,0.75,0.78,0.79,0.77,0.65,0.64,0.69,0.73,0.7,0.71,CM,MID,5
Jaime Seoane,CM,Spain,0.72,0.76,0.71,0.71,0.74,0.66,0.74,0.76,0.76,0.75,0.79,0.74,0.69,0.71,0.78,0.78,0.69,0.61,0.65,0.68,0.65,0.75,CM,MID,5
Jean Michaël Seri,CDM,Côte d'Ivoire,0.72,0.56,0.65,0.76,0.73,0.66,0.64,0.64,0.5,0.76,0.83,0.75,0.71,0.58,0.73,0.6,0.67,0.64,0.68,0.7,0.53,0.72,CDM,MID,5
Volodymyr Shepelev,CDM,Ukraine,0.72,0.64,0.62,0.64,0.69,0.66,0.62,0.69,0.6,0.67,0.58,0.74,0.74,0.57,0.68,0.54,0.68,0.7,0.7,0.69,0.4,0.6,CDM,MID,6
Óscar Sielva,CM,Spain,0.72,0.62,0.71,0.72,0.69,0.66,0.75,0.61,0.63,0.68,0.73,0.72,0.7,0.77,0.82,0.69,0.67,0.65,0.67,0.69,0.54,0.77,CM,MID,5
Alejandro Silva,CM,Uruguay,0.72,0.75,0.68,0.71,0.74,0.63,0.72,0.73,0.77,0.7,0.83,0.73,0.67,0.64,0.87,0.73,0.58,0.55,0.69,0.66,0.65,0.7,CM,MID,5
Hugo Siquet,RM,Belgium,0.72,0.75,0.59,0.75,0.71,0.65,0.67,0.77,0.74,0.74,0.75,0.74,0.66,0.61,0.75,0.73,0.68,0.66,0.63,0.65,0.62,0.73,RM,MID,5
Michał Skóraś,RM,Poland,0.72,0.85,0.64,0.67,0.73,0.4,0.63,0.84,0.86,0.85,0.74,0.71,0.61,0.57,0.77,0.66,0.38,0.28,0.41,0.43,0.48,0.67,RM,MID,1
Serginho,CM,Brazil,0.72,0.7,0.74,0.73,0.72,0.47,0.79,0.63,0.75,0.72,0.66,0.73,0.7,0.84,0.84,0.78,0.54,0.48,0.34,0.49,0.64,0.76,CM,MID,5
Son Jun Ho,CDM,Korea Republic,0.72,0.71,0.61,0.69,0.7,0.67,0.75,0.64,0.77,0.8,0.79,0.72,0.72,0.72,0.9,0.7,0.68,0.64,0.69,0.71,0.57,0.68,CDM,MID,5
Song Min Kyu,CAM,Korea Republic,0.72,0.83,0.7,0.67,0.72,0.38,0.76,0.87,0.79,0.78,0.83,0.73,0.76,0.78,0.75,0.91,0.41,0.36,0.26,0.36,0.73,0.71,CAM,MID,1
Mario Soriano,CAM,Spain,0.72,0.76,0.7,0.67,0.76,0.32,0.66,0.76,0.76,0.83,0.9,0.75,0.64,0.72,0.6,0.66,0.33,0.29,0.29,0.31,0.42,0.72,CAM,MID,1
Marko Stamenić,CDM,New Zealand,0.72,0.67,0.6,0.68,0.72,0.66,0.75,0.65,0.68,0.74,0.71,0.73,0.68,0.72,0.75,0.72,0.68,0.66,0.66,0.66,0.62,0.68,CDM,MID,5
Jarne Steuckers,CAM,Belgium,0.72,0.71,0.71,0.73,0.72,0.4,0.62,0.74,0.69,0.75,0.77,0.73,0.67,0.58,0.81,0.62,0.4,0.39,0.36,0.41,0.48,0.72,CAM,MID,1
Nikola Storm,LM,Belgium,0.72,0.76,0.71,0.69,0.72,0.36,0.55,0.77,0.75,0.72,0.72,0.72,0.67,0.57,0.67,0.66,0.32,0.24,0.45,0.25,0.54,0.75,LM,MID,1
Mario Stroeykens,CAM,Belgium,0.72,0.74,0.69,0.68,0.74,0.42,0.67,0.75,0.74,0.75,0.71,0.77,0.69,0.71,0.7,0.71,0.58,0.38,0.18,0.5,0.53,0.71,CAM,MID,1
John Swift,CAM,England,0.72,0.62,0.73,0.73,0.75,0.58,0.59,0.65,0.59,0.83,0.77,0.75,0.65,0.68,0.62,0.64,0.6,0.6,0.55,0.61,0.52,0.82,CAM,MID,5
Serhiy Sydorchuk,CDM,Ukraine,0.72,0.64,0.65,0.65,0.65,0.7,0.73,0.65,0.63,0.57,0.48,0.7,0.6,0.73,0.78,0.75,0.69,0.68,0.72,0.71,0.7,0.73,CDM,MID,0
Florian Tardieu,CDM,France,0.72,0.4,0.63,0.7,0.67,0.68,0.74,0.44,0.37,0.66,0.71,0.69,0.68,0.67,0.87,0.63,0.7,0.68,0.67,0.68,0.65,0.68,CDM,MID,0
Jan Thielmann,RM,Germany,0.72,0.81,0.69,0.66,0.72,0.45,0.66,0.84,0.78,0.76,0.79,0.74,0.73,0.58,0.77,0.74,0.39,0.41,0.44,0.51,0.6,0.73,RM,MID,1
Morten Thorsby,CM,Norway,0.72,0.55,0.62,0.69,0.71,0.72,0.78,0.62,0.5,0.64,0.66,0.74,0.74,0.73,0.83,0.84,0.73,0.66,0.68,0.73,0.83,0.69,CM,MID,0
Jón Dagur Þorsteinsson,LM,Iceland,0.72,0.8,0.66,0.66,0.73,0.4,0.72,0.79,0.8,0.8,0.75,0.69,0.67,0.67,0.79,0.61,0.38,0.34,0.44,0.43,0.33,0.67,LM,MID,1
Gastón Togni,LM,Argentina,0.72,0.75,0.7,0.7,0.72,0.63,0.69,0.75,0.75,0.75,0.72,0.72,0.7,0.71,0.66,0.77,0.67,0.63,0.59,0.61,0.63,0.74,LM,MID,5
Abdoulaye Touré,CDM,Guinea,0.72,0.43,0.58,0.62,0.61,0.71,0.78,0.4,0.46,0.31,0.34,0.69,0.7,0.86,0.68,0.65,0.74,0.65,0.74,0.72,0.52,0.76,CDM,MID,0
Andros Townsend,CAM,England,0.72,0.66,0.73,0.74,0.74,0.38,0.59,0.68,0.64,0.68,0.77,0.74,0.72,0.62,0.38,0.61,0.35,0.34,0.41,0.37,0.48,0.81,CAM,MID,1
Jeppe Tverskov,CDM,Denmark,0.72,0.49,0.44,0.57,0.62,0.72,0.77,0.52,0.47,0.52,0.56,0.7,0.7,0.78,0.83,0.73,0.72,0.7,0.73,0.71,0.7,0.5,CDM,MID,0
Agustín Urzi,LM,Argentina,0.72,0.86,0.63,0.64,0.74,0.36,0.6,0.85,0.86,0.77,0.79,0.72,0.62,0.54,0.8,0.6,0.31,0.32,0.44,0.31,0.42,0.68,LM,MID,1
Can Uzun,CAM,Turkey,0.72,0.7,0.72,0.65,0.75,0.24,0.63,0.76,0.65,0.79,0.77,0.75,0.7,0.65,0.75,0.69,0.21,0.2,0.19,0.25,0.53,0.72,CAM,MID,1
Mattia Valoti,CM,Italy,0.72,0.55,0.69,0.73,0.74,0.54,0.64,0.56,0.55,0.7,0.8,0.75,0.68,0.62,0.74,0.57,0.56,0.51,0.5,0.59,0.48,0.68,CM,MID,6
Charles Vanhoutte,CM,Belgium,0.72,0.57,0.61,0.64,0.72,0.68,0.77,0.62,0.53,0.68,0.66,0.74,0.75,0.74,0.84,0.72,0.71,0.67,0.65,0.7,0.61,0.55,CM,MID,0
João Teixeira,CAM,Portugal,0.72,0.74,0.65,0.69,0.74,0.36,0.61,0.75,0.74,0.85,0.74,0.72,0.7,0.62,0.72,0.64,0.35,0.31,0.43,0.24,0.46,0.71,CAM,MID,1
Lukáš Vorlický,CAM,Czech Republic,0.72,0.58,0.7,0.77,0.73,0.39,0.59,0.57,0.58,0.61,0.56,0.76,0.61,0.6,0.61,0.65,0.32,0.37,0.51,0.21,0.65,0.71,CAM,MID,1
Marios Vrousai,LM,Greece,0.72,0.76,0.69,0.7,0.73,0.61,0.67,0.77,0.75,0.79,0.67,0.74,0.65,0.67,0.7,0.73,0.61,0.55,0.68,0.56,0.58,0.75,LM,MID,5
Victor Wanyama,CDM,Kenya,0.72,0.47,0.63,0.64,0.67,0.69,0.87,0.34,0.57,0.32,0.6,0.71,0.67,0.92,0.74,0.84,0.72,0.64,0.66,0.68,0.72,0.79,CDM,MID,0
Noah Weißhaupt,LM,Germany,0.72,0.76,0.6,0.67,0.74,0.46,0.58,0.81,0.72,0.78,0.75,0.73,0.68,0.54,0.69,0.58,0.46,0.47,0.45,0.51,0.39,0.6,LM,MID,1
Chris Willock,RM,England,0.72,0.79,0.68,0.65,0.75,0.29,0.56,0.79,0.79,0.86,0.75,0.73,0.7,0.58,0.67,0.7,0.32,0.19,0.24,0.23,0.59,0.69,RM,MID,1
Wu Lei,RM,China PR,0.72,0.84,0.73,0.64,0.72,0.37,0.69,0.86,0.82,0.87,0.78,0.71,0.73,0.63,0.83,0.78,0.33,0.28,0.38,0.35,0.63,0.74,RM,MID,1
Yoon Bit Garam,CM,Korea Republic,0.72,0.67,0.66,0.74,0.71,0.58,0.68,0.66,0.67,0.7,0.74,0.75,0.7,0.64,0.82,0.64,0.58,0.54,0.57,0.66,0.53,0.71,CM,MID,5
Alhassan Yusuf,CDM,Nigeria,0.72,0.76,0.59,0.67,0.73,0.67,0.76,0.78,0.75,0.89,0.86,0.67,0.72,0.67,0.9,0.73,0.7,0.62,0.65,0.74,0.55,0.62,CDM,MID,5
Luca Zanimacchia,RM,Italy,0.72,0.73,0.69,0.7,0.69,0.5,0.56,0.66,0.78,0.6,0.52,0.73,0.68,0.51,0.78,0.54,0.53,0.51,0.51,0.47,0.47,0.75,RM,MID,6
Zarraga,CM,Spain,0.72,0.75,0.66,0.71,0.74,0.61,0.65,0.77,0.74,0.77,0.81,0.74,0.72,0.65,0.71,0.72,0.7,0.5,0.53,0.65,0.58,0.6,CM,MID,5
Kevin Zenón,LM,Argentina,0.72,0.83,0.64,0.72,0.73,0.63,0.65,0.83,0.83,0.84,0.81,0.71,0.62,0.53,0.91,0.69,0.69,0.66,0.58,0.63,0.57,0.78,LM,MID,5
Szymon Żurkowski,CM,Poland,0.72,0.73,0.72,0.7,0.74,0.67,0.77,0.68,0.77,0.75,0.8,0.74,0.71,0.75,0.83,0.75,0.67,0.66,0.67,0.68,0.65,0.78,CM,MID,5
Kellyn Acosta,CM,United States,0.71,0.74,0.67,0.71,0.71,0.66,0.76,0.74,0.74,0.72,0.72,0.71,0.73,0.7,0.88,0.76,0.67,0.63,0.65,0.68,0.66,0.79,CM,MID,5
Samuel Adegbenro,LM,Nigeria,0.71,0.9,0.68,0.61,0.74,0.39,0.74,0.91,0.9,0.91,0.91,0.71,0.65,0.75,0.78,0.86,0.44,0.23,0.39,0.26,0.67,0.69,LM,MID,1
Jean-Eudes Aholou,CM,Côte d'Ivoire,0.71,0.56,0.62,0.69,0.69,0.7,0.74,0.59,0.54,0.64,0.56,0.71,0.72,0.8,0.61,0.74,0.71,0.69,0.7,0.72,0.64,0.68,CM,MID,0
Halil Akbunar,RM,Turkey,0.71,0.79,0.64,0.67,0.72,0.38,0.56,0.82,0.77,0.82,0.87,0.68,0.65,0.45,0.76,0.53,0.37,0.38,0.41,0.35,0.37,0.68,RM,MID,4
Abdullah Al Khaibari,CDM,Saudi Arabia,0.71,0.67,0.43,0.64,0.67,0.68,0.72,0.74,0.62,0.65,0.74,0.67,0.68,0.69,0.79,0.69,0.71,0.67,0.69,0.68,0.53,0.57,CDM,MID,6
Gabriel Alanís,RM,Argentina,0.71,0.76,0.63,0.66,0.69,0.57,0.71,0.7,0.8,0.67,0.59,0.7,0.72,0.74,0.82,0.74,0.54,0.58,0.61,0.53,0.6,0.7,RM,MID,5
Gonçalo Borges,LM,Portugal,0.71,0.85,0.58,0.62,0.75,0.26,0.55,0.86,0.85,0.84,0.58,0.75,0.7,0.6,0.54,0.62,0.33,0.26,0.21,0.2,0.33,0.67,LM,MID,4
Sotiris Alexandropoulos,CDM,Greece,0.71,0.76,0.6,0.64,0.69,0.68,0.72,0.77,0.75,0.66,0.66,0.73,0.66,0.69,0.78,0.76,0.69,0.68,0.7,0.68,0.63,0.7,CDM,MID,5
Jim Allevinah,RM,Gabon,0.71,0.82,0.69,0.64,0.73,0.45,0.5,0.84,0.81,0.75,0.78,0.72,0.65,0.42,0.67,0.53,0.46,0.36,0.48,0.46,0.43,0.74,RM,MID,1
Javier Altamirano,CM,Chile,0.71,0.76,0.66,0.7,0.74,0.64,0.63,0.81,0.72,0.82,0.81,0.74,0.65,0.59,0.72,0.68,0.74,0.62,0.56,0.7,0.52,0.73,CM,MID,5
Altimira,CM,Spain,0.71,0.59,0.62,0.65,0.68,0.66,0.64,0.56,0.62,0.6,0.55,0.71,0.69,0.63,0.66,0.57,0.72,0.65,0.63,0.7,0.49,0.65,CM,MID,0
Juan Álvarez,RM,Argentina,0.71,0.78,0.66,0.68,0.71,0.4,0.65,0.8,0.76,0.76,0.75,0.67,0.68,0.67,0.71,0.71,0.35,0.33,0.48,0.33,0.53,0.68,RM,MID,1
Carlos Álvarez,RM,Spain,0.71,0.69,0.69,0.67,0.76,0.36,0.56,0.71,0.68,0.74,0.8,0.75,0.7,0.58,0.64,0.6,0.28,0.29,0.4,0.42,0.45,0.68,RM,MID,1
Tiago Araújo,LM,Portugal,0.71,0.84,0.63,0.67,0.72,0.59,0.69,0.85,0.83,0.8,0.74,0.72,0.64,0.71,0.71,0.68,0.62,0.6,0.6,0.64,0.38,0.73,LM,MID,6
Franko Andrijašević,CAM,Croatia,0.71,0.7,0.71,0.67,0.69,0.56,0.8,0.71,0.7,0.59,0.53,0.74,0.68,0.85,0.78,0.88,0.64,0.58,0.42,0.54,0.74,0.74,CAM,MID,5
Finn Azaz,CAM,Republic of Ireland,0.71,0.74,0.67,0.69,0.72,0.57,0.66,0.72,0.75,0.77,0.8,0.71,0.67,0.65,0.75,0.67,0.59,0.51,0.56,0.59,0.52,0.72,CAM,MID,6
Bae Jun Ho,LM,Korea Republic,0.71,0.71,0.61,0.68,0.73,0.36,0.55,0.7,0.71,0.72,0.77,0.72,0.69,0.48,0.72,0.48,0.41,0.43,0.34,0.25,0.38,0.63,LM,MID,4
Beni Baningime,CDM,Congo DR,0.71,0.48,0.52,0.63,0.7,0.69,0.68,0.48,0.48,0.67,0.77,0.7,0.7,0.63,0.8,0.6,0.7,0.67,0.71,0.71,0.58,0.61,CDM,MID,0
Italo,CM,Brazil,0.71,0.7,0.65,0.67,0.7,0.68,0.82,0.73,0.68,0.69,0.53,0.71,0.73,0.85,0.85,0.84,0.72,0.63,0.64,0.7,0.68,0.68,CM,MID,5
Aymen Barkok,CAM,Morocco,0.71,0.68,0.67,0.67,0.76,0.54,0.66,0.72,0.64,0.75,0.67,0.77,0.67,0.68,0.67,0.73,0.57,0.55,0.49,0.55,0.6,0.76,CAM,MID,5
João Novais,CM,Portugal,0.71,0.66,0.74,0.75,0.72,0.51,0.68,0.68,0.64,0.7,0.76,0.74,0.71,0.74,0.71,0.65,0.56,0.48,0.48,0.5,0.45,0.82,CM,MID,5
Enzo Barrenechea,CDM,Argentina,0.71,0.57,0.63,0.68,0.71,0.62,0.69,0.65,0.5,0.64,0.65,0.75,0.64,0.63,0.86,0.59,0.67,0.65,0.59,0.66,0.45,0.71,CDM,MID,0
Connor Barron,CM,Scotland,0.71,0.69,0.6,0.71,0.68,0.67,0.75,0.66,0.71,0.6,0.78,0.71,0.7,0.67,0.9,0.64,0.69,0.68,0.7,0.67,0.51,0.75,CM,MID,5
Simone Bastoni,CM,Italy,0.71,0.63,0.58,0.71,0.69,0.68,0.66,0.64,0.63,0.67,0.7,0.7,0.73,0.64,0.72,0.69,0.73,0.72,0.62,0.69,0.64,0.65,CM,MID,0
Damian Batallini,RM,Argentina,0.71,0.72,0.66,0.69,0.73,0.54,0.69,0.75,0.7,0.78,0.79,0.7,0.65,0.72,0.59,0.76,0.6,0.49,0.5,0.5,0.61,0.71,RM,MID,6
Finn Ole Becker,CM,Germany,0.71,0.69,0.55,0.68,0.76,0.58,0.6,0.75,0.64,0.82,0.8,0.75,0.71,0.51,0.77,0.61,0.66,0.62,0.54,0.54,0.53,0.59,CM,MID,6
Carlos Benavídez,CDM,Uruguay,0.71,0.67,0.44,0.63,0.66,0.71,0.72,0.7,0.65,0.62,0.59,0.69,0.69,0.7,0.7,0.74,0.73,0.72,0.69,0.72,0.68,0.64,CDM,MID,0
Yassine Benzia,CAM,Algeria,0.71,0.66,0.69,0.7,0.72,0.45,0.58,0.68,0.64,0.77,0.72,0.7,0.69,0.55,0.61,0.65,0.46,0.38,0.33,0.55,0.61,0.71,CAM,MID,1
Antoine Bernede,CM,France,0.71,0.66,0.6,0.66,0.71,0.68,0.72,0.63,0.68,0.74,0.73,0.73,0.7,0.69,0.81,0.61,0.73,0.71,0.7,0.68,0.47,0.66,CM,MID,5
Nahir Besara,CAM,Sweden,0.71,0.66,0.7,0.72,0.68,0.44,0.69,0.63,0.68,0.7,0.7,0.67,0.7,0.72,0.74,0.69,0.48,0.45,0.3,0.51,0.56,0.7,CAM,MID,6
Mads Bidstrup,CM,Denmark,0.71,0.7,0.55,0.69,0.72,0.72,0.75,0.67,0.72,0.7,0.87,0.74,0.69,0.72,0.85,0.74,0.74,0.65,0.73,0.73,0.67,0.57,CM,MID,5
Uran Bislimi,CM,Switzerland,0.71,0.69,0.66,0.69,0.73,0.64,0.72,0.7,0.69,0.75,0.7,0.74,0.68,0.67,0.8,0.71,0.66,0.65,0.61,0.64,0.63,0.62,CM,MID,5
Dimitri Bisoli,CM,Italy,0.71,0.72,0.69,0.68,0.71,0.68,0.7,0.71,0.72,0.67,0.83,0.73,0.7,0.62,0.83,0.71,0.69,0.66,0.68,0.69,0.62,0.68,CM,MID,5
Aylton Boa Morte,RM,Portugal,0.71,0.76,0.64,0.64,0.73,0.28,0.74,0.75,0.76,0.75,0.72,0.72,0.7,0.77,0.77,0.74,0.28,0.34,0.2,0.25,0.52,0.75,RM,MID,1
Luciano Boggio,CM,Uruguay,0.71,0.72,0.63,0.72,0.71,0.56,0.65,0.72,0.72,0.7,0.71,0.74,0.68,0.59,0.79,0.57,0.63,0.53,0.49,0.66,0.39,0.68,CM,MID,6
Andreas Bouchalakis,CDM,Greece,0.71,0.57,0.65,0.7,0.67,0.68,0.75,0.44,0.68,0.59,0.6,0.71,0.65,0.77,0.72,0.68,0.7,0.64,0.67,0.69,0.65,0.77,CDM,MID,0
Agustín Bouzat,CDM,Argentina,0.71,0.84,0.64,0.67,0.73,0.64,0.72,0.84,0.84,0.84,0.77,0.71,0.68,0.62,0.91,0.71,0.68,0.69,0.59,0.69,0.53,0.65,CDM,MID,5
Martin Boyle,RM,Australia,0.71,0.88,0.69,0.62,0.71,0.44,0.6,0.9,0.87,0.81,0.74,0.68,0.68,0.53,0.75,0.67,0.46,0.46,0.44,0.35,0.5,0.72,RM,MID,1
Volodymyr Brazhko,CDM,Ukraine,0.71,0.65,0.64,0.67,0.67,0.68,0.71,0.67,0.64,0.63,0.71,0.66,0.69,0.7,0.73,0.7,0.69,0.68,0.64,0.74,0.6,0.74,CDM,MID,0
Ezequiel Bullaude,CAM,Argentina,0.71,0.78,0.69,0.64,0.73,0.32,0.67,0.71,0.83,0.7,0.56,0.76,0.65,0.73,0.72,0.66,0.33,0.25,0.29,0.27,0.59,0.74,CAM,MID,1
Cristian Buonaiuto,LM,Italy,0.71,0.75,0.71,0.67,0.71,0.44,0.57,0.76,0.75,0.84,0.67,0.7,0.68,0.53,0.72,0.66,0.4,0.35,0.55,0.3,0.57,0.73,LM,MID,1
Alejandro Camargo,CM,Argentina,0.71,0.6,0.63,0.69,0.68,0.68,0.78,0.48,0.7,0.68,0.71,0.74,0.64,0.75,0.83,0.68,0.73,0.61,0.68,0.66,0.65,0.74,CM,MID,0
Gaspar Campos,LM,Spain,0.71,0.8,0.79,0.65,0.7,0.33,0.72,0.81,0.79,0.84,0.81,0.69,0.65,0.72,0.82,0.72,0.28,0.31,0.3,0.36,0.48,0.87,LM,MID,1
Pierrick Capelle,CDM,France,0.71,0.53,0.71,0.73,0.71,0.67,0.64,0.53,0.53,0.65,0.64,0.73,0.72,0.62,0.65,0.59,0.7,0.66,0.68,0.7,0.53,0.73,CDM,MID,0
Adalberto Carrasquilla,CM,Panama,0.71,0.73,0.63,0.66,0.78,0.6,0.69,0.75,0.72,0.83,0.85,0.77,0.73,0.63,0.8,0.64,0.64,0.57,0.58,0.64,0.48,0.64,CM,MID,5
Cesare Casadei,CM,Italy,0.71,0.66,0.69,0.7,0.7,0.65,0.7,0.67,0.66,0.66,0.65,0.72,0.7,0.72,0.7,0.79,0.65,0.64,0.63,0.64,0.72,0.73,CM,MID,5
Josué Casimir,RM,France,0.71,0.83,0.67,0.62,0.72,0.43,0.65,0.81,0.84,0.68,0.73,0.73,0.7,0.68,0.71,0.75,0.39,0.37,0.41,0.45,0.58,0.67,RM,MID,1
Alex Castro,LM,Colombia,0.71,0.81,0.61,0.66,0.75,0.38,0.58,0.82,0.81,0.83,0.8,0.7,0.59,0.5,0.64,0.54,0.32,0.24,0.56,0.32,0.28,0.64,LM,MID,4
Alexis Castro,CM,Argentina,0.71,0.77,0.71,0.72,0.74,0.66,0.69,0.8,0.74,0.81,0.72,0.73,0.73,0.69,0.69,0.75,0.72,0.66,0.6,0.71,0.59,0.81,CM,MID,5
Ricardo Mangas,LM,Portugal,0.71,0.77,0.6,0.64,0.72,0.65,0.74,0.77,0.77,0.8,0.71,0.73,0.74,0.69,0.83,0.77,0.65,0.64,0.62,0.69,0.64,0.67,LM,MID,5
Yimmi Chará,LM,Colombia,0.71,0.86,0.65,0.61,0.73,0.49,0.68,0.85,0.87,0.84,0.86,0.73,0.69,0.68,0.75,0.74,0.53,0.5,0.45,0.46,0.53,0.68,LM,MID,1
Fidel,LM,Spain,0.71,0.67,0.68,0.71,0.7,0.54,0.63,0.66,0.67,0.71,0.72,0.69,0.74,0.6,0.67,0.59,0.58,0.6,0.55,0.49,0.46,0.7,LM,MID,6
Tahith Chong,CAM,Holland,0.71,0.77,0.66,0.7,0.72,0.54,0.63,0.75,0.78,0.71,0.58,0.72,0.69,0.59,0.69,0.65,0.59,0.48,0.54,0.51,0.53,0.7,CAM,MID,6
Jacob Christensen,CDM,Denmark,0.71,0.7,0.56,0.68,0.7,0.67,0.69,0.7,0.7,0.74,0.78,0.71,0.67,0.66,0.78,0.63,0.7,0.66,0.7,0.69,0.48,0.65,CDM,MID,6
Jordan Clark,CAM,England,0.71,0.68,0.63,0.71,0.73,0.64,0.68,0.69,0.67,0.86,0.73,0.72,0.71,0.7,0.74,0.74,0.65,0.61,0.62,0.65,0.7,0.62,CAM,MID,5
Marcus Coco,RM,France,0.71,0.79,0.66,0.67,0.72,0.59,0.57,0.78,0.79,0.82,0.69,0.72,0.69,0.65,0.43,0.73,0.64,0.59,0.53,0.62,0.59,0.72,RM,MID,6
Michele Collocolo,CDM,Italy,0.71,0.7,0.59,0.64,0.68,0.68,0.77,0.67,0.73,0.77,0.65,0.67,0.64,0.74,0.82,0.69,0.76,0.74,0.68,0.62,0.54,0.64,CDM,MID,6
Cheick Conde,CDM,Guinea,0.71,0.68,0.64,0.62,0.67,0.69,0.79,0.68,0.68,0.72,0.72,0.66,0.71,0.8,0.85,0.77,0.71,0.67,0.69,0.7,0.64,0.75,CDM,MID,5
Córdoba,LM,Spain,0.71,0.8,0.68,0.67,0.73,0.62,0.7,0.79,0.8,0.81,0.76,0.73,0.68,0.68,0.75,0.71,0.66,0.68,0.68,0.5,0.51,0.68,LM,MID,5
Àlex Corredera,CM,Spain,0.71,0.65,0.63,0.73,0.7,0.6,0.75,0.61,0.69,0.73,0.72,0.75,0.7,0.71,0.85,0.68,0.65,0.62,0.61,0.51,0.55,0.67,CM,MID,5
Diogo Gonçalves,CM,Portugal,0.71,0.82,0.71,0.72,0.74,0.61,0.69,0.83,0.82,0.79,0.76,0.74,0.72,0.64,0.75,0.71,0.61,0.57,0.64,0.65,0.52,0.75,CM,MID,5
Wylan Cyprien,CDM,France,0.71,0.62,0.69,0.71,0.72,0.68,0.75,0.64,0.61,0.7,0.76,0.73,0.66,0.78,0.72,0.76,0.67,0.64,0.71,0.67,0.64,0.75,CDM,MID,5
Tom Davies,CM,England,0.71,0.62,0.62,0.71,0.71,0.68,0.68,0.63,0.61,0.63,0.69,0.74,0.7,0.65,0.64,0.68,0.72,0.68,0.67,0.67,0.61,0.7,CM,MID,0
Paulino,RM,Spain,0.71,0.75,0.71,0.68,0.73,0.36,0.55,0.76,0.74,0.82,0.65,0.72,0.66,0.48,0.65,0.67,0.27,0.3,0.36,0.37,0.67,0.7,RM,MID,1
Casper De Norre,CM,Belgium,0.71,0.64,0.66,0.67,0.73,0.68,0.7,0.62,0.66,0.7,0.77,0.74,0.68,0.63,0.82,0.7,0.7,0.7,0.68,0.69,0.53,0.74,CM,MID,5
Mark Delgado,CDM,United States,0.71,0.67,0.52,0.66,0.66,0.65,0.7,0.71,0.63,0.75,0.75,0.68,0.7,0.62,0.87,0.68,0.66,0.62,0.65,0.71,0.55,0.66,CDM,MID,6
Mathias Delorge,CM,Belgium,0.71,0.63,0.59,0.71,0.68,0.61,0.7,0.6,0.66,0.6,0.53,0.75,0.64,0.72,0.81,0.59,0.67,0.65,0.52,0.71,0.42,0.64,CM,MID,0
Jessy Deminguet,CM,France,0.71,0.71,0.63,0.71,0.73,0.62,0.74,0.69,0.73,0.81,0.78,0.73,0.68,0.69,0.88,0.71,0.64,0.6,0.59,0.63,0.62,0.66,CM,MID,5
Matteo Di Giusto,CAM,Switzerland,0.71,0.78,0.65,0.69,0.75,0.3,0.53,0.81,0.75,0.83,0.88,0.74,0.56,0.44,0.81,0.52,0.28,0.22,0.32,0.27,0.4,0.67,CAM,MID,4
Assane Diao Diaoune,RM,Spain,0.71,0.9,0.69,0.6,0.73,0.3,0.56,0.9,0.9,0.82,0.78,0.74,0.68,0.54,0.64,0.61,0.3,0.31,0.26,0.3,0.41,0.65,RM,MID,4
Mauro Díaz,CAM,Argentina,0.71,0.69,0.64,0.7,0.74,0.43,0.58,0.71,0.67,0.85,0.86,0.73,0.68,0.54,0.62,0.61,0.45,0.32,0.47,0.32,0.54,0.7,CAM,MID,1
Pedro Díaz,CM,Spain,0.71,0.68,0.73,0.73,0.71,0.65,0.72,0.71,0.66,0.81,0.69,0.72,0.67,0.71,0.82,0.63,0.7,0.69,0.65,0.66,0.42,0.8,CM,MID,5
Moussa Djenepo,LM,Mali,0.71,0.79,0.67,0.64,0.78,0.39,0.63,0.8,0.78,0.87,0.81,0.75,0.67,0.62,0.63,0.63,0.42,0.36,0.37,0.38,0.42,0.74,LM,MID,1
Lucas Piazón,CAM,Brazil,0.71,0.68,0.71,0.71,0.72,0.34,0.57,0.68,0.68,0.72,0.65,0.71,0.74,0.58,0.64,0.61,0.32,0.43,0.27,0.31,0.53,0.78,CAM,MID,1
Benjamín Domínguez,LM,Argentina,0.71,0.84,0.65,0.65,0.73,0.41,0.56,0.83,0.84,0.77,0.79,0.73,0.58,0.42,0.82,0.52,0.41,0.36,0.39,0.45,0.43,0.64,LM,MID,4
Maxime Dominguez,CM,Switzerland,0.71,0.74,0.69,0.72,0.73,0.58,0.6,0.75,0.74,0.8,0.88,0.73,0.69,0.55,0.76,0.64,0.61,0.53,0.58,0.59,0.52,0.68,CM,MID,6
Kieran Dowell,CAM,England,0.71,0.63,0.7,0.71,0.73,0.4,0.55,0.61,0.65,0.69,0.68,0.75,0.7,0.56,0.62,0.59,0.37,0.3,0.45,0.33,0.53,0.8,CAM,MID,1
Josh Eccles,CDM,England,0.71,0.71,0.53,0.67,0.67,0.7,0.69,0.73,0.69,0.75,0.72,0.67,0.64,0.64,0.73,0.7,0.71,0.7,0.7,0.73,0.59,0.56,CDM,MID,6
Claudio Echeverri,CAM,Argentina,0.71,0.87,0.62,0.67,0.79,0.35,0.44,0.92,0.83,0.92,0.94,0.73,0.66,0.35,0.54,0.53,0.35,0.36,0.32,0.35,0.41,0.67,CAM,MID,4
Christian Fassnacht,RM,Switzerland,0.71,0.76,0.66,0.67,0.72,0.36,0.69,0.76,0.76,0.73,0.68,0.72,0.65,0.76,0.72,0.86,0.32,0.25,0.32,0.35,0.72,0.68,RM,MID,1
Sam Field,CDM,England,0.71,0.56,0.54,0.62,0.64,0.72,0.67,0.6,0.53,0.59,0.68,0.69,0.68,0.63,0.77,0.68,0.73,0.69,0.74,0.72,0.66,0.68,CDM,MID,0
Dominik Fitz,CAM,Austria,0.71,0.76,0.68,0.73,0.7,0.33,0.58,0.81,0.71,0.82,0.81,0.7,0.59,0.55,0.79,0.7,0.42,0.39,0.22,0.22,0.56,0.67,CAM,MID,1
Adam Forshaw,CDM,England,0.71,0.54,0.61,0.7,0.72,0.67,0.67,0.59,0.5,0.72,0.79,0.73,0.7,0.64,0.69,0.58,0.71,0.66,0.69,0.67,0.47,0.66,CDM,MID,0
Daam Foulon,LM,Belgium,0.71,0.74,0.52,0.7,0.7,0.65,0.72,0.75,0.73,0.71,0.72,0.73,0.65,0.69,0.82,0.69,0.7,0.7,0.62,0.65,0.52,0.65,LM,MID,6
Franco Fragapane,LM,Argentina,0.71,0.88,0.65,0.67,0.74,0.4,0.53,0.89,0.87,0.91,0.89,0.7,0.67,0.54,0.7,0.62,0.35,0.29,0.4,0.5,0.43,0.69,LM,MID,1
César Fuentes,CDM,Chile,0.71,0.6,0.58,0.63,0.64,0.7,0.76,0.64,0.57,0.67,0.77,0.7,0.66,0.7,0.87,0.72,0.72,0.66,0.71,0.68,0.67,0.69,CDM,MID,0
Fernando Gaibor,CM,Ecuador,0.71,0.67,0.67,0.71,0.73,0.66,0.71,0.66,0.67,0.76,0.71,0.74,0.7,0.72,0.77,0.72,0.68,0.62,0.69,0.65,0.6,0.74,CM,MID,5
Nicolás Gaitán,CAM,Argentina,0.71,0.54,0.68,0.74,0.74,0.41,0.45,0.56,0.53,0.63,0.8,0.74,0.71,0.46,0.34,0.51,0.42,0.43,0.35,0.4,0.54,0.7,CAM,MID,4
Konstantinos Galanopoulos,CDM,Greece,0.71,0.74,0.69,0.68,0.71,0.69,0.71,0.75,0.73,0.72,0.75,0.73,0.67,0.67,0.75,0.75,0.7,0.69,0.7,0.69,0.67,0.73,CDM,MID,5
Matías Galarza,CDM,Argentina,0.71,0.69,0.57,0.68,0.74,0.64,0.7,0.73,0.66,0.79,0.84,0.77,0.67,0.66,0.71,0.67,0.7,0.67,0.59,0.69,0.5,0.64,CDM,MID,5
Omri Gandelman,CDM,Israel,0.71,0.63,0.65,0.62,0.67,0.72,0.74,0.57,0.67,0.62,0.61,0.7,0.62,0.73,0.75,0.77,0.77,0.7,0.7,0.66,0.75,0.7,CDM,MID,0
Saviour Godwin,LM,Nigeria,0.71,0.92,0.67,0.58,0.74,0.4,0.65,0.91,0.92,0.85,0.81,0.7,0.64,0.58,0.82,0.74,0.37,0.33,0.44,0.33,0.56,0.69,LM,MID,1
Marlon Gomes,CM,Brazil,0.71,0.74,0.64,0.69,0.73,0.62,0.64,0.75,0.74,0.76,0.64,0.73,0.71,0.63,0.66,0.67,0.63,0.61,0.61,0.66,0.53,0.67,CM,MID,6
Joan González,CM,Spain,0.71,0.59,0.63,0.7,0.68,0.53,0.74,0.67,0.53,0.6,0.42,0.73,0.67,0.72,0.77,0.71,0.53,0.58,0.42,0.62,0.59,0.72,CM,MID,0
Karlan Grant,LM,England,0.71,0.82,0.71,0.63,0.71,0.33,0.69,0.8,0.83,0.76,0.66,0.71,0.7,0.72,0.76,0.79,0.23,0.24,0.4,0.29,0.62,0.74,LM,MID,1
Alberto Grassi,CM,Italy,0.71,0.48,0.63,0.7,0.71,0.67,0.61,0.62,0.37,0.64,0.66,0.74,0.7,0.56,0.67,0.64,0.71,0.66,0.63,0.71,0.63,0.7,CM,MID,0
Julian Green,CAM,United States,0.71,0.71,0.68,0.68,0.75,0.33,0.62,0.78,0.65,0.84,0.82,0.76,0.69,0.64,0.77,0.72,0.34,0.27,0.29,0.28,0.55,0.65,CAM,MID,1
Andreas Gruber,RM,Austria,0.71,0.81,0.72,0.67,0.7,0.34,0.68,0.85,0.78,0.8,0.82,0.69,0.67,0.64,0.74,0.77,0.41,0.36,0.23,0.24,0.61,0.72,RM,MID,1
Sead Hakšabanović,LM,Montenegro,0.71,0.77,0.66,0.68,0.74,0.29,0.58,0.8,0.74,0.81,0.81,0.72,0.69,0.61,0.69,0.61,0.29,0.27,0.26,0.28,0.37,0.67,LM,MID,1
Alen Halilović,CAM,Croatia,0.71,0.6,0.62,0.73,0.76,0.44,0.42,0.65,0.55,0.77,0.82,0.8,0.66,0.34,0.58,0.37,0.46,0.35,0.5,0.44,0.3,0.52,CAM,MID,4
Emil Hansson,LM,Sweden,0.71,0.74,0.67,0.7,0.74,0.35,0.52,0.8,0.69,0.83,0.85,0.75,0.67,0.49,0.68,0.59,0.24,0.3,0.56,0.24,0.31,0.67,LM,MID,1
Isaac Hayden,CDM,England,0.71,0.51,0.58,0.61,0.67,0.71,0.77,0.53,0.5,0.54,0.6,0.69,0.67,0.8,0.7,0.73,0.7,0.69,0.74,0.71,0.66,0.75,CDM,MID,0
George Honeyman,RM,England,0.71,0.69,0.64,0.71,0.7,0.65,0.73,0.66,0.72,0.73,0.82,0.7,0.7,0.65,0.89,0.61,0.7,0.67,0.65,0.64,0.48,0.66,RM,MID,5
Jonny Howson,CDM,England,0.71,0.53,0.67,0.68,0.68,0.69,0.71,0.55,0.51,0.6,0.69,0.72,0.71,0.67,0.84,0.66,0.72,0.68,0.7,0.69,0.62,0.76,CDM,MID,0
Renato Ibarra,RM,Ecuador,0.71,0.87,0.68,0.66,0.7,0.54,0.7,0.86,0.87,0.79,0.72,0.68,0.65,0.7,0.71,0.72,0.53,0.46,0.58,0.57,0.47,0.75,RM,MID,1
Andy Irving,CM,Scotland,0.71,0.57,0.71,0.71,0.71,0.63,0.77,0.6,0.55,0.67,0.7,0.73,0.62,0.81,0.78,0.75,0.63,0.61,0.63,0.64,0.62,0.72,CM,MID,0
Matheus Jussa,CDM,Brazil,0.71,0.65,0.55,0.63,0.67,0.68,0.78,0.64,0.66,0.65,0.7,0.72,0.69,0.74,0.9,0.71,0.71,0.63,0.68,0.71,0.58,0.68,CDM,MID,0
Ryotaro Ito,CM,Japan,0.71,0.81,0.71,0.66,0.72,0.56,0.63,0.83,0.8,0.77,0.73,0.75,0.71,0.6,0.71,0.67,0.61,0.54,0.47,0.66,0.46,0.73,CM,MID,1
Ablie Jallow,RM,Gambia,0.71,0.78,0.67,0.67,0.75,0.34,0.46,0.8,0.77,0.88,0.91,0.71,0.64,0.3,0.7,0.43,0.39,0.35,0.33,0.28,0.3,0.69,RM,MID,4
Jakub Jankto,CM,Czech Republic,0.71,0.72,0.67,0.7,0.72,0.65,0.62,0.74,0.7,0.74,0.69,0.73,0.71,0.54,0.68,0.67,0.68,0.64,0.61,0.68,0.62,0.75,CM,MID,5
Jung Ho Yeon,CM,Korea Republic,0.71,0.66,0.54,0.63,0.73,0.62,0.75,0.65,0.66,0.85,0.65,0.73,0.72,0.71,0.91,0.63,0.69,0.56,0.57,0.69,0.46,0.53,CM,MID,6
Mohammed Kanno,CM,Saudi Arabia,0.71,0.75,0.68,0.71,0.72,0.67,0.74,0.68,0.81,0.75,0.56,0.73,0.64,0.75,0.77,0.76,0.72,0.57,0.66,0.66,0.69,0.79,CM,MID,5
Aytaç Kara,CM,Turkey,0.71,0.51,0.73,0.71,0.67,0.63,0.79,0.53,0.5,0.61,0.66,0.68,0.68,0.82,0.8,0.66,0.64,0.58,0.6,0.65,0.65,0.86,CM,MID,0
Edo Kayembe,CDM,Congo DR,0.71,0.72,0.63,0.67,0.68,0.67,0.78,0.7,0.73,0.63,0.71,0.69,0.66,0.8,0.79,0.78,0.69,0.67,0.64,0.69,0.64,0.8,CDM,MID,5
Yannik Keitel,CDM,Germany,0.71,0.66,0.48,0.63,0.66,0.69,0.73,0.63,0.69,0.66,0.65,0.71,0.7,0.73,0.65,0.79,0.74,0.67,0.64,0.68,0.75,0.58,CDM,MID,0
Tobias Kempe,CM,Germany,0.71,0.59,0.73,0.76,0.72,0.55,0.68,0.65,0.54,0.72,0.68,0.73,0.72,0.72,0.69,0.66,0.56,0.45,0.55,0.59,0.5,0.8,CM,MID,5
Gyrano Kerk,RM,Suriname,0.71,0.84,0.7,0.62,0.71,0.35,0.72,0.82,0.86,0.74,0.76,0.69,0.7,0.78,0.64,0.83,0.29,0.23,0.38,0.32,0.6,0.76,RM,MID,1
Emre Kılınç,RM,Turkey,0.71,0.73,0.68,0.66,0.75,0.51,0.61,0.8,0.68,0.88,0.78,0.71,0.7,0.55,0.82,0.58,0.57,0.43,0.46,0.61,0.38,0.72,RM,MID,1
Kim Dae Won,LM,Korea Republic,0.71,0.87,0.68,0.66,0.72,0.29,0.7,0.86,0.87,0.88,0.84,0.67,0.67,0.67,0.78,0.76,0.22,0.18,0.34,0.26,0.56,0.67,LM,MID,1
Mathias Kjølø,CDM,Norway,0.71,0.49,0.57,0.68,0.68,0.66,0.66,0.66,0.35,0.68,0.73,0.69,0.69,0.6,0.79,0.65,0.65,0.62,0.67,0.72,0.57,0.62,CDM,MID,0
Felix Klaus,RM,Germany,0.71,0.78,0.66,0.65,0.73,0.39,0.69,0.76,0.8,0.75,0.77,0.73,0.7,0.67,0.78,0.66,0.36,0.33,0.43,0.39,0.45,0.74,RM,MID,1
Ko Seung Beom,CM,Korea Republic,0.71,0.72,0.6,0.68,0.71,0.66,0.78,0.71,0.73,0.83,0.9,0.74,0.7,0.74,0.91,0.68,0.69,0.61,0.66,0.74,0.46,0.62,CM,MID,5
Nebojša Kosović,CDM,Montenegro,0.71,0.69,0.63,0.7,0.7,0.63,0.7,0.72,0.67,0.75,0.77,0.74,0.69,0.63,0.84,0.6,0.66,0.59,0.62,0.7,0.43,0.66,CDM,MID,6
Matías Kranevitter,CDM,Argentina,0.71,0.69,0.49,0.69,0.7,0.68,0.7,0.66,0.71,0.7,0.73,0.72,0.7,0.74,0.54,0.71,0.69,0.66,0.7,0.68,0.56,0.61,CDM,MID,6
Dmytro Kryskiv,CM,Ukraine,0.71,0.67,0.62,0.67,0.69,0.59,0.56,0.68,0.67,0.66,0.75,0.7,0.7,0.47,0.68,0.49,0.62,0.59,0.63,0.57,0.44,0.66,CM,MID,6
Fabian Kunze,CDM,Germany,0.71,0.67,0.4,0.57,0.58,0.73,0.79,0.64,0.7,0.55,0.39,0.64,0.72,0.76,0.81,0.8,0.73,0.72,0.74,0.72,0.72,0.53,CDM,MID,0
Berkan Kutlu,CM,Turkey,0.71,0.78,0.63,0.62,0.68,0.71,0.77,0.79,0.78,0.73,0.64,0.7,0.73,0.71,0.9,0.73,0.74,0.73,0.74,0.73,0.51,0.67,CM,MID,5
Sandro Lauper,CDM,Switzerland,0.71,0.73,0.65,0.65,0.69,0.7,0.72,0.73,0.73,0.7,0.72,0.71,0.68,0.76,0.75,0.81,0.72,0.7,0.7,0.68,0.7,0.69,CDM,MID,5
Lee Yeong Jae,CM,Korea Republic,0.71,0.75,0.62,0.69,0.73,0.58,0.69,0.72,0.77,0.87,0.83,0.72,0.71,0.6,0.89,0.68,0.57,0.53,0.57,0.66,0.55,0.66,CM,MID,6
Félix Lemaréchal,CAM,France,0.71,0.65,0.57,0.73,0.72,0.61,0.68,0.69,0.61,0.57,0.64,0.75,0.68,0.65,0.71,0.65,0.66,0.59,0.59,0.63,0.52,0.64,CAM,MID,0
Enzo Leopold,CM,Germany,0.71,0.69,0.57,0.69,0.74,0.6,0.64,0.73,0.65,0.84,0.81,0.74,0.68,0.55,0.89,0.61,0.63,0.59,0.57,0.64,0.49,0.6,CM,MID,6
Luis Guilherme,RM,Brazil,0.71,0.76,0.62,0.64,0.75,0.33,0.57,0.74,0.78,0.74,0.61,0.75,0.74,0.65,0.55,0.7,0.33,0.38,0.32,0.19,0.55,0.66,RM,MID,1
Maximiliano Lovera,LM,Argentina,0.71,0.84,0.61,0.62,0.77,0.31,0.6,0.87,0.82,0.9,0.91,0.76,0.6,0.55,0.69,0.69,0.29,0.33,0.3,0.24,0.52,0.61,LM,MID,1
Sergio Lozano,CM,Spain,0.71,0.6,0.73,0.74,0.7,0.58,0.49,0.6,0.6,0.66,0.74,0.74,0.58,0.4,0.71,0.42,0.62,0.58,0.59,0.57,0.43,0.72,CM,MID,6
Sayfallah Ltaief,LM,Tunisia,0.71,0.85,0.64,0.63,0.74,0.32,0.64,0.84,0.86,0.83,0.74,0.74,0.58,0.62,0.7,0.64,0.35,0.4,0.29,0.24,0.41,0.62,LM,MID,4
Mads Emil Madsen,CM,Denmark,0.71,0.67,0.61,0.7,0.72,0.67,0.76,0.69,0.65,0.7,0.75,0.73,0.69,0.79,0.79,0.78,0.67,0.65,0.69,0.68,0.65,0.64,CM,MID,5
Mathieu Maertens,CAM,Belgium,0.71,0.69,0.71,0.69,0.7,0.64,0.67,0.65,0.72,0.67,0.69,0.72,0.7,0.62,0.77,0.69,0.67,0.62,0.6,0.68,0.65,0.73,CAM,MID,5
Habib Maïga,CDM,Côte d'Ivoire,0.71,0.59,0.56,0.65,0.68,0.68,0.81,0.66,0.53,0.66,0.72,0.68,0.72,0.83,0.8,0.8,0.7,0.66,0.68,0.68,0.68,0.71,CDM,MID,0
Jean-Victor Makengo,CM,France,0.71,0.63,0.66,0.71,0.71,0.71,0.68,0.67,0.59,0.65,0.71,0.73,0.68,0.67,0.7,0.72,0.76,0.72,0.68,0.67,0.69,0.74,CM,MID,5
Daniel Maldini,CAM,Italy,0.71,0.66,0.68,0.7,0.74,0.4,0.5,0.67,0.66,0.69,0.68,0.77,0.66,0.47,0.55,0.61,0.44,0.4,0.31,0.35,0.65,0.67,CAM,MID,1
Lucas Mancinelli,RM,Argentina,0.71,0.75,0.7,0.67,0.71,0.55,0.61,0.76,0.75,0.82,0.8,0.72,0.69,0.52,0.71,0.69,0.62,0.55,0.41,0.59,0.67,0.73,RM,MID,1
Myziane Maolida,LM,Netherlands,0.71,0.74,0.67,0.64,0.74,0.24,0.58,0.78,0.71,0.79,0.74,0.73,0.69,0.64,0.59,0.74,0.17,0.21,0.21,0.24,0.61,0.69,LM,MID,1
Facundo Martínez,CM,Argentina,0.71,0.48,0.64,0.72,0.69,0.6,0.62,0.49,0.47,0.52,0.65,0.73,0.65,0.63,0.62,0.5,0.63,0.58,0.63,0.62,0.39,0.68,CM,MID,0
Pablo Martínez,CM,Spain,0.71,0.71,0.66,0.7,0.72,0.62,0.7,0.72,0.71,0.74,0.73,0.74,0.69,0.7,0.83,0.71,0.62,0.59,0.63,0.65,0.56,0.74,CM,MID,5
Han-Noah Massengo,CDM,France,0.71,0.69,0.48,0.66,0.74,0.69,0.66,0.68,0.69,0.86,0.86,0.7,0.69,0.63,0.7,0.69,0.7,0.69,0.69,0.71,0.62,0.63,CDM,MID,6
Rabbi Matondo,LM,Wales,0.71,0.92,0.66,0.63,0.72,0.38,0.52,0.94,0.91,0.9,0.81,0.68,0.66,0.47,0.68,0.59,0.46,0.34,0.38,0.27,0.42,0.73,LM,MID,1
Isaac Mbenza,LM,Belgium,0.71,0.83,0.67,0.69,0.7,0.38,0.67,0.8,0.86,0.78,0.57,0.67,0.64,0.72,0.7,0.79,0.3,0.25,0.43,0.36,0.62,0.75,LM,MID,1
Nathanaël Mbuku,RM,France,0.71,0.77,0.64,0.69,0.75,0.35,0.53,0.8,0.75,0.87,0.9,0.71,0.63,0.51,0.6,0.63,0.36,0.35,0.32,0.29,0.5,0.71,RM,MID,1
Barrie McKay,LM,Scotland,0.71,0.8,0.61,0.7,0.74,0.38,0.39,0.83,0.78,0.89,0.83,0.74,0.61,0.31,0.56,0.47,0.36,0.39,0.33,0.49,0.37,0.6,LM,MID,4
Flavio,CDM,Brazil,0.71,0.67,0.55,0.64,0.64,0.68,0.75,0.66,0.67,0.64,0.73,0.68,0.63,0.7,0.83,0.76,0.7,0.66,0.69,0.71,0.57,0.64,CDM,MID,0
Maikel Mesa,CAM,Spain,0.71,0.69,0.73,0.67,0.71,0.65,0.83,0.67,0.7,0.73,0.69,0.69,0.65,0.86,0.82,0.82,0.69,0.63,0.6,0.64,0.7,0.78,CAM,MID,5
Meseguer,CM,Spain,0.71,0.63,0.68,0.68,0.69,0.68,0.72,0.61,0.64,0.57,0.56,0.74,0.68,0.72,0.74,0.73,0.73,0.68,0.62,0.67,0.68,0.65,CM,MID,0
Leonel Miranda,CM,Argentina,0.71,0.71,0.64,0.74,0.72,0.67,0.67,0.74,0.69,0.75,0.8,0.74,0.65,0.67,0.56,0.73,0.7,0.7,0.67,0.64,0.6,0.74,CM,MID,5
Santiago Moreno,RM,Colombia,0.71,0.83,0.66,0.61,0.76,0.51,0.56,0.86,0.8,0.86,0.82,0.7,0.66,0.49,0.74,0.56,0.58,0.57,0.45,0.51,0.38,0.68,RM,MID,1
Raúl Moro,LM,Spain,0.71,0.82,0.61,0.66,0.77,0.27,0.35,0.84,0.81,0.77,0.82,0.78,0.6,0.3,0.33,0.45,0.26,0.22,0.3,0.23,0.31,0.58,LM,MID,4
Toni Moya,CM,Spain,0.71,0.52,0.67,0.73,0.71,0.62,0.56,0.48,0.55,0.63,0.62,0.75,0.68,0.56,0.58,0.5,0.7,0.57,0.59,0.66,0.45,0.66,CM,MID,0
Sebas Moyano,LM,Spain,0.71,0.79,0.69,0.66,0.72,0.37,0.51,0.8,0.78,0.82,0.8,0.69,0.64,0.42,0.7,0.49,0.35,0.42,0.38,0.35,0.38,0.66,LM,MID,4
Pelly-Ruddock Mpanzu,CM,Congo DR,0.71,0.77,0.63,0.66,0.73,0.69,0.81,0.77,0.77,0.72,0.82,0.71,0.7,0.84,0.86,0.86,0.71,0.68,0.65,0.71,0.7,0.75,CM,MID,5
Arbnor Muja,RM,Albania,0.71,0.89,0.67,0.64,0.72,0.46,0.66,0.87,0.91,0.82,0.83,0.69,0.62,0.6,0.77,0.72,0.51,0.45,0.38,0.46,0.53,0.73,RM,MID,1
Tsiy-William Ndenge,CDM,Cameroon,0.71,0.68,0.69,0.64,0.69,0.67,0.8,0.64,0.71,0.71,0.65,0.68,0.71,0.82,0.81,0.72,0.7,0.68,0.66,0.71,0.54,0.78,CDM,MID,5
Paul Nebel,CAM,Germany,0.71,0.76,0.62,0.66,0.76,0.38,0.59,0.79,0.74,0.9,0.91,0.73,0.68,0.49,0.92,0.54,0.44,0.32,0.36,0.35,0.39,0.62,CAM,MID,1
Yvan Neyou,CDM,Cameroon,0.71,0.65,0.6,0.64,0.75,0.69,0.7,0.62,0.68,0.72,0.73,0.73,0.68,0.65,0.74,0.68,0.72,0.66,0.69,0.7,0.63,0.64,CDM,MID,5
Tokmac Chol Nguen,CAM,Norway,0.71,0.81,0.69,0.65,0.75,0.45,0.62,0.83,0.8,0.83,0.86,0.72,0.66,0.6,0.71,0.67,0.47,0.37,0.44,0.45,0.46,0.62,CAM,MID,1
Olivier Ntcham,CM,Cameroon,0.71,0.67,0.69,0.73,0.75,0.63,0.73,0.69,0.65,0.78,0.79,0.76,0.58,0.76,0.73,0.7,0.63,0.6,0.66,0.64,0.51,0.79,CM,MID,5
Miguel Cardoso,LM,Portugal,0.71,0.74,0.68,0.67,0.73,0.39,0.6,0.73,0.74,0.71,0.74,0.73,0.68,0.65,0.59,0.61,0.34,0.34,0.48,0.31,0.43,0.74,LM,MID,1
Fabian Nürnberger,LM,Germany,0.71,0.74,0.61,0.69,0.73,0.66,0.64,0.76,0.72,0.79,0.77,0.73,0.7,0.56,0.74,0.68,0.7,0.7,0.64,0.66,0.56,0.69,LM,MID,5
Jay O'Shea,CM,Republic of Ireland,0.71,0.58,0.66,0.72,0.73,0.61,0.76,0.61,0.55,0.77,0.8,0.72,0.68,0.73,0.89,0.68,0.62,0.58,0.61,0.64,0.55,0.68,CM,MID,5
Raphael Obermair,RM,Philippines,0.71,0.83,0.64,0.66,0.7,0.65,0.72,0.86,0.8,0.73,0.74,0.7,0.64,0.67,0.9,0.76,0.68,0.64,0.64,0.65,0.56,0.7,RM,MID,5
Pedro Obiang,CDM,Equatorial Guinea,0.71,0.43,0.61,0.7,0.7,0.7,0.64,0.48,0.38,0.63,0.45,0.74,0.67,0.69,0.48,0.66,0.72,0.7,0.69,0.7,0.68,0.73,CDM,MID,0
Lawrence Ofori,CM,Ghana,0.71,0.72,0.66,0.67,0.76,0.64,0.63,0.69,0.74,0.69,0.76,0.78,0.72,0.61,0.67,0.61,0.64,0.62,0.68,0.66,0.48,0.73,CM,MID,5
Masaya Okugawa,LM,Japan,0.71,0.76,0.63,0.67,0.74,0.43,0.44,0.78,0.75,0.83,0.82,0.72,0.7,0.32,0.7,0.57,0.35,0.31,0.49,0.42,0.59,0.5,LM,MID,4
Jacob Ondrejka,LM,Sweden,0.71,0.79,0.66,0.69,0.73,0.46,0.6,0.82,0.76,0.82,0.83,0.72,0.64,0.59,0.66,0.65,0.47,0.43,0.45,0.46,0.46,0.66,LM,MID,1
Gaetano Oristanio,CAM,Italy,0.71,0.85,0.65,0.67,0.76,0.49,0.55,0.83,0.86,0.88,0.72,0.75,0.66,0.42,0.65,0.58,0.49,0.47,0.45,0.53,0.5,0.65,CAM,MID,1
Darío Osorio,RM,Chile,0.71,0.79,0.65,0.65,0.73,0.41,0.62,0.75,0.82,0.76,0.7,0.7,0.63,0.63,0.66,0.67,0.41,0.35,0.4,0.42,0.51,0.69,RM,MID,1
Elisha Owusu,CDM,Ghana,0.71,0.6,0.53,0.64,0.68,0.67,0.69,0.64,0.56,0.68,0.7,0.69,0.7,0.68,0.74,0.61,0.72,0.68,0.67,0.69,0.48,0.67,CDM,MID,0
Braian Oyola,LM,Argentina,0.71,0.82,0.66,0.64,0.74,0.4,0.53,0.84,0.8,0.79,0.91,0.73,0.57,0.54,0.64,0.66,0.4,0.36,0.44,0.3,0.5,0.62,LM,MID,4
Nelson Palacio,CM,Colombia,0.71,0.71,0.61,0.65,0.68,0.65,0.71,0.7,0.71,0.73,0.74,0.74,0.74,0.67,0.87,0.66,0.7,0.62,0.63,0.7,0.53,0.6,CM,MID,5
Esteban Pavez,CDM,Chile,0.71,0.77,0.62,0.66,0.71,0.66,0.81,0.76,0.77,0.76,0.66,0.72,0.7,0.79,0.86,0.82,0.65,0.61,0.71,0.65,0.65,0.76,CDM,MID,5
Matheus Pereira,CDM,Brazil,0.71,0.67,0.64,0.69,0.75,0.66,0.7,0.66,0.67,0.81,0.67,0.75,0.7,0.73,0.72,0.68,0.72,0.7,0.62,0.69,0.52,0.58,CDM,MID,5
Matías Pérez García,CAM,Argentina,0.71,0.7,0.68,0.72,0.74,0.44,0.61,0.68,0.72,0.83,0.89,0.72,0.64,0.54,0.65,0.51,0.48,0.42,0.42,0.43,0.39,0.68,CAM,MID,1
Martín Pérez Guedes,CM,Argentina,0.71,0.8,0.66,0.71,0.68,0.64,0.69,0.81,0.8,0.7,0.72,0.69,0.6,0.7,0.81,0.73,0.66,0.6,0.66,0.65,0.53,0.65,CM,MID,6
Máximo Perrone,CM,Argentina,0.71,0.68,0.54,0.66,0.74,0.68,0.69,0.69,0.68,0.74,0.72,0.77,0.61,0.66,0.77,0.68,0.67,0.67,0.7,0.7,0.57,0.59,CM,MID,6
Immanuel Pherai,CAM,Suriname,0.71,0.79,0.59,0.66,0.76,0.38,0.55,0.78,0.8,0.89,0.86,0.74,0.71,0.5,0.83,0.56,0.29,0.38,0.36,0.51,0.42,0.51,CAM,MID,1
Rodrigo Piñeiro,LM,Uruguay,0.71,0.89,0.62,0.64,0.73,0.46,0.64,0.88,0.89,0.87,0.8,0.68,0.66,0.64,0.7,0.66,0.5,0.53,0.42,0.47,0.39,0.65,LM,MID,1
Rodolfo Pizarro,LM,Mexico,0.71,0.75,0.64,0.67,0.73,0.5,0.64,0.74,0.75,0.73,0.73,0.75,0.7,0.65,0.68,0.71,0.52,0.51,0.45,0.52,0.58,0.69,LM,MID,1
Vicente Pizarro,CDM,Chile,0.71,0.68,0.54,0.64,0.7,0.67,0.69,0.66,0.69,0.77,0.79,0.7,0.66,0.65,0.81,0.61,0.73,0.69,0.66,0.67,0.48,0.56,CDM,MID,6
Filip Prebsl,CDM,Czech Republic,0.71,0.7,0.46,0.69,0.69,0.68,0.75,0.71,0.7,0.61,0.68,0.7,0.69,0.77,0.7,0.8,0.67,0.66,0.7,0.66,0.68,0.55,CDM,MID,0
Largie Ramazani,RM,Belgium,0.71,0.87,0.64,0.62,0.75,0.33,0.57,0.88,0.87,0.89,0.91,0.73,0.67,0.53,0.6,0.61,0.34,0.3,0.3,0.35,0.41,0.64,RM,MID,1
Juan Ramírez,CM,Argentina,0.71,0.81,0.64,0.68,0.78,0.64,0.67,0.84,0.79,0.82,0.75,0.76,0.7,0.6,0.8,0.6,0.67,0.64,0.66,0.66,0.47,0.68,CM,MID,5
Elbasan Rashani,LM,Kosovo,0.71,0.81,0.65,0.65,0.72,0.39,0.67,0.8,0.82,0.81,0.62,0.73,0.68,0.63,0.76,0.7,0.32,0.28,0.42,0.43,0.53,0.63,LM,MID,1
Mathias Rasmussen,CM,Norway,0.71,0.74,0.61,0.71,0.73,0.64,0.66,0.76,0.72,0.8,0.83,0.73,0.71,0.6,0.82,0.71,0.66,0.63,0.64,0.62,0.58,0.65,CM,MID,5
Rayan Raveloson,CDM,Madagascar,0.71,0.73,0.66,0.65,0.72,0.69,0.76,0.74,0.73,0.77,0.7,0.72,0.67,0.74,0.84,0.86,0.69,0.68,0.68,0.66,0.77,0.72,CDM,MID,5
Nathan Redmond,RM,England,0.71,0.75,0.7,0.68,0.76,0.3,0.51,0.75,0.75,0.86,0.86,0.74,0.68,0.62,0.37,0.58,0.26,0.3,0.33,0.3,0.33,0.76,RM,MID,4
Oriol Rey,CM,Spain,0.71,0.59,0.62,0.7,0.71,0.68,0.71,0.59,0.59,0.72,0.72,0.73,0.71,0.72,0.77,0.71,0.68,0.67,0.68,0.71,0.64,0.66,CM,MID,0
Alexander Ring,CDM,Finland,0.71,0.67,0.66,0.67,0.69,0.68,0.74,0.7,0.64,0.69,0.73,0.7,0.7,0.71,0.82,0.69,0.7,0.68,0.7,0.7,0.54,0.73,CDM,MID,5
Marlon Ritter,CAM,Germany,0.71,0.66,0.67,0.7,0.74,0.65,0.69,0.76,0.57,0.86,0.85,0.75,0.7,0.66,0.78,0.67,0.7,0.7,0.62,0.67,0.49,0.75,CAM,MID,5
Patrick Roberts,RM,England,0.71,0.81,0.65,0.66,0.77,0.28,0.44,0.85,0.78,0.91,0.88,0.75,0.59,0.4,0.55,0.52,0.22,0.19,0.37,0.21,0.43,0.64,RM,MID,4
Jannik Rochelt,LM,Germany,0.71,0.85,0.63,0.66,0.7,0.46,0.69,0.81,0.88,0.77,0.74,0.7,0.66,0.61,0.92,0.7,0.49,0.56,0.43,0.36,0.53,0.67,LM,MID,1
Alan Rodríguez,CM,Uruguay,0.71,0.73,0.62,0.67,0.77,0.58,0.48,0.78,0.69,0.84,0.86,0.75,0.71,0.34,0.68,0.47,0.68,0.64,0.5,0.62,0.4,0.58,CM,MID,6
Marko Rog,CM,Croatia,0.71,0.69,0.68,0.7,0.75,0.66,0.68,0.71,0.68,0.78,0.8,0.74,0.63,0.64,0.65,0.64,0.69,0.68,0.64,0.71,0.48,0.76,CM,MID,5
André Rømer,CDM,Denmark,0.71,0.6,0.56,0.64,0.66,0.68,0.78,0.61,0.59,0.67,0.66,0.68,0.66,0.75,0.89,0.7,0.67,0.66,0.69,0.71,0.59,0.68,CDM,MID,0
Jonny Rowe,RM,England,0.71,0.83,0.71,0.62,0.74,0.36,0.64,0.81,0.84,0.8,0.83,0.74,0.67,0.64,0.64,0.77,0.26,0.24,0.39,0.39,0.64,0.78,RM,MID,1
Waldo,LM,Spain,0.71,0.9,0.7,0.63,0.75,0.37,0.66,0.9,0.9,0.89,0.81,0.7,0.65,0.65,0.69,0.8,0.3,0.26,0.36,0.4,0.64,0.8,LM,MID,1
Sergio Ruiz,CDM,Spain,0.71,0.64,0.62,0.66,0.68,0.67,0.72,0.64,0.64,0.61,0.82,0.71,0.66,0.68,0.85,0.61,0.71,0.69,0.69,0.67,0.46,0.65,CDM,MID,0
Emmanuel Sabbi,LM,United States,0.71,0.9,0.65,0.62,0.73,0.38,0.59,0.9,0.9,0.89,0.88,0.73,0.68,0.56,0.68,0.73,0.35,0.29,0.36,0.4,0.57,0.67,LM,MID,1
Ramzi Safuri,CAM,Israel,0.71,0.68,0.67,0.73,0.73,0.36,0.66,0.69,0.68,0.76,0.77,0.71,0.68,0.7,0.67,0.6,0.45,0.42,0.28,0.26,0.42,0.75,CAM,MID,1
Emir Sahiti,RM,Kosovo,0.71,0.82,0.68,0.65,0.73,0.41,0.65,0.83,0.82,0.83,0.84,0.71,0.68,0.56,0.73,0.68,0.42,0.37,0.43,0.34,0.52,0.73,RM,MID,1
Borja Sainz,LM,Spain,0.71,0.8,0.67,0.66,0.72,0.4,0.56,0.83,0.77,0.77,0.74,0.71,0.67,0.47,0.7,0.53,0.33,0.37,0.47,0.42,0.34,0.65,LM,MID,4
Ulrik Saltnes,CM,Norway,0.71,0.74,0.64,0.68,0.69,0.68,0.81,0.77,0.72,0.7,0.73,0.69,0.72,0.79,0.9,0.84,0.67,0.64,0.69,0.69,0.7,0.66,CM,MID,5
Luismi,CDM,Spain,0.71,0.55,0.59,0.61,0.65,0.7,0.77,0.55,0.55,0.6,0.64,0.66,0.68,0.76,0.82,0.71,0.71,0.69,0.7,0.73,0.62,0.67,CDM,MID,0
James Sands,CDM,United States,0.71,0.51,0.5,0.61,0.66,0.69,0.72,0.48,0.54,0.58,0.66,0.71,0.72,0.7,0.74,0.74,0.69,0.68,0.68,0.71,0.67,0.53,CDM,MID,0
Matthias Seidl,CAM,Austria,0.71,0.67,0.7,0.69,0.71,0.36,0.62,0.59,0.73,0.61,0.75,0.75,0.68,0.55,0.81,0.62,0.38,0.41,0.38,0.22,0.48,0.66,CAM,MID,1
Josep Señé,CM,Spain,0.71,0.68,0.66,0.7,0.71,0.58,0.66,0.66,0.69,0.69,0.62,0.76,0.69,0.71,0.72,0.72,0.64,0.6,0.5,0.59,0.61,0.6,CM,MID,5
Nico Serrano,LM,Spain,0.71,0.82,0.65,0.64,0.76,0.24,0.51,0.83,0.81,0.84,0.84,0.76,0.62,0.46,0.71,0.59,0.22,0.2,0.2,0.22,0.47,0.62,LM,MID,4
Kevin Sessa,RM,Germany,0.71,0.87,0.63,0.67,0.72,0.61,0.58,0.85,0.89,0.85,0.8,0.71,0.65,0.45,0.76,0.65,0.68,0.65,0.56,0.55,0.58,0.68,RM,MID,6
Miguel Reisinho,CM,Portugal,0.71,0.7,0.67,0.67,0.71,0.63,0.72,0.68,0.71,0.77,0.59,0.74,0.69,0.74,0.76,0.72,0.66,0.61,0.63,0.59,0.59,0.74,CM,MID,5
Marcel Sobottka,CDM,Germany,0.71,0.7,0.57,0.63,0.66,0.71,0.75,0.63,0.75,0.61,0.65,0.67,0.69,0.75,0.77,0.72,0.74,0.7,0.72,0.7,0.6,0.62,CDM,MID,0
Simon Sohm,CAM,Switzerland,0.71,0.76,0.66,0.66,0.69,0.65,0.81,0.77,0.75,0.73,0.66,0.73,0.7,0.83,0.81,0.89,0.66,0.65,0.64,0.61,0.72,0.72,CAM,MID,5
Álex Sola,RM,Spain,0.71,0.78,0.59,0.64,0.71,0.63,0.74,0.79,0.77,0.7,0.67,0.72,0.65,0.68,0.87,0.76,0.63,0.67,0.62,0.63,0.62,0.51,RM,MID,6
Santiago Solari,LM,Argentina,0.71,0.79,0.66,0.65,0.72,0.38,0.62,0.78,0.79,0.68,0.73,0.72,0.67,0.58,0.67,0.64,0.38,0.42,0.37,0.31,0.49,0.69,LM,MID,1
Jhon Solís,CDM,Colombia,0.71,0.64,0.62,0.64,0.66,0.67,0.76,0.65,0.63,0.56,0.53,0.69,0.7,0.77,0.81,0.75,0.7,0.66,0.66,0.68,0.62,0.66,CDM,MID,0
Alan Soñora,CM,United States,0.71,0.72,0.65,0.73,0.75,0.61,0.67,0.77,0.68,0.8,0.82,0.75,0.69,0.64,0.72,0.66,0.6,0.6,0.6,0.71,0.48,0.73,CM,MID,5
Cheick Souaré,LM,France,0.71,0.76,0.63,0.67,0.72,0.61,0.69,0.77,0.75,0.78,0.79,0.71,0.69,0.68,0.71,0.75,0.61,0.64,0.61,0.61,0.61,0.68,LM,MID,5
Hélder Costa,RM,Angola,0.71,0.77,0.67,0.68,0.73,0.31,0.6,0.8,0.75,0.76,0.73,0.72,0.68,0.62,0.65,0.56,0.31,0.25,0.35,0.23,0.44,0.73,RM,MID,1
Leonai,CDM,Brazil,0.71,0.64,0.62,0.63,0.68,0.72,0.73,0.56,0.71,0.71,0.71,0.69,0.69,0.79,0.69,0.73,0.74,0.68,0.73,0.74,0.65,0.76,CDM,MID,0
Ibrahim Sulemana,CDM,Ghana,0.71,0.71,0.62,0.64,0.68,0.69,0.72,0.75,0.68,0.74,0.82,0.68,0.72,0.69,0.76,0.74,0.71,0.72,0.66,0.73,0.61,0.77,CDM,MID,5
Jan Sýkora,LM,Czech Republic,0.71,0.77,0.67,0.69,0.72,0.59,0.65,0.77,0.77,0.8,0.78,0.7,0.67,0.57,0.72,0.66,0.63,0.63,0.56,0.59,0.53,0.71,LM,MID,6
Iván Tapia,CAM,Argentina,0.71,0.69,0.68,0.74,0.7,0.53,0.72,0.69,0.69,0.71,0.7,0.74,0.66,0.68,0.9,0.65,0.55,0.53,0.55,0.46,0.51,0.68,CAM,MID,6
Filippo Terracciano,RM,Italy,0.71,0.79,0.6,0.71,0.7,0.67,0.67,0.81,0.78,0.71,0.68,0.71,0.62,0.65,0.74,0.76,0.71,0.68,0.64,0.66,0.61,0.69,RM,MID,5
Tanner Tessmann,CDM,United States,0.71,0.61,0.56,0.68,0.69,0.67,0.78,0.64,0.59,0.68,0.72,0.71,0.67,0.84,0.79,0.74,0.68,0.64,0.7,0.67,0.55,0.69,CDM,MID,0
Norman Theuerkauf,CDM,Germany,0.71,0.48,0.56,0.64,0.63,0.72,0.76,0.55,0.43,0.66,0.66,0.66,0.71,0.78,0.74,0.74,0.73,0.69,0.73,0.72,0.7,0.74,CDM,MID,0
Sorba Thomas,RM,Wales,0.71,0.87,0.62,0.66,0.71,0.48,0.7,0.86,0.88,0.79,0.76,0.7,0.63,0.61,0.85,0.66,0.54,0.44,0.46,0.45,0.43,0.75,RM,MID,1
Erik Thommy,CM,Germany,0.71,0.77,0.68,0.73,0.74,0.5,0.52,0.76,0.77,0.86,0.81,0.72,0.73,0.52,0.64,0.6,0.64,0.49,0.28,0.61,0.49,0.73,CM,MID,1
Timothy Tillman,CM,United States,0.71,0.75,0.56,0.67,0.75,0.54,0.68,0.75,0.75,0.74,0.72,0.78,0.67,0.72,0.75,0.65,0.58,0.55,0.5,0.6,0.42,0.55,CM,MID,6
Jens Toornstra,CAM,Holland,0.71,0.47,0.72,0.75,0.69,0.68,0.71,0.37,0.55,0.62,0.75,0.71,0.74,0.68,0.8,0.53,0.67,0.62,0.72,0.7,0.63,0.75,CAM,MID,0
Boubacar Traoré,CDM,Mali,0.71,0.69,0.53,0.68,0.71,0.66,0.72,0.67,0.71,0.71,0.68,0.72,0.68,0.73,0.69,0.71,0.69,0.68,0.64,0.66,0.57,0.68,CDM,MID,5
Jesús Trindade,CDM,Uruguay,0.71,0.74,0.47,0.69,0.65,0.68,0.76,0.79,0.69,0.73,0.66,0.71,0.69,0.75,0.79,0.78,0.68,0.65,0.71,0.71,0.59,0.58,CDM,MID,5
Sondre Tronstad,CDM,Norway,0.71,0.57,0.63,0.67,0.7,0.69,0.71,0.62,0.53,0.74,0.8,0.7,0.69,0.69,0.74,0.66,0.71,0.7,0.69,0.71,0.55,0.7,CDM,MID,0
Fran Tudor,RM,Croatia,0.71,0.9,0.6,0.65,0.71,0.67,0.75,0.9,0.9,0.81,0.84,0.71,0.65,0.67,0.91,0.81,0.67,0.65,0.69,0.66,0.63,0.63,RM,MID,5
David Turnbull,CM,Scotland,0.71,0.56,0.71,0.75,0.7,0.6,0.64,0.58,0.54,0.63,0.76,0.73,0.66,0.69,0.64,0.6,0.61,0.54,0.6,0.65,0.48,0.74,CM,MID,0
Scott Twine,LM,England,0.71,0.78,0.69,0.7,0.72,0.55,0.53,0.79,0.77,0.88,0.84,0.69,0.67,0.45,0.77,0.59,0.59,0.55,0.54,0.54,0.51,0.74,LM,MID,1
Rodrigo Ureña,CDM,Chile,0.71,0.58,0.6,0.61,0.64,0.7,0.7,0.63,0.54,0.6,0.75,0.71,0.7,0.7,0.7,0.72,0.74,0.65,0.7,0.68,0.69,0.65,CDM,MID,0
Moses Usor,RM,Nigeria,0.71,0.9,0.65,0.64,0.73,0.38,0.67,0.89,0.9,0.83,0.74,0.7,0.61,0.65,0.78,0.74,0.43,0.39,0.34,0.28,0.54,0.7,RM,MID,1
Leonardo Valencia,CAM,Chile,0.71,0.64,0.69,0.72,0.73,0.29,0.61,0.65,0.63,0.7,0.78,0.75,0.63,0.68,0.55,0.52,0.21,0.28,0.34,0.34,0.24,0.74,CAM,MID,4
Nuno Santos,CM,Portugal,0.71,0.76,0.68,0.68,0.72,0.66,0.67,0.75,0.77,0.67,0.72,0.73,0.73,0.69,0.72,0.7,0.69,0.67,0.66,0.66,0.54,0.73,CM,MID,5
Théo Valls,CM,France,0.71,0.65,0.66,0.73,0.72,0.63,0.69,0.67,0.64,0.66,0.69,0.72,0.68,0.7,0.74,0.69,0.67,0.66,0.61,0.63,0.58,0.72,CM,MID,5
Hannes Van Der Bruggen,CM,Belgium,0.71,0.39,0.62,0.71,0.68,0.69,0.7,0.45,0.34,0.63,0.7,0.71,0.67,0.64,0.81,0.62,0.69,0.66,0.68,0.72,0.65,0.73,CM,MID,0
Jari Vandeputte,LM,Belgium,0.71,0.8,0.65,0.69,0.71,0.5,0.63,0.81,0.79,0.84,0.7,0.7,0.69,0.6,0.72,0.66,0.51,0.55,0.53,0.46,0.45,0.65,LM,MID,1
Jhon Vásquez,RM,Colombia,0.71,0.82,0.71,0.63,0.73,0.23,0.77,0.84,0.81,0.8,0.71,0.72,0.6,0.81,0.72,0.77,0.2,0.2,0.24,0.16,0.46,0.8,RM,MID,1
Kristoffer Velde,LM,Norway,0.71,0.8,0.67,0.65,0.73,0.43,0.63,0.78,0.82,0.86,0.86,0.71,0.61,0.58,0.77,0.66,0.47,0.36,0.38,0.42,0.52,0.74,LM,MID,1
Arno Verschueren,CAM,Belgium,0.71,0.77,0.68,0.64,0.67,0.67,0.74,0.69,0.84,0.66,0.68,0.68,0.72,0.69,0.8,0.81,0.65,0.62,0.67,0.67,0.8,0.7,CAM,MID,5
Birger Verstraete,CM,Belgium,0.71,0.62,0.61,0.71,0.73,0.67,0.69,0.7,0.55,0.8,0.78,0.75,0.7,0.58,0.79,0.68,0.7,0.68,0.63,0.71,0.64,0.78,CM,MID,5
Carlos Vicente,RM,Spain,0.71,0.81,0.67,0.66,0.69,0.31,0.56,0.82,0.8,0.59,0.75,0.72,0.66,0.57,0.74,0.69,0.29,0.35,0.26,0.27,0.54,0.69,RM,MID,4
Emanuel Vignato,CAM,Italy,0.71,0.67,0.62,0.71,0.75,0.39,0.47,0.72,0.62,0.77,0.74,0.77,0.67,0.41,0.66,0.53,0.37,0.35,0.43,0.3,0.51,0.61,CAM,MID,4
Gonzalo Villar,CM,Spain,0.71,0.55,0.57,0.72,0.72,0.67,0.67,0.51,0.59,0.73,0.79,0.75,0.71,0.67,0.64,0.57,0.69,0.65,0.7,0.67,0.49,0.63,CM,MID,0
Mërgim Vojvoda,LM,Kosovo,0.71,0.68,0.54,0.72,0.72,0.68,0.69,0.67,0.68,0.7,0.59,0.72,0.74,0.68,0.68,0.7,0.69,0.72,0.66,0.68,0.62,0.69,LM,MID,5
Nazar Voloshyn,LM,Ukraine,0.71,0.82,0.65,0.64,0.72,0.29,0.55,0.84,0.81,0.78,0.79,0.71,0.68,0.46,0.61,0.65,0.26,0.27,0.23,0.29,0.56,0.67,LM,MID,4
Rémi Walter,CM,France,0.71,0.63,0.61,0.7,0.72,0.65,0.7,0.59,0.66,0.74,0.73,0.73,0.68,0.66,0.81,0.61,0.67,0.64,0.65,0.69,0.5,0.67,CM,MID,5
Christian Witzig,CM,Switzerland,0.71,0.68,0.62,0.71,0.71,0.62,0.69,0.69,0.68,0.72,0.74,0.73,0.64,0.66,0.81,0.68,0.63,0.59,0.62,0.62,0.57,0.66,CM,MID,5
Hannes Wolf,RM,Austria,0.71,0.77,0.68,0.67,0.73,0.37,0.68,0.8,0.74,0.77,0.74,0.73,0.67,0.66,0.68,0.73,0.42,0.4,0.25,0.38,0.57,0.69,RM,MID,1
Paweł Wszołek,RM,Poland,0.71,0.79,0.63,0.68,0.69,0.56,0.67,0.81,0.77,0.76,0.72,0.68,0.65,0.61,0.81,0.73,0.58,0.54,0.51,0.59,0.57,0.66,RM,MID,6
Mert Hakan Yandaş,CM,Turkey,0.71,0.72,0.69,0.72,0.71,0.62,0.73,0.75,0.7,0.74,0.75,0.72,0.69,0.66,0.83,0.65,0.65,0.61,0.64,0.63,0.47,0.77,CM,MID,5
Élie Youan,LM,France,0.71,0.86,0.67,0.62,0.75,0.4,0.62,0.88,0.85,0.88,0.81,0.71,0.69,0.63,0.69,0.76,0.5,0.45,0.28,0.3,0.57,0.7,LM,MID,1
Amin Younes,CAM,Germany,0.71,0.69,0.65,0.68,0.78,0.34,0.57,0.74,0.65,0.87,0.88,0.76,0.67,0.52,0.63,0.5,0.37,0.25,0.34,0.38,0.28,0.66,CAM,MID,4
Bruno Zuculini,CDM,Argentina,0.71,0.66,0.69,0.67,0.69,0.69,0.78,0.67,0.66,0.69,0.65,0.72,0.67,0.8,0.72,0.86,0.69,0.69,0.67,0.66,0.76,0.79,CDM,MID,5
Joe Abrigo,CAM,Chile,0.7,0.77,0.63,0.69,0.72,0.39,0.45,0.79,0.76,0.75,0.83,0.72,0.64,0.46,0.41,0.54,0.44,0.45,0.41,0.22,0.44,0.63,CAM,MID,4
Anouar Ait El Hadj,CAM,Belgium,0.7,0.71,0.63,0.69,0.75,0.44,0.6,0.78,0.66,0.83,0.9,0.75,0.61,0.57,0.7,0.56,0.48,0.38,0.46,0.44,0.32,0.67,CAM,MID,1
Iván Alejo,RM,Spain,0.7,0.8,0.67,0.68,0.71,0.46,0.66,0.83,0.78,0.85,0.51,0.68,0.63,0.69,0.51,0.73,0.44,0.46,0.5,0.42,0.52,0.74,RM,MID,1
Algobia,CM,Spain,0.7,0.53,0.63,0.66,0.68,0.67,0.62,0.53,0.53,0.57,0.61,0.73,0.62,0.59,0.65,0.6,0.7,0.7,0.62,0.72,0.59,0.62,CM,MID,0
Mukhtar Ali,CDM,Saudi Arabia,0.7,0.65,0.54,0.66,0.69,0.61,0.67,0.64,0.66,0.72,0.63,0.73,0.69,0.63,0.82,0.54,0.62,0.55,0.66,0.66,0.38,0.61,CDM,MID,6
Ignacio Aliseda,LM,Argentina,0.7,0.86,0.65,0.63,0.74,0.39,0.58,0.89,0.83,0.89,0.87,0.7,0.64,0.52,0.72,0.64,0.41,0.45,0.39,0.29,0.46,0.65,LM,MID,1
Alkain,RM,Spain,0.7,0.79,0.7,0.61,0.74,0.26,0.54,0.84,0.75,0.81,0.82,0.72,0.62,0.6,0.64,0.73,0.28,0.26,0.16,0.22,0.55,0.74,RM,MID,4
Bruno Costa,CM,Portugal,0.7,0.66,0.7,0.7,0.72,0.62,0.6,0.69,0.63,0.75,0.78,0.73,0.67,0.57,0.63,0.58,0.7,0.64,0.55,0.66,0.46,0.74,CM,MID,6
Jaime Alvarado,CDM,Colombia,0.7,0.64,0.53,0.62,0.66,0.66,0.78,0.66,0.63,0.56,0.66,0.67,0.69,0.83,0.76,0.76,0.73,0.66,0.61,0.66,0.58,0.54,CDM,MID,0
Viti Rozada,RM,Spain,0.7,0.89,0.6,0.6,0.7,0.56,0.68,0.87,0.91,0.83,0.88,0.65,0.7,0.56,0.85,0.63,0.55,0.61,0.54,0.64,0.43,0.63,RM,MID,6
Lisandro Alzugaray,RM,Argentina,0.7,0.69,0.7,0.68,0.69,0.55,0.55,0.68,0.7,0.65,0.63,0.69,0.71,0.5,0.67,0.62,0.54,0.47,0.57,0.55,0.62,0.73,RM,MID,6
Lucas Andersen,CAM,Denmark,0.7,0.74,0.65,0.69,0.72,0.36,0.56,0.71,0.76,0.74,0.73,0.73,0.7,0.61,0.7,0.65,0.26,0.21,0.38,0.48,0.5,0.67,CAM,MID,1
Oleksandr Andrievskyi,CDM,Ukraine,0.7,0.66,0.55,0.68,0.64,0.65,0.7,0.65,0.67,0.52,0.67,0.62,0.69,0.73,0.71,0.64,0.67,0.68,0.66,0.69,0.47,0.68,CDM,MID,0
Oliver Arblaster,CM,England,0.7,0.65,0.61,0.68,0.7,0.65,0.69,0.67,0.64,0.63,0.67,0.72,0.7,0.69,0.68,0.67,0.68,0.65,0.61,0.69,0.55,0.64,CM,MID,0
Carlos Arboleda,LM,Ecuador,0.7,0.78,0.57,0.68,0.73,0.45,0.67,0.77,0.78,0.79,0.7,0.7,0.52,0.7,0.65,0.78,0.47,0.49,0.38,0.38,0.66,0.65,LM,MID,1
Adu Ares,LM,Spain,0.7,0.85,0.64,0.67,0.73,0.25,0.58,0.88,0.83,0.83,0.78,0.72,0.62,0.65,0.55,0.68,0.21,0.19,0.18,0.33,0.44,0.66,LM,MID,4
José Arnáiz,LM,Spain,0.7,0.8,0.72,0.62,0.73,0.4,0.68,0.85,0.76,0.83,0.77,0.71,0.65,0.68,0.79,0.8,0.27,0.28,0.56,0.29,0.67,0.81,LM,MID,1
Paul Arriola,RM,United States,0.7,0.78,0.64,0.65,0.68,0.61,0.75,0.79,0.77,0.78,0.77,0.66,0.66,0.66,0.86,0.73,0.67,0.57,0.66,0.49,0.56,0.68,RM,MID,6
Dixon Arroyo,CDM,Ecuador,0.7,0.59,0.33,0.59,0.59,0.72,0.69,0.56,0.61,0.53,0.64,0.66,0.67,0.7,0.65,0.68,0.7,0.67,0.75,0.75,0.65,0.33,CDM,MID,0
Majeed Ashimeru,CM,Ghana,0.7,0.71,0.63,0.69,0.73,0.63,0.65,0.73,0.7,0.85,0.68,0.73,0.64,0.63,0.68,0.66,0.68,0.63,0.59,0.66,0.51,0.7,CM,MID,6
Simon Asta,RM,Germany,0.7,0.81,0.36,0.67,0.7,0.61,0.73,0.83,0.8,0.74,0.72,0.73,0.65,0.69,0.92,0.7,0.61,0.59,0.61,0.67,0.48,0.4,RM,MID,6
Atienza,CM,Spain,0.7,0.56,0.61,0.62,0.66,0.65,0.71,0.55,0.56,0.59,0.52,0.7,0.7,0.74,0.73,0.58,0.71,0.68,0.64,0.68,0.42,0.47,CM,MID,0
Mathias Autret,LM,France,0.7,0.61,0.69,0.72,0.71,0.42,0.59,0.6,0.61,0.72,0.78,0.7,0.69,0.62,0.55,0.58,0.49,0.4,0.26,0.53,0.48,0.72,LM,MID,1
Donis Avdijaj,CAM,Kosovo,0.7,0.83,0.68,0.66,0.73,0.24,0.7,0.81,0.85,0.83,0.81,0.72,0.65,0.65,0.77,0.68,0.23,0.19,0.19,0.26,0.46,0.71,CAM,MID,1
Juninho Bacuna,CDM,Curaçao,0.7,0.73,0.68,0.7,0.73,0.64,0.77,0.76,0.71,0.73,0.71,0.76,0.67,0.74,0.75,0.79,0.65,0.59,0.67,0.63,0.61,0.8,CDM,MID,5
Michael Baidoo,CAM,Ghana,0.7,0.81,0.64,0.63,0.71,0.52,0.63,0.82,0.81,0.84,0.85,0.7,0.67,0.64,0.61,0.69,0.49,0.5,0.54,0.58,0.49,0.64,CAM,MID,1
Lewis Baker,CM,England,0.7,0.65,0.71,0.73,0.7,0.64,0.71,0.65,0.65,0.72,0.73,0.72,0.7,0.69,0.76,0.68,0.64,0.61,0.67,0.65,0.58,0.78,CM,MID,5
Filippo Bandinelli,CM,Italy,0.7,0.68,0.7,0.68,0.71,0.68,0.7,0.7,0.67,0.76,0.82,0.71,0.67,0.68,0.76,0.72,0.67,0.65,0.69,0.69,0.66,0.76,CM,MID,5
Daniel Barlaser,CDM,England,0.7,0.53,0.62,0.71,0.68,0.65,0.71,0.54,0.53,0.65,0.65,0.71,0.69,0.73,0.74,0.66,0.68,0.63,0.64,0.69,0.55,0.68,CDM,MID,0
Cristian Barrios,LM,Colombia,0.7,0.81,0.66,0.61,0.74,0.32,0.49,0.83,0.79,0.84,0.93,0.7,0.64,0.42,0.61,0.58,0.27,0.31,0.3,0.35,0.5,0.72,LM,MID,4
Cole Bassett,CAM,United States,0.7,0.68,0.62,0.67,0.69,0.59,0.65,0.71,0.65,0.73,0.7,0.72,0.64,0.63,0.73,0.72,0.6,0.57,0.6,0.54,0.63,0.6,CAM,MID,6
Samuel Bastien,CM,Congo DR,0.7,0.72,0.66,0.7,0.73,0.62,0.69,0.75,0.69,0.74,0.78,0.74,0.7,0.64,0.81,0.68,0.6,0.58,0.67,0.66,0.53,0.73,CM,MID,5
Adrian Beck,CM,Germany,0.7,0.58,0.68,0.68,0.68,0.66,0.71,0.65,0.52,0.6,0.6,0.7,0.68,0.69,0.78,0.72,0.7,0.65,0.62,0.63,0.7,0.7,CM,MID,0
Alejandro Bedoya,CM,United States,0.7,0.59,0.65,0.69,0.69,0.65,0.69,0.57,0.6,0.69,0.7,0.68,0.76,0.66,0.7,0.72,0.59,0.54,0.69,0.7,0.71,0.74,CM,MID,0
Jobe Bellingham,CM,England,0.7,0.67,0.67,0.67,0.72,0.64,0.65,0.63,0.7,0.68,0.7,0.73,0.68,0.63,0.74,0.68,0.66,0.69,0.61,0.65,0.64,0.65,CM,MID,5
Luis Benítes,LM,Peru,0.7,0.8,0.76,0.64,0.7,0.25,0.51,0.81,0.8,0.85,0.62,0.67,0.55,0.45,0.69,0.68,0.22,0.27,0.2,0.17,0.66,0.79,LM,MID,4
Yassine Benrahou,CAM,Morocco,0.7,0.7,0.65,0.71,0.75,0.41,0.54,0.72,0.68,0.82,0.87,0.76,0.64,0.56,0.63,0.6,0.4,0.44,0.44,0.33,0.46,0.7,CAM,MID,1
Emil Bohinen,CM,Norway,0.7,0.59,0.62,0.7,0.71,0.67,0.66,0.62,0.56,0.71,0.73,0.71,0.67,0.65,0.69,0.65,0.68,0.65,0.7,0.69,0.56,0.66,CM,MID,0
Taylor Booth,RM,United States,0.7,0.78,0.64,0.67,0.72,0.54,0.58,0.77,0.78,0.8,0.79,0.71,0.65,0.5,0.76,0.55,0.63,0.59,0.48,0.56,0.4,0.67,RM,MID,6
Hugo Boumous,CAM,Morocco,0.7,0.78,0.64,0.68,0.74,0.4,0.71,0.76,0.79,0.9,0.71,0.73,0.67,0.69,0.67,0.74,0.39,0.38,0.31,0.47,0.58,0.63,CAM,MID,1
Bilal Boutobba,RM,France,0.7,0.75,0.67,0.7,0.73,0.22,0.4,0.77,0.73,0.87,0.89,0.73,0.53,0.34,0.61,0.51,0.13,0.12,0.28,0.16,0.48,0.66,RM,MID,4
Simone Branca,CM,Italy,0.7,0.71,0.63,0.68,0.71,0.65,0.77,0.75,0.67,0.77,0.78,0.72,0.66,0.72,0.83,0.77,0.66,0.64,0.64,0.66,0.61,0.73,CM,MID,5
Cameron Brannagan,CDM,England,0.7,0.64,0.68,0.7,0.68,0.63,0.73,0.63,0.64,0.73,0.74,0.69,0.69,0.64,0.9,0.63,0.64,0.63,0.63,0.64,0.53,0.74,CDM,MID,5
Archie Brown,LM,England,0.7,0.83,0.47,0.64,0.7,0.61,0.77,0.75,0.89,0.65,0.49,0.69,0.67,0.8,0.78,0.75,0.63,0.66,0.6,0.59,0.52,0.58,LM,MID,6
Brugui,RM,Spain,0.7,0.88,0.64,0.61,0.73,0.41,0.65,0.9,0.86,0.9,0.79,0.7,0.68,0.64,0.75,0.74,0.48,0.44,0.29,0.4,0.52,0.59,RM,MID,1
Jofre,RM,Spain,0.7,0.82,0.66,0.65,0.71,0.4,0.61,0.83,0.82,0.78,0.72,0.7,0.66,0.59,0.65,0.72,0.39,0.32,0.39,0.39,0.59,0.71,RM,MID,1
Martim Neto,CM,Portugal,0.7,0.76,0.65,0.67,0.74,0.56,0.63,0.77,0.75,0.78,0.67,0.75,0.69,0.58,0.75,0.64,0.6,0.53,0.54,0.56,0.49,0.73,CM,MID,6
Santiago Cáseres,CDM,Argentina,0.7,0.47,0.53,0.67,0.68,0.64,0.76,0.52,0.43,0.6,0.8,0.72,0.69,0.8,0.7,0.7,0.65,0.62,0.65,0.65,0.59,0.57,CDM,MID,0
Michele Castagnetti,CDM,Italy,0.7,0.46,0.7,0.66,0.68,0.68,0.75,0.58,0.36,0.69,0.76,0.68,0.67,0.76,0.78,0.7,0.71,0.7,0.63,0.72,0.59,0.83,CDM,MID,0
Lucas Castro,CM,Argentina,0.7,0.56,0.68,0.71,0.73,0.64,0.64,0.61,0.51,0.72,0.73,0.75,0.73,0.67,0.51,0.7,0.69,0.68,0.55,0.64,0.68,0.77,CM,MID,0
Jens Castrop,CM,Germany,0.7,0.81,0.53,0.66,0.74,0.62,0.69,0.84,0.79,0.87,0.79,0.73,0.71,0.57,0.79,0.66,0.65,0.67,0.59,0.66,0.49,0.5,CM,MID,6
Nathaniel Chalobah,CDM,England,0.7,0.53,0.61,0.65,0.69,0.69,0.72,0.54,0.53,0.63,0.61,0.71,0.67,0.76,0.62,0.73,0.71,0.65,0.67,0.7,0.7,0.75,CDM,MID,0
Dylan Chambost,CM,France,0.7,0.6,0.66,0.71,0.69,0.54,0.68,0.67,0.55,0.72,0.69,0.71,0.68,0.68,0.74,0.68,0.59,0.51,0.48,0.56,0.58,0.68,CM,MID,0
Mathieu Choinière,CM,Canada,0.7,0.62,0.6,0.69,0.72,0.62,0.58,0.7,0.55,0.73,0.71,0.72,0.66,0.54,0.88,0.49,0.69,0.6,0.64,0.62,0.32,0.64,CM,MID,6
Gojko Cimirot,CDM,Bosnia and Herzegovina,0.7,0.57,0.61,0.67,0.68,0.67,0.71,0.61,0.54,0.7,0.72,0.7,0.69,0.7,0.78,0.69,0.68,0.65,0.69,0.66,0.6,0.7,CDM,MID,0
Léo Cittadini,CDM,Brazil,0.7,0.66,0.56,0.69,0.72,0.64,0.62,0.67,0.65,0.71,0.67,0.74,0.72,0.6,0.68,0.65,0.66,0.57,0.63,0.72,0.56,0.57,CDM,MID,6
Leighton Clarkson,CM,England,0.7,0.66,0.64,0.71,0.71,0.6,0.56,0.71,0.62,0.79,0.82,0.73,0.69,0.48,0.7,0.54,0.65,0.62,0.59,0.61,0.46,0.72,CM,MID,6
Álex Collado,RM,Spain,0.7,0.56,0.68,0.73,0.72,0.58,0.57,0.58,0.55,0.68,0.69,0.74,0.7,0.6,0.56,0.59,0.56,0.57,0.59,0.63,0.51,0.69,RM,MID,0
Jairo Concha,CM,Peru,0.7,0.7,0.69,0.67,0.7,0.6,0.66,0.7,0.7,0.74,0.68,0.72,0.72,0.65,0.75,0.65,0.66,0.59,0.52,0.66,0.52,0.7,CM,MID,6
Leo Cordeiro,CM,Brazil,0.7,0.74,0.59,0.66,0.7,0.69,0.75,0.75,0.73,0.77,0.78,0.72,0.67,0.73,0.79,0.75,0.73,0.65,0.69,0.69,0.58,0.75,CM,MID,5
Óscar Cortés,LM,Colombia,0.7,0.78,0.66,0.66,0.72,0.48,0.54,0.77,0.79,0.78,0.78,0.69,0.69,0.51,0.59,0.56,0.55,0.45,0.44,0.49,0.42,0.67,LM,MID,1
Luís Silva,CM,Portugal,0.7,0.56,0.67,0.71,0.69,0.6,0.73,0.6,0.53,0.59,0.58,0.72,0.61,0.7,0.76,0.66,0.64,0.6,0.61,0.56,0.57,0.75,CM,MID,0
Tanguy Coulibaly,LM,France,0.7,0.79,0.59,0.62,0.76,0.42,0.61,0.81,0.77,0.85,0.84,0.76,0.5,0.6,0.63,0.62,0.42,0.37,0.48,0.38,0.38,0.61,LM,MID,4
Matt Crooks,CAM,England,0.7,0.65,0.67,0.64,0.68,0.68,0.82,0.62,0.67,0.63,0.5,0.7,0.72,0.82,0.85,0.78,0.72,0.65,0.66,0.66,0.68,0.69,CAM,MID,0
Michaël Cuisance,CM,France,0.7,0.66,0.65,0.74,0.75,0.52,0.65,0.77,0.57,0.83,0.75,0.76,0.68,0.64,0.72,0.67,0.59,0.54,0.49,0.48,0.49,0.75,CM,MID,1
Damian Dąbrowski,CDM,Poland,0.7,0.7,0.55,0.66,0.66,0.66,0.81,0.75,0.66,0.72,0.74,0.68,0.68,0.8,0.88,0.78,0.69,0.65,0.63,0.7,0.58,0.72,CDM,MID,5
Mats Møller Dæhli,CAM,Norway,0.7,0.63,0.55,0.65,0.78,0.46,0.61,0.79,0.49,0.91,0.89,0.75,0.69,0.56,0.9,0.56,0.5,0.43,0.5,0.42,0.3,0.53,CAM,MID,6
Pál Dárdai,CAM,Hungary,0.7,0.7,0.64,0.68,0.73,0.41,0.55,0.76,0.65,0.77,0.75,0.73,0.64,0.46,0.74,0.59,0.45,0.34,0.51,0.24,0.39,0.67,CAM,MID,4
Madson,RM,Brazil,0.7,0.77,0.65,0.64,0.71,0.2,0.54,0.76,0.78,0.71,0.94,0.68,0.65,0.51,0.79,0.68,0.15,0.19,0.16,0.13,0.63,0.68,RM,MID,4
Del Moral,CM,Spain,0.7,0.61,0.62,0.65,0.69,0.67,0.67,0.59,0.62,0.64,0.66,0.73,0.66,0.62,0.77,0.67,0.68,0.64,0.66,0.7,0.65,0.58,CM,MID,0
Fisayo Dele-Bashiru,CAM,Nigeria,0.7,0.77,0.69,0.62,0.74,0.57,0.78,0.71,0.81,0.74,0.74,0.73,0.62,0.81,0.81,0.68,0.64,0.61,0.55,0.56,0.43,0.78,CAM,MID,5
Juan Cruz,LM,Spain,0.7,0.78,0.68,0.67,0.75,0.32,0.46,0.79,0.77,0.81,0.66,0.76,0.53,0.42,0.44,0.5,0.28,0.31,0.32,0.34,0.42,0.69,LM,MID,4
George Dobson,CDM,England,0.7,0.54,0.54,0.66,0.64,0.66,0.76,0.56,0.53,0.61,0.64,0.66,0.68,0.72,0.84,0.69,0.68,0.67,0.65,0.67,0.61,0.65,CDM,MID,0
Daniel Penha,CAM,Brazil,0.7,0.7,0.66,0.71,0.73,0.33,0.6,0.71,0.69,0.73,0.83,0.75,0.56,0.57,0.7,0.55,0.36,0.34,0.3,0.28,0.38,0.68,CAM,MID,4
Kingsley Ehizibue,RM,Nigeria,0.7,0.88,0.57,0.62,0.69,0.65,0.75,0.87,0.89,0.66,0.57,0.7,0.67,0.76,0.73,0.86,0.67,0.67,0.62,0.65,0.67,0.7,RM,MID,5
Albin Ekdal,CDM,Sweden,0.7,0.37,0.65,0.72,0.67,0.67,0.69,0.4,0.34,0.51,0.55,0.72,0.63,0.7,0.62,0.62,0.67,0.63,0.7,0.69,0.62,0.72,CDM,MID,0
Oussama El Azzouzi,CDM,Morocco,0.7,0.55,0.58,0.64,0.66,0.69,0.67,0.55,0.55,0.61,0.51,0.71,0.66,0.66,0.66,0.67,0.72,0.69,0.66,0.7,0.67,0.7,CDM,MID,0
Farid El Melali,LM,Algeria,0.7,0.71,0.61,0.63,0.77,0.5,0.41,0.74,0.68,0.72,0.9,0.74,0.68,0.38,0.49,0.46,0.54,0.48,0.47,0.52,0.43,0.54,LM,MID,4
Yannik Engelhardt,CDM,Germany,0.7,0.65,0.46,0.65,0.64,0.68,0.73,0.68,0.63,0.64,0.64,0.68,0.68,0.7,0.84,0.69,0.71,0.65,0.68,0.67,0.59,0.57,CDM,MID,0
Yusuf Erdoğan,RM,Turkey,0.7,0.81,0.69,0.66,0.71,0.61,0.64,0.8,0.82,0.79,0.8,0.67,0.66,0.58,0.74,0.68,0.61,0.6,0.62,0.61,0.54,0.77,RM,MID,6
Nené,CM,Portugal,0.7,0.63,0.72,0.66,0.69,0.64,0.79,0.6,0.65,0.69,0.69,0.69,0.75,0.79,0.83,0.74,0.67,0.6,0.62,0.66,0.62,0.8,CM,MID,5
Alieu Fadera,LM,Gambia,0.7,0.82,0.64,0.62,0.74,0.57,0.71,0.83,0.82,0.83,0.78,0.73,0.64,0.69,0.72,0.73,0.62,0.57,0.58,0.49,0.53,0.7,LM,MID,6
Diego Fagundez,LM,Uruguay,0.7,0.74,0.63,0.68,0.74,0.39,0.62,0.75,0.73,0.86,0.8,0.71,0.66,0.59,0.68,0.62,0.49,0.33,0.35,0.3,0.48,0.73,LM,MID,1
Fei Nanduo,RM,China PR,0.7,0.8,0.62,0.65,0.74,0.39,0.63,0.8,0.8,0.81,0.78,0.68,0.69,0.63,0.63,0.63,0.45,0.42,0.32,0.37,0.43,0.67,RM,MID,1
Thiago Fernández,LM,Argentina,0.7,0.8,0.57,0.68,0.74,0.47,0.57,0.82,0.78,0.87,0.83,0.7,0.65,0.53,0.66,0.62,0.51,0.48,0.46,0.44,0.45,0.68,LM,MID,1
Héctor Fertoli,LM,Argentina,0.7,0.8,0.63,0.64,0.71,0.44,0.61,0.8,0.8,0.79,0.77,0.7,0.62,0.59,0.69,0.65,0.45,0.43,0.44,0.38,0.49,0.69,LM,MID,1
Lamine Fomba,CDM,France,0.7,0.67,0.52,0.63,0.71,0.69,0.79,0.64,0.69,0.82,0.72,0.71,0.67,0.8,0.84,0.78,0.7,0.67,0.67,0.7,0.69,0.67,CDM,MID,5
Marlon Fossey,RM,United States,0.7,0.85,0.47,0.64,0.7,0.65,0.71,0.87,0.84,0.84,0.78,0.66,0.67,0.68,0.79,0.9,0.63,0.61,0.63,0.72,0.69,0.42,RM,MID,6
Bartol Franjić,CDM,Croatia,0.7,0.69,0.5,0.62,0.65,0.67,0.75,0.76,0.63,0.58,0.6,0.7,0.69,0.75,0.77,0.82,0.65,0.64,0.67,0.72,0.7,0.64,CDM,MID,0
Jay Fulton,CDM,Scotland,0.7,0.6,0.56,0.64,0.67,0.7,0.74,0.6,0.6,0.69,0.67,0.69,0.66,0.74,0.69,0.74,0.71,0.71,0.68,0.69,0.69,0.66,CDM,MID,0
Samuel Galindo,CM,Bolivia,0.7,0.74,0.68,0.72,0.7,0.49,0.66,0.73,0.75,0.62,0.52,0.74,0.65,0.64,0.69,0.82,0.55,0.45,0.37,0.48,0.77,0.7,CM,MID,1
Damián García,CDM,Uruguay,0.7,0.6,0.61,0.65,0.63,0.71,0.68,0.67,0.55,0.66,0.61,0.68,0.69,0.7,0.7,0.72,0.77,0.65,0.68,0.73,0.67,0.65,CDM,MID,0
Denis Genreau,CM,Australia,0.7,0.6,0.62,0.68,0.69,0.64,0.68,0.66,0.55,0.63,0.7,0.7,0.72,0.63,0.77,0.55,0.69,0.67,0.65,0.67,0.39,0.67,CM,MID,0
Pieter Gerkens,CM,Belgium,0.7,0.52,0.7,0.7,0.68,0.66,0.67,0.59,0.47,0.63,0.71,0.69,0.75,0.56,0.82,0.72,0.64,0.57,0.68,0.67,0.77,0.71,CM,MID,0
Lautaro Giaccone,RM,Argentina,0.7,0.7,0.65,0.67,0.72,0.32,0.46,0.74,0.67,0.73,0.76,0.71,0.66,0.43,0.54,0.48,0.3,0.33,0.33,0.27,0.42,0.63,RM,MID,4
Leonardo Gil,CM,Argentina,0.7,0.59,0.67,0.73,0.7,0.63,0.71,0.61,0.58,0.64,0.71,0.73,0.65,0.69,0.72,0.7,0.66,0.65,0.6,0.58,0.66,0.73,CM,MID,0
Gastón Giménez,CDM,Paraguay,0.7,0.61,0.59,0.67,0.7,0.65,0.8,0.59,0.63,0.66,0.7,0.68,0.66,0.83,0.78,0.74,0.65,0.62,0.64,0.7,0.59,0.73,CDM,MID,0
Daniel Giraldo,CDM,Colombia,0.7,0.73,0.48,0.65,0.62,0.68,0.77,0.71,0.74,0.7,0.71,0.65,0.58,0.8,0.79,0.8,0.68,0.65,0.7,0.7,0.63,0.5,CDM,MID,0
Aníbal Godoy,CDM,Panama,0.7,0.43,0.55,0.65,0.65,0.63,0.75,0.43,0.43,0.61,0.62,0.67,0.65,0.73,0.74,0.59,0.63,0.62,0.67,0.64,0.51,0.73,CDM,MID,0
Andrés Gómez,RM,Colombia,0.7,0.78,0.66,0.63,0.72,0.32,0.58,0.79,0.78,0.78,0.65,0.72,0.72,0.59,0.65,0.64,0.26,0.25,0.33,0.35,0.48,0.62,RM,MID,4
Zeca,CDM,Greece,0.7,0.65,0.58,0.68,0.65,0.71,0.6,0.63,0.66,0.65,0.69,0.65,0.7,0.57,0.57,0.62,0.72,0.71,0.72,0.72,0.58,0.66,CDM,MID,0
Lucas González,CM,Argentina,0.7,0.75,0.58,0.7,0.74,0.61,0.72,0.78,0.72,0.81,0.84,0.73,0.7,0.71,0.71,0.73,0.64,0.62,0.63,0.55,0.53,0.66,CM,MID,5
Anto Grgić,CDM,Switzerland,0.7,0.61,0.68,0.75,0.67,0.64,0.74,0.63,0.6,0.64,0.69,0.72,0.69,0.76,0.79,0.74,0.64,0.58,0.66,0.64,0.61,0.71,CDM,MID,0
Guerrero,LM,Spain,0.7,0.74,0.67,0.67,0.69,0.66,0.72,0.73,0.74,0.7,0.82,0.67,0.66,0.69,0.82,0.75,0.67,0.65,0.65,0.67,0.65,0.67,LM,MID,5
Simon Gustafson,CDM,Sweden,0.7,0.6,0.71,0.73,0.71,0.63,0.76,0.56,0.64,0.69,0.64,0.74,0.72,0.79,0.8,0.73,0.62,0.64,0.65,0.6,0.62,0.77,CDM,MID,5
Kevin Gutiérrez,CDM,Argentina,0.7,0.77,0.6,0.67,0.72,0.63,0.71,0.8,0.74,0.8,0.87,0.73,0.65,0.65,0.81,0.67,0.64,0.64,0.64,0.68,0.47,0.65,CDM,MID,6
Han Kook Young,CDM,Korea Republic,0.7,0.58,0.53,0.67,0.65,0.65,0.74,0.57,0.59,0.6,0.81,0.72,0.61,0.74,0.84,0.68,0.68,0.61,0.63,0.68,0.57,0.63,CDM,MID,0
Ridgeciano Haps,LM,Suriname,0.7,0.81,0.63,0.64,0.71,0.64,0.67,0.78,0.83,0.81,0.82,0.68,0.64,0.61,0.78,0.72,0.66,0.62,0.64,0.65,0.58,0.67,LM,MID,6
Haissem Hassan,RM,France,0.7,0.88,0.61,0.58,0.79,0.26,0.57,0.92,0.85,0.92,0.86,0.75,0.6,0.59,0.61,0.65,0.31,0.25,0.21,0.2,0.4,0.63,RM,MID,4
Ryan Hedges,RM,Wales,0.7,0.79,0.64,0.64,0.71,0.39,0.58,0.77,0.8,0.73,0.68,0.73,0.6,0.58,0.75,0.65,0.41,0.36,0.38,0.35,0.5,0.7,RM,MID,4
Liam Henderson,CM,Scotland,0.7,0.72,0.64,0.68,0.71,0.66,0.78,0.67,0.76,0.8,0.79,0.71,0.72,0.75,0.85,0.71,0.68,0.66,0.7,0.61,0.57,0.72,CM,MID,5
Markus Henriksen,CM,Norway,0.7,0.54,0.66,0.67,0.65,0.7,0.78,0.53,0.54,0.51,0.47,0.7,0.75,0.81,0.82,0.75,0.7,0.64,0.7,0.71,0.69,0.72,CM,MID,0
Onel Hernández,LM,Cuba,0.7,0.84,0.64,0.62,0.73,0.34,0.73,0.85,0.83,0.79,0.83,0.71,0.64,0.75,0.66,0.76,0.38,0.17,0.4,0.17,0.5,0.74,LM,MID,1
Andrew Hjulsager,CAM,Denmark,0.7,0.65,0.68,0.7,0.72,0.62,0.67,0.69,0.62,0.69,0.73,0.73,0.66,0.67,0.63,0.63,0.64,0.62,0.66,0.61,0.49,0.73,CAM,MID,6
Mees Hoedemakers,CDM,Holland,0.7,0.55,0.59,0.69,0.66,0.64,0.73,0.67,0.45,0.64,0.63,0.67,0.66,0.73,0.83,0.66,0.65,0.63,0.65,0.68,0.49,0.75,CDM,MID,0
Duane Holmes,CAM,United States,0.7,0.76,0.65,0.66,0.73,0.61,0.63,0.8,0.73,0.85,0.92,0.7,0.68,0.46,0.8,0.6,0.64,0.57,0.61,0.63,0.52,0.65,CAM,MID,6
Carlo Holse,RM,Denmark,0.7,0.78,0.63,0.66,0.72,0.53,0.66,0.8,0.77,0.88,0.91,0.7,0.65,0.62,0.82,0.61,0.55,0.52,0.54,0.57,0.35,0.64,RM,MID,6
Mathias Honsak,LM,Austria,0.7,0.84,0.63,0.62,0.7,0.5,0.69,0.88,0.81,0.72,0.68,0.72,0.58,0.71,0.67,0.75,0.58,0.51,0.38,0.54,0.49,0.7,LM,MID,1
Jakub Hromada,CDM,Slovakia,0.7,0.69,0.59,0.64,0.68,0.68,0.75,0.69,0.69,0.77,0.74,0.67,0.66,0.72,0.76,0.72,0.7,0.66,0.67,0.7,0.59,0.51,CDM,MID,6
Denis Huseinbašić,CM,Bosnia and Herzegovina,0.7,0.69,0.62,0.64,0.69,0.61,0.71,0.67,0.7,0.68,0.7,0.7,0.7,0.67,0.76,0.65,0.61,0.56,0.64,0.65,0.53,0.61,CM,MID,6
Pablo Ibáñez,CM,Spain,0.7,0.57,0.59,0.66,0.67,0.64,0.57,0.56,0.57,0.61,0.69,0.73,0.7,0.5,0.72,0.53,0.67,0.63,0.64,0.67,0.53,0.53,CM,MID,0
Danley Jean Jacques,CDM,Haiti,0.7,0.69,0.51,0.65,0.67,0.67,0.74,0.68,0.69,0.68,0.68,0.69,0.65,0.73,0.76,0.74,0.71,0.67,0.66,0.65,0.64,0.67,CDM,MID,0
Jeong Jae Hee,RM,Korea Republic,0.7,0.89,0.69,0.59,0.72,0.46,0.68,0.9,0.89,0.87,0.8,0.65,0.67,0.67,0.79,0.69,0.41,0.39,0.48,0.54,0.44,0.72,RM,MID,1
Reinier,CAM,Brazil,0.7,0.67,0.68,0.66,0.76,0.42,0.63,0.7,0.65,0.75,0.69,0.75,0.68,0.64,0.61,0.68,0.45,0.39,0.42,0.31,0.59,0.71,CAM,MID,1
Ísak Bergmann Jóhannesson,CM,Iceland,0.7,0.68,0.6,0.69,0.71,0.63,0.71,0.72,0.65,0.73,0.75,0.74,0.69,0.63,0.87,0.63,0.63,0.63,0.66,0.66,0.45,0.67,CM,MID,6
Lago Júnior,LM,Côte d'Ivoire,0.7,0.85,0.68,0.61,0.71,0.33,0.67,0.85,0.85,0.75,0.63,0.7,0.61,0.74,0.74,0.76,0.13,0.12,0.58,0.29,0.51,0.73,LM,MID,1
José Ángel,CDM,Spain,0.7,0.6,0.61,0.64,0.63,0.64,0.75,0.57,0.62,0.62,0.59,0.7,0.67,0.73,0.86,0.62,0.68,0.69,0.63,0.64,0.48,0.74,CDM,MID,0
Stanko Jurić,CDM,Croatia,0.7,0.64,0.66,0.59,0.66,0.68,0.82,0.64,0.64,0.6,0.6,0.69,0.63,0.86,0.82,0.8,0.7,0.65,0.68,0.67,0.67,0.73,CDM,MID,0
Mohamed Kaba,CDM,France,0.7,0.61,0.52,0.58,0.64,0.66,0.77,0.57,0.65,0.57,0.5,0.7,0.69,0.78,0.78,0.7,0.67,0.65,0.66,0.68,0.58,0.58,CDM,MID,0
Vladyslav Kabaev,LM,Ukraine,0.7,0.77,0.61,0.65,0.73,0.33,0.5,0.76,0.77,0.67,0.82,0.71,0.7,0.41,0.67,0.47,0.31,0.36,0.3,0.38,0.35,0.67,LM,MID,4
Evans Kangwa,LM,Zambia,0.7,0.91,0.67,0.57,0.73,0.38,0.63,0.91,0.91,0.87,0.79,0.7,0.66,0.65,0.68,0.75,0.41,0.26,0.35,0.36,0.54,0.68,LM,MID,1
Jesper Karlström,CDM,Sweden,0.7,0.67,0.54,0.63,0.66,0.69,0.83,0.71,0.63,0.65,0.67,0.66,0.66,0.83,0.9,0.81,0.71,0.66,0.69,0.7,0.62,0.58,CDM,MID,0
Pajtim Kasami,CM,Switzerland,0.7,0.62,0.76,0.67,0.68,0.64,0.87,0.6,0.64,0.63,0.53,0.72,0.7,0.95,0.8,0.81,0.67,0.56,0.59,0.69,0.63,0.84,CM,MID,0
Kai Klefisch,CDM,Germany,0.7,0.63,0.52,0.58,0.64,0.69,0.78,0.65,0.61,0.66,0.65,0.67,0.67,0.78,0.79,0.76,0.71,0.69,0.7,0.66,0.64,0.63,CDM,MID,0
László Kleinheisler,CAM,Hungary,0.7,0.74,0.7,0.68,0.74,0.6,0.74,0.77,0.71,0.83,0.82,0.7,0.7,0.71,0.79,0.67,0.63,0.6,0.64,0.59,0.44,0.82,CAM,MID,5
Jason Knight,CM,Republic of Ireland,0.7,0.69,0.63,0.67,0.71,0.64,0.71,0.7,0.69,0.76,0.78,0.7,0.69,0.63,0.9,0.7,0.66,0.64,0.6,0.69,0.63,0.68,CM,MID,5
Viktor Kovalenko,CM,Ukraine,0.7,0.66,0.69,0.71,0.72,0.57,0.7,0.7,0.63,0.73,0.75,0.74,0.67,0.7,0.78,0.7,0.59,0.55,0.55,0.59,0.59,0.7,CM,MID,5
Yuya Kubo,CM,Japan,0.7,0.7,0.69,0.68,0.71,0.62,0.67,0.71,0.7,0.82,0.76,0.72,0.69,0.6,0.76,0.68,0.66,0.58,0.61,0.64,0.57,0.68,CM,MID,5
Fredy,CM,Angola,0.7,0.81,0.67,0.67,0.74,0.63,0.59,0.8,0.81,0.85,0.82,0.71,0.68,0.51,0.79,0.56,0.64,0.65,0.67,0.65,0.4,0.72,CM,MID,6
Jasmin Kurtić,CDM,Slovenia,0.7,0.45,0.73,0.72,0.68,0.68,0.7,0.5,0.4,0.55,0.68,0.72,0.62,0.75,0.51,0.74,0.68,0.68,0.68,0.68,0.71,0.81,CDM,MID,0
Dereck Kutesa,LM,Switzerland,0.7,0.89,0.63,0.64,0.72,0.4,0.65,0.87,0.91,0.86,0.82,0.7,0.6,0.72,0.7,0.69,0.45,0.34,0.41,0.33,0.37,0.62,LM,MID,1
Larrazabal,RM,Spain,0.7,0.8,0.63,0.65,0.7,0.62,0.74,0.79,0.8,0.79,0.75,0.7,0.73,0.78,0.81,0.74,0.66,0.64,0.6,0.66,0.47,0.73,RM,MID,5
Josh Laurent,CDM,England,0.7,0.77,0.6,0.61,0.68,0.69,0.85,0.75,0.78,0.7,0.64,0.67,0.66,0.84,0.9,0.84,0.7,0.69,0.68,0.68,0.66,0.65,CDM,MID,5
Lazo,LM,Spain,0.7,0.75,0.67,0.7,0.71,0.32,0.55,0.76,0.75,0.77,0.7,0.71,0.65,0.58,0.58,0.58,0.31,0.28,0.37,0.23,0.37,0.73,LM,MID,4
Antoine Leautey,RM,France,0.7,0.9,0.64,0.63,0.71,0.45,0.54,0.91,0.9,0.87,0.81,0.69,0.63,0.46,0.73,0.54,0.48,0.39,0.49,0.45,0.28,0.71,RM,MID,4
Lee Gyu Seong,CDM,Korea Republic,0.7,0.69,0.44,0.61,0.66,0.67,0.75,0.69,0.69,0.74,0.83,0.66,0.66,0.74,0.87,0.62,0.71,0.64,0.69,0.72,0.42,0.56,CDM,MID,6
Lee Soon Min,CM,Korea Republic,0.7,0.68,0.61,0.65,0.69,0.67,0.79,0.71,0.66,0.73,0.81,0.72,0.68,0.76,0.91,0.7,0.71,0.69,0.66,0.72,0.48,0.64,CM,MID,5
Bruno Leyes,CDM,Argentina,0.7,0.73,0.52,0.62,0.69,0.64,0.77,0.73,0.73,0.74,0.82,0.71,0.65,0.72,0.83,0.71,0.65,0.61,0.64,0.67,0.54,0.67,CDM,MID,6
Pablo Lima,CDM,Uruguay,0.7,0.6,0.52,0.71,0.61,0.61,0.73,0.66,0.55,0.58,0.7,0.7,0.7,0.74,0.8,0.66,0.59,0.57,0.67,0.63,0.49,0.6,CDM,MID,0
Luquinhas,CAM,Brazil,0.7,0.79,0.64,0.67,0.75,0.35,0.58,0.81,0.78,0.83,0.9,0.73,0.68,0.56,0.75,0.65,0.35,0.31,0.28,0.38,0.49,0.7,CAM,MID,1
Marcos Lliuya,CAM,Peru,0.7,0.78,0.7,0.66,0.72,0.45,0.62,0.78,0.78,0.82,0.71,0.72,0.62,0.68,0.6,0.61,0.47,0.45,0.49,0.45,0.31,0.75,CAM,MID,1
Stjepan Lončar,CDM,Bosnia and Herzegovina,0.7,0.56,0.66,0.67,0.68,0.65,0.72,0.55,0.57,0.52,0.55,0.7,0.73,0.72,0.74,0.64,0.68,0.58,0.69,0.63,0.54,0.68,CDM,MID,0
Santiago Longo,CDM,Argentina,0.7,0.54,0.48,0.65,0.65,0.69,0.74,0.51,0.56,0.56,0.72,0.65,0.67,0.74,0.73,0.69,0.72,0.7,0.71,0.65,0.65,0.52,CDM,MID,0
Pedro Pereira,RM,Portugal,0.7,0.72,0.54,0.69,0.71,0.69,0.63,0.69,0.74,0.75,0.73,0.72,0.7,0.57,0.76,0.66,0.74,0.7,0.66,0.67,0.62,0.64,RM,MID,6
Julián López,CDM,Argentina,0.7,0.7,0.49,0.64,0.7,0.67,0.69,0.72,0.69,0.76,0.54,0.71,0.64,0.65,0.75,0.69,0.73,0.68,0.67,0.63,0.55,0.55,CDM,MID,6
Pol Lozano,CDM,Spain,0.7,0.71,0.59,0.66,0.67,0.65,0.69,0.72,0.71,0.74,0.75,0.69,0.68,0.63,0.82,0.63,0.68,0.65,0.68,0.67,0.46,0.73,CDM,MID,6
Zinédine Machach,CAM,France,0.7,0.72,0.66,0.67,0.74,0.42,0.79,0.74,0.7,0.74,0.69,0.76,0.6,0.78,0.83,0.78,0.51,0.53,0.2,0.46,0.59,0.67,CAM,MID,1
Yohann Magnin,CDM,France,0.7,0.65,0.57,0.62,0.65,0.67,0.69,0.63,0.66,0.69,0.6,0.68,0.69,0.61,0.82,0.67,0.7,0.68,0.68,0.65,0.62,0.58,CDM,MID,0
Adam Maher,CDM,Holland,0.7,0.61,0.7,0.71,0.73,0.67,0.6,0.62,0.61,0.72,0.76,0.75,0.63,0.55,0.67,0.58,0.72,0.7,0.64,0.7,0.5,0.75,CDM,MID,5
Darian Males,CAM,Switzerland,0.7,0.78,0.65,0.69,0.72,0.36,0.66,0.77,0.79,0.73,0.7,0.73,0.64,0.73,0.73,0.73,0.43,0.42,0.3,0.23,0.51,0.7,CAM,MID,1
Dominik Marczuk,RM,Poland,0.7,0.71,0.63,0.65,0.69,0.57,0.61,0.7,0.71,0.68,0.76,0.7,0.65,0.53,0.8,0.55,0.6,0.57,0.58,0.58,0.45,0.64,RM,MID,6
Matías Marín,CAM,Chile,0.7,0.67,0.65,0.67,0.71,0.27,0.42,0.67,0.67,0.7,0.88,0.71,0.63,0.31,0.63,0.37,0.25,0.3,0.28,0.23,0.31,0.62,CAM,MID,4
Agustín Martegani,CM,Argentina,0.7,0.73,0.67,0.71,0.72,0.58,0.63,0.72,0.74,0.76,0.79,0.73,0.6,0.61,0.77,0.63,0.66,0.65,0.52,0.58,0.49,0.78,CM,MID,6
Andrés Martín,RM,Spain,0.7,0.8,0.69,0.64,0.69,0.27,0.65,0.78,0.81,0.75,0.81,0.69,0.67,0.67,0.68,0.76,0.25,0.22,0.21,0.23,0.63,0.71,RM,MID,1
Braian Martínez,LM,Argentina,0.7,0.82,0.65,0.61,0.75,0.41,0.73,0.83,0.82,0.8,0.86,0.69,0.62,0.76,0.64,0.81,0.4,0.37,0.44,0.33,0.58,0.68,LM,MID,1
Javi Martínez,CM,Spain,0.7,0.65,0.64,0.63,0.71,0.57,0.72,0.63,0.67,0.65,0.66,0.73,0.69,0.7,0.8,0.67,0.61,0.46,0.52,0.65,0.58,0.59,CM,MID,0
Ephron Mason-Clark,LM,England,0.7,0.84,0.66,0.63,0.72,0.29,0.71,0.83,0.84,0.87,0.85,0.68,0.67,0.74,0.7,0.76,0.29,0.23,0.26,0.24,0.53,0.68,LM,MID,1
Ifeanyi Mathew,CM,Nigeria,0.7,0.79,0.66,0.66,0.71,0.66,0.76,0.77,0.8,0.8,0.87,0.7,0.69,0.71,0.9,0.73,0.68,0.63,0.67,0.68,0.52,0.7,CM,MID,5
Ali McCann,CM,Northern Ireland,0.7,0.66,0.59,0.65,0.69,0.7,0.74,0.63,0.68,0.76,0.78,0.69,0.71,0.64,0.86,0.65,0.74,0.74,0.69,0.72,0.56,0.63,CM,MID,5
Jamie McGrath,RM,Republic of Ireland,0.7,0.71,0.69,0.67,0.72,0.58,0.62,0.75,0.68,0.82,0.72,0.7,0.69,0.63,0.78,0.67,0.6,0.57,0.59,0.59,0.52,0.72,RM,MID,6
Juan Ignacio Méndez,CM,Argentina,0.7,0.67,0.63,0.68,0.72,0.67,0.68,0.66,0.68,0.77,0.8,0.71,0.71,0.65,0.7,0.7,0.7,0.71,0.64,0.67,0.66,0.76,CM,MID,5
Alan Minda,RM,Ecuador,0.7,0.84,0.66,0.63,0.72,0.51,0.55,0.82,0.85,0.8,0.75,0.69,0.63,0.5,0.58,0.62,0.55,0.5,0.43,0.6,0.49,0.64,RM,MID,1
Ignacio Miramón,CDM,Argentina,0.7,0.66,0.57,0.62,0.68,0.67,0.74,0.63,0.69,0.72,0.69,0.69,0.65,0.72,0.79,0.63,0.71,0.7,0.68,0.66,0.46,0.61,CDM,MID,6
Koji Miyoshi,RM,Japan,0.7,0.75,0.65,0.68,0.74,0.46,0.49,0.81,0.7,0.94,0.92,0.73,0.66,0.43,0.56,0.5,0.51,0.47,0.44,0.43,0.37,0.63,RM,MID,1
Jayson Molumby,CDM,Republic of Ireland,0.7,0.61,0.53,0.65,0.68,0.64,0.65,0.63,0.6,0.67,0.66,0.71,0.7,0.57,0.74,0.59,0.68,0.63,0.61,0.68,0.52,0.54,CDM,MID,0
Thomas Monconduit,CDM,France,0.7,0.48,0.57,0.67,0.66,0.7,0.74,0.41,0.53,0.62,0.59,0.7,0.67,0.76,0.72,0.68,0.69,0.67,0.71,0.7,0.68,0.68,CDM,MID,0
Giotto Morandi,CAM,Switzerland,0.7,0.77,0.68,0.67,0.71,0.52,0.63,0.78,0.77,0.77,0.71,0.72,0.66,0.66,0.69,0.71,0.5,0.48,0.56,0.48,0.54,0.68,CAM,MID,1
Didier Moreno,CDM,Colombia,0.7,0.68,0.4,0.58,0.62,0.68,0.78,0.68,0.68,0.7,0.71,0.64,0.71,0.78,0.85,0.74,0.62,0.63,0.75,0.75,0.59,0.59,CDM,MID,0
Karlo Muhar,CDM,Croatia,0.7,0.66,0.48,0.55,0.59,0.69,0.88,0.65,0.67,0.65,0.61,0.61,0.66,0.9,0.91,0.8,0.71,0.64,0.69,0.69,0.63,0.64,CDM,MID,0
Damián Musto,CDM,Argentina,0.7,0.4,0.49,0.62,0.59,0.69,0.76,0.33,0.45,0.43,0.55,0.64,0.65,0.81,0.68,0.69,0.71,0.63,0.67,0.7,0.7,0.7,CDM,MID,0
Yahia Nader,CDM,United Arab Emirates,0.7,0.59,0.49,0.6,0.61,0.67,0.77,0.61,0.57,0.54,0.7,0.67,0.65,0.75,0.84,0.7,0.68,0.67,0.68,0.68,0.58,0.7,CDM,MID,0
Ádám Nagy,CM,Hungary,0.7,0.67,0.54,0.7,0.73,0.68,0.64,0.69,0.65,0.83,0.83,0.71,0.71,0.55,0.81,0.61,0.7,0.66,0.69,0.73,0.54,0.58,CM,MID,6
Dieumerci Ndongala,RM,Congo DR,0.7,0.81,0.59,0.64,0.74,0.28,0.42,0.82,0.8,0.89,0.91,0.7,0.68,0.31,0.65,0.51,0.29,0.24,0.21,0.28,0.46,0.59,RM,MID,4
Joe Newell,CM,England,0.7,0.53,0.6,0.71,0.69,0.65,0.76,0.51,0.54,0.61,0.7,0.73,0.65,0.76,0.81,0.67,0.67,0.64,0.65,0.67,0.57,0.66,CM,MID,0
Juan Nieto,CM,Colombia,0.7,0.67,0.62,0.71,0.7,0.59,0.72,0.65,0.68,0.83,0.69,0.72,0.62,0.77,0.76,0.62,0.62,0.47,0.64,0.63,0.38,0.58,CM,MID,6
Dan Nistor,CAM,Romania,0.7,0.63,0.68,0.71,0.7,0.6,0.69,0.61,0.65,0.71,0.74,0.7,0.67,0.6,0.84,0.54,0.61,0.58,0.62,0.62,0.44,0.74,CAM,MID,6
Mathias Normann,CDM,Norway,0.7,0.7,0.62,0.69,0.7,0.66,0.74,0.71,0.69,0.73,0.75,0.69,0.67,0.76,0.73,0.75,0.68,0.64,0.66,0.68,0.56,0.75,CDM,MID,5
Callum O'Dowda,LM,Republic of Ireland,0.7,0.82,0.6,0.65,0.7,0.51,0.65,0.82,0.82,0.8,0.72,0.7,0.67,0.67,0.72,0.75,0.49,0.42,0.55,0.48,0.56,0.64,LM,MID,1
Aiden O'Neill,CDM,Australia,0.7,0.76,0.61,0.65,0.69,0.66,0.78,0.74,0.78,0.79,0.8,0.67,0.68,0.77,0.82,0.77,0.69,0.67,0.64,0.66,0.58,0.67,CDM,MID,5
Braian Ojeda,CDM,Paraguay,0.7,0.67,0.54,0.64,0.72,0.66,0.69,0.72,0.63,0.75,0.79,0.71,0.65,0.61,0.77,0.69,0.69,0.67,0.66,0.65,0.59,0.69,CDM,MID,6
Christian Ordoñez,CDM,Argentina,0.7,0.83,0.45,0.64,0.67,0.65,0.73,0.8,0.85,0.75,0.77,0.68,0.65,0.63,0.93,0.72,0.68,0.7,0.62,0.66,0.55,0.57,CDM,MID,6
Kevin Ortiz,CDM,Argentina,0.7,0.69,0.51,0.61,0.63,0.69,0.73,0.67,0.7,0.59,0.69,0.65,0.65,0.71,0.76,0.7,0.73,0.67,0.7,0.68,0.58,0.55,CDM,MID,0
Amine Oudrhiri,CM,France,0.7,0.69,0.52,0.7,0.72,0.66,0.68,0.67,0.7,0.68,0.72,0.72,0.69,0.67,0.77,0.61,0.68,0.55,0.7,0.71,0.45,0.6,CM,MID,6
Deabeas Owusu-Sekyere,LM,Holland,0.7,0.86,0.63,0.58,0.74,0.25,0.66,0.89,0.83,0.83,0.64,0.7,0.67,0.67,0.78,0.74,0.26,0.19,0.22,0.2,0.51,0.64,LM,MID,4
Kasey Palmer,CAM,Jamaica,0.7,0.64,0.64,0.7,0.73,0.54,0.71,0.66,0.63,0.77,0.77,0.7,0.65,0.78,0.54,0.73,0.63,0.63,0.48,0.44,0.57,0.68,CAM,MID,6
Park Yong Woo,CDM,Korea Republic,0.7,0.58,0.58,0.63,0.61,0.65,0.78,0.64,0.53,0.61,0.53,0.68,0.64,0.82,0.81,0.78,0.62,0.59,0.69,0.69,0.64,0.66,CDM,MID,0
Ben Pearson,CDM,England,0.7,0.57,0.49,0.62,0.67,0.67,0.76,0.64,0.51,0.67,0.78,0.68,0.65,0.72,0.74,0.67,0.69,0.71,0.67,0.67,0.53,0.63,CDM,MID,0
Matías Pellegrini,LM,Argentina,0.7,0.82,0.65,0.63,0.73,0.53,0.61,0.81,0.82,0.8,0.75,0.7,0.67,0.56,0.64,0.67,0.49,0.5,0.61,0.51,0.52,0.71,LM,MID,1
Felipe Peña Biafore,CDM,Argentina,0.7,0.69,0.58,0.66,0.64,0.7,0.71,0.68,0.69,0.67,0.66,0.67,0.69,0.72,0.72,0.76,0.72,0.68,0.7,0.67,0.7,0.72,CDM,MID,0
Luis Perea,CDM,Spain,0.7,0.51,0.55,0.67,0.65,0.66,0.78,0.48,0.53,0.52,0.49,0.7,0.67,0.82,0.79,0.74,0.7,0.64,0.6,0.69,0.7,0.64,CDM,MID,0
Ronald,RM,Brazil,0.7,0.87,0.62,0.58,0.71,0.33,0.53,0.85,0.88,0.71,0.71,0.73,0.72,0.46,0.73,0.62,0.44,0.34,0.23,0.23,0.52,0.73,RM,MID,4
Bruno Almeida,CAM,Portugal,0.7,0.78,0.7,0.66,0.7,0.25,0.44,0.83,0.74,0.83,0.81,0.7,0.61,0.4,0.53,0.49,0.26,0.23,0.21,0.23,0.35,0.65,CAM,MID,4
Patrick Pflücke,LM,Germany,0.7,0.78,0.63,0.68,0.72,0.47,0.52,0.8,0.76,0.85,0.9,0.72,0.65,0.4,0.79,0.46,0.46,0.41,0.55,0.48,0.31,0.65,LM,MID,1
Matt Phillips,LM,Scotland,0.7,0.73,0.68,0.67,0.7,0.43,0.68,0.72,0.73,0.73,0.67,0.7,0.69,0.77,0.59,0.74,0.45,0.34,0.49,0.32,0.54,0.75,LM,MID,1
Charles Pickel,CDM,Congo DR,0.7,0.63,0.57,0.65,0.68,0.65,0.81,0.64,0.62,0.67,0.67,0.68,0.69,0.8,0.92,0.78,0.66,0.59,0.62,0.68,0.7,0.65,CDM,MID,0
Samuel Piette,CDM,Canada,0.7,0.59,0.29,0.56,0.58,0.69,0.78,0.52,0.64,0.64,0.85,0.63,0.64,0.76,0.82,0.71,0.72,0.6,0.7,0.68,0.63,0.49,CDM,MID,0
Ezequiel Piovi,CDM,Argentina,0.7,0.75,0.64,0.66,0.7,0.67,0.71,0.79,0.71,0.8,0.83,0.7,0.7,0.68,0.83,0.73,0.7,0.67,0.65,0.7,0.55,0.69,CDM,MID,5
Robert Piris Da Motta,CDM,Paraguay,0.7,0.61,0.39,0.58,0.62,0.69,0.79,0.64,0.58,0.57,0.68,0.63,0.6,0.8,0.79,0.75,0.7,0.66,0.69,0.71,0.6,0.49,CDM,MID,0
Mauro Pittón,CM,Argentina,0.7,0.78,0.56,0.69,0.7,0.66,0.7,0.75,0.8,0.8,0.7,0.7,0.66,0.59,0.86,0.68,0.71,0.66,0.65,0.64,0.58,0.65,CM,MID,6
Vicente Poggi,CM,Uruguay,0.7,0.76,0.48,0.68,0.73,0.64,0.67,0.8,0.72,0.83,0.82,0.73,0.69,0.64,0.79,0.64,0.66,0.59,0.67,0.68,0.43,0.59,CM,MID,6
Matt Polster,CDM,United States,0.7,0.46,0.46,0.66,0.64,0.65,0.79,0.39,0.52,0.56,0.53,0.65,0.64,0.78,0.88,0.66,0.65,0.63,0.65,0.67,0.62,0.49,CDM,MID,0
Finn Porath,RM,Germany,0.7,0.79,0.62,0.67,0.73,0.62,0.67,0.79,0.79,0.81,0.78,0.7,0.68,0.58,0.79,0.66,0.69,0.63,0.6,0.59,0.5,0.68,RM,MID,6
Adonis Preciado,RM,Ecuador,0.7,0.89,0.55,0.62,0.69,0.49,0.47,0.92,0.87,0.73,0.8,0.63,0.69,0.47,0.58,0.65,0.39,0.35,0.55,0.6,0.5,0.55,RM,MID,4
Arnau Puigmal,RM,Spain,0.7,0.67,0.62,0.71,0.72,0.57,0.51,0.72,0.62,0.79,0.8,0.73,0.68,0.41,0.65,0.5,0.59,0.56,0.57,0.59,0.47,0.65,RM,MID,6
Joe Ralls,CM,England,0.7,0.54,0.65,0.71,0.67,0.65,0.68,0.56,0.52,0.68,0.67,0.71,0.68,0.62,0.74,0.59,0.7,0.67,0.64,0.63,0.5,0.7,CM,MID,0
Ylber Ramadani,CDM,Albania,0.7,0.54,0.58,0.6,0.64,0.68,0.77,0.62,0.47,0.57,0.69,0.65,0.65,0.71,0.95,0.69,0.7,0.65,0.68,0.7,0.58,0.71,CDM,MID,0
Aaron Ramsey,LM,England,0.7,0.73,0.63,0.67,0.72,0.5,0.6,0.76,0.7,0.78,0.74,0.72,0.62,0.59,0.68,0.59,0.57,0.48,0.45,0.51,0.42,0.65,LM,MID,6
Abderrahman Rebbach,LM,Algeria,0.7,0.71,0.7,0.66,0.7,0.36,0.68,0.7,0.72,0.64,0.69,0.72,0.59,0.72,0.63,0.71,0.35,0.37,0.3,0.35,0.55,0.78,LM,MID,1
Bryan Reyna,LM,Peru,0.7,0.88,0.65,0.58,0.75,0.3,0.49,0.84,0.92,0.88,0.73,0.74,0.61,0.41,0.65,0.51,0.32,0.29,0.28,0.25,0.41,0.65,LM,MID,4
Nuno Moreira,RM,Portugal,0.7,0.73,0.66,0.67,0.72,0.33,0.48,0.72,0.74,0.67,0.77,0.73,0.73,0.48,0.62,0.57,0.35,0.3,0.3,0.26,0.5,0.72,RM,MID,4
Baltasar Rodríguez,CAM,Argentina,0.7,0.74,0.6,0.68,0.73,0.52,0.48,0.78,0.71,0.77,0.71,0.73,0.64,0.36,0.57,0.55,0.63,0.62,0.37,0.61,0.39,0.61,CAM,MID,6
Diego Rodríguez,CDM,Uruguay,0.7,0.64,0.56,0.66,0.67,0.67,0.7,0.69,0.6,0.74,0.69,0.71,0.72,0.64,0.78,0.71,0.69,0.7,0.66,0.64,0.67,0.72,CDM,MID,0
Puertas,RM,Spain,0.7,0.75,0.68,0.66,0.69,0.43,0.74,0.74,0.75,0.76,0.71,0.68,0.67,0.75,0.76,0.8,0.39,0.31,0.44,0.41,0.69,0.75,RM,MID,1
Taras Romanczuk,CDM,Poland,0.7,0.58,0.62,0.63,0.62,0.69,0.83,0.64,0.53,0.67,0.62,0.58,0.7,0.82,0.91,0.78,0.68,0.67,0.7,0.7,0.65,0.68,CDM,MID,0
Santiago Romero,CDM,Uruguay,0.7,0.65,0.68,0.66,0.6,0.69,0.71,0.73,0.58,0.7,0.64,0.64,0.73,0.68,0.74,0.76,0.71,0.64,0.66,0.72,0.7,0.75,CDM,MID,0
Loreintz Rosier,CDM,France,0.7,0.61,0.59,0.65,0.66,0.68,0.78,0.58,0.63,0.51,0.47,0.69,0.69,0.81,0.79,0.77,0.73,0.68,0.63,0.65,0.69,0.66,CDM,MID,0
Pablo Ruiz,CDM,Argentina,0.7,0.66,0.59,0.66,0.67,0.68,0.65,0.65,0.67,0.78,0.74,0.68,0.68,0.61,0.75,0.54,0.74,0.73,0.7,0.69,0.39,0.64,CDM,MID,6
Cheikh Sabaly,LM,Senegal,0.7,0.84,0.64,0.64,0.72,0.23,0.43,0.82,0.86,0.9,0.9,0.69,0.57,0.34,0.63,0.53,0.25,0.26,0.16,0.19,0.47,0.66,LM,MID,4
Anton Salétros,CM,Sweden,0.7,0.64,0.63,0.71,0.69,0.63,0.71,0.61,0.66,0.76,0.73,0.7,0.69,0.69,0.85,0.63,0.64,0.59,0.64,0.68,0.5,0.66,CM,MID,6
Braian Samudio,LM,Paraguay,0.7,0.78,0.65,0.63,0.71,0.38,0.69,0.77,0.78,0.76,0.69,0.7,0.69,0.69,0.81,0.86,0.3,0.24,0.37,0.39,0.78,0.7,LM,MID,1
Adrián Sánchez,CM,Argentina,0.7,0.62,0.55,0.68,0.66,0.64,0.71,0.56,0.67,0.59,0.67,0.68,0.7,0.73,0.79,0.65,0.68,0.54,0.66,0.65,0.53,0.54,CM,MID,0
Salvi Sánchez,RM,Spain,0.7,0.85,0.63,0.66,0.71,0.36,0.46,0.84,0.86,0.79,0.81,0.7,0.66,0.33,0.64,0.49,0.36,0.34,0.33,0.36,0.43,0.66,RM,MID,4
Aitor Sanz,CDM,Spain,0.7,0.49,0.64,0.68,0.69,0.67,0.72,0.59,0.41,0.66,0.74,0.68,0.7,0.74,0.72,0.59,0.68,0.67,0.71,0.72,0.42,0.74,CDM,MID,0
Elvis Sarić,CM,Bosnia and Herzegovina,0.7,0.64,0.61,0.69,0.7,0.62,0.72,0.66,0.63,0.71,0.69,0.74,0.7,0.73,0.78,0.71,0.65,0.57,0.59,0.67,0.57,0.65,CM,MID,5
George Saville,CM,Northern Ireland,0.7,0.6,0.66,0.69,0.69,0.68,0.73,0.62,0.59,0.71,0.71,0.7,0.72,0.66,0.85,0.7,0.7,0.64,0.66,0.69,0.67,0.66,CM,MID,0
Ron Schallenberg,CDM,Germany,0.7,0.6,0.49,0.59,0.64,0.69,0.73,0.62,0.58,0.61,0.65,0.68,0.7,0.68,0.81,0.7,0.69,0.64,0.69,0.71,0.66,0.53,CDM,MID,0
Louis Schaub,CAM,Austria,0.7,0.6,0.66,0.7,0.73,0.41,0.66,0.64,0.56,0.82,0.78,0.74,0.67,0.65,0.72,0.65,0.36,0.39,0.45,0.38,0.55,0.65,CAM,MID,1
Ignacio Schor,LM,Argentina,0.7,0.75,0.62,0.67,0.7,0.51,0.64,0.74,0.75,0.76,0.68,0.7,0.65,0.62,0.74,0.67,0.5,0.54,0.55,0.42,0.53,0.65,LM,MID,6
Rasmus Schüller,CDM,Finland,0.7,0.44,0.55,0.63,0.64,0.7,0.73,0.48,0.4,0.69,0.7,0.62,0.69,0.68,0.79,0.63,0.68,0.65,0.76,0.73,0.6,0.63,CDM,MID,0
Léo Scienza,LM,Brazil,0.7,0.79,0.66,0.64,0.75,0.29,0.52,0.82,0.77,0.87,0.83,0.73,0.65,0.48,0.73,0.65,0.27,0.27,0.25,0.25,0.56,0.69,LM,MID,1
Paul Seguin,CM,Germany,0.7,0.63,0.61,0.72,0.69,0.67,0.73,0.64,0.63,0.69,0.65,0.73,0.72,0.69,0.84,0.71,0.66,0.64,0.69,0.69,0.66,0.74,CM,MID,5
Francho Serrano,CM,Spain,0.7,0.7,0.62,0.68,0.7,0.62,0.68,0.67,0.72,0.74,0.74,0.71,0.64,0.65,0.85,0.66,0.68,0.56,0.55,0.68,0.55,0.6,CM,MID,6
Giuseppe Sibilli,CAM,Italy,0.7,0.79,0.69,0.64,0.73,0.34,0.68,0.77,0.8,0.79,0.8,0.73,0.66,0.67,0.77,0.75,0.3,0.27,0.37,0.26,0.6,0.65,CAM,MID,1
Romário Baró,CM,Portugal,0.7,0.71,0.66,0.69,0.72,0.56,0.6,0.73,0.7,0.73,0.73,0.73,0.72,0.6,0.69,0.59,0.62,0.58,0.46,0.65,0.44,0.7,CM,MID,6
Gabriel Silva,RM,Brazil,0.7,0.76,0.67,0.64,0.71,0.27,0.58,0.78,0.75,0.78,0.65,0.72,0.66,0.6,0.66,0.71,0.24,0.23,0.24,0.24,0.57,0.6,RM,MID,4
Aral Şimşir,LM,Turkey,0.7,0.76,0.62,0.65,0.72,0.36,0.6,0.79,0.74,0.83,0.83,0.68,0.64,0.61,0.7,0.61,0.37,0.34,0.35,0.35,0.38,0.63,LM,MID,4
Lassine Sinayoko,RM,Mali,0.7,0.74,0.7,0.62,0.7,0.28,0.7,0.71,0.77,0.59,0.58,0.74,0.69,0.78,0.63,0.81,0.33,0.27,0.15,0.17,0.7,0.7,RM,MID,1
Regan Slater,CM,England,0.7,0.7,0.62,0.68,0.72,0.65,0.69,0.74,0.67,0.81,0.84,0.7,0.69,0.6,0.84,0.69,0.66,0.64,0.65,0.66,0.59,0.64,CM,MID,5
Bartosz Slisz,CM,Poland,0.7,0.7,0.54,0.66,0.67,0.65,0.73,0.7,0.7,0.64,0.71,0.68,0.69,0.65,0.91,0.71,0.66,0.6,0.63,0.72,0.63,0.52,CM,MID,6
Markus Solbakken,CM,Norway,0.7,0.7,0.58,0.68,0.72,0.6,0.7,0.73,0.68,0.72,0.67,0.72,0.7,0.7,0.76,0.68,0.6,0.58,0.62,0.65,0.5,0.67,CM,MID,6
Jacob Sørensen,CDM,Denmark,0.7,0.63,0.55,0.65,0.67,0.68,0.7,0.61,0.65,0.73,0.66,0.69,0.65,0.71,0.75,0.72,0.68,0.65,0.68,0.7,0.66,0.65,CDM,MID,0
Marius Ștefănescu,RM,Romania,0.7,0.9,0.64,0.63,0.7,0.58,0.7,0.9,0.9,0.81,0.81,0.68,0.61,0.67,0.81,0.75,0.58,0.57,0.59,0.57,0.53,0.69,RM,MID,6
Petar Sučić,CM,Croatia,0.7,0.69,0.59,0.69,0.72,0.58,0.71,0.7,0.69,0.72,0.71,0.76,0.7,0.66,0.84,0.64,0.6,0.57,0.59,0.57,0.5,0.64,CM,MID,6
Adrian Șut,CDM,Romania,0.7,0.7,0.62,0.62,0.63,0.69,0.78,0.71,0.7,0.66,0.71,0.62,0.7,0.78,0.81,0.76,0.69,0.66,0.69,0.74,0.58,0.73,CDM,MID,0
Daniel Svensson,CM,Sweden,0.7,0.77,0.5,0.7,0.71,0.66,0.68,0.77,0.77,0.74,0.67,0.72,0.72,0.65,0.76,0.63,0.69,0.68,0.69,0.65,0.44,0.58,CM,MID,6
Williot Swedberg,CM,Sweden,0.7,0.71,0.68,0.66,0.71,0.59,0.6,0.74,0.68,0.84,0.62,0.71,0.68,0.52,0.77,0.66,0.69,0.45,0.51,0.62,0.6,0.64,CM,MID,6
Panagiotis Tachtsidis,CDM,Greece,0.7,0.46,0.61,0.69,0.63,0.66,0.8,0.45,0.47,0.34,0.43,0.7,0.62,0.85,0.73,0.78,0.7,0.67,0.61,0.63,0.73,0.75,CDM,MID,0
Benjamin Tahirović,CDM,Bosnia and Herzegovina,0.7,0.54,0.5,0.65,0.68,0.64,0.72,0.53,0.54,0.58,0.5,0.74,0.66,0.72,0.76,0.63,0.72,0.7,0.58,0.63,0.54,0.66,CDM,MID,0
Sergio Tejera,CDM,Spain,0.7,0.66,0.65,0.69,0.69,0.66,0.76,0.7,0.63,0.73,0.62,0.69,0.66,0.73,0.8,0.72,0.69,0.66,0.63,0.69,0.59,0.74,CDM,MID,5
Renzo Tesuri,RM,Argentina,0.7,0.86,0.63,0.64,0.71,0.42,0.48,0.85,0.87,0.84,0.92,0.7,0.68,0.33,0.73,0.53,0.42,0.39,0.43,0.41,0.45,0.66,RM,MID,4
Timor,CM,Spain,0.7,0.36,0.66,0.71,0.66,0.67,0.77,0.38,0.34,0.44,0.6,0.71,0.65,0.8,0.74,0.65,0.7,0.68,0.67,0.66,0.59,0.82,CM,MID,0
Umut Tohumcu,CAM,Germany,0.7,0.69,0.62,0.68,0.72,0.46,0.53,0.67,0.7,0.77,0.79,0.72,0.7,0.46,0.63,0.46,0.54,0.49,0.47,0.35,0.39,0.65,CAM,MID,4
Santiago Toloza,CAM,Argentina,0.7,0.66,0.69,0.67,0.69,0.49,0.5,0.65,0.66,0.72,0.48,0.71,0.68,0.46,0.56,0.42,0.5,0.49,0.53,0.51,0.26,0.74,CAM,MID,6
Mirko Topić,CDM,Serbia,0.7,0.65,0.48,0.61,0.61,0.71,0.74,0.66,0.64,0.57,0.5,0.66,0.67,0.78,0.65,0.75,0.73,0.72,0.71,0.72,0.61,0.68,CDM,MID,0
Lewis Travis,CDM,England,0.7,0.63,0.59,0.64,0.66,0.67,0.78,0.67,0.6,0.65,0.74,0.67,0.67,0.72,0.86,0.72,0.68,0.68,0.67,0.67,0.6,0.69,CDM,MID,0
Alexis Trouillet,CM,France,0.7,0.63,0.55,0.69,0.74,0.6,0.63,0.66,0.61,0.76,0.78,0.74,0.71,0.61,0.68,0.67,0.63,0.6,0.59,0.59,0.6,0.62,CM,MID,6
Gerard Valentín,RM,Spain,0.7,0.89,0.53,0.59,0.75,0.61,0.72,0.9,0.89,0.91,0.72,0.7,0.61,0.72,0.79,0.71,0.65,0.62,0.63,0.6,0.4,0.51,RM,MID,6
Kévin Van Den Kerkhof,RM,Algeria,0.7,0.82,0.65,0.64,0.68,0.63,0.74,0.82,0.82,0.66,0.57,0.68,0.66,0.75,0.83,0.82,0.64,0.61,0.65,0.62,0.62,0.68,RM,MID,5
Will Vaulks,CDM,Wales,0.7,0.52,0.62,0.66,0.62,0.66,0.76,0.52,0.52,0.62,0.64,0.66,0.66,0.72,0.85,0.68,0.66,0.65,0.69,0.66,0.62,0.7,CDM,MID,0
Stefano Vecchia,LM,Sweden,0.7,0.78,0.72,0.65,0.7,0.36,0.68,0.81,0.75,0.73,0.76,0.69,0.68,0.73,0.71,0.66,0.32,0.26,0.44,0.35,0.34,0.73,LM,MID,1
Stiven Vega,CDM,Colombia,0.7,0.65,0.58,0.67,0.65,0.68,0.71,0.58,0.7,0.69,0.72,0.61,0.68,0.71,0.8,0.68,0.72,0.69,0.65,0.72,0.59,0.68,CDM,MID,0
Carlos Villalba,CDM,Argentina,0.7,0.63,0.51,0.6,0.68,0.68,0.73,0.64,0.62,0.65,0.73,0.68,0.7,0.73,0.8,0.74,0.71,0.64,0.68,0.68,0.67,0.64,CDM,MID,0
Robert Wagner,CM,Germany,0.7,0.63,0.45,0.66,0.71,0.62,0.72,0.69,0.58,0.69,0.71,0.76,0.7,0.7,0.81,0.59,0.66,0.57,0.62,0.67,0.42,0.52,CM,MID,6
Andreas Weimann,CAM,Austria,0.7,0.7,0.72,0.65,0.71,0.45,0.72,0.73,0.68,0.75,0.69,0.7,0.72,0.65,0.85,0.75,0.41,0.34,0.4,0.52,0.69,0.74,CAM,MID,1
Joe Williams,CDM,England,0.7,0.56,0.57,0.66,0.68,0.67,0.67,0.58,0.54,0.63,0.67,0.68,0.65,0.62,0.64,0.6,0.71,0.71,0.68,0.66,0.54,0.63,CDM,MID,0
Willum Þór Willumsson,CAM,Iceland,0.7,0.56,0.68,0.71,0.7,0.53,0.8,0.52,0.6,0.62,0.65,0.69,0.63,0.84,0.9,0.68,0.53,0.56,0.52,0.46,0.7,0.69,CAM,MID,0
Josh Windass,CAM,England,0.7,0.85,0.69,0.66,0.72,0.35,0.65,0.83,0.86,0.84,0.81,0.71,0.68,0.66,0.63,0.77,0.32,0.33,0.3,0.36,0.6,0.72,CAM,MID,1
Lewis Wing,CM,England,0.7,0.58,0.67,0.7,0.7,0.63,0.7,0.6,0.57,0.73,0.7,0.71,0.68,0.66,0.84,0.56,0.67,0.65,0.64,0.62,0.44,0.74,CM,MID,0
Won Du Jae,CDM,Korea Republic,0.7,0.63,0.51,0.62,0.6,0.67,0.8,0.66,0.61,0.61,0.63,0.65,0.6,0.83,0.84,0.79,0.69,0.65,0.63,0.7,0.65,0.64,CDM,MID,0
Gerard Yepes,CDM,Spain,0.7,0.63,0.55,0.67,0.69,0.68,0.5,0.66,0.6,0.7,0.84,0.71,0.68,0.36,0.68,0.49,0.68,0.69,0.71,0.69,0.54,0.62,CDM,MID,6
Mihael Žaper,CDM,Croatia,0.7,0.66,0.52,0.66,0.61,0.69,0.73,0.64,0.68,0.62,0.7,0.63,0.68,0.73,0.74,0.78,0.67,0.61,0.7,0.71,0.72,0.59,CDM,MID,0
Paxten Aaronson,CAM,United States,0.69,0.74,0.61,0.64,0.72,0.45,0.48,0.8,0.69,0.8,0.8,0.72,0.61,0.38,0.61,0.53,0.44,0.49,0.49,0.38,0.49,0.64,CAM,MID,4
Jonás Acevedo,LM,Argentina,0.69,0.72,0.68,0.69,0.69,0.51,0.58,0.73,0.72,0.76,0.84,0.66,0.67,0.58,0.68,0.63,0.48,0.44,0.6,0.48,0.5,0.72,LM,MID,6
Ebou Adams,CDM,Gambia,0.69,0.71,0.58,0.6,0.64,0.67,0.8,0.75,0.68,0.75,0.71,0.65,0.66,0.75,0.86,0.78,0.68,0.65,0.68,0.65,0.63,0.59,CDM,MID,6
Albion Ademi,LM,Albania,0.69,0.82,0.61,0.61,0.74,0.3,0.6,0.81,0.83,0.9,0.72,0.71,0.63,0.57,0.71,0.58,0.29,0.22,0.37,0.26,0.31,0.57,LM,MID,4
Arijan Ademi,CM,North Macedonia,0.69,0.62,0.63,0.62,0.69,0.67,0.74,0.59,0.64,0.6,0.67,0.69,0.7,0.77,0.68,0.79,0.66,0.62,0.66,0.68,0.71,0.69,CM,MID,0
Marc Aguado,CDM,Spain,0.69,0.65,0.54,0.68,0.66,0.66,0.61,0.65,0.65,0.7,0.73,0.68,0.68,0.6,0.67,0.62,0.7,0.68,0.65,0.68,0.52,0.62,CDM,MID,6
Naouirou Ahamada,CM,France,0.69,0.7,0.63,0.66,0.73,0.61,0.62,0.74,0.67,0.75,0.78,0.71,0.7,0.58,0.64,0.67,0.67,0.59,0.55,0.64,0.56,0.72,CM,MID,6
Youssef Aït Bennasser,CDM,Morocco,0.69,0.65,0.62,0.72,0.73,0.65,0.65,0.61,0.69,0.68,0.68,0.76,0.65,0.68,0.61,0.66,0.68,0.67,0.62,0.65,0.58,0.73,CDM,MID,5
Babajide David Akintola,RM,Nigeria,0.69,0.9,0.62,0.58,0.7,0.4,0.66,0.89,0.9,0.86,0.73,0.67,0.62,0.63,0.79,0.76,0.43,0.45,0.3,0.39,0.57,0.7,RM,MID,1
Faride Alidou,RM,Germany,0.69,0.83,0.59,0.6,0.73,0.28,0.61,0.87,0.79,0.7,0.74,0.73,0.55,0.66,0.59,0.76,0.28,0.22,0.28,0.25,0.44,0.63,RM,MID,4
Rasmus Alm,RM,Sweden,0.69,0.83,0.62,0.63,0.71,0.38,0.62,0.84,0.83,0.79,0.81,0.7,0.6,0.6,0.73,0.62,0.37,0.36,0.4,0.37,0.36,0.64,RM,MID,4
Davo,LM,Spain,0.69,0.8,0.69,0.6,0.71,0.36,0.66,0.83,0.77,0.83,0.77,0.7,0.63,0.7,0.73,0.79,0.32,0.34,0.31,0.36,0.61,0.68,LM,MID,1
Skelly Alvero,CDM,France,0.69,0.58,0.52,0.63,0.67,0.64,0.8,0.54,0.62,0.63,0.3,0.69,0.66,0.92,0.67,0.75,0.69,0.64,0.62,0.63,0.59,0.58,CDM,MID,0
Antony,LM,Brazil,0.69,0.88,0.58,0.61,0.7,0.4,0.55,0.89,0.88,0.76,0.62,0.7,0.66,0.56,0.56,0.67,0.45,0.48,0.41,0.23,0.47,0.58,LM,MID,4
Magnus Kofod Andersen,CM,Denmark,0.69,0.69,0.59,0.67,0.71,0.61,0.76,0.74,0.64,0.81,0.81,0.69,0.68,0.74,0.89,0.68,0.64,0.57,0.63,0.65,0.45,0.69,CM,MID,6
Juan Andrada,CDM,Argentina,0.69,0.56,0.51,0.66,0.65,0.63,0.75,0.55,0.57,0.59,0.56,0.7,0.65,0.75,0.74,0.68,0.67,0.58,0.62,0.63,0.58,0.67,CDM,MID,0
Iván Angulo,LM,Colombia,0.69,0.86,0.6,0.61,0.71,0.4,0.53,0.85,0.87,0.76,0.77,0.68,0.67,0.46,0.74,0.6,0.39,0.34,0.41,0.37,0.48,0.68,LM,MID,4
Alexis Antunes,CM,Switzerland,0.69,0.7,0.63,0.66,0.74,0.51,0.65,0.71,0.7,0.75,0.67,0.74,0.67,0.61,0.81,0.58,0.51,0.45,0.5,0.62,0.42,0.65,CM,MID,6
Adil Aouchiche,CAM,France,0.69,0.65,0.63,0.7,0.71,0.56,0.57,0.66,0.65,0.74,0.69,0.72,0.68,0.6,0.59,0.62,0.57,0.52,0.6,0.5,0.54,0.69,CAM,MID,6
César Araújo,CDM,Uruguay,0.69,0.65,0.53,0.56,0.63,0.63,0.7,0.67,0.64,0.62,0.7,0.64,0.75,0.64,0.75,0.56,0.69,0.62,0.63,0.65,0.41,0.64,CDM,MID,6
Blas Armoa,RM,Paraguay,0.69,0.8,0.63,0.63,0.67,0.23,0.57,0.79,0.81,0.74,0.76,0.68,0.66,0.57,0.64,0.6,0.22,0.2,0.18,0.21,0.44,0.47,RM,MID,4
Jasir Asani,RM,Albania,0.69,0.8,0.63,0.64,0.68,0.34,0.6,0.82,0.79,0.79,0.65,0.64,0.64,0.51,0.73,0.57,0.42,0.38,0.26,0.28,0.41,0.66,RM,MID,4
Joel Asoro,RM,Sweden,0.69,0.89,0.65,0.59,0.7,0.21,0.7,0.88,0.89,0.82,0.84,0.67,0.65,0.69,0.78,0.78,0.17,0.2,0.15,0.18,0.56,0.69,RM,MID,1
Gustavo Assunção,CDM,Brazil,0.69,0.64,0.58,0.63,0.7,0.66,0.65,0.66,0.62,0.73,0.7,0.7,0.7,0.58,0.76,0.61,0.7,0.64,0.67,0.67,0.54,0.68,CDM,MID,6
Josepmir Ballón,CDM,Peru,0.69,0.7,0.63,0.66,0.65,0.65,0.76,0.64,0.74,0.73,0.67,0.66,0.64,0.75,0.79,0.71,0.65,0.61,0.65,0.7,0.58,0.72,CDM,MID,0
Tudor Băluță,CDM,Romania,0.69,0.63,0.57,0.67,0.59,0.66,0.75,0.64,0.63,0.65,0.45,0.65,0.67,0.83,0.68,0.78,0.65,0.62,0.68,0.67,0.63,0.74,CDM,MID,0
Funsho Bamgboye,RM,Nigeria,0.69,0.9,0.64,0.6,0.71,0.35,0.69,0.9,0.9,0.86,0.81,0.7,0.64,0.67,0.76,0.68,0.36,0.31,0.39,0.27,0.43,0.68,RM,MID,1
Dani Silva,CM,Portugal,0.69,0.64,0.55,0.67,0.71,0.6,0.68,0.68,0.61,0.74,0.72,0.72,0.66,0.68,0.69,0.58,0.65,0.62,0.57,0.65,0.4,0.64,CM,MID,6
Shandon Baptiste,CM,Grenada,0.69,0.67,0.58,0.67,0.75,0.68,0.65,0.68,0.67,0.72,0.79,0.74,0.7,0.69,0.52,0.71,0.68,0.66,0.7,0.7,0.61,0.6,CM,MID,5
Andrea Barberis,CDM,Italy,0.69,0.64,0.49,0.68,0.69,0.67,0.59,0.7,0.59,0.78,0.74,0.68,0.7,0.5,0.63,0.55,0.7,0.68,0.68,0.71,0.48,0.59,CDM,MID,6
Antonio Bareiro,RM,Paraguay,0.69,0.73,0.55,0.65,0.69,0.33,0.5,0.74,0.72,0.72,0.85,0.66,0.63,0.32,0.83,0.42,0.39,0.35,0.22,0.4,0.36,0.47,RM,MID,4
Filipe Soares,CM,Portugal,0.69,0.66,0.67,0.67,0.71,0.56,0.67,0.67,0.65,0.68,0.67,0.72,0.72,0.67,0.72,0.64,0.59,0.38,0.58,0.6,0.51,0.75,CM,MID,6
Modou Barrow,LM,Gambia,0.69,0.92,0.63,0.6,0.72,0.37,0.57,0.93,0.91,0.9,0.86,0.62,0.62,0.52,0.65,0.65,0.36,0.34,0.28,0.5,0.47,0.62,LM,MID,4
Daniele Baselli,CM,Italy,0.69,0.64,0.68,0.72,0.73,0.66,0.62,0.62,0.65,0.8,0.79,0.72,0.66,0.64,0.53,0.67,0.66,0.65,0.67,0.65,0.61,0.75,CM,MID,5
Amine Bassi,CAM,Morocco,0.69,0.69,0.69,0.69,0.69,0.48,0.63,0.72,0.67,0.76,0.83,0.67,0.64,0.63,0.65,0.7,0.51,0.51,0.41,0.48,0.59,0.7,CAM,MID,6
Tobias Bech,CAM,Denmark,0.69,0.82,0.66,0.65,0.7,0.58,0.69,0.81,0.83,0.73,0.68,0.72,0.66,0.71,0.75,0.81,0.61,0.59,0.55,0.55,0.64,0.7,CAM,MID,5
Ahmad Benali,CM,Libya,0.69,0.76,0.62,0.67,0.73,0.44,0.64,0.85,0.69,0.92,0.9,0.72,0.69,0.59,0.84,0.62,0.46,0.54,0.31,0.58,0.39,0.64,CM,MID,1
Jonathan Benítez,LM,Argentina,0.69,0.8,0.63,0.6,0.71,0.39,0.72,0.81,0.8,0.79,0.65,0.7,0.63,0.77,0.68,0.75,0.34,0.28,0.44,0.39,0.47,0.68,LM,MID,1
Romeo Benítez,LM,Paraguay,0.69,0.85,0.59,0.62,0.72,0.33,0.58,0.86,0.85,0.86,0.74,0.66,0.64,0.57,0.61,0.67,0.34,0.34,0.34,0.2,0.48,0.62,LM,MID,4
Oliver Berg,CAM,Norway,0.69,0.75,0.68,0.64,0.69,0.54,0.79,0.73,0.76,0.76,0.76,0.69,0.69,0.78,0.91,0.76,0.55,0.48,0.51,0.59,0.55,0.72,CAM,MID,5
Valon Berisha,CM,Kosovo,0.69,0.58,0.64,0.71,0.73,0.59,0.73,0.67,0.5,0.79,0.8,0.71,0.67,0.73,0.73,0.68,0.59,0.58,0.63,0.57,0.52,0.7,CM,MID,5
Álex Bermejo,LM,Spain,0.69,0.73,0.69,0.65,0.72,0.53,0.66,0.77,0.7,0.83,0.72,0.7,0.62,0.69,0.73,0.71,0.58,0.56,0.49,0.47,0.54,0.73,LM,MID,6
Bermejo,RM,Spain,0.69,0.79,0.58,0.67,0.73,0.41,0.55,0.76,0.82,0.9,0.78,0.69,0.68,0.58,0.6,0.58,0.45,0.35,0.38,0.46,0.38,0.59,RM,MID,4
Léider Berrío,CM,Colombia,0.69,0.65,0.6,0.7,0.69,0.54,0.57,0.72,0.6,0.7,0.62,0.75,0.59,0.48,0.77,0.58,0.64,0.55,0.49,0.48,0.54,0.62,CM,MID,6
Lucas Besozzi,LM,Argentina,0.69,0.7,0.63,0.64,0.69,0.27,0.5,0.71,0.7,0.66,0.63,0.7,0.63,0.48,0.67,0.49,0.25,0.25,0.29,0.22,0.39,0.64,LM,MID,4
Max Besuschkow,CM,Germany,0.69,0.68,0.61,0.69,0.68,0.66,0.7,0.57,0.77,0.61,0.63,0.71,0.66,0.74,0.67,0.7,0.67,0.67,0.66,0.66,0.62,0.58,CM,MID,0
Augustine Boakye,RM,Ghana,0.69,0.86,0.61,0.59,0.72,0.26,0.54,0.85,0.87,0.85,0.82,0.7,0.62,0.53,0.72,0.58,0.22,0.28,0.32,0.18,0.38,0.6,RM,MID,4
Yann Bodiger,CDM,France,0.69,0.51,0.57,0.66,0.64,0.66,0.73,0.52,0.5,0.54,0.52,0.71,0.67,0.75,0.73,0.69,0.67,0.65,0.67,0.68,0.61,0.67,CDM,MID,0
Christopher Bonsu Baah,RM,Ghana,0.69,0.86,0.63,0.59,0.77,0.29,0.57,0.88,0.85,0.82,0.83,0.75,0.65,0.59,0.64,0.6,0.3,0.24,0.29,0.3,0.29,0.74,RM,MID,4
Josh Bowler,RM,England,0.69,0.73,0.64,0.63,0.74,0.33,0.5,0.78,0.69,0.83,0.8,0.71,0.65,0.46,0.66,0.5,0.38,0.4,0.32,0.24,0.34,0.66,RM,MID,4
Frank Boya,CDM,Cameroon,0.69,0.45,0.58,0.61,0.6,0.66,0.87,0.38,0.51,0.42,0.34,0.65,0.62,0.91,0.83,0.78,0.7,0.64,0.62,0.65,0.73,0.78,CDM,MID,0
Tyler Boyd,LM,United States,0.69,0.85,0.68,0.63,0.72,0.48,0.64,0.85,0.85,0.83,0.86,0.69,0.67,0.62,0.68,0.71,0.48,0.49,0.48,0.47,0.51,0.78,LM,MID,1
Can Bozdoğan,CM,Germany,0.69,0.61,0.66,0.68,0.74,0.62,0.66,0.74,0.51,0.82,0.83,0.72,0.65,0.58,0.8,0.54,0.64,0.61,0.59,0.69,0.49,0.79,CM,MID,6
Domagoj Bradarić,LM,Croatia,0.69,0.74,0.55,0.65,0.69,0.68,0.63,0.76,0.72,0.73,0.72,0.68,0.69,0.58,0.68,0.71,0.69,0.68,0.68,0.69,0.62,0.59,LM,MID,6
Tim Breithaupt,CDM,Germany,0.69,0.49,0.41,0.6,0.59,0.69,0.68,0.47,0.5,0.57,0.41,0.64,0.64,0.71,0.72,0.64,0.69,0.65,0.75,0.66,0.59,0.47,CDM,MID,0
Marco Brescianini,CM,Italy,0.69,0.53,0.64,0.64,0.66,0.63,0.72,0.57,0.49,0.5,0.49,0.72,0.69,0.73,0.71,0.7,0.66,0.59,0.59,0.65,0.62,0.7,CM,MID,0
Mark Brink,CM,Denmark,0.69,0.64,0.56,0.67,0.69,0.62,0.71,0.65,0.64,0.75,0.78,0.71,0.68,0.67,0.9,0.56,0.63,0.59,0.67,0.65,0.4,0.61,CM,MID,6
Benny,CAM,Portugal,0.69,0.73,0.62,0.68,0.7,0.31,0.58,0.74,0.73,0.72,0.71,0.71,0.64,0.62,0.59,0.58,0.29,0.25,0.38,0.25,0.35,0.73,CAM,MID,4
John Buckley,CM,England,0.69,0.72,0.6,0.65,0.71,0.63,0.68,0.8,0.65,0.8,0.82,0.68,0.7,0.62,0.78,0.69,0.64,0.64,0.62,0.7,0.52,0.66,CM,MID,6
Marko Bulat,CM,Croatia,0.69,0.81,0.68,0.75,0.69,0.59,0.64,0.78,0.83,0.77,0.71,0.76,0.58,0.57,0.76,0.71,0.66,0.57,0.56,0.55,0.61,0.86,CM,MID,5
Nelson Cabanillas,LM,Peru,0.69,0.77,0.63,0.66,0.7,0.6,0.64,0.75,0.78,0.77,0.73,0.69,0.73,0.68,0.62,0.71,0.6,0.61,0.62,0.61,0.55,0.67,LM,MID,6
Rodrigo Cabral,LM,Argentina,0.69,0.78,0.6,0.63,0.74,0.29,0.48,0.81,0.75,0.8,0.84,0.73,0.64,0.41,0.66,0.51,0.35,0.46,0.21,0.19,0.42,0.66,LM,MID,4
Alejandro Cabrera,CDM,Argentina,0.69,0.54,0.51,0.63,0.62,0.65,0.73,0.55,0.54,0.61,0.63,0.66,0.59,0.75,0.72,0.68,0.68,0.65,0.61,0.72,0.57,0.59,CDM,MID,0
Horacio Calcaterra,CM,Peru,0.69,0.66,0.66,0.73,0.69,0.59,0.62,0.67,0.65,0.63,0.7,0.7,0.62,0.61,0.69,0.65,0.6,0.56,0.63,0.57,0.55,0.69,CM,MID,6
Giacomo Calò,CDM,Italy,0.69,0.61,0.49,0.63,0.65,0.62,0.72,0.67,0.56,0.57,0.74,0.68,0.7,0.71,0.78,0.67,0.67,0.64,0.57,0.67,0.51,0.58,CDM,MID,0
Allan Campbell,CM,Scotland,0.69,0.69,0.63,0.65,0.69,0.69,0.76,0.7,0.68,0.72,0.8,0.69,0.68,0.72,0.84,0.75,0.7,0.67,0.7,0.69,0.65,0.65,CM,MID,5
Agustín Cardozo,CM,Argentina,0.69,0.68,0.53,0.66,0.69,0.68,0.73,0.67,0.68,0.65,0.73,0.71,0.69,0.72,0.75,0.73,0.7,0.65,0.68,0.67,0.62,0.58,CM,MID,0
Ángel Cardozo Lucena,CM,Paraguay,0.69,0.66,0.55,0.67,0.68,0.67,0.66,0.69,0.63,0.66,0.81,0.71,0.7,0.55,0.82,0.63,0.7,0.65,0.68,0.67,0.57,0.71,CM,MID,6
Graham Carey,CM,Republic of Ireland,0.69,0.76,0.69,0.72,0.71,0.6,0.74,0.8,0.72,0.81,0.75,0.7,0.6,0.71,0.84,0.77,0.57,0.55,0.62,0.65,0.58,0.77,CM,MID,5
Bryan Carrasco,RM,Chile,0.69,0.85,0.64,0.63,0.71,0.42,0.63,0.86,0.85,0.86,0.71,0.69,0.57,0.61,0.65,0.72,0.45,0.39,0.33,0.48,0.53,0.66,RM,MID,1
Wilder Cartagena,CDM,Peru,0.69,0.73,0.54,0.59,0.65,0.66,0.78,0.77,0.7,0.76,0.74,0.68,0.56,0.73,0.8,0.8,0.66,0.65,0.65,0.7,0.65,0.73,CDM,MID,6
Pedro Santos,CM,Portugal,0.69,0.73,0.56,0.67,0.69,0.67,0.7,0.71,0.74,0.75,0.81,0.69,0.64,0.63,0.8,0.64,0.71,0.68,0.72,0.7,0.32,0.61,CM,MID,6
Gonzalo Castellani,CM,Argentina,0.69,0.6,0.64,0.74,0.7,0.55,0.75,0.61,0.6,0.65,0.55,0.73,0.62,0.79,0.61,0.75,0.51,0.44,0.56,0.58,0.65,0.76,CM,MID,0
Nicolás Eduardo Castro,CM,Argentina,0.69,0.65,0.64,0.71,0.69,0.62,0.65,0.67,0.63,0.62,0.68,0.73,0.69,0.69,0.53,0.64,0.68,0.66,0.58,0.63,0.5,0.68,CM,MID,0
Nicolás Castro,CM,Argentina,0.69,0.6,0.7,0.7,0.69,0.51,0.56,0.63,0.58,0.62,0.66,0.74,0.56,0.6,0.65,0.52,0.59,0.52,0.47,0.54,0.35,0.7,CM,MID,6
Juan Ignacio Cavallaro,LM,Argentina,0.69,0.75,0.67,0.65,0.71,0.35,0.64,0.77,0.73,0.81,0.8,0.69,0.64,0.7,0.67,0.68,0.35,0.36,0.27,0.39,0.47,0.72,LM,MID,1
Pablo Ceppelini,CAM,Uruguay,0.69,0.66,0.67,0.75,0.68,0.46,0.6,0.65,0.66,0.71,0.71,0.71,0.57,0.59,0.74,0.63,0.44,0.33,0.41,0.59,0.58,0.73,CAM,MID,6
Giorgi Chakvetadze,CAM,Georgia,0.69,0.71,0.66,0.69,0.71,0.34,0.5,0.72,0.7,0.74,0.71,0.73,0.58,0.63,0.33,0.58,0.41,0.32,0.29,0.3,0.39,0.75,CAM,MID,4
Chapela,LM,Spain,0.69,0.74,0.68,0.65,0.72,0.3,0.49,0.76,0.73,0.72,0.59,0.75,0.64,0.58,0.33,0.72,0.22,0.21,0.29,0.3,0.65,0.68,LM,MID,4
Anastasios Chatzigiovanis,LM,Greece,0.69,0.72,0.64,0.67,0.7,0.36,0.6,0.71,0.73,0.73,0.75,0.71,0.65,0.57,0.63,0.65,0.3,0.33,0.45,0.25,0.55,0.64,LM,MID,4
Xavier Chavalerin,CM,France,0.69,0.55,0.65,0.69,0.69,0.66,0.71,0.54,0.56,0.67,0.72,0.72,0.67,0.68,0.82,0.64,0.68,0.67,0.67,0.67,0.58,0.69,CM,MID,0
Kacper Chodyna,RM,Poland,0.69,0.85,0.62,0.65,0.67,0.59,0.68,0.84,0.85,0.83,0.79,0.66,0.64,0.6,0.89,0.71,0.61,0.6,0.56,0.63,0.54,0.64,RM,MID,6
Choi Kyoung Rok,CM,Korea Republic,0.69,0.64,0.64,0.67,0.74,0.49,0.62,0.8,0.5,0.83,0.86,0.72,0.73,0.58,0.81,0.64,0.54,0.37,0.46,0.52,0.48,0.61,CM,MID,6
Mounir Chouiar,LM,France,0.69,0.75,0.64,0.69,0.7,0.35,0.65,0.76,0.75,0.8,0.76,0.68,0.52,0.68,0.69,0.73,0.39,0.36,0.26,0.32,0.57,0.68,LM,MID,4
Yanis Cimignani,LM,France,0.69,0.73,0.66,0.65,0.71,0.52,0.62,0.72,0.74,0.7,0.74,0.7,0.58,0.64,0.63,0.67,0.6,0.47,0.49,0.48,0.53,0.7,LM,MID,6
Seydouba Cisse,CM,Guinea,0.69,0.6,0.66,0.66,0.66,0.62,0.57,0.64,0.56,0.59,0.7,0.7,0.66,0.46,0.73,0.56,0.7,0.62,0.54,0.65,0.58,0.67,CM,MID,0
Vitinho,CAM,Brazil,0.69,0.72,0.69,0.69,0.73,0.39,0.62,0.73,0.71,0.79,0.73,0.73,0.64,0.71,0.61,0.7,0.44,0.33,0.28,0.45,0.52,0.77,CAM,MID,1
Enis Çokaj,CDM,Albania,0.69,0.68,0.59,0.65,0.68,0.68,0.68,0.68,0.68,0.7,0.73,0.69,0.68,0.64,0.71,0.69,0.69,0.69,0.69,0.67,0.62,0.65,CDM,MID,6
Jack Colback,CDM,England,0.69,0.51,0.58,0.65,0.64,0.68,0.67,0.53,0.5,0.64,0.7,0.67,0.56,0.59,0.69,0.56,0.68,0.62,0.75,0.68,0.52,0.68,CDM,MID,0
Theo Corbeanu,RM,Canada,0.69,0.78,0.58,0.67,0.71,0.47,0.63,0.78,0.78,0.76,0.72,0.7,0.55,0.69,0.7,0.68,0.49,0.45,0.5,0.39,0.49,0.61,RM,MID,6
Marcos Paulo,LM,Portugal,0.69,0.69,0.66,0.67,0.68,0.43,0.53,0.7,0.68,0.68,0.56,0.7,0.55,0.5,0.66,0.64,0.41,0.41,0.45,0.3,0.67,0.69,LM,MID,4
Maurice Cova,CM,Venezuela,0.69,0.7,0.67,0.73,0.69,0.44,0.66,0.68,0.72,0.74,0.69,0.7,0.58,0.67,0.7,0.59,0.55,0.4,0.32,0.47,0.44,0.75,CM,MID,1
Sebastián Cristóforo,CDM,Uruguay,0.69,0.59,0.57,0.66,0.64,0.68,0.63,0.49,0.67,0.69,0.8,0.69,0.68,0.65,0.56,0.65,0.74,0.56,0.62,0.72,0.69,0.68,CDM,MID,0
Mauricio Cuero,RM,Colombia,0.69,0.83,0.67,0.64,0.7,0.28,0.63,0.81,0.84,0.75,0.63,0.68,0.65,0.69,0.72,0.73,0.25,0.24,0.3,0.19,0.53,0.76,RM,MID,4
André Vidigal,LM,Portugal,0.69,0.85,0.64,0.6,0.73,0.28,0.6,0.87,0.84,0.89,0.78,0.7,0.65,0.49,0.73,0.65,0.23,0.17,0.31,0.23,0.54,0.7,LM,MID,4
Olivier Custodio,CM,Switzerland,0.69,0.66,0.5,0.72,0.67,0.64,0.73,0.67,0.66,0.66,0.71,0.68,0.59,0.7,0.9,0.65,0.66,0.64,0.65,0.67,0.52,0.62,CM,MID,0
Willyan,LM,Brazil,0.69,0.86,0.64,0.6,0.72,0.42,0.49,0.86,0.86,0.87,0.87,0.65,0.67,0.34,0.72,0.54,0.48,0.37,0.33,0.46,0.46,0.67,LM,MID,4
Ebrima Darboe,CM,Gambia,0.69,0.62,0.51,0.65,0.68,0.65,0.61,0.7,0.56,0.68,0.79,0.72,0.69,0.5,0.8,0.63,0.66,0.66,0.65,0.66,0.62,0.65,CM,MID,6
Sean Davis,CDM,United States,0.69,0.68,0.55,0.63,0.67,0.68,0.75,0.67,0.68,0.67,0.69,0.7,0.67,0.74,0.84,0.75,0.7,0.61,0.67,0.7,0.68,0.65,CDM,MID,0
Jonathan de Guzmán,CM,Holland,0.69,0.56,0.7,0.71,0.73,0.56,0.64,0.56,0.56,0.7,0.81,0.73,0.67,0.61,0.73,0.67,0.55,0.5,0.55,0.64,0.52,0.77,CM,MID,0
Konrad de la Fuente,LM,United States,0.69,0.78,0.67,0.65,0.73,0.19,0.48,0.8,0.76,0.8,0.82,0.73,0.62,0.56,0.42,0.58,0.22,0.17,0.15,0.13,0.37,0.69,LM,MID,4
De La Hoz,CDM,Spain,0.69,0.48,0.58,0.6,0.64,0.67,0.74,0.44,0.52,0.55,0.71,0.68,0.63,0.72,0.86,0.64,0.7,0.68,0.66,0.66,0.6,0.52,CDM,MID,0
Ciprian Deac,CM,Romania,0.69,0.67,0.66,0.72,0.67,0.57,0.7,0.66,0.68,0.67,0.7,0.68,0.66,0.7,0.76,0.63,0.58,0.59,0.55,0.59,0.49,0.68,CM,MID,6
Alessandro Deiola,CM,Italy,0.69,0.53,0.67,0.64,0.64,0.7,0.77,0.53,0.53,0.64,0.44,0.67,0.71,0.78,0.76,0.73,0.71,0.67,0.67,0.73,0.68,0.78,CM,MID,0
Tom Dele-Bashiru,CM,Nigeria,0.69,0.77,0.65,0.65,0.73,0.62,0.64,0.79,0.75,0.8,0.84,0.71,0.67,0.6,0.77,0.66,0.66,0.61,0.59,0.66,0.48,0.74,CM,MID,6
Siriki Dembélé,LM,Scotland,0.69,0.88,0.65,0.59,0.73,0.28,0.54,0.91,0.85,0.87,0.9,0.72,0.66,0.49,0.69,0.7,0.25,0.26,0.19,0.3,0.6,0.68,LM,MID,1
Youba Diarra,CDM,Mali,0.69,0.69,0.59,0.64,0.67,0.65,0.73,0.71,0.67,0.67,0.76,0.69,0.71,0.73,0.71,0.71,0.69,0.65,0.64,0.66,0.54,0.67,CDM,MID,6
Stéphane Diarra,RM,Côte d'Ivoire,0.69,0.79,0.59,0.65,0.72,0.42,0.47,0.81,0.78,0.84,0.84,0.7,0.61,0.34,0.64,0.45,0.57,0.55,0.24,0.44,0.31,0.56,RM,MID,4
Amadou Diawara,CDM,Guinea,0.69,0.51,0.54,0.65,0.69,0.66,0.68,0.55,0.47,0.7,0.7,0.72,0.67,0.71,0.63,0.63,0.69,0.67,0.65,0.69,0.52,0.66,CDM,MID,0
Franco Díaz,CDM,Argentina,0.69,0.72,0.54,0.65,0.69,0.66,0.72,0.73,0.71,0.75,0.7,0.71,0.66,0.73,0.74,0.72,0.69,0.65,0.66,0.66,0.54,0.57,CDM,MID,6
Assane Dioussé,CDM,Senegal,0.69,0.62,0.47,0.64,0.72,0.66,0.64,0.67,0.57,0.79,0.75,0.72,0.69,0.6,0.7,0.67,0.7,0.67,0.64,0.67,0.6,0.62,CDM,MID,6
Tyrhys Dolan,LM,England,0.69,0.79,0.61,0.63,0.74,0.42,0.54,0.84,0.74,0.92,0.9,0.7,0.65,0.46,0.68,0.59,0.42,0.38,0.4,0.45,0.47,0.6,LM,MID,4
Pius Dorn,CM,Germany,0.69,0.81,0.66,0.67,0.68,0.65,0.64,0.82,0.8,0.71,0.72,0.68,0.66,0.58,0.84,0.72,0.66,0.6,0.64,0.7,0.58,0.65,CM,MID,6
Pablo Roberto,CM,Brazil,0.69,0.71,0.65,0.67,0.72,0.59,0.63,0.73,0.7,0.7,0.63,0.74,0.73,0.63,0.7,0.58,0.65,0.58,0.57,0.63,0.38,0.78,CM,MID,6
Vetle Dragsnes,LM,Norway,0.69,0.81,0.54,0.64,0.65,0.63,0.75,0.8,0.82,0.69,0.66,0.66,0.68,0.75,0.89,0.8,0.63,0.62,0.64,0.63,0.61,0.58,LM,MID,6
Mikkel Duelund,CM,Denmark,0.69,0.74,0.66,0.7,0.73,0.59,0.71,0.75,0.73,0.82,0.8,0.71,0.68,0.67,0.78,0.75,0.57,0.55,0.6,0.61,0.65,0.7,CM,MID,5
Oliver Valaker Edvardsen,LM,Norway,0.69,0.87,0.64,0.58,0.72,0.52,0.75,0.9,0.84,0.89,0.92,0.67,0.63,0.7,0.81,0.9,0.46,0.45,0.56,0.55,0.63,0.64,LM,MID,1
Mo El Hankouri,LM,Morocco,0.69,0.69,0.65,0.64,0.75,0.62,0.62,0.77,0.62,0.8,0.8,0.75,0.66,0.56,0.73,0.57,0.67,0.57,0.65,0.63,0.37,0.71,LM,MID,6
Salvatore Elia,RM,Italy,0.69,0.81,0.67,0.59,0.7,0.56,0.61,0.84,0.79,0.73,0.73,0.67,0.66,0.55,0.77,0.66,0.54,0.56,0.58,0.57,0.49,0.8,RM,MID,6
Úmaro Embaló,LM,Portugal,0.69,0.84,0.62,0.64,0.73,0.35,0.63,0.85,0.84,0.81,0.83,0.7,0.62,0.66,0.62,0.66,0.37,0.34,0.31,0.33,0.42,0.71,LM,MID,1
Kristian Eriksen,CAM,Norway,0.69,0.69,0.67,0.64,0.69,0.43,0.68,0.68,0.7,0.7,0.8,0.69,0.7,0.62,0.82,0.69,0.42,0.42,0.39,0.39,0.64,0.68,CAM,MID,1
Carlos Esparragoza,CM,Colombia,0.69,0.64,0.65,0.65,0.63,0.64,0.73,0.63,0.65,0.6,0.62,0.71,0.65,0.8,0.71,0.74,0.71,0.65,0.55,0.68,0.59,0.49,CM,MID,0
Salvatore Esposito,CM,Italy,0.69,0.62,0.6,0.7,0.66,0.59,0.57,0.6,0.64,0.75,0.77,0.68,0.62,0.48,0.79,0.52,0.6,0.61,0.6,0.61,0.51,0.62,CM,MID,6
Khalil Fayad,CM,Morocco,0.69,0.65,0.59,0.68,0.75,0.63,0.42,0.68,0.62,0.76,0.85,0.74,0.69,0.34,0.45,0.42,0.66,0.63,0.65,0.63,0.44,0.58,CM,MID,6
Aleix Febas,CM,Spain,0.69,0.69,0.62,0.69,0.73,0.62,0.66,0.73,0.66,0.88,0.82,0.7,0.71,0.6,0.76,0.57,0.65,0.64,0.62,0.68,0.36,0.66,CM,MID,6
Mattia Felici,LM,Italy,0.69,0.78,0.62,0.64,0.72,0.46,0.61,0.79,0.78,0.79,0.78,0.71,0.65,0.55,0.69,0.62,0.48,0.46,0.42,0.49,0.45,0.66,LM,MID,1
Tom Fellows,RM,England,0.69,0.83,0.61,0.63,0.7,0.46,0.62,0.84,0.82,0.77,0.77,0.68,0.64,0.63,0.67,0.75,0.52,0.43,0.37,0.44,0.57,0.65,RM,MID,1
Cristian Ferreira,CM,Argentina,0.69,0.75,0.7,0.74,0.73,0.57,0.61,0.73,0.76,0.79,0.75,0.72,0.65,0.59,0.62,0.66,0.59,0.57,0.57,0.55,0.55,0.85,CM,MID,1
Sondre Fet,CM,Norway,0.69,0.69,0.58,0.65,0.69,0.65,0.75,0.71,0.68,0.74,0.68,0.69,0.68,0.72,0.87,0.71,0.67,0.6,0.65,0.68,0.54,0.58,CM,MID,6
Luca Fiordilino,CDM,Italy,0.69,0.78,0.57,0.67,0.7,0.63,0.69,0.79,0.78,0.81,0.81,0.71,0.68,0.64,0.77,0.72,0.66,0.56,0.61,0.69,0.55,0.68,CDM,MID,6
Kian Fitz-Jim,CM,Holland,0.69,0.69,0.56,0.68,0.74,0.62,0.5,0.73,0.65,0.74,0.74,0.75,0.68,0.42,0.54,0.61,0.66,0.6,0.63,0.62,0.5,0.58,CM,MID,6
Florian Flick,CDM,Germany,0.69,0.55,0.49,0.63,0.63,0.65,0.74,0.53,0.57,0.51,0.55,0.7,0.64,0.77,0.75,0.71,0.68,0.61,0.64,0.66,0.63,0.62,CDM,MID,0
Tiago Morais,LM,Portugal,0.69,0.78,0.68,0.6,0.73,0.24,0.5,0.78,0.78,0.85,0.85,0.72,0.7,0.46,0.7,0.63,0.23,0.22,0.22,0.11,0.59,0.68,LM,MID,4
Alan Forrest,LM,Scotland,0.69,0.82,0.64,0.63,0.71,0.46,0.55,0.82,0.82,0.76,0.78,0.67,0.55,0.58,0.67,0.68,0.47,0.44,0.47,0.43,0.52,0.6,LM,MID,4
Amankwah Forson,RM,Ghana,0.69,0.86,0.55,0.65,0.73,0.54,0.5,0.87,0.86,0.85,0.88,0.68,0.61,0.43,0.63,0.57,0.58,0.54,0.53,0.54,0.47,0.58,RM,MID,6
Matheus França,CAM,Brazil,0.69,0.77,0.7,0.61,0.75,0.36,0.65,0.77,0.77,0.84,0.7,0.75,0.63,0.69,0.63,0.73,0.3,0.35,0.4,0.3,0.55,0.69,CAM,MID,1
Diego García,LM,Uruguay,0.69,0.75,0.57,0.69,0.72,0.49,0.46,0.74,0.76,0.78,0.85,0.68,0.63,0.33,0.54,0.51,0.54,0.55,0.45,0.45,0.52,0.6,LM,MID,4
Víctor García,RM,Spain,0.69,0.72,0.66,0.65,0.69,0.5,0.62,0.7,0.73,0.63,0.65,0.72,0.61,0.62,0.72,0.71,0.59,0.45,0.4,0.45,0.68,0.66,RM,MID,6
Andrés García,RM,Spain,0.69,0.74,0.62,0.62,0.71,0.55,0.6,0.76,0.72,0.74,0.58,0.69,0.64,0.61,0.71,0.64,0.55,0.55,0.57,0.55,0.45,0.66,RM,MID,6
Taylor Gardner-Hickman,CM,England,0.69,0.73,0.62,0.68,0.68,0.65,0.62,0.7,0.76,0.61,0.68,0.69,0.67,0.59,0.71,0.62,0.72,0.65,0.6,0.66,0.52,0.71,CM,MID,6
Joe Gelhardt,CAM,England,0.69,0.74,0.68,0.6,0.75,0.29,0.69,0.75,0.73,0.82,0.79,0.73,0.67,0.7,0.71,0.75,0.23,0.18,0.32,0.23,0.61,0.73,CAM,MID,1
Ali Gholizadeh,RM,Iran,0.69,0.72,0.66,0.66,0.7,0.48,0.66,0.74,0.71,0.75,0.75,0.69,0.67,0.66,0.72,0.59,0.55,0.47,0.49,0.43,0.34,0.69,RM,MID,6
Silas Gnaka,CDM,Côte d'Ivoire,0.69,0.65,0.44,0.62,0.69,0.7,0.66,0.7,0.61,0.79,0.75,0.65,0.68,0.6,0.77,0.69,0.71,0.69,0.72,0.71,0.64,0.6,CDM,MID,6
Iván Gómez,CM,Argentina,0.69,0.61,0.61,0.63,0.71,0.68,0.72,0.65,0.57,0.71,0.85,0.72,0.69,0.68,0.79,0.71,0.7,0.69,0.68,0.67,0.65,0.62,CM,MID,0
Franco González,CAM,Uruguay,0.69,0.8,0.64,0.66,0.73,0.36,0.57,0.82,0.79,0.81,0.81,0.75,0.71,0.48,0.75,0.54,0.29,0.33,0.39,0.42,0.37,0.61,CAM,MID,4
Rober,RM,Spain,0.69,0.79,0.64,0.66,0.71,0.26,0.49,0.78,0.79,0.77,0.83,0.69,0.66,0.43,0.58,0.54,0.27,0.26,0.2,0.24,0.49,0.66,RM,MID,4
Peter,RM,Dominican Republic,0.69,0.8,0.62,0.61,0.73,0.37,0.42,0.79,0.8,0.8,0.74,0.74,0.61,0.38,0.59,0.46,0.44,0.42,0.31,0.33,0.33,0.65,RM,MID,4
Fabio González,CDM,Spain,0.69,0.58,0.59,0.62,0.68,0.67,0.68,0.65,0.52,0.65,0.77,0.71,0.62,0.67,0.74,0.7,0.71,0.68,0.66,0.65,0.63,0.62,CDM,MID,0
Sergio González,CDM,Spain,0.69,0.63,0.47,0.62,0.63,0.65,0.77,0.54,0.7,0.6,0.66,0.7,0.67,0.78,0.84,0.73,0.68,0.65,0.63,0.64,0.68,0.59,CDM,MID,0
Kenzo Goudmijn,CM,Holland,0.69,0.77,0.59,0.68,0.74,0.58,0.55,0.78,0.77,0.85,0.81,0.74,0.68,0.44,0.7,0.54,0.61,0.57,0.55,0.63,0.49,0.65,CM,MID,6
Constantin Grameni,CM,Romania,0.69,0.75,0.65,0.68,0.69,0.64,0.71,0.76,0.75,0.8,0.8,0.69,0.68,0.63,0.84,0.69,0.66,0.64,0.64,0.68,0.53,0.73,CM,MID,5
Samuel Grandsir,LM,France,0.69,0.87,0.61,0.64,0.72,0.46,0.65,0.9,0.85,0.9,0.89,0.67,0.66,0.65,0.63,0.75,0.47,0.48,0.44,0.42,0.54,0.68,LM,MID,1
Sam Greenwood,LM,England,0.69,0.71,0.67,0.67,0.69,0.52,0.69,0.72,0.7,0.67,0.63,0.71,0.67,0.66,0.72,0.7,0.59,0.55,0.48,0.46,0.56,0.73,LM,MID,6
Mathias Greve,CM,Denmark,0.69,0.7,0.62,0.69,0.7,0.56,0.72,0.75,0.66,0.67,0.71,0.73,0.7,0.71,0.81,0.7,0.58,0.53,0.57,0.55,0.5,0.65,CM,MID,6
Lukas Grgić,CDM,Austria,0.69,0.67,0.44,0.6,0.62,0.66,0.82,0.64,0.7,0.54,0.62,0.65,0.63,0.83,0.83,0.78,0.67,0.65,0.66,0.67,0.63,0.56,CDM,MID,0
Gabriel Gudiño,RM,Argentina,0.69,0.77,0.66,0.64,0.68,0.57,0.63,0.77,0.77,0.75,0.72,0.65,0.65,0.56,0.76,0.68,0.59,0.6,0.55,0.55,0.57,0.68,RM,MID,6
Parfait Guiagon,RM,Côte d'Ivoire,0.69,0.73,0.64,0.65,0.74,0.26,0.55,0.76,0.7,0.78,0.85,0.7,0.61,0.58,0.63,0.6,0.2,0.22,0.28,0.26,0.44,0.61,RM,MID,4
Giovanni Haag,CDM,France,0.69,0.7,0.33,0.63,0.64,0.65,0.78,0.72,0.69,0.7,0.66,0.65,0.65,0.7,0.91,0.71,0.68,0.63,0.65,0.66,0.57,0.37,CDM,MID,6
Nicolas Haas,CM,Switzerland,0.69,0.76,0.61,0.68,0.71,0.63,0.67,0.73,0.78,0.84,0.82,0.69,0.7,0.64,0.73,0.7,0.62,0.62,0.65,0.65,0.59,0.68,CM,MID,6
Doğucan Haspolat,CDM,Turkey,0.69,0.65,0.55,0.67,0.68,0.64,0.68,0.68,0.63,0.75,0.8,0.67,0.65,0.66,0.74,0.58,0.66,0.64,0.65,0.7,0.44,0.71,CDM,MID,6
Niklas Hauptmann,CM,Germany,0.69,0.67,0.56,0.68,0.73,0.57,0.53,0.61,0.71,0.84,0.83,0.73,0.67,0.34,0.82,0.37,0.62,0.49,0.63,0.56,0.34,0.62,CM,MID,6
Eirik Hestad,RM,Norway,0.69,0.74,0.65,0.64,0.71,0.5,0.64,0.77,0.71,0.75,0.68,0.71,0.62,0.61,0.71,0.65,0.5,0.48,0.51,0.51,0.48,0.63,RM,MID,6
Robin Heußer,CM,Germany,0.69,0.63,0.52,0.68,0.71,0.63,0.75,0.71,0.57,0.85,0.86,0.7,0.69,0.73,0.9,0.67,0.65,0.6,0.66,0.65,0.45,0.55,CM,MID,6
Jack Hinshelwood,CDM,England,0.69,0.63,0.63,0.69,0.69,0.66,0.65,0.67,0.6,0.7,0.72,0.72,0.68,0.62,0.65,0.78,0.68,0.66,0.64,0.66,0.67,0.65,CDM,MID,0
Bongokuhle Hlongwane,RM,South Africa,0.69,0.8,0.67,0.58,0.71,0.49,0.68,0.79,0.81,0.67,0.73,0.69,0.69,0.72,0.74,0.79,0.54,0.45,0.5,0.36,0.63,0.72,RM,MID,1
Kristian Hlynsson,CAM,Iceland,0.69,0.65,0.63,0.65,0.72,0.41,0.5,0.68,0.62,0.74,0.72,0.74,0.67,0.39,0.79,0.52,0.36,0.38,0.45,0.36,0.57,0.67,CAM,MID,4
Gerrit Holtmann,LM,Philippines,0.69,0.86,0.64,0.63,0.68,0.56,0.6,0.87,0.85,0.79,0.71,0.66,0.71,0.65,0.69,0.7,0.57,0.5,0.58,0.58,0.47,0.7,LM,MID,6
Dino Hotić,CAM,Bosnia and Herzegovina,0.69,0.75,0.68,0.71,0.69,0.48,0.71,0.85,0.67,0.78,0.87,0.68,0.67,0.67,0.8,0.7,0.48,0.45,0.43,0.57,0.46,0.72,CAM,MID,1
Johan Hove,CM,Norway,0.69,0.74,0.65,0.68,0.7,0.61,0.7,0.71,0.76,0.83,0.83,0.7,0.65,0.65,0.84,0.69,0.62,0.6,0.63,0.62,0.55,0.65,CM,MID,6
Ajdin Hrustić,CM,Australia,0.69,0.5,0.68,0.72,0.71,0.56,0.66,0.66,0.36,0.75,0.73,0.73,0.66,0.65,0.65,0.63,0.56,0.5,0.57,0.58,0.51,0.74,CM,MID,0
Kastriot Imeri,CM,Switzerland,0.69,0.76,0.72,0.69,0.74,0.57,0.66,0.77,0.76,0.82,0.81,0.72,0.68,0.62,0.71,0.72,0.59,0.57,0.55,0.57,0.59,0.76,CM,MID,1
Bonke Innocent,CDM,Nigeria,0.69,0.71,0.43,0.56,0.67,0.66,0.8,0.76,0.66,0.74,0.79,0.68,0.64,0.81,0.7,0.78,0.7,0.66,0.66,0.68,0.53,0.47,CDM,MID,6
Tim Iroegbunam,CDM,England,0.69,0.65,0.58,0.64,0.68,0.66,0.71,0.66,0.65,0.64,0.64,0.7,0.66,0.72,0.71,0.7,0.69,0.65,0.66,0.65,0.57,0.68,CDM,MID,0
Filip Wojciech Jagiełło,CM,Poland,0.69,0.72,0.7,0.69,0.71,0.53,0.63,0.72,0.72,0.77,0.68,0.72,0.64,0.61,0.74,0.68,0.58,0.57,0.45,0.55,0.55,0.71,CM,MID,6
Ahmed Jahouh,CDM,Morocco,0.69,0.32,0.55,0.71,0.59,0.64,0.81,0.32,0.32,0.48,0.34,0.66,0.59,0.81,0.83,0.68,0.61,0.63,0.65,0.63,0.69,0.71,CDM,MID,0
Dominik Janošek,CAM,Czech Republic,0.69,0.7,0.7,0.69,0.71,0.65,0.74,0.68,0.71,0.68,0.75,0.71,0.69,0.72,0.74,0.73,0.66,0.63,0.62,0.68,0.62,0.77,CAM,MID,5
Victor Jensen,CAM,Denmark,0.69,0.72,0.62,0.65,0.71,0.56,0.66,0.73,0.71,0.73,0.8,0.73,0.67,0.58,0.92,0.61,0.58,0.55,0.57,0.58,0.47,0.64,CAM,MID,6
Jeong Seung Won,CM,Korea Republic,0.69,0.7,0.63,0.66,0.69,0.63,0.75,0.72,0.69,0.78,0.87,0.7,0.7,0.7,0.88,0.65,0.67,0.58,0.6,0.71,0.46,0.7,CM,MID,6
Marko Jevtović,CDM,Serbia,0.69,0.44,0.62,0.61,0.59,0.7,0.77,0.42,0.46,0.54,0.33,0.63,0.67,0.85,0.66,0.77,0.7,0.64,0.7,0.69,0.73,0.74,CDM,MID,0
Stefan Johansen,CM,Norway,0.69,0.6,0.65,0.72,0.68,0.65,0.73,0.56,0.63,0.7,0.74,0.7,0.67,0.7,0.74,0.62,0.67,0.63,0.69,0.65,0.53,0.72,CM,MID,0
Kamil Jóźwiak,RM,Poland,0.69,0.84,0.57,0.61,0.72,0.42,0.64,0.85,0.84,0.85,0.81,0.69,0.62,0.68,0.7,0.66,0.44,0.36,0.47,0.33,0.41,0.64,RM,MID,4
Nordine Kandil,LM,Morocco,0.69,0.7,0.57,0.7,0.71,0.42,0.49,0.69,0.7,0.73,0.8,0.7,0.62,0.36,0.76,0.49,0.45,0.56,0.39,0.28,0.54,0.59,LM,MID,4
Eden Karzev,CDM,Israel,0.69,0.68,0.65,0.63,0.67,0.67,0.72,0.67,0.68,0.66,0.7,0.68,0.65,0.72,0.71,0.65,0.67,0.7,0.67,0.66,0.61,0.78,CDM,MID,0
Yalçın Kayan,CM,Turkey,0.69,0.68,0.68,0.67,0.68,0.64,0.68,0.69,0.68,0.69,0.65,0.67,0.67,0.67,0.73,0.68,0.66,0.64,0.64,0.63,0.58,0.74,CM,MID,6
Luca Kerber,CM,Germany,0.69,0.71,0.57,0.65,0.7,0.67,0.74,0.69,0.72,0.75,0.79,0.69,0.68,0.69,0.87,0.71,0.68,0.65,0.7,0.65,0.62,0.64,CM,MID,5
David Kinsombi,CM,Germany,0.69,0.62,0.66,0.65,0.71,0.63,0.74,0.76,0.51,0.73,0.75,0.72,0.68,0.75,0.74,0.77,0.65,0.64,0.62,0.64,0.59,0.69,CM,MID,5
Bautista Kociubinski,CDM,Argentina,0.69,0.53,0.6,0.67,0.67,0.66,0.66,0.54,0.52,0.5,0.61,0.72,0.65,0.63,0.7,0.58,0.7,0.66,0.65,0.67,0.51,0.72,CDM,MID,0
Koba Leïn Koindredi,CM,France,0.69,0.65,0.7,0.71,0.74,0.58,0.69,0.66,0.65,0.75,0.73,0.78,0.61,0.79,0.65,0.74,0.64,0.54,0.53,0.57,0.59,0.78,CM,MID,5
Peer Koopmeiners,CDM,Holland,0.69,0.68,0.42,0.67,0.62,0.66,0.74,0.65,0.7,0.64,0.6,0.66,0.67,0.73,0.8,0.72,0.7,0.64,0.67,0.61,0.6,0.56,CDM,MID,0
Georgi Kostadinov,CDM,Bulgaria,0.69,0.64,0.55,0.59,0.59,0.68,0.72,0.62,0.65,0.55,0.64,0.62,0.68,0.72,0.73,0.71,0.71,0.69,0.68,0.68,0.6,0.73,CDM,MID,0
Dominik Kother,LM,Germany,0.69,0.84,0.61,0.6,0.71,0.21,0.54,0.87,0.81,0.85,0.72,0.68,0.65,0.48,0.83,0.61,0.16,0.18,0.21,0.19,0.46,0.58,LM,MID,4
Patryk Kun,LM,Poland,0.69,0.91,0.48,0.64,0.71,0.59,0.56,0.91,0.91,0.91,0.93,0.67,0.62,0.34,0.84,0.58,0.58,0.57,0.62,0.63,0.51,0.51,LM,MID,6
Roman Květ,CM,Czech Republic,0.69,0.72,0.72,0.7,0.7,0.58,0.73,0.73,0.72,0.71,0.56,0.71,0.71,0.76,0.77,0.71,0.59,0.56,0.58,0.62,0.49,0.8,CM,MID,5
Łukasz Łakomy,CDM,Poland,0.69,0.67,0.55,0.61,0.65,0.65,0.73,0.67,0.67,0.58,0.65,0.68,0.62,0.72,0.82,0.61,0.68,0.65,0.68,0.65,0.44,0.67,CDM,MID,0
Théo Le Bris,LM,France,0.69,0.64,0.51,0.7,0.7,0.63,0.52,0.65,0.63,0.62,0.93,0.72,0.72,0.38,0.67,0.54,0.67,0.65,0.57,0.63,0.64,0.6,LM,MID,6
Lee Myung Joo,CM,Korea Republic,0.69,0.68,0.61,0.67,0.69,0.6,0.72,0.69,0.67,0.79,0.71,0.72,0.63,0.72,0.76,0.73,0.62,0.51,0.58,0.66,0.6,0.64,CM,MID,6
Nahuel Leiva,LM,Spain,0.69,0.86,0.65,0.66,0.69,0.49,0.6,0.85,0.87,0.83,0.82,0.68,0.62,0.58,0.71,0.63,0.56,0.48,0.38,0.58,0.44,0.71,LM,MID,1
Marc Leonard,CM,Scotland,0.69,0.71,0.6,0.67,0.68,0.63,0.67,0.72,0.7,0.66,0.75,0.68,0.67,0.55,0.87,0.62,0.65,0.64,0.63,0.67,0.51,0.6,CM,MID,6
Mehdi Léris,RM,Algeria,0.69,0.66,0.64,0.65,0.69,0.61,0.73,0.63,0.69,0.62,0.58,0.7,0.68,0.74,0.72,0.73,0.6,0.62,0.6,0.62,0.64,0.64,RM,MID,0
Léo Leroy,CM,France,0.69,0.53,0.56,0.69,0.69,0.61,0.66,0.51,0.55,0.61,0.61,0.72,0.65,0.67,0.72,0.62,0.63,0.6,0.61,0.63,0.56,0.68,CM,MID,0
Dimitris Limnios,LM,Greece,0.69,0.74,0.66,0.64,0.72,0.39,0.58,0.78,0.7,0.77,0.79,0.71,0.66,0.55,0.68,0.68,0.39,0.35,0.43,0.26,0.56,0.69,LM,MID,1
Krisztián Lisztes,CAM,Hungary,0.69,0.73,0.68,0.62,0.7,0.42,0.64,0.76,0.71,0.72,0.63,0.7,0.68,0.6,0.65,0.7,0.45,0.47,0.38,0.34,0.57,0.69,CAM,MID,1
Javi Llabrés,LM,Spain,0.69,0.8,0.6,0.62,0.7,0.32,0.49,0.82,0.79,0.86,0.83,0.7,0.62,0.43,0.77,0.5,0.34,0.32,0.28,0.32,0.37,0.59,LM,MID,4
Joseph Lopy,CDM,Senegal,0.69,0.7,0.63,0.62,0.66,0.65,0.79,0.72,0.68,0.77,0.63,0.67,0.67,0.8,0.87,0.81,0.67,0.64,0.61,0.69,0.65,0.62,CDM,MID,0
Francis Mac Allister,CDM,Argentina,0.69,0.63,0.43,0.62,0.65,0.69,0.64,0.64,0.63,0.62,0.74,0.67,0.63,0.65,0.56,0.66,0.72,0.71,0.69,0.68,0.57,0.59,CDM,MID,0
Žan Majer,CM,Slovenia,0.69,0.62,0.62,0.69,0.71,0.6,0.7,0.67,0.58,0.72,0.72,0.7,0.67,0.67,0.78,0.68,0.58,0.56,0.64,0.6,0.58,0.67,CM,MID,0
Kenneth Mamah,RM,Nigeria,0.69,0.82,0.63,0.65,0.67,0.33,0.65,0.79,0.84,0.78,0.71,0.63,0.64,0.74,0.72,0.78,0.31,0.26,0.35,0.24,0.58,0.62,RM,MID,4
Thomas Mangani,CM,France,0.69,0.35,0.64,0.69,0.66,0.66,0.72,0.37,0.34,0.63,0.57,0.7,0.67,0.71,0.8,0.62,0.66,0.62,0.67,0.68,0.6,0.67,CM,MID,0
Vincent Marchetti,CM,France,0.69,0.65,0.55,0.68,0.69,0.67,0.71,0.66,0.65,0.76,0.68,0.7,0.7,0.7,0.77,0.71,0.7,0.68,0.66,0.67,0.62,0.63,CM,MID,0
Filip Marchwiński,CAM,Poland,0.69,0.67,0.65,0.65,0.7,0.4,0.64,0.65,0.69,0.78,0.62,0.7,0.66,0.59,0.83,0.68,0.38,0.34,0.33,0.42,0.68,0.66,CAM,MID,1
Teto,RM,Spain,0.69,0.69,0.59,0.66,0.69,0.58,0.66,0.72,0.66,0.72,0.74,0.72,0.65,0.61,0.74,0.68,0.6,0.64,0.55,0.59,0.56,0.7,RM,MID,6
Hugo Martínez,CDM,Paraguay,0.69,0.67,0.48,0.62,0.67,0.64,0.65,0.72,0.62,0.62,0.8,0.72,0.68,0.63,0.81,0.6,0.65,0.63,0.64,0.72,0.44,0.63,CDM,MID,6
Franco Mastantuono,CAM,Argentina,0.69,0.75,0.62,0.67,0.72,0.48,0.63,0.8,0.71,0.82,0.84,0.71,0.63,0.66,0.61,0.67,0.5,0.47,0.48,0.45,0.45,0.64,CAM,MID,1
Walter Mazzantti,RM,Argentina,0.69,0.91,0.65,0.57,0.71,0.21,0.63,0.91,0.91,0.85,0.76,0.67,0.64,0.67,0.78,0.78,0.14,0.14,0.21,0.15,0.57,0.64,RM,MID,4
Luke McCowan,CM,Scotland,0.69,0.75,0.7,0.7,0.73,0.57,0.62,0.8,0.7,0.85,0.8,0.7,0.69,0.54,0.74,0.65,0.56,0.53,0.59,0.61,0.54,0.73,CM,MID,6
Ringo Meerveld,CAM,Holland,0.69,0.67,0.65,0.67,0.71,0.51,0.58,0.66,0.68,0.66,0.7,0.74,0.66,0.58,0.62,0.61,0.48,0.52,0.51,0.52,0.54,0.69,CAM,MID,6
Hannibal,CM,Tunisia,0.69,0.73,0.6,0.7,0.7,0.64,0.75,0.72,0.74,0.76,0.74,0.68,0.7,0.68,0.78,0.68,0.68,0.67,0.64,0.64,0.53,0.68,CM,MID,5
Nacho Méndez,CM,Spain,0.69,0.71,0.69,0.7,0.7,0.61,0.7,0.73,0.69,0.83,0.82,0.7,0.64,0.71,0.74,0.64,0.67,0.62,0.59,0.64,0.44,0.7,CM,MID,6
Connor Metcalfe,CM,Australia,0.69,0.76,0.6,0.66,0.7,0.62,0.76,0.75,0.77,0.73,0.76,0.7,0.71,0.76,0.78,0.76,0.62,0.58,0.61,0.67,0.55,0.63,CM,MID,5
Sota Mino,CDM,Japan,0.69,0.65,0.51,0.59,0.6,0.65,0.8,0.65,0.65,0.61,0.61,0.6,0.65,0.75,0.9,0.71,0.69,0.65,0.63,0.68,0.57,0.62,CDM,MID,0
Anuar,CM,Morocco,0.69,0.78,0.63,0.64,0.7,0.65,0.68,0.79,0.77,0.85,0.85,0.66,0.73,0.59,0.88,0.7,0.67,0.59,0.62,0.72,0.58,0.62,CM,MID,6
Salvatore Molina,RM,Italy,0.69,0.75,0.57,0.66,0.72,0.62,0.66,0.68,0.81,0.82,0.81,0.72,0.65,0.65,0.74,0.67,0.63,0.61,0.66,0.57,0.58,0.63,RM,MID,6
Diego Moreno,CDM,Colombia,0.69,0.65,0.68,0.63,0.65,0.64,0.72,0.63,0.66,0.67,0.69,0.69,0.7,0.75,0.74,0.68,0.67,0.64,0.65,0.65,0.54,0.73,CDM,MID,0
Joaquín Mosqueira,CDM,Argentina,0.69,0.69,0.55,0.67,0.67,0.64,0.68,0.71,0.67,0.7,0.72,0.68,0.67,0.58,0.75,0.71,0.69,0.73,0.59,0.59,0.69,0.78,CDM,MID,6
Andreas Müller,CDM,Germany,0.69,0.67,0.59,0.69,0.69,0.65,0.59,0.71,0.63,0.82,0.9,0.67,0.66,0.45,0.77,0.59,0.69,0.67,0.64,0.64,0.58,0.6,CDM,MID,6
Radosław Murawski,CDM,Poland,0.69,0.76,0.58,0.65,0.68,0.64,0.73,0.8,0.73,0.82,0.81,0.66,0.67,0.6,0.9,0.72,0.65,0.64,0.63,0.67,0.59,0.65,CDM,MID,6
Nam Tae Hee,RM,Korea Republic,0.69,0.74,0.63,0.66,0.68,0.47,0.62,0.73,0.74,0.64,0.76,0.66,0.75,0.6,0.69,0.68,0.51,0.43,0.38,0.49,0.57,0.66,RM,MID,6
Yehor Nazaryna,CM,Ukraine,0.69,0.69,0.59,0.67,0.72,0.64,0.64,0.67,0.7,0.73,0.66,0.72,0.69,0.65,0.69,0.67,0.62,0.58,0.67,0.69,0.57,0.64,CM,MID,6
Rassoul Ndiaye,CDM,Senegal,0.69,0.71,0.53,0.64,0.68,0.65,0.71,0.74,0.68,0.74,0.77,0.7,0.68,0.7,0.76,0.75,0.66,0.64,0.64,0.65,0.63,0.59,CDM,MID,6
Cher Ndour,CM,Italy,0.69,0.55,0.62,0.69,0.69,0.58,0.7,0.49,0.6,0.57,0.48,0.73,0.7,0.8,0.57,0.7,0.59,0.56,0.55,0.58,0.61,0.74,CM,MID,0
Sivert Heltne Nilsen,CDM,Norway,0.69,0.44,0.56,0.62,0.62,0.66,0.78,0.41,0.46,0.48,0.7,0.64,0.69,0.76,0.82,0.68,0.63,0.6,0.7,0.66,0.69,0.62,CDM,MID,0
Noguera,CAM,Spain,0.69,0.69,0.64,0.68,0.71,0.58,0.53,0.66,0.71,0.71,0.76,0.71,0.65,0.5,0.62,0.5,0.65,0.47,0.56,0.64,0.43,0.59,CAM,MID,6
Nolaskoain,CDM,Spain,0.69,0.49,0.59,0.63,0.66,0.69,0.71,0.51,0.47,0.65,0.55,0.68,0.62,0.78,0.62,0.73,0.71,0.66,0.68,0.68,0.7,0.55,CDM,MID,0
Hugo Novoa,RM,Spain,0.69,0.87,0.68,0.55,0.73,0.5,0.53,0.84,0.9,0.8,0.75,0.73,0.67,0.54,0.59,0.72,0.53,0.44,0.45,0.49,0.64,0.66,RM,MID,1
Bartosz Nowak,CAM,Poland,0.69,0.6,0.69,0.69,0.7,0.43,0.69,0.67,0.55,0.71,0.64,0.72,0.66,0.67,0.9,0.58,0.42,0.38,0.41,0.47,0.44,0.7,CAM,MID,6
Agustín Ocampo,LM,Uruguay,0.69,0.75,0.69,0.66,0.69,0.43,0.66,0.72,0.77,0.72,0.7,0.68,0.65,0.7,0.64,0.72,0.28,0.26,0.55,0.5,0.58,0.67,LM,MID,1
Dani Ojeda,LM,Spain,0.69,0.73,0.66,0.63,0.71,0.41,0.67,0.74,0.73,0.8,0.72,0.71,0.71,0.73,0.75,0.74,0.38,0.34,0.37,0.48,0.56,0.64,LM,MID,1
Jeppe Okkels,LM,Denmark,0.69,0.82,0.61,0.64,0.69,0.37,0.64,0.83,0.82,0.81,0.78,0.67,0.63,0.63,0.7,0.64,0.34,0.45,0.35,0.4,0.4,0.61,LM,MID,4
Christian Oliva,CDM,Uruguay,0.69,0.53,0.59,0.65,0.67,0.66,0.67,0.54,0.53,0.7,0.59,0.71,0.7,0.67,0.6,0.64,0.7,0.66,0.67,0.64,0.59,0.73,CDM,MID,0
Ricardinho,LM,Portugal,0.69,0.69,0.65,0.65,0.69,0.39,0.55,0.66,0.71,0.66,0.69,0.71,0.68,0.58,0.55,0.53,0.36,0.43,0.5,0.26,0.4,0.66,LM,MID,4
Ontiveros,LM,Spain,0.69,0.59,0.69,0.73,0.69,0.35,0.52,0.59,0.59,0.57,0.73,0.72,0.58,0.56,0.53,0.47,0.32,0.27,0.41,0.36,0.32,0.69,LM,MID,4
Michael Ortega,CAM,Colombia,0.69,0.6,0.65,0.7,0.71,0.36,0.58,0.65,0.56,0.64,0.82,0.71,0.64,0.64,0.67,0.63,0.35,0.29,0.28,0.43,0.53,0.68,CAM,MID,4
Ulises Ortegoza,CM,Argentina,0.69,0.68,0.6,0.68,0.71,0.63,0.58,0.68,0.68,0.69,0.66,0.73,0.66,0.57,0.54,0.57,0.64,0.62,0.67,0.63,0.47,0.54,CM,MID,6
Assan Ouédraogo,CAM,Germany,0.69,0.77,0.56,0.6,0.76,0.45,0.69,0.78,0.77,0.84,0.76,0.74,0.64,0.76,0.67,0.81,0.46,0.41,0.41,0.46,0.6,0.58,CAM,MID,1
Marlon Pack,CDM,England,0.69,0.43,0.62,0.69,0.66,0.65,0.75,0.47,0.4,0.66,0.63,0.69,0.65,0.75,0.74,0.68,0.65,0.61,0.67,0.65,0.64,0.71,CDM,MID,0
Simone Pafundi,CAM,Italy,0.69,0.77,0.65,0.67,0.76,0.46,0.53,0.83,0.72,0.87,0.94,0.76,0.57,0.42,0.66,0.61,0.39,0.36,0.47,0.55,0.55,0.73,CAM,MID,1
Paik Sung Dong,LM,Korea Republic,0.69,0.79,0.6,0.65,0.7,0.41,0.6,0.84,0.75,0.81,0.82,0.66,0.61,0.61,0.77,0.68,0.37,0.32,0.37,0.56,0.46,0.64,LM,MID,4
Matías Palacios,CAM,Argentina,0.69,0.67,0.6,0.7,0.71,0.46,0.48,0.71,0.64,0.77,0.82,0.71,0.61,0.45,0.6,0.53,0.51,0.44,0.47,0.38,0.48,0.6,CAM,MID,4
Cristhian Paredes,CDM,Paraguay,0.69,0.68,0.63,0.65,0.64,0.65,0.72,0.67,0.69,0.68,0.63,0.65,0.69,0.7,0.74,0.73,0.66,0.66,0.64,0.63,0.68,0.69,CDM,MID,0
Nico Paz,CAM,Argentina,0.69,0.66,0.63,0.66,0.7,0.49,0.6,0.68,0.65,0.68,0.61,0.72,0.67,0.66,0.64,0.58,0.61,0.44,0.35,0.58,0.43,0.59,CAM,MID,6
Óscar Perea,LM,Colombia,0.69,0.82,0.57,0.59,0.74,0.27,0.62,0.84,0.8,0.75,0.78,0.74,0.64,0.7,0.58,0.7,0.31,0.24,0.22,0.2,0.46,0.58,LM,MID,4
Juan Carlos Pereira,CM,Colombia,0.69,0.75,0.68,0.66,0.72,0.64,0.76,0.77,0.74,0.71,0.67,0.75,0.58,0.81,0.8,0.8,0.7,0.65,0.61,0.62,0.55,0.8,CM,MID,5
Danny Pérez,LM,Venezuela,0.69,0.83,0.67,0.64,0.7,0.36,0.64,0.79,0.86,0.83,0.62,0.67,0.6,0.64,0.75,0.73,0.34,0.31,0.33,0.32,0.59,0.65,LM,MID,4
Fafà Picault,LM,Haiti,0.69,0.87,0.65,0.62,0.71,0.4,0.49,0.9,0.85,0.78,0.81,0.66,0.64,0.36,0.62,0.73,0.25,0.26,0.49,0.42,0.63,0.71,LM,MID,4
Florian Pick,RM,Germany,0.69,0.77,0.61,0.61,0.74,0.29,0.5,0.86,0.69,0.84,0.81,0.72,0.62,0.47,0.68,0.57,0.27,0.26,0.22,0.38,0.44,0.6,RM,MID,4
Srđan Plavšić,LM,Serbia,0.69,0.83,0.64,0.64,0.71,0.53,0.66,0.84,0.83,0.85,0.85,0.68,0.6,0.58,0.73,0.71,0.56,0.52,0.48,0.53,0.55,0.72,LM,MID,1
Ole Pohlmann,CM,Germany,0.69,0.71,0.63,0.69,0.73,0.52,0.7,0.76,0.67,0.75,0.74,0.72,0.7,0.72,0.77,0.83,0.54,0.48,0.45,0.58,0.56,0.63,CM,MID,6
Kwame Poku,RM,Ghana,0.69,0.85,0.63,0.63,0.72,0.44,0.5,0.89,0.82,0.9,0.84,0.68,0.63,0.45,0.71,0.54,0.49,0.4,0.44,0.42,0.33,0.63,RM,MID,4
Łukasz Poręba,CM,Poland,0.69,0.66,0.53,0.65,0.67,0.68,0.71,0.68,0.65,0.72,0.75,0.71,0.71,0.72,0.77,0.71,0.69,0.64,0.68,0.71,0.59,0.58,CM,MID,0
Manolo Portanova,CM,Italy,0.69,0.74,0.63,0.69,0.71,0.54,0.63,0.71,0.77,0.62,0.6,0.74,0.65,0.67,0.6,0.67,0.59,0.54,0.49,0.56,0.52,0.7,CM,MID,6
Ian Poveda,RM,Colombia,0.69,0.76,0.56,0.6,0.74,0.33,0.54,0.84,0.7,0.82,0.88,0.72,0.66,0.56,0.6,0.57,0.36,0.31,0.35,0.27,0.27,0.54,RM,MID,4
Dominik Prokop,LM,Austria,0.69,0.89,0.61,0.64,0.72,0.4,0.61,0.92,0.87,0.88,0.87,0.69,0.6,0.55,0.72,0.7,0.4,0.39,0.34,0.44,0.5,0.62,LM,MID,1
Rokas Pukštas,CM,United States,0.69,0.68,0.66,0.62,0.71,0.61,0.69,0.69,0.68,0.77,0.82,0.72,0.75,0.62,0.83,0.79,0.59,0.57,0.62,0.57,0.77,0.65,CM,MID,5
Quiles,LM,Spain,0.69,0.68,0.68,0.62,0.68,0.31,0.63,0.65,0.7,0.6,0.58,0.7,0.73,0.61,0.65,0.77,0.25,0.27,0.28,0.22,0.78,0.6,LM,MID,4
Jhonny Quiñónez,CDM,Ecuador,0.69,0.81,0.61,0.65,0.7,0.63,0.74,0.82,0.8,0.72,0.72,0.72,0.61,0.74,0.82,0.79,0.67,0.68,0.62,0.6,0.58,0.67,CDM,MID,5
Yanis Rahmani,LM,France,0.69,0.82,0.68,0.62,0.73,0.31,0.59,0.83,0.81,0.85,0.73,0.71,0.7,0.61,0.58,0.7,0.31,0.36,0.27,0.24,0.5,0.75,LM,MID,1
Erdal Rakip,CDM,North Macedonia,0.69,0.68,0.59,0.63,0.69,0.65,0.73,0.72,0.65,0.8,0.82,0.67,0.73,0.67,0.85,0.64,0.67,0.65,0.65,0.7,0.46,0.62,CDM,MID,6
Hugo Rama,CAM,Spain,0.69,0.6,0.66,0.7,0.68,0.55,0.64,0.64,0.57,0.7,0.67,0.69,0.71,0.6,0.8,0.54,0.64,0.5,0.46,0.64,0.39,0.68,CAM,MID,6
Reinhold Ranftl,RM,Austria,0.69,0.75,0.56,0.66,0.67,0.64,0.75,0.79,0.72,0.71,0.69,0.65,0.69,0.69,0.94,0.69,0.67,0.64,0.63,0.68,0.49,0.64,RM,MID,6
Oliver Rathbone,CM,England,0.69,0.82,0.6,0.64,0.71,0.65,0.76,0.81,0.82,0.82,0.85,0.68,0.68,0.66,0.92,0.65,0.7,0.66,0.65,0.66,0.44,0.64,CM,MID,6
Dante Rigo,CDM,Belgium,0.69,0.56,0.6,0.71,0.69,0.63,0.67,0.63,0.5,0.66,0.63,0.73,0.63,0.61,0.84,0.59,0.66,0.6,0.63,0.65,0.49,0.67,CDM,MID,0
Yonathan Rodríguez,CDM,Uruguay,0.69,0.69,0.54,0.66,0.7,0.68,0.68,0.7,0.68,0.72,0.72,0.73,0.69,0.72,0.56,0.76,0.7,0.65,0.69,0.64,0.68,0.65,CDM,MID,5
Farley,RM,Brazil,0.69,0.88,0.63,0.65,0.7,0.22,0.57,0.85,0.9,0.81,0.76,0.67,0.58,0.59,0.69,0.62,0.21,0.22,0.18,0.2,0.41,0.63,RM,MID,4
Jack Rudoni,CM,England,0.69,0.72,0.63,0.66,0.7,0.63,0.7,0.7,0.73,0.74,0.71,0.71,0.67,0.63,0.86,0.69,0.66,0.59,0.61,0.64,0.6,0.71,CM,MID,5
Ryu Jae Moon,CDM,Korea Republic,0.69,0.67,0.47,0.59,0.62,0.65,0.75,0.67,0.67,0.67,0.74,0.66,0.66,0.75,0.88,0.71,0.67,0.61,0.64,0.72,0.56,0.61,CDM,MID,0
Semih Sahin,CDM,Germany,0.69,0.65,0.54,0.67,0.67,0.64,0.63,0.7,0.61,0.74,0.76,0.67,0.69,0.58,0.76,0.59,0.64,0.62,0.69,0.66,0.48,0.62,CDM,MID,6
Henri Saivet,CM,Senegal,0.69,0.65,0.68,0.7,0.7,0.65,0.65,0.7,0.61,0.77,0.74,0.7,0.74,0.63,0.74,0.7,0.67,0.64,0.59,0.69,0.65,0.72,CM,MID,5
Sergi Samper,CDM,Spain,0.69,0.41,0.43,0.66,0.65,0.65,0.68,0.51,0.33,0.53,0.61,0.7,0.67,0.74,0.69,0.6,0.65,0.6,0.71,0.68,0.48,0.51,CDM,MID,0
Mario Sanabria,RM,Argentina,0.69,0.69,0.67,0.62,0.72,0.24,0.57,0.72,0.67,0.7,0.86,0.74,0.65,0.5,0.7,0.52,0.21,0.2,0.24,0.23,0.41,0.71,RM,MID,4
Danilo Santacruz,CAM,Paraguay,0.69,0.78,0.68,0.61,0.71,0.3,0.52,0.75,0.8,0.78,0.64,0.72,0.65,0.66,0.33,0.6,0.26,0.32,0.33,0.24,0.39,0.7,CAM,MID,4
Ryan Sanusi,CDM,Belgium,0.69,0.64,0.63,0.69,0.69,0.64,0.73,0.66,0.63,0.77,0.71,0.69,0.67,0.72,0.77,0.74,0.63,0.61,0.59,0.71,0.66,0.72,CDM,MID,5
Vinko Šapina,CDM,Germany,0.69,0.51,0.49,0.61,0.62,0.64,0.81,0.54,0.49,0.5,0.55,0.66,0.69,0.85,0.85,0.75,0.7,0.6,0.59,0.65,0.63,0.6,CDM,MID,0
Kingsley Sarfo,CAM,Ghana,0.69,0.75,0.58,0.63,0.78,0.47,0.52,0.81,0.7,0.9,0.93,0.78,0.61,0.48,0.74,0.53,0.45,0.41,0.49,0.53,0.36,0.48,CAM,MID,4
Dario Šarić,CM,Bosnia and Herzegovina,0.69,0.72,0.66,0.66,0.71,0.63,0.72,0.72,0.72,0.74,0.71,0.7,0.75,0.66,0.8,0.7,0.6,0.51,0.68,0.66,0.58,0.75,CM,MID,5
Jeremy Sarmiento,LM,Ecuador,0.69,0.78,0.63,0.65,0.72,0.37,0.6,0.8,0.77,0.75,0.76,0.7,0.6,0.62,0.61,0.66,0.42,0.35,0.37,0.28,0.46,0.7,LM,MID,4
Nicolas Schiavi,CAM,Argentina,0.69,0.68,0.67,0.67,0.74,0.6,0.61,0.69,0.68,0.72,0.79,0.77,0.69,0.55,0.68,0.6,0.6,0.62,0.62,0.62,0.5,0.74,CAM,MID,6
Kingsley Schindler,RM,Ghana,0.69,0.77,0.62,0.64,0.68,0.57,0.7,0.82,0.73,0.73,0.73,0.67,0.68,0.74,0.69,0.76,0.57,0.52,0.59,0.58,0.51,0.69,RM,MID,6
Jacopo Segre,CM,Italy,0.69,0.73,0.67,0.65,0.67,0.65,0.77,0.74,0.72,0.68,0.71,0.69,0.68,0.72,0.91,0.87,0.66,0.6,0.62,0.62,0.8,0.7,CM,MID,5
Michal Ševčík,CAM,Czech Republic,0.69,0.72,0.66,0.69,0.73,0.44,0.62,0.71,0.73,0.85,0.8,0.7,0.61,0.61,0.6,0.62,0.57,0.56,0.31,0.39,0.45,0.7,CAM,MID,1
Shin Jin Ho,CM,Korea Republic,0.69,0.62,0.64,0.7,0.68,0.6,0.76,0.67,0.57,0.68,0.82,0.73,0.67,0.75,0.82,0.71,0.61,0.56,0.61,0.63,0.55,0.72,CM,MID,5
Graeme Shinnie,CDM,Scotland,0.69,0.65,0.62,0.67,0.69,0.65,0.74,0.63,0.66,0.73,0.79,0.65,0.74,0.67,0.82,0.7,0.71,0.7,0.59,0.61,0.66,0.74,CDM,MID,5
Otabek Shukurov,CM,Uzbekistan,0.69,0.7,0.65,0.67,0.69,0.67,0.74,0.7,0.7,0.69,0.66,0.7,0.68,0.74,0.77,0.74,0.69,0.65,0.66,0.68,0.61,0.72,CM,MID,5
Arnór Sigurðsson,LM,Iceland,0.69,0.75,0.68,0.65,0.7,0.41,0.58,0.76,0.75,0.8,0.74,0.69,0.64,0.57,0.69,0.58,0.39,0.32,0.45,0.42,0.39,0.69,LM,MID,4
Viv Solomon-Otabor,LM,Nigeria,0.69,0.89,0.61,0.6,0.71,0.34,0.62,0.9,0.88,0.81,0.8,0.66,0.64,0.64,0.63,0.64,0.33,0.31,0.36,0.32,0.33,0.55,LM,MID,4
Jesús Soraire,CM,Argentina,0.69,0.68,0.6,0.7,0.73,0.61,0.78,0.67,0.69,0.78,0.79,0.73,0.69,0.77,0.78,0.7,0.67,0.59,0.59,0.63,0.51,0.74,CM,MID,5
Deian Sorescu,RM,Romania,0.69,0.86,0.67,0.63,0.68,0.6,0.72,0.86,0.86,0.82,0.84,0.66,0.63,0.64,0.88,0.75,0.62,0.59,0.6,0.61,0.55,0.73,RM,MID,6
Leandro Sosa,CDM,Uruguay,0.69,0.59,0.66,0.71,0.64,0.7,0.62,0.72,0.49,0.5,0.7,0.66,0.64,0.69,0.53,0.71,0.7,0.73,0.7,0.73,0.56,0.72,CDM,MID,0
Ignacio Sosa,CM,Uruguay,0.69,0.66,0.51,0.61,0.69,0.59,0.72,0.7,0.63,0.69,0.85,0.74,0.74,0.7,0.75,0.59,0.71,0.66,0.46,0.66,0.39,0.64,CM,MID,6
Herman Stengel,CM,Norway,0.69,0.53,0.64,0.69,0.68,0.63,0.76,0.57,0.5,0.7,0.76,0.69,0.7,0.72,0.85,0.62,0.65,0.61,0.65,0.65,0.49,0.69,CM,MID,0
Greg Stewart,CAM,Scotland,0.69,0.65,0.69,0.69,0.69,0.3,0.57,0.59,0.69,0.7,0.72,0.71,0.63,0.6,0.52,0.64,0.21,0.18,0.45,0.13,0.6,0.71,CAM,MID,4
Leo Štulac,CDM,Slovenia,0.69,0.68,0.6,0.71,0.7,0.61,0.67,0.69,0.68,0.76,0.76,0.75,0.62,0.67,0.69,0.65,0.62,0.62,0.62,0.64,0.52,0.7,CDM,MID,6
Mark Sykes,RM,Republic of Ireland,0.69,0.73,0.63,0.64,0.69,0.63,0.68,0.75,0.72,0.77,0.71,0.67,0.66,0.64,0.79,0.71,0.63,0.61,0.64,0.62,0.59,0.62,RM,MID,6
Vicente Taborda,CAM,Argentina,0.69,0.71,0.68,0.67,0.68,0.52,0.64,0.69,0.72,0.7,0.67,0.69,0.63,0.65,0.71,0.7,0.55,0.3,0.53,0.54,0.62,0.69,CAM,MID,6
Matthäus Taferner,CM,Austria,0.69,0.76,0.61,0.66,0.73,0.6,0.58,0.8,0.73,0.83,0.89,0.7,0.67,0.4,0.86,0.49,0.65,0.58,0.58,0.64,0.41,0.65,CM,MID,6
Fabian Tait,CM,Italy,0.69,0.7,0.59,0.69,0.66,0.54,0.72,0.71,0.7,0.69,0.61,0.7,0.67,0.66,0.87,0.59,0.56,0.45,0.53,0.64,0.4,0.68,CM,MID,6
Varol Tasar,RM,Germany,0.69,0.78,0.67,0.65,0.7,0.3,0.58,0.8,0.77,0.75,0.78,0.69,0.57,0.57,0.7,0.63,0.3,0.33,0.27,0.25,0.46,0.72,RM,MID,4
Denis Thomalla,CAM,Germany,0.69,0.63,0.68,0.65,0.69,0.38,0.66,0.68,0.59,0.68,0.63,0.7,0.7,0.67,0.75,0.72,0.35,0.3,0.34,0.38,0.68,0.68,CAM,MID,1
Jordan Thompson,CM,Northern Ireland,0.69,0.68,0.59,0.69,0.7,0.64,0.69,0.7,0.66,0.78,0.79,0.7,0.7,0.62,0.74,0.64,0.67,0.64,0.65,0.65,0.52,0.63,CM,MID,6
Christ Tiéhi,CDM,Côte d'Ivoire,0.69,0.65,0.47,0.64,0.68,0.68,0.73,0.67,0.63,0.68,0.76,0.68,0.68,0.73,0.73,0.74,0.69,0.65,0.68,0.68,0.64,0.52,CDM,MID,0
Victor Torp,CM,Denmark,0.69,0.67,0.64,0.71,0.72,0.59,0.6,0.68,0.66,0.76,0.76,0.73,0.59,0.59,0.63,0.54,0.61,0.6,0.6,0.64,0.42,0.73,CM,MID,6
Alfonso Trezza,RM,Uruguay,0.69,0.91,0.59,0.59,0.69,0.5,0.66,0.9,0.92,0.89,0.92,0.64,0.75,0.54,0.9,0.59,0.55,0.6,0.4,0.62,0.35,0.64,RM,MID,1
Cristian Trujillo,CDM,Colombia,0.69,0.75,0.56,0.63,0.66,0.64,0.66,0.78,0.72,0.72,0.83,0.69,0.67,0.6,0.85,0.61,0.68,0.66,0.61,0.7,0.42,0.59,CDM,MID,6
Giorgi Tsitaishvili,RM,Georgia,0.69,0.86,0.58,0.6,0.75,0.33,0.42,0.9,0.83,0.87,0.9,0.72,0.61,0.34,0.67,0.48,0.35,0.37,0.32,0.29,0.32,0.57,RM,MID,4
Fredrik Ulvestad,CM,Norway,0.69,0.64,0.64,0.66,0.69,0.66,0.76,0.65,0.64,0.7,0.71,0.71,0.7,0.75,0.81,0.75,0.65,0.65,0.66,0.67,0.68,0.61,CM,MID,0
Kacper Urbański,CAM,Poland,0.69,0.69,0.62,0.67,0.76,0.49,0.4,0.76,0.63,0.86,0.84,0.75,0.57,0.34,0.5,0.5,0.56,0.5,0.42,0.49,0.48,0.67,CAM,MID,4
Jonathan Urretaviscaya,CAM,Uruguay,0.69,0.74,0.67,0.73,0.68,0.41,0.48,0.73,0.74,0.77,0.68,0.67,0.54,0.45,0.54,0.59,0.54,0.3,0.24,0.47,0.55,0.7,CAM,MID,4
Matěj Valenta,CM,Czech Republic,0.69,0.66,0.65,0.68,0.67,0.62,0.68,0.65,0.66,0.58,0.66,0.71,0.67,0.66,0.73,0.7,0.64,0.6,0.58,0.65,0.66,0.68,CM,MID,0
Mitchell van Bergen,RM,Holland,0.69,0.88,0.61,0.62,0.7,0.27,0.5,0.86,0.9,0.85,0.77,0.69,0.66,0.36,0.77,0.48,0.21,0.23,0.35,0.23,0.34,0.64,RM,MID,4
Sander van de Streek,CAM,Holland,0.69,0.61,0.71,0.67,0.69,0.58,0.68,0.53,0.67,0.68,0.69,0.7,0.72,0.69,0.76,0.72,0.61,0.48,0.5,0.61,0.74,0.74,CAM,MID,0
Thomas van den Belt,CM,Holland,0.69,0.55,0.64,0.67,0.67,0.63,0.67,0.54,0.56,0.68,0.71,0.7,0.67,0.65,0.78,0.59,0.64,0.58,0.66,0.64,0.52,0.68,CM,MID,0
Jairo Vélez,CAM,Ecuador,0.69,0.64,0.67,0.69,0.69,0.36,0.55,0.63,0.64,0.84,0.83,0.68,0.65,0.61,0.53,0.58,0.36,0.44,0.34,0.32,0.46,0.7,CAM,MID,4
Matías Vera,CDM,Argentina,0.69,0.67,0.47,0.64,0.63,0.66,0.67,0.66,0.68,0.73,0.79,0.66,0.7,0.59,0.81,0.63,0.7,0.62,0.66,0.66,0.56,0.62,CDM,MID,6
Ronaldo Vieira,CDM,England,0.69,0.71,0.58,0.64,0.71,0.64,0.75,0.7,0.71,0.78,0.79,0.71,0.63,0.73,0.76,0.69,0.68,0.65,0.64,0.65,0.53,0.65,CDM,MID,6
Afonso Taira,CDM,Portugal,0.69,0.49,0.55,0.61,0.71,0.68,0.69,0.43,0.53,0.66,0.74,0.74,0.7,0.67,0.7,0.59,0.74,0.67,0.67,0.65,0.58,0.7,CDM,MID,0
Alan Virginius,RM,France,0.69,0.9,0.59,0.59,0.71,0.27,0.41,0.9,0.9,0.87,0.74,0.71,0.6,0.35,0.58,0.61,0.25,0.2,0.25,0.22,0.55,0.61,RM,MID,4
Alessio Vita,CM,Italy,0.69,0.79,0.64,0.68,0.7,0.6,0.66,0.83,0.76,0.84,0.81,0.7,0.71,0.65,0.71,0.74,0.65,0.62,0.58,0.58,0.55,0.6,CM,MID,6
Franco Watson,CAM,Argentina,0.69,0.69,0.62,0.68,0.67,0.55,0.56,0.68,0.7,0.54,0.73,0.7,0.68,0.59,0.45,0.53,0.62,0.58,0.57,0.48,0.39,0.63,CAM,MID,6
Eryk Williamson,CDM,United States,0.69,0.74,0.58,0.67,0.71,0.64,0.71,0.73,0.74,0.72,0.79,0.7,0.7,0.74,0.72,0.71,0.65,0.62,0.67,0.68,0.5,0.65,CDM,MID,6
Scott Wright,RM,Scotland,0.69,0.89,0.6,0.62,0.73,0.29,0.49,0.87,0.9,0.84,0.78,0.69,0.65,0.37,0.69,0.5,0.31,0.28,0.27,0.23,0.37,0.64,RM,MID,4
Wu Xi,CM,China PR,0.69,0.66,0.64,0.69,0.65,0.68,0.78,0.68,0.65,0.66,0.72,0.69,0.57,0.77,0.9,0.76,0.68,0.62,0.72,0.68,0.61,0.71,CM,MID,0
Jackson Yueill,CM,United States,0.69,0.59,0.61,0.68,0.66,0.64,0.73,0.64,0.55,0.67,0.68,0.67,0.68,0.68,0.88,0.7,0.61,0.61,0.67,0.65,0.63,0.7,CM,MID,0
Bakhtiyor Zainutdinov,LM,Kazakhstan,0.69,0.75,0.67,0.66,0.68,0.68,0.63,0.77,0.74,0.71,0.68,0.67,0.64,0.55,0.75,0.69,0.69,0.69,0.69,0.67,0.59,0.75,LM,MID,6
Alexis Zapata,RM,Colombia,0.69,0.77,0.67,0.64,0.73,0.31,0.59,0.82,0.73,0.81,0.74,0.7,0.67,0.59,0.67,0.6,0.37,0.43,0.25,0.22,0.36,0.72,RM,MID,4
Franco Zapiola,LM,Argentina,0.69,0.78,0.59,0.67,0.7,0.59,0.54,0.72,0.82,0.68,0.75,0.71,0.65,0.49,0.58,0.61,0.67,0.5,0.51,0.64,0.58,0.66,LM,MID,6
Matías Abaldo,RM,Uruguay,0.68,0.8,0.61,0.61,0.71,0.46,0.4,0.78,0.82,0.71,0.66,0.7,0.65,0.34,0.62,0.53,0.49,0.43,0.43,0.45,0.5,0.57,RM,MID,4
Ishaq Abdulrazak,CM,Nigeria,0.68,0.86,0.57,0.65,0.7,0.58,0.62,0.87,0.86,0.89,0.85,0.68,0.66,0.54,0.85,0.64,0.63,0.58,0.55,0.61,0.45,0.58,CM,MID,6
Bobby Adekanye,RM,Holland,0.68,0.77,0.61,0.62,0.71,0.3,0.61,0.79,0.76,0.72,0.74,0.69,0.62,0.7,0.54,0.63,0.35,0.3,0.25,0.21,0.5,0.66,RM,MID,4
Mohammed Al Kuwaykibi,RM,Saudi Arabia,0.68,0.8,0.63,0.64,0.69,0.27,0.53,0.83,0.78,0.87,0.88,0.66,0.59,0.5,0.69,0.66,0.22,0.24,0.29,0.24,0.42,0.66,RM,MID,4
Hussain Al Qahtani,CM,Saudi Arabia,0.68,0.59,0.6,0.67,0.65,0.59,0.65,0.66,0.54,0.67,0.69,0.67,0.65,0.62,0.76,0.63,0.63,0.58,0.57,0.61,0.53,0.62,CM,MID,0
Williams Alarcón,CM,Chile,0.68,0.64,0.58,0.66,0.67,0.62,0.73,0.63,0.64,0.72,0.62,0.68,0.67,0.71,0.83,0.63,0.68,0.61,0.58,0.64,0.48,0.64,CM,MID,0
José Alberti,CM,Uruguay,0.68,0.63,0.67,0.69,0.63,0.67,0.69,0.65,0.61,0.65,0.73,0.68,0.55,0.71,0.68,0.74,0.69,0.66,0.66,0.66,0.68,0.7,CM,MID,0
Taha Abdi Ali,LM,Sweden,0.68,0.86,0.54,0.55,0.76,0.35,0.47,0.93,0.81,0.95,0.85,0.67,0.64,0.33,0.81,0.49,0.24,0.28,0.45,0.39,0.34,0.56,LM,MID,4
Joe Allen,CDM,Wales,0.68,0.55,0.6,0.67,0.7,0.66,0.61,0.61,0.5,0.81,0.88,0.68,0.67,0.55,0.68,0.58,0.67,0.63,0.7,0.67,0.52,0.67,CDM,MID,6
Jamie Allen,CM,England,0.68,0.76,0.61,0.66,0.68,0.64,0.69,0.78,0.74,0.82,0.86,0.64,0.68,0.59,0.85,0.67,0.66,0.64,0.65,0.66,0.53,0.58,CM,MID,6
Júnior Urso,CDM,Brazil,0.68,0.64,0.64,0.63,0.68,0.65,0.73,0.62,0.66,0.6,0.7,0.68,0.68,0.74,0.69,0.74,0.65,0.61,0.66,0.64,0.69,0.74,CDM,MID,0
Rodrigo Amaral,CAM,Uruguay,0.68,0.64,0.69,0.72,0.69,0.42,0.66,0.63,0.64,0.62,0.8,0.66,0.67,0.76,0.55,0.65,0.6,0.55,0.27,0.28,0.45,0.8,CAM,MID,6
Joel Amoroso,RM,Argentina,0.68,0.71,0.64,0.62,0.7,0.44,0.7,0.7,0.72,0.72,0.67,0.7,0.68,0.81,0.65,0.73,0.3,0.35,0.43,0.69,0.5,0.7,RM,MID,6
Keshi Anderson,LM,England,0.68,0.79,0.59,0.64,0.69,0.54,0.59,0.8,0.79,0.77,0.77,0.67,0.64,0.6,0.68,0.72,0.59,0.47,0.54,0.46,0.59,0.6,LM,MID,6
Mirko Antonucci,CAM,Italy,0.68,0.77,0.68,0.65,0.71,0.41,0.61,0.81,0.73,0.84,0.78,0.71,0.64,0.61,0.69,0.75,0.38,0.33,0.44,0.35,0.61,0.72,CAM,MID,1
Óscar Aranda,LM,Spain,0.68,0.77,0.61,0.62,0.72,0.27,0.55,0.75,0.79,0.67,0.63,0.72,0.64,0.64,0.48,0.59,0.26,0.29,0.24,0.25,0.37,0.67,LM,MID,4
Scott Arfield,CM,Canada,0.68,0.43,0.66,0.69,0.69,0.65,0.63,0.42,0.44,0.67,0.71,0.71,0.64,0.64,0.56,0.58,0.67,0.66,0.65,0.67,0.58,0.68,CM,MID,0
Tommaso Arrigoni,CM,Italy,0.68,0.65,0.59,0.67,0.68,0.6,0.71,0.68,0.63,0.78,0.85,0.7,0.68,0.69,0.81,0.63,0.63,0.62,0.57,0.67,0.48,0.68,CM,MID,6
Carlos Arrúa,CAM,Paraguay,0.68,0.7,0.68,0.63,0.69,0.62,0.62,0.7,0.7,0.67,0.59,0.67,0.6,0.59,0.8,0.53,0.71,0.7,0.6,0.6,0.36,0.7,CAM,MID,6
Daniel Arzani,RM,Australia,0.68,0.89,0.6,0.6,0.74,0.34,0.67,0.92,0.86,0.88,0.91,0.71,0.58,0.65,0.72,0.67,0.33,0.33,0.32,0.36,0.4,0.64,RM,MID,4
Sebastián Assís,CDM,Uruguay,0.68,0.58,0.52,0.64,0.66,0.68,0.66,0.62,0.55,0.64,0.76,0.66,0.66,0.71,0.48,0.69,0.66,0.64,0.71,0.71,0.59,0.65,CDM,MID,0
Valentin Atangana,CDM,France,0.68,0.55,0.53,0.64,0.67,0.66,0.56,0.58,0.53,0.64,0.78,0.7,0.66,0.49,0.61,0.55,0.7,0.64,0.64,0.67,0.59,0.58,CDM,MID,0
Arthur Atta,CAM,France,0.68,0.73,0.55,0.63,0.7,0.62,0.72,0.7,0.75,0.71,0.66,0.72,0.65,0.74,0.69,0.74,0.68,0.6,0.57,0.61,0.6,0.63,CAM,MID,6
Soner Aydoğdu,CDM,Turkey,0.68,0.63,0.67,0.71,0.7,0.64,0.64,0.66,0.61,0.67,0.71,0.71,0.65,0.62,0.69,0.67,0.63,0.58,0.66,0.65,0.6,0.74,CDM,MID,0
Femi Azeez,RM,England,0.68,0.8,0.63,0.62,0.69,0.35,0.69,0.81,0.79,0.72,0.74,0.67,0.63,0.68,0.78,0.75,0.44,0.38,0.25,0.22,0.57,0.7,RM,MID,1
Abdoullah Ba,RM,France,0.68,0.74,0.6,0.63,0.71,0.56,0.62,0.78,0.71,0.82,0.65,0.69,0.64,0.56,0.73,0.65,0.57,0.53,0.57,0.56,0.5,0.62,RM,MID,6
Keanu Baccus,CM,Australia,0.68,0.77,0.55,0.62,0.69,0.68,0.7,0.76,0.77,0.82,0.82,0.68,0.67,0.63,0.88,0.75,0.72,0.69,0.6,0.74,0.66,0.71,CM,MID,5
Romário Baldé,LM,Guinea-Bissau,0.68,0.78,0.66,0.59,0.73,0.31,0.74,0.76,0.79,0.89,0.73,0.71,0.72,0.74,0.76,0.73,0.28,0.23,0.33,0.26,0.51,0.72,LM,MID,1
William Balikwisha,CAM,Congo DR,0.68,0.76,0.61,0.63,0.75,0.41,0.57,0.79,0.74,0.87,0.79,0.74,0.68,0.53,0.69,0.61,0.36,0.3,0.42,0.49,0.49,0.64,CAM,MID,1
Mamady Bangré,RM,Burkina Faso,0.68,0.69,0.57,0.66,0.7,0.45,0.46,0.68,0.7,0.68,0.8,0.69,0.67,0.37,0.57,0.46,0.46,0.49,0.36,0.51,0.48,0.6,RM,MID,4
Baltasar Barcia,RM,Uruguay,0.68,0.79,0.61,0.62,0.66,0.63,0.59,0.79,0.79,0.74,0.57,0.64,0.66,0.48,0.75,0.6,0.63,0.65,0.65,0.66,0.52,0.56,RM,MID,6
Emrah Başsan,RM,Turkey,0.68,0.76,0.69,0.67,0.68,0.22,0.6,0.77,0.75,0.8,0.79,0.66,0.58,0.56,0.65,0.65,0.14,0.23,0.2,0.21,0.51,0.74,RM,MID,4
Afonso Moreira,RM,Portugal,0.68,0.81,0.6,0.62,0.74,0.42,0.48,0.79,0.82,0.78,0.75,0.73,0.55,0.46,0.54,0.56,0.38,0.32,0.54,0.31,0.46,0.71,RM,MID,4
Gil Dias,LM,Portugal,0.68,0.72,0.64,0.66,0.7,0.62,0.65,0.75,0.69,0.74,0.75,0.69,0.68,0.64,0.69,0.7,0.62,0.61,0.62,0.66,0.57,0.66,LM,MID,6
Gökdeniz Bayrakdar,RM,Turkey,0.68,0.73,0.65,0.61,0.69,0.37,0.63,0.72,0.73,0.72,0.64,0.69,0.67,0.63,0.74,0.69,0.29,0.35,0.39,0.36,0.56,0.65,RM,MID,4
George Bello,LM,United States,0.68,0.83,0.47,0.57,0.71,0.6,0.68,0.83,0.83,0.85,0.83,0.68,0.68,0.67,0.72,0.65,0.66,0.64,0.62,0.56,0.41,0.55,LM,MID,6
Nicola Bellomo,CM,Italy,0.68,0.64,0.61,0.68,0.69,0.54,0.67,0.63,0.65,0.74,0.8,0.72,0.69,0.64,0.82,0.55,0.63,0.61,0.44,0.6,0.4,0.67,CM,MID,6
Nicky Beloko,CM,Switzerland,0.68,0.75,0.62,0.61,0.69,0.66,0.78,0.72,0.77,0.76,0.69,0.69,0.7,0.76,0.84,0.75,0.69,0.65,0.68,0.66,0.55,0.68,CM,MID,5
Rico Benatelli,CDM,Germany,0.68,0.44,0.6,0.67,0.68,0.63,0.73,0.57,0.34,0.72,0.74,0.7,0.64,0.78,0.75,0.7,0.62,0.6,0.65,0.65,0.55,0.7,CDM,MID,0
Lucas Bergvall,CM,Sweden,0.68,0.72,0.52,0.67,0.73,0.53,0.65,0.76,0.68,0.71,0.73,0.74,0.74,0.67,0.69,0.69,0.6,0.56,0.46,0.54,0.51,0.51,CM,MID,6
Jesús Bernal,CDM,Spain,0.68,0.6,0.49,0.62,0.64,0.64,0.72,0.59,0.6,0.51,0.68,0.67,0.67,0.72,0.81,0.68,0.64,0.68,0.63,0.68,0.59,0.57,CDM,MID,0
Alexander Bernhardsson,RM,Sweden,0.68,0.87,0.6,0.61,0.67,0.45,0.61,0.83,0.9,0.73,0.61,0.66,0.67,0.65,0.62,0.72,0.42,0.5,0.45,0.42,0.51,0.65,RM,MID,4
Filip Bilbija,LM,Germany,0.68,0.7,0.55,0.64,0.68,0.31,0.66,0.68,0.71,0.73,0.64,0.69,0.63,0.69,0.82,0.62,0.26,0.24,0.29,0.39,0.45,0.5,LM,MID,4
Max Bird,CM,England,0.68,0.65,0.6,0.66,0.67,0.65,0.64,0.66,0.65,0.67,0.69,0.68,0.69,0.61,0.74,0.61,0.68,0.66,0.66,0.68,0.5,0.6,CM,MID,6
Tom Bischof,CAM,Germany,0.68,0.61,0.55,0.66,0.73,0.44,0.51,0.63,0.59,0.77,0.81,0.73,0.66,0.44,0.6,0.42,0.53,0.52,0.4,0.34,0.4,0.56,CAM,MID,4
John Björkengren,CM,Sweden,0.68,0.8,0.59,0.66,0.68,0.68,0.72,0.78,0.81,0.69,0.7,0.69,0.68,0.68,0.8,0.76,0.69,0.66,0.68,0.69,0.62,0.69,CM,MID,5
Corey Blackett-Taylor,LM,England,0.68,0.92,0.61,0.56,0.73,0.51,0.61,0.92,0.92,0.9,0.89,0.67,0.6,0.56,0.7,0.7,0.52,0.5,0.51,0.5,0.5,0.72,LM,MID,1
Latif Blessing,CM,Ghana,0.68,0.83,0.6,0.61,0.73,0.66,0.58,0.85,0.82,0.85,0.78,0.7,0.69,0.43,0.8,0.59,0.7,0.64,0.66,0.69,0.51,0.65,CM,MID,6
Antonin Bobichon,CM,France,0.68,0.64,0.69,0.7,0.68,0.57,0.66,0.63,0.65,0.69,0.67,0.66,0.65,0.66,0.71,0.63,0.62,0.49,0.55,0.58,0.53,0.75,CM,MID,6
Victor Bobsin,CDM,Brazil,0.68,0.64,0.51,0.63,0.67,0.65,0.69,0.68,0.6,0.62,0.61,0.67,0.64,0.72,0.7,0.7,0.66,0.64,0.69,0.65,0.55,0.54,CDM,MID,0
Kady,CAM,Brazil,0.68,0.74,0.62,0.64,0.69,0.43,0.68,0.73,0.74,0.7,0.76,0.69,0.66,0.71,0.67,0.73,0.41,0.44,0.4,0.44,0.56,0.62,CAM,MID,6
Mattia Bottani,CAM,Switzerland,0.68,0.8,0.64,0.64,0.69,0.41,0.5,0.81,0.8,0.81,0.91,0.68,0.64,0.34,0.73,0.55,0.44,0.37,0.38,0.39,0.52,0.65,CAM,MID,4
Bilal Brahimi,CAM,France,0.68,0.71,0.63,0.67,0.7,0.46,0.57,0.71,0.71,0.7,0.72,0.72,0.58,0.55,0.67,0.56,0.52,0.45,0.4,0.48,0.43,0.63,CAM,MID,6
Luke Brattan,CDM,Australia,0.68,0.53,0.63,0.7,0.65,0.6,0.78,0.51,0.54,0.62,0.7,0.63,0.63,0.79,0.79,0.66,0.61,0.59,0.59,0.61,0.54,0.73,CDM,MID,0
Emil Breivik,CDM,Norway,0.68,0.75,0.55,0.63,0.67,0.62,0.75,0.74,0.76,0.75,0.7,0.67,0.66,0.71,0.87,0.71,0.64,0.63,0.62,0.64,0.52,0.6,CDM,MID,6
Massimo Bruno,CAM,Belgium,0.68,0.68,0.67,0.68,0.7,0.42,0.59,0.69,0.67,0.73,0.71,0.69,0.68,0.66,0.6,0.61,0.51,0.38,0.35,0.4,0.45,0.71,CAM,MID,4
Dženis Burnić,CDM,Germany,0.68,0.73,0.48,0.64,0.7,0.64,0.67,0.75,0.71,0.78,0.74,0.7,0.68,0.64,0.76,0.65,0.66,0.65,0.65,0.66,0.49,0.58,CDM,MID,6
Salvatore Burrai,CDM,Italy,0.68,0.65,0.62,0.69,0.69,0.63,0.71,0.67,0.63,0.75,0.78,0.68,0.65,0.66,0.78,0.66,0.6,0.6,0.68,0.65,0.55,0.71,CDM,MID,6
Hernesto Caballero,CDM,Paraguay,0.68,0.53,0.59,0.59,0.64,0.7,0.65,0.51,0.54,0.52,0.65,0.71,0.53,0.74,0.53,0.71,0.65,0.6,0.75,0.77,0.7,0.66,CDM,MID,0
Brian Calderara,LM,Argentina,0.68,0.74,0.52,0.64,0.66,0.64,0.5,0.75,0.74,0.71,0.72,0.61,0.65,0.42,0.73,0.5,0.73,0.62,0.61,0.66,0.45,0.47,LM,MID,6
Fabrizio Caligara,CM,Italy,0.68,0.63,0.59,0.65,0.69,0.66,0.72,0.65,0.61,0.76,0.74,0.72,0.7,0.7,0.81,0.7,0.68,0.63,0.66,0.67,0.6,0.68,CM,MID,0
Adama Camara,CM,France,0.68,0.65,0.6,0.65,0.7,0.61,0.52,0.64,0.66,0.73,0.68,0.71,0.69,0.48,0.62,0.5,0.66,0.55,0.59,0.66,0.48,0.68,CM,MID,6
Camarasa,CM,Spain,0.68,0.56,0.7,0.7,0.69,0.63,0.62,0.59,0.54,0.68,0.67,0.71,0.61,0.68,0.63,0.68,0.64,0.64,0.62,0.61,0.62,0.78,CM,MID,0
Richard,CDM,Brazil,0.68,0.69,0.55,0.62,0.66,0.69,0.65,0.7,0.68,0.69,0.58,0.66,0.63,0.63,0.64,0.69,0.72,0.68,0.69,0.68,0.6,0.7,CDM,MID,0
Ezequiel Cañete,CAM,Argentina,0.68,0.62,0.66,0.68,0.69,0.52,0.69,0.62,0.62,0.68,0.8,0.7,0.58,0.7,0.78,0.64,0.53,0.49,0.5,0.52,0.53,0.75,CAM,MID,6
Russell Canouse,CDM,United States,0.68,0.65,0.53,0.55,0.65,0.67,0.77,0.65,0.65,0.68,0.69,0.68,0.66,0.76,0.78,0.77,0.68,0.69,0.68,0.64,0.69,0.65,CDM,MID,0
Cao Yunding,LM,China PR,0.68,0.74,0.63,0.66,0.7,0.36,0.61,0.73,0.74,0.82,0.8,0.68,0.6,0.58,0.65,0.67,0.38,0.32,0.3,0.35,0.57,0.71,LM,MID,4
Fernando Cardozo,RM,Paraguay,0.68,0.78,0.66,0.59,0.7,0.26,0.63,0.78,0.78,0.83,0.83,0.69,0.69,0.58,0.83,0.56,0.27,0.22,0.28,0.2,0.3,0.8,RM,MID,4
Rafael Carrascal,CM,Colombia,0.68,0.66,0.61,0.69,0.64,0.62,0.71,0.65,0.66,0.7,0.66,0.66,0.76,0.72,0.74,0.64,0.66,0.63,0.59,0.67,0.49,0.74,CM,MID,0
Facundo Agustín Cáseres,CDM,Argentina,0.68,0.67,0.6,0.64,0.69,0.64,0.58,0.68,0.66,0.69,0.65,0.71,0.65,0.48,0.74,0.61,0.67,0.65,0.62,0.63,0.64,0.6,CDM,MID,6
Claudio Cassano,CAM,Italy,0.68,0.82,0.63,0.64,0.73,0.36,0.45,0.84,0.8,0.89,0.85,0.71,0.62,0.36,0.65,0.5,0.37,0.32,0.37,0.31,0.42,0.68,CAM,MID,4
Bersant Celina,LM,Kosovo,0.68,0.78,0.62,0.65,0.69,0.25,0.62,0.81,0.76,0.81,0.79,0.69,0.63,0.63,0.71,0.64,0.27,0.15,0.26,0.18,0.43,0.72,LM,MID,4
Francisco Cerro,CDM,Argentina,0.68,0.65,0.6,0.62,0.66,0.66,0.76,0.63,0.67,0.71,0.66,0.67,0.68,0.76,0.78,0.75,0.67,0.71,0.63,0.67,0.64,0.7,CDM,MID,0
Mehdi Chahiri,LM,France,0.68,0.74,0.59,0.66,0.68,0.42,0.64,0.75,0.74,0.71,0.64,0.67,0.67,0.72,0.61,0.63,0.41,0.36,0.48,0.41,0.37,0.63,LM,MID,4
Charilaos Charisis,CM,Greece,0.68,0.57,0.62,0.68,0.7,0.64,0.7,0.58,0.56,0.71,0.77,0.69,0.65,0.67,0.76,0.64,0.66,0.58,0.64,0.67,0.56,0.73,CM,MID,0
Chen Pu,LM,China PR,0.68,0.86,0.57,0.61,0.68,0.37,0.63,0.86,0.86,0.76,0.76,0.67,0.63,0.62,0.73,0.64,0.39,0.43,0.37,0.3,0.37,0.58,LM,MID,4
Andrés Chicaiza,CAM,Ecuador,0.68,0.66,0.68,0.7,0.69,0.41,0.59,0.65,0.67,0.68,0.71,0.7,0.54,0.6,0.7,0.55,0.48,0.54,0.36,0.3,0.44,0.72,CAM,MID,4
Julián Chicco,CM,Argentina,0.68,0.53,0.56,0.64,0.65,0.67,0.73,0.51,0.55,0.59,0.52,0.72,0.62,0.77,0.71,0.7,0.69,0.67,0.68,0.66,0.61,0.65,CM,MID,0
Max Christiansen,CDM,Germany,0.68,0.62,0.5,0.62,0.64,0.67,0.73,0.58,0.66,0.62,0.64,0.66,0.66,0.73,0.74,0.72,0.69,0.62,0.65,0.69,0.66,0.64,CDM,MID,0
Tochi Chukwuani,CM,Denmark,0.68,0.7,0.62,0.67,0.71,0.63,0.71,0.68,0.71,0.77,0.78,0.7,0.65,0.74,0.72,0.72,0.65,0.6,0.63,0.62,0.58,0.67,CM,MID,6
Alejandro Chumacero,CM,Bolivia,0.68,0.6,0.66,0.7,0.69,0.62,0.68,0.61,0.59,0.64,0.93,0.71,0.6,0.66,0.68,0.65,0.65,0.59,0.59,0.64,0.56,0.78,CM,MID,6
Darko Churlinov,RM,North Macedonia,0.68,0.78,0.66,0.63,0.72,0.51,0.54,0.8,0.77,0.83,0.79,0.7,0.67,0.47,0.59,0.63,0.56,0.5,0.45,0.48,0.57,0.66,RM,MID,1
Juri Cisotti,CM,Italy,0.68,0.65,0.67,0.66,0.69,0.62,0.68,0.66,0.65,0.79,0.73,0.69,0.65,0.61,0.83,0.65,0.67,0.62,0.56,0.64,0.58,0.71,CM,MID,6
William Clem,CDM,Denmark,0.68,0.56,0.48,0.62,0.62,0.65,0.66,0.55,0.56,0.51,0.65,0.68,0.66,0.67,0.74,0.58,0.67,0.62,0.67,0.66,0.49,0.59,CDM,MID,0
Pelle Clement,CM,Holland,0.68,0.78,0.63,0.69,0.68,0.56,0.61,0.74,0.82,0.72,0.76,0.67,0.66,0.57,0.74,0.66,0.55,0.53,0.56,0.58,0.55,0.61,CM,MID,6
Amara Condé,CM,Germany,0.68,0.75,0.59,0.67,0.71,0.65,0.7,0.75,0.75,0.83,0.85,0.69,0.61,0.66,0.78,0.71,0.66,0.64,0.65,0.66,0.58,0.62,CM,MID,6
Oliver Cooper,CAM,Wales,0.68,0.7,0.61,0.65,0.71,0.58,0.61,0.72,0.69,0.76,0.83,0.69,0.62,0.56,0.72,0.59,0.63,0.56,0.59,0.54,0.45,0.63,CAM,MID,6
Lasso Coulibaly,RM,Côte d'Ivoire,0.68,0.91,0.55,0.58,0.71,0.33,0.62,0.91,0.91,0.83,0.82,0.69,0.6,0.6,0.63,0.67,0.36,0.44,0.32,0.21,0.44,0.6,RM,MID,4
Mamadou Coulibaly,CM,Senegal,0.68,0.77,0.61,0.65,0.68,0.68,0.8,0.78,0.76,0.75,0.73,0.7,0.68,0.82,0.76,0.86,0.7,0.65,0.65,0.69,0.67,0.73,CM,MID,5
Cristian Cuevas,LM,Chile,0.68,0.86,0.56,0.61,0.69,0.62,0.69,0.85,0.86,0.8,0.75,0.66,0.53,0.62,0.73,0.74,0.63,0.64,0.63,0.59,0.55,0.61,LM,MID,6
Misael Dávila,CM,Chile,0.68,0.76,0.67,0.66,0.7,0.55,0.65,0.77,0.75,0.79,0.78,0.71,0.66,0.63,0.75,0.66,0.59,0.53,0.49,0.61,0.49,0.71,CM,MID,6
Afonso Sousa,CAM,Portugal,0.68,0.78,0.6,0.64,0.72,0.56,0.54,0.77,0.78,0.72,0.81,0.71,0.71,0.47,0.64,0.56,0.59,0.56,0.55,0.56,0.47,0.75,CAM,MID,6
Eguinaldo,LM,Brazil,0.68,0.85,0.59,0.55,0.73,0.27,0.48,0.86,0.84,0.81,0.78,0.72,0.68,0.48,0.6,0.67,0.25,0.28,0.25,0.18,0.59,0.6,LM,MID,4
Mateo Del Blanco,LM,Argentina,0.68,0.81,0.64,0.64,0.69,0.61,0.63,0.82,0.8,0.83,0.84,0.65,0.64,0.53,0.87,0.61,0.7,0.63,0.58,0.57,0.45,0.73,LM,MID,6
Yan Dhanda,CAM,England,0.68,0.71,0.62,0.66,0.72,0.42,0.56,0.71,0.71,0.82,0.79,0.71,0.65,0.52,0.68,0.5,0.51,0.42,0.45,0.27,0.34,0.6,CAM,MID,4
Ousmane Diakité,CDM,Mali,0.68,0.69,0.57,0.63,0.62,0.66,0.78,0.69,0.69,0.61,0.5,0.66,0.59,0.82,0.73,0.78,0.69,0.67,0.63,0.66,0.6,0.76,CDM,MID,0
Soner Dikmen,CM,Turkey,0.68,0.66,0.68,0.63,0.67,0.68,0.72,0.64,0.67,0.67,0.65,0.68,0.7,0.7,0.75,0.76,0.68,0.66,0.66,0.69,0.72,0.73,CM,MID,0
Lohann Doucet,CDM,France,0.68,0.65,0.5,0.63,0.66,0.62,0.66,0.64,0.66,0.59,0.73,0.7,0.66,0.66,0.69,0.56,0.68,0.65,0.61,0.65,0.41,0.52,CDM,MID,6
Andre Dozzell,CM,England,0.68,0.69,0.61,0.67,0.69,0.61,0.65,0.73,0.66,0.82,0.83,0.7,0.61,0.57,0.86,0.64,0.59,0.66,0.64,0.61,0.54,0.68,CM,MID,6
Dejan Dražić,LM,Serbia,0.68,0.75,0.61,0.63,0.67,0.46,0.64,0.81,0.7,0.76,0.8,0.65,0.66,0.56,0.75,0.6,0.48,0.4,0.48,0.48,0.39,0.58,LM,MID,6
Dennis Dressel,CDM,Germany,0.68,0.66,0.64,0.65,0.65,0.61,0.74,0.7,0.63,0.71,0.7,0.67,0.66,0.69,0.9,0.71,0.62,0.56,0.6,0.64,0.6,0.72,CDM,MID,0
Dominick Drexler,CAM,Germany,0.68,0.68,0.61,0.68,0.69,0.51,0.59,0.66,0.7,0.67,0.7,0.71,0.71,0.54,0.62,0.6,0.54,0.43,0.58,0.38,0.57,0.61,CAM,MID,6
Jonathan Dubasin,RM,Belgium,0.68,0.74,0.7,0.63,0.67,0.35,0.55,0.75,0.73,0.71,0.6,0.68,0.66,0.58,0.57,0.71,0.33,0.39,0.29,0.28,0.66,0.71,RM,MID,4
Tom Ducrocq,CDM,France,0.68,0.73,0.45,0.63,0.66,0.67,0.69,0.69,0.76,0.83,0.8,0.65,0.63,0.64,0.83,0.7,0.69,0.63,0.66,0.69,0.62,0.45,CDM,MID,6
Taylan Duman,CAM,Germany,0.68,0.48,0.68,0.69,0.72,0.53,0.63,0.59,0.39,0.76,0.78,0.71,0.65,0.65,0.67,0.62,0.57,0.52,0.49,0.55,0.54,0.71,CAM,MID,0
Thiago Andrade,LM,Brazil,0.68,0.88,0.65,0.6,0.71,0.4,0.58,0.87,0.88,0.83,0.75,0.7,0.57,0.51,0.66,0.63,0.5,0.46,0.35,0.29,0.45,0.7,LM,MID,4
Pierre Ekwah,CM,France,0.68,0.61,0.65,0.64,0.66,0.62,0.72,0.58,0.64,0.46,0.55,0.68,0.66,0.76,0.71,0.67,0.65,0.61,0.63,0.63,0.53,0.74,CM,MID,0
Idris El Mizouni,CDM,Tunisia,0.68,0.65,0.56,0.62,0.63,0.63,0.75,0.68,0.62,0.62,0.65,0.64,0.64,0.67,0.85,0.62,0.64,0.62,0.62,0.68,0.49,0.66,CDM,MID,0
Emeka Eneli,CDM,United States,0.68,0.7,0.47,0.61,0.66,0.68,0.61,0.7,0.7,0.65,0.77,0.65,0.66,0.55,0.68,0.64,0.69,0.65,0.69,0.7,0.59,0.45,CDM,MID,6
Ethan Erhahon,CDM,Scotland,0.68,0.74,0.59,0.64,0.67,0.64,0.74,0.75,0.73,0.7,0.81,0.67,0.62,0.7,0.83,0.72,0.67,0.63,0.63,0.64,0.57,0.66,CDM,MID,6
Sebastian Ernst,CM,Germany,0.68,0.69,0.61,0.66,0.72,0.58,0.66,0.78,0.62,0.81,0.82,0.72,0.69,0.64,0.75,0.76,0.57,0.6,0.53,0.62,0.65,0.65,CM,MID,6
Ataru Esaka,CAM,Japan,0.68,0.77,0.65,0.66,0.69,0.51,0.63,0.8,0.75,0.8,0.74,0.7,0.68,0.6,0.67,0.74,0.57,0.49,0.4,0.52,0.62,0.67,CAM,MID,1
Juan Cruz Esquivel,LM,Argentina,0.68,0.81,0.66,0.61,0.69,0.23,0.64,0.8,0.81,0.65,0.65,0.7,0.63,0.66,0.63,0.74,0.22,0.17,0.16,0.2,0.59,0.73,LM,MID,4
Lukas Fadinger,CAM,Austria,0.68,0.69,0.61,0.66,0.73,0.48,0.51,0.71,0.67,0.79,0.87,0.7,0.64,0.34,0.76,0.41,0.51,0.46,0.45,0.53,0.35,0.66,CAM,MID,6
Agustín Farías,CM,Argentina,0.68,0.56,0.61,0.65,0.64,0.64,0.73,0.55,0.57,0.56,0.58,0.7,0.64,0.7,0.8,0.61,0.66,0.59,0.64,0.7,0.5,0.77,CM,MID,0
Jacopo Fazzini,CM,Italy,0.68,0.68,0.66,0.67,0.7,0.59,0.62,0.7,0.66,0.73,0.71,0.71,0.7,0.54,0.73,0.59,0.59,0.58,0.57,0.66,0.54,0.71,CM,MID,6
Robin Fellhauer,CDM,Germany,0.68,0.72,0.43,0.6,0.65,0.66,0.72,0.72,0.72,0.65,0.73,0.64,0.67,0.66,0.9,0.68,0.7,0.65,0.65,0.69,0.54,0.5,CDM,MID,6
Omar Fernández,LM,Colombia,0.68,0.74,0.59,0.63,0.73,0.37,0.58,0.75,0.74,0.79,0.88,0.7,0.62,0.58,0.58,0.61,0.37,0.41,0.37,0.33,0.45,0.61,LM,MID,4
Hampus Finndell,CM,Sweden,0.68,0.68,0.64,0.64,0.67,0.65,0.72,0.71,0.66,0.74,0.74,0.68,0.7,0.66,0.78,0.78,0.65,0.64,0.63,0.64,0.72,0.64,CM,MID,5
Manfred Fischer,CM,Austria,0.68,0.71,0.64,0.68,0.68,0.49,0.76,0.73,0.69,0.77,0.71,0.67,0.68,0.71,0.91,0.74,0.54,0.45,0.38,0.55,0.58,0.63,CM,MID,6
Leon Flach,CM,United States,0.68,0.82,0.54,0.63,0.69,0.68,0.7,0.78,0.85,0.73,0.7,0.68,0.69,0.63,0.85,0.68,0.73,0.69,0.67,0.69,0.5,0.6,CM,MID,6
Florian Flecker,RM,Austria,0.68,0.86,0.61,0.57,0.71,0.57,0.7,0.9,0.82,0.91,0.8,0.71,0.62,0.66,0.82,0.68,0.59,0.57,0.59,0.6,0.43,0.62,RM,MID,6
Iván Franco,RM,Paraguay,0.68,0.81,0.65,0.59,0.71,0.36,0.61,0.82,0.81,0.81,0.8,0.73,0.66,0.57,0.52,0.74,0.22,0.25,0.4,0.45,0.62,0.72,RM,MID,1
Oscar Luigi Fraulo,CDM,Denmark,0.68,0.7,0.59,0.66,0.68,0.61,0.69,0.74,0.67,0.72,0.71,0.68,0.67,0.63,0.83,0.64,0.66,0.61,0.59,0.63,0.48,0.65,CDM,MID,6
Juanma García,RM,Spain,0.68,0.84,0.68,0.61,0.68,0.28,0.53,0.85,0.83,0.8,0.89,0.67,0.64,0.46,0.76,0.69,0.22,0.16,0.23,0.3,0.67,0.68,RM,MID,4
Juan Carlos Gauto,LM,Argentina,0.68,0.85,0.65,0.63,0.7,0.29,0.62,0.85,0.85,0.84,0.79,0.64,0.6,0.69,0.72,0.66,0.35,0.27,0.27,0.2,0.4,0.73,LM,MID,4
Gaspar Gentile,LM,Argentina,0.68,0.76,0.66,0.64,0.69,0.46,0.63,0.76,0.76,0.74,0.53,0.68,0.66,0.72,0.66,0.79,0.45,0.44,0.4,0.51,0.63,0.68,LM,MID,1
Liam Gibbs,CM,England,0.68,0.66,0.56,0.64,0.68,0.65,0.64,0.68,0.65,0.66,0.73,0.68,0.72,0.58,0.73,0.61,0.67,0.64,0.65,0.66,0.54,0.6,CM,MID,6
Nacho Gil,RM,Spain,0.68,0.78,0.65,0.65,0.69,0.44,0.45,0.79,0.77,0.78,0.84,0.67,0.63,0.31,0.65,0.42,0.45,0.4,0.5,0.44,0.3,0.65,RM,MID,4
Iván Gil,CM,Spain,0.68,0.65,0.67,0.66,0.72,0.57,0.5,0.66,0.65,0.72,0.81,0.72,0.69,0.47,0.57,0.47,0.62,0.41,0.56,0.65,0.42,0.68,CM,MID,6
Dave Gnaase,CDM,Germany,0.68,0.76,0.54,0.62,0.68,0.64,0.73,0.77,0.75,0.75,0.82,0.67,0.65,0.71,0.83,0.81,0.66,0.67,0.65,0.64,0.51,0.64,CDM,MID,6
Thomas Goiginger,RM,Austria,0.68,0.72,0.67,0.66,0.67,0.35,0.57,0.73,0.72,0.73,0.7,0.66,0.65,0.56,0.6,0.61,0.28,0.37,0.34,0.37,0.49,0.7,RM,MID,4
Diego Gómez,CM,Paraguay,0.68,0.75,0.63,0.65,0.69,0.59,0.72,0.75,0.75,0.71,0.62,0.7,0.7,0.74,0.64,0.7,0.65,0.63,0.59,0.55,0.49,0.65,CM,MID,6
Ray Gómez,CAM,Peru,0.68,0.76,0.66,0.65,0.7,0.59,0.64,0.73,0.78,0.77,0.73,0.66,0.55,0.55,0.8,0.65,0.65,0.61,0.55,0.59,0.55,0.65,CAM,MID,6
Thijmen Goppel,RM,Holland,0.68,0.88,0.57,0.62,0.67,0.5,0.68,0.91,0.86,0.8,0.75,0.69,0.58,0.65,0.77,0.72,0.48,0.52,0.49,0.52,0.49,0.62,RM,MID,6
Alimami Gory,RM,France,0.68,0.89,0.63,0.55,0.72,0.22,0.6,0.86,0.92,0.87,0.7,0.7,0.63,0.66,0.6,0.8,0.18,0.13,0.22,0.11,0.66,0.65,RM,MID,4
Jorge Grant,CM,England,0.68,0.65,0.65,0.7,0.68,0.57,0.66,0.64,0.66,0.77,0.74,0.68,0.66,0.66,0.79,0.55,0.61,0.56,0.6,0.57,0.39,0.63,CM,MID,6
Hakim Guenouche,LM,France,0.68,0.84,0.53,0.61,0.71,0.54,0.59,0.82,0.86,0.89,0.88,0.69,0.59,0.48,0.83,0.58,0.58,0.56,0.5,0.56,0.45,0.56,LM,MID,6
Umut Güneş,CM,Turkey,0.68,0.65,0.51,0.63,0.66,0.64,0.66,0.62,0.68,0.59,0.7,0.69,0.68,0.64,0.7,0.66,0.65,0.58,0.65,0.66,0.59,0.59,CM,MID,0
Raúl Guti,CM,Spain,0.68,0.65,0.63,0.67,0.65,0.64,0.78,0.66,0.64,0.65,0.73,0.66,0.74,0.78,0.86,0.75,0.64,0.64,0.61,0.7,0.6,0.74,CM,MID,0
Sebastián Guzmán,CDM,Colombia,0.68,0.69,0.56,0.64,0.66,0.62,0.72,0.68,0.69,0.66,0.68,0.69,0.69,0.7,0.82,0.62,0.67,0.58,0.64,0.63,0.46,0.67,CDM,MID,6
Kristoffer N. Hansen,LM,Norway,0.68,0.76,0.64,0.65,0.68,0.48,0.63,0.78,0.75,0.74,0.78,0.67,0.64,0.61,0.7,0.65,0.54,0.52,0.4,0.5,0.45,0.65,LM,MID,6
Sontje Hansen,RM,Holland,0.68,0.85,0.62,0.61,0.71,0.29,0.57,0.87,0.83,0.79,0.77,0.69,0.6,0.57,0.62,0.64,0.32,0.27,0.22,0.21,0.55,0.66,RM,MID,4
Þórir Jóhann Helgason,CM,Iceland,0.68,0.67,0.64,0.67,0.68,0.54,0.64,0.68,0.66,0.62,0.58,0.7,0.66,0.63,0.76,0.56,0.62,0.55,0.47,0.59,0.42,0.75,CM,MID,6
Vebjørn Hoff,CDM,Norway,0.68,0.67,0.55,0.65,0.68,0.64,0.67,0.66,0.67,0.72,0.8,0.69,0.65,0.65,0.8,0.67,0.66,0.62,0.65,0.65,0.58,0.59,CDM,MID,6
Samuel Leach Holm,CM,Sweden,0.68,0.63,0.65,0.7,0.63,0.59,0.61,0.63,0.63,0.61,0.61,0.67,0.65,0.59,0.67,0.6,0.59,0.58,0.59,0.63,0.54,0.7,CM,MID,0
Krisztofer Horváth,CAM,Hungary,0.68,0.69,0.67,0.66,0.68,0.4,0.6,0.72,0.67,0.67,0.61,0.68,0.69,0.52,0.67,0.57,0.4,0.45,0.42,0.3,0.49,0.76,CAM,MID,4
Sam Hoskins,LM,England,0.68,0.89,0.66,0.61,0.69,0.49,0.72,0.91,0.88,0.93,0.93,0.63,0.66,0.65,0.85,0.74,0.5,0.41,0.5,0.51,0.5,0.63,LM,MID,1
Conor Hourihane,CM,Republic of Ireland,0.68,0.48,0.66,0.69,0.66,0.63,0.66,0.51,0.46,0.63,0.66,0.69,0.7,0.63,0.71,0.58,0.65,0.62,0.6,0.67,0.54,0.7,CM,MID,0
Ylldren Ibrahimaj,RM,Kosovo,0.68,0.79,0.61,0.64,0.67,0.55,0.7,0.78,0.79,0.75,0.72,0.67,0.61,0.65,0.84,0.66,0.57,0.55,0.55,0.55,0.45,0.64,RM,MID,6
Ahmed Ildız,CM,Turkey,0.68,0.72,0.64,0.69,0.71,0.58,0.65,0.76,0.69,0.75,0.72,0.7,0.68,0.67,0.71,0.7,0.62,0.51,0.58,0.59,0.52,0.66,CM,MID,6
Rareș Ilie,LM,Romania,0.68,0.78,0.62,0.65,0.71,0.41,0.65,0.74,0.81,0.8,0.76,0.7,0.61,0.66,0.68,0.71,0.38,0.37,0.42,0.38,0.58,0.65,LM,MID,1
Nestory Irankunda,RM,Australia,0.68,0.94,0.7,0.61,0.7,0.43,0.73,0.95,0.94,0.92,0.93,0.63,0.68,0.78,0.58,0.86,0.47,0.49,0.33,0.42,0.58,0.88,RM,MID,1
Diego Moreira,LM,Portugal,0.68,0.82,0.62,0.6,0.73,0.33,0.62,0.85,0.8,0.83,0.81,0.7,0.62,0.62,0.6,0.64,0.37,0.28,0.32,0.3,0.39,0.66,LM,MID,4
Jordan James,CM,Wales,0.68,0.67,0.66,0.65,0.67,0.62,0.68,0.68,0.66,0.68,0.75,0.68,0.65,0.7,0.69,0.65,0.63,0.62,0.64,0.62,0.5,0.71,CM,MID,6
Marko Janković,CM,Montenegro,0.68,0.73,0.59,0.66,0.71,0.62,0.61,0.75,0.71,0.71,0.82,0.7,0.65,0.59,0.64,0.62,0.65,0.63,0.59,0.66,0.48,0.66,CM,MID,6
Nicolas Janvier,CM,France,0.68,0.65,0.62,0.66,0.67,0.62,0.67,0.67,0.63,0.79,0.85,0.69,0.67,0.68,0.69,0.67,0.65,0.58,0.61,0.62,0.56,0.74,CM,MID,6
Leon Jensen,CM,Germany,0.68,0.65,0.62,0.66,0.7,0.56,0.57,0.68,0.62,0.76,0.84,0.71,0.68,0.51,0.8,0.49,0.6,0.52,0.59,0.56,0.4,0.71,CM,MID,6
Jodi Jones,LM,Malta,0.68,0.88,0.6,0.63,0.68,0.49,0.52,0.89,0.88,0.84,0.85,0.63,0.62,0.4,0.79,0.52,0.53,0.44,0.5,0.47,0.41,0.61,LM,MID,4
Sebastian Jørgensen,RM,Denmark,0.68,0.71,0.66,0.64,0.68,0.24,0.59,0.72,0.7,0.74,0.7,0.69,0.64,0.57,0.81,0.54,0.22,0.25,0.22,0.24,0.35,0.72,RM,MID,4
Jung Woo Young,CDM,Korea Republic,0.68,0.55,0.57,0.65,0.59,0.63,0.74,0.55,0.55,0.56,0.55,0.65,0.63,0.73,0.77,0.7,0.63,0.58,0.61,0.67,0.64,0.69,CDM,MID,0
Elvis Kabashi,CM,Albania,0.68,0.69,0.56,0.64,0.7,0.56,0.68,0.71,0.67,0.78,0.72,0.7,0.66,0.76,0.71,0.69,0.61,0.5,0.51,0.63,0.45,0.58,CM,MID,6
Lukas Kačavenda,CAM,Croatia,0.68,0.66,0.64,0.66,0.7,0.52,0.67,0.68,0.64,0.81,0.72,0.72,0.68,0.58,0.76,0.53,0.54,0.58,0.57,0.45,0.41,0.59,CAM,MID,6
Kylian Kaïboué,CDM,France,0.68,0.69,0.6,0.65,0.64,0.68,0.71,0.62,0.74,0.71,0.71,0.66,0.59,0.68,0.8,0.7,0.68,0.68,0.7,0.67,0.66,0.66,CDM,MID,0
Filip Kaloč,CM,Czech Republic,0.68,0.66,0.63,0.66,0.66,0.71,0.75,0.6,0.71,0.6,0.5,0.67,0.67,0.78,0.75,0.8,0.75,0.7,0.69,0.68,0.73,0.72,CM,MID,0
Abu Kamara,RM,England,0.68,0.85,0.62,0.59,0.7,0.39,0.6,0.85,0.85,0.84,0.69,0.66,0.63,0.62,0.71,0.74,0.37,0.3,0.42,0.35,0.55,0.64,RM,MID,4
Marco Kana,CDM,Belgium,0.68,0.68,0.32,0.65,0.68,0.66,0.69,0.68,0.68,0.72,0.74,0.71,0.63,0.71,0.63,0.73,0.68,0.66,0.64,0.68,0.63,0.38,CDM,MID,6
Herbie Kane,CM,England,0.68,0.68,0.62,0.67,0.67,0.61,0.73,0.69,0.68,0.81,0.75,0.68,0.66,0.68,0.85,0.68,0.61,0.62,0.62,0.62,0.56,0.63,CM,MID,6
Bartosz Kapustka,CM,Poland,0.68,0.8,0.62,0.68,0.71,0.47,0.58,0.79,0.81,0.8,0.74,0.72,0.7,0.57,0.7,0.69,0.5,0.38,0.42,0.48,0.56,0.63,CM,MID,1
Ayman Kari,CM,France,0.68,0.7,0.53,0.66,0.73,0.59,0.65,0.74,0.67,0.63,0.71,0.76,0.67,0.65,0.65,0.71,0.64,0.52,0.56,0.62,0.58,0.63,CM,MID,6
Mark-Anthony Kaye,CM,Canada,0.68,0.7,0.53,0.64,0.64,0.68,0.73,0.68,0.72,0.58,0.5,0.66,0.66,0.7,0.82,0.73,0.69,0.68,0.68,0.65,0.68,0.6,CM,MID,0
Habib Keïta,CM,Mali,0.68,0.68,0.57,0.65,0.71,0.63,0.67,0.66,0.69,0.7,0.69,0.72,0.64,0.65,0.7,0.66,0.65,0.52,0.63,0.69,0.55,0.57,CM,MID,6
Can Keleş,RM,Turkey,0.68,0.78,0.65,0.6,0.71,0.35,0.62,0.79,0.78,0.77,0.7,0.7,0.66,0.64,0.67,0.72,0.38,0.37,0.3,0.25,0.55,0.65,RM,MID,4
Aljoscha Kemlein,CM,Germany,0.68,0.6,0.59,0.65,0.67,0.64,0.66,0.66,0.55,0.68,0.7,0.69,0.66,0.67,0.67,0.69,0.69,0.65,0.61,0.64,0.61,0.62,CM,MID,0
Liam Kerrigan,RM,Republic of Ireland,0.68,0.72,0.6,0.65,0.72,0.43,0.65,0.73,0.71,0.72,0.7,0.73,0.65,0.7,0.65,0.62,0.49,0.48,0.36,0.43,0.44,0.66,RM,MID,6
Benhur Keser,LM,Turkey,0.68,0.76,0.59,0.62,0.7,0.31,0.6,0.74,0.77,0.62,0.57,0.71,0.64,0.58,0.66,0.67,0.23,0.25,0.33,0.28,0.56,0.61,LM,MID,4
Kim Jin Kyu,CM,Korea Republic,0.68,0.76,0.6,0.67,0.7,0.37,0.69,0.74,0.77,0.77,0.71,0.69,0.67,0.67,0.88,0.61,0.33,0.28,0.32,0.51,0.43,0.6,CM,MID,4
Kim In Sung,RM,Korea Republic,0.68,0.89,0.58,0.56,0.69,0.34,0.59,0.89,0.89,0.83,0.67,0.64,0.66,0.61,0.71,0.66,0.32,0.31,0.4,0.22,0.44,0.58,RM,MID,4
Kim Dong Hyun,CM,Korea Republic,0.68,0.66,0.49,0.63,0.65,0.61,0.78,0.67,0.66,0.75,0.69,0.67,0.71,0.79,0.86,0.63,0.64,0.56,0.61,0.7,0.4,0.52,CM,MID,6
Sebastian Klaas,CAM,Germany,0.68,0.66,0.6,0.67,0.68,0.49,0.55,0.79,0.55,0.8,0.83,0.66,0.68,0.42,0.83,0.49,0.45,0.4,0.52,0.59,0.4,0.62,CAM,MID,6
Anders Klynge,CM,Denmark,0.68,0.68,0.55,0.65,0.69,0.63,0.72,0.69,0.68,0.74,0.77,0.69,0.67,0.68,0.85,0.62,0.65,0.63,0.64,0.66,0.46,0.62,CM,MID,6
Magnus Knudsen,CM,Norway,0.68,0.71,0.59,0.69,0.71,0.64,0.65,0.72,0.71,0.75,0.75,0.72,0.66,0.61,0.71,0.7,0.64,0.62,0.65,0.64,0.6,0.61,CM,MID,6
Vladyslav Kochergin,CM,Ukraine,0.68,0.66,0.67,0.68,0.68,0.46,0.64,0.67,0.65,0.71,0.73,0.7,0.65,0.61,0.82,0.56,0.43,0.3,0.5,0.54,0.44,0.69,CM,MID,6
Giorgi Kochorashvili,CM,Georgia,0.68,0.69,0.68,0.68,0.69,0.67,0.65,0.71,0.67,0.72,0.74,0.72,0.62,0.57,0.77,0.69,0.65,0.65,0.72,0.65,0.65,0.74,CM,MID,5
Sven Köhler,CDM,Germany,0.68,0.64,0.58,0.61,0.62,0.62,0.8,0.63,0.64,0.65,0.67,0.64,0.62,0.76,0.89,0.71,0.65,0.62,0.62,0.61,0.55,0.71,CDM,MID,0
Benjamin Kololli,LM,Kosovo,0.68,0.7,0.67,0.64,0.71,0.54,0.68,0.69,0.71,0.74,0.68,0.7,0.63,0.71,0.69,0.73,0.6,0.56,0.47,0.52,0.6,0.71,LM,MID,6
Mory Konaté,CDM,Guinea,0.68,0.43,0.42,0.54,0.58,0.66,0.83,0.46,0.41,0.54,0.38,0.64,0.62,0.88,0.76,0.74,0.68,0.63,0.64,0.69,0.65,0.7,CDM,MID,0
Eboue Kouassi,CDM,Côte d'Ivoire,0.68,0.65,0.46,0.58,0.61,0.68,0.69,0.64,0.66,0.69,0.6,0.63,0.64,0.7,0.62,0.7,0.72,0.65,0.65,0.7,0.62,0.55,CDM,MID,0
Sebastian Kowalczyk,CAM,Poland,0.68,0.81,0.63,0.63,0.71,0.43,0.52,0.84,0.79,0.92,0.94,0.69,0.7,0.32,0.8,0.48,0.43,0.44,0.51,0.31,0.42,0.64,CAM,MID,4
Kacper Kozłowski,LM,Poland,0.68,0.68,0.59,0.63,0.74,0.63,0.69,0.77,0.61,0.8,0.83,0.72,0.7,0.67,0.74,0.74,0.66,0.63,0.62,0.63,0.59,0.64,LM,MID,6
Bledian Krasniqi,CM,Switzerland,0.68,0.71,0.66,0.67,0.71,0.63,0.61,0.7,0.72,0.79,0.88,0.69,0.68,0.56,0.7,0.6,0.62,0.61,0.65,0.66,0.51,0.66,CM,MID,6
Filip Krastev,CAM,Bulgaria,0.68,0.68,0.61,0.65,0.74,0.42,0.4,0.8,0.59,0.73,0.65,0.75,0.49,0.32,0.52,0.41,0.44,0.42,0.39,0.5,0.25,0.53,CAM,MID,3
Godson Kyeremeh,RM,France,0.68,0.86,0.64,0.6,0.69,0.32,0.41,0.9,0.83,0.8,0.82,0.68,0.51,0.33,0.56,0.55,0.38,0.4,0.24,0.21,0.49,0.65,RM,MID,4
Hector Kyprianou,CDM,Cyprus,0.68,0.64,0.6,0.6,0.65,0.64,0.75,0.64,0.64,0.64,0.58,0.67,0.65,0.74,0.82,0.73,0.64,0.63,0.66,0.63,0.62,0.57,CDM,MID,0
Lars Olden Larsen,LM,Norway,0.68,0.74,0.68,0.6,0.71,0.52,0.6,0.83,0.67,0.81,0.78,0.69,0.62,0.57,0.8,0.6,0.53,0.46,0.55,0.51,0.51,0.7,LM,MID,6
Ryan Ledson,CDM,England,0.68,0.62,0.55,0.66,0.66,0.63,0.74,0.59,0.64,0.74,0.78,0.66,0.64,0.65,0.78,0.64,0.64,0.64,0.62,0.66,0.58,0.59,CDM,MID,6
Lee Dong Jun,RM,Korea Republic,0.68,0.89,0.62,0.56,0.74,0.39,0.6,0.91,0.88,0.87,0.87,0.7,0.64,0.58,0.59,0.74,0.38,0.36,0.34,0.42,0.56,0.63,RM,MID,1
Iván Leguizamón,RM,Paraguay,0.68,0.87,0.61,0.61,0.69,0.36,0.57,0.86,0.88,0.81,0.66,0.68,0.62,0.57,0.61,0.62,0.37,0.41,0.32,0.36,0.41,0.58,RM,MID,4
Lucas Lemos,CDM,Uruguay,0.68,0.55,0.5,0.6,0.49,0.69,0.71,0.42,0.66,0.39,0.57,0.58,0.64,0.76,0.75,0.66,0.74,0.65,0.71,0.63,0.61,0.68,CDM,MID,0
Dylan Levitt,CM,Wales,0.68,0.63,0.66,0.68,0.69,0.59,0.63,0.67,0.59,0.78,0.68,0.7,0.67,0.64,0.66,0.55,0.63,0.6,0.6,0.62,0.37,0.68,CM,MID,6
Oscar Lewicki,CDM,Sweden,0.68,0.53,0.55,0.59,0.64,0.69,0.73,0.54,0.53,0.75,0.88,0.62,0.63,0.69,0.83,0.66,0.65,0.64,0.77,0.7,0.63,0.64,CDM,MID,0
Kevin Lewis,CDM,Uruguay,0.68,0.68,0.58,0.61,0.63,0.66,0.67,0.67,0.69,0.68,0.72,0.64,0.69,0.63,0.76,0.55,0.7,0.73,0.64,0.75,0.37,0.63,CDM,MID,6
Clayton Lewis,CDM,New Zealand,0.68,0.7,0.58,0.69,0.68,0.61,0.76,0.73,0.67,0.81,0.85,0.67,0.65,0.76,0.82,0.73,0.63,0.61,0.59,0.66,0.53,0.65,CDM,MID,6
Franco Leys,CDM,Argentina,0.68,0.64,0.5,0.6,0.62,0.67,0.66,0.66,0.63,0.64,0.75,0.65,0.62,0.58,0.81,0.64,0.7,0.65,0.7,0.64,0.59,0.53,CDM,MID,6
Lim Sang Hyub,LM,Korea Republic,0.68,0.75,0.65,0.62,0.68,0.43,0.69,0.73,0.76,0.74,0.69,0.69,0.63,0.72,0.77,0.74,0.37,0.3,0.41,0.52,0.57,0.63,LM,MID,1
Lim Dug Keun,CDM,Korea Republic,0.68,0.62,0.51,0.57,0.59,0.67,0.77,0.6,0.64,0.6,0.6,0.62,0.64,0.78,0.79,0.76,0.69,0.71,0.62,0.67,0.67,0.67,CDM,MID,0
Nicolás Linares,CDM,Argentina,0.68,0.58,0.54,0.63,0.65,0.67,0.67,0.61,0.55,0.58,0.74,0.66,0.64,0.63,0.67,0.62,0.67,0.64,0.71,0.67,0.54,0.59,CDM,MID,0
Justin Lonwijk,CM,Suriname,0.68,0.73,0.63,0.65,0.68,0.62,0.77,0.69,0.76,0.7,0.59,0.69,0.68,0.81,0.76,0.78,0.64,0.59,0.63,0.62,0.6,0.69,CM,MID,5
Marcos López,LM,Peru,0.68,0.76,0.54,0.64,0.71,0.65,0.71,0.78,0.75,0.78,0.79,0.68,0.68,0.68,0.78,0.77,0.67,0.64,0.63,0.66,0.65,0.69,LM,MID,6
Adrián Luna,CAM,Uruguay,0.68,0.78,0.63,0.69,0.69,0.4,0.46,0.79,0.77,0.77,0.77,0.68,0.61,0.36,0.61,0.57,0.36,0.31,0.38,0.45,0.56,0.67,CAM,MID,4
Diego Luna,LM,United States,0.68,0.77,0.59,0.62,0.75,0.42,0.68,0.83,0.72,0.78,0.88,0.72,0.59,0.79,0.6,0.76,0.47,0.34,0.35,0.45,0.48,0.58,LM,MID,1
Awer Mabil,LM,Australia,0.68,0.86,0.63,0.62,0.69,0.34,0.61,0.88,0.84,0.82,0.69,0.68,0.57,0.56,0.69,0.69,0.33,0.2,0.34,0.35,0.5,0.7,LM,MID,4
Julien Maggiotti,CM,France,0.68,0.61,0.69,0.68,0.7,0.55,0.75,0.58,0.64,0.66,0.6,0.74,0.65,0.8,0.78,0.68,0.57,0.49,0.55,0.58,0.5,0.66,CM,MID,0
Luca Magnino,CDM,Italy,0.68,0.77,0.55,0.63,0.64,0.65,0.72,0.74,0.79,0.65,0.72,0.65,0.69,0.72,0.69,0.77,0.64,0.64,0.65,0.66,0.64,0.67,CDM,MID,6
Guido Mainero,RM,Argentina,0.68,0.87,0.64,0.59,0.68,0.47,0.66,0.85,0.89,0.82,0.75,0.66,0.6,0.61,0.73,0.75,0.49,0.47,0.41,0.45,0.58,0.71,RM,MID,1
Nicolás Maná,RM,Argentina,0.68,0.81,0.64,0.61,0.71,0.29,0.66,0.8,0.82,0.83,0.81,0.71,0.57,0.72,0.7,0.77,0.22,0.33,0.27,0.25,0.56,0.68,RM,MID,4
Cyril Mandouki,CDM,France,0.68,0.48,0.54,0.63,0.65,0.65,0.78,0.46,0.5,0.71,0.7,0.64,0.66,0.76,0.9,0.7,0.65,0.64,0.62,0.68,0.67,0.6,CDM,MID,0
Sivert Heggheim Mannsverk,CDM,Norway,0.68,0.62,0.58,0.65,0.68,0.63,0.74,0.68,0.57,0.7,0.74,0.68,0.65,0.72,0.84,0.71,0.65,0.61,0.64,0.64,0.58,0.64,CDM,MID,0
Manuel Marras,RM,Italy,0.68,0.79,0.62,0.63,0.69,0.31,0.48,0.83,0.76,0.86,0.92,0.66,0.61,0.31,0.85,0.51,0.28,0.22,0.29,0.37,0.47,0.63,RM,MID,4
Nacho Martín,CDM,Spain,0.68,0.7,0.45,0.67,0.65,0.64,0.63,0.68,0.72,0.71,0.75,0.68,0.63,0.58,0.71,0.58,0.65,0.67,0.67,0.65,0.48,0.57,CDM,MID,6
Mario Martín,CM,Spain,0.68,0.68,0.53,0.68,0.72,0.63,0.49,0.69,0.68,0.71,0.74,0.72,0.68,0.48,0.34,0.55,0.69,0.57,0.57,0.68,0.54,0.53,CM,MID,6
Alexandru Mățan,CAM,Romania,0.68,0.86,0.61,0.66,0.73,0.38,0.51,0.85,0.87,0.88,0.89,0.69,0.65,0.44,0.63,0.52,0.4,0.31,0.4,0.34,0.41,0.68,CAM,MID,4
Jean-Manuel Mbom,CM,Germany,0.68,0.7,0.6,0.66,0.69,0.64,0.72,0.68,0.72,0.69,0.75,0.68,0.72,0.72,0.73,0.64,0.67,0.63,0.66,0.64,0.45,0.66,CM,MID,6
Dax McCarty,CDM,United States,0.68,0.43,0.53,0.62,0.63,0.65,0.72,0.53,0.34,0.59,0.75,0.65,0.7,0.67,0.8,0.65,0.65,0.64,0.68,0.64,0.62,0.68,CDM,MID,0
Jack McGlynn,CM,United States,0.68,0.7,0.53,0.71,0.68,0.56,0.6,0.71,0.69,0.69,0.72,0.7,0.65,0.57,0.68,0.6,0.63,0.58,0.52,0.55,0.48,0.65,CM,MID,6
Anis Mehmeti,LM,Albania,0.68,0.74,0.62,0.61,0.73,0.54,0.65,0.75,0.73,0.78,0.78,0.71,0.58,0.63,0.7,0.67,0.56,0.51,0.52,0.56,0.52,0.61,LM,MID,6
Emiliano Méndez,CDM,Argentina,0.68,0.37,0.49,0.6,0.63,0.64,0.84,0.41,0.33,0.49,0.51,0.7,0.6,0.9,0.81,0.74,0.63,0.62,0.68,0.6,0.69,0.65,CDM,MID,0
William Mendieta,CAM,Paraguay,0.68,0.57,0.67,0.68,0.69,0.31,0.61,0.61,0.53,0.65,0.68,0.71,0.67,0.7,0.53,0.56,0.4,0.39,0.2,0.25,0.4,0.69,CAM,MID,4
Hamza Mendyl,LM,Morocco,0.68,0.87,0.58,0.57,0.69,0.61,0.68,0.85,0.89,0.74,0.69,0.67,0.7,0.61,0.71,0.74,0.61,0.63,0.59,0.64,0.57,0.53,LM,MID,6
Mehdi Merghem,RM,France,0.68,0.75,0.65,0.65,0.7,0.5,0.69,0.76,0.74,0.8,0.73,0.69,0.55,0.7,0.74,0.68,0.53,0.47,0.47,0.54,0.49,0.68,RM,MID,6
Metinho,CDM,Brazil,0.68,0.69,0.54,0.6,0.68,0.67,0.64,0.68,0.7,0.65,0.66,0.7,0.65,0.6,0.72,0.69,0.66,0.6,0.69,0.68,0.66,0.59,CDM,MID,6
Melle Meulensteen,CDM,Holland,0.68,0.68,0.56,0.63,0.65,0.66,0.72,0.68,0.68,0.68,0.72,0.68,0.68,0.73,0.78,0.75,0.68,0.66,0.65,0.67,0.65,0.67,CDM,MID,0
Dardo Miloc,CDM,Argentina,0.68,0.6,0.46,0.59,0.63,0.66,0.76,0.59,0.61,0.66,0.65,0.66,0.63,0.71,0.9,0.68,0.69,0.66,0.64,0.68,0.59,0.48,CDM,MID,0
Kevin Minda,CDM,Ecuador,0.68,0.65,0.5,0.64,0.63,0.66,0.69,0.67,0.63,0.7,0.71,0.63,0.65,0.68,0.76,0.72,0.67,0.65,0.65,0.68,0.67,0.52,CDM,MID,0
Luis Miranda,RM,Colombia,0.68,0.82,0.63,0.57,0.7,0.27,0.58,0.83,0.81,0.76,0.75,0.66,0.64,0.6,0.73,0.77,0.23,0.2,0.23,0.25,0.65,0.63,RM,MID,4
Demetri Mitchell,LM,England,0.68,0.9,0.62,0.63,0.67,0.59,0.67,0.89,0.91,0.77,0.72,0.65,0.62,0.64,0.74,0.74,0.61,0.57,0.59,0.57,0.54,0.64,LM,MID,6
Billy Mitchell,CM,England,0.68,0.66,0.54,0.64,0.68,0.65,0.72,0.66,0.66,0.71,0.7,0.68,0.72,0.7,0.82,0.63,0.68,0.64,0.68,0.66,0.49,0.64,CM,MID,6
Stefan Mitrović,LM,Serbia,0.68,0.77,0.69,0.61,0.71,0.35,0.63,0.74,0.79,0.65,0.72,0.72,0.53,0.69,0.64,0.69,0.29,0.34,0.43,0.23,0.53,0.66,LM,MID,4
Jan Mlakar,LM,Slovenia,0.68,0.79,0.66,0.6,0.68,0.35,0.67,0.8,0.78,0.7,0.69,0.68,0.65,0.71,0.71,0.81,0.33,0.33,0.29,0.3,0.69,0.7,LM,MID,1
Tobias Mohr,LM,Germany,0.68,0.79,0.64,0.66,0.67,0.56,0.68,0.77,0.81,0.73,0.73,0.66,0.59,0.68,0.76,0.71,0.59,0.57,0.51,0.58,0.53,0.73,LM,MID,6
Alfredo Morales,CDM,United States,0.68,0.54,0.58,0.65,0.66,0.62,0.77,0.62,0.48,0.68,0.71,0.68,0.64,0.76,0.78,0.71,0.61,0.61,0.63,0.65,0.55,0.67,CDM,MID,0
Jon Morcillo,LM,Spain,0.68,0.79,0.68,0.66,0.67,0.48,0.63,0.82,0.76,0.78,0.7,0.65,0.61,0.65,0.71,0.78,0.48,0.51,0.45,0.42,0.63,0.73,LM,MID,1
Berto,LM,Cape Verde Islands,0.68,0.79,0.65,0.6,0.71,0.53,0.74,0.8,0.78,0.74,0.77,0.68,0.67,0.74,0.66,0.78,0.57,0.54,0.46,0.53,0.57,0.78,LM,MID,6
Aimen Moueffek,CM,Morocco,0.68,0.65,0.56,0.64,0.72,0.65,0.66,0.68,0.62,0.78,0.66,0.73,0.69,0.65,0.64,0.69,0.67,0.65,0.65,0.65,0.6,0.59,CM,MID,6
Filip Mrzljak,CDM,Croatia,0.68,0.68,0.48,0.58,0.65,0.65,0.71,0.71,0.66,0.81,0.74,0.68,0.61,0.62,0.87,0.66,0.68,0.67,0.64,0.66,0.54,0.68,CDM,MID,6
Rui Modesto,RM,Angola,0.68,0.85,0.61,0.61,0.66,0.55,0.63,0.84,0.85,0.77,0.74,0.65,0.58,0.57,0.78,0.62,0.63,0.6,0.5,0.54,0.43,0.54,RM,MID,6
Ngal'ayel Mukau,CDM,Congo DR,0.68,0.64,0.4,0.57,0.65,0.68,0.65,0.65,0.64,0.62,0.73,0.68,0.62,0.6,0.64,0.68,0.69,0.66,0.69,0.69,0.66,0.58,CDM,MID,0
Beni,CM,Angola,0.68,0.67,0.58,0.63,0.67,0.65,0.64,0.67,0.67,0.66,0.61,0.7,0.64,0.62,0.7,0.56,0.72,0.7,0.63,0.67,0.44,0.61,CM,MID,6
Agustín Mulet,CM,Argentina,0.68,0.71,0.51,0.66,0.7,0.62,0.72,0.72,0.7,0.71,0.76,0.72,0.64,0.66,0.83,0.78,0.7,0.69,0.54,0.55,0.71,0.59,CM,MID,6
Jorge Félix,LM,Spain,0.68,0.66,0.65,0.65,0.69,0.29,0.53,0.66,0.66,0.8,0.83,0.67,0.66,0.56,0.62,0.62,0.22,0.22,0.34,0.2,0.57,0.65,LM,MID,4
Josh Murphy,LM,England,0.68,0.87,0.64,0.63,0.7,0.29,0.53,0.86,0.87,0.83,0.81,0.68,0.62,0.55,0.56,0.61,0.27,0.27,0.3,0.27,0.38,0.65,LM,MID,4
Alex Muyl,RM,United States,0.68,0.78,0.59,0.62,0.66,0.62,0.8,0.8,0.76,0.75,0.69,0.69,0.62,0.74,0.91,0.83,0.62,0.56,0.59,0.64,0.7,0.7,RM,MID,5
Joel Mvuka,RM,Norway,0.68,0.91,0.57,0.59,0.72,0.41,0.46,0.92,0.9,0.91,0.88,0.68,0.58,0.33,0.71,0.55,0.38,0.38,0.43,0.42,0.47,0.59,RM,MID,4
Nikolas Nartey,CM,Denmark,0.68,0.69,0.49,0.67,0.73,0.66,0.68,0.69,0.69,0.74,0.76,0.74,0.71,0.72,0.59,0.73,0.68,0.61,0.67,0.66,0.6,0.51,CM,MID,6
Federico Navarro,CDM,Argentina,0.68,0.74,0.44,0.61,0.69,0.68,0.57,0.73,0.74,0.77,0.79,0.65,0.65,0.43,0.67,0.57,0.76,0.71,0.61,0.71,0.59,0.58,CDM,MID,6
Alassane Ndao,RM,Senegal,0.68,0.76,0.61,0.62,0.7,0.31,0.54,0.74,0.78,0.75,0.79,0.68,0.63,0.59,0.63,0.61,0.27,0.35,0.32,0.25,0.45,0.7,RM,MID,4
Serge-Junior M. Ngouali,CDM,Gabon,0.68,0.6,0.58,0.64,0.67,0.65,0.73,0.61,0.6,0.76,0.9,0.66,0.7,0.73,0.75,0.69,0.64,0.61,0.67,0.67,0.58,0.63,CDM,MID,0
Julian Niehues,CDM,Germany,0.68,0.59,0.54,0.59,0.64,0.67,0.77,0.57,0.61,0.53,0.42,0.67,0.68,0.84,0.72,0.77,0.68,0.68,0.65,0.66,0.68,0.6,CDM,MID,0
Luciano Nieto,CM,Argentina,0.68,0.72,0.65,0.71,0.72,0.39,0.66,0.73,0.71,0.75,0.67,0.73,0.7,0.65,0.68,0.64,0.44,0.49,0.33,0.33,0.46,0.7,CM,MID,1
Calem Nieuwenhof,CM,Australia,0.68,0.76,0.61,0.63,0.69,0.65,0.68,0.76,0.76,0.78,0.8,0.66,0.67,0.58,0.88,0.63,0.69,0.69,0.66,0.66,0.47,0.67,CM,MID,6
Mark O'Hara,CM,Scotland,0.68,0.71,0.66,0.64,0.68,0.64,0.74,0.69,0.72,0.66,0.67,0.68,0.68,0.74,0.86,0.74,0.66,0.6,0.64,0.66,0.62,0.7,CM,MID,5
Jáder Obrian,RM,Colombia,0.68,0.87,0.64,0.59,0.69,0.36,0.63,0.88,0.86,0.86,0.82,0.64,0.65,0.67,0.74,0.77,0.4,0.24,0.38,0.24,0.55,0.68,RM,MID,1
Marvin Obuz,RM,Germany,0.68,0.72,0.64,0.62,0.7,0.29,0.63,0.76,0.69,0.75,0.68,0.68,0.66,0.6,0.81,0.61,0.3,0.22,0.27,0.27,0.42,0.68,RM,MID,4
Kanji Okunuki,LM,Japan,0.68,0.84,0.57,0.58,0.74,0.33,0.47,0.86,0.83,0.87,0.9,0.72,0.61,0.35,0.8,0.57,0.38,0.31,0.22,0.34,0.52,0.54,LM,MID,4
Olaetxea,CDM,Spain,0.68,0.64,0.69,0.64,0.66,0.64,0.71,0.65,0.63,0.64,0.68,0.68,0.68,0.73,0.75,0.68,0.69,0.68,0.63,0.6,0.54,0.7,CDM,MID,0
Simon Olsson,CM,Sweden,0.68,0.63,0.52,0.67,0.7,0.55,0.73,0.65,0.61,0.61,0.71,0.74,0.64,0.74,0.84,0.53,0.52,0.54,0.58,0.62,0.44,0.53,CM,MID,6
Aaron Opoku,RM,Germany,0.68,0.88,0.56,0.62,0.72,0.39,0.61,0.84,0.92,0.81,0.69,0.7,0.53,0.58,0.71,0.66,0.43,0.38,0.35,0.34,0.48,0.64,RM,MID,4
Pedro Ortiz,CM,Spain,0.68,0.59,0.57,0.61,0.65,0.59,0.68,0.65,0.54,0.64,0.55,0.7,0.65,0.68,0.72,0.64,0.68,0.6,0.48,0.66,0.52,0.53,CM,MID,0
Sergio Ortuño,CM,Spain,0.68,0.63,0.63,0.62,0.66,0.63,0.61,0.6,0.66,0.51,0.63,0.7,0.68,0.6,0.7,0.61,0.68,0.55,0.6,0.69,0.54,0.65,CM,MID,0
Yassin Oukili,CDM,Morocco,0.68,0.6,0.67,0.64,0.67,0.59,0.79,0.54,0.64,0.63,0.69,0.69,0.64,0.82,0.77,0.61,0.64,0.58,0.57,0.61,0.43,0.83,CDM,MID,0
Walid Ould-Chikh,CAM,Holland,0.68,0.76,0.71,0.64,0.68,0.56,0.65,0.74,0.77,0.76,0.74,0.66,0.65,0.61,0.69,0.7,0.56,0.52,0.56,0.58,0.59,0.75,CAM,MID,6
Luca Oyen,LM,Belgium,0.68,0.78,0.6,0.65,0.71,0.39,0.49,0.82,0.74,0.82,0.81,0.7,0.61,0.42,0.63,0.55,0.42,0.37,0.37,0.35,0.47,0.62,LM,MID,4
Jayson Papeau,LM,France,0.68,0.83,0.59,0.62,0.74,0.38,0.75,0.84,0.83,0.81,0.92,0.73,0.56,0.75,0.72,0.7,0.45,0.43,0.3,0.35,0.43,0.68,LM,MID,1
Charlie Patino,CM,England,0.68,0.6,0.48,0.71,0.68,0.65,0.65,0.66,0.55,0.72,0.64,0.7,0.61,0.58,0.76,0.64,0.65,0.66,0.62,0.71,0.59,0.56,CM,MID,0
Luis Paz,CDM,Colombia,0.68,0.59,0.53,0.6,0.6,0.67,0.75,0.65,0.54,0.68,0.71,0.62,0.59,0.8,0.72,0.74,0.64,0.63,0.74,0.68,0.58,0.49,CDM,MID,0
Kevin Pérez,CAM,Colombia,0.68,0.8,0.57,0.62,0.7,0.45,0.52,0.8,0.8,0.82,0.87,0.68,0.62,0.47,0.66,0.51,0.33,0.35,0.58,0.55,0.33,0.48,CAM,MID,4
César Pérez,CM,Chile,0.68,0.69,0.59,0.6,0.69,0.52,0.62,0.68,0.7,0.59,0.71,0.7,0.67,0.58,0.78,0.54,0.6,0.48,0.45,0.59,0.43,0.58,CM,MID,6
Lukas Petkov,CM,Bulgaria,0.68,0.75,0.66,0.65,0.71,0.56,0.63,0.78,0.73,0.7,0.71,0.7,0.68,0.62,0.72,0.66,0.58,0.59,0.55,0.54,0.49,0.78,CM,MID,6
Jacopo Petriccione,CM,Italy,0.68,0.46,0.51,0.69,0.68,0.55,0.62,0.55,0.38,0.63,0.8,0.73,0.63,0.63,0.6,0.63,0.58,0.58,0.5,0.55,0.59,0.57,CM,MID,0
Radosav Petrović,CDM,Serbia,0.68,0.35,0.54,0.59,0.58,0.68,0.76,0.37,0.33,0.32,0.36,0.63,0.65,0.8,0.7,0.68,0.7,0.59,0.68,0.69,0.67,0.63,CDM,MID,0
Leonel Picco,CDM,Argentina,0.68,0.54,0.58,0.61,0.63,0.65,0.73,0.53,0.55,0.53,0.49,0.65,0.61,0.74,0.71,0.69,0.67,0.64,0.66,0.64,0.63,0.61,CDM,MID,0
Balthazar Pierret,CDM,France,0.68,0.66,0.52,0.59,0.64,0.68,0.7,0.7,0.62,0.67,0.52,0.69,0.64,0.71,0.74,0.74,0.68,0.67,0.69,0.67,0.63,0.66,CDM,MID,0
César Pinares,CAM,Chile,0.68,0.67,0.64,0.7,0.7,0.52,0.69,0.68,0.66,0.67,0.69,0.75,0.58,0.74,0.69,0.6,0.57,0.43,0.5,0.57,0.37,0.74,CAM,MID,6
Przemysław Płacheta,LM,Poland,0.68,0.91,0.6,0.6,0.69,0.39,0.55,0.89,0.93,0.89,0.85,0.66,0.62,0.48,0.76,0.56,0.4,0.33,0.38,0.41,0.37,0.63,LM,MID,4
Paxton Pomykal,CM,United States,0.68,0.73,0.57,0.7,0.72,0.61,0.67,0.76,0.71,0.78,0.82,0.67,0.66,0.66,0.78,0.62,0.66,0.57,0.71,0.51,0.42,0.62,CM,MID,6
Nicolai Poulsen,CM,Denmark,0.68,0.59,0.54,0.68,0.7,0.65,0.79,0.68,0.52,0.7,0.78,0.71,0.69,0.77,0.81,0.75,0.6,0.59,0.7,0.68,0.6,0.58,CM,MID,0
Gianluca Prestianni,RM,Argentina,0.68,0.87,0.6,0.57,0.76,0.35,0.46,0.91,0.83,0.92,0.93,0.72,0.62,0.33,0.63,0.46,0.38,0.33,0.23,0.53,0.26,0.62,RM,MID,4
Alex Pritchard,CAM,England,0.68,0.59,0.67,0.69,0.72,0.52,0.45,0.61,0.58,0.84,0.87,0.7,0.67,0.34,0.52,0.39,0.52,0.49,0.51,0.58,0.42,0.72,CAM,MID,6
Ruben Providence,LM,France,0.68,0.83,0.63,0.57,0.73,0.29,0.56,0.86,0.81,0.82,0.85,0.72,0.63,0.54,0.71,0.7,0.29,0.22,0.24,0.25,0.57,0.66,LM,MID,4
Nicolás Quagliata,CAM,Uruguay,0.68,0.68,0.6,0.68,0.73,0.38,0.42,0.7,0.67,0.8,0.77,0.69,0.58,0.34,0.6,0.42,0.45,0.49,0.32,0.29,0.44,0.47,CAM,MID,4
Daniel Queipo,LM,Spain,0.68,0.81,0.65,0.62,0.68,0.3,0.47,0.8,0.81,0.76,0.79,0.67,0.6,0.41,0.64,0.49,0.32,0.29,0.27,0.24,0.41,0.62,LM,MID,4
Álvaro Quiroga,CDM,Bolivia,0.68,0.69,0.57,0.69,0.65,0.62,0.66,0.72,0.67,0.63,0.71,0.68,0.65,0.59,0.85,0.66,0.65,0.61,0.6,0.66,0.55,0.47,CDM,MID,6
Michał Rakoczy,CAM,Poland,0.68,0.77,0.65,0.65,0.72,0.41,0.62,0.76,0.78,0.83,0.89,0.7,0.65,0.56,0.76,0.63,0.4,0.42,0.4,0.38,0.49,0.65,CAM,MID,1
Adam Randell,CM,England,0.68,0.76,0.62,0.66,0.7,0.65,0.71,0.78,0.74,0.83,0.87,0.69,0.67,0.64,0.8,0.76,0.66,0.62,0.65,0.65,0.66,0.65,CM,MID,5
Nicolai Rapp,CDM,Germany,0.68,0.54,0.42,0.55,0.59,0.69,0.72,0.55,0.54,0.57,0.63,0.64,0.69,0.75,0.7,0.71,0.71,0.68,0.68,0.69,0.65,0.53,CDM,MID,0
Tobias Raschl,CM,Germany,0.68,0.64,0.55,0.65,0.71,0.58,0.67,0.67,0.61,0.77,0.78,0.72,0.69,0.63,0.82,0.56,0.6,0.57,0.58,0.63,0.43,0.59,CM,MID,6
Kenny Prince Redondo,LM,Germany,0.68,0.92,0.62,0.58,0.7,0.47,0.6,0.91,0.92,0.85,0.81,0.69,0.6,0.53,0.77,0.68,0.45,0.46,0.5,0.43,0.52,0.65,LM,MID,1
Nicolai Remberg,CM,Germany,0.68,0.69,0.53,0.63,0.68,0.62,0.76,0.67,0.71,0.62,0.68,0.73,0.66,0.78,0.76,0.82,0.66,0.62,0.6,0.63,0.58,0.53,CM,MID,0
Eric Remedi,CDM,Argentina,0.68,0.42,0.49,0.59,0.61,0.66,0.8,0.51,0.34,0.6,0.7,0.61,0.69,0.85,0.68,0.74,0.68,0.63,0.64,0.68,0.62,0.61,CDM,MID,0
Andy Rinomhota,CDM,England,0.68,0.8,0.54,0.59,0.65,0.67,0.8,0.76,0.84,0.66,0.82,0.63,0.63,0.8,0.81,0.82,0.69,0.7,0.65,0.67,0.63,0.58,CDM,MID,6
Renaud Ripart,RM,France,0.68,0.64,0.67,0.66,0.68,0.64,0.8,0.62,0.65,0.64,0.66,0.7,0.66,0.83,0.82,0.79,0.64,0.58,0.64,0.63,0.68,0.72,RM,MID,0
Ciro Rius,RM,Argentina,0.68,0.69,0.61,0.67,0.7,0.57,0.6,0.66,0.71,0.74,0.74,0.7,0.64,0.57,0.62,0.63,0.59,0.49,0.56,0.59,0.57,0.68,RM,MID,6
Rigoberto Rivas,LM,Honduras,0.68,0.79,0.62,0.63,0.69,0.34,0.56,0.81,0.77,0.74,0.71,0.68,0.58,0.59,0.67,0.66,0.35,0.37,0.3,0.29,0.49,0.72,LM,MID,4
Harold Rivera,CDM,Colombia,0.68,0.71,0.59,0.68,0.67,0.63,0.67,0.7,0.72,0.75,0.74,0.69,0.68,0.66,0.74,0.62,0.66,0.62,0.66,0.64,0.48,0.59,CDM,MID,6
Tyler Roberts,CAM,Wales,0.68,0.7,0.64,0.63,0.72,0.38,0.67,0.69,0.7,0.8,0.74,0.72,0.63,0.73,0.62,0.75,0.39,0.27,0.31,0.37,0.65,0.7,CAM,MID,1
Carlos Robles,CDM,Colombia,0.68,0.52,0.48,0.6,0.57,0.64,0.75,0.51,0.53,0.52,0.62,0.65,0.6,0.79,0.84,0.62,0.72,0.68,0.63,0.62,0.47,0.56,CDM,MID,0
Júlio Romão,CDM,Brazil,0.68,0.59,0.44,0.57,0.7,0.64,0.81,0.61,0.58,0.59,0.61,0.72,0.59,0.9,0.64,0.77,0.7,0.68,0.59,0.63,0.57,0.67,CDM,MID,0
Martín Rodríguez,LM,Chile,0.68,0.81,0.61,0.66,0.7,0.43,0.6,0.81,0.81,0.82,0.79,0.69,0.55,0.58,0.62,0.71,0.41,0.4,0.37,0.5,0.57,0.68,LM,MID,4
Andy,CM,Spain,0.68,0.52,0.65,0.68,0.66,0.67,0.73,0.52,0.52,0.67,0.65,0.67,0.68,0.73,0.8,0.66,0.71,0.63,0.66,0.66,0.59,0.67,CM,MID,0
Riki,CM,Spain,0.68,0.71,0.65,0.66,0.72,0.56,0.6,0.73,0.69,0.8,0.81,0.69,0.68,0.57,0.72,0.57,0.66,0.51,0.47,0.65,0.44,0.61,CM,MID,6
Miguel Rodríguez,RM,Spain,0.68,0.79,0.57,0.64,0.68,0.33,0.53,0.78,0.79,0.7,0.63,0.67,0.6,0.58,0.44,0.56,0.24,0.25,0.45,0.34,0.32,0.61,RM,MID,4
Žan Rogelj,RM,Slovenia,0.68,0.79,0.51,0.63,0.68,0.58,0.64,0.83,0.75,0.8,0.84,0.66,0.63,0.55,0.8,0.6,0.62,0.65,0.56,0.6,0.41,0.54,RM,MID,6
Rodrigo Rojas,CM,Paraguay,0.68,0.69,0.66,0.69,0.69,0.65,0.74,0.73,0.65,0.72,0.76,0.7,0.66,0.75,0.74,0.75,0.65,0.59,0.73,0.59,0.58,0.71,CM,MID,5
Joao Rojas,CAM,Ecuador,0.68,0.75,0.58,0.66,0.73,0.32,0.7,0.75,0.75,0.78,0.7,0.67,0.68,0.69,0.7,0.74,0.18,0.17,0.34,0.45,0.61,0.66,CAM,MID,1
Joao Rojas,LM,Ecuador,0.68,0.81,0.66,0.64,0.69,0.51,0.55,0.8,0.81,0.81,0.82,0.65,0.59,0.49,0.75,0.52,0.54,0.53,0.52,0.5,0.35,0.66,LM,MID,6
Enzo Roldán,CM,Argentina,0.68,0.72,0.66,0.65,0.67,0.62,0.63,0.71,0.73,0.74,0.8,0.65,0.64,0.56,0.8,0.6,0.7,0.59,0.57,0.65,0.49,0.77,CM,MID,6
Connor Ronan,CM,Republic of Ireland,0.68,0.67,0.65,0.7,0.71,0.54,0.47,0.69,0.66,0.76,0.86,0.72,0.53,0.34,0.81,0.4,0.6,0.56,0.52,0.55,0.38,0.69,CM,MID,6
Bryan Rovira,CDM,Colombia,0.68,0.55,0.54,0.61,0.6,0.68,0.79,0.56,0.54,0.63,0.67,0.62,0.61,0.83,0.75,0.77,0.69,0.7,0.67,0.66,0.68,0.63,CDM,MID,0
Donat Rrudhani,RM,Kosovo,0.68,0.75,0.68,0.62,0.69,0.36,0.7,0.74,0.75,0.72,0.64,0.73,0.5,0.75,0.71,0.73,0.39,0.36,0.31,0.3,0.54,0.75,RM,MID,4
Alex Rufer,CDM,New Zealand,0.68,0.64,0.58,0.66,0.66,0.63,0.78,0.64,0.64,0.68,0.65,0.66,0.61,0.83,0.72,0.77,0.63,0.61,0.64,0.62,0.6,0.64,CDM,MID,0
Víctor Ruiz,CM,Spain,0.68,0.68,0.61,0.71,0.74,0.52,0.58,0.73,0.64,0.83,0.84,0.73,0.64,0.58,0.66,0.49,0.53,0.51,0.56,0.52,0.42,0.68,CM,MID,6
Görkem Sağlam,CAM,Turkey,0.68,0.71,0.63,0.67,0.7,0.59,0.66,0.76,0.67,0.78,0.8,0.7,0.65,0.61,0.75,0.65,0.58,0.6,0.64,0.57,0.47,0.65,CAM,MID,6
Rafiki Saïd,LM,Netherlands,0.68,0.8,0.65,0.59,0.73,0.24,0.49,0.81,0.79,0.81,0.78,0.73,0.58,0.47,0.58,0.54,0.25,0.2,0.18,0.26,0.42,0.61,LM,MID,4
João Graça,CM,Portugal,0.68,0.67,0.57,0.68,0.7,0.64,0.66,0.66,0.67,0.68,0.72,0.71,0.68,0.64,0.7,0.66,0.64,0.56,0.67,0.66,0.56,0.68,CM,MID,6
Piotr Samiec-Talar,RM,Poland,0.68,0.84,0.63,0.64,0.66,0.31,0.61,0.83,0.84,0.69,0.72,0.65,0.57,0.6,0.61,0.74,0.23,0.26,0.33,0.27,0.59,0.65,RM,MID,4
Luciano Sánchez,LM,Argentina,0.68,0.76,0.56,0.62,0.7,0.65,0.7,0.79,0.74,0.8,0.79,0.67,0.68,0.67,0.67,0.76,0.65,0.66,0.67,0.6,0.63,0.64,LM,MID,6
Niklas Sandberg,RM,Norway,0.68,0.7,0.64,0.65,0.67,0.51,0.67,0.71,0.7,0.69,0.71,0.66,0.65,0.63,0.75,0.71,0.53,0.52,0.47,0.5,0.61,0.64,RM,MID,6
Kaishū Sano,CM,Japan,0.68,0.71,0.5,0.63,0.71,0.67,0.6,0.76,0.67,0.75,0.75,0.7,0.7,0.5,0.74,0.67,0.66,0.54,0.69,0.72,0.62,0.65,CM,MID,6
Kodai Sano,LM,Japan,0.68,0.67,0.56,0.67,0.71,0.59,0.64,0.79,0.57,0.82,0.75,0.72,0.65,0.57,0.82,0.66,0.62,0.55,0.57,0.62,0.5,0.59,LM,MID,6
Simone Santoro,CM,Italy,0.68,0.8,0.6,0.67,0.7,0.65,0.67,0.77,0.83,0.79,0.76,0.73,0.66,0.65,0.7,0.76,0.68,0.64,0.63,0.62,0.65,0.64,CM,MID,6
Andrés Sarmiento,LM,Colombia,0.68,0.72,0.65,0.59,0.71,0.27,0.63,0.74,0.71,0.8,0.68,0.7,0.65,0.67,0.67,0.71,0.14,0.18,0.34,0.26,0.56,0.57,LM,MID,4
Nikolas Sattlberger,CDM,Austria,0.68,0.53,0.39,0.61,0.61,0.66,0.7,0.58,0.49,0.58,0.57,0.69,0.59,0.74,0.63,0.71,0.68,0.63,0.65,0.66,0.62,0.58,CDM,MID,0
Fernando Saucedo,CM,Bolivia,0.68,0.49,0.61,0.67,0.65,0.67,0.57,0.52,0.47,0.67,0.82,0.7,0.62,0.47,0.76,0.49,0.66,0.65,0.71,0.69,0.53,0.68,CM,MID,0
Allahyar Sayyadmanesh,LM,Iran,0.68,0.86,0.66,0.57,0.69,0.47,0.77,0.85,0.87,0.82,0.7,0.67,0.63,0.76,0.79,0.86,0.49,0.5,0.42,0.38,0.68,0.73,LM,MID,1
Lukas Schleimer,CAM,Germany,0.68,0.7,0.61,0.63,0.71,0.44,0.52,0.78,0.64,0.81,0.75,0.68,0.67,0.42,0.81,0.56,0.45,0.47,0.39,0.45,0.54,0.59,CAM,MID,4
Alessandro Schöpf,CM,Austria,0.68,0.69,0.65,0.67,0.69,0.61,0.69,0.73,0.66,0.73,0.74,0.68,0.68,0.64,0.86,0.6,0.58,0.68,0.65,0.64,0.43,0.67,CM,MID,6
Seo Min Woo,CM,Korea Republic,0.68,0.6,0.54,0.62,0.66,0.65,0.78,0.6,0.6,0.57,0.64,0.72,0.68,0.79,0.85,0.74,0.66,0.61,0.63,0.69,0.6,0.58,CM,MID,0
Claudio Sepúlveda,CDM,Chile,0.68,0.59,0.58,0.6,0.58,0.63,0.69,0.57,0.6,0.54,0.7,0.63,0.66,0.66,0.75,0.6,0.68,0.58,0.62,0.65,0.51,0.72,CDM,MID,0
Edgar Sevikyan,CAM,Armenia,0.68,0.69,0.64,0.63,0.71,0.31,0.58,0.71,0.68,0.73,0.73,0.72,0.65,0.58,0.64,0.57,0.27,0.24,0.35,0.29,0.44,0.67,CAM,MID,4
Josh Sheehan,CDM,Wales,0.68,0.79,0.57,0.69,0.71,0.62,0.64,0.81,0.77,0.91,0.88,0.69,0.69,0.54,0.84,0.65,0.65,0.59,0.61,0.63,0.53,0.6,CDM,MID,6
Maryan Shved,RM,Ukraine,0.68,0.72,0.68,0.62,0.72,0.38,0.48,0.72,0.72,0.73,0.83,0.71,0.61,0.48,0.59,0.6,0.39,0.22,0.42,0.28,0.58,0.74,RM,MID,4
Marco Matias,LM,Portugal,0.68,0.74,0.67,0.63,0.7,0.36,0.59,0.76,0.73,0.75,0.74,0.67,0.64,0.6,0.61,0.71,0.31,0.3,0.34,0.37,0.58,0.74,LM,MID,4
Jean Carlos,LM,Brazil,0.68,0.85,0.6,0.63,0.64,0.45,0.66,0.87,0.84,0.76,0.48,0.65,0.59,0.63,0.82,0.76,0.46,0.3,0.42,0.48,0.58,0.61,LM,MID,4
Danel Sinani,RM,Luxembourg,0.68,0.69,0.66,0.68,0.68,0.41,0.65,0.67,0.7,0.68,0.68,0.69,0.67,0.7,0.6,0.57,0.43,0.42,0.38,0.44,0.38,0.7,RM,MID,4
Doğukan Sinik,LM,Turkey,0.68,0.81,0.62,0.64,0.72,0.38,0.48,0.82,0.8,0.84,0.76,0.7,0.59,0.45,0.58,0.54,0.43,0.44,0.36,0.3,0.42,0.63,LM,MID,4
Abdoulaye Sissako,CM,France,0.68,0.71,0.58,0.65,0.72,0.64,0.77,0.69,0.72,0.73,0.69,0.7,0.66,0.79,0.79,0.79,0.65,0.65,0.63,0.64,0.67,0.66,CM,MID,5
Tom Slončík,CAM,Czech Republic,0.68,0.67,0.67,0.67,0.7,0.42,0.59,0.69,0.65,0.7,0.68,0.7,0.65,0.53,0.69,0.6,0.45,0.61,0.33,0.35,0.55,0.66,CAM,MID,6
Paul Smyth,RM,Northern Ireland,0.68,0.9,0.59,0.6,0.71,0.4,0.55,0.9,0.9,0.9,0.87,0.64,0.61,0.5,0.7,0.7,0.44,0.39,0.35,0.32,0.56,0.61,RM,MID,4
Eduardo Sosa,CAM,Venezuela,0.68,0.7,0.68,0.62,0.72,0.39,0.64,0.7,0.7,0.82,0.8,0.68,0.59,0.65,0.71,0.56,0.38,0.4,0.49,0.27,0.37,0.69,CAM,MID,4
Issa Soumaré,LM,Senegal,0.68,0.82,0.64,0.59,0.68,0.19,0.61,0.82,0.82,0.65,0.79,0.68,0.64,0.7,0.66,0.79,0.12,0.12,0.17,0.16,0.62,0.6,LM,MID,4
Furkan Soyalp,CM,Turkey,0.68,0.7,0.62,0.69,0.7,0.54,0.64,0.71,0.7,0.72,0.68,0.71,0.59,0.65,0.69,0.66,0.53,0.46,0.58,0.55,0.5,0.68,CM,MID,6
Blair Spittal,CM,Scotland,0.68,0.75,0.67,0.68,0.7,0.55,0.67,0.73,0.76,0.81,0.73,0.68,0.66,0.63,0.87,0.67,0.56,0.54,0.57,0.54,0.53,0.65,CM,MID,6
Paul Stock,CAM,Germany,0.68,0.68,0.65,0.67,0.66,0.54,0.74,0.67,0.68,0.59,0.55,0.68,0.7,0.77,0.78,0.76,0.59,0.53,0.5,0.48,0.63,0.68,CAM,MID,0
Yuito Suzuki,CAM,Japan,0.68,0.73,0.68,0.63,0.72,0.48,0.52,0.7,0.76,0.75,0.77,0.71,0.62,0.45,0.63,0.51,0.5,0.48,0.45,0.49,0.46,0.72,CAM,MID,4
Patryk Szysz,RM,Poland,0.68,0.84,0.69,0.59,0.68,0.33,0.7,0.86,0.83,0.84,0.78,0.66,0.6,0.67,0.83,0.77,0.35,0.41,0.32,0.13,0.59,0.73,RM,MID,1
Waniss Taïbi,CM,France,0.68,0.53,0.5,0.68,0.69,0.56,0.66,0.58,0.48,0.57,0.74,0.72,0.64,0.65,0.83,0.58,0.62,0.57,0.56,0.48,0.48,0.56,CM,MID,0
Gonzalo Tapia,RM,Chile,0.68,0.79,0.61,0.58,0.69,0.25,0.67,0.78,0.8,0.77,0.61,0.67,0.65,0.72,0.74,0.64,0.26,0.21,0.22,0.24,0.33,0.64,RM,MID,4
Jack Taylor,CDM,Republic of Ireland,0.68,0.72,0.65,0.64,0.67,0.64,0.71,0.72,0.72,0.71,0.71,0.67,0.67,0.64,0.84,0.73,0.65,0.64,0.64,0.64,0.65,0.73,CDM,MID,5
Lino Tempelmann,CM,Germany,0.68,0.76,0.56,0.64,0.7,0.66,0.68,0.83,0.7,0.78,0.84,0.68,0.69,0.6,0.78,0.77,0.67,0.61,0.64,0.68,0.67,0.6,CM,MID,6
Robert Tesche,CM,Germany,0.68,0.39,0.66,0.68,0.67,0.68,0.69,0.44,0.34,0.65,0.72,0.71,0.7,0.69,0.7,0.77,0.69,0.65,0.67,0.66,0.72,0.7,CM,MID,0
Stefán Teitur Thórdarson,CM,Iceland,0.68,0.6,0.65,0.64,0.65,0.62,0.69,0.63,0.58,0.57,0.61,0.67,0.69,0.66,0.76,0.66,0.63,0.59,0.59,0.66,0.59,0.73,CM,MID,0
Konstantinos Thymianis,CDM,Greece,0.68,0.61,0.49,0.56,0.61,0.66,0.73,0.58,0.64,0.57,0.62,0.63,0.66,0.73,0.72,0.72,0.69,0.67,0.64,0.65,0.68,0.66,CDM,MID,0
David Tijanić,CAM,Slovenia,0.68,0.75,0.66,0.66,0.73,0.49,0.67,0.78,0.73,0.84,0.77,0.7,0.6,0.64,0.73,0.72,0.54,0.47,0.38,0.56,0.55,0.73,CAM,MID,1
Bastien Toma,CM,Switzerland,0.68,0.64,0.63,0.66,0.72,0.63,0.67,0.74,0.55,0.81,0.84,0.69,0.65,0.66,0.71,0.68,0.64,0.64,0.64,0.66,0.54,0.61,CM,MID,6
Jon Toral,CAM,Spain,0.68,0.7,0.61,0.69,0.67,0.5,0.47,0.74,0.66,0.7,0.65,0.7,0.58,0.45,0.51,0.6,0.56,0.49,0.45,0.46,0.59,0.64,CAM,MID,6
Tidjany Touré,LM,France,0.68,0.83,0.61,0.6,0.71,0.26,0.62,0.85,0.81,0.79,0.63,0.71,0.63,0.62,0.68,0.72,0.28,0.23,0.2,0.19,0.54,0.6,LM,MID,4
Lisandru Tramoni,RM,France,0.68,0.79,0.61,0.65,0.69,0.42,0.62,0.81,0.77,0.82,0.81,0.68,0.61,0.66,0.6,0.75,0.5,0.49,0.33,0.31,0.58,0.61,RM,MID,4
Wil Trapp,CDM,United States,0.68,0.48,0.5,0.65,0.68,0.64,0.66,0.51,0.46,0.66,0.71,0.68,0.71,0.64,0.74,0.59,0.67,0.62,0.63,0.65,0.54,0.7,CDM,MID,0
Arnór Ingvi Traustason,CM,Iceland,0.68,0.78,0.68,0.68,0.7,0.58,0.74,0.78,0.78,0.79,0.77,0.7,0.69,0.7,0.89,0.68,0.58,0.55,0.6,0.63,0.48,0.72,CM,MID,6
Turrientes,CM,Spain,0.68,0.66,0.51,0.69,0.67,0.6,0.53,0.68,0.64,0.68,0.82,0.7,0.66,0.35,0.76,0.51,0.62,0.65,0.57,0.59,0.56,0.62,CM,MID,6
Luciano Ursino,CM,Bolivia,0.68,0.67,0.66,0.69,0.71,0.54,0.56,0.65,0.68,0.75,0.66,0.7,0.7,0.58,0.58,0.62,0.57,0.56,0.51,0.52,0.55,0.68,CM,MID,6
Ramiro Vaca,CAM,Bolivia,0.68,0.74,0.68,0.67,0.71,0.26,0.4,0.75,0.74,0.82,0.64,0.69,0.55,0.27,0.8,0.41,0.25,0.22,0.27,0.2,0.4,0.7,CAM,MID,4
Ever Valencia,LM,Colombia,0.68,0.84,0.55,0.6,0.7,0.44,0.61,0.82,0.85,0.9,0.75,0.65,0.62,0.58,0.82,0.66,0.39,0.43,0.51,0.38,0.48,0.53,LM,MID,4
Valera,RM,Spain,0.68,0.83,0.62,0.61,0.71,0.26,0.42,0.8,0.86,0.8,0.78,0.68,0.58,0.41,0.49,0.49,0.24,0.23,0.27,0.21,0.42,0.65,RM,MID,4
Tom van de Looi,CDM,Holland,0.68,0.67,0.65,0.67,0.69,0.64,0.72,0.72,0.62,0.73,0.65,0.71,0.67,0.74,0.74,0.78,0.65,0.64,0.62,0.63,0.65,0.69,CDM,MID,5
Davy van den Berg,CM,Holland,0.68,0.66,0.66,0.66,0.67,0.6,0.75,0.73,0.61,0.69,0.65,0.68,0.65,0.72,0.87,0.66,0.58,0.63,0.59,0.63,0.57,0.82,CM,MID,0
Jonathan Varane,CDM,France,0.68,0.59,0.46,0.62,0.65,0.66,0.72,0.57,0.61,0.66,0.69,0.66,0.67,0.73,0.74,0.7,0.68,0.66,0.65,0.67,0.6,0.51,CDM,MID,0
José Varela,CM,Uruguay,0.68,0.66,0.64,0.71,0.69,0.52,0.57,0.68,0.65,0.74,0.7,0.68,0.55,0.5,0.7,0.49,0.65,0.6,0.45,0.45,0.4,0.65,CM,MID,6
Dal Varešanović,CAM,Bosnia and Herzegovina,0.68,0.65,0.63,0.65,0.7,0.4,0.53,0.62,0.68,0.67,0.7,0.69,0.65,0.49,0.68,0.47,0.37,0.46,0.46,0.29,0.44,0.68,CAM,MID,4
Aljoša Vasić,CM,Serbia,0.68,0.77,0.64,0.68,0.73,0.66,0.68,0.78,0.77,0.74,0.68,0.73,0.7,0.71,0.63,0.85,0.67,0.62,0.64,0.67,0.72,0.7,CM,MID,5
Tabaré Viudez,RM,Uruguay,0.68,0.67,0.68,0.7,0.71,0.26,0.54,0.72,0.62,0.62,0.76,0.74,0.55,0.7,0.38,0.75,0.15,0.17,0.25,0.29,0.64,0.71,RM,MID,4
Kevin Viveros,RM,Colombia,0.68,0.75,0.63,0.65,0.71,0.49,0.55,0.75,0.75,0.72,0.65,0.72,0.49,0.59,0.66,0.67,0.52,0.5,0.48,0.4,0.55,0.64,RM,MID,6
Cristian Volpato,CAM,Italy,0.68,0.61,0.64,0.67,0.7,0.39,0.6,0.61,0.61,0.54,0.55,0.75,0.65,0.63,0.65,0.59,0.36,0.42,0.45,0.28,0.49,0.76,CAM,MID,4
Wang Shangyuan,CM,China PR,0.68,0.72,0.61,0.68,0.69,0.65,0.8,0.71,0.73,0.79,0.74,0.66,0.66,0.79,0.92,0.8,0.67,0.6,0.63,0.68,0.64,0.7,CM,MID,5
Paul Wanner,CAM,Germany,0.68,0.69,0.55,0.66,0.73,0.44,0.49,0.76,0.63,0.74,0.76,0.75,0.66,0.36,0.74,0.53,0.41,0.43,0.42,0.49,0.51,0.63,CAM,MID,4
Wei Shihao,LM,China PR,0.68,0.87,0.62,0.61,0.71,0.35,0.64,0.88,0.86,0.85,0.75,0.63,0.63,0.56,0.84,0.75,0.29,0.32,0.33,0.34,0.61,0.65,LM,MID,1
Marten Winkler,RM,Germany,0.68,0.9,0.63,0.58,0.7,0.24,0.61,0.88,0.92,0.69,0.65,0.69,0.59,0.56,0.73,0.73,0.21,0.21,0.19,0.19,0.57,0.67,RM,MID,4
Taulant Xhaka,CDM,Albania,0.68,0.64,0.62,0.66,0.67,0.64,0.76,0.65,0.64,0.66,0.77,0.64,0.63,0.73,0.81,0.67,0.66,0.67,0.65,0.65,0.5,0.73,CDM,MID,0
Xie Pengfei,RM,China PR,0.68,0.8,0.62,0.64,0.67,0.49,0.68,0.8,0.8,0.78,0.67,0.64,0.62,0.67,0.87,0.71,0.54,0.45,0.46,0.45,0.52,0.63,RM,MID,6
Kevin Yakob,CM,Iraq,0.68,0.7,0.63,0.69,0.72,0.62,0.66,0.71,0.7,0.79,0.81,0.71,0.68,0.67,0.68,0.71,0.63,0.61,0.61,0.63,0.59,0.63,CM,MID,6
Yehor Yarmoliuk,CAM,Ukraine,0.68,0.67,0.61,0.68,0.71,0.47,0.64,0.69,0.66,0.62,0.69,0.72,0.58,0.62,0.64,0.56,0.55,0.52,0.49,0.31,0.41,0.68,CAM,MID,6
Yaw Yeboah,LM,Ghana,0.68,0.89,0.61,0.59,0.69,0.58,0.59,0.9,0.88,0.87,0.83,0.67,0.64,0.59,0.69,0.74,0.6,0.56,0.57,0.59,0.56,0.64,LM,MID,6
Kartal Yılmaz,CDM,Turkey,0.68,0.67,0.52,0.71,0.66,0.64,0.68,0.66,0.67,0.71,0.76,0.67,0.6,0.67,0.7,0.69,0.64,0.61,0.62,0.72,0.6,0.65,CDM,MID,6
Frank Ysique,CDM,Peru,0.68,0.56,0.55,0.61,0.64,0.64,0.64,0.58,0.54,0.52,0.78,0.69,0.68,0.58,0.78,0.6,0.64,0.58,0.65,0.72,0.55,0.52,CDM,MID,0
Franco Zanelatto,RM,Paraguay,0.68,0.75,0.66,0.62,0.69,0.5,0.66,0.72,0.78,0.77,0.68,0.68,0.65,0.65,0.75,0.73,0.48,0.48,0.5,0.45,0.65,0.62,RM,MID,6
Moustafa Zeidan,CAM,Palestine,0.68,0.61,0.64,0.68,0.73,0.52,0.67,0.67,0.56,0.83,0.91,0.74,0.64,0.72,0.68,0.59,0.57,0.55,0.52,0.5,0.38,0.65,CAM,MID,6
Shiloh 't Zand,CAM,Holland,0.67,0.76,0.67,0.63,0.7,0.54,0.63,0.74,0.77,0.73,0.76,0.7,0.63,0.64,0.61,0.64,0.56,0.58,0.54,0.5,0.49,0.75,CAM,MID,6
Giorgi Aburjania,CM,Georgia,0.67,0.52,0.62,0.67,0.68,0.63,0.72,0.5,0.53,0.61,0.64,0.68,0.65,0.71,0.71,0.72,0.63,0.57,0.64,0.69,0.56,0.65,CM,MID,0
Bismark Adjei-Boateng,CDM,Ghana,0.67,0.74,0.63,0.58,0.66,0.62,0.81,0.72,0.76,0.71,0.74,0.68,0.6,0.83,0.85,0.73,0.64,0.63,0.62,0.63,0.49,0.78,CDM,MID,6
Ebenezer Akinsanmiro,CM,Nigeria,0.67,0.76,0.67,0.67,0.7,0.61,0.72,0.75,0.77,0.7,0.7,0.7,0.71,0.76,0.66,0.8,0.61,0.6,0.6,0.62,0.64,0.7,CM,MID,5
Saleh Al Amri,LM,Saudi Arabia,0.67,0.79,0.6,0.63,0.66,0.27,0.65,0.79,0.79,0.77,0.78,0.65,0.61,0.63,0.79,0.73,0.19,0.2,0.32,0.21,0.59,0.64,LM,MID,4
Faisal Al Ghamdi,CM,Saudi Arabia,0.67,0.66,0.53,0.63,0.7,0.63,0.78,0.68,0.65,0.67,0.7,0.71,0.66,0.85,0.78,0.68,0.67,0.62,0.6,0.64,0.55,0.55,CM,MID,0
Musab Al Juwair,CM,Saudi Arabia,0.67,0.66,0.62,0.7,0.68,0.52,0.68,0.67,0.65,0.64,0.7,0.71,0.65,0.7,0.66,0.55,0.62,0.4,0.52,0.55,0.31,0.62,CM,MID,6
Juan Fernando Alfaro,CDM,Argentina,0.67,0.66,0.5,0.64,0.67,0.64,0.65,0.64,0.68,0.74,0.61,0.66,0.62,0.66,0.62,0.66,0.63,0.71,0.64,0.66,0.55,0.53,CDM,MID,6
Baba Alhassan,CM,Ghana,0.67,0.81,0.65,0.61,0.69,0.6,0.8,0.83,0.8,0.71,0.7,0.68,0.68,0.82,0.81,0.84,0.64,0.62,0.54,0.64,0.57,0.79,CM,MID,5
Isnik Alimi,CDM,North Macedonia,0.67,0.64,0.58,0.66,0.64,0.63,0.66,0.62,0.66,0.7,0.62,0.67,0.63,0.66,0.83,0.59,0.65,0.63,0.67,0.63,0.45,0.67,CDM,MID,6
Favio Álvarez,CAM,Argentina,0.67,0.64,0.65,0.67,0.67,0.4,0.66,0.67,0.61,0.69,0.6,0.68,0.67,0.7,0.51,0.62,0.4,0.3,0.4,0.42,0.48,0.75,CAM,MID,4
Léo Chú,LM,Brazil,0.67,0.87,0.64,0.54,0.75,0.28,0.47,0.86,0.87,0.83,0.76,0.76,0.5,0.45,0.56,0.55,0.29,0.27,0.25,0.24,0.39,0.66,LM,MID,4
Kelvin,LM,Brazil,0.67,0.74,0.6,0.62,0.69,0.24,0.5,0.76,0.73,0.74,0.78,0.71,0.65,0.49,0.69,0.56,0.21,0.29,0.22,0.18,0.45,0.59,LM,MID,4
Jeppe Andersen,CM,Denmark,0.67,0.67,0.61,0.64,0.67,0.61,0.81,0.61,0.71,0.66,0.8,0.66,0.71,0.8,0.85,0.7,0.62,0.6,0.6,0.66,0.54,0.67,CM,MID,0
Diego Armas,CAM,Ecuador,0.67,0.68,0.65,0.65,0.65,0.53,0.64,0.7,0.66,0.61,0.8,0.63,0.72,0.52,0.8,0.47,0.49,0.48,0.63,0.57,0.3,0.6,CAM,MID,6
Jaime Arrascaita,RM,Bolivia,0.67,0.82,0.56,0.61,0.67,0.37,0.46,0.84,0.81,0.82,0.66,0.62,0.56,0.37,0.74,0.49,0.3,0.32,0.52,0.24,0.4,0.55,RM,MID,4
Ahmet Arslan,CM,Germany,0.67,0.66,0.68,0.67,0.71,0.57,0.67,0.7,0.63,0.75,0.74,0.71,0.67,0.64,0.7,0.6,0.58,0.57,0.59,0.59,0.45,0.65,CM,MID,6
Andrei Artean,CDM,Romania,0.67,0.66,0.62,0.6,0.62,0.65,0.77,0.66,0.66,0.65,0.72,0.62,0.67,0.78,0.8,0.76,0.64,0.64,0.64,0.67,0.64,0.73,CDM,MID,0
Gjermund Åsen,CM,Norway,0.67,0.55,0.65,0.69,0.69,0.51,0.7,0.56,0.54,0.71,0.68,0.7,0.65,0.66,0.79,0.66,0.45,0.4,0.54,0.56,0.61,0.72,CM,MID,0
Kristoffer Askildsen,CM,Norway,0.67,0.53,0.55,0.64,0.66,0.61,0.7,0.59,0.48,0.51,0.59,0.7,0.66,0.66,0.77,0.65,0.62,0.58,0.57,0.7,0.58,0.53,CM,MID,0
Dairon Asprilla,LM,Colombia,0.67,0.74,0.69,0.61,0.68,0.44,0.7,0.75,0.73,0.73,0.71,0.69,0.6,0.7,0.68,0.77,0.45,0.34,0.4,0.39,0.69,0.74,LM,MID,1
Jani Atanasov,CM,North Macedonia,0.67,0.71,0.6,0.68,0.66,0.61,0.73,0.68,0.73,0.72,0.55,0.68,0.62,0.73,0.75,0.74,0.63,0.6,0.58,0.64,0.63,0.72,CM,MID,0
Douglas Aurélio,LM,Brazil,0.67,0.78,0.66,0.62,0.68,0.56,0.63,0.77,0.78,0.75,0.62,0.68,0.61,0.66,0.65,0.67,0.58,0.57,0.55,0.59,0.49,0.68,LM,MID,6
David Ayala,CDM,Argentina,0.67,0.72,0.45,0.62,0.67,0.63,0.56,0.75,0.69,0.76,0.84,0.7,0.64,0.49,0.64,0.58,0.66,0.64,0.62,0.65,0.51,0.63,CDM,MID,6
Julian Baas,CM,Holland,0.67,0.62,0.56,0.68,0.65,0.57,0.74,0.67,0.57,0.56,0.55,0.71,0.67,0.72,0.88,0.67,0.59,0.48,0.52,0.68,0.52,0.72,CM,MID,0
Isaac Babadi,CAM,Holland,0.67,0.71,0.52,0.59,0.73,0.43,0.57,0.78,0.66,0.84,0.63,0.74,0.69,0.53,0.73,0.56,0.52,0.36,0.38,0.42,0.42,0.54,CAM,MID,4
Janik Bachmann,CDM,Germany,0.67,0.63,0.55,0.59,0.57,0.64,0.8,0.53,0.71,0.34,0.34,0.66,0.65,0.84,0.81,0.8,0.69,0.64,0.6,0.6,0.72,0.63,CDM,MID,0
William Baeten,RM,Belgium,0.67,0.76,0.63,0.62,0.67,0.52,0.68,0.76,0.76,0.73,0.72,0.67,0.61,0.67,0.75,0.62,0.56,0.5,0.52,0.51,0.4,0.68,RM,MID,6
Jean-Mattéo Bahoya,LM,France,0.67,0.76,0.64,0.6,0.72,0.4,0.56,0.76,0.76,0.8,0.71,0.71,0.65,0.58,0.6,0.62,0.37,0.45,0.42,0.34,0.45,0.64,LM,MID,4
Mike-Steven Bähre,CM,Germany,0.67,0.74,0.63,0.65,0.7,0.57,0.7,0.78,0.71,0.77,0.77,0.67,0.7,0.67,0.8,0.7,0.59,0.55,0.55,0.59,0.5,0.65,CM,MID,6
Ștefan Baiaram,CAM,Romania,0.67,0.84,0.59,0.61,0.69,0.29,0.6,0.83,0.85,0.81,0.69,0.67,0.6,0.5,0.82,0.56,0.29,0.3,0.3,0.23,0.39,0.61,CAM,MID,4
Max Balard,CM,Australia,0.67,0.63,0.53,0.63,0.67,0.58,0.69,0.66,0.61,0.79,0.82,0.7,0.68,0.66,0.77,0.61,0.57,0.54,0.6,0.64,0.49,0.55,CM,MID,6
Silviu Balaure,RM,Romania,0.67,0.77,0.6,0.62,0.68,0.43,0.66,0.78,0.76,0.82,0.83,0.65,0.61,0.58,0.89,0.59,0.39,0.37,0.45,0.52,0.41,0.62,RM,MID,4
Tiago Banega,CM,Argentina,0.67,0.7,0.65,0.66,0.71,0.57,0.61,0.72,0.68,0.8,0.75,0.72,0.58,0.57,0.7,0.64,0.62,0.65,0.53,0.52,0.54,0.71,CM,MID,6
Ezechiel Banzuzi,CM,Holland,0.67,0.67,0.61,0.62,0.64,0.59,0.71,0.65,0.69,0.55,0.52,0.68,0.67,0.72,0.72,0.75,0.64,0.54,0.5,0.62,0.69,0.71,CM,MID,0
Ahmed Barman,CDM,United Arab Emirates,0.67,0.6,0.47,0.58,0.6,0.66,0.74,0.57,0.62,0.6,0.71,0.62,0.61,0.73,0.82,0.7,0.66,0.64,0.67,0.68,0.61,0.6,CDM,MID,0
Mons Bassouamina,LM,Congo,0.67,0.82,0.65,0.54,0.69,0.21,0.63,0.83,0.82,0.71,0.72,0.68,0.56,0.68,0.72,0.78,0.15,0.18,0.15,0.19,0.61,0.67,LM,MID,4
Bastida,CDM,Spain,0.67,0.52,0.41,0.58,0.57,0.67,0.48,0.55,0.49,0.48,0.78,0.71,0.62,0.47,0.39,0.43,0.71,0.68,0.69,0.71,0.43,0.55,CDM,MID,2
Nick Bätzner,CAM,Germany,0.67,0.68,0.6,0.68,0.7,0.53,0.59,0.71,0.66,0.82,0.81,0.7,0.56,0.56,0.7,0.54,0.56,0.52,0.55,0.55,0.37,0.57,CAM,MID,6
Luca Belardinelli,CDM,Italy,0.67,0.68,0.51,0.63,0.61,0.64,0.7,0.64,0.71,0.63,0.5,0.65,0.65,0.71,0.72,0.73,0.68,0.67,0.59,0.62,0.66,0.58,CDM,MID,0
Joe Bell,CM,New Zealand,0.67,0.63,0.61,0.66,0.66,0.63,0.78,0.65,0.62,0.67,0.74,0.67,0.63,0.76,0.88,0.75,0.62,0.62,0.63,0.64,0.61,0.67,CM,MID,0
Leonardo Benedetti,CM,Italy,0.67,0.73,0.53,0.66,0.69,0.58,0.64,0.7,0.76,0.67,0.65,0.73,0.68,0.62,0.72,0.64,0.57,0.54,0.59,0.63,0.53,0.64,CM,MID,6
Florin Berenguer,CAM,France,0.67,0.57,0.62,0.67,0.68,0.53,0.65,0.59,0.55,0.69,0.71,0.7,0.65,0.66,0.72,0.61,0.55,0.49,0.52,0.53,0.53,0.64,CAM,MID,0
Gustav Berggren,CM,Sweden,0.67,0.56,0.53,0.64,0.65,0.62,0.76,0.57,0.55,0.68,0.62,0.67,0.65,0.73,0.82,0.68,0.64,0.54,0.62,0.66,0.57,0.56,CM,MID,0
Luke Berry,CM,England,0.67,0.59,0.65,0.66,0.7,0.62,0.62,0.65,0.54,0.77,0.74,0.71,0.68,0.69,0.48,0.71,0.63,0.6,0.6,0.6,0.66,0.61,CM,MID,0
Ovidiu Bic,CDM,Romania,0.67,0.68,0.56,0.6,0.63,0.62,0.75,0.69,0.68,0.7,0.79,0.62,0.65,0.74,0.81,0.62,0.65,0.59,0.65,0.65,0.42,0.59,CDM,MID,6
Vahan Bichakhchyan,RM,Armenia,0.67,0.78,0.67,0.64,0.67,0.55,0.61,0.76,0.79,0.76,0.86,0.67,0.61,0.56,0.74,0.71,0.58,0.53,0.52,0.51,0.63,0.72,RM,MID,6
Juan Bisanz,RM,Argentina,0.67,0.75,0.62,0.59,0.68,0.47,0.55,0.72,0.78,0.72,0.69,0.68,0.66,0.47,0.67,0.59,0.49,0.45,0.47,0.42,0.55,0.63,RM,MID,4
Birkir Bjarnason,CAM,Iceland,0.67,0.62,0.67,0.66,0.67,0.63,0.75,0.61,0.62,0.71,0.79,0.68,0.67,0.72,0.83,0.73,0.63,0.57,0.62,0.63,0.69,0.68,CAM,MID,0
Roberto Bochi,CDM,Argentina,0.67,0.63,0.45,0.63,0.66,0.62,0.61,0.59,0.66,0.74,0.78,0.72,0.7,0.55,0.7,0.6,0.68,0.55,0.62,0.59,0.58,0.6,CDM,MID,6
Rodrigo Bogarín,CAM,Paraguay,0.67,0.72,0.61,0.64,0.69,0.22,0.66,0.66,0.76,0.8,0.56,0.64,0.62,0.73,0.58,0.67,0.17,0.19,0.2,0.21,0.5,0.52,CAM,MID,4
Gui Guedes,CM,Portugal,0.67,0.66,0.6,0.65,0.68,0.59,0.57,0.68,0.64,0.6,0.6,0.72,0.63,0.56,0.6,0.53,0.68,0.55,0.54,0.62,0.43,0.52,CM,MID,6
Benjamin Bouchouari,CM,Morocco,0.67,0.64,0.54,0.67,0.71,0.52,0.55,0.68,0.6,0.71,0.78,0.71,0.68,0.5,0.68,0.49,0.55,0.51,0.54,0.53,0.4,0.53,CM,MID,6
Amine Boutrah,LM,France,0.67,0.87,0.62,0.61,0.69,0.29,0.61,0.84,0.9,0.78,0.82,0.66,0.62,0.58,0.64,0.75,0.19,0.17,0.44,0.16,0.49,0.69,LM,MID,4
Pedro Brazão,RM,Portugal,0.67,0.75,0.55,0.64,0.73,0.39,0.48,0.74,0.76,0.87,0.86,0.7,0.65,0.4,0.67,0.53,0.35,0.39,0.45,0.33,0.41,0.66,RM,MID,4
Jake Brimmer,CAM,Australia,0.67,0.66,0.6,0.68,0.69,0.58,0.67,0.67,0.66,0.72,0.65,0.7,0.65,0.62,0.86,0.66,0.62,0.6,0.54,0.56,0.59,0.6,CAM,MID,6
Brandt Bronico,CM,United States,0.67,0.67,0.59,0.63,0.67,0.64,0.72,0.66,0.67,0.65,0.76,0.69,0.63,0.7,0.78,0.65,0.69,0.65,0.64,0.62,0.54,0.63,CM,MID,6
Luuk Brouwers,CAM,Holland,0.67,0.63,0.62,0.67,0.67,0.62,0.74,0.66,0.61,0.64,0.66,0.68,0.63,0.73,0.78,0.7,0.64,0.65,0.63,0.61,0.56,0.64,CAM,MID,0
Valentín Burgoa,CAM,Argentina,0.67,0.77,0.57,0.63,0.73,0.54,0.6,0.79,0.75,0.83,0.81,0.71,0.65,0.57,0.62,0.64,0.57,0.48,0.59,0.49,0.49,0.7,CAM,MID,6
Oliver Burke,RM,Scotland,0.67,0.87,0.63,0.61,0.62,0.37,0.73,0.85,0.88,0.62,0.65,0.59,0.66,0.8,0.68,0.81,0.38,0.27,0.34,0.36,0.54,0.73,RM,MID,4
Oriol Busquets,CDM,Spain,0.67,0.36,0.43,0.64,0.61,0.64,0.67,0.37,0.35,0.53,0.59,0.65,0.64,0.7,0.67,0.61,0.62,0.62,0.65,0.67,0.64,0.56,CDM,MID,0
Zico Buurmeester,CM,Holland,0.67,0.6,0.6,0.65,0.67,0.61,0.69,0.67,0.55,0.73,0.7,0.69,0.66,0.66,0.77,0.64,0.64,0.64,0.58,0.62,0.53,0.69,CM,MID,0
Ibrahima Camará,CDM,Guinea,0.67,0.55,0.47,0.62,0.63,0.65,0.72,0.55,0.55,0.51,0.6,0.68,0.63,0.76,0.65,0.72,0.68,0.66,0.62,0.67,0.62,0.64,CDM,MID,0
Alfred Canales,CM,Chile,0.67,0.67,0.56,0.61,0.67,0.59,0.65,0.71,0.63,0.69,0.7,0.68,0.67,0.63,0.76,0.59,0.62,0.56,0.58,0.63,0.44,0.61,CM,MID,6
Wagner Pina,RM,Cape Verde Islands,0.67,0.76,0.43,0.6,0.68,0.53,0.62,0.77,0.76,0.71,0.79,0.67,0.69,0.58,0.73,0.6,0.58,0.52,0.51,0.52,0.44,0.4,RM,MID,6
André Sousa,CM,Portugal,0.67,0.6,0.67,0.67,0.68,0.59,0.73,0.67,0.55,0.67,0.67,0.7,0.67,0.74,0.72,0.68,0.6,0.55,0.57,0.65,0.52,0.8,CM,MID,0
Jesus Castillo,CDM,Peru,0.67,0.61,0.58,0.59,0.61,0.65,0.66,0.59,0.63,0.58,0.6,0.66,0.66,0.66,0.66,0.57,0.67,0.66,0.68,0.65,0.45,0.63,CDM,MID,0
Jesús Castillo,CDM,Peru,0.67,0.56,0.57,0.64,0.63,0.61,0.69,0.61,0.52,0.6,0.62,0.65,0.6,0.73,0.66,0.59,0.66,0.62,0.61,0.62,0.43,0.67,CDM,MID,0
Yoann Cathline,LM,France,0.67,0.8,0.61,0.6,0.71,0.45,0.55,0.75,0.84,0.77,0.77,0.7,0.64,0.5,0.69,0.52,0.5,0.49,0.39,0.45,0.4,0.66,LM,MID,4
Cayarga,LM,Spain,0.67,0.78,0.66,0.63,0.69,0.25,0.6,0.8,0.76,0.82,0.75,0.67,0.64,0.65,0.64,0.6,0.2,0.24,0.22,0.34,0.31,0.68,LM,MID,4
José Luis Cazares,CDM,Ecuador,0.67,0.69,0.5,0.61,0.63,0.64,0.7,0.71,0.67,0.62,0.74,0.65,0.64,0.7,0.71,0.68,0.67,0.58,0.67,0.66,0.52,0.6,CDM,MID,6
Joseph Ceesay,RM,Sweden,0.67,0.92,0.54,0.58,0.66,0.58,0.71,0.91,0.93,0.78,0.71,0.65,0.62,0.77,0.76,0.78,0.65,0.59,0.56,0.53,0.47,0.53,RM,MID,6
Edwin Cerrillo,CDM,United States,0.67,0.63,0.46,0.6,0.63,0.63,0.71,0.67,0.59,0.62,0.71,0.62,0.64,0.7,0.74,0.65,0.64,0.59,0.66,0.64,0.52,0.6,CDM,MID,0
Boris Cespedes,CDM,Bolivia,0.67,0.66,0.53,0.59,0.65,0.63,0.69,0.67,0.66,0.68,0.66,0.67,0.66,0.7,0.73,0.62,0.63,0.62,0.65,0.68,0.46,0.46,CDM,MID,6
Moutir Chajia,LM,Belgium,0.67,0.75,0.64,0.67,0.73,0.34,0.34,0.72,0.77,0.76,0.8,0.7,0.67,0.34,0.31,0.48,0.33,0.29,0.35,0.31,0.49,0.69,LM,MID,4
Shea Charles,CDM,Northern Ireland,0.67,0.59,0.47,0.65,0.61,0.65,0.69,0.56,0.62,0.56,0.5,0.66,0.64,0.73,0.66,0.67,0.67,0.65,0.66,0.63,0.56,0.6,CDM,MID,0
Riccardo Chiarello,CAM,Italy,0.67,0.68,0.61,0.63,0.69,0.46,0.62,0.67,0.68,0.68,0.67,0.71,0.65,0.54,0.76,0.57,0.49,0.47,0.39,0.46,0.52,0.64,CAM,MID,6
Alexandru Chipciu,LM,Romania,0.67,0.68,0.64,0.64,0.66,0.56,0.69,0.69,0.68,0.69,0.71,0.65,0.65,0.64,0.82,0.67,0.61,0.58,0.5,0.56,0.58,0.67,LM,MID,6
Jeyson Chura,RM,Bolivia,0.67,0.88,0.58,0.58,0.69,0.23,0.55,0.84,0.92,0.79,0.81,0.65,0.6,0.51,0.66,0.68,0.19,0.15,0.22,0.17,0.58,0.58,RM,MID,4
Denilho Cleonise,RM,Holland,0.67,0.88,0.6,0.61,0.69,0.34,0.57,0.86,0.9,0.82,0.81,0.67,0.57,0.56,0.61,0.69,0.37,0.3,0.36,0.19,0.52,0.72,RM,MID,4
Zach Clough,LM,England,0.67,0.68,0.61,0.65,0.69,0.45,0.62,0.72,0.65,0.85,0.82,0.68,0.64,0.59,0.79,0.66,0.49,0.44,0.42,0.41,0.55,0.63,LM,MID,6
Archie Collins,CDM,England,0.67,0.72,0.57,0.64,0.68,0.62,0.7,0.69,0.74,0.83,0.82,0.66,0.66,0.64,0.9,0.71,0.64,0.6,0.64,0.65,0.5,0.61,CDM,MID,6
Rubin Colwill,CAM,Wales,0.67,0.66,0.63,0.63,0.68,0.45,0.66,0.64,0.68,0.66,0.57,0.7,0.61,0.73,0.59,0.72,0.54,0.45,0.29,0.45,0.61,0.66,CAM,MID,6
Luca Connell,CDM,Republic of Ireland,0.67,0.65,0.58,0.66,0.66,0.6,0.7,0.68,0.63,0.71,0.69,0.66,0.66,0.61,0.82,0.54,0.64,0.62,0.61,0.64,0.37,0.64,CDM,MID,6
Jomaine Consbruch,CAM,Germany,0.67,0.73,0.57,0.62,0.7,0.55,0.49,0.76,0.7,0.83,0.84,0.68,0.64,0.33,0.72,0.44,0.58,0.59,0.52,0.58,0.4,0.56,CAM,MID,6
Alberto Contrera,CAM,Paraguay,0.67,0.71,0.64,0.7,0.66,0.44,0.65,0.65,0.76,0.58,0.55,0.68,0.59,0.67,0.67,0.66,0.38,0.43,0.47,0.42,0.55,0.71,CAM,MID,6
Marius Corbu,CAM,Romania,0.67,0.68,0.59,0.64,0.69,0.52,0.62,0.7,0.67,0.68,0.71,0.69,0.67,0.58,0.67,0.61,0.58,0.53,0.51,0.47,0.5,0.65,CAM,MID,6
Niccolò Corrado,LM,Italy,0.67,0.67,0.47,0.66,0.67,0.64,0.6,0.68,0.67,0.77,0.73,0.67,0.67,0.58,0.65,0.61,0.7,0.66,0.61,0.63,0.53,0.4,LM,MID,6
Patrick Andrade,CDM,Cape Verde Islands,0.67,0.67,0.57,0.64,0.68,0.63,0.65,0.68,0.67,0.68,0.73,0.69,0.66,0.64,0.62,0.64,0.63,0.62,0.65,0.64,0.53,0.67,CDM,MID,6
Ismaila Coulibaly,CM,Mali,0.67,0.77,0.63,0.62,0.7,0.62,0.68,0.72,0.81,0.8,0.68,0.68,0.66,0.63,0.8,0.6,0.65,0.63,0.59,0.68,0.44,0.7,CM,MID,6
Benjamin Cremaschi,CM,United States,0.67,0.74,0.57,0.63,0.71,0.58,0.57,0.73,0.75,0.71,0.7,0.7,0.6,0.59,0.6,0.56,0.65,0.63,0.55,0.58,0.38,0.6,CM,MID,6
Alexandru Crețu,CDM,Romania,0.67,0.54,0.58,0.56,0.6,0.67,0.78,0.53,0.54,0.67,0.58,0.63,0.65,0.85,0.71,0.76,0.67,0.67,0.67,0.66,0.66,0.64,CDM,MID,0
Domen Črnigoj,CM,Slovenia,0.67,0.72,0.61,0.68,0.69,0.54,0.69,0.71,0.72,0.82,0.69,0.68,0.7,0.73,0.74,0.59,0.58,0.54,0.56,0.59,0.28,0.67,CM,MID,6
Daniel Crowley,CAM,England,0.67,0.77,0.64,0.67,0.69,0.47,0.52,0.78,0.76,0.89,0.89,0.65,0.65,0.34,0.83,0.58,0.54,0.51,0.32,0.48,0.6,0.64,CAM,MID,1
Christopher Cvetko,CM,Austria,0.67,0.6,0.6,0.63,0.64,0.65,0.76,0.66,0.55,0.63,0.62,0.65,0.69,0.74,0.87,0.73,0.65,0.59,0.66,0.69,0.62,0.68,CM,MID,0
Luca D'Andrea,RM,Italy,0.67,0.77,0.58,0.64,0.71,0.39,0.53,0.79,0.75,0.81,0.81,0.68,0.63,0.54,0.57,0.57,0.42,0.42,0.39,0.3,0.42,0.65,RM,MID,4
João Gamboa,CDM,Portugal,0.67,0.65,0.58,0.64,0.64,0.64,0.74,0.63,0.66,0.59,0.56,0.65,0.63,0.75,0.8,0.72,0.66,0.65,0.62,0.64,0.6,0.68,CDM,MID,0
Show,CDM,Angola,0.67,0.63,0.47,0.62,0.66,0.64,0.67,0.65,0.61,0.66,0.67,0.68,0.66,0.66,0.66,0.61,0.68,0.64,0.62,0.67,0.49,0.52,CDM,MID,0
Cristian Dájome,LM,Colombia,0.67,0.81,0.61,0.6,0.67,0.55,0.71,0.82,0.8,0.77,0.76,0.66,0.62,0.69,0.82,0.77,0.65,0.4,0.61,0.35,0.59,0.67,LM,MID,6
Brian De Keersmaecker,CDM,Belgium,0.67,0.76,0.53,0.64,0.66,0.61,0.7,0.72,0.8,0.68,0.67,0.66,0.62,0.68,0.77,0.71,0.55,0.58,0.66,0.67,0.58,0.59,CDM,MID,6
Luis de la Cruz,CDM,Paraguay,0.67,0.7,0.57,0.6,0.69,0.64,0.7,0.69,0.71,0.73,0.82,0.69,0.6,0.65,0.8,0.64,0.6,0.58,0.74,0.65,0.52,0.58,CDM,MID,6
Erik De Los Santos,RM,Uruguay,0.67,0.77,0.48,0.65,0.67,0.62,0.62,0.77,0.77,0.67,0.8,0.6,0.55,0.55,0.8,0.58,0.66,0.61,0.63,0.66,0.42,0.4,RM,MID,6
Dion De Neve,LM,Belgium,0.67,0.81,0.59,0.59,0.68,0.49,0.42,0.79,0.82,0.74,0.81,0.68,0.63,0.3,0.71,0.43,0.52,0.43,0.53,0.49,0.37,0.71,LM,MID,4
Yusuf Demir,RM,Austria,0.67,0.79,0.59,0.61,0.76,0.19,0.47,0.81,0.77,0.87,0.86,0.75,0.6,0.42,0.52,0.51,0.18,0.12,0.15,0.19,0.43,0.63,RM,MID,4
Lamine Diack,CDM,Senegal,0.67,0.76,0.59,0.61,0.65,0.64,0.75,0.75,0.76,0.78,0.63,0.62,0.6,0.73,0.82,0.75,0.66,0.63,0.61,0.67,0.59,0.65,CDM,MID,6
Djibril Diani,CDM,France,0.67,0.62,0.45,0.58,0.61,0.64,0.8,0.55,0.67,0.61,0.37,0.68,0.58,0.87,0.77,0.74,0.69,0.66,0.6,0.62,0.58,0.54,CDM,MID,0
Mahamadou Diawara,CM,France,0.67,0.67,0.55,0.65,0.67,0.61,0.69,0.65,0.69,0.58,0.56,0.71,0.64,0.74,0.65,0.71,0.64,0.61,0.61,0.59,0.58,0.66,CM,MID,0
Greg Docherty,CM,Scotland,0.67,0.68,0.65,0.64,0.68,0.66,0.8,0.67,0.68,0.75,0.74,0.67,0.66,0.78,0.87,0.74,0.68,0.66,0.66,0.66,0.59,0.76,CM,MID,5
Maciej Domański,CAM,Poland,0.67,0.69,0.66,0.66,0.69,0.56,0.68,0.71,0.67,0.8,0.91,0.66,0.69,0.57,0.92,0.7,0.51,0.44,0.66,0.49,0.68,0.68,CAM,MID,6
David Douline,CDM,France,0.67,0.45,0.58,0.6,0.62,0.65,0.72,0.53,0.38,0.6,0.62,0.65,0.61,0.7,0.82,0.66,0.65,0.61,0.66,0.66,0.62,0.62,CDM,MID,0
Bryce Duke,CAM,United States,0.67,0.68,0.58,0.69,0.71,0.46,0.58,0.7,0.66,0.8,0.83,0.7,0.64,0.57,0.67,0.53,0.5,0.41,0.5,0.41,0.39,0.65,CAM,MID,6
Pierre Dwomoh,CM,Belgium,0.67,0.72,0.54,0.66,0.73,0.55,0.72,0.73,0.72,0.75,0.63,0.72,0.66,0.72,0.71,0.67,0.61,0.58,0.5,0.55,0.46,0.53,CM,MID,6
Patryk Dziczek,CDM,Poland,0.67,0.57,0.54,0.6,0.65,0.64,0.7,0.59,0.55,0.68,0.74,0.67,0.64,0.73,0.6,0.71,0.64,0.62,0.61,0.68,0.63,0.47,CDM,MID,0
Juergen Elitim,CM,Colombia,0.67,0.79,0.62,0.68,0.7,0.51,0.61,0.78,0.8,0.82,0.83,0.69,0.64,0.51,0.74,0.56,0.58,0.49,0.42,0.59,0.44,0.57,CM,MID,6
Dimitrios Emmanouilidis,LM,Greece,0.67,0.84,0.65,0.57,0.71,0.24,0.58,0.85,0.84,0.86,0.8,0.69,0.54,0.59,0.62,0.66,0.22,0.22,0.22,0.22,0.46,0.68,LM,MID,4
Doğan Erdoğan,CDM,Turkey,0.67,0.56,0.54,0.65,0.66,0.62,0.7,0.68,0.46,0.67,0.59,0.68,0.66,0.71,0.69,0.73,0.66,0.62,0.57,0.66,0.6,0.7,CDM,MID,0
Onur Ergün,CDM,Turkey,0.67,0.56,0.63,0.63,0.63,0.66,0.72,0.6,0.53,0.64,0.66,0.65,0.67,0.73,0.72,0.74,0.67,0.6,0.67,0.66,0.7,0.7,CDM,MID,0
August Erlingmark,CDM,Sweden,0.67,0.63,0.55,0.57,0.6,0.66,0.75,0.56,0.69,0.61,0.64,0.63,0.65,0.73,0.75,0.72,0.66,0.59,0.68,0.66,0.68,0.66,CDM,MID,0
Anderson Esiti,CDM,Nigeria,0.67,0.52,0.45,0.56,0.56,0.68,0.78,0.57,0.48,0.36,0.4,0.6,0.58,0.85,0.65,0.69,0.7,0.62,0.68,0.67,0.66,0.68,CDM,MID,0
Mustafa Eskihellaç,RM,Turkey,0.67,0.86,0.55,0.59,0.68,0.53,0.59,0.87,0.86,0.82,0.73,0.64,0.6,0.56,0.73,0.66,0.58,0.53,0.52,0.5,0.46,0.67,RM,MID,6
Derrick Etienne Jr.,LM,Haiti,0.67,0.81,0.62,0.61,0.67,0.4,0.64,0.83,0.8,0.8,0.77,0.65,0.63,0.61,0.71,0.64,0.33,0.27,0.5,0.42,0.42,0.68,LM,MID,4
Lee Evans,CM,Wales,0.67,0.52,0.63,0.67,0.65,0.66,0.78,0.53,0.51,0.63,0.65,0.66,0.68,0.8,0.81,0.67,0.68,0.64,0.67,0.68,0.54,0.71,CM,MID,0
Mohamed Farsi,RM,Canada,0.67,0.83,0.52,0.61,0.68,0.6,0.56,0.83,0.83,0.78,0.71,0.65,0.6,0.5,0.73,0.61,0.64,0.63,0.61,0.57,0.46,0.6,RM,MID,6
Manuel Feil,RM,Germany,0.67,0.63,0.58,0.62,0.71,0.42,0.55,0.75,0.53,0.91,0.9,0.69,0.68,0.41,0.81,0.54,0.48,0.44,0.35,0.38,0.54,0.61,RM,MID,4
Hugo Fernández,LM,Paraguay,0.67,0.78,0.59,0.63,0.66,0.43,0.55,0.75,0.8,0.73,0.64,0.61,0.51,0.51,0.69,0.53,0.4,0.49,0.4,0.5,0.4,0.6,LM,MID,4
Matias Fernandez-Pardo,CAM,Belgium,0.67,0.75,0.64,0.64,0.7,0.39,0.53,0.79,0.71,0.74,0.67,0.7,0.67,0.52,0.62,0.63,0.36,0.32,0.41,0.36,0.51,0.61,CAM,MID,4
Miguel Sousa,CAM,Portugal,0.67,0.64,0.62,0.68,0.68,0.41,0.48,0.65,0.64,0.79,0.75,0.7,0.66,0.46,0.56,0.49,0.44,0.47,0.43,0.28,0.45,0.62,CAM,MID,4
Eduard Florescu,RM,Romania,0.67,0.69,0.68,0.66,0.66,0.54,0.65,0.68,0.7,0.71,0.64,0.7,0.65,0.58,0.88,0.61,0.56,0.49,0.49,0.6,0.54,0.77,RM,MID,6
Iver Fossum,CM,Norway,0.67,0.68,0.62,0.65,0.68,0.62,0.74,0.69,0.67,0.72,0.76,0.65,0.66,0.7,0.91,0.71,0.66,0.62,0.58,0.64,0.61,0.69,CM,MID,6
Abu Francis,CM,Ghana,0.67,0.73,0.66,0.63,0.7,0.64,0.68,0.72,0.74,0.74,0.7,0.72,0.66,0.69,0.61,0.73,0.68,0.65,0.61,0.65,0.6,0.72,CM,MID,6
Nils Fröling,LM,Sweden,0.67,0.83,0.69,0.56,0.68,0.38,0.79,0.74,0.91,0.76,0.82,0.64,0.65,0.77,0.85,0.7,0.39,0.18,0.42,0.37,0.46,0.77,LM,MID,1
Aldair Fuentes,CDM,Peru,0.67,0.56,0.45,0.54,0.55,0.65,0.81,0.61,0.51,0.62,0.29,0.64,0.63,0.87,0.73,0.76,0.68,0.63,0.68,0.6,0.57,0.55,CDM,MID,0
Michael Fuentes Vadulli,LM,Chile,0.67,0.78,0.6,0.58,0.67,0.3,0.58,0.76,0.79,0.72,0.6,0.67,0.59,0.62,0.76,0.6,0.32,0.27,0.21,0.37,0.37,0.54,LM,MID,4
Joel Chima Fujita,CDM,Japan,0.67,0.67,0.57,0.61,0.65,0.64,0.67,0.76,0.6,0.73,0.78,0.66,0.59,0.66,0.67,0.69,0.71,0.67,0.58,0.67,0.5,0.65,CDM,MID,6
Christian Gebauer,RM,Austria,0.67,0.79,0.62,0.58,0.66,0.52,0.71,0.84,0.75,0.7,0.71,0.66,0.66,0.75,0.8,0.8,0.54,0.48,0.49,0.55,0.57,0.63,RM,MID,6
Andreas Geipl,CDM,Germany,0.67,0.62,0.53,0.59,0.61,0.68,0.72,0.71,0.54,0.73,0.78,0.59,0.66,0.65,0.77,0.72,0.7,0.69,0.7,0.67,0.6,0.72,CDM,MID,0
Fabio Gerli,CM,Italy,0.67,0.62,0.58,0.67,0.68,0.62,0.6,0.59,0.65,0.77,0.83,0.7,0.68,0.51,0.84,0.54,0.61,0.68,0.65,0.6,0.54,0.61,CM,MID,6
Armin Gigović,CM,Bosnia and Herzegovina,0.67,0.7,0.54,0.64,0.7,0.54,0.69,0.69,0.71,0.71,0.57,0.71,0.66,0.71,0.75,0.68,0.56,0.51,0.52,0.55,0.53,0.54,CM,MID,6
Dylan Glaby,CDM,Argentina,0.67,0.57,0.52,0.64,0.61,0.64,0.7,0.55,0.59,0.59,0.67,0.64,0.54,0.66,0.77,0.66,0.64,0.64,0.65,0.6,0.64,0.64,CDM,MID,0
Vítor Gomes,CM,Portugal,0.67,0.43,0.65,0.71,0.66,0.64,0.69,0.41,0.44,0.6,0.55,0.7,0.65,0.75,0.5,0.67,0.65,0.66,0.57,0.68,0.7,0.78,CM,MID,0
Marcos Gómez,CM,Paraguay,0.67,0.73,0.55,0.59,0.64,0.61,0.64,0.71,0.74,0.6,0.72,0.66,0.65,0.61,0.74,0.62,0.62,0.59,0.59,0.68,0.47,0.63,CM,MID,6
Yeison Gordillo,CDM,Colombia,0.67,0.54,0.44,0.58,0.62,0.63,0.78,0.53,0.54,0.63,0.7,0.62,0.64,0.77,0.76,0.68,0.65,0.64,0.64,0.6,0.56,0.58,CDM,MID,0
Alexander Gorgon,CAM,Austria,0.67,0.66,0.65,0.67,0.67,0.52,0.69,0.67,0.66,0.7,0.64,0.67,0.67,0.71,0.74,0.74,0.52,0.44,0.47,0.59,0.65,0.68,CAM,MID,6
Pablo Gozálbez,CAM,Spain,0.67,0.58,0.65,0.66,0.69,0.48,0.5,0.63,0.54,0.64,0.74,0.72,0.62,0.45,0.55,0.54,0.43,0.44,0.5,0.52,0.55,0.67,CAM,MID,6
Jaume Grau,CM,Spain,0.67,0.64,0.59,0.65,0.65,0.66,0.71,0.62,0.66,0.61,0.62,0.66,0.66,0.71,0.76,0.69,0.68,0.65,0.67,0.68,0.58,0.65,CM,MID,0
Ján Greguš,CDM,Slovakia,0.67,0.62,0.62,0.67,0.65,0.62,0.71,0.6,0.63,0.63,0.65,0.68,0.63,0.7,0.73,0.66,0.64,0.63,0.63,0.61,0.58,0.68,CDM,MID,0
Jeppe Grønning,CDM,Denmark,0.67,0.34,0.52,0.58,0.56,0.65,0.77,0.34,0.34,0.53,0.63,0.6,0.67,0.76,0.87,0.61,0.66,0.64,0.68,0.66,0.56,0.65,CDM,MID,0
Gheorghe Grozav,LM,Romania,0.67,0.76,0.66,0.63,0.67,0.32,0.66,0.77,0.75,0.79,0.58,0.66,0.62,0.66,0.75,0.77,0.27,0.25,0.28,0.32,0.67,0.71,LM,MID,4
Lamine Gueye,RM,Senegal,0.67,0.77,0.65,0.64,0.68,0.25,0.62,0.76,0.77,0.76,0.75,0.67,0.62,0.67,0.68,0.76,0.23,0.18,0.19,0.19,0.65,0.69,RM,MID,4
Brian Gutiérrez,LM,United States,0.67,0.67,0.61,0.63,0.69,0.39,0.58,0.68,0.67,0.71,0.73,0.69,0.63,0.57,0.64,0.52,0.42,0.45,0.39,0.29,0.39,0.64,LM,MID,4
Vito Hammershøy-Mistrati,CAM,Denmark,0.67,0.61,0.66,0.66,0.68,0.61,0.7,0.66,0.57,0.73,0.79,0.67,0.65,0.62,0.86,0.63,0.58,0.61,0.63,0.64,0.54,0.67,CAM,MID,6
Mattes Hansen,CDM,Germany,0.67,0.6,0.38,0.6,0.6,0.66,0.67,0.65,0.56,0.69,0.67,0.62,0.63,0.67,0.69,0.69,0.69,0.64,0.65,0.65,0.62,0.51,CDM,MID,0
Marcus Harness,LM,England,0.67,0.85,0.62,0.61,0.67,0.38,0.58,0.85,0.85,0.85,0.78,0.65,0.6,0.58,0.7,0.62,0.4,0.36,0.41,0.31,0.43,0.64,LM,MID,4
Ali Hazazi,CDM,Saudi Arabia,0.67,0.63,0.46,0.62,0.69,0.62,0.71,0.63,0.63,0.69,0.68,0.7,0.61,0.71,0.77,0.72,0.66,0.6,0.59,0.6,0.64,0.52,CDM,MID,0
Patrik Hellebrand,CAM,Czech Republic,0.67,0.71,0.61,0.68,0.69,0.4,0.64,0.7,0.71,0.71,0.71,0.68,0.64,0.61,0.7,0.69,0.41,0.45,0.37,0.3,0.62,0.65,CAM,MID,4
Jorge Henríquez,CM,Chile,0.67,0.67,0.66,0.68,0.7,0.42,0.7,0.68,0.67,0.66,0.67,0.71,0.6,0.72,0.77,0.65,0.51,0.43,0.28,0.47,0.49,0.76,CM,MID,6
Javi Hernández,CAM,Spain,0.67,0.61,0.69,0.67,0.68,0.45,0.61,0.64,0.59,0.66,0.57,0.7,0.6,0.71,0.69,0.5,0.43,0.29,0.48,0.56,0.37,0.71,CAM,MID,6
Julian Hettwer,RM,Germany,0.67,0.9,0.65,0.55,0.68,0.33,0.62,0.92,0.89,0.77,0.79,0.67,0.61,0.54,0.73,0.66,0.29,0.28,0.33,0.33,0.49,0.64,RM,MID,4
Daan Heymans,CAM,Belgium,0.67,0.5,0.7,0.66,0.66,0.56,0.68,0.43,0.55,0.62,0.52,0.69,0.71,0.7,0.72,0.69,0.61,0.52,0.48,0.53,0.72,0.72,CAM,MID,0
Stefan Hierländer,CM,Austria,0.67,0.67,0.66,0.67,0.69,0.65,0.7,0.67,0.67,0.75,0.71,0.7,0.67,0.68,0.73,0.71,0.65,0.65,0.65,0.65,0.64,0.7,CM,MID,5
Jonathan Hogg,CDM,England,0.67,0.45,0.55,0.59,0.64,0.65,0.74,0.53,0.38,0.64,0.72,0.66,0.63,0.72,0.76,0.68,0.66,0.63,0.65,0.65,0.62,0.75,CDM,MID,0
Malthe Højholt,CDM,Denmark,0.67,0.64,0.44,0.58,0.65,0.62,0.68,0.63,0.64,0.63,0.71,0.67,0.68,0.66,0.74,0.59,0.64,0.61,0.65,0.64,0.46,0.54,CDM,MID,6
Santiago Homenchenko,CM,Uruguay,0.67,0.73,0.61,0.64,0.63,0.62,0.77,0.73,0.73,0.65,0.53,0.65,0.69,0.73,0.87,0.71,0.67,0.68,0.56,0.67,0.51,0.63,CM,MID,0
Jordan Houghton,CDM,England,0.67,0.58,0.51,0.64,0.61,0.63,0.77,0.64,0.53,0.58,0.61,0.64,0.62,0.76,0.79,0.75,0.66,0.62,0.62,0.62,0.63,0.51,CDM,MID,0
Lyes Houri,CAM,France,0.67,0.7,0.6,0.66,0.72,0.53,0.45,0.71,0.7,0.76,0.92,0.7,0.64,0.32,0.7,0.52,0.48,0.52,0.61,0.5,0.55,0.64,CAM,MID,6
Joseph Hungbo,RM,England,0.67,0.76,0.63,0.62,0.69,0.33,0.59,0.8,0.73,0.83,0.82,0.67,0.55,0.62,0.67,0.62,0.33,0.3,0.37,0.26,0.4,0.65,RM,MID,4
Bilal Hussein,CM,Sweden,0.67,0.65,0.58,0.66,0.72,0.63,0.68,0.7,0.6,0.78,0.81,0.72,0.65,0.63,0.79,0.64,0.64,0.63,0.65,0.63,0.53,0.59,CM,MID,6
Dominic Iankov,CAM,Bulgaria,0.67,0.66,0.59,0.66,0.67,0.46,0.51,0.68,0.64,0.64,0.69,0.66,0.69,0.48,0.63,0.51,0.52,0.46,0.39,0.49,0.46,0.6,CAM,MID,6
Svante Ingelsson,CAM,Sweden,0.67,0.73,0.6,0.66,0.67,0.6,0.78,0.73,0.73,0.73,0.56,0.67,0.65,0.75,0.88,0.69,0.59,0.57,0.67,0.59,0.47,0.66,CAM,MID,6
Elián Irala,CDM,Argentina,0.67,0.72,0.51,0.59,0.64,0.65,0.62,0.7,0.73,0.71,0.69,0.64,0.65,0.54,0.71,0.59,0.69,0.6,0.63,0.69,0.54,0.63,CDM,MID,6
Tim Jabol-Folcarelli,CM,France,0.67,0.66,0.56,0.64,0.65,0.63,0.71,0.65,0.66,0.58,0.56,0.7,0.65,0.7,0.81,0.7,0.64,0.64,0.59,0.66,0.61,0.66,CM,MID,0
Jamie Jacobs,CM,Holland,0.67,0.67,0.65,0.67,0.67,0.58,0.65,0.69,0.65,0.73,0.68,0.67,0.65,0.6,0.82,0.63,0.57,0.58,0.58,0.61,0.52,0.67,CM,MID,6
Thore Jacobsen,CDM,Germany,0.67,0.63,0.55,0.64,0.67,0.63,0.7,0.66,0.6,0.72,0.68,0.67,0.64,0.68,0.77,0.64,0.63,0.6,0.65,0.66,0.52,0.63,CDM,MID,0
Isak Jansson,LM,Sweden,0.67,0.81,0.62,0.57,0.69,0.41,0.68,0.82,0.81,0.84,0.84,0.7,0.61,0.63,0.83,0.74,0.43,0.42,0.36,0.38,0.58,0.62,LM,MID,1
Florian Jaritz,LM,Austria,0.67,0.69,0.63,0.63,0.67,0.58,0.67,0.7,0.69,0.71,0.73,0.67,0.62,0.67,0.74,0.69,0.6,0.56,0.55,0.6,0.59,0.67,LM,MID,6
Ruben Yttergård Jenssen,CDM,Norway,0.67,0.55,0.59,0.66,0.65,0.61,0.74,0.57,0.54,0.71,0.79,0.65,0.68,0.73,0.81,0.61,0.63,0.58,0.62,0.65,0.45,0.7,CDM,MID,0
Branko Jovičić,CDM,Serbia,0.67,0.66,0.51,0.6,0.65,0.65,0.69,0.65,0.67,0.64,0.68,0.66,0.68,0.64,0.78,0.68,0.68,0.67,0.63,0.66,0.61,0.63,CDM,MID,0
Ju Se Jong,CDM,Korea Republic,0.67,0.54,0.53,0.71,0.65,0.58,0.68,0.54,0.54,0.75,0.75,0.7,0.68,0.67,0.79,0.52,0.61,0.55,0.58,0.63,0.41,0.66,CDM,MID,0
Markus Kaasa,CM,Norway,0.67,0.71,0.61,0.64,0.7,0.58,0.65,0.73,0.69,0.83,0.83,0.69,0.65,0.62,0.81,0.66,0.57,0.54,0.6,0.59,0.52,0.59,CM,MID,6
Yusuf Kabadayi,RM,Germany,0.67,0.87,0.63,0.56,0.71,0.21,0.58,0.84,0.89,0.82,0.69,0.69,0.63,0.6,0.7,0.7,0.19,0.17,0.18,0.14,0.51,0.67,RM,MID,4
Damian Kądzior,RM,Poland,0.67,0.9,0.62,0.61,0.69,0.46,0.65,0.9,0.9,0.89,0.84,0.66,0.6,0.6,0.78,0.78,0.41,0.42,0.44,0.53,0.6,0.71,RM,MID,1
Tobias Kainz,CDM,Austria,0.67,0.71,0.58,0.65,0.65,0.64,0.71,0.72,0.7,0.71,0.77,0.64,0.65,0.65,0.87,0.67,0.64,0.63,0.65,0.66,0.53,0.68,CDM,MID,6
Dijon Kameri,CAM,Austria,0.67,0.74,0.66,0.63,0.7,0.38,0.63,0.76,0.73,0.75,0.7,0.71,0.58,0.65,0.64,0.69,0.41,0.41,0.28,0.42,0.52,0.74,CAM,MID,4
Ali Karimi,CM,Iran,0.67,0.59,0.6,0.65,0.67,0.64,0.7,0.64,0.54,0.59,0.58,0.7,0.68,0.74,0.69,0.75,0.62,0.56,0.66,0.65,0.7,0.64,CM,MID,0
Ahmed Kashi,CDM,Algeria,0.67,0.49,0.52,0.63,0.64,0.61,0.71,0.58,0.42,0.67,0.72,0.66,0.63,0.71,0.72,0.57,0.64,0.59,0.64,0.63,0.43,0.58,CDM,MID,0
David Kasumu,CDM,Nigeria,0.67,0.77,0.5,0.6,0.67,0.63,0.77,0.79,0.75,0.79,0.75,0.67,0.65,0.76,0.79,0.8,0.65,0.62,0.61,0.66,0.58,0.55,CDM,MID,6
Fabio Kaufmann,CAM,Germany,0.67,0.77,0.67,0.62,0.7,0.53,0.7,0.82,0.72,0.82,0.79,0.67,0.69,0.64,0.86,0.74,0.59,0.57,0.41,0.59,0.57,0.7,CAM,MID,6
Oluwatosin Kehinde,RM,Nigeria,0.67,0.83,0.55,0.61,0.72,0.4,0.64,0.82,0.84,0.83,0.83,0.7,0.61,0.62,0.68,0.7,0.41,0.42,0.38,0.37,0.5,0.59,RM,MID,4
Matty Kennedy,LM,Northern Ireland,0.67,0.85,0.59,0.63,0.71,0.5,0.61,0.87,0.83,0.77,0.85,0.65,0.53,0.6,0.66,0.68,0.55,0.54,0.48,0.47,0.45,0.68,LM,MID,6
Pascal Klemens,CDM,Germany,0.67,0.61,0.37,0.56,0.61,0.67,0.72,0.59,0.62,0.56,0.61,0.65,0.62,0.73,0.73,0.71,0.68,0.67,0.67,0.69,0.64,0.55,CDM,MID,0
Philipp Klement,CAM,Germany,0.67,0.6,0.64,0.7,0.69,0.4,0.49,0.6,0.6,0.78,0.8,0.67,0.67,0.45,0.54,0.48,0.3,0.34,0.37,0.56,0.49,0.69,CAM,MID,4
Harvey Knibbs,CAM,England,0.67,0.73,0.65,0.62,0.67,0.62,0.78,0.74,0.73,0.62,0.59,0.67,0.7,0.74,0.87,0.79,0.65,0.63,0.56,0.66,0.66,0.65,CAM,MID,0
David Kopacz,RM,Poland,0.67,0.74,0.61,0.63,0.68,0.39,0.62,0.76,0.73,0.81,0.79,0.67,0.58,0.55,0.82,0.65,0.51,0.5,0.22,0.35,0.54,0.65,RM,MID,4
Josh Koroma,LM,Sierra Leone,0.67,0.82,0.65,0.59,0.68,0.38,0.63,0.84,0.81,0.77,0.73,0.69,0.63,0.66,0.72,0.66,0.38,0.39,0.46,0.25,0.43,0.75,LM,MID,4
Christos Kourfalidis,CM,Greece,0.67,0.71,0.6,0.67,0.7,0.58,0.65,0.76,0.66,0.79,0.75,0.7,0.65,0.57,0.76,0.65,0.61,0.6,0.53,0.64,0.5,0.68,CM,MID,6
Robin Krauße,CDM,Germany,0.67,0.63,0.41,0.62,0.58,0.64,0.77,0.66,0.6,0.72,0.72,0.59,0.65,0.7,0.82,0.77,0.64,0.68,0.64,0.64,0.59,0.57,CDM,MID,0
Jarosław Kubicki,CDM,Poland,0.67,0.71,0.56,0.63,0.65,0.62,0.75,0.71,0.71,0.68,0.78,0.64,0.65,0.7,0.85,0.73,0.64,0.64,0.58,0.63,0.6,0.58,CDM,MID,6
Rafał Kurzawa,CDM,Poland,0.67,0.51,0.65,0.7,0.67,0.63,0.6,0.49,0.52,0.69,0.71,0.69,0.68,0.62,0.72,0.56,0.67,0.64,0.63,0.61,0.5,0.68,CDM,MID,0
Lazaros Lamprou,LM,Greece,0.67,0.82,0.63,0.59,0.7,0.31,0.62,0.8,0.83,0.77,0.6,0.71,0.63,0.57,0.75,0.63,0.26,0.23,0.32,0.28,0.6,0.62,LM,MID,4
Paddy Lane,LM,Northern Ireland,0.67,0.76,0.65,0.61,0.69,0.54,0.58,0.77,0.75,0.84,0.84,0.67,0.62,0.46,0.76,0.56,0.59,0.52,0.51,0.55,0.48,0.68,LM,MID,6
Christoph Lang,RM,Austria,0.67,0.73,0.66,0.63,0.69,0.33,0.61,0.72,0.74,0.79,0.73,0.68,0.6,0.64,0.58,0.67,0.32,0.42,0.33,0.22,0.53,0.68,RM,MID,4
Callum Lang,CAM,England,0.67,0.8,0.64,0.62,0.69,0.4,0.69,0.82,0.79,0.81,0.75,0.66,0.65,0.62,0.72,0.76,0.44,0.4,0.27,0.42,0.6,0.67,CAM,MID,1
Nikolai Laursen,RM,Denmark,0.67,0.74,0.66,0.66,0.69,0.37,0.56,0.73,0.74,0.74,0.65,0.7,0.65,0.68,0.42,0.59,0.28,0.26,0.43,0.4,0.5,0.73,RM,MID,4
Yusuf Lawal,RM,Nigeria,0.67,0.81,0.58,0.59,0.69,0.26,0.63,0.82,0.81,0.8,0.73,0.65,0.65,0.61,0.71,0.69,0.27,0.24,0.28,0.21,0.33,0.61,RM,MID,4
Randall Leal,CAM,Costa Rica,0.67,0.71,0.64,0.65,0.71,0.44,0.52,0.73,0.7,0.81,0.87,0.69,0.65,0.4,0.75,0.45,0.48,0.35,0.44,0.45,0.42,0.77,CAM,MID,4
Ben Lederman,CM,Poland,0.67,0.76,0.57,0.67,0.7,0.55,0.66,0.79,0.73,0.83,0.7,0.7,0.67,0.63,0.74,0.66,0.57,0.45,0.54,0.65,0.46,0.62,CM,MID,6
Richard Ledezma,CAM,United States,0.67,0.68,0.6,0.66,0.7,0.48,0.47,0.75,0.62,0.78,0.76,0.7,0.6,0.41,0.6,0.46,0.51,0.46,0.45,0.52,0.4,0.62,CAM,MID,4
Lee Soo Bin,CDM,Korea Republic,0.67,0.57,0.48,0.61,0.67,0.58,0.64,0.58,0.56,0.62,0.72,0.72,0.69,0.65,0.7,0.58,0.63,0.53,0.55,0.64,0.48,0.47,CDM,MID,0
Elliot Lee,CM,England,0.67,0.67,0.66,0.64,0.68,0.59,0.68,0.67,0.67,0.73,0.73,0.68,0.66,0.63,0.82,0.67,0.62,0.52,0.57,0.6,0.59,0.68,CM,MID,6
Clint Leemans,CM,Holland,0.67,0.52,0.7,0.69,0.65,0.59,0.7,0.56,0.49,0.52,0.59,0.69,0.62,0.75,0.69,0.68,0.58,0.56,0.59,0.63,0.56,0.81,CM,MID,0
Mateusz Łęgowski,CDM,Poland,0.67,0.71,0.56,0.66,0.69,0.61,0.69,0.72,0.71,0.64,0.7,0.72,0.63,0.67,0.76,0.68,0.62,0.58,0.62,0.61,0.53,0.6,CDM,MID,6
Evert Linthorst,CDM,Holland,0.67,0.6,0.6,0.61,0.67,0.61,0.76,0.67,0.55,0.67,0.67,0.69,0.66,0.76,0.81,0.76,0.61,0.6,0.6,0.63,0.62,0.67,CDM,MID,0
Liu Binbin,RM,China PR,0.67,0.82,0.63,0.61,0.68,0.44,0.61,0.82,0.82,0.83,0.7,0.64,0.59,0.58,0.7,0.72,0.42,0.38,0.46,0.38,0.59,0.62,RM,MID,4
Mihai Lixandru,CDM,Romania,0.67,0.74,0.49,0.58,0.64,0.67,0.67,0.72,0.75,0.63,0.61,0.64,0.67,0.68,0.62,0.7,0.69,0.65,0.68,0.68,0.55,0.58,CDM,MID,6
Ivan Ljubić,CM,Austria,0.67,0.6,0.64,0.63,0.68,0.65,0.73,0.62,0.58,0.63,0.65,0.69,0.69,0.78,0.69,0.75,0.65,0.64,0.65,0.65,0.63,0.66,CM,MID,0
Ryan Longman,LM,England,0.67,0.78,0.65,0.6,0.68,0.51,0.71,0.75,0.81,0.75,0.73,0.66,0.64,0.7,0.77,0.74,0.54,0.47,0.51,0.46,0.6,0.68,LM,MID,6
Matthew Longstaff,CM,England,0.67,0.66,0.64,0.65,0.73,0.53,0.6,0.69,0.63,0.75,0.84,0.74,0.67,0.58,0.6,0.54,0.57,0.51,0.5,0.58,0.44,0.68,CM,MID,6
Álex López,CDM,Spain,0.67,0.59,0.67,0.69,0.67,0.6,0.68,0.63,0.55,0.69,0.78,0.68,0.68,0.69,0.65,0.6,0.65,0.61,0.57,0.62,0.45,0.75,CDM,MID,0
Dylan Louiserre,CDM,France,0.67,0.65,0.64,0.65,0.68,0.64,0.69,0.67,0.63,0.85,0.87,0.67,0.67,0.64,0.84,0.64,0.66,0.6,0.65,0.64,0.54,0.69,CDM,MID,6
Karlo Lulić,CM,Croatia,0.67,0.59,0.64,0.67,0.67,0.55,0.7,0.59,0.59,0.61,0.59,0.69,0.66,0.73,0.7,0.66,0.59,0.48,0.52,0.57,0.54,0.67,CM,MID,0
Ramon Pascal Lundqvist,CAM,Sweden,0.67,0.66,0.67,0.68,0.69,0.58,0.63,0.69,0.63,0.7,0.67,0.7,0.64,0.63,0.71,0.69,0.6,0.5,0.54,0.65,0.61,0.74,CAM,MID,6
Youssouf M'Changama,CM,Netherlands,0.67,0.73,0.65,0.67,0.69,0.62,0.69,0.71,0.74,0.82,0.83,0.68,0.62,0.67,0.77,0.63,0.66,0.57,0.62,0.65,0.45,0.69,CM,MID,6
Paris Maghoma,CM,England,0.67,0.66,0.61,0.65,0.7,0.6,0.68,0.71,0.62,0.72,0.76,0.69,0.67,0.66,0.72,0.63,0.64,0.62,0.61,0.59,0.46,0.63,CM,MID,6
Raffaele Maiello,CM,Italy,0.67,0.69,0.6,0.64,0.7,0.57,0.67,0.79,0.6,0.83,0.83,0.71,0.68,0.63,0.8,0.69,0.6,0.56,0.58,0.56,0.52,0.62,CM,MID,6
Mattia Maita,CM,Italy,0.67,0.73,0.55,0.64,0.68,0.57,0.66,0.69,0.77,0.62,0.67,0.69,0.71,0.68,0.73,0.66,0.62,0.55,0.46,0.66,0.54,0.6,CM,MID,6
Charalambos Makridis,LM,Germany,0.67,0.87,0.68,0.58,0.68,0.24,0.56,0.83,0.9,0.78,0.7,0.68,0.62,0.59,0.64,0.72,0.22,0.21,0.18,0.2,0.58,0.7,LM,MID,4
Kristiyan Malinov,CDM,Bulgaria,0.67,0.61,0.55,0.59,0.59,0.63,0.74,0.69,0.55,0.68,0.82,0.63,0.61,0.71,0.79,0.57,0.68,0.68,0.63,0.7,0.31,0.71,CDM,MID,6
Marius Marin,CM,Romania,0.67,0.75,0.57,0.67,0.67,0.64,0.72,0.76,0.74,0.76,0.74,0.67,0.66,0.65,0.84,0.72,0.66,0.64,0.64,0.64,0.57,0.64,CM,MID,6
Gonzalo Maroni,CAM,Argentina,0.67,0.67,0.57,0.64,0.72,0.42,0.52,0.73,0.62,0.81,0.67,0.71,0.64,0.56,0.54,0.62,0.4,0.4,0.51,0.3,0.5,0.61,CAM,MID,4
Rodrigo Márquez,LM,Argentina,0.67,0.75,0.61,0.6,0.72,0.31,0.54,0.79,0.72,0.7,0.71,0.72,0.65,0.54,0.59,0.67,0.36,0.29,0.23,0.21,0.58,0.6,LM,MID,4
Ramón Martínez,CDM,Paraguay,0.67,0.61,0.56,0.57,0.61,0.66,0.75,0.54,0.67,0.54,0.55,0.66,0.69,0.82,0.68,0.71,0.72,0.71,0.61,0.65,0.55,0.58,CDM,MID,0
Alonso Martínez,RM,Costa Rica,0.67,0.73,0.55,0.6,0.69,0.27,0.49,0.72,0.73,0.67,0.77,0.69,0.6,0.51,0.58,0.6,0.29,0.24,0.29,0.18,0.39,0.49,RM,MID,4
Gabri Martínez,RM,Spain,0.67,0.81,0.63,0.61,0.69,0.3,0.55,0.82,0.81,0.81,0.66,0.7,0.6,0.59,0.55,0.61,0.3,0.33,0.31,0.2,0.4,0.63,RM,MID,4
Roberto Massimo,RM,Germany,0.67,0.82,0.6,0.57,0.71,0.53,0.62,0.85,0.79,0.8,0.75,0.71,0.58,0.63,0.66,0.71,0.55,0.49,0.59,0.44,0.5,0.62,RM,MID,6
Ibrahim Maza,CAM,Germany,0.67,0.72,0.61,0.64,0.74,0.38,0.58,0.73,0.72,0.81,0.79,0.72,0.63,0.62,0.6,0.66,0.35,0.34,0.35,0.41,0.52,0.64,CAM,MID,4
Nolan Mbemba,CM,Congo,0.67,0.66,0.6,0.65,0.68,0.63,0.73,0.63,0.69,0.75,0.69,0.68,0.66,0.73,0.72,0.72,0.65,0.59,0.62,0.64,0.62,0.63,CM,MID,0
Hianga'a Mbock,CDM,France,0.67,0.57,0.59,0.63,0.7,0.63,0.7,0.66,0.49,0.67,0.66,0.73,0.62,0.74,0.65,0.71,0.65,0.63,0.62,0.62,0.59,0.77,CDM,MID,0
Ross McCausland,RM,Northern Ireland,0.67,0.8,0.57,0.62,0.69,0.27,0.4,0.76,0.83,0.84,0.81,0.67,0.62,0.36,0.51,0.42,0.3,0.26,0.24,0.28,0.27,0.54,RM,MID,4
Marcus McGuane,CDM,England,0.67,0.79,0.47,0.64,0.69,0.59,0.72,0.83,0.75,0.78,0.76,0.67,0.66,0.69,0.83,0.66,0.6,0.6,0.6,0.63,0.4,0.58,CDM,MID,6
Carl McHugh,CDM,Republic of Ireland,0.67,0.43,0.52,0.6,0.62,0.65,0.77,0.55,0.34,0.67,0.69,0.63,0.6,0.76,0.86,0.81,0.65,0.63,0.67,0.65,0.65,0.54,CDM,MID,0
Shaun McWilliams,CDM,England,0.67,0.74,0.58,0.61,0.65,0.62,0.78,0.7,0.78,0.7,0.7,0.64,0.64,0.78,0.74,0.69,0.65,0.65,0.62,0.62,0.48,0.65,CDM,MID,6
Agus Medina,CM,Spain,0.67,0.69,0.63,0.66,0.64,0.65,0.74,0.71,0.68,0.73,0.8,0.62,0.68,0.74,0.9,0.74,0.68,0.63,0.66,0.62,0.56,0.73,CM,MID,6
Marcos Mejía,RM,Ecuador,0.67,0.73,0.61,0.64,0.67,0.39,0.58,0.73,0.73,0.67,0.7,0.67,0.55,0.55,0.68,0.56,0.33,0.29,0.44,0.45,0.44,0.67,RM,MID,4
Anzor Mekvabishvili,CDM,Georgia,0.67,0.71,0.39,0.58,0.65,0.64,0.62,0.69,0.72,0.74,0.78,0.65,0.65,0.59,0.68,0.58,0.68,0.63,0.64,0.65,0.48,0.45,CDM,MID,6
Francisco Mera,CM,Ecuador,0.67,0.65,0.62,0.63,0.68,0.61,0.69,0.66,0.65,0.71,0.8,0.66,0.71,0.7,0.71,0.68,0.63,0.54,0.59,0.64,0.58,0.72,CM,MID,6
Juan Mercado,CDM,Bolivia,0.67,0.69,0.61,0.59,0.66,0.66,0.68,0.67,0.7,0.72,0.71,0.65,0.68,0.63,0.88,0.67,0.7,0.66,0.65,0.67,0.59,0.71,CDM,MID,6
Nicolas Milanović,LM,Australia,0.67,0.76,0.64,0.56,0.71,0.35,0.7,0.75,0.77,0.73,0.66,0.71,0.6,0.68,0.87,0.66,0.36,0.3,0.34,0.31,0.48,0.6,LM,MID,4
Shunsuke Mito,RM,Japan,0.67,0.83,0.61,0.58,0.73,0.31,0.52,0.85,0.81,0.79,0.93,0.71,0.56,0.45,0.78,0.55,0.29,0.27,0.32,0.26,0.43,0.62,RM,MID,4
Manu Molina,CDM,Spain,0.67,0.59,0.6,0.68,0.67,0.61,0.61,0.63,0.55,0.69,0.73,0.67,0.67,0.58,0.7,0.51,0.66,0.6,0.62,0.66,0.37,0.59,CDM,MID,6
Clemente Montes,LM,Chile,0.67,0.79,0.58,0.59,0.69,0.23,0.59,0.76,0.82,0.78,0.74,0.69,0.64,0.62,0.68,0.65,0.2,0.2,0.19,0.24,0.48,0.67,LM,MID,4
Andrew Moran,CAM,Republic of Ireland,0.67,0.75,0.58,0.66,0.71,0.39,0.57,0.77,0.74,0.8,0.84,0.7,0.59,0.55,0.66,0.61,0.38,0.48,0.45,0.25,0.45,0.62,CAM,MID,4
Stefano Moreyra,CDM,Argentina,0.67,0.65,0.43,0.59,0.63,0.68,0.64,0.68,0.63,0.7,0.72,0.65,0.61,0.6,0.68,0.69,0.65,0.67,0.68,0.73,0.64,0.53,CDM,MID,6
Edwin Mosquera,RM,Colombia,0.67,0.83,0.56,0.61,0.67,0.17,0.6,0.82,0.84,0.79,0.66,0.68,0.6,0.68,0.68,0.72,0.1,0.18,0.17,0.11,0.51,0.62,RM,MID,4
El Mehdi Moubarik,CDM,Morocco,0.67,0.7,0.41,0.63,0.63,0.63,0.7,0.73,0.67,0.62,0.65,0.65,0.6,0.67,0.83,0.7,0.63,0.65,0.62,0.68,0.55,0.49,CDM,MID,6
Owen Moxon,CM,England,0.67,0.66,0.61,0.66,0.66,0.63,0.77,0.65,0.67,0.69,0.67,0.66,0.65,0.72,0.88,0.7,0.66,0.65,0.59,0.65,0.57,0.68,CM,MID,0
Chris Mueller,LM,United States,0.67,0.81,0.64,0.61,0.68,0.25,0.63,0.8,0.82,0.77,0.68,0.68,0.63,0.68,0.66,0.77,0.24,0.12,0.26,0.15,0.61,0.68,LM,MID,4
Joaquín,RM,Spain,0.67,0.82,0.62,0.6,0.69,0.24,0.6,0.83,0.81,0.81,0.83,0.65,0.61,0.61,0.63,0.64,0.21,0.2,0.21,0.23,0.44,0.64,RM,MID,4
Jorge Murrugarra,CDM,Peru,0.67,0.58,0.51,0.6,0.6,0.63,0.67,0.6,0.57,0.58,0.69,0.67,0.62,0.68,0.66,0.55,0.66,0.59,0.66,0.66,0.42,0.6,CDM,MID,0
Anthony Musaba,RM,Holland,0.67,0.86,0.64,0.56,0.7,0.24,0.63,0.84,0.87,0.8,0.69,0.67,0.64,0.7,0.65,0.77,0.21,0.23,0.23,0.12,0.57,0.68,RM,MID,4
Jannis Nikolaou,CDM,Germany,0.67,0.55,0.43,0.6,0.56,0.65,0.75,0.6,0.51,0.61,0.64,0.59,0.63,0.75,0.72,0.71,0.67,0.63,0.61,0.69,0.6,0.47,CDM,MID,0
Ken Nkuba,RM,Belgium,0.67,0.78,0.63,0.62,0.69,0.61,0.66,0.77,0.79,0.76,0.8,0.67,0.61,0.59,0.72,0.7,0.65,0.65,0.57,0.61,0.58,0.64,RM,MID,6
Simen Bolkan Nordli,LM,Norway,0.67,0.69,0.64,0.66,0.68,0.49,0.65,0.71,0.67,0.71,0.7,0.68,0.62,0.67,0.75,0.6,0.54,0.47,0.46,0.52,0.43,0.67,LM,MID,6
Cristian Núñez,CM,Paraguay,0.67,0.67,0.49,0.66,0.69,0.58,0.75,0.73,0.62,0.74,0.79,0.71,0.6,0.73,0.77,0.75,0.6,0.61,0.55,0.59,0.58,0.71,CM,MID,6
Ché Nunnely,RM,Suriname,0.67,0.89,0.55,0.56,0.7,0.25,0.61,0.9,0.89,0.81,0.76,0.69,0.62,0.63,0.76,0.59,0.23,0.22,0.25,0.22,0.44,0.58,RM,MID,4
Tomás O'Connor,CM,Argentina,0.67,0.63,0.51,0.66,0.71,0.53,0.55,0.67,0.6,0.59,0.77,0.72,0.59,0.46,0.71,0.51,0.53,0.55,0.52,0.55,0.49,0.65,CM,MID,6
Olasagasti,CM,Spain,0.67,0.6,0.61,0.65,0.61,0.64,0.69,0.65,0.56,0.64,0.72,0.61,0.69,0.66,0.78,0.69,0.7,0.59,0.61,0.65,0.62,0.62,CM,MID,0
Ibrahim Olawoyin,CAM,Nigeria,0.67,0.82,0.61,0.58,0.71,0.42,0.64,0.81,0.82,0.83,0.67,0.67,0.63,0.66,0.73,0.65,0.46,0.43,0.37,0.4,0.43,0.59,CAM,MID,4
Ben Old,LM,New Zealand,0.67,0.82,0.59,0.62,0.68,0.43,0.69,0.83,0.82,0.81,0.85,0.65,0.54,0.65,0.72,0.64,0.52,0.42,0.36,0.44,0.4,0.58,LM,MID,4
Patrick Olsen,CM,Denmark,0.67,0.61,0.6,0.66,0.66,0.58,0.74,0.55,0.66,0.7,0.74,0.66,0.66,0.72,0.83,0.53,0.58,0.53,0.67,0.62,0.31,0.68,CM,MID,6
Aimé Omgba,CAM,Holland,0.67,0.81,0.63,0.63,0.68,0.45,0.59,0.84,0.78,0.68,0.59,0.69,0.66,0.61,0.66,0.71,0.5,0.46,0.43,0.38,0.53,0.65,CAM,MID,4
Başar Önal,LM,Turkey,0.67,0.8,0.65,0.6,0.68,0.3,0.6,0.79,0.8,0.69,0.69,0.7,0.59,0.55,0.6,0.65,0.3,0.26,0.31,0.18,0.51,0.68,LM,MID,4
Gaël Ondoua,CDM,Cameroon,0.67,0.67,0.46,0.62,0.62,0.63,0.75,0.7,0.65,0.64,0.64,0.62,0.62,0.74,0.8,0.71,0.67,0.62,0.61,0.62,0.55,0.64,CDM,MID,0
Jordi Osei-Tutu,RM,England,0.67,0.88,0.6,0.59,0.7,0.59,0.62,0.88,0.88,0.78,0.83,0.69,0.58,0.61,0.64,0.69,0.62,0.61,0.59,0.6,0.46,0.62,RM,MID,6
Takuto Oshima,CM,Japan,0.67,0.69,0.53,0.67,0.71,0.55,0.58,0.69,0.69,0.74,0.83,0.71,0.65,0.47,0.75,0.52,0.57,0.51,0.57,0.53,0.49,0.55,CM,MID,6
Zinédine Ould Khaled,CDM,France,0.67,0.45,0.47,0.61,0.63,0.64,0.7,0.45,0.45,0.51,0.36,0.7,0.57,0.73,0.67,0.66,0.67,0.65,0.61,0.64,0.63,0.63,CDM,MID,0
Vincent Pajot,CM,France,0.67,0.49,0.56,0.67,0.67,0.65,0.71,0.61,0.39,0.71,0.7,0.68,0.68,0.71,0.72,0.72,0.68,0.65,0.65,0.62,0.65,0.58,CM,MID,0
Brayan Palmezano,CAM,Venezuela,0.67,0.66,0.63,0.64,0.71,0.31,0.55,0.7,0.62,0.72,0.78,0.71,0.58,0.65,0.44,0.57,0.29,0.38,0.32,0.24,0.39,0.66,CAM,MID,4
Giannis Papanikolaou,CM,Greece,0.67,0.72,0.56,0.63,0.68,0.63,0.76,0.76,0.69,0.72,0.74,0.69,0.67,0.73,0.81,0.76,0.63,0.59,0.62,0.68,0.57,0.57,CM,MID,6
Abdulkadir Parmak,CDM,Turkey,0.67,0.74,0.65,0.67,0.68,0.66,0.66,0.72,0.75,0.74,0.78,0.66,0.65,0.65,0.7,0.73,0.67,0.66,0.66,0.65,0.63,0.78,CDM,MID,6
Adrian Păun,CAM,Romania,0.67,0.73,0.65,0.66,0.69,0.33,0.69,0.75,0.72,0.72,0.75,0.69,0.67,0.64,0.81,0.58,0.29,0.27,0.37,0.35,0.36,0.74,CAM,MID,4
Nicolae Păun,CDM,Romania,0.67,0.63,0.46,0.61,0.61,0.65,0.69,0.61,0.65,0.61,0.64,0.62,0.67,0.67,0.72,0.68,0.64,0.6,0.67,0.68,0.6,0.64,CDM,MID,0
Bartłomiej Pawłowski,CAM,Poland,0.67,0.82,0.66,0.65,0.7,0.28,0.62,0.81,0.83,0.8,0.82,0.68,0.65,0.63,0.72,0.73,0.17,0.15,0.34,0.29,0.56,0.66,CAM,MID,4
Pablo Felipe,RM,Brazil,0.67,0.68,0.66,0.63,0.66,0.3,0.62,0.69,0.67,0.68,0.66,0.66,0.7,0.69,0.63,0.73,0.24,0.22,0.24,0.33,0.68,0.66,RM,MID,4
Luis Pérez,CM,Colombia,0.67,0.67,0.58,0.6,0.64,0.59,0.68,0.68,0.67,0.62,0.71,0.67,0.69,0.66,0.77,0.67,0.68,0.6,0.44,0.68,0.55,0.53,CM,MID,6
Kristoffer Peterson,LM,Sweden,0.67,0.74,0.68,0.63,0.69,0.35,0.64,0.79,0.7,0.81,0.71,0.69,0.63,0.65,0.68,0.74,0.29,0.32,0.3,0.39,0.59,0.73,LM,MID,1
Mitch Pinnock,CAM,England,0.67,0.8,0.66,0.68,0.66,0.5,0.71,0.78,0.81,0.67,0.62,0.65,0.66,0.75,0.82,0.74,0.52,0.48,0.5,0.48,0.5,0.71,CAM,MID,6
Gabriel Pirani,CAM,Brazil,0.67,0.73,0.58,0.67,0.71,0.39,0.54,0.79,0.68,0.72,0.88,0.72,0.6,0.56,0.52,0.63,0.44,0.38,0.39,0.27,0.47,0.59,CAM,MID,4
Peter Pokorný,CDM,Slovakia,0.67,0.63,0.46,0.62,0.61,0.62,0.72,0.61,0.64,0.62,0.57,0.64,0.62,0.71,0.75,0.7,0.63,0.64,0.61,0.63,0.6,0.57,CDM,MID,0
Ovidiu Popescu,CDM,Romania,0.67,0.67,0.59,0.63,0.59,0.64,0.78,0.68,0.66,0.71,0.82,0.57,0.61,0.76,0.86,0.75,0.64,0.61,0.66,0.63,0.6,0.73,CDM,MID,0
Segundo Portocarrero,LM,Ecuador,0.67,0.84,0.59,0.6,0.66,0.62,0.6,0.85,0.83,0.71,0.77,0.64,0.61,0.63,0.63,0.68,0.65,0.6,0.63,0.66,0.45,0.61,LM,MID,6
Freddie Potts,CDM,England,0.67,0.63,0.52,0.62,0.63,0.64,0.68,0.64,0.62,0.61,0.6,0.64,0.63,0.65,0.7,0.66,0.67,0.66,0.64,0.62,0.59,0.55,CDM,MID,0
Mateusz Praszelik,CDM,Poland,0.67,0.7,0.63,0.67,0.71,0.62,0.64,0.74,0.66,0.8,0.75,0.72,0.64,0.63,0.76,0.69,0.64,0.6,0.62,0.61,0.56,0.71,CDM,MID,6
Isaac Price,CM,Northern Ireland,0.67,0.66,0.65,0.68,0.68,0.58,0.64,0.67,0.66,0.74,0.71,0.7,0.61,0.57,0.72,0.63,0.59,0.53,0.59,0.58,0.56,0.66,CM,MID,6
Richard Prieto,LM,Paraguay,0.67,0.8,0.56,0.62,0.7,0.58,0.52,0.81,0.8,0.72,0.81,0.67,0.57,0.46,0.64,0.64,0.62,0.6,0.58,0.5,0.57,0.6,LM,MID,6
David Puclin,CDM,Croatia,0.67,0.64,0.51,0.62,0.63,0.64,0.67,0.66,0.63,0.66,0.74,0.59,0.62,0.6,0.87,0.61,0.66,0.6,0.64,0.68,0.51,0.62,CDM,MID,6
Qian Jiegei,CDM,China PR,0.67,0.74,0.58,0.62,0.65,0.62,0.74,0.75,0.74,0.77,0.77,0.61,0.62,0.66,0.91,0.7,0.66,0.59,0.58,0.68,0.55,0.61,CDM,MID,6
Sergio Quiroga,CAM,Argentina,0.67,0.72,0.57,0.68,0.71,0.51,0.47,0.74,0.71,0.77,0.9,0.71,0.64,0.34,0.71,0.47,0.55,0.52,0.48,0.49,0.46,0.61,CAM,MID,6
Kasim Rabihic,CAM,Germany,0.67,0.74,0.63,0.67,0.71,0.28,0.6,0.76,0.72,0.81,0.8,0.69,0.63,0.59,0.73,0.58,0.28,0.24,0.26,0.28,0.38,0.67,CAM,MID,4
Josip Radošević,CDM,Croatia,0.67,0.52,0.58,0.6,0.56,0.65,0.79,0.51,0.53,0.52,0.75,0.6,0.61,0.8,0.79,0.71,0.67,0.63,0.63,0.67,0.6,0.71,CDM,MID,0
Hamza Rafia,CM,Tunisia,0.67,0.6,0.67,0.68,0.74,0.34,0.63,0.65,0.55,0.71,0.84,0.74,0.67,0.59,0.67,0.52,0.33,0.19,0.26,0.54,0.38,0.74,CM,MID,4
Rodrigo Ramallo,LM,Bolivia,0.67,0.74,0.68,0.59,0.67,0.4,0.69,0.69,0.78,0.72,0.69,0.66,0.65,0.7,0.71,0.78,0.51,0.43,0.36,0.14,0.72,0.63,LM,MID,4
Matías Ramírez,LM,Argentina,0.67,0.79,0.58,0.63,0.76,0.35,0.57,0.81,0.77,0.88,0.85,0.77,0.59,0.6,0.52,0.7,0.3,0.41,0.23,0.48,0.53,0.69,LM,MID,4
Joel Randall,CAM,England,0.67,0.79,0.62,0.64,0.68,0.33,0.51,0.82,0.77,0.8,0.78,0.65,0.64,0.46,0.77,0.55,0.32,0.25,0.36,0.3,0.43,0.62,CAM,MID,4
Vadim Rață,CM,Moldova,0.67,0.73,0.62,0.65,0.67,0.63,0.72,0.75,0.71,0.82,0.82,0.65,0.68,0.64,0.85,0.67,0.67,0.66,0.6,0.64,0.52,0.68,CM,MID,6
Martin Remacle,CM,Belgium,0.67,0.64,0.63,0.67,0.68,0.59,0.67,0.65,0.63,0.75,0.79,0.68,0.65,0.63,0.76,0.63,0.59,0.55,0.56,0.66,0.54,0.7,CM,MID,6
Matteo Ricci,CDM,Italy,0.67,0.7,0.66,0.67,0.7,0.6,0.65,0.74,0.66,0.81,0.84,0.71,0.63,0.57,0.8,0.56,0.64,0.56,0.63,0.64,0.39,0.75,CDM,MID,6
Rubén Darío Ríos,CM,Argentina,0.67,0.65,0.6,0.65,0.66,0.6,0.6,0.64,0.66,0.61,0.66,0.68,0.62,0.59,0.76,0.57,0.64,0.55,0.6,0.63,0.48,0.55,CM,MID,6
Braian Rivero,CDM,Argentina,0.67,0.6,0.43,0.62,0.66,0.63,0.69,0.65,0.55,0.69,0.69,0.68,0.64,0.67,0.72,0.67,0.66,0.64,0.62,0.61,0.57,0.56,CDM,MID,0
Alex Robertson,CAM,Australia,0.67,0.71,0.56,0.66,0.71,0.55,0.62,0.78,0.65,0.87,0.85,0.67,0.65,0.55,0.7,0.68,0.58,0.58,0.53,0.54,0.55,0.64,CAM,MID,6
Jamie Roche,CDM,Sweden,0.67,0.69,0.53,0.58,0.64,0.66,0.74,0.68,0.69,0.64,0.63,0.66,0.66,0.8,0.74,0.75,0.67,0.65,0.66,0.66,0.59,0.55,CDM,MID,0
Rúben Rodrigues,CAM,Portugal,0.67,0.71,0.63,0.65,0.68,0.38,0.6,0.7,0.72,0.75,0.71,0.67,0.64,0.61,0.73,0.63,0.41,0.29,0.37,0.35,0.51,0.62,CAM,MID,4
Vicente Rodríguez,CM,Venezuela,0.67,0.66,0.59,0.65,0.66,0.66,0.66,0.65,0.67,0.6,0.78,0.65,0.66,0.65,0.72,0.65,0.68,0.67,0.66,0.66,0.55,0.58,CM,MID,6
Marco Rojas,LM,New Zealand,0.67,0.75,0.65,0.64,0.71,0.45,0.38,0.76,0.75,0.83,0.82,0.69,0.64,0.3,0.4,0.54,0.45,0.39,0.45,0.43,0.55,0.66,LM,MID,4
Esteban Rolón,CDM,Argentina,0.67,0.63,0.53,0.63,0.64,0.65,0.65,0.68,0.58,0.66,0.7,0.66,0.68,0.64,0.63,0.67,0.63,0.63,0.68,0.68,0.58,0.69,CDM,MID,0
Alin Roman,CAM,Romania,0.67,0.73,0.63,0.66,0.68,0.34,0.59,0.76,0.7,0.79,0.79,0.65,0.62,0.63,0.6,0.65,0.36,0.28,0.3,0.32,0.47,0.67,CAM,MID,4
Siro Rosane,CDM,Argentina,0.67,0.64,0.48,0.59,0.61,0.64,0.73,0.65,0.64,0.66,0.5,0.65,0.6,0.72,0.74,0.73,0.67,0.62,0.62,0.64,0.62,0.67,CDM,MID,0
Matteo Rover,LM,Italy,0.67,0.75,0.66,0.59,0.71,0.4,0.61,0.78,0.73,0.77,0.71,0.7,0.65,0.64,0.64,0.69,0.41,0.39,0.41,0.3,0.51,0.67,LM,MID,4
Jimmy Roye,CDM,France,0.67,0.63,0.64,0.64,0.68,0.63,0.69,0.61,0.65,0.74,0.76,0.7,0.65,0.63,0.85,0.58,0.65,0.61,0.66,0.65,0.48,0.64,CDM,MID,6
Besard Sabovic,CDM,Sweden,0.67,0.55,0.65,0.65,0.66,0.61,0.72,0.55,0.55,0.7,0.55,0.68,0.64,0.74,0.76,0.64,0.62,0.6,0.6,0.63,0.53,0.68,CDM,MID,0
Noah Sadiki,CDM,Congo DR,0.67,0.73,0.38,0.59,0.68,0.65,0.67,0.74,0.73,0.72,0.74,0.68,0.65,0.64,0.65,0.73,0.67,0.65,0.63,0.64,0.63,0.48,CDM,MID,6
Loret Sadiku,CDM,Albania,0.67,0.35,0.57,0.57,0.6,0.66,0.66,0.37,0.34,0.69,0.67,0.63,0.66,0.62,0.7,0.56,0.65,0.62,0.7,0.67,0.58,0.77,CDM,MID,0
Amadou Sagna,LM,Senegal,0.67,0.9,0.59,0.51,0.71,0.39,0.52,0.88,0.91,0.74,0.81,0.7,0.59,0.44,0.75,0.57,0.43,0.34,0.35,0.37,0.45,0.66,LM,MID,4
Ricardo Salcedo,CDM,Peru,0.67,0.58,0.52,0.62,0.58,0.64,0.66,0.56,0.59,0.59,0.73,0.66,0.66,0.66,0.7,0.61,0.68,0.61,0.6,0.7,0.54,0.65,CDM,MID,0
Álex Sancris,RM,Spain,0.67,0.67,0.62,0.68,0.65,0.25,0.5,0.65,0.69,0.58,0.64,0.68,0.67,0.54,0.54,0.49,0.26,0.27,0.26,0.15,0.38,0.65,RM,MID,4
Alvyn Sanches,CM,Switzerland,0.67,0.7,0.56,0.62,0.71,0.6,0.64,0.73,0.68,0.75,0.72,0.69,0.65,0.57,0.81,0.63,0.62,0.61,0.58,0.61,0.52,0.5,CM,MID,6
Carlos Sánchez,CDM,Colombia,0.67,0.34,0.58,0.64,0.65,0.68,0.66,0.33,0.35,0.56,0.41,0.72,0.59,0.77,0.33,0.7,0.71,0.68,0.64,0.66,0.71,0.72,CDM,MID,0
Nacho,LM,Spain,0.67,0.76,0.7,0.64,0.66,0.45,0.64,0.79,0.74,0.68,0.72,0.67,0.6,0.66,0.7,0.73,0.41,0.4,0.48,0.42,0.55,0.69,LM,MID,4
Mamadou Sangaré,CM,Mali,0.67,0.82,0.64,0.64,0.72,0.49,0.62,0.82,0.82,0.72,0.74,0.73,0.64,0.59,0.67,0.66,0.59,0.54,0.37,0.48,0.49,0.76,CM,MID,1
Sam Sanna,CM,France,0.67,0.72,0.56,0.66,0.71,0.62,0.61,0.75,0.69,0.73,0.82,0.7,0.64,0.45,0.9,0.57,0.69,0.62,0.63,0.55,0.54,0.65,CM,MID,6
Abdoulie Sanyang,RM,Gambia,0.67,0.86,0.6,0.58,0.72,0.4,0.6,0.89,0.83,0.91,0.8,0.69,0.51,0.54,0.71,0.57,0.43,0.39,0.38,0.45,0.28,0.65,RM,MID,4
Hans Nunoo Sarpei,CDM,Ghana,0.67,0.73,0.38,0.57,0.65,0.65,0.68,0.7,0.75,0.72,0.72,0.71,0.67,0.67,0.72,0.66,0.68,0.68,0.65,0.63,0.54,0.52,CDM,MID,6
Elías Sarquis,LM,Paraguay,0.67,0.73,0.62,0.59,0.71,0.23,0.52,0.72,0.74,0.75,0.59,0.72,0.57,0.59,0.57,0.57,0.26,0.28,0.17,0.15,0.44,0.65,LM,MID,4
Morris Schröter,RM,Germany,0.67,0.81,0.56,0.61,0.65,0.6,0.72,0.89,0.75,0.68,0.71,0.66,0.65,0.69,0.81,0.75,0.62,0.6,0.59,0.61,0.52,0.58,RM,MID,6
Petr Schwarz,CM,Czech Republic,0.67,0.69,0.63,0.68,0.65,0.62,0.69,0.67,0.7,0.72,0.76,0.68,0.65,0.66,0.84,0.67,0.6,0.58,0.64,0.64,0.57,0.69,CM,MID,6
Ilias Sebaoui,LM,Morocco,0.67,0.78,0.64,0.62,0.71,0.49,0.57,0.78,0.78,0.78,0.67,0.71,0.64,0.52,0.66,0.6,0.54,0.55,0.46,0.46,0.47,0.67,LM,MID,6
Jacob Shaffelburg,LM,Canada,0.67,0.91,0.61,0.6,0.65,0.52,0.63,0.9,0.91,0.8,0.64,0.62,0.54,0.6,0.69,0.69,0.56,0.45,0.54,0.47,0.46,0.72,LM,MID,4
Louie Sibley,LM,England,0.67,0.63,0.61,0.65,0.69,0.61,0.64,0.64,0.63,0.7,0.72,0.69,0.65,0.59,0.67,0.59,0.63,0.65,0.6,0.6,0.51,0.58,LM,MID,6
Kwasi Sibo,CDM,Ghana,0.67,0.66,0.54,0.57,0.62,0.65,0.78,0.67,0.66,0.61,0.63,0.63,0.65,0.78,0.83,0.76,0.66,0.65,0.66,0.65,0.6,0.66,CDM,MID,0
Kalidou Sidibé,CDM,France,0.67,0.39,0.45,0.55,0.58,0.66,0.76,0.43,0.36,0.46,0.31,0.66,0.63,0.81,0.72,0.71,0.67,0.66,0.65,0.66,0.66,0.62,CDM,MID,0
Santiago Silva,CM,Uruguay,0.67,0.6,0.54,0.63,0.63,0.53,0.64,0.64,0.56,0.5,0.44,0.68,0.66,0.61,0.8,0.52,0.6,0.54,0.49,0.58,0.35,0.5,CM,MID,2
Anis Slimane,CM,Tunisia,0.67,0.65,0.59,0.62,0.68,0.58,0.75,0.66,0.65,0.68,0.67,0.69,0.65,0.81,0.74,0.71,0.59,0.56,0.59,0.58,0.5,0.64,CM,MID,0
Marvin Stefaniak,LM,Germany,0.67,0.75,0.6,0.66,0.68,0.29,0.62,0.82,0.69,0.8,0.77,0.67,0.61,0.64,0.73,0.64,0.25,0.26,0.3,0.27,0.4,0.65,LM,MID,4
Ianis Stoica,RM,Romania,0.67,0.81,0.64,0.59,0.68,0.29,0.64,0.8,0.82,0.77,0.81,0.67,0.64,0.61,0.69,0.71,0.25,0.25,0.28,0.25,0.55,0.68,RM,MID,4
Jared Stroud,RM,United States,0.67,0.67,0.57,0.64,0.65,0.55,0.69,0.68,0.67,0.66,0.66,0.67,0.61,0.65,0.79,0.6,0.6,0.53,0.57,0.51,0.45,0.6,RM,MID,6
Mohamad Sylla,CDM,France,0.67,0.65,0.41,0.54,0.61,0.68,0.75,0.63,0.67,0.59,0.61,0.64,0.67,0.73,0.75,0.74,0.68,0.69,0.65,0.69,0.69,0.52,CDM,MID,0
Younes Taha,RM,Morocco,0.67,0.73,0.65,0.62,0.71,0.37,0.51,0.81,0.67,0.82,0.72,0.68,0.65,0.46,0.66,0.58,0.34,0.32,0.36,0.32,0.62,0.69,RM,MID,4
Tan Long,LM,China PR,0.67,0.71,0.68,0.61,0.65,0.36,0.75,0.69,0.73,0.59,0.63,0.7,0.67,0.79,0.71,0.79,0.26,0.29,0.36,0.39,0.67,0.7,LM,MID,1
Patricio Tanda,CDM,Argentina,0.67,0.72,0.48,0.6,0.68,0.61,0.76,0.74,0.7,0.73,0.75,0.68,0.62,0.74,0.8,0.75,0.64,0.66,0.58,0.6,0.58,0.62,CDM,MID,6
Niklas Tauer,CDM,Germany,0.67,0.67,0.46,0.57,0.65,0.67,0.68,0.68,0.66,0.68,0.73,0.66,0.66,0.7,0.67,0.72,0.67,0.71,0.67,0.68,0.65,0.6,CDM,MID,0
Adalid Terrazas,CAM,Bolivia,0.67,0.6,0.64,0.65,0.65,0.6,0.7,0.61,0.59,0.59,0.64,0.65,0.62,0.71,0.73,0.66,0.65,0.55,0.55,0.65,0.53,0.65,CAM,MID,0
Simon Thern,CM,Sweden,0.67,0.75,0.64,0.66,0.69,0.58,0.71,0.73,0.76,0.82,0.77,0.67,0.64,0.71,0.75,0.64,0.58,0.58,0.6,0.63,0.44,0.66,CM,MID,6
Alexis Tibidi,LM,France,0.67,0.76,0.65,0.62,0.68,0.32,0.65,0.75,0.76,0.71,0.65,0.68,0.61,0.7,0.62,0.75,0.31,0.26,0.26,0.29,0.61,0.68,LM,MID,4
Marco Tilio,RM,Australia,0.67,0.83,0.61,0.61,0.71,0.4,0.55,0.85,0.82,0.9,0.88,0.68,0.61,0.47,0.65,0.65,0.42,0.43,0.34,0.36,0.56,0.66,RM,MID,4
Christian Tizón,LM,Uruguay,0.67,0.79,0.64,0.64,0.66,0.6,0.57,0.75,0.83,0.78,0.69,0.67,0.6,0.49,0.74,0.61,0.58,0.66,0.63,0.56,0.57,0.72,LM,MID,6
Grzegorz Tomasiewicz,CDM,Poland,0.67,0.68,0.59,0.62,0.7,0.62,0.61,0.68,0.68,0.83,0.81,0.69,0.67,0.44,0.9,0.47,0.66,0.65,0.62,0.65,0.45,0.52,CDM,MID,6
Joaquín Torres,CAM,Argentina,0.67,0.78,0.59,0.61,0.75,0.34,0.48,0.82,0.75,0.9,0.9,0.71,0.64,0.42,0.64,0.58,0.3,0.32,0.31,0.34,0.52,0.6,CAM,MID,4
Idrissa Touré,CDM,Germany,0.67,0.67,0.56,0.62,0.69,0.61,0.75,0.71,0.63,0.76,0.67,0.72,0.65,0.77,0.77,0.81,0.62,0.55,0.58,0.64,0.7,0.6,CDM,MID,0
Aleksandar Trajkovski,LM,North Macedonia,0.67,0.65,0.7,0.65,0.7,0.26,0.6,0.68,0.62,0.72,0.6,0.75,0.63,0.65,0.63,0.71,0.19,0.21,0.22,0.25,0.67,0.75,LM,MID,4
Iván Valdez,RM,Paraguay,0.67,0.78,0.61,0.6,0.69,0.41,0.57,0.73,0.82,0.69,0.67,0.7,0.55,0.59,0.6,0.58,0.45,0.44,0.42,0.29,0.44,0.61,RM,MID,4
Javier Nicolas Vallejo,LM,Argentina,0.67,0.77,0.62,0.61,0.67,0.44,0.6,0.79,0.76,0.67,0.66,0.66,0.62,0.6,0.59,0.74,0.44,0.32,0.4,0.46,0.61,0.68,LM,MID,4
Hugo Vallejo,LM,Spain,0.67,0.62,0.66,0.64,0.7,0.36,0.59,0.64,0.61,0.63,0.59,0.72,0.6,0.69,0.6,0.57,0.36,0.35,0.39,0.29,0.41,0.62,LM,MID,4
Jefferson Valverde,CM,Ecuador,0.67,0.7,0.54,0.6,0.67,0.66,0.7,0.68,0.72,0.67,0.77,0.69,0.66,0.64,0.78,0.64,0.68,0.62,0.66,0.73,0.53,0.54,CM,MID,6
Thomas Van Den Keybus,LM,Belgium,0.67,0.68,0.54,0.65,0.69,0.62,0.59,0.74,0.63,0.7,0.78,0.69,0.64,0.5,0.71,0.6,0.68,0.66,0.59,0.6,0.52,0.57,LM,MID,6
Yoëll van Nieff,CDM,Holland,0.67,0.51,0.67,0.69,0.64,0.66,0.65,0.49,0.52,0.61,0.56,0.64,0.61,0.67,0.66,0.61,0.67,0.65,0.67,0.66,0.56,0.81,CDM,MID,0
Sebastian Vasiliadis,CM,Greece,0.67,0.7,0.58,0.63,0.69,0.63,0.69,0.73,0.67,0.78,0.81,0.69,0.74,0.66,0.76,0.68,0.63,0.63,0.64,0.67,0.53,0.67,CM,MID,6
Indiana Vassilev,CM,United States,0.67,0.73,0.62,0.64,0.69,0.64,0.67,0.74,0.73,0.72,0.78,0.69,0.7,0.6,0.8,0.68,0.69,0.61,0.64,0.63,0.55,0.64,CM,MID,6
Odysseus Velanas,LM,Holland,0.67,0.73,0.66,0.63,0.67,0.43,0.67,0.69,0.76,0.69,0.71,0.69,0.67,0.66,0.72,0.59,0.45,0.43,0.41,0.38,0.55,0.72,LM,MID,6
Christian Viet,CAM,Germany,0.67,0.74,0.52,0.66,0.69,0.59,0.68,0.77,0.72,0.81,0.77,0.67,0.68,0.62,0.81,0.73,0.6,0.59,0.59,0.55,0.6,0.45,CAM,MID,6
Luca Vignali,RM,Italy,0.67,0.74,0.59,0.63,0.65,0.62,0.67,0.7,0.78,0.63,0.64,0.66,0.64,0.61,0.84,0.69,0.62,0.63,0.62,0.61,0.62,0.61,RM,MID,6
Felipe Villagrán,CM,Chile,0.67,0.6,0.61,0.71,0.65,0.55,0.69,0.6,0.6,0.59,0.59,0.7,0.6,0.75,0.68,0.63,0.6,0.52,0.51,0.59,0.45,0.8,CM,MID,0
Kevin,LM,Spain,0.67,0.79,0.57,0.61,0.72,0.33,0.47,0.81,0.78,0.84,0.85,0.68,0.62,0.41,0.55,0.47,0.33,0.31,0.33,0.33,0.33,0.57,LM,MID,4
Christophe Vincent,CM,France,0.67,0.67,0.52,0.66,0.68,0.58,0.67,0.61,0.71,0.73,0.71,0.69,0.65,0.64,0.77,0.55,0.63,0.55,0.57,0.59,0.43,0.57,CM,MID,6
Pedro Vite,CM,Ecuador,0.67,0.72,0.59,0.63,0.68,0.55,0.52,0.79,0.66,0.74,0.86,0.67,0.68,0.43,0.72,0.54,0.68,0.48,0.43,0.59,0.49,0.51,CM,MID,6
Ilija Vukotić,CM,Montenegro,0.67,0.61,0.58,0.66,0.66,0.65,0.72,0.55,0.65,0.56,0.52,0.71,0.68,0.74,0.68,0.72,0.67,0.64,0.65,0.63,0.68,0.66,CM,MID,0
Paul Will,CDM,Germany,0.67,0.68,0.5,0.65,0.63,0.63,0.78,0.77,0.6,0.63,0.62,0.64,0.6,0.75,0.85,0.8,0.65,0.61,0.62,0.61,0.63,0.65,CDM,MID,0
Rafał Wolski,CAM,Poland,0.67,0.55,0.63,0.69,0.71,0.32,0.56,0.54,0.55,0.74,0.77,0.73,0.66,0.48,0.65,0.46,0.32,0.3,0.18,0.44,0.48,0.68,CAM,MID,4
David Zalazar,RM,Argentina,0.67,0.82,0.64,0.63,0.7,0.35,0.56,0.84,0.8,0.83,0.74,0.67,0.64,0.57,0.52,0.61,0.36,0.56,0.33,0.21,0.4,0.65,RM,MID,4
Luca Zuffi,CDM,Switzerland,0.67,0.55,0.65,0.69,0.65,0.64,0.61,0.58,0.53,0.65,0.7,0.67,0.62,0.6,0.64,0.63,0.65,0.64,0.66,0.64,0.59,0.66,CDM,MID,0
Thelo Aasgaard,CAM,Norway,0.66,0.65,0.65,0.64,0.67,0.43,0.61,0.62,0.67,0.71,0.79,0.65,0.65,0.66,0.64,0.66,0.4,0.4,0.4,0.44,0.59,0.7,CAM,MID,6
Yaw Ackah,CDM,Ghana,0.66,0.68,0.45,0.55,0.68,0.65,0.58,0.65,0.7,0.73,0.89,0.7,0.65,0.4,0.7,0.47,0.68,0.64,0.65,0.67,0.5,0.63,CDM,MID,6
Martin Adeline,CM,France,0.66,0.64,0.58,0.65,0.68,0.58,0.64,0.65,0.64,0.63,0.7,0.69,0.6,0.6,0.72,0.64,0.63,0.6,0.54,0.56,0.57,0.65,CM,MID,6
Jordan Adéoti,CM,Benin,0.66,0.43,0.55,0.63,0.64,0.65,0.71,0.38,0.47,0.61,0.65,0.68,0.64,0.73,0.72,0.64,0.65,0.65,0.65,0.64,0.63,0.55,CM,MID,0
Babatunde Akinsola,RM,Nigeria,0.66,0.8,0.61,0.6,0.7,0.28,0.42,0.81,0.8,0.82,0.78,0.69,0.62,0.42,0.34,0.47,0.26,0.33,0.29,0.24,0.32,0.74,RM,MID,4
Ufuk Akyol,CDM,Turkey,0.66,0.67,0.55,0.62,0.65,0.64,0.66,0.64,0.7,0.63,0.7,0.67,0.65,0.67,0.64,0.66,0.65,0.62,0.65,0.63,0.57,0.55,CDM,MID,6
Nawaf Al Abed,CAM,Saudi Arabia,0.66,0.43,0.66,0.69,0.69,0.45,0.49,0.42,0.44,0.72,0.64,0.72,0.58,0.49,0.32,0.38,0.39,0.4,0.6,0.36,0.43,0.72,CAM,MID,2
Abdulelah Al Malki,CDM,Saudi Arabia,0.66,0.64,0.57,0.63,0.63,0.64,0.66,0.62,0.66,0.61,0.72,0.62,0.61,0.65,0.63,0.65,0.65,0.7,0.62,0.64,0.56,0.67,CDM,MID,0
Sami Al Najai,CAM,Saudi Arabia,0.66,0.68,0.63,0.64,0.69,0.57,0.65,0.7,0.66,0.72,0.64,0.72,0.58,0.66,0.71,0.68,0.62,0.56,0.52,0.55,0.59,0.65,CAM,MID,6
Danilo Al Saed,LM,Iraq,0.66,0.82,0.61,0.55,0.68,0.26,0.58,0.84,0.8,0.78,0.74,0.66,0.64,0.54,0.68,0.58,0.28,0.3,0.22,0.18,0.41,0.64,LM,MID,4
Abdulmajeed Al Sulayhim,CM,Saudi Arabia,0.66,0.65,0.6,0.66,0.73,0.57,0.6,0.78,0.55,0.88,0.89,0.7,0.56,0.58,0.68,0.75,0.6,0.59,0.56,0.57,0.53,0.62,CM,MID,6
Hamad Al Yami,RM,Saudi Arabia,0.66,0.85,0.56,0.6,0.65,0.58,0.58,0.85,0.85,0.78,0.77,0.64,0.55,0.56,0.75,0.68,0.61,0.58,0.55,0.6,0.5,0.55,RM,MID,6
Tomás Alarcón,CM,Chile,0.66,0.62,0.51,0.62,0.6,0.7,0.74,0.61,0.63,0.67,0.81,0.67,0.65,0.75,0.7,0.73,0.73,0.66,0.69,0.72,0.65,0.57,CM,MID,0
Alessandro Albanese,LM,Belgium,0.66,0.77,0.62,0.63,0.72,0.46,0.59,0.8,0.74,0.82,0.85,0.7,0.55,0.52,0.64,0.53,0.54,0.49,0.4,0.49,0.32,0.68,LM,MID,4
Aldasoro,CDM,Spain,0.66,0.68,0.63,0.64,0.68,0.62,0.63,0.69,0.67,0.7,0.73,0.69,0.65,0.57,0.77,0.54,0.69,0.66,0.61,0.6,0.44,0.69,CDM,MID,6
Franco Alfonso,LM,Argentina,0.66,0.77,0.61,0.61,0.68,0.42,0.41,0.73,0.81,0.75,0.61,0.67,0.55,0.33,0.56,0.43,0.41,0.46,0.42,0.42,0.44,0.6,LM,MID,4
João Pedro,CM,Portugal,0.66,0.58,0.68,0.64,0.66,0.61,0.67,0.56,0.59,0.74,0.72,0.66,0.64,0.62,0.72,0.63,0.61,0.58,0.61,0.61,0.59,0.73,CM,MID,0
Riçard Almeyda,CM,Azerbaijan,0.66,0.57,0.52,0.62,0.66,0.64,0.6,0.58,0.56,0.6,0.68,0.66,0.64,0.65,0.58,0.58,0.68,0.65,0.61,0.68,0.49,0.57,CM,MID,0
Sandro Altunashvili,CM,Georgia,0.66,0.66,0.58,0.66,0.67,0.61,0.61,0.73,0.61,0.76,0.86,0.66,0.64,0.52,0.75,0.53,0.64,0.6,0.62,0.66,0.41,0.63,CM,MID,6
Fran Álvarez,CM,Spain,0.66,0.61,0.62,0.65,0.66,0.47,0.56,0.7,0.54,0.73,0.74,0.67,0.7,0.47,0.74,0.51,0.58,0.36,0.33,0.56,0.46,0.62,CM,MID,6
Francesco Amatucci,CM,Italy,0.66,0.69,0.55,0.63,0.64,0.67,0.73,0.68,0.69,0.67,0.71,0.65,0.68,0.74,0.78,0.74,0.67,0.63,0.68,0.69,0.6,0.57,CM,MID,0
Michael Ameyaw,RM,Poland,0.66,0.86,0.65,0.59,0.66,0.27,0.58,0.84,0.88,0.79,0.8,0.64,0.48,0.57,0.78,0.65,0.23,0.22,0.26,0.25,0.46,0.73,RM,MID,4
Luke Amos,CM,England,0.66,0.46,0.54,0.65,0.66,0.63,0.61,0.53,0.41,0.66,0.7,0.67,0.64,0.58,0.65,0.49,0.68,0.64,0.62,0.64,0.44,0.62,CM,MID,0
Marco Antonio Angulo,CDM,Ecuador,0.66,0.62,0.51,0.63,0.67,0.61,0.63,0.65,0.59,0.64,0.7,0.69,0.66,0.62,0.65,0.64,0.66,0.65,0.61,0.55,0.55,0.51,CDM,MID,6
Jeremy Antonisse,LM,Curaçao,0.66,0.81,0.56,0.61,0.69,0.4,0.6,0.8,0.81,0.76,0.69,0.66,0.58,0.62,0.57,0.54,0.4,0.38,0.4,0.42,0.42,0.59,LM,MID,4
Julien Anziani,CM,France,0.66,0.6,0.6,0.67,0.67,0.6,0.59,0.62,0.58,0.64,0.74,0.69,0.66,0.58,0.67,0.59,0.63,0.53,0.59,0.63,0.54,0.63,CM,MID,6
Kévin Appin,CM,France,0.66,0.69,0.61,0.63,0.64,0.64,0.69,0.72,0.66,0.67,0.76,0.63,0.65,0.7,0.75,0.72,0.66,0.59,0.63,0.67,0.58,0.62,CM,MID,6
Rafael Arace,RM,Venezuela,0.66,0.8,0.66,0.58,0.66,0.29,0.57,0.81,0.8,0.74,0.79,0.65,0.61,0.58,0.77,0.74,0.28,0.2,0.23,0.25,0.63,0.61,RM,MID,4
Francisco Arancibia,RM,Chile,0.66,0.9,0.5,0.61,0.69,0.34,0.39,0.89,0.9,0.9,0.88,0.65,0.62,0.36,0.43,0.48,0.36,0.28,0.31,0.37,0.32,0.52,RM,MID,4
Walter Araujo,CAM,Paraguay,0.66,0.71,0.68,0.64,0.66,0.26,0.56,0.73,0.7,0.74,0.59,0.65,0.62,0.56,0.57,0.54,0.26,0.27,0.28,0.18,0.37,0.72,CAM,MID,4
Afeez Aremu,CDM,Nigeria,0.66,0.72,0.55,0.55,0.64,0.67,0.72,0.75,0.69,0.71,0.66,0.66,0.64,0.73,0.68,0.77,0.66,0.69,0.69,0.65,0.61,0.6,CDM,MID,6
Joiser Arias,LM,Venezuela,0.66,0.74,0.63,0.63,0.68,0.56,0.61,0.76,0.72,0.7,0.56,0.66,0.51,0.64,0.63,0.74,0.59,0.55,0.51,0.55,0.61,0.72,LM,MID,6
Yair Arismendi,LM,Argentina,0.66,0.81,0.62,0.58,0.66,0.35,0.59,0.76,0.85,0.71,0.86,0.61,0.6,0.5,0.8,0.54,0.33,0.37,0.38,0.29,0.42,0.73,LM,MID,4
Kristian Arnstad,CM,Norway,0.66,0.68,0.56,0.65,0.7,0.6,0.64,0.73,0.63,0.8,0.86,0.71,0.64,0.58,0.7,0.53,0.65,0.62,0.61,0.66,0.32,0.6,CM,MID,6
Yamil Asad,LM,Argentina,0.66,0.73,0.63,0.64,0.67,0.57,0.68,0.75,0.71,0.82,0.84,0.65,0.57,0.64,0.8,0.64,0.59,0.54,0.59,0.57,0.48,0.68,LM,MID,6
Edson Aubert,CDM,Peru,0.66,0.55,0.36,0.58,0.59,0.64,0.64,0.49,0.6,0.65,0.61,0.68,0.59,0.64,0.7,0.59,0.67,0.63,0.64,0.62,0.55,0.4,CDM,MID,2
Yasin Ayari,CM,Sweden,0.66,0.63,0.51,0.66,0.69,0.52,0.59,0.62,0.63,0.78,0.85,0.69,0.62,0.56,0.62,0.51,0.56,0.5,0.51,0.53,0.42,0.55,CM,MID,6
Ba Dun,LM,China PR,0.66,0.85,0.61,0.61,0.61,0.41,0.69,0.85,0.85,0.87,0.62,0.61,0.66,0.63,0.86,0.74,0.36,0.37,0.37,0.48,0.55,0.68,LM,MID,4
Tom Baack,CM,Germany,0.66,0.64,0.57,0.61,0.64,0.64,0.74,0.66,0.63,0.68,0.68,0.66,0.64,0.7,0.85,0.68,0.66,0.64,0.65,0.64,0.57,0.65,CM,MID,0
Péter Baráth,CDM,Hungary,0.66,0.7,0.52,0.58,0.59,0.65,0.66,0.68,0.72,0.52,0.48,0.62,0.7,0.64,0.69,0.7,0.61,0.58,0.7,0.69,0.63,0.51,CDM,MID,0
Tom Barkhuizen,LM,England,0.66,0.8,0.61,0.59,0.66,0.5,0.63,0.81,0.8,0.73,0.73,0.64,0.6,0.62,0.7,0.71,0.48,0.43,0.58,0.42,0.53,0.64,LM,MID,6
Michaël Barreto,LM,France,0.66,0.73,0.62,0.65,0.68,0.49,0.63,0.74,0.72,0.88,0.76,0.66,0.6,0.61,0.72,0.63,0.49,0.45,0.51,0.51,0.47,0.68,LM,MID,6
Gerson Barreto,CM,Peru,0.66,0.64,0.72,0.66,0.69,0.55,0.67,0.65,0.64,0.6,0.77,0.72,0.71,0.74,0.7,0.6,0.64,0.62,0.56,0.43,0.42,0.77,CM,MID,6
Martín Barrios,CM,Uruguay,0.66,0.61,0.57,0.64,0.64,0.62,0.64,0.64,0.59,0.66,0.68,0.66,0.64,0.64,0.68,0.63,0.66,0.61,0.58,0.65,0.54,0.59,CM,MID,0
Jorge Bazán,RM,Peru,0.66,0.76,0.57,0.59,0.7,0.31,0.51,0.75,0.76,0.75,0.73,0.69,0.64,0.46,0.68,0.47,0.33,0.2,0.37,0.25,0.33,0.65,RM,MID,4
Fernando Benítez,CDM,Paraguay,0.66,0.68,0.46,0.64,0.66,0.65,0.56,0.66,0.69,0.62,0.63,0.68,0.6,0.53,0.57,0.47,0.68,0.66,0.71,0.65,0.34,0.44,CDM,MID,2
Iker Benito,LM,Spain,0.66,0.78,0.6,0.62,0.68,0.35,0.45,0.82,0.75,0.75,0.75,0.66,0.59,0.42,0.51,0.54,0.35,0.36,0.34,0.32,0.45,0.66,LM,MID,4
Jewison Bennette,LM,Costa Rica,0.66,0.86,0.57,0.57,0.7,0.27,0.45,0.89,0.84,0.89,0.76,0.66,0.6,0.43,0.57,0.51,0.28,0.24,0.25,0.24,0.34,0.56,LM,MID,4
Massimo Bertagnoli,CM,Italy,0.66,0.66,0.57,0.65,0.67,0.59,0.59,0.62,0.7,0.69,0.79,0.69,0.58,0.53,0.74,0.53,0.65,0.57,0.58,0.59,0.48,0.59,CM,MID,6
Steeve Beusnard,CM,France,0.66,0.69,0.58,0.66,0.7,0.63,0.54,0.68,0.7,0.73,0.9,0.67,0.68,0.51,0.61,0.57,0.64,0.61,0.66,0.61,0.54,0.54,CM,MID,6
Alessandro Bianco,CM,Italy,0.66,0.49,0.46,0.64,0.68,0.59,0.47,0.58,0.42,0.68,0.83,0.7,0.7,0.32,0.64,0.47,0.64,0.59,0.55,0.57,0.59,0.61,CM,MID,2
Morten Bjørlo,CM,Norway,0.66,0.59,0.62,0.65,0.65,0.62,0.65,0.64,0.55,0.69,0.79,0.66,0.65,0.59,0.75,0.62,0.64,0.63,0.61,0.64,0.55,0.62,CM,MID,6
Emmanuel Boateng,LM,Ghana,0.66,0.89,0.61,0.6,0.67,0.41,0.63,0.9,0.89,0.91,0.9,0.63,0.59,0.71,0.55,0.67,0.49,0.38,0.41,0.38,0.3,0.68,LM,MID,4
Warren Bondo,CM,France,0.66,0.74,0.55,0.62,0.72,0.58,0.63,0.75,0.74,0.78,0.74,0.73,0.65,0.58,0.68,0.64,0.65,0.52,0.54,0.61,0.51,0.67,CM,MID,6
Carlo Boukhalfa,CAM,Germany,0.66,0.66,0.61,0.62,0.66,0.6,0.73,0.64,0.68,0.66,0.67,0.68,0.63,0.76,0.66,0.75,0.62,0.6,0.58,0.61,0.62,0.66,CAM,MID,0
Joseph Boyamba,LM,Germany,0.66,0.86,0.62,0.57,0.71,0.29,0.56,0.86,0.86,0.86,0.92,0.66,0.59,0.57,0.67,0.6,0.26,0.22,0.3,0.31,0.33,0.69,LM,MID,4
Jayden Braaf,LM,Holland,0.66,0.76,0.6,0.61,0.69,0.39,0.66,0.76,0.76,0.8,0.83,0.66,0.59,0.7,0.65,0.68,0.36,0.31,0.41,0.39,0.48,0.65,LM,MID,4
Frederik Brandhof,CM,Denmark,0.66,0.79,0.6,0.64,0.69,0.63,0.77,0.8,0.79,0.77,0.83,0.69,0.63,0.75,0.85,0.81,0.63,0.61,0.66,0.62,0.62,0.6,CM,MID,6
Max Brandt,CM,Germany,0.66,0.67,0.56,0.62,0.71,0.51,0.58,0.67,0.67,0.79,0.75,0.71,0.69,0.5,0.83,0.48,0.53,0.42,0.54,0.54,0.38,0.54,CM,MID,6
Jakob Breum,RM,Denmark,0.66,0.68,0.62,0.6,0.68,0.37,0.62,0.78,0.59,0.78,0.65,0.67,0.61,0.56,0.93,0.49,0.39,0.33,0.39,0.33,0.37,0.76,RM,MID,4
Lucas Brochero,RM,Argentina,0.66,0.81,0.64,0.59,0.69,0.31,0.47,0.81,0.81,0.76,0.74,0.68,0.58,0.45,0.55,0.61,0.33,0.27,0.27,0.22,0.54,0.69,RM,MID,4
Lachlan Brook,RM,Australia,0.66,0.84,0.61,0.58,0.67,0.36,0.61,0.84,0.84,0.81,0.64,0.67,0.47,0.67,0.63,0.64,0.46,0.41,0.25,0.32,0.37,0.58,RM,MID,4
Andre Brooks,CAM,England,0.66,0.7,0.6,0.62,0.68,0.44,0.53,0.74,0.67,0.75,0.7,0.67,0.64,0.53,0.6,0.6,0.49,0.38,0.42,0.47,0.36,0.67,CAM,MID,4
Jordy Bruijn,CAM,Holland,0.66,0.5,0.63,0.66,0.69,0.52,0.6,0.69,0.34,0.74,0.8,0.67,0.65,0.5,0.76,0.48,0.59,0.57,0.41,0.62,0.38,0.64,CAM,MID,6
Thomas Bruns,CAM,Holland,0.66,0.63,0.6,0.68,0.64,0.57,0.66,0.66,0.6,0.67,0.7,0.66,0.63,0.61,0.74,0.65,0.61,0.59,0.49,0.61,0.58,0.66,CAM,MID,6
Kevin Bua,CDM,Switzerland,0.66,0.81,0.65,0.65,0.69,0.6,0.65,0.8,0.81,0.8,0.71,0.69,0.68,0.65,0.73,0.62,0.62,0.58,0.67,0.57,0.39,0.67,CDM,MID,6
Conrado,LM,Brazil,0.66,0.82,0.56,0.59,0.68,0.59,0.65,0.83,0.82,0.8,0.83,0.65,0.66,0.65,0.71,0.73,0.64,0.64,0.56,0.56,0.54,0.54,LM,MID,6
Sergiy Buletsa,CAM,Ukraine,0.66,0.78,0.57,0.64,0.67,0.38,0.56,0.77,0.78,0.79,0.83,0.66,0.63,0.57,0.64,0.58,0.44,0.43,0.36,0.27,0.42,0.46,CAM,MID,4
Livan Burcu,LM,Turkey,0.66,0.72,0.59,0.58,0.7,0.52,0.58,0.75,0.7,0.83,0.72,0.69,0.64,0.52,0.72,0.61,0.55,0.53,0.45,0.56,0.53,0.57,LM,MID,6
Nishan Burkart,LM,Switzerland,0.66,0.8,0.63,0.57,0.66,0.27,0.67,0.82,0.79,0.77,0.77,0.63,0.61,0.64,0.72,0.77,0.15,0.24,0.36,0.15,0.61,0.61,LM,MID,4
Alexandr Bužek,CDM,Czech Republic,0.66,0.82,0.55,0.63,0.66,0.63,0.7,0.8,0.83,0.7,0.7,0.66,0.64,0.68,0.7,0.78,0.64,0.63,0.62,0.64,0.65,0.55,CDM,MID,6
George Byers,CM,Scotland,0.66,0.58,0.61,0.61,0.66,0.6,0.68,0.56,0.6,0.67,0.7,0.66,0.68,0.66,0.76,0.56,0.63,0.62,0.57,0.64,0.45,0.67,CM,MID,0
Elías Cabrera,CAM,Argentina,0.66,0.72,0.6,0.66,0.71,0.51,0.51,0.74,0.7,0.83,0.84,0.7,0.58,0.45,0.65,0.54,0.56,0.49,0.45,0.54,0.48,0.7,CAM,MID,6
Jeronimo Cacciabue,CM,Argentina,0.66,0.64,0.56,0.64,0.68,0.65,0.6,0.66,0.62,0.68,0.69,0.71,0.65,0.57,0.64,0.65,0.66,0.64,0.66,0.64,0.6,0.61,CM,MID,6
Kaan Caliskaner,CAM,Germany,0.66,0.77,0.62,0.55,0.66,0.24,0.71,0.67,0.86,0.65,0.58,0.68,0.64,0.8,0.74,0.75,0.15,0.12,0.3,0.15,0.58,0.64,CAM,MID,4
Álvaro Campuzano,CDM,Paraguay,0.66,0.67,0.46,0.56,0.61,0.6,0.79,0.68,0.66,0.62,0.53,0.67,0.62,0.83,0.85,0.71,0.65,0.67,0.6,0.56,0.49,0.57,CDM,MID,0
Cihan Çanak,CAM,Belgium,0.66,0.8,0.58,0.64,0.75,0.39,0.5,0.82,0.78,0.79,0.79,0.74,0.59,0.39,0.6,0.49,0.45,0.43,0.34,0.33,0.4,0.64,CAM,MID,4
Bryan Castrillón,LM,Colombia,0.66,0.81,0.62,0.56,0.72,0.41,0.49,0.82,0.8,0.85,0.81,0.7,0.51,0.45,0.63,0.54,0.42,0.35,0.44,0.36,0.43,0.6,LM,MID,4
Raúl Castro,CDM,Bolivia,0.66,0.59,0.52,0.58,0.61,0.67,0.5,0.64,0.55,0.58,0.7,0.66,0.65,0.31,0.8,0.48,0.7,0.62,0.67,0.7,0.57,0.65,CDM,MID,2
Marcin Cebula,CAM,Poland,0.66,0.82,0.63,0.65,0.67,0.54,0.65,0.83,0.81,0.84,0.9,0.64,0.57,0.62,0.69,0.76,0.56,0.61,0.44,0.57,0.61,0.65,CAM,MID,6
Yuriel Celi,CAM,Peru,0.66,0.69,0.65,0.62,0.68,0.51,0.63,0.68,0.69,0.7,0.66,0.66,0.68,0.67,0.64,0.58,0.61,0.55,0.48,0.44,0.44,0.62,CAM,MID,6
Ricardo Centurión,CAM,Argentina,0.66,0.7,0.54,0.66,0.76,0.4,0.49,0.69,0.7,0.78,0.77,0.73,0.57,0.48,0.42,0.57,0.38,0.4,0.42,0.33,0.56,0.55,CAM,MID,4
Willian Cevallos,CDM,Ecuador,0.66,0.69,0.66,0.63,0.67,0.61,0.66,0.7,0.69,0.7,0.73,0.71,0.68,0.66,0.73,0.62,0.65,0.62,0.62,0.59,0.49,0.74,CDM,MID,6
Michael Cheukoua,RM,Cameroon,0.66,0.76,0.67,0.59,0.67,0.3,0.61,0.78,0.75,0.72,0.72,0.68,0.63,0.64,0.71,0.72,0.2,0.19,0.38,0.28,0.55,0.72,RM,MID,4
Choi Young Joon,CDM,Korea Republic,0.66,0.53,0.64,0.6,0.61,0.63,0.75,0.65,0.43,0.59,0.62,0.66,0.64,0.78,0.78,0.63,0.64,0.61,0.64,0.69,0.42,0.55,CDM,MID,0
Ilyas Chouaref,CAM,France,0.66,0.75,0.63,0.62,0.7,0.27,0.6,0.74,0.75,0.77,0.76,0.66,0.63,0.63,0.62,0.58,0.23,0.21,0.32,0.23,0.36,0.67,CAM,MID,4
Manuel Cicconi,LM,Italy,0.66,0.68,0.62,0.64,0.66,0.46,0.54,0.69,0.68,0.67,0.55,0.69,0.64,0.57,0.59,0.52,0.5,0.46,0.45,0.45,0.37,0.68,LM,MID,6
Riccardo Ciervo,RM,Italy,0.66,0.78,0.61,0.6,0.67,0.54,0.62,0.78,0.78,0.81,0.45,0.66,0.58,0.63,0.7,0.69,0.55,0.51,0.57,0.49,0.52,0.68,RM,MID,6
Cătălin Cîrjan,CAM,Romania,0.66,0.73,0.64,0.63,0.68,0.52,0.43,0.76,0.7,0.8,0.8,0.68,0.61,0.34,0.58,0.48,0.58,0.52,0.49,0.5,0.45,0.64,CAM,MID,4
Ramazan Civelek,RM,Turkey,0.66,0.74,0.57,0.64,0.66,0.62,0.61,0.75,0.74,0.75,0.8,0.64,0.63,0.62,0.67,0.59,0.65,0.64,0.68,0.58,0.4,0.54,RM,MID,6
Óscar Clemente,LM,Spain,0.66,0.67,0.56,0.67,0.63,0.49,0.47,0.65,0.69,0.63,0.72,0.65,0.68,0.4,0.62,0.44,0.49,0.52,0.5,0.46,0.45,0.5,LM,MID,2
Royscer Colpa,CDM,Colombia,0.66,0.68,0.52,0.55,0.58,0.66,0.72,0.68,0.68,0.66,0.7,0.63,0.62,0.7,0.8,0.68,0.68,0.6,0.69,0.65,0.55,0.6,CDM,MID,6
Lautaro Comas,LM,Argentina,0.66,0.8,0.64,0.61,0.66,0.25,0.42,0.81,0.8,0.81,0.8,0.62,0.6,0.34,0.71,0.46,0.26,0.33,0.2,0.22,0.37,0.66,LM,MID,4
Aloïs Confais,CDM,France,0.66,0.57,0.55,0.62,0.65,0.63,0.58,0.65,0.5,0.67,0.77,0.69,0.68,0.52,0.71,0.53,0.68,0.67,0.63,0.61,0.48,0.61,CDM,MID,6
Mael Corboz,CM,United States,0.66,0.77,0.58,0.64,0.67,0.6,0.72,0.76,0.77,0.75,0.75,0.66,0.66,0.65,0.86,0.69,0.62,0.55,0.61,0.62,0.51,0.67,CM,MID,6
Fernando Cornejo,CM,Chile,0.66,0.68,0.5,0.66,0.65,0.6,0.68,0.64,0.71,0.71,0.78,0.67,0.64,0.71,0.76,0.67,0.62,0.58,0.58,0.62,0.54,0.62,CM,MID,6
Conor Coventry,CDM,Republic of Ireland,0.66,0.65,0.53,0.65,0.66,0.61,0.66,0.66,0.65,0.76,0.76,0.66,0.65,0.6,0.76,0.64,0.64,0.59,0.62,0.61,0.55,0.6,CDM,MID,6
Saúl Crespo,CM,Spain,0.66,0.49,0.63,0.67,0.64,0.61,0.74,0.5,0.49,0.57,0.41,0.67,0.64,0.8,0.61,0.72,0.61,0.6,0.59,0.6,0.66,0.62,CM,MID,0
Luke Cundle,CM,England,0.66,0.72,0.6,0.66,0.67,0.51,0.48,0.76,0.68,0.76,0.81,0.67,0.62,0.35,0.67,0.44,0.53,0.48,0.52,0.52,0.38,0.59,CM,MID,6
Andrea D'Errico,CM,Italy,0.66,0.66,0.43,0.66,0.69,0.59,0.53,0.69,0.63,0.61,0.82,0.71,0.68,0.45,0.66,0.45,0.66,0.54,0.6,0.59,0.39,0.5,CM,MID,6
Robbie D'Haese,RM,Belgium,0.66,0.74,0.55,0.61,0.68,0.55,0.53,0.76,0.72,0.75,0.73,0.68,0.63,0.52,0.68,0.54,0.58,0.58,0.58,0.52,0.38,0.63,RM,MID,6
Owen Dale,RM,England,0.66,0.82,0.58,0.6,0.68,0.31,0.62,0.83,0.81,0.86,0.84,0.65,0.55,0.56,0.77,0.68,0.25,0.2,0.33,0.33,0.53,0.6,RM,MID,4
Nicola Dalmonte,LM,Italy,0.66,0.73,0.65,0.61,0.68,0.48,0.55,0.75,0.71,0.77,0.83,0.67,0.6,0.54,0.61,0.66,0.45,0.53,0.43,0.52,0.6,0.66,LM,MID,6
Matheus Sales,CDM,Brazil,0.66,0.71,0.55,0.56,0.63,0.68,0.61,0.73,0.69,0.72,0.72,0.65,0.65,0.55,0.61,0.7,0.7,0.68,0.69,0.63,0.66,0.64,CDM,MID,6
Ronaldo Deaconu,CM,Romania,0.66,0.66,0.66,0.69,0.68,0.51,0.62,0.69,0.64,0.71,0.72,0.68,0.66,0.62,0.69,0.6,0.53,0.48,0.48,0.54,0.47,0.73,CM,MID,6
Yannick Deichmann,CM,Germany,0.66,0.78,0.61,0.64,0.68,0.6,0.78,0.77,0.78,0.75,0.79,0.69,0.6,0.76,0.89,0.78,0.62,0.58,0.59,0.6,0.56,0.64,CM,MID,6
Tunay Deniz,CAM,Germany,0.66,0.72,0.61,0.65,0.67,0.41,0.61,0.71,0.72,0.73,0.66,0.65,0.62,0.57,0.72,0.66,0.44,0.41,0.38,0.33,0.57,0.61,CAM,MID,4
Valentín Depietri,LM,Argentina,0.66,0.74,0.57,0.62,0.67,0.48,0.56,0.74,0.74,0.73,0.49,0.67,0.49,0.61,0.6,0.59,0.49,0.51,0.53,0.39,0.44,0.52,LM,MID,2
Papa Amadou Diallo,LM,Senegal,0.66,0.76,0.65,0.57,0.7,0.22,0.51,0.77,0.75,0.68,0.7,0.72,0.61,0.5,0.62,0.65,0.23,0.16,0.15,0.18,0.58,0.67,LM,MID,4
Diomar Díaz,CM,Venezuela,0.66,0.79,0.68,0.63,0.67,0.47,0.66,0.83,0.75,0.74,0.81,0.68,0.64,0.67,0.68,0.69,0.55,0.42,0.34,0.59,0.45,0.73,CM,MID,1
Victor Dican,CDM,Romania,0.66,0.69,0.54,0.53,0.59,0.65,0.82,0.67,0.7,0.67,0.64,0.61,0.64,0.85,0.9,0.81,0.66,0.6,0.66,0.63,0.67,0.6,CDM,MID,0
Carlo Diez,CDM,Peru,0.66,0.53,0.61,0.64,0.58,0.64,0.69,0.56,0.5,0.56,0.62,0.57,0.61,0.72,0.72,0.67,0.64,0.63,0.66,0.66,0.56,0.7,CDM,MID,0
Pedro Ferreira,CDM,Portugal,0.66,0.66,0.44,0.57,0.61,0.63,0.77,0.65,0.67,0.56,0.66,0.62,0.59,0.77,0.81,0.7,0.65,0.63,0.65,0.64,0.53,0.48,CDM,MID,0
Edan Diop,RM,France,0.66,0.73,0.6,0.63,0.68,0.41,0.49,0.74,0.72,0.73,0.67,0.67,0.61,0.49,0.47,0.55,0.36,0.4,0.47,0.36,0.48,0.66,RM,MID,4
Josué Dorrio,RM,Spain,0.66,0.79,0.61,0.6,0.66,0.41,0.58,0.82,0.77,0.72,0.8,0.64,0.59,0.58,0.61,0.6,0.43,0.4,0.4,0.39,0.38,0.62,RM,MID,4
Matheus Dias,CDM,Brazil,0.66,0.58,0.5,0.6,0.62,0.63,0.66,0.59,0.58,0.58,0.52,0.67,0.62,0.66,0.66,0.65,0.68,0.62,0.58,0.64,0.59,0.6,CDM,MID,0
Hassani Dotson,CDM,United States,0.66,0.65,0.61,0.58,0.64,0.65,0.67,0.65,0.65,0.62,0.63,0.64,0.65,0.66,0.76,0.63,0.68,0.64,0.66,0.65,0.52,0.69,CDM,MID,0
Jake Doyle-Hayes,CM,Republic of Ireland,0.66,0.68,0.59,0.65,0.68,0.6,0.65,0.69,0.68,0.73,0.72,0.68,0.64,0.61,0.69,0.63,0.61,0.6,0.61,0.63,0.52,0.62,CM,MID,6
Julien Duranville,LM,Belgium,0.66,0.84,0.6,0.58,0.75,0.23,0.48,0.88,0.81,0.9,0.87,0.7,0.58,0.46,0.53,0.53,0.28,0.23,0.17,0.2,0.33,0.64,LM,MID,4
Chris Durkin,CM,United States,0.66,0.56,0.59,0.66,0.64,0.63,0.68,0.49,0.62,0.53,0.67,0.69,0.64,0.63,0.82,0.56,0.64,0.6,0.65,0.63,0.52,0.64,CM,MID,0
Malcolm Ebiowei,RM,England,0.66,0.76,0.62,0.6,0.7,0.38,0.53,0.77,0.76,0.79,0.67,0.68,0.63,0.62,0.5,0.62,0.41,0.36,0.38,0.32,0.44,0.64,RM,MID,4
Ender Echenique,RM,Venezuela,0.66,0.78,0.62,0.52,0.71,0.23,0.45,0.78,0.78,0.73,0.88,0.71,0.71,0.4,0.66,0.57,0.15,0.12,0.29,0.16,0.55,0.55,RM,MID,4
Martin Ellingsen,CDM,Norway,0.66,0.57,0.59,0.64,0.65,0.63,0.67,0.51,0.61,0.67,0.78,0.66,0.62,0.71,0.65,0.65,0.63,0.61,0.65,0.65,0.57,0.67,CDM,MID,0
Bartuğ Elmaz,CDM,Turkey,0.66,0.6,0.56,0.66,0.68,0.61,0.58,0.58,0.62,0.68,0.76,0.7,0.65,0.56,0.56,0.62,0.61,0.6,0.59,0.66,0.6,0.65,CDM,MID,6
Elliot Embleton,CAM,England,0.66,0.73,0.62,0.63,0.66,0.54,0.56,0.76,0.7,0.79,0.86,0.65,0.62,0.48,0.66,0.59,0.56,0.53,0.54,0.54,0.52,0.68,CAM,MID,6
Lawrence Ennali,LM,Germany,0.66,0.9,0.59,0.54,0.7,0.28,0.51,0.89,0.9,0.87,0.9,0.66,0.6,0.47,0.64,0.6,0.31,0.22,0.23,0.26,0.46,0.62,LM,MID,4
Magnus Eriksson,CM,Sweden,0.66,0.43,0.65,0.7,0.64,0.52,0.73,0.39,0.46,0.58,0.78,0.64,0.64,0.74,0.72,0.61,0.53,0.42,0.55,0.49,0.57,0.67,CM,MID,0
Julius Eskesen,CM,Denmark,0.66,0.67,0.57,0.64,0.69,0.6,0.6,0.74,0.62,0.82,0.82,0.67,0.66,0.56,0.75,0.53,0.65,0.58,0.63,0.62,0.32,0.6,CM,MID,6
Antony Evans,CM,England,0.66,0.64,0.65,0.66,0.68,0.56,0.68,0.66,0.62,0.78,0.78,0.68,0.64,0.61,0.82,0.65,0.6,0.6,0.5,0.54,0.58,0.69,CM,MID,6
Andrej Fábry,CAM,Slovakia,0.66,0.74,0.64,0.65,0.67,0.39,0.65,0.76,0.73,0.8,0.81,0.66,0.61,0.63,0.84,0.65,0.44,0.32,0.4,0.28,0.46,0.69,CAM,MID,4
Pedro Nuno,CAM,Portugal,0.66,0.63,0.66,0.66,0.68,0.38,0.59,0.64,0.63,0.7,0.7,0.68,0.68,0.55,0.65,0.62,0.33,0.28,0.34,0.46,0.59,0.7,CAM,MID,4
Omir Fernandez,RM,United States,0.66,0.8,0.53,0.58,0.7,0.44,0.56,0.81,0.8,0.71,0.79,0.68,0.63,0.58,0.54,0.67,0.48,0.41,0.38,0.44,0.5,0.58,RM,MID,4
Mathias Fixelles,CDM,Belgium,0.66,0.63,0.65,0.66,0.63,0.63,0.69,0.61,0.65,0.58,0.61,0.65,0.62,0.71,0.64,0.72,0.64,0.6,0.61,0.66,0.65,0.72,CDM,MID,0
Aldo Florenzi,CM,Italy,0.66,0.82,0.61,0.65,0.69,0.54,0.69,0.8,0.84,0.8,0.61,0.69,0.56,0.64,0.82,0.67,0.6,0.57,0.43,0.62,0.48,0.59,CM,MID,6
Francisco Flores,CDM,Venezuela,0.66,0.68,0.51,0.62,0.66,0.62,0.69,0.68,0.68,0.68,0.6,0.7,0.6,0.66,0.72,0.67,0.65,0.65,0.66,0.55,0.56,0.56,CDM,MID,6
Deybi Flores,CDM,Honduras,0.66,0.77,0.47,0.59,0.6,0.65,0.71,0.78,0.77,0.52,0.68,0.6,0.62,0.69,0.72,0.7,0.7,0.66,0.65,0.64,0.5,0.6,CDM,MID,6
Chris Forrester,CM,Republic of Ireland,0.66,0.66,0.61,0.65,0.69,0.6,0.7,0.67,0.65,0.78,0.79,0.67,0.63,0.63,0.84,0.63,0.59,0.56,0.63,0.61,0.54,0.65,CM,MID,6
Dominik Frieser,RM,Austria,0.66,0.74,0.61,0.63,0.66,0.44,0.69,0.75,0.73,0.71,0.71,0.65,0.63,0.69,0.8,0.74,0.44,0.42,0.39,0.43,0.61,0.65,RM,MID,6
Lukas Fröde,CDM,Germany,0.66,0.4,0.48,0.57,0.57,0.65,0.8,0.45,0.35,0.49,0.47,0.6,0.65,0.84,0.8,0.77,0.64,0.62,0.65,0.65,0.71,0.63,CDM,MID,0
Taichi Fukui,CM,Japan,0.66,0.76,0.52,0.64,0.73,0.52,0.43,0.78,0.75,0.86,0.84,0.73,0.6,0.34,0.52,0.45,0.57,0.55,0.51,0.48,0.41,0.58,CM,MID,4
Tomás Galván,CAM,Argentina,0.66,0.76,0.61,0.63,0.71,0.35,0.46,0.81,0.71,0.79,0.79,0.68,0.58,0.39,0.54,0.48,0.35,0.33,0.39,0.29,0.4,0.65,CAM,MID,4
Orlando Gaona Lugo,RM,Paraguay,0.66,0.8,0.65,0.59,0.7,0.36,0.63,0.77,0.83,0.85,0.83,0.64,0.64,0.61,0.68,0.68,0.27,0.24,0.44,0.34,0.52,0.72,RM,MID,4
Nicolás Garayalde,CM,Argentina,0.66,0.6,0.55,0.64,0.69,0.6,0.66,0.64,0.57,0.73,0.72,0.7,0.64,0.65,0.7,0.55,0.67,0.59,0.58,0.61,0.39,0.61,CM,MID,6
Robert Garcés,CM,Venezuela,0.66,0.64,0.62,0.62,0.64,0.61,0.53,0.62,0.66,0.61,0.73,0.65,0.58,0.38,0.77,0.37,0.66,0.6,0.63,0.65,0.35,0.62,CM,MID,6
Edu García,CAM,Spain,0.66,0.69,0.68,0.66,0.66,0.45,0.7,0.69,0.69,0.74,0.61,0.66,0.63,0.7,0.7,0.66,0.48,0.36,0.4,0.49,0.52,0.75,CAM,MID,6
Gianluca Gaudino,CAM,Germany,0.66,0.68,0.56,0.66,0.7,0.47,0.45,0.71,0.65,0.8,0.82,0.72,0.62,0.4,0.66,0.43,0.44,0.35,0.53,0.52,0.39,0.69,CAM,MID,4
Francesco Gelli,CM,Italy,0.66,0.61,0.59,0.64,0.69,0.49,0.47,0.65,0.57,0.67,0.73,0.71,0.63,0.38,0.65,0.41,0.56,0.45,0.41,0.54,0.44,0.61,CM,MID,6
Owen Gene,CDM,France,0.66,0.66,0.48,0.63,0.66,0.63,0.67,0.67,0.65,0.66,0.65,0.67,0.64,0.67,0.67,0.68,0.67,0.65,0.64,0.59,0.58,0.67,CDM,MID,0
Jader,LM,Brazil,0.66,0.67,0.64,0.62,0.69,0.36,0.47,0.64,0.69,0.6,0.8,0.71,0.6,0.44,0.52,0.45,0.4,0.43,0.37,0.21,0.45,0.63,LM,MID,4
Rayan Ghrieb,RM,France,0.66,0.7,0.63,0.63,0.69,0.34,0.54,0.72,0.68,0.74,0.62,0.68,0.64,0.59,0.48,0.55,0.38,0.32,0.33,0.26,0.38,0.65,RM,MID,4
Justo Giani,LM,Argentina,0.66,0.74,0.62,0.65,0.62,0.47,0.56,0.76,0.73,0.65,0.63,0.63,0.58,0.56,0.57,0.65,0.47,0.38,0.47,0.5,0.52,0.6,LM,MID,4
Jordan Gibson,RM,England,0.66,0.83,0.61,0.6,0.66,0.54,0.62,0.83,0.83,0.76,0.67,0.64,0.61,0.59,0.81,0.66,0.58,0.55,0.5,0.58,0.47,0.61,RM,MID,6
Enzo Giménez,RM,Paraguay,0.66,0.79,0.6,0.63,0.67,0.47,0.58,0.75,0.83,0.73,0.73,0.67,0.5,0.58,0.65,0.71,0.41,0.42,0.53,0.41,0.65,0.71,RM,MID,4
Eddy Gnahoré,CDM,France,0.66,0.53,0.64,0.63,0.65,0.63,0.74,0.54,0.53,0.59,0.57,0.66,0.66,0.81,0.69,0.73,0.63,0.53,0.66,0.65,0.6,0.67,CDM,MID,0
Théo Golliard,CAM,Switzerland,0.66,0.67,0.61,0.65,0.65,0.36,0.46,0.67,0.67,0.49,0.79,0.67,0.64,0.4,0.63,0.45,0.39,0.45,0.36,0.22,0.46,0.55,CAM,MID,3
Claude Gonçalves,CM,Portugal,0.66,0.62,0.51,0.64,0.68,0.61,0.65,0.64,0.6,0.78,0.68,0.67,0.7,0.6,0.7,0.58,0.62,0.59,0.64,0.62,0.49,0.59,CM,MID,6
Hilary Gong,RM,Nigeria,0.66,0.85,0.58,0.59,0.68,0.34,0.57,0.86,0.85,0.72,0.84,0.66,0.59,0.56,0.62,0.62,0.29,0.26,0.42,0.28,0.42,0.62,RM,MID,4
Agustín González,CAM,Uruguay,0.66,0.72,0.64,0.62,0.67,0.55,0.7,0.72,0.72,0.69,0.75,0.66,0.65,0.71,0.73,0.63,0.59,0.45,0.55,0.59,0.41,0.67,CAM,MID,6
Hugo González,RM,Spain,0.66,0.7,0.67,0.64,0.68,0.34,0.52,0.71,0.69,0.7,0.68,0.68,0.49,0.53,0.67,0.52,0.33,0.31,0.32,0.37,0.41,0.67,RM,MID,4
Tyler Goodrham,LM,Republic of Ireland,0.66,0.74,0.62,0.62,0.68,0.49,0.55,0.77,0.72,0.82,0.9,0.65,0.62,0.5,0.65,0.52,0.47,0.47,0.52,0.54,0.35,0.62,LM,MID,6
Jean Baptiste Gorby,CDM,France,0.66,0.54,0.48,0.6,0.61,0.62,0.68,0.53,0.55,0.56,0.73,0.66,0.67,0.7,0.62,0.63,0.67,0.69,0.6,0.58,0.55,0.64,CDM,MID,0
Tarik Gözüsirin,CAM,Turkey,0.66,0.77,0.6,0.64,0.7,0.53,0.68,0.74,0.8,0.82,0.79,0.68,0.65,0.66,0.78,0.6,0.54,0.49,0.57,0.52,0.42,0.59,CAM,MID,6
Jordan Graham,RM,England,0.66,0.78,0.64,0.65,0.65,0.53,0.5,0.8,0.77,0.72,0.71,0.64,0.6,0.47,0.6,0.5,0.56,0.52,0.54,0.55,0.34,0.69,RM,MID,6
André Green,RM,England,0.66,0.79,0.6,0.62,0.66,0.36,0.57,0.76,0.81,0.69,0.72,0.65,0.59,0.6,0.67,0.71,0.34,0.38,0.37,0.27,0.58,0.63,RM,MID,4
Magnus Retsius Grødem,CAM,Norway,0.66,0.69,0.63,0.63,0.66,0.45,0.66,0.68,0.7,0.68,0.58,0.67,0.65,0.67,0.72,0.65,0.49,0.44,0.4,0.41,0.54,0.63,CAM,MID,6
Carl Gustafsson,CM,Sweden,0.66,0.59,0.52,0.61,0.66,0.57,0.7,0.63,0.56,0.74,0.64,0.7,0.7,0.69,0.84,0.56,0.6,0.58,0.62,0.55,0.39,0.56,CM,MID,6
Filipe Nascimento,CM,Portugal,0.66,0.75,0.59,0.69,0.68,0.53,0.62,0.77,0.73,0.76,0.79,0.69,0.64,0.64,0.69,0.66,0.58,0.52,0.5,0.53,0.48,0.63,CM,MID,6
Julian Guttau,CAM,Germany,0.66,0.82,0.59,0.62,0.69,0.38,0.62,0.83,0.81,0.84,0.79,0.68,0.6,0.59,0.81,0.61,0.42,0.39,0.34,0.35,0.41,0.62,CAM,MID,4
Darko Gyabi,CDM,England,0.66,0.59,0.5,0.6,0.64,0.64,0.71,0.6,0.58,0.57,0.51,0.66,0.63,0.74,0.67,0.72,0.65,0.63,0.64,0.63,0.63,0.67,CDM,MID,0
Reeco Hackett,LM,St. Lucia,0.66,0.8,0.65,0.6,0.65,0.5,0.66,0.79,0.81,0.73,0.57,0.64,0.62,0.69,0.73,0.75,0.49,0.47,0.49,0.5,0.58,0.68,LM,MID,6
Maren Haile-Selassie,RM,Switzerland,0.66,0.82,0.6,0.59,0.68,0.42,0.62,0.82,0.82,0.89,0.81,0.65,0.61,0.62,0.7,0.74,0.38,0.35,0.45,0.39,0.56,0.62,RM,MID,4
Han Chan Hee,CM,Korea Republic,0.66,0.65,0.59,0.66,0.66,0.52,0.66,0.62,0.68,0.76,0.7,0.68,0.66,0.66,0.74,0.65,0.51,0.48,0.48,0.58,0.56,0.6,CM,MID,6
Marek Hanousek,CDM,Czech Republic,0.66,0.45,0.6,0.6,0.53,0.66,0.68,0.52,0.39,0.49,0.65,0.62,0.68,0.72,0.71,0.69,0.65,0.59,0.69,0.67,0.66,0.64,CDM,MID,0
Cedric Harenbrock,CAM,Germany,0.66,0.72,0.62,0.61,0.68,0.35,0.57,0.71,0.73,0.73,0.7,0.68,0.65,0.6,0.74,0.62,0.32,0.24,0.32,0.41,0.48,0.68,CAM,MID,4
Cameron Harper,RM,United States,0.66,0.86,0.58,0.52,0.7,0.49,0.58,0.85,0.86,0.71,0.83,0.68,0.67,0.56,0.69,0.62,0.59,0.53,0.49,0.36,0.43,0.58,RM,MID,4
Bryan Henning,CM,Germany,0.66,0.68,0.55,0.6,0.69,0.64,0.7,0.8,0.59,0.83,0.82,0.65,0.69,0.61,0.84,0.61,0.66,0.66,0.66,0.69,0.4,0.61,CM,MID,6
Fabian Herbers,RM,Germany,0.66,0.65,0.62,0.63,0.65,0.57,0.7,0.62,0.67,0.64,0.59,0.66,0.64,0.67,0.77,0.69,0.6,0.5,0.54,0.57,0.65,0.69,RM,MID,0
Philipp Hercher,RM,Germany,0.66,0.76,0.59,0.61,0.62,0.59,0.71,0.74,0.78,0.65,0.71,0.6,0.64,0.72,0.77,0.74,0.63,0.63,0.57,0.57,0.57,0.6,RM,MID,6
Andrés Hernández,CDM,Venezuela,0.66,0.51,0.55,0.59,0.6,0.63,0.61,0.44,0.57,0.49,0.64,0.62,0.62,0.58,0.68,0.49,0.65,0.66,0.65,0.65,0.48,0.63,CDM,MID,0
Juan Hernández,LM,Spain,0.66,0.64,0.62,0.65,0.65,0.25,0.49,0.66,0.63,0.67,0.69,0.66,0.64,0.52,0.57,0.53,0.23,0.26,0.24,0.2,0.46,0.6,LM,MID,4
Jake Hollman,CM,Australia,0.66,0.72,0.59,0.62,0.69,0.6,0.64,0.76,0.68,0.85,0.8,0.66,0.66,0.57,0.76,0.62,0.65,0.62,0.58,0.63,0.45,0.6,CM,MID,6
Hong Yun Sang,LM,Korea Republic,0.66,0.83,0.63,0.57,0.68,0.26,0.6,0.82,0.84,0.75,0.72,0.62,0.63,0.62,0.67,0.76,0.26,0.28,0.18,0.19,0.61,0.63,LM,MID,4
Henry Hore,LM,Australia,0.66,0.7,0.62,0.62,0.68,0.51,0.66,0.73,0.67,0.76,0.75,0.67,0.66,0.66,0.73,0.67,0.54,0.48,0.51,0.5,0.5,0.6,LM,MID,6
Saber Hraiech,CM,Italy,0.66,0.74,0.59,0.65,0.68,0.59,0.69,0.73,0.75,0.68,0.67,0.69,0.63,0.72,0.74,0.62,0.68,0.63,0.56,0.57,0.36,0.67,CM,MID,6
Huang Zichang,RM,China PR,0.66,0.83,0.59,0.56,0.69,0.43,0.68,0.84,0.83,0.86,0.83,0.64,0.66,0.66,0.75,0.76,0.42,0.46,0.37,0.46,0.57,0.6,RM,MID,1
Huang Zhengyu,CDM,China PR,0.66,0.71,0.37,0.58,0.62,0.64,0.63,0.71,0.71,0.74,0.68,0.65,0.65,0.61,0.67,0.62,0.67,0.62,0.63,0.69,0.48,0.37,CDM,MID,2
Etzaz Hussain,CDM,Norway,0.66,0.5,0.61,0.64,0.67,0.59,0.63,0.51,0.49,0.65,0.69,0.67,0.65,0.59,0.71,0.47,0.6,0.63,0.62,0.62,0.38,0.64,CDM,MID,0
Manuel Insaurralde,CM,Argentina,0.66,0.71,0.55,0.66,0.68,0.59,0.65,0.74,0.69,0.71,0.65,0.71,0.65,0.63,0.72,0.67,0.6,0.61,0.61,0.55,0.54,0.56,CM,MID,6
Aleksey Isayev,CM,Azerbaijan,0.66,0.65,0.54,0.66,0.68,0.57,0.59,0.66,0.64,0.67,0.69,0.69,0.62,0.54,0.71,0.5,0.58,0.54,0.6,0.59,0.44,0.61,CM,MID,6
Valentin Jacob,LM,France,0.66,0.78,0.63,0.64,0.65,0.42,0.47,0.82,0.74,0.78,0.85,0.65,0.62,0.4,0.73,0.47,0.49,0.38,0.4,0.42,0.34,0.7,LM,MID,4
Lukas Jäger,CDM,Austria,0.66,0.65,0.45,0.58,0.6,0.64,0.74,0.64,0.66,0.58,0.66,0.61,0.63,0.69,0.86,0.68,0.64,0.62,0.65,0.64,0.59,0.51,CDM,MID,0
Marin Jakoliš,RM,Croatia,0.66,0.82,0.61,0.61,0.66,0.53,0.7,0.83,0.81,0.76,0.67,0.64,0.65,0.66,0.69,0.78,0.59,0.53,0.44,0.52,0.62,0.65,RM,MID,6
Caspar Jander,CM,Germany,0.66,0.76,0.47,0.65,0.7,0.61,0.66,0.75,0.76,0.77,0.79,0.7,0.67,0.63,0.71,0.64,0.6,0.57,0.66,0.61,0.48,0.49,CM,MID,6
Dennis Jastrzembski,LM,Germany,0.66,0.87,0.57,0.62,0.66,0.35,0.6,0.83,0.91,0.75,0.78,0.66,0.58,0.64,0.6,0.77,0.4,0.22,0.42,0.13,0.6,0.57,LM,MID,4
James Jeggo,CDM,Australia,0.66,0.61,0.58,0.59,0.63,0.63,0.69,0.66,0.57,0.66,0.71,0.65,0.58,0.62,0.83,0.55,0.66,0.65,0.66,0.65,0.42,0.64,CDM,MID,6
Jeon Byung Kwan,LM,Korea Republic,0.66,0.83,0.66,0.51,0.68,0.21,0.58,0.84,0.83,0.77,0.71,0.61,0.66,0.61,0.74,0.63,0.24,0.18,0.15,0.2,0.39,0.71,LM,MID,4
Oscar Johansson,RM,Sweden,0.66,0.74,0.58,0.62,0.65,0.46,0.68,0.75,0.73,0.74,0.7,0.65,0.6,0.63,0.83,0.57,0.5,0.49,0.44,0.47,0.32,0.6,RM,MID,6
Derrick Jones,CDM,United States,0.66,0.7,0.53,0.59,0.61,0.62,0.81,0.7,0.7,0.61,0.57,0.62,0.64,0.87,0.78,0.81,0.6,0.57,0.63,0.64,0.61,0.69,CDM,MID,0
Antoine Joujou,RM,France,0.66,0.69,0.65,0.59,0.68,0.22,0.53,0.69,0.69,0.63,0.61,0.71,0.65,0.56,0.53,0.61,0.19,0.13,0.2,0.18,0.54,0.68,RM,MID,4
Leonel Justiniano,CDM,Bolivia,0.66,0.61,0.56,0.58,0.63,0.66,0.67,0.59,0.62,0.67,0.82,0.64,0.56,0.6,0.82,0.64,0.69,0.64,0.66,0.64,0.6,0.65,CDM,MID,0
Melih Kabasakal,CDM,Turkey,0.66,0.68,0.5,0.63,0.67,0.62,0.67,0.67,0.68,0.76,0.72,0.65,0.63,0.64,0.75,0.63,0.63,0.6,0.64,0.65,0.52,0.63,CDM,MID,6
Tugay Kaçar,CDM,Turkey,0.66,0.53,0.45,0.59,0.59,0.64,0.73,0.54,0.52,0.44,0.34,0.65,0.61,0.74,0.72,0.7,0.66,0.64,0.63,0.64,0.65,0.57,CDM,MID,0
Jakub Kadak,CAM,Slovakia,0.66,0.63,0.66,0.66,0.67,0.41,0.48,0.64,0.62,0.7,0.74,0.67,0.6,0.43,0.63,0.55,0.38,0.39,0.4,0.34,0.65,0.66,CAM,MID,4
Anton Kade,LM,Germany,0.66,0.76,0.63,0.58,0.69,0.25,0.54,0.75,0.76,0.79,0.73,0.72,0.6,0.61,0.53,0.58,0.25,0.21,0.25,0.19,0.38,0.62,LM,MID,4
Junior Kadile,LM,France,0.66,0.81,0.59,0.61,0.7,0.23,0.53,0.82,0.81,0.74,0.7,0.69,0.54,0.59,0.49,0.69,0.18,0.2,0.19,0.21,0.54,0.7,LM,MID,4
Mattias Käit,CM,Estonia,0.66,0.69,0.61,0.62,0.65,0.63,0.72,0.67,0.71,0.68,0.66,0.65,0.66,0.7,0.79,0.69,0.65,0.6,0.62,0.66,0.58,0.7,CM,MID,6
Otar Kakabadze,RM,Georgia,0.66,0.79,0.49,0.62,0.66,0.6,0.72,0.79,0.79,0.8,0.63,0.64,0.6,0.72,0.73,0.77,0.63,0.59,0.61,0.55,0.56,0.61,RM,MID,6
Anthony Kalik,CAM,Australia,0.66,0.72,0.61,0.65,0.66,0.56,0.73,0.7,0.74,0.69,0.8,0.69,0.59,0.67,0.79,0.59,0.56,0.59,0.61,0.54,0.44,0.67,CAM,MID,6
Burak Kapacak,RM,Turkey,0.66,0.78,0.57,0.6,0.68,0.56,0.64,0.77,0.79,0.74,0.72,0.67,0.56,0.63,0.66,0.69,0.56,0.54,0.59,0.56,0.53,0.7,RM,MID,6
Liam Kelly,CDM,Scotland,0.66,0.36,0.54,0.64,0.58,0.66,0.67,0.37,0.35,0.49,0.45,0.62,0.58,0.74,0.53,0.61,0.67,0.64,0.65,0.68,0.59,0.64,CDM,MID,0
Liam Kelly,CM,Republic of Ireland,0.66,0.71,0.6,0.65,0.68,0.57,0.51,0.7,0.71,0.9,0.91,0.66,0.66,0.34,0.9,0.4,0.62,0.53,0.57,0.59,0.4,0.64,CM,MID,6
Dan Kemp,CAM,England,0.66,0.8,0.62,0.62,0.68,0.3,0.44,0.84,0.76,0.92,0.9,0.64,0.58,0.33,0.78,0.46,0.31,0.27,0.3,0.28,0.37,0.64,CAM,MID,4
Kim Kang Guk,CM,Korea Republic,0.66,0.63,0.55,0.64,0.61,0.55,0.69,0.65,0.61,0.65,0.65,0.63,0.61,0.66,0.88,0.6,0.61,0.49,0.49,0.64,0.47,0.64,CM,MID,6
Kim Min Woo,LM,Korea Republic,0.66,0.65,0.62,0.64,0.66,0.59,0.7,0.65,0.65,0.71,0.79,0.72,0.64,0.65,0.82,0.63,0.61,0.58,0.57,0.62,0.52,0.68,LM,MID,6
Kim Do Hyeok,CM,Korea Republic,0.66,0.6,0.61,0.65,0.68,0.57,0.75,0.58,0.62,0.72,0.84,0.72,0.62,0.73,0.87,0.67,0.57,0.55,0.53,0.63,0.55,0.67,CM,MID,6
Christian Kinsombi,LM,Germany,0.66,0.72,0.54,0.58,0.7,0.31,0.56,0.8,0.66,0.81,0.8,0.68,0.63,0.58,0.65,0.58,0.3,0.34,0.29,0.31,0.35,0.54,LM,MID,4
Orestis Kiomourtzoglou,CDM,Germany,0.66,0.52,0.48,0.54,0.58,0.65,0.75,0.59,0.47,0.61,0.58,0.63,0.63,0.78,0.73,0.74,0.65,0.63,0.63,0.67,0.65,0.59,CDM,MID,0
Eric Bugale Kitolano,CAM,Norway,0.66,0.83,0.63,0.6,0.68,0.5,0.64,0.81,0.84,0.87,0.83,0.66,0.56,0.58,0.77,0.64,0.52,0.52,0.5,0.48,0.45,0.62,CAM,MID,6
Ben Lhassine Kone,CM,Côte d'Ivoire,0.66,0.76,0.61,0.64,0.72,0.56,0.63,0.79,0.74,0.82,0.83,0.69,0.63,0.58,0.73,0.64,0.59,0.56,0.54,0.58,0.48,0.71,CM,MID,6
Christian Kouan Oulaï,CAM,Côte d'Ivoire,0.66,0.71,0.64,0.64,0.69,0.62,0.76,0.7,0.71,0.74,0.76,0.68,0.7,0.71,0.81,0.8,0.58,0.56,0.61,0.68,0.71,0.71,CAM,MID,5
Connor Krempicki,CM,Germany,0.66,0.48,0.65,0.63,0.67,0.6,0.68,0.64,0.34,0.71,0.72,0.66,0.71,0.68,0.73,0.69,0.62,0.55,0.6,0.59,0.6,0.64,CM,MID,0
Lukas Kunze,CM,Germany,0.66,0.71,0.62,0.6,0.62,0.6,0.77,0.68,0.74,0.64,0.52,0.64,0.67,0.76,0.84,0.73,0.61,0.51,0.61,0.64,0.56,0.67,CM,MID,0
Kwon Hyeok Kyu,CDM,Korea Republic,0.66,0.68,0.48,0.59,0.6,0.6,0.82,0.7,0.66,0.59,0.53,0.66,0.59,0.87,0.85,0.81,0.58,0.51,0.61,0.67,0.6,0.57,CDM,MID,0
Lassi Lappalainen,LM,Finland,0.66,0.86,0.59,0.58,0.65,0.53,0.61,0.86,0.86,0.62,0.6,0.65,0.58,0.68,0.64,0.74,0.65,0.4,0.6,0.34,0.5,0.57,LM,MID,6
Pablo Laredo,CDM,Bolivia,0.66,0.6,0.47,0.59,0.59,0.67,0.62,0.66,0.55,0.69,0.58,0.71,0.7,0.67,0.62,0.61,0.67,0.59,0.72,0.71,0.49,0.59,CDM,MID,0
Larrubia,CAM,Spain,0.66,0.66,0.58,0.65,0.71,0.36,0.39,0.71,0.62,0.82,0.83,0.68,0.51,0.34,0.39,0.4,0.34,0.37,0.42,0.32,0.35,0.54,CAM,MID,3
Adrien Lebeau,CAM,France,0.66,0.74,0.59,0.63,0.7,0.47,0.51,0.81,0.68,0.83,0.78,0.69,0.53,0.47,0.52,0.54,0.54,0.51,0.41,0.44,0.42,0.65,CAM,MID,4
Lee Chung Yong,LM,Korea Republic,0.66,0.64,0.54,0.67,0.7,0.46,0.59,0.64,0.64,0.77,0.71,0.71,0.61,0.59,0.6,0.54,0.41,0.37,0.47,0.54,0.55,0.51,LM,MID,6
Lee Hyun Ju,CAM,Korea Republic,0.66,0.73,0.55,0.61,0.72,0.32,0.52,0.81,0.67,0.87,0.82,0.7,0.61,0.48,0.71,0.53,0.27,0.31,0.34,0.33,0.39,0.49,CAM,MID,4
Lee Jin Hyun,CM,Korea Republic,0.66,0.78,0.55,0.66,0.71,0.53,0.59,0.76,0.79,0.9,0.83,0.69,0.65,0.5,0.86,0.51,0.54,0.49,0.55,0.6,0.31,0.67,CM,MID,6
Nunzio Lella,CM,Italy,0.66,0.78,0.56,0.61,0.65,0.62,0.76,0.75,0.8,0.76,0.54,0.65,0.7,0.75,0.83,0.79,0.64,0.61,0.58,0.67,0.63,0.61,CM,MID,6
Bryan Limbombe,LM,Belgium,0.66,0.75,0.58,0.59,0.68,0.33,0.65,0.84,0.67,0.72,0.82,0.68,0.64,0.67,0.71,0.69,0.33,0.29,0.28,0.35,0.46,0.58,LM,MID,4
Victor Lind,LM,Denmark,0.66,0.86,0.63,0.57,0.66,0.42,0.62,0.84,0.88,0.76,0.72,0.67,0.6,0.61,0.71,0.68,0.41,0.29,0.43,0.45,0.48,0.64,LM,MID,4
Lucas Lingman,CM,Finland,0.66,0.64,0.55,0.67,0.71,0.52,0.57,0.65,0.63,0.82,0.82,0.7,0.64,0.52,0.72,0.52,0.53,0.48,0.51,0.58,0.45,0.57,CM,MID,6
Luca Lipani,CDM,Italy,0.66,0.54,0.44,0.63,0.61,0.62,0.61,0.53,0.54,0.45,0.41,0.7,0.64,0.59,0.62,0.61,0.66,0.62,0.6,0.62,0.6,0.57,CDM,MID,0
Enric Llansana,CDM,Holland,0.66,0.57,0.48,0.62,0.64,0.61,0.68,0.41,0.7,0.64,0.55,0.66,0.58,0.6,0.83,0.59,0.6,0.63,0.59,0.64,0.65,0.69,CDM,MID,0
Jasper Löffelsend,CDM,Germany,0.66,0.64,0.41,0.61,0.63,0.62,0.66,0.63,0.65,0.61,0.69,0.65,0.65,0.63,0.75,0.62,0.62,0.59,0.64,0.64,0.54,0.55,CDM,MID,0
Julien Lopez,LM,Algeria,0.66,0.79,0.6,0.63,0.69,0.42,0.59,0.84,0.74,0.9,0.83,0.65,0.64,0.64,0.62,0.69,0.51,0.48,0.35,0.33,0.47,0.61,LM,MID,4
Marc Lorenz,LM,Germany,0.66,0.7,0.57,0.68,0.66,0.49,0.65,0.69,0.71,0.68,0.73,0.65,0.65,0.66,0.64,0.68,0.49,0.53,0.44,0.51,0.57,0.73,LM,MID,6
Jonathan Lucca,CM,Brazil,0.66,0.68,0.56,0.66,0.63,0.65,0.78,0.69,0.68,0.57,0.64,0.67,0.69,0.76,0.82,0.7,0.65,0.67,0.67,0.68,0.51,0.68,CM,MID,0
Josias Lukembila,LM,Switzerland,0.66,0.77,0.59,0.59,0.67,0.23,0.57,0.78,0.77,0.68,0.61,0.66,0.64,0.65,0.59,0.62,0.28,0.25,0.16,0.16,0.41,0.64,LM,MID,4
Marius Lundemo,CM,Norway,0.66,0.52,0.59,0.65,0.65,0.58,0.7,0.5,0.54,0.63,0.48,0.68,0.62,0.75,0.72,0.63,0.58,0.5,0.57,0.63,0.54,0.65,CM,MID,0
Sultan Mandash,RM,Saudi Arabia,0.66,0.8,0.55,0.57,0.7,0.25,0.59,0.81,0.8,0.84,0.73,0.67,0.63,0.59,0.74,0.61,0.27,0.23,0.27,0.12,0.42,0.61,RM,MID,4
Rubén Manjarrés,CM,Colombia,0.66,0.67,0.55,0.68,0.6,0.61,0.65,0.68,0.67,0.64,0.63,0.62,0.62,0.65,0.71,0.69,0.55,0.56,0.66,0.66,0.61,0.61,CM,MID,0
Ander Martín,LM,Spain,0.66,0.7,0.62,0.62,0.67,0.5,0.58,0.73,0.68,0.72,0.7,0.66,0.61,0.61,0.74,0.59,0.46,0.54,0.53,0.52,0.43,0.66,LM,MID,6
David Martínez,RM,Venezuela,0.66,0.63,0.62,0.57,0.74,0.26,0.44,0.68,0.59,0.69,0.79,0.71,0.61,0.47,0.45,0.46,0.29,0.31,0.2,0.21,0.4,0.52,RM,MID,3
Jimmy Martinez,CM,Chile,0.66,0.67,0.53,0.66,0.66,0.55,0.63,0.69,0.65,0.65,0.7,0.67,0.64,0.62,0.75,0.55,0.63,0.53,0.49,0.6,0.39,0.57,CM,MID,6
Alexandru Mateiu,CDM,Romania,0.66,0.6,0.64,0.63,0.67,0.62,0.7,0.61,0.6,0.7,0.8,0.66,0.65,0.7,0.74,0.64,0.64,0.62,0.62,0.63,0.53,0.84,CDM,MID,0
Adrian Mazilu,RM,Romania,0.66,0.81,0.64,0.58,0.69,0.35,0.55,0.79,0.82,0.76,0.65,0.69,0.56,0.54,0.66,0.6,0.34,0.25,0.37,0.34,0.47,0.68,RM,MID,4
Garath McCleary,RM,Jamaica,0.66,0.73,0.65,0.63,0.67,0.48,0.66,0.74,0.73,0.68,0.67,0.67,0.64,0.73,0.58,0.74,0.51,0.43,0.5,0.41,0.55,0.68,RM,MID,6
Callum McCowatt,CAM,New Zealand,0.66,0.76,0.66,0.64,0.66,0.52,0.67,0.75,0.76,0.67,0.68,0.66,0.64,0.62,0.73,0.7,0.55,0.51,0.45,0.55,0.57,0.71,CAM,MID,6
Joshua Mees,LM,Germany,0.66,0.67,0.63,0.63,0.69,0.21,0.55,0.74,0.62,0.78,0.7,0.68,0.5,0.53,0.62,0.58,0.19,0.15,0.18,0.17,0.48,0.63,LM,MID,4
Joelson Fernandes,RM,Portugal,0.66,0.89,0.57,0.57,0.73,0.24,0.42,0.91,0.88,0.9,0.84,0.7,0.64,0.34,0.51,0.58,0.21,0.23,0.18,0.21,0.54,0.63,RM,MID,4
Claudiu Micovschi,RM,Romania,0.66,0.76,0.62,0.61,0.67,0.33,0.58,0.77,0.75,0.8,0.8,0.65,0.65,0.54,0.7,0.56,0.3,0.27,0.3,0.39,0.43,0.65,RM,MID,4
Michael Mieles,CAM,Ecuador,0.66,0.7,0.65,0.63,0.68,0.51,0.59,0.69,0.7,0.7,0.7,0.69,0.55,0.59,0.61,0.64,0.56,0.58,0.42,0.51,0.55,0.61,CAM,MID,6
Javi Mier,CM,Spain,0.66,0.71,0.64,0.66,0.68,0.63,0.68,0.72,0.7,0.75,0.74,0.67,0.65,0.64,0.74,0.73,0.62,0.63,0.62,0.66,0.66,0.67,CM,MID,6
Antoni Milambo,CAM,Holland,0.66,0.68,0.58,0.64,0.7,0.44,0.55,0.7,0.67,0.79,0.66,0.69,0.62,0.59,0.54,0.62,0.51,0.59,0.41,0.27,0.54,0.65,CAM,MID,4
Lennon Miller,CM,Scotland,0.66,0.73,0.58,0.66,0.67,0.52,0.63,0.7,0.75,0.61,0.68,0.71,0.64,0.6,0.74,0.63,0.53,0.52,0.51,0.52,0.51,0.62,CM,MID,6
Rui Mendes,RM,Portugal,0.66,0.8,0.65,0.56,0.68,0.29,0.56,0.79,0.8,0.72,0.69,0.67,0.61,0.56,0.72,0.62,0.32,0.26,0.27,0.21,0.46,0.74,RM,MID,4
Cris Montes,RM,Spain,0.66,0.7,0.58,0.62,0.67,0.51,0.59,0.69,0.71,0.7,0.8,0.68,0.64,0.58,0.64,0.54,0.64,0.48,0.35,0.62,0.42,0.5,RM,MID,6
Moon Seon Min,LM,Korea Republic,0.66,0.89,0.67,0.54,0.69,0.36,0.57,0.88,0.89,0.86,0.87,0.58,0.69,0.59,0.6,0.71,0.35,0.34,0.31,0.37,0.53,0.66,LM,MID,4
Rodrigo Mora,CAM,Portugal,0.66,0.72,0.45,0.65,0.71,0.41,0.36,0.73,0.71,0.68,0.92,0.72,0.71,0.29,0.46,0.45,0.44,0.36,0.42,0.32,0.47,0.54,CAM,MID,3
Iván Morante,CDM,Spain,0.66,0.64,0.63,0.62,0.66,0.64,0.63,0.63,0.64,0.61,0.67,0.67,0.59,0.6,0.72,0.64,0.67,0.63,0.65,0.63,0.59,0.74,CDM,MID,0
Fabián Mosquera,CDM,Colombia,0.66,0.58,0.43,0.61,0.56,0.65,0.71,0.65,0.53,0.66,0.71,0.55,0.65,0.73,0.75,0.71,0.7,0.65,0.67,0.58,0.58,0.38,CDM,MID,2
Alexander Mühling,CM,Germany,0.66,0.61,0.67,0.67,0.68,0.53,0.71,0.53,0.68,0.65,0.74,0.69,0.63,0.74,0.81,0.6,0.57,0.54,0.49,0.54,0.46,0.69,CM,MID,6
Valentino Müller,CDM,Austria,0.66,0.72,0.58,0.64,0.67,0.6,0.68,0.72,0.72,0.74,0.78,0.68,0.64,0.62,0.81,0.66,0.61,0.57,0.61,0.62,0.53,0.68,CDM,MID,6
Luis Muñoz,CM,Spain,0.66,0.62,0.62,0.61,0.6,0.66,0.73,0.63,0.62,0.56,0.64,0.61,0.67,0.76,0.78,0.75,0.71,0.65,0.59,0.68,0.64,0.72,CM,MID,0
Tristan Muyumba,CDM,France,0.66,0.7,0.44,0.6,0.65,0.61,0.68,0.71,0.69,0.72,0.92,0.65,0.65,0.64,0.8,0.66,0.65,0.61,0.59,0.62,0.51,0.51,CDM,MID,6
Felix Horn Myhre,CM,Norway,0.66,0.72,0.57,0.64,0.67,0.61,0.69,0.74,0.7,0.78,0.76,0.67,0.65,0.65,0.82,0.64,0.62,0.62,0.63,0.63,0.48,0.62,CM,MID,6
Konan N'Dri,RM,Côte d'Ivoire,0.66,0.87,0.63,0.59,0.69,0.55,0.64,0.89,0.85,0.84,0.83,0.66,0.54,0.61,0.62,0.79,0.54,0.53,0.55,0.54,0.62,0.71,RM,MID,6
Adi Nalić,CAM,Bosnia and Herzegovina,0.66,0.79,0.66,0.58,0.69,0.43,0.71,0.78,0.79,0.74,0.51,0.69,0.62,0.73,0.77,0.7,0.43,0.36,0.41,0.47,0.46,0.73,CAM,MID,4
Tom Naylor,CDM,England,0.66,0.63,0.6,0.61,0.6,0.63,0.75,0.59,0.66,0.62,0.61,0.62,0.63,0.75,0.8,0.71,0.64,0.63,0.62,0.64,0.62,0.67,CDM,MID,0
Mor Ndiaye,CDM,Senegal,0.66,0.66,0.53,0.57,0.6,0.65,0.75,0.64,0.68,0.55,0.52,0.61,0.64,0.75,0.72,0.73,0.68,0.64,0.62,0.65,0.62,0.6,CDM,MID,0
Dragoș Nedelcu,CDM,Romania,0.66,0.6,0.58,0.64,0.6,0.64,0.69,0.64,0.56,0.55,0.56,0.64,0.64,0.71,0.7,0.73,0.62,0.62,0.66,0.63,0.64,0.73,CDM,MID,0
Camiel Neghli,RM,Algeria,0.66,0.81,0.57,0.63,0.66,0.4,0.65,0.78,0.83,0.76,0.62,0.64,0.56,0.6,0.88,0.61,0.46,0.31,0.43,0.29,0.42,0.66,RM,MID,4
Cristian Neguț,RM,Romania,0.66,0.78,0.62,0.62,0.67,0.31,0.64,0.78,0.78,0.81,0.9,0.64,0.6,0.59,0.81,0.66,0.24,0.33,0.32,0.28,0.51,0.65,RM,MID,4
Mihajlo Nešković,LM,Serbia,0.66,0.69,0.6,0.62,0.65,0.31,0.55,0.68,0.7,0.61,0.69,0.64,0.64,0.54,0.62,0.5,0.32,0.34,0.3,0.24,0.4,0.64,LM,MID,4
Francisco Ramos,CM,Portugal,0.66,0.64,0.57,0.67,0.67,0.61,0.7,0.61,0.66,0.59,0.64,0.7,0.67,0.77,0.61,0.74,0.63,0.58,0.59,0.62,0.61,0.68,CM,MID,0
Richard Neudecker,CM,Germany,0.66,0.71,0.59,0.66,0.7,0.49,0.66,0.74,0.69,0.85,0.85,0.68,0.68,0.63,0.8,0.58,0.5,0.54,0.44,0.6,0.38,0.68,CM,MID,6
Yeni Ngbakoto,LM,Congo DR,0.66,0.74,0.65,0.64,0.67,0.38,0.67,0.75,0.73,0.81,0.73,0.66,0.6,0.69,0.69,0.66,0.4,0.35,0.34,0.35,0.48,0.67,LM,MID,4
Hans Nicolussi Caviglia,CM,Italy,0.66,0.63,0.53,0.67,0.67,0.53,0.49,0.69,0.58,0.59,0.7,0.68,0.62,0.38,0.62,0.52,0.6,0.57,0.49,0.45,0.57,0.71,CM,MID,6
Ollie Norburn,CM,Grenada,0.66,0.69,0.61,0.65,0.66,0.64,0.75,0.62,0.75,0.73,0.68,0.66,0.63,0.75,0.77,0.69,0.65,0.61,0.64,0.67,0.55,0.61,CM,MID,6
Hernán Novick,CAM,Uruguay,0.66,0.57,0.67,0.73,0.63,0.34,0.5,0.55,0.59,0.66,0.73,0.67,0.54,0.52,0.56,0.49,0.3,0.26,0.4,0.31,0.46,0.66,CAM,MID,4
Sverre Halseth Nypan,CAM,Norway,0.66,0.71,0.55,0.62,0.69,0.48,0.5,0.74,0.69,0.8,0.86,0.68,0.57,0.39,0.71,0.49,0.48,0.53,0.47,0.48,0.48,0.56,CAM,MID,6
Yutaro Oda,RM,Japan,0.66,0.77,0.58,0.6,0.67,0.39,0.52,0.81,0.74,0.7,0.64,0.66,0.64,0.58,0.38,0.67,0.38,0.37,0.37,0.37,0.5,0.58,RM,MID,4
Kazeem Olaigbe,LM,Belgium,0.66,0.9,0.6,0.58,0.68,0.33,0.6,0.88,0.91,0.82,0.78,0.65,0.58,0.6,0.72,0.68,0.34,0.3,0.31,0.32,0.45,0.64,LM,MID,4
Mathias Olesen,CM,Luxembourg,0.66,0.7,0.46,0.62,0.66,0.59,0.68,0.64,0.74,0.61,0.53,0.69,0.63,0.71,0.66,0.66,0.66,0.59,0.55,0.57,0.53,0.6,CM,MID,0
Baltazar,CDM,Brazil,0.66,0.67,0.54,0.62,0.68,0.61,0.68,0.66,0.68,0.84,0.74,0.67,0.64,0.66,0.72,0.61,0.58,0.57,0.64,0.67,0.49,0.56,CDM,MID,6
Gabriel Tigrão,RM,Brazil,0.66,0.79,0.66,0.51,0.68,0.3,0.72,0.84,0.75,0.73,0.64,0.62,0.7,0.75,0.76,0.84,0.27,0.23,0.21,0.34,0.65,0.66,RM,MID,4
Eric Johana Omondi,LM,Kenya,0.66,0.82,0.62,0.62,0.64,0.43,0.61,0.84,0.81,0.62,0.67,0.64,0.56,0.57,0.68,0.69,0.45,0.44,0.42,0.36,0.53,0.66,LM,MID,4
Ragnar Oratmangoen,LM,Indonesia,0.66,0.7,0.57,0.62,0.66,0.35,0.59,0.75,0.65,0.68,0.65,0.66,0.63,0.61,0.77,0.57,0.35,0.38,0.34,0.36,0.36,0.64,LM,MID,4
Jandro Orellana,CDM,Spain,0.66,0.6,0.44,0.64,0.64,0.66,0.53,0.56,0.63,0.58,0.73,0.66,0.66,0.48,0.52,0.56,0.69,0.67,0.64,0.64,0.62,0.58,CDM,MID,2
Bryant Ortega,CDM,Venezuela,0.66,0.73,0.61,0.64,0.66,0.6,0.57,0.77,0.69,0.69,0.8,0.67,0.68,0.42,0.81,0.54,0.61,0.58,0.6,0.62,0.5,0.55,CDM,MID,6
Ibrahim Osman,LM,Ghana,0.66,0.85,0.58,0.57,0.73,0.27,0.54,0.83,0.87,0.76,0.74,0.73,0.56,0.55,0.5,0.64,0.2,0.22,0.28,0.29,0.46,0.66,LM,MID,4
Tomáš Ostrák,RM,Czech Republic,0.66,0.62,0.56,0.63,0.72,0.52,0.61,0.64,0.6,0.83,0.79,0.68,0.62,0.64,0.66,0.63,0.58,0.53,0.5,0.45,0.54,0.6,RM,MID,6
Anas Ouahim,CAM,Morocco,0.66,0.6,0.58,0.61,0.73,0.52,0.58,0.72,0.5,0.7,0.67,0.72,0.63,0.44,0.74,0.5,0.56,0.63,0.44,0.54,0.48,0.64,CAM,MID,6
Romal Palmer,CM,England,0.66,0.6,0.53,0.58,0.66,0.61,0.67,0.67,0.54,0.62,0.69,0.68,0.68,0.64,0.79,0.55,0.66,0.61,0.58,0.66,0.4,0.54,CM,MID,6
Merveille Papela,CM,Germany,0.66,0.65,0.54,0.63,0.71,0.62,0.53,0.69,0.61,0.79,0.84,0.7,0.66,0.42,0.65,0.52,0.65,0.6,0.61,0.65,0.55,0.65,CM,MID,6
David Pavelka,CM,Czech Republic,0.66,0.59,0.59,0.65,0.65,0.65,0.73,0.6,0.58,0.64,0.64,0.67,0.65,0.75,0.66,0.74,0.65,0.63,0.64,0.66,0.68,0.7,CM,MID,0
Luis Pavia,RM,Bolivia,0.66,0.79,0.52,0.61,0.63,0.28,0.61,0.78,0.8,0.75,0.7,0.6,0.65,0.52,0.85,0.55,0.29,0.23,0.25,0.29,0.39,0.47,RM,MID,4
Joey Pelupessy,CDM,Holland,0.66,0.6,0.54,0.61,0.64,0.64,0.68,0.66,0.55,0.69,0.74,0.65,0.65,0.65,0.72,0.69,0.65,0.63,0.64,0.66,0.61,0.65,CDM,MID,0
Mirnes Pepić,CM,Montenegro,0.66,0.65,0.57,0.64,0.7,0.6,0.68,0.7,0.6,0.82,0.73,0.68,0.65,0.63,0.85,0.61,0.61,0.58,0.61,0.64,0.48,0.62,CM,MID,6
Dani Pereira,CM,Venezuela,0.66,0.8,0.53,0.63,0.72,0.58,0.64,0.82,0.79,0.75,0.77,0.69,0.64,0.56,0.72,0.59,0.59,0.58,0.63,0.59,0.38,0.59,CM,MID,6
Killian Phillips,CM,Republic of Ireland,0.66,0.5,0.58,0.63,0.63,0.62,0.78,0.58,0.44,0.56,0.52,0.67,0.65,0.78,0.85,0.74,0.64,0.62,0.59,0.61,0.66,0.62,CM,MID,0
Adam Phillips,CM,England,0.66,0.73,0.64,0.66,0.66,0.6,0.65,0.75,0.72,0.72,0.68,0.66,0.67,0.64,0.72,0.67,0.61,0.57,0.6,0.62,0.52,0.67,CM,MID,6
Daniel Phillips,CDM,Trinidad and Tobago,0.66,0.76,0.51,0.57,0.62,0.62,0.79,0.78,0.74,0.66,0.75,0.62,0.58,0.8,0.7,0.73,0.66,0.62,0.6,0.68,0.45,0.66,CDM,MID,6
Hugo Picard,LM,France,0.66,0.73,0.62,0.64,0.68,0.54,0.5,0.76,0.71,0.8,0.81,0.68,0.59,0.41,0.63,0.51,0.62,0.6,0.48,0.53,0.47,0.66,LM,MID,6
Lenny Pintor,LM,France,0.66,0.81,0.64,0.58,0.69,0.27,0.56,0.85,0.78,0.8,0.76,0.68,0.49,0.61,0.58,0.75,0.28,0.18,0.24,0.19,0.59,0.67,LM,MID,4
Joe Powell,CM,England,0.66,0.73,0.64,0.66,0.68,0.59,0.66,0.71,0.74,0.75,0.72,0.66,0.65,0.61,0.73,0.66,0.61,0.58,0.59,0.6,0.54,0.65,CM,MID,6
Nick Powell,CAM,England,0.66,0.65,0.67,0.67,0.67,0.53,0.67,0.66,0.65,0.71,0.74,0.67,0.64,0.72,0.62,0.75,0.54,0.49,0.55,0.45,0.68,0.72,CAM,MID,6
Ijiel Protti,RM,Argentina,0.66,0.76,0.62,0.6,0.67,0.24,0.59,0.75,0.77,0.72,0.7,0.65,0.64,0.63,0.64,0.67,0.22,0.21,0.22,0.18,0.53,0.57,RM,MID,4
Diego Ramírez,CAM,Peru,0.66,0.68,0.65,0.66,0.66,0.54,0.54,0.68,0.68,0.65,0.73,0.65,0.6,0.5,0.68,0.53,0.7,0.65,0.33,0.6,0.48,0.65,CAM,MID,6
Damian Rasak,CDM,Poland,0.66,0.7,0.55,0.58,0.63,0.63,0.76,0.72,0.69,0.74,0.71,0.62,0.63,0.74,0.84,0.74,0.63,0.62,0.64,0.63,0.57,0.64,CDM,MID,6
Robin Rasch,CDM,Norway,0.66,0.46,0.6,0.65,0.6,0.61,0.67,0.45,0.47,0.48,0.5,0.65,0.68,0.67,0.7,0.57,0.62,0.6,0.61,0.65,0.54,0.65,CDM,MID,0
Stije Resink,CM,Holland,0.66,0.65,0.53,0.64,0.66,0.59,0.67,0.67,0.63,0.66,0.68,0.69,0.65,0.61,0.82,0.59,0.61,0.54,0.59,0.64,0.48,0.62,CM,MID,6
Taylor Richards,CAM,England,0.66,0.73,0.61,0.63,0.7,0.5,0.66,0.72,0.73,0.74,0.68,0.69,0.6,0.67,0.73,0.6,0.54,0.49,0.49,0.5,0.42,0.65,CAM,MID,6
Florian Rieder,LM,Austria,0.66,0.75,0.53,0.63,0.68,0.49,0.69,0.76,0.75,0.84,0.84,0.65,0.62,0.63,0.84,0.58,0.53,0.48,0.47,0.56,0.31,0.61,LM,MID,6
Søren Rieks,LM,Denmark,0.66,0.61,0.7,0.64,0.68,0.62,0.71,0.59,0.62,0.77,0.63,0.69,0.64,0.72,0.68,0.68,0.62,0.61,0.63,0.64,0.56,0.68,LM,MID,0
Simón Rivero,CM,Argentina,0.66,0.79,0.58,0.63,0.71,0.53,0.62,0.81,0.77,0.76,0.8,0.72,0.58,0.63,0.62,0.63,0.65,0.57,0.48,0.47,0.39,0.62,CM,MID,6
Marcos Riveros,CM,Paraguay,0.66,0.63,0.49,0.64,0.66,0.66,0.69,0.62,0.64,0.66,0.61,0.7,0.68,0.64,0.75,0.65,0.65,0.55,0.71,0.67,0.58,0.62,CM,MID,0
Tiago Dias,RM,Portugal,0.66,0.72,0.58,0.63,0.67,0.53,0.5,0.73,0.71,0.74,0.79,0.67,0.6,0.44,0.68,0.46,0.57,0.56,0.52,0.54,0.41,0.64,RM,MID,6
Memo Rodriguez,LM,United States,0.66,0.63,0.63,0.64,0.67,0.49,0.57,0.64,0.62,0.74,0.78,0.66,0.62,0.51,0.72,0.56,0.41,0.4,0.56,0.53,0.53,0.72,LM,MID,6
Lucas Rodríguez,CDM,Uruguay,0.66,0.65,0.6,0.64,0.63,0.63,0.54,0.65,0.65,0.58,0.7,0.62,0.64,0.36,0.88,0.39,0.67,0.64,0.64,0.65,0.4,0.65,CDM,MID,6
Fabian Rohner,RM,Switzerland,0.66,0.88,0.58,0.55,0.68,0.51,0.54,0.89,0.87,0.83,0.76,0.67,0.61,0.47,0.72,0.55,0.57,0.56,0.5,0.47,0.35,0.6,RM,MID,4
Ole Romeny,RM,Holland,0.66,0.67,0.7,0.58,0.67,0.29,0.66,0.68,0.67,0.64,0.53,0.67,0.65,0.75,0.8,0.63,0.24,0.17,0.29,0.29,0.56,0.78,RM,MID,4
Marcel Rømer,CDM,Denmark,0.66,0.56,0.51,0.6,0.63,0.63,0.77,0.58,0.55,0.64,0.66,0.64,0.61,0.77,0.8,0.67,0.65,0.64,0.63,0.62,0.53,0.65,CDM,MID,0
Romero,LM,Spain,0.66,0.87,0.57,0.6,0.69,0.34,0.42,0.86,0.88,0.82,0.92,0.67,0.55,0.34,0.57,0.47,0.38,0.32,0.28,0.37,0.34,0.58,LM,MID,4
Romario Rösch,LM,Germany,0.66,0.8,0.57,0.58,0.68,0.55,0.63,0.79,0.8,0.74,0.76,0.67,0.63,0.6,0.79,0.65,0.57,0.46,0.57,0.55,0.47,0.61,LM,MID,6
Noah Wail Jacob Sadaoui,LM,Morocco,0.66,0.81,0.65,0.57,0.66,0.31,0.66,0.77,0.85,0.79,0.59,0.65,0.57,0.7,0.67,0.7,0.3,0.33,0.28,0.24,0.5,0.58,LM,MID,4
Richie Sagrado,RM,Belgium,0.66,0.75,0.46,0.56,0.67,0.6,0.66,0.75,0.75,0.7,0.65,0.65,0.64,0.64,0.73,0.7,0.6,0.58,0.59,0.64,0.55,0.4,RM,MID,6
Íñigo Sainz-Maza,CDM,Spain,0.66,0.71,0.36,0.58,0.64,0.63,0.7,0.72,0.7,0.7,0.6,0.66,0.65,0.64,0.83,0.66,0.7,0.67,0.57,0.67,0.5,0.42,CDM,MID,6
Matheus Índio,CDM,Brazil,0.66,0.68,0.41,0.57,0.63,0.63,0.72,0.69,0.68,0.63,0.55,0.67,0.63,0.73,0.71,0.68,0.67,0.65,0.62,0.63,0.52,0.6,CDM,MID,0
Raúl Sánchez,LM,Spain,0.66,0.67,0.66,0.64,0.65,0.55,0.67,0.66,0.68,0.6,0.61,0.67,0.58,0.7,0.66,0.71,0.56,0.5,0.52,0.55,0.63,0.69,LM,MID,0
Luca Sangalli,CM,Spain,0.66,0.71,0.57,0.67,0.7,0.58,0.61,0.71,0.71,0.69,0.82,0.69,0.64,0.64,0.48,0.63,0.62,0.52,0.56,0.63,0.49,0.59,CM,MID,6
Marco Sangalli,RM,Spain,0.66,0.69,0.69,0.66,0.66,0.53,0.61,0.71,0.67,0.73,0.67,0.66,0.61,0.63,0.7,0.62,0.56,0.44,0.53,0.56,0.45,0.73,RM,MID,6
Jordán Santacruz,CDM,Paraguay,0.66,0.69,0.53,0.53,0.56,0.64,0.7,0.69,0.69,0.57,0.71,0.65,0.54,0.65,0.8,0.67,0.64,0.56,0.69,0.65,0.55,0.69,CDM,MID,6
Rodrigo Henrique,CAM,Brazil,0.66,0.78,0.59,0.6,0.71,0.28,0.62,0.76,0.79,0.78,0.72,0.69,0.67,0.65,0.74,0.66,0.26,0.21,0.23,0.34,0.46,0.6,CAM,MID,4
Giannis Satsias,CM,Cyprus,0.66,0.74,0.58,0.59,0.66,0.6,0.65,0.75,0.73,0.7,0.74,0.68,0.67,0.6,0.74,0.69,0.63,0.65,0.55,0.61,0.58,0.6,CM,MID,6
Randy Schneider,CAM,Switzerland,0.66,0.75,0.56,0.63,0.69,0.37,0.54,0.73,0.77,0.71,0.84,0.71,0.56,0.53,0.65,0.57,0.42,0.49,0.32,0.26,0.45,0.57,CAM,MID,4
Kevin Schumacher,LM,Germany,0.66,0.83,0.6,0.58,0.67,0.33,0.7,0.87,0.8,0.68,0.67,0.64,0.6,0.67,0.79,0.77,0.33,0.3,0.29,0.28,0.56,0.71,LM,MID,4
Marco Schuster,CDM,Germany,0.66,0.58,0.53,0.59,0.65,0.62,0.71,0.66,0.51,0.75,0.76,0.65,0.64,0.68,0.8,0.68,0.63,0.62,0.63,0.62,0.58,0.67,CDM,MID,0
Josh Scowen,CDM,England,0.66,0.59,0.54,0.61,0.64,0.64,0.73,0.6,0.58,0.75,0.71,0.63,0.64,0.7,0.8,0.74,0.64,0.63,0.66,0.66,0.57,0.6,CDM,MID,0
Demba Seck,RM,Senegal,0.66,0.75,0.65,0.57,0.73,0.3,0.53,0.74,0.75,0.73,0.58,0.77,0.49,0.58,0.58,0.6,0.34,0.28,0.27,0.21,0.45,0.79,RM,MID,4
Telasco Segovia,CM,Venezuela,0.66,0.66,0.54,0.64,0.67,0.53,0.57,0.69,0.63,0.62,0.65,0.7,0.72,0.51,0.68,0.49,0.59,0.47,0.47,0.61,0.4,0.61,CM,MID,6
Jota,CM,Portugal,0.66,0.65,0.56,0.66,0.7,0.58,0.62,0.66,0.65,0.77,0.75,0.7,0.67,0.55,0.67,0.59,0.57,0.54,0.61,0.57,0.53,0.65,CM,MID,6
Mahamé Siby,CDM,Mali,0.66,0.54,0.5,0.6,0.6,0.63,0.75,0.53,0.54,0.59,0.56,0.63,0.64,0.79,0.74,0.72,0.65,0.63,0.61,0.63,0.63,0.68,CDM,MID,0
Dávid Sigér,CM,Hungary,0.66,0.63,0.57,0.62,0.6,0.63,0.69,0.69,0.58,0.58,0.62,0.64,0.68,0.69,0.65,0.68,0.66,0.68,0.63,0.6,0.55,0.71,CM,MID,0
Sphephelo Sithole,CDM,South Africa,0.66,0.65,0.58,0.6,0.63,0.64,0.75,0.63,0.66,0.56,0.51,0.61,0.68,0.78,0.68,0.77,0.65,0.6,0.63,0.65,0.67,0.67,CDM,MID,0
Simon Skarlatidis,RM,Germany,0.66,0.77,0.6,0.61,0.69,0.3,0.62,0.81,0.73,0.87,0.88,0.67,0.62,0.54,0.81,0.56,0.28,0.21,0.39,0.2,0.35,0.7,RM,MID,4
Korey Smith,CDM,England,0.66,0.58,0.53,0.62,0.65,0.63,0.68,0.53,0.62,0.66,0.72,0.65,0.67,0.67,0.64,0.64,0.64,0.62,0.62,0.64,0.6,0.54,CDM,MID,0
Patrick Sontheimer,CDM,Germany,0.66,0.68,0.5,0.6,0.68,0.6,0.68,0.73,0.64,0.83,0.91,0.68,0.67,0.53,0.91,0.51,0.6,0.61,0.62,0.67,0.34,0.59,CDM,MID,6
Jack Sowerby,CDM,England,0.66,0.56,0.51,0.61,0.68,0.62,0.73,0.58,0.55,0.88,0.85,0.66,0.65,0.77,0.83,0.65,0.64,0.62,0.62,0.64,0.49,0.55,CDM,MID,6
Kevin Spadanuda,LM,Switzerland,0.66,0.7,0.66,0.64,0.67,0.36,0.55,0.71,0.7,0.71,0.71,0.66,0.53,0.57,0.56,0.66,0.35,0.33,0.34,0.3,0.58,0.67,LM,MID,4
Daniel Stensson,CDM,Sweden,0.66,0.49,0.6,0.65,0.63,0.62,0.67,0.46,0.52,0.58,0.75,0.64,0.65,0.63,0.69,0.61,0.63,0.61,0.62,0.64,0.6,0.63,CDM,MID,0
Luka Stojković,CAM,Croatia,0.66,0.72,0.63,0.63,0.69,0.38,0.64,0.71,0.72,0.75,0.63,0.71,0.65,0.61,0.77,0.57,0.41,0.36,0.35,0.39,0.38,0.64,CAM,MID,4
Sebastian Stolze,RM,Germany,0.66,0.78,0.6,0.59,0.67,0.32,0.61,0.81,0.76,0.79,0.76,0.65,0.59,0.6,0.8,0.72,0.29,0.26,0.36,0.22,0.55,0.55,RM,MID,4
Anssi Suhonen,CAM,Finland,0.66,0.56,0.57,0.61,0.73,0.38,0.51,0.66,0.48,0.9,0.86,0.71,0.6,0.48,0.57,0.45,0.39,0.33,0.4,0.34,0.38,0.62,CAM,MID,4
Lukas Sulzbacher,CM,Austria,0.66,0.77,0.51,0.61,0.67,0.61,0.66,0.81,0.74,0.76,0.81,0.67,0.68,0.6,0.81,0.61,0.67,0.63,0.58,0.69,0.38,0.62,CM,MID,6
Mathis Suray,CAM,Belgium,0.66,0.68,0.62,0.65,0.66,0.44,0.58,0.66,0.69,0.64,0.68,0.67,0.61,0.52,0.72,0.62,0.45,0.48,0.39,0.4,0.61,0.6,CAM,MID,6
Tobias Svendsen,LM,Norway,0.66,0.8,0.54,0.59,0.68,0.53,0.7,0.82,0.79,0.8,0.84,0.65,0.6,0.7,0.7,0.65,0.54,0.52,0.56,0.56,0.39,0.56,LM,MID,6
Eddy Sylvestre,CM,France,0.66,0.67,0.62,0.66,0.69,0.59,0.63,0.72,0.62,0.74,0.79,0.67,0.62,0.62,0.71,0.71,0.65,0.56,0.54,0.59,0.61,0.65,CM,MID,6
Henok Teklab,RM,Germany,0.66,0.71,0.61,0.65,0.66,0.41,0.56,0.72,0.7,0.78,0.79,0.63,0.6,0.55,0.59,0.63,0.41,0.4,0.42,0.34,0.54,0.61,RM,MID,4
Casper Terho,RM,Finland,0.66,0.76,0.63,0.61,0.66,0.36,0.56,0.72,0.79,0.67,0.66,0.69,0.61,0.52,0.62,0.52,0.44,0.39,0.27,0.33,0.39,0.64,RM,MID,4
Maximilian Thalhammer,CDM,Germany,0.66,0.43,0.46,0.57,0.61,0.63,0.75,0.46,0.4,0.56,0.54,0.67,0.62,0.78,0.77,0.7,0.67,0.6,0.59,0.64,0.67,0.62,CDM,MID,0
Ryan Thomas,CM,New Zealand,0.66,0.69,0.59,0.68,0.69,0.57,0.61,0.72,0.66,0.72,0.72,0.69,0.68,0.59,0.57,0.56,0.54,0.52,0.6,0.67,0.42,0.66,CM,MID,6
Luke Thomas,RM,England,0.66,0.82,0.55,0.6,0.69,0.37,0.52,0.84,0.81,0.86,0.91,0.64,0.63,0.37,0.67,0.53,0.29,0.22,0.47,0.36,0.46,0.51,RM,MID,4
George Thomason,CM,England,0.66,0.63,0.58,0.62,0.66,0.62,0.66,0.69,0.58,0.69,0.72,0.67,0.65,0.6,0.74,0.59,0.66,0.6,0.64,0.63,0.46,0.6,CM,MID,6
Angus Thurgate,CDM,Australia,0.66,0.66,0.56,0.63,0.67,0.59,0.68,0.65,0.66,0.73,0.71,0.7,0.62,0.69,0.79,0.64,0.63,0.6,0.58,0.6,0.5,0.55,CDM,MID,6
Agustín Toledo,CDM,Argentina,0.66,0.59,0.4,0.58,0.6,0.65,0.6,0.62,0.56,0.56,0.73,0.63,0.64,0.57,0.61,0.59,0.67,0.64,0.66,0.65,0.54,0.59,CDM,MID,2
Mirko Tomianovic,RM,Bolivia,0.66,0.8,0.63,0.6,0.67,0.52,0.7,0.83,0.77,0.8,0.75,0.63,0.58,0.66,0.8,0.65,0.58,0.58,0.5,0.46,0.43,0.63,RM,MID,6
Juan Pablo Torres,LM,Colombia,0.66,0.64,0.49,0.62,0.67,0.53,0.48,0.69,0.6,0.69,0.81,0.7,0.7,0.41,0.62,0.5,0.55,0.5,0.52,0.55,0.53,0.4,LM,MID,6
Edson Tortolero,RM,Venezuela,0.66,0.76,0.66,0.65,0.63,0.36,0.67,0.76,0.76,0.7,0.59,0.59,0.59,0.72,0.62,0.78,0.29,0.29,0.34,0.4,0.6,0.62,RM,MID,4
Anton Tsarenko,CAM,Ukraine,0.66,0.72,0.52,0.61,0.71,0.36,0.5,0.74,0.71,0.78,0.86,0.69,0.63,0.46,0.58,0.5,0.37,0.34,0.33,0.36,0.42,0.54,CAM,MID,4
Calvin Twigt,CM,Holland,0.66,0.64,0.59,0.67,0.66,0.62,0.69,0.52,0.73,0.58,0.61,0.69,0.68,0.66,0.81,0.59,0.64,0.61,0.61,0.66,0.53,0.72,CM,MID,0
Steven Ugarković,CDM,Australia,0.66,0.62,0.58,0.61,0.65,0.61,0.76,0.68,0.57,0.71,0.76,0.64,0.64,0.75,0.85,0.72,0.61,0.6,0.62,0.63,0.57,0.66,CDM,MID,0
Anthony Valencia,RM,Ecuador,0.66,0.84,0.59,0.59,0.73,0.44,0.44,0.87,0.81,0.89,0.83,0.71,0.51,0.33,0.56,0.53,0.47,0.49,0.35,0.47,0.48,0.64,RM,MID,4
Jochem van de Kamp,RM,Holland,0.66,0.76,0.5,0.61,0.67,0.57,0.66,0.75,0.77,0.73,0.55,0.67,0.65,0.58,0.8,0.61,0.62,0.48,0.53,0.63,0.47,0.64,RM,MID,6
Richard van der Venne,CM,Holland,0.66,0.56,0.64,0.66,0.66,0.58,0.69,0.57,0.56,0.72,0.77,0.64,0.7,0.71,0.6,0.64,0.58,0.58,0.56,0.63,0.54,0.65,CM,MID,0
Daniël van Kaam,CDM,Holland,0.66,0.64,0.56,0.65,0.67,0.6,0.62,0.63,0.64,0.7,0.68,0.67,0.66,0.56,0.73,0.55,0.56,0.53,0.66,0.67,0.48,0.64,CDM,MID,6
Robert-Jan Vanwesemael,RM,Belgium,0.66,0.75,0.49,0.6,0.68,0.56,0.56,0.71,0.79,0.73,0.73,0.68,0.64,0.52,0.65,0.57,0.59,0.55,0.53,0.61,0.49,0.51,RM,MID,6
Gonzalo Vega,LM,Uruguay,0.66,0.57,0.68,0.64,0.74,0.51,0.52,0.69,0.48,0.72,0.8,0.76,0.58,0.55,0.58,0.57,0.63,0.39,0.36,0.61,0.47,0.63,LM,MID,6
Bruno Veglio,CM,Uruguay,0.66,0.63,0.57,0.64,0.61,0.67,0.57,0.68,0.59,0.68,0.67,0.65,0.69,0.46,0.77,0.5,0.72,0.64,0.62,0.77,0.47,0.58,CM,MID,6
John Velásquez,CAM,Colombia,0.66,0.7,0.65,0.62,0.67,0.43,0.54,0.67,0.72,0.79,0.77,0.65,0.6,0.55,0.63,0.51,0.41,0.33,0.49,0.44,0.37,0.66,CAM,MID,4
Wilder Viera,CDM,Paraguay,0.66,0.59,0.32,0.56,0.54,0.62,0.71,0.63,0.55,0.58,0.63,0.65,0.55,0.72,0.74,0.66,0.62,0.61,0.66,0.63,0.5,0.41,CDM,MID,2
Villahermosa,CM,Spain,0.66,0.65,0.62,0.66,0.71,0.59,0.59,0.66,0.64,0.76,0.74,0.72,0.61,0.58,0.61,0.6,0.59,0.58,0.61,0.58,0.53,0.64,CM,MID,6
Mateusz Wdowiak,LM,Poland,0.66,0.91,0.57,0.57,0.68,0.42,0.59,0.9,0.91,0.82,0.85,0.66,0.62,0.52,0.71,0.7,0.38,0.32,0.44,0.41,0.55,0.66,LM,MID,4
Magnus Westergaard,CM,Denmark,0.66,0.73,0.56,0.61,0.66,0.6,0.7,0.67,0.77,0.62,0.66,0.7,0.65,0.72,0.73,0.73,0.62,0.58,0.58,0.61,0.61,0.58,CM,MID,6
Ben Woodburn,CAM,Wales,0.66,0.71,0.63,0.63,0.7,0.41,0.52,0.78,0.66,0.8,0.84,0.69,0.62,0.45,0.66,0.5,0.48,0.39,0.35,0.42,0.35,0.68,CAM,MID,4
Callum Wright,CM,England,0.66,0.65,0.61,0.64,0.67,0.57,0.66,0.66,0.65,0.74,0.69,0.68,0.68,0.64,0.77,0.63,0.58,0.54,0.57,0.59,0.51,0.65,CM,MID,6
Ayman Yahya,RM,Saudi Arabia,0.66,0.84,0.6,0.58,0.66,0.32,0.65,0.83,0.84,0.73,0.78,0.63,0.64,0.59,0.7,0.69,0.3,0.21,0.32,0.27,0.54,0.65,RM,MID,4
Malick Yalcouyé,CM,Mali,0.66,0.82,0.55,0.55,0.68,0.61,0.66,0.83,0.82,0.78,0.9,0.66,0.64,0.51,0.92,0.68,0.61,0.59,0.62,0.62,0.58,0.53,CM,MID,6
Patrick Yazbek,CDM,Australia,0.66,0.68,0.54,0.62,0.62,0.62,0.73,0.67,0.69,0.69,0.73,0.63,0.62,0.7,0.81,0.7,0.63,0.61,0.61,0.61,0.6,0.55,CDM,MID,6
Dru Yearwood,CM,England,0.66,0.73,0.54,0.59,0.68,0.64,0.77,0.72,0.74,0.72,0.75,0.67,0.68,0.73,0.83,0.76,0.65,0.62,0.65,0.66,0.6,0.62,CM,MID,6
Erdoğan Yeşilyurt,RM,Turkey,0.66,0.73,0.63,0.6,0.67,0.55,0.69,0.75,0.71,0.75,0.75,0.64,0.56,0.69,0.73,0.69,0.58,0.56,0.53,0.55,0.54,0.73,RM,MID,6
Daisuke Yokota,RM,Japan,0.66,0.73,0.52,0.61,0.71,0.46,0.48,0.77,0.7,0.86,0.84,0.68,0.64,0.34,0.75,0.42,0.45,0.45,0.49,0.53,0.3,0.53,RM,MID,4
Kyohei Yoshino,CDM,Japan,0.66,0.63,0.54,0.53,0.6,0.63,0.74,0.6,0.66,0.57,0.61,0.68,0.62,0.77,0.76,0.71,0.64,0.58,0.63,0.68,0.57,0.51,CDM,MID,0
Wilitty Younoussa,CM,Cameroon,0.66,0.7,0.48,0.59,0.71,0.67,0.56,0.71,0.7,0.88,0.86,0.69,0.67,0.42,0.79,0.58,0.67,0.64,0.69,0.68,0.64,0.66,CM,MID,6
Griffin Yow,RM,United States,0.66,0.65,0.63,0.6,0.69,0.33,0.47,0.62,0.68,0.72,0.63,0.71,0.66,0.44,0.46,0.38,0.28,0.31,0.38,0.35,0.31,0.6,RM,MID,3
Cristian Zabala,CM,Argentina,0.66,0.65,0.53,0.66,0.66,0.59,0.69,0.6,0.69,0.58,0.54,0.7,0.62,0.74,0.69,0.68,0.65,0.57,0.55,0.61,0.55,0.55,CM,MID,0
Maximiliano Zalazar,LM,Argentina,0.66,0.71,0.62,0.59,0.69,0.31,0.49,0.72,0.71,0.62,0.72,0.73,0.52,0.47,0.48,0.57,0.33,0.34,0.28,0.21,0.54,0.74,LM,MID,4
Jan Žambůrek,CM,Czech Republic,0.66,0.65,0.58,0.61,0.67,0.6,0.65,0.66,0.64,0.78,0.81,0.65,0.66,0.63,0.68,0.66,0.62,0.59,0.58,0.63,0.58,0.58,CM,MID,6
Edgar Zaracho,CM,Paraguay,0.66,0.56,0.53,0.68,0.61,0.51,0.61,0.55,0.56,0.61,0.53,0.66,0.6,0.68,0.6,0.63,0.55,0.49,0.4,0.62,0.55,0.55,CM,MID,2
Aaron Zehnter,LM,Germany,0.66,0.75,0.54,0.64,0.64,0.61,0.6,0.76,0.75,0.73,0.7,0.63,0.66,0.55,0.7,0.65,0.62,0.6,0.64,0.58,0.54,0.7,LM,MID,6
Zhang Xizhe,CM,China PR,0.66,0.74,0.6,0.66,0.67,0.48,0.64,0.72,0.75,0.77,0.71,0.7,0.64,0.57,0.82,0.66,0.49,0.39,0.44,0.5,0.58,0.64,CM,MID,6
Lovro Zvonarek,CAM,Croatia,0.66,0.7,0.57,0.65,0.68,0.34,0.53,0.69,0.7,0.73,0.72,0.71,0.55,0.49,0.61,0.48,0.35,0.36,0.31,0.29,0.43,0.6,CAM,MID,4
Paulos Abraham,LM,Sweden,0.65,0.81,0.61,0.56,0.68,0.28,0.57,0.84,0.78,0.82,0.74,0.66,0.62,0.58,0.66,0.69,0.26,0.24,0.28,0.22,0.54,0.67,LM,MID,4
Amir Abrashi,CM,Albania,0.65,0.43,0.51,0.59,0.67,0.59,0.72,0.42,0.44,0.73,0.79,0.67,0.72,0.66,0.8,0.46,0.58,0.68,0.64,0.6,0.38,0.62,CM,MID,0
Michel Ndary Adopo,CM,France,0.65,0.58,0.56,0.62,0.65,0.66,0.63,0.57,0.58,0.6,0.43,0.68,0.68,0.67,0.48,0.66,0.68,0.66,0.64,0.69,0.6,0.7,CM,MID,0
Brandon Aguilera,CAM,Costa Rica,0.65,0.6,0.55,0.63,0.65,0.46,0.49,0.56,0.63,0.6,0.88,0.65,0.66,0.55,0.37,0.46,0.5,0.48,0.38,0.57,0.36,0.47,CAM,MID,3
Erik Ahlstrand,RM,Sweden,0.65,0.77,0.56,0.59,0.65,0.36,0.57,0.75,0.79,0.68,0.66,0.66,0.58,0.57,0.56,0.54,0.36,0.36,0.34,0.43,0.32,0.54,RM,MID,4
David Ajiboye,RM,England,0.65,0.91,0.56,0.55,0.67,0.38,0.68,0.92,0.91,0.92,0.9,0.62,0.56,0.73,0.79,0.75,0.36,0.33,0.4,0.37,0.45,0.57,RM,MID,4
Aksel Aktaş,CAM,Turkey,0.65,0.67,0.59,0.6,0.66,0.44,0.6,0.66,0.68,0.67,0.66,0.68,0.63,0.58,0.65,0.56,0.45,0.47,0.42,0.44,0.46,0.65,CAM,MID,6
Abdulaziz Al Bishi,RM,Saudi Arabia,0.65,0.85,0.57,0.6,0.69,0.28,0.63,0.86,0.85,0.84,0.88,0.65,0.55,0.64,0.64,0.78,0.26,0.31,0.21,0.28,0.47,0.64,RM,MID,4
Ali Al Hassan,CDM,Saudi Arabia,0.65,0.67,0.51,0.6,0.63,0.6,0.69,0.68,0.67,0.63,0.65,0.65,0.59,0.67,0.71,0.65,0.62,0.63,0.56,0.63,0.54,0.51,CDM,MID,6
Mohammed Al Majhad,CDM,Saudi Arabia,0.65,0.67,0.54,0.61,0.63,0.62,0.65,0.7,0.65,0.67,0.69,0.64,0.61,0.69,0.6,0.63,0.66,0.59,0.61,0.64,0.48,0.58,CDM,MID,6
Sumayhan Al Nabit,LM,Saudi Arabia,0.65,0.77,0.59,0.58,0.67,0.3,0.53,0.78,0.77,0.86,0.78,0.62,0.55,0.42,0.73,0.56,0.26,0.23,0.35,0.26,0.42,0.6,LM,MID,4
Abdulrahman Al Obud,RM,Saudi Arabia,0.65,0.88,0.57,0.55,0.67,0.45,0.57,0.89,0.88,0.83,0.73,0.65,0.54,0.58,0.65,0.68,0.38,0.37,0.52,0.47,0.48,0.64,RM,MID,4
Yahia Al Shehri,RM,Saudi Arabia,0.65,0.49,0.6,0.7,0.68,0.33,0.39,0.64,0.37,0.66,0.79,0.69,0.68,0.4,0.31,0.35,0.34,0.31,0.22,0.43,0.46,0.57,RM,MID,3
Amir Al-Ammari,CM,Iraq,0.65,0.68,0.57,0.65,0.65,0.6,0.74,0.66,0.7,0.65,0.67,0.67,0.62,0.73,0.83,0.61,0.58,0.58,0.62,0.71,0.44,0.64,CM,MID,6
Ibrahim Alhassan,CDM,Nigeria,0.65,0.65,0.5,0.61,0.62,0.62,0.73,0.63,0.67,0.6,0.49,0.64,0.64,0.77,0.67,0.77,0.63,0.58,0.61,0.61,0.7,0.58,CDM,MID,0
Kent-Are Antonsen,CM,Norway,0.65,0.76,0.61,0.62,0.65,0.63,0.75,0.77,0.76,0.74,0.79,0.65,0.66,0.74,0.77,0.77,0.65,0.63,0.6,0.66,0.58,0.73,CM,MID,6
Rob Apter,RM,Scotland,0.65,0.89,0.6,0.56,0.67,0.43,0.45,0.9,0.89,0.79,0.79,0.66,0.56,0.34,0.72,0.49,0.43,0.41,0.42,0.46,0.37,0.6,RM,MID,4
Kelvin Arase,RM,Austria,0.65,0.82,0.53,0.55,0.71,0.31,0.47,0.91,0.74,0.89,0.86,0.68,0.6,0.34,0.69,0.5,0.24,0.31,0.31,0.34,0.42,0.54,RM,MID,4
Jefferson Arce,CAM,Ecuador,0.65,0.77,0.66,0.62,0.66,0.42,0.57,0.78,0.76,0.6,0.63,0.63,0.62,0.61,0.54,0.65,0.49,0.4,0.36,0.4,0.45,0.68,CAM,MID,4
Theo Archibald,LM,Scotland,0.65,0.79,0.6,0.61,0.64,0.54,0.67,0.77,0.8,0.77,0.79,0.62,0.58,0.61,0.8,0.64,0.57,0.58,0.53,0.51,0.45,0.63,LM,MID,6
David Atanga,RM,Ghana,0.65,0.88,0.62,0.56,0.65,0.39,0.51,0.89,0.87,0.79,0.79,0.62,0.59,0.37,0.74,0.61,0.38,0.44,0.34,0.38,0.57,0.7,RM,MID,4
Mijaíl Avilés,CM,Venezuela,0.65,0.67,0.63,0.67,0.65,0.64,0.62,0.66,0.68,0.65,0.66,0.67,0.57,0.65,0.61,0.66,0.7,0.65,0.63,0.58,0.55,0.7,CM,MID,6
Ayman Azhil,CM,Germany,0.65,0.67,0.49,0.64,0.68,0.61,0.47,0.68,0.66,0.74,0.8,0.68,0.65,0.34,0.64,0.44,0.6,0.63,0.65,0.62,0.48,0.58,CM,MID,6
Pedro Azogue,CDM,Bolivia,0.65,0.56,0.61,0.6,0.65,0.61,0.67,0.55,0.56,0.62,0.48,0.67,0.63,0.7,0.71,0.58,0.59,0.56,0.65,0.64,0.49,0.7,CDM,MID,0
Adriel Ba Loua,RM,Côte d'Ivoire,0.65,0.91,0.6,0.6,0.67,0.27,0.49,0.9,0.91,0.92,0.86,0.64,0.58,0.39,0.64,0.6,0.25,0.23,0.21,0.29,0.54,0.63,RM,MID,4
Edgar Babayan,LM,Armenia,0.65,0.79,0.58,0.6,0.66,0.42,0.65,0.79,0.79,0.74,0.76,0.66,0.57,0.64,0.65,0.69,0.4,0.38,0.42,0.42,0.5,0.62,LM,MID,4
David Babunski,CM,North Macedonia,0.65,0.66,0.61,0.65,0.67,0.55,0.63,0.63,0.69,0.68,0.71,0.7,0.62,0.68,0.64,0.67,0.57,0.53,0.55,0.52,0.59,0.67,CM,MID,6
Bentley Baxter Bahn,CAM,Germany,0.65,0.71,0.62,0.66,0.67,0.53,0.64,0.75,0.67,0.76,0.79,0.67,0.66,0.56,0.84,0.55,0.53,0.51,0.58,0.53,0.39,0.69,CAM,MID,6
Odin Bailey,CAM,England,0.65,0.82,0.58,0.63,0.66,0.52,0.6,0.81,0.83,0.85,0.79,0.63,0.62,0.57,0.71,0.61,0.55,0.48,0.52,0.53,0.44,0.61,CAM,MID,6
Waleed Bakhashwain,CDM,Saudi Arabia,0.65,0.57,0.43,0.58,0.63,0.62,0.74,0.5,0.63,0.67,0.63,0.64,0.58,0.74,0.75,0.68,0.62,0.62,0.62,0.63,0.61,0.68,CDM,MID,0
Franco Baldassarra,CM,Argentina,0.65,0.67,0.59,0.63,0.65,0.6,0.63,0.68,0.67,0.68,0.73,0.65,0.64,0.59,0.71,0.58,0.63,0.58,0.63,0.6,0.48,0.63,CM,MID,6
Sacha Bansé,CDM,Burkina Faso,0.65,0.75,0.51,0.61,0.66,0.62,0.66,0.77,0.74,0.68,0.77,0.66,0.61,0.61,0.75,0.71,0.63,0.65,0.62,0.63,0.55,0.6,CDM,MID,6
Enzo Bardeli,CAM,France,0.65,0.64,0.59,0.6,0.68,0.47,0.48,0.66,0.62,0.74,0.83,0.71,0.6,0.39,0.78,0.4,0.51,0.46,0.44,0.5,0.42,0.58,CAM,MID,6
Lewis Bate,CM,England,0.65,0.7,0.55,0.65,0.69,0.57,0.5,0.71,0.7,0.81,0.81,0.67,0.64,0.39,0.68,0.44,0.59,0.55,0.57,0.6,0.43,0.56,CM,MID,6
Oliver Batista Meier,CAM,Germany,0.65,0.73,0.63,0.6,0.71,0.31,0.45,0.78,0.68,0.86,0.84,0.7,0.62,0.38,0.7,0.45,0.29,0.27,0.38,0.2,0.37,0.66,CAM,MID,4
Tom Bayliss,CAM,England,0.65,0.72,0.59,0.65,0.66,0.59,0.68,0.75,0.69,0.66,0.65,0.66,0.64,0.66,0.74,0.71,0.62,0.58,0.59,0.56,0.57,0.63,CAM,MID,6
Luca Bazzoli,CDM,Germany,0.65,0.62,0.41,0.51,0.6,0.66,0.74,0.59,0.64,0.58,0.62,0.63,0.66,0.8,0.69,0.75,0.66,0.65,0.67,0.65,0.66,0.56,CDM,MID,0
Tjaš Begić,LM,Slovenia,0.65,0.78,0.54,0.6,0.67,0.29,0.45,0.77,0.78,0.76,0.79,0.65,0.54,0.37,0.66,0.45,0.34,0.31,0.28,0.19,0.39,0.58,LM,MID,4
Reda Belahyane,CDM,France,0.65,0.5,0.46,0.59,0.68,0.66,0.42,0.54,0.47,0.72,0.93,0.68,0.65,0.3,0.45,0.44,0.68,0.67,0.67,0.67,0.58,0.53,CDM,MID,2
Sam Bell,LM,England,0.65,0.79,0.62,0.55,0.67,0.23,0.6,0.82,0.76,0.7,0.75,0.66,0.63,0.59,0.65,0.72,0.22,0.17,0.2,0.12,0.58,0.62,LM,MID,4
Mohammed Ali Bemammer,CDM,Morocco,0.65,0.52,0.39,0.53,0.49,0.63,0.83,0.54,0.5,0.51,0.55,0.57,0.59,0.78,0.89,0.81,0.63,0.65,0.62,0.61,0.65,0.51,CDM,MID,0
Salim Ben Seghir,LM,France,0.65,0.66,0.67,0.61,0.69,0.29,0.32,0.7,0.63,0.67,0.77,0.65,0.71,0.31,0.35,0.46,0.29,0.3,0.22,0.28,0.52,0.73,LM,MID,4
Marcel Benger,CDM,Germany,0.65,0.54,0.49,0.58,0.6,0.63,0.7,0.56,0.52,0.6,0.61,0.63,0.58,0.65,0.82,0.65,0.64,0.61,0.64,0.61,0.6,0.72,CDM,MID,0
Léider Berdugo,CM,Colombia,0.65,0.7,0.52,0.6,0.62,0.58,0.53,0.61,0.77,0.59,0.75,0.65,0.68,0.47,0.65,0.51,0.63,0.53,0.48,0.7,0.5,0.48,CM,MID,2
Vicente Besuijen,CAM,Holland,0.65,0.85,0.59,0.58,0.67,0.19,0.47,0.85,0.85,0.82,0.9,0.65,0.61,0.39,0.71,0.5,0.15,0.18,0.19,0.15,0.42,0.56,CAM,MID,4
Ömer Beyaz,CAM,Turkey,0.65,0.65,0.54,0.64,0.73,0.47,0.38,0.65,0.65,0.83,0.89,0.69,0.6,0.34,0.38,0.43,0.54,0.57,0.47,0.31,0.49,0.57,CAM,MID,3
Merveille Biankadi,CAM,Germany,0.65,0.77,0.59,0.61,0.68,0.55,0.75,0.74,0.8,0.73,0.71,0.65,0.62,0.75,0.84,0.75,0.62,0.55,0.52,0.48,0.55,0.62,CAM,MID,6
Bjarki Steinn Bjarkason,RM,Iceland,0.65,0.63,0.58,0.63,0.67,0.48,0.55,0.62,0.63,0.66,0.77,0.68,0.6,0.55,0.59,0.5,0.5,0.44,0.48,0.49,0.42,0.6,RM,MID,6
Bror Blume,CM,Denmark,0.65,0.7,0.6,0.64,0.68,0.6,0.69,0.74,0.66,0.79,0.8,0.68,0.63,0.67,0.74,0.65,0.63,0.58,0.62,0.58,0.49,0.62,CM,MID,6
Emmanuel Boateng,CM,Ghana,0.65,0.69,0.53,0.67,0.63,0.56,0.64,0.7,0.69,0.73,0.67,0.63,0.61,0.63,0.67,0.69,0.54,0.52,0.54,0.64,0.6,0.54,CM,MID,6
Billy Bodin,CAM,Wales,0.65,0.69,0.64,0.63,0.69,0.46,0.56,0.7,0.69,0.72,0.77,0.68,0.64,0.59,0.64,0.67,0.46,0.34,0.5,0.38,0.62,0.63,CAM,MID,4
Mihai Bordeianu,CDM,Romania,0.65,0.68,0.54,0.6,0.6,0.61,0.72,0.67,0.68,0.64,0.79,0.61,0.6,0.68,0.8,0.58,0.64,0.62,0.61,0.62,0.44,0.69,CDM,MID,6
Tobias Børkeeiet,CDM,Norway,0.65,0.53,0.51,0.58,0.6,0.63,0.74,0.53,0.53,0.58,0.66,0.65,0.6,0.79,0.73,0.69,0.63,0.6,0.65,0.64,0.56,0.6,CDM,MID,0
Dylan Borrero,LM,Colombia,0.65,0.73,0.55,0.55,0.75,0.22,0.58,0.72,0.74,0.73,0.7,0.75,0.53,0.58,0.68,0.57,0.11,0.15,0.15,0.39,0.44,0.62,LM,MID,4
Jesse Bosch,CM,Holland,0.65,0.72,0.51,0.61,0.66,0.61,0.75,0.71,0.72,0.68,0.75,0.65,0.64,0.72,0.85,0.76,0.59,0.58,0.61,0.65,0.6,0.65,CM,MID,6
Jesús Bueno,CDM,Venezuela,0.65,0.58,0.5,0.62,0.6,0.64,0.65,0.55,0.6,0.64,0.7,0.61,0.6,0.71,0.55,0.63,0.68,0.62,0.68,0.6,0.5,0.6,CDM,MID,0
Manu Bueno,CM,Spain,0.65,0.6,0.6,0.58,0.65,0.61,0.57,0.66,0.55,0.59,0.66,0.68,0.62,0.54,0.6,0.57,0.64,0.62,0.58,0.65,0.52,0.52,CM,MID,2
Rasim Bulić,CDM,Germany,0.65,0.46,0.36,0.51,0.54,0.65,0.75,0.46,0.46,0.49,0.34,0.59,0.63,0.8,0.73,0.62,0.68,0.61,0.64,0.64,0.64,0.45,CDM,MID,0
Max Burgess,CAM,Australia,0.65,0.8,0.6,0.62,0.65,0.51,0.73,0.78,0.81,0.67,0.65,0.64,0.61,0.73,0.78,0.73,0.55,0.5,0.48,0.5,0.5,0.63,CAM,MID,6
Matt Butcher,CM,England,0.65,0.56,0.6,0.63,0.62,0.62,0.74,0.6,0.52,0.58,0.5,0.65,0.62,0.73,0.85,0.69,0.61,0.59,0.64,0.61,0.59,0.65,CM,MID,0
Etienne Camara,CDM,France,0.65,0.63,0.45,0.57,0.62,0.64,0.69,0.63,0.63,0.57,0.53,0.67,0.63,0.71,0.66,0.72,0.66,0.62,0.65,0.62,0.63,0.57,CDM,MID,0
Lyall Cameron,CM,Scotland,0.65,0.77,0.62,0.63,0.66,0.59,0.61,0.82,0.73,0.77,0.72,0.65,0.64,0.57,0.72,0.57,0.65,0.61,0.58,0.57,0.48,0.68,CM,MID,6
Josh Campbell,CAM,Scotland,0.65,0.7,0.6,0.62,0.67,0.6,0.73,0.73,0.68,0.71,0.76,0.67,0.67,0.67,0.86,0.68,0.63,0.58,0.61,0.61,0.52,0.66,CAM,MID,6
Leonardo Capezzi,CM,Italy,0.65,0.54,0.61,0.65,0.65,0.58,0.59,0.54,0.54,0.66,0.75,0.66,0.66,0.52,0.63,0.57,0.57,0.52,0.58,0.63,0.6,0.68,CM,MID,0
Àlex Carbonell,CM,Spain,0.65,0.49,0.59,0.63,0.67,0.64,0.67,0.54,0.45,0.73,0.8,0.67,0.63,0.66,0.69,0.62,0.65,0.62,0.65,0.66,0.57,0.62,CM,MID,0
Rudy Cardozo,CM,Bolivia,0.65,0.71,0.62,0.66,0.66,0.54,0.51,0.7,0.72,0.7,0.74,0.66,0.68,0.44,0.77,0.47,0.57,0.55,0.57,0.48,0.46,0.68,CM,MID,6
Sonny Carey,CM,England,0.65,0.63,0.64,0.64,0.65,0.53,0.62,0.59,0.67,0.63,0.62,0.65,0.63,0.64,0.64,0.57,0.55,0.55,0.54,0.53,0.45,0.73,CM,MID,6
Adam Carlén,CDM,Sweden,0.65,0.6,0.43,0.56,0.66,0.6,0.78,0.56,0.64,0.64,0.6,0.67,0.62,0.82,0.81,0.72,0.57,0.52,0.64,0.64,0.58,0.57,CDM,MID,0
Marc Casadó,CDM,Spain,0.65,0.58,0.54,0.62,0.66,0.62,0.53,0.62,0.55,0.63,0.62,0.72,0.64,0.51,0.54,0.6,0.63,0.58,0.61,0.63,0.6,0.56,CDM,MID,2
Aljaž Casar,CM,Slovenia,0.65,0.59,0.54,0.62,0.64,0.61,0.76,0.57,0.6,0.58,0.49,0.68,0.66,0.82,0.76,0.73,0.6,0.58,0.62,0.66,0.58,0.65,CM,MID,0
Víctor Cedrón,CAM,Peru,0.65,0.68,0.61,0.63,0.65,0.41,0.48,0.68,0.68,0.66,0.67,0.65,0.64,0.44,0.65,0.53,0.33,0.37,0.37,0.52,0.56,0.62,CAM,MID,4
Sofyan Chader,LM,France,0.65,0.75,0.61,0.58,0.71,0.22,0.49,0.79,0.71,0.77,0.75,0.7,0.55,0.45,0.57,0.5,0.21,0.24,0.21,0.17,0.35,0.61,LM,MID,4
Ilyas Chaira,RM,Morocco,0.65,0.74,0.61,0.59,0.68,0.4,0.54,0.76,0.73,0.79,0.55,0.69,0.62,0.59,0.51,0.69,0.36,0.39,0.34,0.45,0.57,0.6,RM,MID,4
Wálter Chalá,RM,Ecuador,0.65,0.8,0.64,0.59,0.66,0.37,0.64,0.78,0.81,0.76,0.82,0.63,0.59,0.71,0.55,0.76,0.22,0.19,0.39,0.54,0.57,0.68,RM,MID,4
Maikel Chang,RM,Cuba,0.65,0.69,0.51,0.62,0.64,0.58,0.52,0.67,0.7,0.64,0.65,0.68,0.57,0.63,0.53,0.53,0.66,0.62,0.56,0.57,0.33,0.53,RM,MID,2
Cheng Jin,RM,China PR,0.65,0.73,0.59,0.63,0.64,0.44,0.51,0.73,0.73,0.76,0.79,0.63,0.56,0.4,0.77,0.45,0.53,0.48,0.36,0.42,0.44,0.64,RM,MID,4
Ethan Chislett,CAM,South Africa,0.65,0.74,0.61,0.64,0.65,0.54,0.62,0.7,0.77,0.79,0.78,0.62,0.64,0.56,0.81,0.58,0.57,0.57,0.52,0.52,0.49,0.61,CAM,MID,6
Michał Chrapek,CAM,Poland,0.65,0.53,0.6,0.65,0.68,0.6,0.64,0.52,0.53,0.79,0.75,0.67,0.64,0.63,0.71,0.55,0.62,0.6,0.6,0.64,0.49,0.59,CAM,MID,0
Luca Cigarini,CDM,Italy,0.65,0.35,0.6,0.72,0.64,0.62,0.47,0.36,0.34,0.6,0.8,0.66,0.67,0.44,0.42,0.36,0.56,0.52,0.72,0.69,0.48,0.67,CDM,MID,2
Tolcay Ciğerci,CAM,Turkey,0.65,0.63,0.59,0.65,0.7,0.38,0.6,0.73,0.55,0.76,0.76,0.71,0.59,0.6,0.69,0.63,0.37,0.38,0.37,0.33,0.49,0.56,CAM,MID,4
Alexandru Cîmpanu,RM,Romania,0.65,0.78,0.6,0.59,0.67,0.35,0.59,0.78,0.78,0.9,0.69,0.65,0.62,0.59,0.6,0.63,0.36,0.36,0.3,0.36,0.45,0.69,RM,MID,4
Caden Clark,CAM,United States,0.65,0.78,0.61,0.62,0.68,0.46,0.6,0.8,0.76,0.82,0.76,0.68,0.6,0.58,0.65,0.58,0.51,0.4,0.5,0.4,0.37,0.64,CAM,MID,4
Reece Cole,CM,England,0.65,0.68,0.65,0.66,0.67,0.57,0.68,0.71,0.65,0.76,0.8,0.66,0.63,0.63,0.7,0.66,0.6,0.56,0.57,0.56,0.53,0.72,CM,MID,6
Will Collar,CM,England,0.65,0.66,0.62,0.61,0.65,0.6,0.73,0.64,0.68,0.69,0.69,0.65,0.63,0.72,0.81,0.72,0.6,0.56,0.59,0.61,0.6,0.64,CM,MID,0
Anderson Contreras,CM,Venezuela,0.65,0.62,0.61,0.62,0.65,0.57,0.67,0.61,0.63,0.71,0.67,0.7,0.63,0.67,0.79,0.59,0.55,0.5,0.59,0.65,0.47,0.63,CM,MID,6
Miguel Cornejo,CAM,Peru,0.65,0.65,0.64,0.59,0.66,0.61,0.54,0.65,0.65,0.7,0.7,0.66,0.6,0.55,0.65,0.5,0.63,0.61,0.65,0.65,0.39,0.64,CAM,MID,6
Valentin Costache,RM,Romania,0.65,0.75,0.61,0.58,0.68,0.29,0.62,0.75,0.75,0.76,0.71,0.66,0.61,0.59,0.66,0.65,0.22,0.23,0.3,0.29,0.54,0.68,RM,MID,4
Héctor Cuellar,CM,Bolivia,0.65,0.63,0.6,0.64,0.61,0.56,0.71,0.66,0.6,0.53,0.63,0.61,0.58,0.74,0.72,0.73,0.64,0.5,0.48,0.57,0.61,0.58,CM,MID,0
Brahian Cuello,LM,Argentina,0.65,0.81,0.63,0.61,0.65,0.31,0.62,0.76,0.85,0.73,0.81,0.64,0.48,0.63,0.64,0.65,0.3,0.3,0.3,0.24,0.47,0.67,LM,MID,4
Pedro Moreira,CM,Portugal,0.65,0.35,0.63,0.62,0.62,0.62,0.67,0.36,0.34,0.57,0.6,0.64,0.65,0.69,0.66,0.59,0.64,0.61,0.6,0.65,0.6,0.67,CM,MID,0
Leon Dajaku,RM,Germany,0.65,0.76,0.6,0.6,0.66,0.21,0.63,0.74,0.77,0.76,0.71,0.65,0.62,0.63,0.67,0.7,0.16,0.21,0.2,0.14,0.57,0.62,RM,MID,4
Bence Dárdai,CAM,Germany,0.65,0.65,0.54,0.64,0.67,0.24,0.47,0.63,0.67,0.71,0.69,0.68,0.65,0.46,0.58,0.51,0.22,0.2,0.2,0.23,0.51,0.48,CAM,MID,4
Francesco De Rose,CDM,Italy,0.65,0.7,0.49,0.6,0.64,0.61,0.71,0.74,0.66,0.8,0.87,0.63,0.68,0.65,0.79,0.71,0.61,0.59,0.63,0.61,0.58,0.61,CDM,MID,6
Nils De Wilde,CDM,Belgium,0.65,0.7,0.54,0.59,0.66,0.6,0.64,0.69,0.71,0.65,0.62,0.71,0.65,0.62,0.7,0.68,0.63,0.52,0.53,0.69,0.6,0.55,CDM,MID,6
Duccio Degli Innocenti,CDM,Italy,0.65,0.71,0.51,0.64,0.65,0.61,0.67,0.69,0.72,0.67,0.68,0.66,0.65,0.67,0.67,0.68,0.63,0.63,0.6,0.59,0.56,0.6,CDM,MID,6
Yohan Demoncy,CM,France,0.65,0.63,0.48,0.64,0.65,0.6,0.75,0.65,0.62,0.68,0.7,0.65,0.64,0.7,0.86,0.7,0.61,0.64,0.58,0.6,0.61,0.61,CM,MID,0
Kyle Dempsey,CM,England,0.65,0.72,0.6,0.63,0.65,0.6,0.7,0.74,0.7,0.69,0.73,0.65,0.63,0.62,0.84,0.74,0.62,0.59,0.6,0.62,0.51,0.62,CM,MID,6
Đorđe Denić,CM,Serbia,0.65,0.71,0.6,0.63,0.64,0.61,0.69,0.72,0.71,0.63,0.67,0.65,0.64,0.66,0.76,0.64,0.62,0.59,0.62,0.65,0.48,0.64,CM,MID,6
Alfie Devine,CAM,England,0.65,0.66,0.59,0.63,0.65,0.52,0.57,0.65,0.67,0.69,0.68,0.66,0.62,0.55,0.56,0.62,0.54,0.6,0.45,0.52,0.59,0.65,CAM,MID,6
Yadaly Diaby,LM,Guinea,0.65,0.81,0.59,0.6,0.68,0.32,0.58,0.8,0.82,0.79,0.57,0.68,0.56,0.59,0.48,0.64,0.35,0.31,0.32,0.21,0.46,0.62,LM,MID,4
Mamady Diambou,CDM,Mali,0.65,0.74,0.52,0.59,0.66,0.6,0.65,0.78,0.71,0.81,0.79,0.69,0.55,0.54,0.77,0.66,0.65,0.63,0.58,0.58,0.56,0.68,CDM,MID,6
Justin Diehl,LM,Germany,0.65,0.81,0.66,0.55,0.7,0.22,0.45,0.79,0.82,0.8,0.76,0.7,0.61,0.39,0.6,0.58,0.17,0.2,0.18,0.19,0.57,0.68,LM,MID,4
Lewis Dobbin,LM,England,0.65,0.79,0.62,0.57,0.68,0.41,0.52,0.78,0.8,0.76,0.74,0.65,0.62,0.53,0.61,0.63,0.44,0.4,0.4,0.3,0.53,0.64,LM,MID,4
Christos Donis,CDM,Greece,0.65,0.69,0.63,0.64,0.66,0.6,0.71,0.69,0.69,0.69,0.59,0.66,0.65,0.71,0.74,0.68,0.6,0.61,0.61,0.6,0.53,0.7,CDM,MID,6
Daniel Dos Santos,CAM,Switzerland,0.65,0.65,0.58,0.65,0.65,0.39,0.5,0.64,0.65,0.62,0.73,0.67,0.65,0.47,0.63,0.45,0.48,0.49,0.39,0.21,0.41,0.56,CAM,MID,3
Anderson,RM,Brazil,0.65,0.77,0.55,0.56,0.67,0.62,0.76,0.75,0.78,0.76,0.7,0.67,0.64,0.76,0.82,0.79,0.61,0.59,0.61,0.67,0.6,0.66,RM,MID,6
Manuel Duarte,CM,Argentina,0.65,0.72,0.64,0.65,0.67,0.46,0.57,0.73,0.72,0.76,0.71,0.65,0.59,0.52,0.66,0.56,0.56,0.55,0.25,0.57,0.45,0.65,CM,MID,6
Edoardo Duca,CAM,Italy,0.65,0.66,0.61,0.65,0.67,0.58,0.6,0.6,0.71,0.66,0.76,0.68,0.7,0.53,0.75,0.54,0.59,0.57,0.59,0.6,0.51,0.65,CAM,MID,6
Michael Duffy,LM,Republic of Ireland,0.65,0.78,0.6,0.61,0.67,0.39,0.54,0.78,0.78,0.77,0.74,0.64,0.61,0.55,0.61,0.65,0.42,0.39,0.31,0.4,0.52,0.61,LM,MID,4
Daniel Edelman,CDM,United States,0.65,0.7,0.39,0.56,0.56,0.66,0.67,0.67,0.72,0.71,0.67,0.57,0.63,0.59,0.73,0.68,0.66,0.64,0.65,0.65,0.68,0.45,CDM,MID,2
Malcom Edjouma,CM,Morocco,0.65,0.64,0.62,0.61,0.63,0.66,0.84,0.65,0.64,0.6,0.76,0.62,0.66,0.92,0.79,0.83,0.67,0.6,0.64,0.69,0.67,0.69,CM,MID,0
Anouar El Azzouzi,CDM,Morocco,0.65,0.57,0.43,0.55,0.63,0.6,0.71,0.59,0.56,0.6,0.45,0.66,0.61,0.71,0.72,0.71,0.6,0.64,0.55,0.63,0.66,0.65,CDM,MID,0
Agon Elezi,CDM,North Macedonia,0.65,0.67,0.56,0.62,0.61,0.64,0.57,0.68,0.66,0.68,0.63,0.6,0.63,0.48,0.67,0.6,0.67,0.68,0.61,0.62,0.62,0.65,CDM,MID,6
Mikael Egill Ellertsson,CM,Iceland,0.65,0.69,0.68,0.64,0.7,0.61,0.54,0.74,0.64,0.73,0.68,0.71,0.59,0.61,0.39,0.66,0.7,0.62,0.57,0.57,0.53,0.71,CM,MID,6
Mads Enggård,CM,Denmark,0.65,0.65,0.56,0.6,0.67,0.6,0.58,0.66,0.65,0.72,0.7,0.68,0.64,0.54,0.64,0.5,0.62,0.6,0.6,0.63,0.44,0.58,CM,MID,6
George Evans,CDM,England,0.65,0.61,0.6,0.62,0.61,0.64,0.69,0.59,0.63,0.62,0.62,0.64,0.64,0.72,0.63,0.71,0.65,0.63,0.63,0.65,0.62,0.68,CDM,MID,0
Neil Farrugia,RM,Republic of Ireland,0.65,0.84,0.54,0.57,0.63,0.55,0.66,0.83,0.84,0.64,0.62,0.63,0.59,0.63,0.81,0.72,0.56,0.54,0.55,0.55,0.53,0.58,RM,MID,6
Gianlucca Fatecha,CAM,Paraguay,0.65,0.72,0.63,0.6,0.64,0.48,0.56,0.75,0.69,0.68,0.72,0.61,0.64,0.53,0.72,0.54,0.55,0.43,0.34,0.61,0.44,0.6,CAM,MID,6
Betim Fazliji,CDM,Kosovo,0.65,0.68,0.41,0.56,0.59,0.64,0.73,0.59,0.76,0.58,0.6,0.6,0.58,0.74,0.7,0.71,0.65,0.66,0.65,0.63,0.6,0.53,CDM,MID,2
Gino Fechner,CDM,Germany,0.65,0.74,0.4,0.55,0.57,0.64,0.75,0.71,0.77,0.64,0.58,0.63,0.58,0.77,0.75,0.79,0.65,0.63,0.65,0.61,0.62,0.49,CDM,MID,0
Feng Jin,RM,China PR,0.65,0.81,0.55,0.58,0.65,0.5,0.71,0.85,0.78,0.77,0.8,0.59,0.6,0.69,0.8,0.74,0.48,0.5,0.52,0.51,0.51,0.61,RM,MID,6
Rodrigo Fernández,CM,Uruguay,0.65,0.42,0.59,0.66,0.61,0.6,0.7,0.52,0.34,0.68,0.64,0.6,0.7,0.71,0.72,0.64,0.59,0.6,0.55,0.69,0.55,0.67,CM,MID,0
Luis Fernández,CAM,Spain,0.65,0.69,0.67,0.57,0.67,0.3,0.6,0.67,0.7,0.75,0.72,0.72,0.59,0.67,0.65,0.64,0.17,0.33,0.4,0.21,0.52,0.74,CAM,MID,4
Ethan Finlay,RM,United States,0.65,0.73,0.62,0.61,0.65,0.42,0.6,0.74,0.73,0.68,0.69,0.64,0.62,0.59,0.64,0.68,0.37,0.23,0.48,0.42,0.58,0.66,RM,MID,4
Tyrese Fornah,CM,Sierra Leone,0.65,0.62,0.58,0.62,0.67,0.62,0.72,0.59,0.65,0.67,0.7,0.66,0.63,0.67,0.82,0.64,0.65,0.64,0.62,0.62,0.55,0.69,CM,MID,0
Omari Forson,RM,England,0.65,0.72,0.6,0.63,0.68,0.31,0.51,0.74,0.7,0.78,0.65,0.68,0.55,0.52,0.57,0.51,0.34,0.24,0.29,0.31,0.35,0.72,RM,MID,4
Ludvig Fritzson,CM,Sweden,0.65,0.72,0.62,0.61,0.65,0.61,0.76,0.73,0.72,0.76,0.69,0.66,0.67,0.75,0.87,0.8,0.62,0.61,0.59,0.61,0.68,0.62,CM,MID,6
Borja Galán,LM,Spain,0.65,0.61,0.65,0.62,0.64,0.33,0.62,0.59,0.62,0.58,0.68,0.65,0.66,0.64,0.67,0.64,0.16,0.13,0.56,0.21,0.59,0.7,LM,MID,4
Sebastián Galani,CDM,Chile,0.65,0.68,0.46,0.6,0.6,0.61,0.64,0.62,0.72,0.55,0.7,0.66,0.63,0.6,0.74,0.57,0.59,0.63,0.64,0.63,0.47,0.52,CDM,MID,2
Nicolas Galazzi,CAM,Italy,0.65,0.71,0.66,0.64,0.66,0.42,0.57,0.74,0.69,0.68,0.67,0.64,0.65,0.63,0.49,0.69,0.39,0.36,0.42,0.45,0.55,0.7,CAM,MID,4
Gao Tianyi,CM,China PR,0.65,0.72,0.49,0.66,0.67,0.56,0.71,0.7,0.74,0.79,0.66,0.68,0.63,0.76,0.74,0.63,0.6,0.54,0.58,0.57,0.41,0.56,CM,MID,6
Gonzalo,LM,Spain,0.65,0.66,0.59,0.6,0.67,0.44,0.6,0.67,0.66,0.64,0.63,0.66,0.62,0.61,0.59,0.62,0.4,0.5,0.42,0.44,0.51,0.6,LM,MID,2
Jake Garrett,CDM,England,0.65,0.65,0.53,0.6,0.63,0.61,0.67,0.69,0.62,0.73,0.77,0.62,0.63,0.61,0.68,0.62,0.64,0.65,0.61,0.62,0.5,0.54,CDM,MID,6
Ben Garrity,CM,England,0.65,0.79,0.61,0.6,0.64,0.62,0.74,0.8,0.78,0.69,0.74,0.65,0.65,0.71,0.91,0.88,0.63,0.59,0.62,0.65,0.6,0.63,CM,MID,6
Djeidi Gassama,LM,France,0.65,0.8,0.6,0.55,0.71,0.26,0.61,0.82,0.78,0.78,0.82,0.66,0.62,0.66,0.61,0.75,0.26,0.24,0.23,0.18,0.55,0.57,LM,MID,4
Dieudonné Gaucho Debohi,CDM,Côte d'Ivoire,0.65,0.61,0.57,0.61,0.61,0.66,0.69,0.66,0.57,0.51,0.53,0.63,0.62,0.74,0.6,0.75,0.68,0.65,0.64,0.64,0.68,0.6,CDM,MID,0
Valentin Gheorghe,LM,Romania,0.65,0.82,0.62,0.59,0.67,0.44,0.64,0.84,0.81,0.84,0.81,0.64,0.57,0.61,0.76,0.71,0.41,0.42,0.43,0.45,0.51,0.7,LM,MID,4
Andrea Ghion,CM,Italy,0.65,0.61,0.46,0.66,0.67,0.63,0.63,0.63,0.6,0.63,0.78,0.69,0.63,0.61,0.65,0.64,0.66,0.65,0.61,0.66,0.55,0.58,CM,MID,6
Alex Gilbey,CAM,England,0.65,0.78,0.63,0.61,0.65,0.58,0.8,0.75,0.8,0.67,0.71,0.65,0.65,0.79,0.91,0.81,0.61,0.58,0.53,0.58,0.63,0.7,CAM,MID,6
Gvidas Gineitis,CM,Lithuania,0.65,0.57,0.58,0.66,0.66,0.52,0.64,0.56,0.58,0.51,0.56,0.73,0.6,0.64,0.67,0.65,0.53,0.57,0.47,0.5,0.62,0.71,CM,MID,0
Robert Gojani,CM,Sweden,0.65,0.63,0.46,0.65,0.68,0.5,0.66,0.72,0.56,0.85,0.82,0.66,0.67,0.61,0.84,0.58,0.43,0.43,0.6,0.55,0.42,0.53,CM,MID,6
Maximiliano González,CDM,Argentina,0.65,0.56,0.52,0.57,0.62,0.63,0.7,0.61,0.51,0.59,0.66,0.63,0.57,0.72,0.7,0.66,0.65,0.66,0.63,0.62,0.52,0.52,CDM,MID,0
Alfon,RM,Spain,0.65,0.76,0.64,0.59,0.67,0.32,0.55,0.74,0.77,0.7,0.79,0.64,0.6,0.56,0.53,0.67,0.19,0.15,0.41,0.32,0.58,0.56,RM,MID,4
Jacobo,RM,Spain,0.65,0.76,0.65,0.62,0.69,0.33,0.48,0.8,0.73,0.82,0.72,0.68,0.52,0.46,0.56,0.52,0.29,0.32,0.35,0.31,0.42,0.66,RM,MID,4
Patrick Greil,CAM,Austria,0.65,0.68,0.62,0.65,0.65,0.51,0.63,0.69,0.68,0.71,0.61,0.67,0.61,0.62,0.76,0.64,0.54,0.49,0.42,0.59,0.54,0.63,CAM,MID,6
Gökhan Gül,CDM,Turkey,0.65,0.61,0.29,0.53,0.6,0.65,0.68,0.65,0.57,0.69,0.7,0.59,0.65,0.66,0.71,0.67,0.65,0.62,0.65,0.69,0.58,0.39,CDM,MID,2
Muhammed Gümüşkaya,LM,Turkey,0.65,0.72,0.61,0.64,0.66,0.53,0.58,0.72,0.72,0.75,0.71,0.66,0.61,0.52,0.69,0.56,0.56,0.51,0.54,0.53,0.45,0.7,LM,MID,6
Gabriel Hachen,CM,Argentina,0.65,0.69,0.63,0.63,0.71,0.59,0.47,0.69,0.69,0.77,0.83,0.7,0.62,0.39,0.52,0.55,0.62,0.55,0.56,0.57,0.63,0.67,CM,MID,6
Besar Halimi,CAM,Kosovo,0.65,0.61,0.62,0.63,0.69,0.53,0.53,0.74,0.5,0.84,0.9,0.66,0.61,0.41,0.67,0.43,0.56,0.48,0.54,0.59,0.34,0.62,CAM,MID,6
George Hall,CAM,England,0.65,0.82,0.58,0.63,0.67,0.61,0.65,0.81,0.83,0.78,0.8,0.64,0.65,0.61,0.68,0.71,0.63,0.6,0.62,0.61,0.54,0.59,CAM,MID,6
Melker Hallberg,CM,Sweden,0.65,0.65,0.64,0.66,0.66,0.61,0.68,0.67,0.64,0.7,0.71,0.66,0.65,0.65,0.73,0.63,0.63,0.61,0.6,0.64,0.52,0.75,CM,MID,6
Andy Halliday,CM,Scotland,0.65,0.58,0.61,0.64,0.65,0.64,0.71,0.62,0.55,0.71,0.78,0.66,0.58,0.64,0.78,0.59,0.68,0.64,0.66,0.62,0.49,0.6,CM,MID,6
Ethan Hamilton,CM,Scotland,0.65,0.6,0.64,0.63,0.65,0.6,0.78,0.65,0.56,0.63,0.59,0.66,0.63,0.76,0.83,0.75,0.63,0.59,0.61,0.55,0.62,0.74,CM,MID,0
Mansour Hamzi,CM,Saudi Arabia,0.65,0.81,0.62,0.59,0.67,0.49,0.65,0.83,0.79,0.8,0.69,0.65,0.69,0.58,0.78,0.77,0.58,0.47,0.34,0.58,0.51,0.6,CM,MID,6
Sergiu Hanca,RM,Romania,0.65,0.77,0.61,0.64,0.66,0.59,0.68,0.77,0.77,0.85,0.85,0.63,0.59,0.68,0.68,0.76,0.6,0.6,0.57,0.58,0.61,0.68,RM,MID,6
Simon Handle,LM,Germany,0.65,0.83,0.58,0.56,0.69,0.55,0.6,0.86,0.81,0.9,0.87,0.64,0.6,0.51,0.81,0.63,0.57,0.56,0.55,0.54,0.48,0.61,LM,MID,6
Ian Harkes,CM,United States,0.65,0.66,0.61,0.62,0.64,0.6,0.72,0.67,0.66,0.64,0.71,0.65,0.61,0.68,0.88,0.65,0.63,0.6,0.59,0.59,0.53,0.69,CM,MID,6
Luke Harris,CAM,Wales,0.65,0.66,0.63,0.63,0.68,0.43,0.58,0.69,0.64,0.75,0.8,0.66,0.63,0.56,0.63,0.56,0.38,0.36,0.47,0.45,0.45,0.63,CAM,MID,4
He Chao,CDM,China PR,0.65,0.74,0.55,0.62,0.62,0.62,0.76,0.78,0.71,0.81,0.77,0.58,0.66,0.72,0.85,0.8,0.61,0.52,0.65,0.63,0.65,0.63,CDM,MID,6
Anton Heinz,LM,Germany,0.65,0.71,0.64,0.65,0.62,0.51,0.66,0.69,0.73,0.71,0.69,0.61,0.69,0.69,0.67,0.68,0.49,0.47,0.5,0.57,0.55,0.63,LM,MID,6
Thiago Helguera,CDM,Uruguay,0.65,0.71,0.44,0.57,0.63,0.6,0.64,0.72,0.71,0.62,0.75,0.65,0.62,0.62,0.69,0.58,0.65,0.58,0.6,0.62,0.4,0.5,CDM,MID,6
Lennard Hens,CAM,Belgium,0.65,0.58,0.62,0.65,0.63,0.57,0.5,0.48,0.67,0.49,0.67,0.69,0.55,0.45,0.41,0.48,0.56,0.52,0.58,0.59,0.55,0.6,CAM,MID,2
Robert Hernández,LM,Venezuela,0.65,0.71,0.64,0.6,0.67,0.41,0.64,0.73,0.7,0.66,0.83,0.66,0.58,0.66,0.72,0.59,0.43,0.38,0.39,0.42,0.39,0.66,LM,MID,4
Javi Hernández,RM,Spain,0.65,0.74,0.61,0.63,0.66,0.37,0.48,0.75,0.73,0.76,0.75,0.65,0.6,0.44,0.53,0.51,0.4,0.31,0.33,0.36,0.48,0.61,RM,MID,4
Rodrigo Herrera,CDM,Argentina,0.65,0.58,0.5,0.6,0.6,0.63,0.69,0.63,0.54,0.71,0.7,0.6,0.63,0.74,0.55,0.7,0.65,0.6,0.62,0.65,0.56,0.64,CDM,MID,0
Borja Herrera,CAM,Spain,0.65,0.67,0.62,0.64,0.67,0.61,0.58,0.66,0.68,0.7,0.61,0.67,0.58,0.54,0.68,0.63,0.61,0.62,0.59,0.62,0.63,0.64,CAM,MID,6
Luca Herrmann,CM,Germany,0.65,0.68,0.54,0.69,0.69,0.53,0.67,0.72,0.65,0.84,0.83,0.67,0.62,0.62,0.76,0.63,0.54,0.52,0.54,0.51,0.49,0.68,CM,MID,6
Koki Hinokio,CAM,Japan,0.65,0.81,0.59,0.61,0.68,0.38,0.46,0.79,0.82,0.81,0.92,0.65,0.66,0.33,0.8,0.44,0.28,0.31,0.44,0.45,0.38,0.63,CAM,MID,4
Yu Hirakawa,RM,Japan,0.65,0.82,0.55,0.6,0.67,0.32,0.46,0.85,0.79,0.8,0.83,0.62,0.62,0.41,0.63,0.5,0.35,0.33,0.3,0.24,0.41,0.58,RM,MID,4
Diego Hoyos,CM,Bolivia,0.65,0.66,0.62,0.63,0.64,0.61,0.6,0.66,0.66,0.7,0.7,0.61,0.68,0.61,0.7,0.55,0.68,0.61,0.59,0.61,0.44,0.59,CM,MID,6
Dean Huiberts,CM,Holland,0.65,0.72,0.49,0.62,0.71,0.6,0.68,0.73,0.72,0.75,0.68,0.69,0.67,0.67,0.72,0.71,0.61,0.63,0.56,0.62,0.59,0.62,CM,MID,6
Rommell Ibarra,CDM,Venezuela,0.65,0.7,0.55,0.61,0.63,0.63,0.63,0.7,0.7,0.7,0.72,0.62,0.63,0.6,0.68,0.59,0.66,0.64,0.65,0.64,0.45,0.57,CDM,MID,6
Merwan Ifnaoui,CAM,France,0.65,0.69,0.54,0.65,0.68,0.36,0.47,0.73,0.66,0.76,0.75,0.68,0.63,0.43,0.52,0.5,0.42,0.31,0.3,0.32,0.47,0.55,CAM,MID,4
Christopher Ikonomidis,RM,Australia,0.65,0.79,0.62,0.61,0.64,0.51,0.7,0.79,0.79,0.81,0.69,0.62,0.59,0.75,0.71,0.75,0.49,0.52,0.52,0.49,0.53,0.67,RM,MID,6
Mikael Norø Ingebrigtsen,RM,Norway,0.65,0.8,0.64,0.57,0.67,0.42,0.59,0.82,0.78,0.89,0.85,0.65,0.6,0.56,0.73,0.61,0.43,0.41,0.4,0.43,0.44,0.66,RM,MID,4
Daleho Irandust,CAM,Syria,0.65,0.68,0.58,0.63,0.68,0.41,0.64,0.66,0.7,0.74,0.76,0.68,0.65,0.69,0.72,0.56,0.44,0.39,0.4,0.41,0.39,0.57,CAM,MID,4
Masatoshi Ishida,CM,Japan,0.65,0.76,0.65,0.63,0.67,0.43,0.67,0.75,0.77,0.79,0.73,0.65,0.6,0.6,0.88,0.66,0.38,0.26,0.43,0.56,0.52,0.68,CM,MID,4
Bjarke Jacobsen,CDM,Denmark,0.65,0.47,0.54,0.58,0.6,0.63,0.78,0.54,0.41,0.5,0.58,0.62,0.56,0.84,0.73,0.75,0.65,0.6,0.61,0.62,0.64,0.65,CDM,MID,0
Jocelyn Janneh,CDM,Sierra Leone,0.65,0.68,0.46,0.55,0.61,0.65,0.67,0.69,0.67,0.64,0.69,0.64,0.63,0.66,0.7,0.71,0.68,0.67,0.64,0.61,0.65,0.58,CDM,MID,0
Juanpe,CM,Spain,0.65,0.71,0.62,0.66,0.64,0.59,0.72,0.68,0.74,0.61,0.63,0.68,0.47,0.71,0.82,0.68,0.6,0.53,0.63,0.55,0.53,0.64,CM,MID,6
Musa Juwara,RM,Gambia,0.65,0.83,0.61,0.54,0.69,0.28,0.52,0.81,0.84,0.76,0.81,0.66,0.61,0.47,0.54,0.61,0.25,0.22,0.25,0.28,0.52,0.61,RM,MID,4
Jakub Kałuziński,CDM,Poland,0.65,0.65,0.55,0.64,0.65,0.58,0.61,0.63,0.67,0.79,0.83,0.67,0.66,0.58,0.71,0.56,0.58,0.54,0.58,0.64,0.49,0.55,CDM,MID,6
Benjamin Kanuric,LM,Austria,0.65,0.59,0.53,0.66,0.65,0.57,0.74,0.64,0.55,0.67,0.69,0.69,0.64,0.76,0.72,0.69,0.58,0.56,0.56,0.57,0.53,0.64,LM,MID,0
Rifet Kapić,CM,Bosnia and Herzegovina,0.65,0.65,0.51,0.66,0.63,0.57,0.6,0.64,0.65,0.75,0.67,0.7,0.64,0.57,0.66,0.59,0.61,0.53,0.53,0.62,0.52,0.46,CM,MID,6
Davis Keillor-Dunn,CAM,England,0.65,0.78,0.64,0.58,0.69,0.39,0.65,0.8,0.77,0.85,0.86,0.67,0.64,0.62,0.85,0.81,0.34,0.31,0.34,0.48,0.57,0.67,CAM,MID,1
Manuel Keliano,CDM,Angola,0.65,0.55,0.44,0.53,0.56,0.64,0.69,0.56,0.55,0.5,0.56,0.64,0.65,0.65,0.73,0.65,0.67,0.69,0.61,0.64,0.6,0.65,CDM,MID,0
Aaron Keller,LM,Switzerland,0.65,0.68,0.55,0.61,0.66,0.34,0.62,0.64,0.72,0.68,0.63,0.71,0.59,0.61,0.74,0.61,0.32,0.28,0.29,0.37,0.52,0.61,LM,MID,4
Nohan Kenneh,CDM,Liberia,0.65,0.53,0.51,0.59,0.6,0.62,0.71,0.54,0.52,0.56,0.54,0.63,0.64,0.7,0.78,0.63,0.64,0.63,0.63,0.62,0.56,0.58,CDM,MID,0
Roman Kerschbaum,CDM,Austria,0.65,0.63,0.64,0.64,0.64,0.63,0.71,0.6,0.66,0.65,0.7,0.64,0.61,0.7,0.78,0.69,0.62,0.58,0.63,0.64,0.64,0.67,CDM,MID,0
Gavin Kilkenny,CM,Republic of Ireland,0.65,0.6,0.53,0.64,0.67,0.6,0.55,0.64,0.57,0.81,0.86,0.66,0.63,0.46,0.69,0.44,0.62,0.6,0.63,0.63,0.41,0.58,CM,MID,6
Gustavo Klismahn,CM,Brazil,0.65,0.66,0.66,0.65,0.62,0.63,0.71,0.67,0.65,0.6,0.63,0.64,0.59,0.74,0.7,0.74,0.67,0.66,0.61,0.58,0.62,0.75,CM,MID,0
Tobias Klysner,RM,Denmark,0.65,0.81,0.56,0.57,0.67,0.49,0.71,0.85,0.78,0.75,0.78,0.65,0.61,0.68,0.74,0.7,0.52,0.52,0.48,0.48,0.45,0.64,RM,MID,6
Karol Knap,CM,Poland,0.65,0.63,0.57,0.63,0.63,0.61,0.73,0.63,0.63,0.55,0.71,0.65,0.62,0.76,0.76,0.68,0.64,0.61,0.6,0.62,0.51,0.58,CM,MID,0
Amadou Koné,CDM,Côte d'Ivoire,0.65,0.61,0.53,0.6,0.61,0.61,0.66,0.6,0.62,0.58,0.61,0.63,0.65,0.7,0.59,0.66,0.66,0.56,0.59,0.63,0.55,0.6,CDM,MID,0
Soichiro Kozuki,RM,Japan,0.65,0.76,0.52,0.6,0.7,0.43,0.51,0.8,0.72,0.8,0.71,0.68,0.55,0.46,0.63,0.53,0.45,0.39,0.45,0.41,0.43,0.53,RM,MID,4
Maurice Krattenmacher,CAM,Germany,0.65,0.74,0.63,0.58,0.67,0.46,0.58,0.78,0.71,0.79,0.81,0.65,0.62,0.59,0.72,0.6,0.45,0.43,0.49,0.47,0.43,0.62,CAM,MID,4
Kevin Martin Krygård,CDM,Norway,0.65,0.61,0.56,0.6,0.63,0.63,0.75,0.62,0.61,0.72,0.71,0.63,0.63,0.76,0.82,0.74,0.63,0.59,0.64,0.64,0.62,0.58,CDM,MID,0
Rémy Labeau Lascary,RM,France,0.65,0.72,0.65,0.57,0.64,0.27,0.57,0.72,0.72,0.57,0.6,0.65,0.65,0.62,0.59,0.71,0.23,0.23,0.25,0.2,0.6,0.64,RM,MID,4
André Ricardo,CAM,Portugal,0.65,0.7,0.51,0.66,0.65,0.34,0.54,0.69,0.7,0.64,0.69,0.66,0.62,0.53,0.59,0.55,0.31,0.28,0.34,0.36,0.49,0.58,CAM,MID,4
Ariel Lassiter,LM,Costa Rica,0.65,0.81,0.63,0.57,0.65,0.38,0.57,0.81,0.81,0.74,0.69,0.63,0.6,0.59,0.74,0.71,0.45,0.27,0.34,0.3,0.56,0.71,LM,MID,4
Frederik Lauenborg,CM,Denmark,0.65,0.6,0.54,0.64,0.66,0.65,0.72,0.62,0.58,0.7,0.71,0.67,0.68,0.76,0.66,0.72,0.66,0.65,0.65,0.66,0.59,0.63,CM,MID,0
Bosun Lawal,CM,Republic of Ireland,0.65,0.71,0.6,0.64,0.63,0.64,0.79,0.68,0.74,0.62,0.72,0.61,0.66,0.85,0.78,0.81,0.66,0.63,0.63,0.62,0.66,0.65,CM,MID,0
Luke Le Roux,CDM,South Africa,0.65,0.62,0.5,0.61,0.66,0.59,0.7,0.73,0.53,0.78,0.79,0.66,0.63,0.65,0.76,0.67,0.6,0.58,0.6,0.62,0.52,0.59,CDM,MID,6
Noé Lebreton,CM,France,0.65,0.67,0.54,0.63,0.68,0.62,0.61,0.64,0.7,0.6,0.68,0.69,0.61,0.57,0.67,0.62,0.64,0.61,0.61,0.61,0.57,0.55,CM,MID,6
Lee Jin Yong,CM,Korea Republic,0.65,0.59,0.48,0.61,0.64,0.63,0.73,0.57,0.61,0.65,0.64,0.67,0.64,0.71,0.86,0.64,0.69,0.61,0.58,0.66,0.52,0.6,CM,MID,0
Lee Hyun Sik,RM,Korea Republic,0.65,0.72,0.54,0.63,0.69,0.57,0.66,0.71,0.72,0.81,0.86,0.65,0.6,0.6,0.81,0.61,0.6,0.57,0.58,0.59,0.45,0.65,RM,MID,6
Lee Yong Rae,CM,Korea Republic,0.65,0.35,0.54,0.66,0.61,0.57,0.7,0.34,0.35,0.43,0.76,0.67,0.53,0.69,0.75,0.56,0.58,0.53,0.57,0.59,0.56,0.65,CM,MID,0
Danny Leyva,CM,United States,0.65,0.64,0.59,0.6,0.65,0.52,0.55,0.66,0.62,0.69,0.7,0.67,0.64,0.52,0.64,0.53,0.55,0.55,0.51,0.5,0.46,0.67,CM,MID,6
Li Ke,CM,China PR,0.65,0.75,0.61,0.62,0.66,0.62,0.69,0.77,0.73,0.81,0.82,0.67,0.62,0.62,0.85,0.74,0.66,0.61,0.6,0.62,0.6,0.65,CM,MID,6
Li Yuanyi,CM,China PR,0.65,0.72,0.6,0.63,0.62,0.6,0.75,0.73,0.72,0.81,0.62,0.62,0.66,0.73,0.86,0.74,0.59,0.56,0.62,0.62,0.57,0.68,CM,MID,6
Liao Lisheng,CDM,China PR,0.65,0.71,0.61,0.62,0.64,0.64,0.66,0.73,0.69,0.76,0.75,0.62,0.63,0.62,0.75,0.72,0.67,0.64,0.62,0.63,0.62,0.66,CDM,MID,6
Otso Liimatta,CAM,Finland,0.65,0.7,0.53,0.67,0.68,0.45,0.39,0.72,0.69,0.6,0.89,0.69,0.66,0.35,0.45,0.5,0.52,0.55,0.4,0.31,0.53,0.6,CAM,MID,3
Jamie Lindsay,CM,Scotland,0.65,0.57,0.6,0.62,0.66,0.63,0.67,0.54,0.59,0.67,0.74,0.66,0.65,0.66,0.72,0.65,0.66,0.62,0.61,0.64,0.61,0.63,CM,MID,0
Sebastian Lletget,CM,United States,0.65,0.69,0.61,0.65,0.68,0.58,0.7,0.67,0.7,0.71,0.7,0.68,0.67,0.73,0.74,0.7,0.59,0.56,0.59,0.59,0.55,0.71,CM,MID,6
Francesco Lo Celso,LM,Argentina,0.65,0.68,0.56,0.67,0.65,0.56,0.57,0.67,0.69,0.68,0.71,0.66,0.56,0.58,0.53,0.63,0.51,0.49,0.6,0.62,0.55,0.65,LM,MID,6
Kristoffer Løkberg,CM,Norway,0.65,0.6,0.62,0.63,0.67,0.63,0.74,0.63,0.58,0.83,0.85,0.64,0.65,0.71,0.81,0.69,0.63,0.62,0.63,0.65,0.57,0.7,CM,MID,6
Chris-Emmanuel Lokesa,LM,Belgium,0.65,0.73,0.55,0.62,0.67,0.38,0.56,0.75,0.72,0.86,0.46,0.67,0.6,0.52,0.69,0.65,0.37,0.32,0.43,0.33,0.46,0.61,LM,MID,4
Marvin Loría,LM,Costa Rica,0.65,0.79,0.63,0.61,0.68,0.43,0.59,0.77,0.8,0.77,0.71,0.66,0.54,0.63,0.56,0.62,0.46,0.22,0.45,0.44,0.43,0.67,LM,MID,4
Albert-Nicolas Lottin,CDM,France,0.65,0.64,0.46,0.59,0.62,0.63,0.66,0.6,0.68,0.61,0.62,0.64,0.64,0.67,0.69,0.66,0.65,0.6,0.62,0.63,0.59,0.57,CDM,MID,0
Tom Lowery,CM,England,0.65,0.73,0.56,0.64,0.7,0.59,0.51,0.79,0.68,0.92,0.91,0.66,0.68,0.38,0.68,0.56,0.61,0.56,0.59,0.63,0.44,0.57,CM,MID,6
Alex Lowry,CAM,Scotland,0.65,0.65,0.59,0.64,0.68,0.34,0.56,0.65,0.65,0.66,0.7,0.67,0.53,0.55,0.67,0.5,0.3,0.4,0.36,0.3,0.39,0.62,CAM,MID,4
Leonardo Lukacevic,LM,Austria,0.65,0.69,0.53,0.65,0.64,0.6,0.68,0.71,0.67,0.7,0.74,0.63,0.64,0.66,0.73,0.7,0.62,0.62,0.58,0.62,0.58,0.6,LM,MID,6
Jakub Łukowski,LM,Poland,0.65,0.8,0.63,0.59,0.67,0.34,0.6,0.81,0.8,0.84,0.87,0.63,0.53,0.57,0.73,0.67,0.25,0.24,0.25,0.56,0.5,0.69,LM,MID,4
Brad Lyons,CM,Northern Ireland,0.65,0.7,0.6,0.59,0.62,0.65,0.72,0.66,0.73,0.65,0.66,0.66,0.68,0.7,0.75,0.72,0.67,0.65,0.6,0.66,0.68,0.7,CM,MID,0
Kyle Magennis,CM,Scotland,0.65,0.69,0.65,0.66,0.66,0.59,0.73,0.71,0.68,0.66,0.69,0.66,0.6,0.77,0.71,0.7,0.64,0.61,0.57,0.59,0.49,0.74,CM,MID,6
Mohamed Belhadj Mahmoud,CM,Tunisia,0.65,0.67,0.58,0.62,0.66,0.64,0.69,0.66,0.68,0.67,0.7,0.67,0.57,0.7,0.7,0.68,0.66,0.65,0.63,0.64,0.56,0.57,CM,MID,6
Connor Mahoney,RM,England,0.65,0.74,0.61,0.6,0.67,0.38,0.5,0.77,0.72,0.77,0.76,0.65,0.62,0.44,0.75,0.46,0.4,0.38,0.34,0.4,0.35,0.65,RM,MID,4
Hicham Mahou,LM,France,0.65,0.84,0.62,0.59,0.63,0.39,0.54,0.83,0.85,0.72,0.8,0.63,0.57,0.56,0.62,0.65,0.4,0.42,0.35,0.38,0.49,0.66,LM,MID,4
Philipp Maier,CDM,Germany,0.65,0.58,0.59,0.57,0.62,0.63,0.74,0.56,0.6,0.57,0.6,0.65,0.62,0.77,0.8,0.82,0.64,0.58,0.61,0.63,0.67,0.68,CDM,MID,0
Sebastian Maier,CAM,Germany,0.65,0.64,0.62,0.64,0.67,0.34,0.6,0.74,0.56,0.8,0.75,0.69,0.62,0.55,0.73,0.71,0.24,0.2,0.41,0.38,0.51,0.66,CAM,MID,4
Tomasz Makowski,CDM,Poland,0.65,0.7,0.55,0.59,0.63,0.6,0.72,0.69,0.7,0.72,0.75,0.65,0.6,0.69,0.81,0.69,0.64,0.59,0.55,0.65,0.57,0.57,CDM,MID,6
Alessandro Mallamo,CM,Italy,0.65,0.61,0.64,0.63,0.68,0.55,0.58,0.71,0.52,0.71,0.83,0.67,0.62,0.51,0.79,0.55,0.55,0.5,0.57,0.59,0.46,0.69,CM,MID,6
Jhon Marchán,CAM,Venezuela,0.65,0.79,0.59,0.57,0.72,0.27,0.33,0.78,0.79,0.82,0.91,0.7,0.59,0.31,0.41,0.45,0.29,0.26,0.22,0.24,0.44,0.62,CAM,MID,4
Pablo Marín,CAM,Spain,0.65,0.62,0.58,0.62,0.65,0.37,0.47,0.54,0.68,0.56,0.67,0.69,0.57,0.52,0.34,0.44,0.44,0.43,0.34,0.28,0.4,0.49,CAM,MID,3
Dilan Markanday,RM,England,0.65,0.77,0.62,0.58,0.71,0.24,0.48,0.8,0.75,0.86,0.88,0.68,0.59,0.52,0.48,0.53,0.23,0.21,0.26,0.22,0.32,0.68,RM,MID,4
Mathías Martínez,LM,Paraguay,0.65,0.74,0.53,0.6,0.66,0.39,0.56,0.75,0.73,0.67,0.75,0.65,0.52,0.52,0.64,0.66,0.34,0.39,0.34,0.42,0.62,0.53,LM,MID,4
Pelle Mattsson,CM,Denmark,0.65,0.6,0.47,0.63,0.66,0.64,0.69,0.59,0.61,0.64,0.63,0.68,0.65,0.67,0.77,0.64,0.68,0.64,0.64,0.64,0.55,0.55,CM,MID,0
Stefan Mauk,CAM,Australia,0.65,0.69,0.6,0.63,0.66,0.54,0.7,0.67,0.7,0.73,0.78,0.65,0.64,0.67,0.76,0.67,0.58,0.54,0.51,0.54,0.55,0.62,CAM,MID,6
José Mauri,CM,Italy,0.65,0.59,0.55,0.68,0.71,0.63,0.46,0.64,0.54,0.9,0.82,0.7,0.62,0.33,0.5,0.46,0.65,0.64,0.67,0.63,0.41,0.63,CM,MID,6
Senny Mayulu,CAM,France,0.65,0.72,0.6,0.63,0.71,0.48,0.53,0.76,0.69,0.71,0.68,0.72,0.59,0.47,0.62,0.52,0.56,0.42,0.41,0.52,0.44,0.77,CAM,MID,4
Noah Mbamba,CDM,Belgium,0.65,0.73,0.37,0.54,0.65,0.64,0.7,0.67,0.77,0.67,0.63,0.66,0.56,0.73,0.65,0.74,0.67,0.65,0.61,0.61,0.64,0.53,CDM,MID,6
Dylan Mbayo,RM,Belgium,0.65,0.78,0.61,0.58,0.71,0.29,0.44,0.82,0.74,0.8,0.85,0.7,0.56,0.49,0.39,0.58,0.36,0.28,0.21,0.25,0.45,0.64,RM,MID,4
Pathé Mboup,LM,Senegal,0.65,0.82,0.62,0.57,0.69,0.27,0.49,0.81,0.82,0.78,0.81,0.68,0.62,0.55,0.48,0.57,0.38,0.23,0.21,0.18,0.32,0.72,LM,MID,4
Josh McEachran,CDM,England,0.65,0.51,0.51,0.67,0.67,0.61,0.55,0.51,0.51,0.77,0.77,0.66,0.65,0.51,0.62,0.44,0.63,0.63,0.63,0.64,0.44,0.57,CDM,MID,2
David McGoldrick,CAM,Republic of Ireland,0.65,0.55,0.66,0.63,0.67,0.32,0.66,0.54,0.55,0.68,0.72,0.68,0.68,0.72,0.6,0.68,0.27,0.19,0.36,0.25,0.6,0.69,CAM,MID,4
Tobías Medina,CM,Argentina,0.65,0.62,0.56,0.65,0.67,0.46,0.51,0.63,0.61,0.65,0.83,0.68,0.51,0.41,0.66,0.44,0.58,0.45,0.36,0.41,0.46,0.6,CM,MID,3
Saeid Mehri,CM,Iran,0.65,0.68,0.67,0.63,0.65,0.59,0.71,0.68,0.68,0.63,0.65,0.66,0.69,0.67,0.75,0.68,0.6,0.65,0.55,0.58,0.59,0.74,CM,MID,0
Yair Mena,RM,Colombia,0.65,0.74,0.52,0.57,0.67,0.27,0.5,0.75,0.74,0.67,0.65,0.66,0.55,0.48,0.6,0.47,0.28,0.25,0.22,0.29,0.32,0.5,RM,MID,3
Carlos Mendes Gomes,LM,Guinea-Bissau,0.65,0.82,0.6,0.58,0.67,0.31,0.58,0.83,0.81,0.85,0.89,0.62,0.6,0.57,0.79,0.6,0.27,0.26,0.38,0.26,0.38,0.64,LM,MID,4
Cristopher Mesías,CM,Chile,0.65,0.65,0.54,0.6,0.64,0.61,0.71,0.63,0.67,0.58,0.7,0.66,0.6,0.71,0.78,0.58,0.67,0.58,0.62,0.62,0.4,0.67,CM,MID,6
Falko Michel,LM,Germany,0.65,0.66,0.56,0.6,0.66,0.58,0.72,0.64,0.68,0.69,0.68,0.65,0.66,0.74,0.75,0.72,0.54,0.57,0.6,0.61,0.6,0.67,LM,MID,0
Tommaso Milanese,CM,Italy,0.65,0.72,0.55,0.66,0.7,0.5,0.55,0.76,0.68,0.72,0.82,0.72,0.6,0.45,0.73,0.62,0.55,0.53,0.48,0.42,0.58,0.63,CM,MID,6
Matko Miljevic,CAM,United States,0.65,0.58,0.6,0.63,0.71,0.44,0.57,0.57,0.58,0.69,0.81,0.71,0.62,0.57,0.52,0.57,0.5,0.45,0.34,0.43,0.54,0.61,CAM,MID,6
Juan Millán,CDM,Uruguay,0.65,0.66,0.47,0.55,0.6,0.66,0.69,0.64,0.67,0.58,0.69,0.62,0.68,0.68,0.75,0.7,0.69,0.69,0.67,0.6,0.63,0.51,CDM,MID,0
Kaito Mizuta,CAM,Japan,0.65,0.71,0.59,0.59,0.69,0.46,0.59,0.73,0.7,0.77,0.67,0.68,0.61,0.56,0.74,0.6,0.48,0.36,0.48,0.43,0.47,0.61,CAM,MID,4
Albie Morgan,CM,England,0.65,0.71,0.57,0.67,0.64,0.55,0.65,0.7,0.71,0.72,0.57,0.65,0.62,0.58,0.78,0.53,0.59,0.54,0.55,0.58,0.41,0.63,CM,MID,6
Aaron Morley,CM,England,0.65,0.67,0.6,0.67,0.64,0.61,0.71,0.67,0.67,0.69,0.72,0.64,0.63,0.71,0.8,0.7,0.61,0.61,0.61,0.64,0.56,0.7,CM,MID,6
Sebastian Mrowca,CDM,Poland,0.65,0.73,0.47,0.58,0.62,0.62,0.73,0.64,0.8,0.74,0.8,0.62,0.64,0.71,0.71,0.72,0.67,0.64,0.61,0.63,0.48,0.66,CDM,MID,6
Jake Mulraney,LM,Republic of Ireland,0.65,0.83,0.57,0.61,0.67,0.44,0.58,0.85,0.82,0.82,0.75,0.64,0.55,0.54,0.69,0.59,0.46,0.43,0.42,0.44,0.43,0.64,LM,MID,4
Maurice Multhaup,CAM,Germany,0.65,0.85,0.59,0.59,0.68,0.51,0.62,0.9,0.81,0.78,0.83,0.64,0.64,0.62,0.69,0.66,0.51,0.53,0.5,0.58,0.42,0.64,CAM,MID,6
Alessandro Murgia,CM,Italy,0.65,0.41,0.63,0.63,0.63,0.66,0.61,0.45,0.38,0.53,0.57,0.66,0.67,0.66,0.52,0.63,0.65,0.64,0.68,0.67,0.64,0.69,CM,MID,0
Andrew Nabbout,RM,Australia,0.65,0.78,0.65,0.61,0.67,0.47,0.73,0.77,0.79,0.79,0.84,0.62,0.61,0.81,0.55,0.81,0.5,0.48,0.42,0.44,0.57,0.74,RM,MID,1
Mohamed Nassoh,CAM,Morocco,0.65,0.69,0.64,0.61,0.68,0.42,0.53,0.7,0.69,0.58,0.67,0.7,0.57,0.52,0.66,0.5,0.42,0.39,0.45,0.37,0.42,0.64,CAM,MID,4
Sam Nicholson,RM,Scotland,0.65,0.83,0.57,0.57,0.65,0.44,0.61,0.85,0.81,0.85,0.82,0.61,0.59,0.56,0.7,0.68,0.48,0.35,0.48,0.34,0.52,0.59,RM,MID,4
Reuven Niemeijer,CAM,Holland,0.65,0.52,0.65,0.6,0.65,0.48,0.65,0.65,0.42,0.69,0.6,0.67,0.65,0.63,0.75,0.62,0.5,0.49,0.4,0.53,0.53,0.64,CAM,MID,0
Georgios Nikas,CM,Greece,0.65,0.73,0.6,0.61,0.65,0.62,0.76,0.74,0.73,0.63,0.68,0.7,0.53,0.78,0.75,0.81,0.7,0.65,0.54,0.6,0.66,0.74,CM,MID,0
David Noboa,CDM,Ecuador,0.65,0.72,0.61,0.62,0.65,0.6,0.72,0.71,0.73,0.74,0.74,0.66,0.54,0.72,0.71,0.63,0.64,0.61,0.61,0.63,0.42,0.67,CDM,MID,6
Mardochee Nzita,LM,Belgium,0.65,0.64,0.46,0.6,0.67,0.6,0.5,0.62,0.65,0.59,0.7,0.67,0.69,0.48,0.57,0.45,0.62,0.58,0.62,0.65,0.42,0.4,LM,MID,2
Ollie O'Neill,LM,Republic of Ireland,0.65,0.79,0.58,0.6,0.65,0.46,0.59,0.81,0.77,0.81,0.68,0.61,0.61,0.52,0.7,0.61,0.54,0.48,0.43,0.39,0.46,0.58,LM,MID,4
Răzvan Oaidă,CM,Romania,0.65,0.75,0.63,0.62,0.65,0.66,0.73,0.75,0.75,0.82,0.85,0.63,0.65,0.67,0.81,0.73,0.68,0.67,0.65,0.68,0.6,0.69,CM,MID,6
Nnamdi Ofoborh,CDM,Nigeria,0.65,0.71,0.54,0.57,0.64,0.62,0.7,0.67,0.74,0.75,0.76,0.64,0.59,0.72,0.66,0.71,0.64,0.62,0.62,0.63,0.57,0.61,CDM,MID,6
Afonso Rodrigues,LM,Portugal,0.65,0.73,0.67,0.61,0.65,0.31,0.53,0.72,0.73,0.64,0.68,0.64,0.58,0.56,0.57,0.66,0.27,0.23,0.28,0.3,0.57,0.7,LM,MID,4
Wenderson,CM,Brazil,0.65,0.83,0.55,0.62,0.7,0.52,0.65,0.82,0.83,0.84,0.86,0.66,0.65,0.62,0.74,0.67,0.57,0.52,0.46,0.58,0.45,0.64,CM,MID,6
Ervin Omić,CDM,Austria,0.65,0.64,0.51,0.62,0.63,0.61,0.71,0.61,0.66,0.62,0.57,0.65,0.63,0.73,0.72,0.71,0.63,0.58,0.62,0.6,0.61,0.65,CDM,MID,0
Sakarias Opsahl,CM,Norway,0.65,0.68,0.57,0.65,0.65,0.61,0.65,0.69,0.67,0.67,0.67,0.67,0.6,0.6,0.78,0.65,0.61,0.58,0.62,0.62,0.55,0.66,CM,MID,6
Joel Silva,CM,Portugal,0.65,0.73,0.6,0.6,0.66,0.56,0.65,0.71,0.74,0.7,0.65,0.69,0.67,0.65,0.65,0.58,0.61,0.59,0.59,0.53,0.37,0.72,CM,MID,6
Jacob Ortmark,CM,Sweden,0.65,0.67,0.58,0.64,0.68,0.59,0.66,0.68,0.66,0.8,0.76,0.67,0.61,0.63,0.82,0.62,0.59,0.55,0.63,0.59,0.5,0.62,CM,MID,6
Moritz Oswald,CM,Austria,0.65,0.68,0.6,0.62,0.67,0.61,0.67,0.71,0.65,0.73,0.82,0.67,0.62,0.63,0.74,0.66,0.64,0.63,0.58,0.63,0.53,0.65,CM,MID,6
Filip Ottosson,CDM,Sweden,0.65,0.64,0.51,0.65,0.62,0.59,0.66,0.63,0.65,0.63,0.76,0.63,0.66,0.64,0.76,0.58,0.61,0.59,0.6,0.62,0.45,0.59,CDM,MID,6
Kolja Oudenne,CAM,Sweden,0.65,0.69,0.58,0.62,0.68,0.29,0.57,0.72,0.66,0.66,0.67,0.7,0.59,0.63,0.64,0.59,0.33,0.24,0.26,0.22,0.42,0.59,CAM,MID,4
Yusuf Özdemir,LM,Turkey,0.65,0.83,0.43,0.59,0.65,0.57,0.67,0.82,0.83,0.79,0.72,0.63,0.56,0.63,0.82,0.71,0.61,0.6,0.55,0.56,0.53,0.55,LM,MID,6
Fabrizio Paghera,CM,Italy,0.65,0.75,0.5,0.62,0.66,0.54,0.51,0.78,0.73,0.83,0.92,0.65,0.65,0.31,0.83,0.49,0.59,0.59,0.43,0.63,0.49,0.63,CM,MID,6
Luis Paredes,RM,Colombia,0.65,0.67,0.63,0.59,0.65,0.3,0.55,0.66,0.67,0.59,0.65,0.64,0.63,0.66,0.51,0.56,0.29,0.26,0.3,0.26,0.4,0.63,RM,MID,4
Raul Paula,CAM,Germany,0.65,0.7,0.64,0.63,0.66,0.4,0.6,0.72,0.68,0.72,0.7,0.66,0.6,0.61,0.71,0.57,0.47,0.45,0.38,0.28,0.4,0.7,CAM,MID,4
Branko Pavić,CDM,Croatia,0.65,0.65,0.41,0.66,0.66,0.57,0.66,0.67,0.63,0.68,0.65,0.7,0.68,0.67,0.7,0.57,0.54,0.56,0.68,0.54,0.44,0.48,CDM,MID,6
Jack Payne,CM,England,0.65,0.73,0.62,0.63,0.71,0.51,0.46,0.81,0.67,0.9,0.92,0.68,0.66,0.33,0.8,0.46,0.57,0.53,0.47,0.52,0.39,0.68,CM,MID,6
Andrés Perea,CDM,United States,0.65,0.72,0.5,0.59,0.64,0.63,0.68,0.76,0.69,0.73,0.67,0.62,0.63,0.66,0.72,0.77,0.65,0.66,0.62,0.59,0.68,0.51,CDM,MID,6
Romário,CM,Brazil,0.65,0.45,0.6,0.65,0.74,0.46,0.67,0.57,0.36,0.87,0.87,0.72,0.67,0.6,0.78,0.49,0.4,0.34,0.53,0.57,0.33,0.71,CM,MID,6
Joakim Persson,LM,Sweden,0.65,0.87,0.61,0.55,0.64,0.22,0.62,0.86,0.88,0.7,0.65,0.64,0.56,0.61,0.63,0.75,0.16,0.12,0.18,0.23,0.58,0.59,LM,MID,4
Lebogang Phiri,CDM,South Africa,0.65,0.73,0.51,0.61,0.68,0.65,0.58,0.71,0.75,0.8,0.82,0.65,0.66,0.54,0.58,0.66,0.65,0.65,0.66,0.65,0.62,0.57,CDM,MID,6
Arthur Piedfort,CDM,Belgium,0.65,0.65,0.32,0.48,0.53,0.63,0.68,0.68,0.63,0.55,0.69,0.67,0.7,0.65,0.73,0.7,0.66,0.58,0.61,0.65,0.62,0.4,CDM,MID,2
Tomasz Pieńko,LM,Poland,0.65,0.68,0.59,0.56,0.67,0.18,0.6,0.7,0.66,0.77,0.54,0.66,0.61,0.64,0.72,0.67,0.15,0.12,0.15,0.12,0.57,0.59,LM,MID,4
Niccolò Pisilli,CM,Italy,0.65,0.53,0.59,0.65,0.63,0.59,0.52,0.57,0.49,0.45,0.65,0.69,0.71,0.44,0.52,0.5,0.6,0.62,0.6,0.56,0.59,0.68,CM,MID,0
André Anderson,CAM,Italy,0.65,0.65,0.61,0.6,0.68,0.25,0.43,0.66,0.65,0.69,0.65,0.67,0.61,0.37,0.58,0.5,0.2,0.15,0.3,0.15,0.56,0.65,CAM,MID,4
Marco Pompetti,CM,Italy,0.65,0.65,0.55,0.65,0.65,0.55,0.56,0.66,0.65,0.67,0.7,0.66,0.59,0.49,0.68,0.46,0.58,0.57,0.55,0.58,0.4,0.64,CM,MID,6
Célio Pompeu,LM,Brazil,0.65,0.75,0.58,0.55,0.74,0.29,0.45,0.79,0.72,0.84,0.83,0.7,0.62,0.4,0.6,0.45,0.34,0.31,0.22,0.29,0.32,0.61,LM,MID,4
Simone Pontisso,CM,Italy,0.65,0.65,0.58,0.64,0.65,0.63,0.73,0.63,0.66,0.62,0.63,0.68,0.65,0.77,0.68,0.75,0.62,0.58,0.67,0.61,0.64,0.7,CM,MID,0
Rareș Pop,RM,Romania,0.65,0.77,0.58,0.6,0.66,0.24,0.44,0.83,0.72,0.73,0.9,0.64,0.59,0.36,0.67,0.45,0.22,0.26,0.24,0.21,0.3,0.55,RM,MID,4
Tomás Porra,CAM,Argentina,0.65,0.64,0.53,0.66,0.68,0.51,0.53,0.61,0.66,0.63,0.7,0.69,0.57,0.55,0.54,0.57,0.54,0.49,0.49,0.48,0.52,0.6,CAM,MID,2
Rico Preißinger,CDM,Germany,0.65,0.67,0.56,0.59,0.62,0.61,0.78,0.66,0.68,0.65,0.63,0.63,0.61,0.74,0.9,0.73,0.62,0.58,0.58,0.64,0.6,0.63,CDM,MID,0
Maximilian Pronichev,CAM,Russia,0.65,0.71,0.6,0.62,0.65,0.37,0.67,0.68,0.73,0.67,0.65,0.63,0.68,0.73,0.52,0.71,0.2,0.23,0.49,0.42,0.57,0.63,CAM,MID,4
Damián Puebla,CAM,Argentina,0.65,0.69,0.72,0.6,0.68,0.25,0.48,0.69,0.69,0.66,0.85,0.62,0.64,0.59,0.32,0.64,0.23,0.18,0.25,0.16,0.56,0.72,CAM,MID,4
Gustavo Puerta,CM,Colombia,0.65,0.65,0.58,0.62,0.66,0.59,0.6,0.64,0.65,0.76,0.78,0.68,0.65,0.56,0.66,0.55,0.62,0.57,0.6,0.6,0.45,0.65,CM,MID,6
Ryan Raposo,LM,Canada,0.65,0.68,0.58,0.63,0.67,0.57,0.5,0.72,0.65,0.75,0.83,0.66,0.55,0.48,0.6,0.48,0.6,0.4,0.58,0.69,0.37,0.55,LM,MID,6
Mathias Hebo Rasmussen,CM,Denmark,0.65,0.44,0.61,0.65,0.63,0.57,0.69,0.52,0.37,0.62,0.7,0.61,0.62,0.72,0.69,0.59,0.58,0.58,0.56,0.61,0.46,0.67,CM,MID,0
Louis Reed,CDM,England,0.65,0.64,0.55,0.62,0.65,0.61,0.67,0.62,0.65,0.86,0.9,0.63,0.58,0.58,0.81,0.7,0.63,0.58,0.57,0.65,0.57,0.64,CDM,MID,6
Eliano Reijnders,LM,Holland,0.65,0.77,0.53,0.61,0.68,0.53,0.46,0.87,0.69,0.87,0.82,0.66,0.6,0.34,0.71,0.47,0.54,0.59,0.56,0.44,0.5,0.56,LM,MID,6
Lautaro Ríos,CM,Argentina,0.65,0.63,0.51,0.61,0.64,0.62,0.58,0.64,0.63,0.62,0.65,0.64,0.66,0.57,0.64,0.52,0.6,0.59,0.69,0.65,0.42,0.48,CM,MID,2
Cristian Riveros,CM,Paraguay,0.65,0.31,0.57,0.64,0.6,0.66,0.57,0.32,0.3,0.55,0.61,0.63,0.67,0.63,0.52,0.44,0.65,0.47,0.77,0.74,0.42,0.49,CM,MID,0
Jordan Roberts,CAM,England,0.65,0.81,0.61,0.62,0.66,0.48,0.74,0.8,0.81,0.77,0.64,0.64,0.63,0.67,0.81,0.71,0.53,0.51,0.41,0.46,0.53,0.63,CAM,MID,6
Antoniu Roca,LM,Spain,0.65,0.82,0.57,0.58,0.66,0.39,0.57,0.83,0.81,0.79,0.65,0.65,0.59,0.55,0.66,0.68,0.4,0.33,0.38,0.36,0.54,0.58,LM,MID,4
Mikael Doka,RM,Brazil,0.65,0.73,0.55,0.63,0.67,0.54,0.61,0.73,0.73,0.74,0.76,0.68,0.52,0.55,0.71,0.55,0.59,0.56,0.51,0.54,0.41,0.65,RM,MID,6
Ignacio Agustín Rodríguez,CM,Argentina,0.65,0.64,0.56,0.66,0.65,0.53,0.52,0.69,0.6,0.69,0.68,0.65,0.66,0.44,0.72,0.43,0.57,0.56,0.48,0.59,0.41,0.61,CM,MID,6
Derlis Rodríguez,RM,Paraguay,0.65,0.73,0.63,0.58,0.67,0.26,0.65,0.73,0.73,0.69,0.67,0.65,0.48,0.62,0.73,0.63,0.28,0.22,0.21,0.23,0.49,0.67,RM,MID,4
Gregorio Rodríguez,RM,Argentina,0.65,0.68,0.65,0.59,0.7,0.33,0.53,0.66,0.69,0.7,0.73,0.68,0.54,0.56,0.6,0.56,0.39,0.33,0.26,0.28,0.49,0.72,RM,MID,4
Genaro,CDM,Spain,0.65,0.57,0.5,0.61,0.62,0.63,0.63,0.56,0.57,0.54,0.58,0.66,0.62,0.63,0.61,0.62,0.67,0.66,0.63,0.61,0.56,0.7,CDM,MID,0
Godfried Roemeratoe,CDM,Curaçao,0.65,0.63,0.45,0.59,0.62,0.64,0.72,0.64,0.63,0.69,0.7,0.63,0.63,0.71,0.74,0.71,0.65,0.64,0.64,0.62,0.6,0.59,CDM,MID,0
Franz Roggow,CDM,Germany,0.65,0.61,0.52,0.61,0.61,0.62,0.68,0.61,0.61,0.64,0.57,0.64,0.58,0.65,0.73,0.68,0.62,0.58,0.61,0.62,0.64,0.58,CDM,MID,0
Matías Romero,CM,Argentina,0.65,0.71,0.57,0.6,0.68,0.61,0.64,0.69,0.72,0.72,0.66,0.68,0.67,0.61,0.75,0.63,0.62,0.59,0.59,0.65,0.54,0.57,CM,MID,6
Otto Rosengren,CM,Sweden,0.65,0.68,0.6,0.62,0.69,0.5,0.62,0.71,0.65,0.81,0.78,0.68,0.62,0.48,0.86,0.52,0.55,0.48,0.48,0.5,0.45,0.66,CM,MID,6
Jean Pierre Rosso,CM,Uruguay,0.65,0.71,0.56,0.65,0.65,0.6,0.6,0.73,0.7,0.71,0.67,0.66,0.61,0.59,0.69,0.64,0.64,0.59,0.56,0.62,0.53,0.62,CM,MID,6
Driess Saddiki,CDM,Morocco,0.65,0.76,0.54,0.58,0.62,0.64,0.75,0.74,0.77,0.67,0.72,0.61,0.6,0.72,0.83,0.77,0.66,0.64,0.63,0.62,0.62,0.61,CDM,MID,6
Daniel Saggiomo,CAM,Venezuela,0.65,0.68,0.58,0.65,0.65,0.42,0.56,0.67,0.69,0.65,0.72,0.68,0.59,0.59,0.64,0.58,0.41,0.39,0.42,0.39,0.49,0.62,CAM,MID,4
Cris Salvador,CM,Spain,0.65,0.6,0.59,0.61,0.63,0.64,0.75,0.59,0.61,0.65,0.66,0.64,0.61,0.79,0.74,0.72,0.63,0.66,0.68,0.63,0.58,0.64,CM,MID,0
Alejandro Samudio,LM,Paraguay,0.65,0.71,0.62,0.61,0.67,0.23,0.52,0.7,0.72,0.69,0.8,0.64,0.49,0.57,0.61,0.51,0.23,0.25,0.19,0.23,0.35,0.6,LM,MID,4
Lucas Sanabria,CM,Paraguay,0.65,0.67,0.53,0.65,0.66,0.51,0.58,0.69,0.66,0.66,0.58,0.67,0.65,0.58,0.67,0.54,0.56,0.49,0.43,0.6,0.44,0.4,CM,MID,2
Luis Sánchez,CAM,Colombia,0.65,0.67,0.61,0.59,0.69,0.43,0.64,0.64,0.7,0.81,0.7,0.65,0.68,0.66,0.74,0.5,0.52,0.41,0.42,0.4,0.25,0.6,CAM,MID,6
Cisse Sandra,CM,Belgium,0.65,0.68,0.61,0.64,0.68,0.55,0.74,0.68,0.68,0.74,0.77,0.69,0.65,0.71,0.89,0.71,0.53,0.52,0.56,0.57,0.57,0.66,CM,MID,6
Bruno Leite,CM,Cape Verde Islands,0.65,0.68,0.52,0.62,0.66,0.62,0.66,0.69,0.68,0.62,0.65,0.66,0.65,0.67,0.73,0.57,0.65,0.62,0.62,0.66,0.42,0.61,CM,MID,6
Álvaro Sanz,CM,Spain,0.65,0.53,0.59,0.69,0.67,0.64,0.5,0.56,0.51,0.71,0.79,0.69,0.68,0.47,0.47,0.47,0.66,0.62,0.66,0.67,0.49,0.68,CM,MID,6
Derry Scherhant,LM,Germany,0.65,0.78,0.63,0.55,0.69,0.23,0.61,0.73,0.82,0.74,0.67,0.67,0.58,0.61,0.66,0.69,0.21,0.19,0.2,0.16,0.56,0.66,LM,MID,4
Marco Schikora,CDM,Germany,0.65,0.79,0.5,0.6,0.64,0.62,0.74,0.83,0.75,0.71,0.75,0.62,0.62,0.71,0.87,0.83,0.61,0.57,0.64,0.62,0.67,0.53,CDM,MID,6
Sam Schreck,CM,Germany,0.65,0.64,0.5,0.62,0.68,0.61,0.57,0.67,0.61,0.76,0.69,0.7,0.65,0.46,0.83,0.49,0.62,0.55,0.63,0.65,0.46,0.57,CM,MID,6
Jorg Schreuders,RM,Holland,0.65,0.68,0.63,0.58,0.62,0.56,0.64,0.65,0.7,0.54,0.54,0.66,0.63,0.63,0.71,0.62,0.56,0.59,0.6,0.49,0.5,0.58,RM,MID,2
Christopher Scott,CAM,Germany,0.65,0.78,0.63,0.57,0.7,0.26,0.51,0.8,0.77,0.83,0.8,0.7,0.63,0.4,0.62,0.56,0.19,0.16,0.29,0.25,0.54,0.63,CAM,MID,4
Sean Seitz,LM,Germany,0.65,0.74,0.59,0.56,0.68,0.43,0.55,0.75,0.74,0.79,0.71,0.65,0.61,0.52,0.71,0.64,0.44,0.4,0.41,0.4,0.59,0.56,LM,MID,4
Alessandro Sersanti,CM,Italy,0.65,0.77,0.53,0.65,0.66,0.62,0.67,0.76,0.77,0.73,0.79,0.65,0.63,0.65,0.75,0.73,0.64,0.62,0.61,0.64,0.58,0.58,CM,MID,6
Nicolás Sessa,CAM,Germany,0.65,0.77,0.57,0.61,0.71,0.33,0.52,0.76,0.77,0.9,0.89,0.65,0.59,0.42,0.79,0.46,0.35,0.29,0.34,0.25,0.39,0.6,CAM,MID,4
Liam Shaw,CM,England,0.65,0.68,0.57,0.6,0.67,0.6,0.72,0.7,0.66,0.72,0.71,0.67,0.62,0.7,0.8,0.69,0.64,0.61,0.56,0.6,0.55,0.69,CM,MID,6
Nicklas Shipnoski,RM,Germany,0.65,0.76,0.6,0.58,0.66,0.26,0.56,0.81,0.71,0.77,0.75,0.64,0.63,0.56,0.72,0.65,0.24,0.3,0.21,0.25,0.49,0.6,RM,MID,4
Kyrylo Sigeev,CM,Ukraine,0.65,0.62,0.49,0.62,0.63,0.61,0.61,0.61,0.63,0.6,0.68,0.67,0.65,0.59,0.64,0.56,0.64,0.59,0.6,0.66,0.48,0.53,CM,MID,2
Teles,CDM,Portugal,0.65,0.75,0.44,0.57,0.64,0.64,0.66,0.74,0.76,0.71,0.74,0.65,0.64,0.59,0.8,0.68,0.66,0.63,0.65,0.62,0.58,0.42,CDM,MID,6
Samuel Silvera,LM,Australia,0.65,0.73,0.59,0.58,0.69,0.36,0.6,0.75,0.71,0.7,0.79,0.67,0.56,0.53,0.71,0.51,0.35,0.36,0.34,0.41,0.34,0.64,LM,MID,4
Gabriel Simion,CDM,Romania,0.65,0.76,0.47,0.58,0.61,0.63,0.73,0.76,0.76,0.69,0.79,0.59,0.64,0.73,0.76,0.79,0.64,0.62,0.63,0.62,0.6,0.46,CDM,MID,6
Ayanda Sishuba,CAM,Belgium,0.65,0.71,0.6,0.6,0.73,0.32,0.4,0.76,0.67,0.85,0.84,0.72,0.61,0.34,0.44,0.44,0.32,0.28,0.3,0.32,0.41,0.65,CAM,MID,4
Callum Slattery,CM,England,0.65,0.68,0.6,0.61,0.66,0.6,0.73,0.69,0.67,0.7,0.59,0.67,0.54,0.73,0.75,0.65,0.63,0.62,0.6,0.61,0.47,0.62,CM,MID,6
Levi Smans,CAM,Holland,0.65,0.7,0.62,0.61,0.65,0.43,0.58,0.71,0.69,0.65,0.67,0.68,0.57,0.55,0.65,0.59,0.42,0.41,0.42,0.44,0.47,0.59,CAM,MID,4
Jonny Smith,RM,England,0.65,0.84,0.58,0.6,0.67,0.37,0.43,0.83,0.84,0.91,0.84,0.62,0.59,0.33,0.66,0.46,0.39,0.3,0.43,0.3,0.38,0.62,RM,MID,4
Emran Soglo,LM,England,0.65,0.74,0.54,0.62,0.67,0.58,0.5,0.75,0.73,0.76,0.68,0.66,0.64,0.48,0.5,0.55,0.62,0.61,0.56,0.57,0.49,0.58,LM,MID,6
Patrick Soko,RM,Cameroon,0.65,0.87,0.61,0.54,0.65,0.32,0.65,0.86,0.87,0.75,0.7,0.61,0.55,0.72,0.68,0.7,0.34,0.31,0.35,0.21,0.43,0.69,RM,MID,4
Patryk Sokołowski,CM,Poland,0.65,0.61,0.48,0.64,0.65,0.63,0.72,0.62,0.6,0.72,0.63,0.63,0.66,0.71,0.82,0.66,0.66,0.64,0.59,0.67,0.52,0.58,CM,MID,0
Cristhian Solano,LM,Ecuador,0.65,0.76,0.66,0.58,0.67,0.34,0.55,0.75,0.76,0.72,0.68,0.65,0.57,0.55,0.62,0.66,0.29,0.23,0.33,0.37,0.56,0.66,LM,MID,4
Almir Soto,CM,Colombia,0.65,0.56,0.62,0.59,0.63,0.64,0.72,0.53,0.58,0.67,0.59,0.66,0.65,0.71,0.79,0.66,0.68,0.66,0.6,0.68,0.58,0.76,CM,MID,0
Sven Sprangler,CM,Austria,0.65,0.66,0.49,0.61,0.65,0.63,0.72,0.65,0.66,0.59,0.66,0.66,0.6,0.71,0.75,0.73,0.63,0.6,0.63,0.64,0.64,0.6,CM,MID,0
Mihailo Stevanovic,CDM,Serbia,0.65,0.71,0.59,0.6,0.66,0.61,0.7,0.7,0.72,0.7,0.62,0.67,0.6,0.74,0.72,0.72,0.63,0.6,0.62,0.58,0.58,0.67,CDM,MID,6
Álex Cardero,LM,Spain,0.65,0.72,0.64,0.65,0.68,0.53,0.46,0.73,0.71,0.82,0.74,0.67,0.57,0.42,0.56,0.52,0.56,0.51,0.48,0.57,0.52,0.65,LM,MID,6
Manuel Sulbarán,LM,Venezuela,0.65,0.77,0.52,0.6,0.67,0.4,0.46,0.74,0.79,0.69,0.88,0.63,0.58,0.38,0.58,0.44,0.4,0.47,0.34,0.44,0.41,0.55,LM,MID,3
Franck Surdez,LM,Switzerland,0.65,0.76,0.65,0.56,0.67,0.24,0.47,0.74,0.78,0.72,0.59,0.66,0.5,0.47,0.61,0.57,0.23,0.21,0.17,0.21,0.52,0.7,LM,MID,4
Harald Nilsen Tangen,CAM,Norway,0.65,0.74,0.58,0.6,0.7,0.38,0.68,0.76,0.73,0.8,0.74,0.68,0.58,0.66,0.76,0.72,0.4,0.43,0.35,0.26,0.56,0.58,CAM,MID,4
Ollie Tanner,RM,England,0.65,0.74,0.59,0.62,0.67,0.55,0.56,0.76,0.73,0.74,0.7,0.67,0.6,0.55,0.6,0.68,0.58,0.49,0.55,0.5,0.58,0.63,RM,MID,6
Terry Taylor,CDM,Wales,0.65,0.58,0.55,0.64,0.62,0.62,0.67,0.56,0.6,0.62,0.63,0.62,0.62,0.67,0.64,0.64,0.63,0.63,0.61,0.63,0.59,0.59,CDM,MID,0
Ryan Teague,CDM,Australia,0.65,0.57,0.53,0.54,0.65,0.59,0.74,0.64,0.52,0.52,0.69,0.66,0.64,0.78,0.7,0.63,0.6,0.58,0.61,0.6,0.44,0.47,CDM,MID,0
Cedric Teguía,LM,Spain,0.65,0.8,0.61,0.61,0.62,0.54,0.74,0.81,0.79,0.7,0.74,0.62,0.6,0.74,0.75,0.8,0.51,0.54,0.52,0.59,0.59,0.76,LM,MID,6
Tesfaldet Tekie,CM,Sweden,0.65,0.76,0.56,0.65,0.71,0.5,0.56,0.77,0.76,0.91,0.8,0.67,0.68,0.43,0.78,0.42,0.48,0.44,0.55,0.62,0.24,0.67,CM,MID,6
Tonio Teklić,CAM,Croatia,0.65,0.81,0.6,0.62,0.67,0.34,0.63,0.81,0.81,0.78,0.67,0.65,0.62,0.63,0.62,0.6,0.36,0.27,0.38,0.31,0.32,0.68,CAM,MID,4
Søren Tengstedt,CAM,Denmark,0.65,0.63,0.64,0.61,0.68,0.22,0.65,0.77,0.52,0.68,0.59,0.7,0.64,0.73,0.62,0.77,0.17,0.19,0.19,0.15,0.59,0.7,CAM,MID,4
Andrea Tessiore,CAM,Italy,0.65,0.76,0.64,0.65,0.63,0.58,0.6,0.78,0.75,0.7,0.74,0.63,0.61,0.59,0.67,0.69,0.58,0.58,0.58,0.57,0.55,0.73,CAM,MID,6
Samson Okikiola Tijani,CM,Nigeria,0.65,0.72,0.51,0.62,0.65,0.64,0.68,0.76,0.68,0.78,0.79,0.64,0.68,0.68,0.7,0.67,0.68,0.65,0.64,0.67,0.49,0.51,CM,MID,6
Yacine Titraoui,CM,Algeria,0.65,0.67,0.53,0.63,0.69,0.54,0.53,0.7,0.65,0.65,0.85,0.71,0.6,0.5,0.6,0.49,0.5,0.6,0.6,0.55,0.4,0.5,CM,MID,6
Diego Tonetto,LM,Argentina,0.65,0.65,0.62,0.67,0.67,0.39,0.47,0.67,0.64,0.71,0.72,0.68,0.59,0.47,0.53,0.46,0.35,0.34,0.38,0.47,0.44,0.72,LM,MID,4
Vicente Emanuel Torres,CDM,Ecuador,0.65,0.65,0.49,0.52,0.59,0.65,0.65,0.64,0.66,0.59,0.55,0.65,0.56,0.64,0.73,0.68,0.67,0.62,0.69,0.58,0.61,0.5,CDM,MID,2
Andrés Torrico,RM,Bolivia,0.65,0.71,0.62,0.61,0.67,0.46,0.58,0.72,0.7,0.65,0.86,0.65,0.6,0.58,0.6,0.55,0.47,0.4,0.44,0.54,0.38,0.66,RM,MID,4
Saikou Touray,CM,Gambia,0.65,0.65,0.53,0.63,0.68,0.56,0.67,0.68,0.63,0.6,0.74,0.69,0.61,0.66,0.71,0.64,0.62,0.61,0.49,0.57,0.53,0.61,CM,MID,6
Simone Trimboli,CDM,Italy,0.65,0.61,0.52,0.63,0.63,0.6,0.58,0.65,0.57,0.61,0.75,0.7,0.65,0.6,0.6,0.59,0.63,0.57,0.62,0.6,0.49,0.62,CDM,MID,6
Chrisantus Uche,CDM,Nigeria,0.65,0.66,0.49,0.51,0.61,0.63,0.77,0.63,0.68,0.61,0.52,0.64,0.64,0.8,0.76,0.76,0.65,0.62,0.6,0.63,0.64,0.67,CDM,MID,0
Santeri Väänänen,CDM,Finland,0.65,0.74,0.48,0.6,0.65,0.62,0.66,0.75,0.73,0.78,0.77,0.65,0.62,0.59,0.73,0.64,0.62,0.64,0.62,0.65,0.5,0.58,CDM,MID,6
Esteban Valencia,CM,Chile,0.65,0.69,0.56,0.62,0.66,0.59,0.69,0.68,0.7,0.69,0.68,0.68,0.57,0.67,0.79,0.64,0.63,0.58,0.58,0.57,0.5,0.62,CM,MID,6
Jhojan Valencia,CDM,Colombia,0.65,0.69,0.52,0.61,0.67,0.61,0.62,0.7,0.68,0.78,0.79,0.66,0.6,0.58,0.69,0.57,0.65,0.64,0.64,0.56,0.45,0.6,CDM,MID,6
Luciano Valente,LM,Italy,0.65,0.58,0.56,0.62,0.71,0.47,0.63,0.49,0.65,0.65,0.56,0.73,0.64,0.63,0.56,0.64,0.59,0.48,0.39,0.3,0.67,0.69,LM,MID,0
Rúben Ismael,CDM,Portugal,0.65,0.63,0.45,0.58,0.59,0.64,0.68,0.64,0.63,0.63,0.54,0.6,0.62,0.67,0.7,0.68,0.68,0.6,0.63,0.63,0.6,0.66,CDM,MID,0
Benjamin Van Durmen,LM,Belgium,0.65,0.62,0.6,0.63,0.62,0.61,0.73,0.6,0.64,0.63,0.64,0.64,0.64,0.72,0.78,0.69,0.62,0.6,0.61,0.6,0.58,0.66,LM,MID,0
Kevin Varga,LM,Hungary,0.65,0.82,0.6,0.6,0.66,0.35,0.56,0.81,0.83,0.76,0.74,0.66,0.63,0.56,0.61,0.6,0.36,0.35,0.35,0.32,0.42,0.63,LM,MID,4
Gabriel Villamíl,CM,Bolivia,0.65,0.71,0.6,0.64,0.68,0.55,0.49,0.71,0.71,0.66,0.78,0.67,0.5,0.39,0.65,0.44,0.65,0.59,0.45,0.6,0.42,0.73,CM,MID,6
Ionuț Vînă,CM,Romania,0.65,0.72,0.61,0.6,0.67,0.62,0.7,0.74,0.71,0.78,0.79,0.67,0.65,0.64,0.8,0.7,0.66,0.61,0.58,0.65,0.58,0.65,CM,MID,6
Thibault Vlietinck,RM,Belgium,0.65,0.73,0.57,0.63,0.67,0.6,0.54,0.7,0.75,0.76,0.71,0.67,0.61,0.6,0.56,0.66,0.62,0.57,0.62,0.56,0.57,0.58,RM,MID,6
Albion Vrenezi,CAM,Kosovo,0.65,0.79,0.66,0.61,0.7,0.2,0.54,0.82,0.77,0.83,0.8,0.67,0.63,0.48,0.82,0.53,0.17,0.18,0.21,0.18,0.36,0.67,CAM,MID,4
Leo Walta,CM,Finland,0.65,0.69,0.57,0.61,0.66,0.53,0.58,0.73,0.65,0.78,0.82,0.67,0.62,0.58,0.67,0.54,0.54,0.46,0.58,0.56,0.36,0.56,CM,MID,6
Wang Jinxian,LM,China PR,0.65,0.81,0.51,0.58,0.64,0.48,0.66,0.84,0.79,0.76,0.81,0.59,0.66,0.62,0.75,0.64,0.48,0.44,0.52,0.48,0.42,0.54,LM,MID,6
Lewis Warrington,CDM,England,0.65,0.66,0.51,0.62,0.66,0.61,0.65,0.65,0.67,0.83,0.74,0.66,0.57,0.62,0.73,0.66,0.64,0.62,0.58,0.59,0.59,0.58,CDM,MID,6
Kjell Wätjen,CM,Germany,0.65,0.72,0.52,0.66,0.67,0.54,0.55,0.76,0.68,0.78,0.74,0.66,0.62,0.53,0.65,0.59,0.55,0.56,0.53,0.55,0.47,0.51,CM,MID,6
David Watson,CM,Scotland,0.65,0.6,0.61,0.61,0.64,0.61,0.65,0.55,0.64,0.61,0.76,0.65,0.68,0.56,0.78,0.55,0.65,0.62,0.58,0.64,0.51,0.7,CM,MID,0
Elliot Watt,CDM,Scotland,0.65,0.67,0.53,0.65,0.66,0.59,0.67,0.67,0.67,0.82,0.79,0.65,0.62,0.56,0.86,0.65,0.62,0.59,0.6,0.59,0.49,0.61,CDM,MID,6
Marcel Wędrychowski,RM,Poland,0.65,0.79,0.54,0.62,0.68,0.37,0.47,0.79,0.79,0.83,0.82,0.66,0.6,0.45,0.59,0.52,0.37,0.37,0.39,0.29,0.42,0.56,RM,MID,4
Mallik Wilks,RM,England,0.65,0.83,0.64,0.54,0.67,0.23,0.71,0.85,0.82,0.75,0.76,0.64,0.58,0.72,0.68,0.77,0.18,0.17,0.22,0.18,0.53,0.65,RM,MID,4
Jay Williams,CDM,St. Kitts and Nevis,0.65,0.67,0.42,0.54,0.58,0.62,0.81,0.68,0.66,0.5,0.65,0.62,0.61,0.81,0.81,0.76,0.63,0.6,0.61,0.65,0.58,0.56,CDM,MID,0
Carl Winchester,CM,Northern Ireland,0.65,0.73,0.6,0.64,0.66,0.59,0.74,0.74,0.72,0.78,0.78,0.66,0.58,0.71,0.88,0.8,0.61,0.57,0.59,0.6,0.54,0.63,CM,MID,6
Piotr Wlazło,CM,Poland,0.65,0.44,0.61,0.66,0.64,0.61,0.7,0.38,0.48,0.58,0.71,0.67,0.64,0.7,0.7,0.59,0.63,0.59,0.58,0.63,0.59,0.62,CM,MID,0
Tyler Wolff,LM,United States,0.65,0.72,0.48,0.64,0.67,0.44,0.58,0.71,0.73,0.65,0.75,0.68,0.52,0.67,0.6,0.59,0.42,0.34,0.48,0.5,0.4,0.52,LM,MID,4
Marius Wörl,CDM,Germany,0.65,0.64,0.46,0.6,0.63,0.63,0.64,0.66,0.63,0.74,0.75,0.63,0.62,0.59,0.8,0.59,0.66,0.62,0.65,0.63,0.5,0.5,CDM,MID,6
Jannes Wulff,CAM,Germany,0.65,0.69,0.6,0.62,0.67,0.54,0.69,0.75,0.64,0.55,0.78,0.67,0.67,0.67,0.8,0.65,0.59,0.57,0.51,0.5,0.48,0.6,CAM,MID,6
Rihito Yamamoto,CDM,Japan,0.65,0.65,0.5,0.58,0.64,0.62,0.61,0.65,0.65,0.72,0.75,0.67,0.6,0.56,0.67,0.59,0.66,0.63,0.6,0.62,0.52,0.55,CDM,MID,6
Ye Chugui,LM,China PR,0.65,0.77,0.56,0.59,0.65,0.52,0.64,0.75,0.79,0.78,0.64,0.64,0.57,0.61,0.79,0.69,0.49,0.45,0.55,0.51,0.57,0.58,LM,MID,6
Kuki Zalazar,RM,Spain,0.65,0.58,0.65,0.66,0.71,0.32,0.36,0.63,0.53,0.76,0.74,0.72,0.56,0.32,0.38,0.48,0.32,0.25,0.29,0.27,0.58,0.74,RM,MID,4
Kevin Zeroli,CM,Italy,0.65,0.68,0.57,0.62,0.7,0.64,0.59,0.69,0.67,0.71,0.69,0.7,0.62,0.52,0.67,0.63,0.68,0.63,0.61,0.63,0.61,0.56,CM,MID,6
Georgiy Zhukov,CM,Kazakhstan,0.65,0.75,0.57,0.63,0.69,0.58,0.71,0.77,0.74,0.78,0.83,0.67,0.63,0.69,0.89,0.68,0.58,0.61,0.57,0.63,0.49,0.6,CM,MID,6
Diego Živulić,CDM,Croatia,0.65,0.6,0.49,0.6,0.53,0.64,0.76,0.6,0.6,0.51,0.54,0.55,0.64,0.79,0.73,0.77,0.64,0.64,0.63,0.64,0.69,0.64,CDM,MID,0
Dejan Zukić,CAM,Serbia,0.65,0.71,0.6,0.67,0.65,0.35,0.57,0.72,0.7,0.58,0.65,0.65,0.58,0.57,0.67,0.55,0.28,0.42,0.42,0.27,0.39,0.67,CAM,MID,4
Haitam Abaida El Achhab,LM,Morocco,0.64,0.8,0.56,0.58,0.68,0.25,0.47,0.83,0.78,0.8,0.81,0.64,0.51,0.39,0.45,0.48,0.23,0.26,0.24,0.24,0.38,0.52,LM,MID,4
Mohammed Abbas,CM,United Arab Emirates,0.64,0.65,0.49,0.61,0.66,0.55,0.54,0.68,0.63,0.73,0.63,0.68,0.67,0.49,0.61,0.51,0.6,0.55,0.51,0.59,0.47,0.49,CM,MID,2
Samuel Abifade,LM,Germany,0.64,0.84,0.53,0.54,0.68,0.32,0.68,0.82,0.85,0.75,0.77,0.66,0.59,0.76,0.69,0.68,0.37,0.36,0.27,0.28,0.33,0.59,LM,MID,4
Kevin Ackermann,CM,Sweden,0.64,0.6,0.57,0.59,0.62,0.65,0.79,0.61,0.59,0.64,0.74,0.62,0.65,0.82,0.74,0.77,0.68,0.62,0.64,0.66,0.62,0.56,CM,MID,0
Albert Adomah,RM,Ghana,0.64,0.65,0.61,0.63,0.65,0.61,0.57,0.67,0.63,0.65,0.62,0.66,0.62,0.6,0.49,0.61,0.66,0.53,0.61,0.62,0.51,0.69,RM,MID,6
Sergio Adrián,CM,Bolivia,0.64,0.69,0.55,0.6,0.65,0.6,0.71,0.66,0.71,0.7,0.66,0.62,0.7,0.66,0.83,0.67,0.62,0.58,0.58,0.62,0.58,0.6,CM,MID,6
Adnan Aganović,CM,Croatia,0.64,0.57,0.59,0.69,0.64,0.46,0.66,0.6,0.54,0.56,0.7,0.67,0.6,0.62,0.65,0.66,0.48,0.43,0.42,0.43,0.6,0.7,CM,MID,0
Ali Ahmed,CM,Canada,0.64,0.75,0.55,0.6,0.66,0.61,0.63,0.75,0.75,0.65,0.69,0.67,0.6,0.62,0.67,0.64,0.65,0.62,0.59,0.64,0.48,0.59,CM,MID,6
Jack Aitchison,CAM,Scotland,0.64,0.82,0.6,0.6,0.65,0.26,0.47,0.81,0.82,0.8,0.73,0.64,0.64,0.42,0.64,0.6,0.16,0.14,0.29,0.26,0.57,0.62,CAM,MID,4
Ahmed Al Ghamdi,LM,Saudi Arabia,0.64,0.83,0.59,0.55,0.69,0.41,0.58,0.84,0.83,0.83,0.66,0.67,0.58,0.58,0.59,0.65,0.42,0.45,0.38,0.41,0.45,0.65,LM,MID,4
Romeo Amane,CM,Côte d'Ivoire,0.64,0.8,0.53,0.61,0.7,0.57,0.67,0.82,0.79,0.82,0.85,0.67,0.62,0.61,0.82,0.64,0.56,0.54,0.59,0.64,0.44,0.61,CM,MID,6
Mustafa Amini,CM,Australia,0.64,0.54,0.59,0.61,0.67,0.56,0.68,0.62,0.48,0.78,0.74,0.67,0.63,0.71,0.63,0.62,0.58,0.52,0.57,0.58,0.45,0.68,CM,MID,6
Youssef Amyn,CAM,Iraq,0.64,0.74,0.59,0.57,0.71,0.4,0.43,0.83,0.67,0.9,0.9,0.68,0.63,0.32,0.66,0.52,0.39,0.41,0.42,0.42,0.31,0.66,CAM,MID,4
Jorge Andia,CDM,Bolivia,0.64,0.53,0.56,0.58,0.58,0.58,0.69,0.58,0.49,0.56,0.76,0.59,0.62,0.7,0.78,0.51,0.67,0.55,0.53,0.67,0.31,0.45,CDM,MID,2
Arvin Appiah,LM,England,0.64,0.9,0.6,0.53,0.7,0.28,0.4,0.91,0.9,0.9,0.77,0.67,0.51,0.38,0.46,0.52,0.29,0.26,0.29,0.19,0.44,0.61,LM,MID,4
Ricard Artero,CAM,Spain,0.64,0.68,0.6,0.61,0.65,0.57,0.58,0.72,0.65,0.73,0.63,0.66,0.58,0.57,0.63,0.63,0.59,0.58,0.58,0.54,0.51,0.63,CAM,MID,6
Josh Atencio,CDM,United States,0.64,0.64,0.46,0.52,0.54,0.66,0.74,0.63,0.65,0.58,0.56,0.55,0.63,0.8,0.67,0.78,0.67,0.63,0.64,0.66,0.69,0.65,CDM,MID,0
Mahamadou Ba,CDM,Mali,0.64,0.71,0.55,0.56,0.63,0.61,0.63,0.72,0.71,0.65,0.75,0.65,0.58,0.6,0.63,0.68,0.62,0.65,0.59,0.64,0.55,0.62,CDM,MID,6
Bilal Bafdili,CAM,Belgium,0.64,0.73,0.55,0.61,0.71,0.39,0.41,0.79,0.68,0.77,0.89,0.7,0.47,0.35,0.51,0.5,0.42,0.5,0.37,0.29,0.48,0.53,CAM,MID,3
Owen Bailey,CDM,England,0.64,0.61,0.41,0.56,0.55,0.6,0.78,0.62,0.61,0.49,0.56,0.59,0.61,0.74,0.9,0.72,0.61,0.62,0.59,0.59,0.6,0.51,CDM,MID,0
Agustín Baldi,CDM,Argentina,0.64,0.53,0.54,0.58,0.62,0.63,0.63,0.53,0.53,0.6,0.53,0.68,0.6,0.73,0.47,0.68,0.65,0.68,0.6,0.65,0.6,0.66,CDM,MID,0
Samuel Ballet,RM,Switzerland,0.64,0.78,0.6,0.55,0.65,0.22,0.72,0.79,0.77,0.73,0.75,0.65,0.53,0.8,0.67,0.84,0.2,0.17,0.18,0.14,0.62,0.62,RM,MID,4
Samuel Bamba,LM,Germany,0.64,0.8,0.5,0.57,0.69,0.24,0.44,0.84,0.77,0.85,0.85,0.65,0.58,0.44,0.53,0.47,0.2,0.21,0.27,0.25,0.29,0.52,LM,MID,4
Gabriel Barès,CM,Switzerland,0.64,0.6,0.49,0.64,0.63,0.6,0.64,0.61,0.6,0.6,0.61,0.65,0.6,0.67,0.68,0.62,0.6,0.58,0.6,0.62,0.53,0.55,CM,MID,2
Óscar Barreto,CM,Colombia,0.64,0.69,0.59,0.63,0.68,0.47,0.56,0.65,0.73,0.75,0.77,0.68,0.55,0.52,0.68,0.55,0.39,0.25,0.55,0.56,0.5,0.66,CM,MID,4
Hamza Barry,CM,Gambia,0.64,0.62,0.57,0.61,0.64,0.58,0.62,0.59,0.65,0.68,0.62,0.66,0.64,0.58,0.7,0.54,0.61,0.58,0.57,0.63,0.46,0.59,CM,MID,6
Mika Baur,CAM,Germany,0.64,0.66,0.56,0.62,0.66,0.42,0.54,0.67,0.65,0.72,0.76,0.67,0.48,0.56,0.54,0.57,0.46,0.38,0.37,0.44,0.49,0.56,CAM,MID,4
Niccoló Belloni,LM,Italy,0.64,0.71,0.58,0.6,0.66,0.48,0.59,0.7,0.72,0.74,0.75,0.66,0.63,0.59,0.62,0.58,0.5,0.48,0.5,0.42,0.46,0.7,LM,MID,6
Ben Bender,CAM,United States,0.64,0.67,0.59,0.64,0.63,0.42,0.59,0.65,0.69,0.62,0.61,0.65,0.57,0.55,0.7,0.51,0.36,0.58,0.29,0.6,0.42,0.66,CAM,MID,2
Álex Bernal,CM,Spain,0.64,0.66,0.6,0.6,0.64,0.62,0.68,0.67,0.65,0.66,0.78,0.66,0.62,0.67,0.64,0.6,0.68,0.52,0.61,0.65,0.46,0.59,CM,MID,6
Clément Billemaz,LM,France,0.64,0.81,0.62,0.58,0.67,0.44,0.54,0.8,0.82,0.75,0.8,0.66,0.47,0.59,0.57,0.59,0.42,0.39,0.44,0.51,0.41,0.64,LM,MID,4
Malachi Boateng,CDM,England,0.64,0.6,0.5,0.57,0.63,0.63,0.66,0.54,0.65,0.67,0.65,0.65,0.62,0.68,0.72,0.65,0.63,0.61,0.63,0.66,0.6,0.62,CDM,MID,0
Mateusz Bochnak,RM,Poland,0.64,0.73,0.61,0.56,0.66,0.37,0.58,0.7,0.75,0.72,0.72,0.64,0.63,0.57,0.77,0.5,0.31,0.3,0.45,0.38,0.33,0.6,RM,MID,4
Melayro Bogarde,CDM,Holland,0.64,0.6,0.3,0.52,0.65,0.65,0.62,0.6,0.6,0.73,0.73,0.64,0.62,0.59,0.66,0.67,0.67,0.67,0.64,0.67,0.54,0.4,CDM,MID,2
Lamare Bogarde,CDM,Holland,0.64,0.64,0.46,0.57,0.61,0.63,0.69,0.65,0.63,0.58,0.65,0.64,0.59,0.75,0.59,0.73,0.66,0.62,0.61,0.63,0.6,0.56,CDM,MID,0
Agustín Bolivar,CDM,Argentina,0.64,0.61,0.46,0.58,0.61,0.64,0.63,0.67,0.56,0.69,0.75,0.65,0.65,0.64,0.54,0.69,0.63,0.66,0.64,0.63,0.63,0.59,CDM,MID,0
Elliot Bonds,CDM,Guyana,0.64,0.65,0.49,0.57,0.6,0.6,0.75,0.61,0.68,0.61,0.68,0.62,0.58,0.76,0.71,0.69,0.62,0.61,0.6,0.61,0.54,0.58,CDM,MID,0
Yvandro Borges Sanches,LM,Luxembourg,0.64,0.77,0.57,0.64,0.63,0.53,0.58,0.75,0.78,0.71,0.79,0.54,0.53,0.5,0.64,0.6,0.52,0.52,0.54,0.52,0.54,0.56,LM,MID,6
Yassine Bouchama,CAM,Germany,0.64,0.67,0.59,0.63,0.66,0.5,0.59,0.71,0.64,0.59,0.72,0.67,0.64,0.64,0.55,0.66,0.49,0.45,0.52,0.51,0.52,0.58,CAM,MID,6
Caolán Boyd-Munce,CM,Northern Ireland,0.64,0.61,0.55,0.61,0.64,0.58,0.63,0.6,0.62,0.63,0.67,0.65,0.64,0.59,0.74,0.57,0.6,0.56,0.59,0.58,0.5,0.65,CM,MID,6
Alessio Brambilla,CDM,Italy,0.64,0.63,0.5,0.65,0.62,0.58,0.66,0.6,0.65,0.55,0.59,0.68,0.52,0.69,0.68,0.66,0.63,0.62,0.52,0.57,0.58,0.63,CDM,MID,0
Zachary Brault-Guillard,RM,Canada,0.64,0.88,0.58,0.56,0.63,0.6,0.67,0.85,0.9,0.76,0.83,0.57,0.53,0.68,0.71,0.67,0.64,0.6,0.6,0.6,0.44,0.74,RM,MID,6
Pedro Bravo,CM,Colombia,0.64,0.72,0.52,0.55,0.62,0.58,0.63,0.7,0.73,0.72,0.5,0.69,0.68,0.6,0.74,0.65,0.65,0.54,0.52,0.62,0.55,0.44,CM,MID,6
Enrico Brignola,RM,Italy,0.64,0.76,0.59,0.62,0.68,0.35,0.58,0.83,0.71,0.84,0.84,0.66,0.58,0.58,0.54,0.68,0.31,0.31,0.32,0.4,0.5,0.65,RM,MID,4
Joshua Brillante,CDM,Australia,0.64,0.47,0.55,0.6,0.62,0.6,0.8,0.52,0.43,0.7,0.71,0.61,0.6,0.82,0.91,0.7,0.61,0.61,0.6,0.61,0.56,0.61,CDM,MID,0
Bennit Bröger,CAM,Germany,0.64,0.66,0.45,0.59,0.73,0.35,0.41,0.7,0.62,0.83,0.81,0.73,0.58,0.37,0.54,0.4,0.22,0.3,0.42,0.43,0.39,0.41,CAM,MID,3
Ryan Broom,CM,Wales,0.64,0.83,0.57,0.63,0.67,0.56,0.66,0.86,0.81,0.82,0.81,0.63,0.63,0.59,0.81,0.67,0.59,0.56,0.54,0.6,0.48,0.59,CM,MID,6
James Brophy,LM,England,0.64,0.86,0.51,0.58,0.64,0.55,0.69,0.82,0.89,0.8,0.69,0.61,0.57,0.66,0.84,0.65,0.57,0.56,0.57,0.54,0.42,0.56,LM,MID,6
Jordan Brown,CDM,England,0.64,0.66,0.41,0.56,0.6,0.61,0.71,0.66,0.66,0.64,0.65,0.61,0.62,0.69,0.81,0.65,0.62,0.63,0.6,0.61,0.54,0.48,CDM,MID,2
Finley Burns,CDM,England,0.64,0.58,0.36,0.52,0.59,0.63,0.67,0.55,0.61,0.54,0.46,0.61,0.64,0.7,0.66,0.68,0.63,0.62,0.64,0.63,0.65,0.5,CDM,MID,2
Marco Bustos,RM,Canada,0.64,0.69,0.61,0.61,0.66,0.26,0.53,0.71,0.68,0.84,0.87,0.63,0.61,0.49,0.63,0.54,0.29,0.27,0.2,0.19,0.49,0.62,RM,MID,4
Gustavo Caballero,RM,Paraguay,0.64,0.74,0.56,0.55,0.68,0.28,0.58,0.73,0.75,0.76,0.65,0.65,0.55,0.66,0.63,0.64,0.24,0.29,0.33,0.18,0.47,0.63,RM,MID,4
Catriel Cabellos,CM,Peru,0.64,0.67,0.56,0.63,0.65,0.54,0.53,0.69,0.65,0.72,0.7,0.65,0.68,0.44,0.65,0.43,0.61,0.57,0.49,0.56,0.44,0.55,CM,MID,6
Kévin Cabral,LM,France,0.64,0.85,0.58,0.56,0.66,0.45,0.57,0.84,0.85,0.76,0.59,0.63,0.56,0.63,0.62,0.72,0.45,0.39,0.45,0.43,0.53,0.6,LM,MID,4
Jefferson Caicedo,LM,Ecuador,0.64,0.75,0.56,0.6,0.63,0.23,0.52,0.77,0.73,0.63,0.58,0.63,0.63,0.64,0.34,0.6,0.23,0.21,0.19,0.22,0.37,0.42,LM,MID,3
Álex Calatrava,RM,Spain,0.64,0.73,0.59,0.6,0.68,0.33,0.49,0.74,0.73,0.81,0.74,0.66,0.58,0.44,0.64,0.49,0.34,0.33,0.36,0.21,0.45,0.6,RM,MID,4
Calavera,CM,Spain,0.64,0.64,0.57,0.6,0.64,0.64,0.68,0.63,0.64,0.61,0.68,0.66,0.59,0.65,0.69,0.68,0.66,0.64,0.64,0.63,0.62,0.64,CM,MID,0
Drissa Camara,RM,Côte d'Ivoire,0.64,0.65,0.57,0.63,0.65,0.54,0.58,0.65,0.65,0.62,0.64,0.65,0.58,0.57,0.62,0.56,0.56,0.57,0.53,0.55,0.49,0.63,RM,MID,2
Cole Campbell,RM,United States,0.64,0.73,0.57,0.59,0.69,0.26,0.39,0.78,0.68,0.83,0.77,0.66,0.57,0.36,0.52,0.45,0.21,0.29,0.25,0.27,0.4,0.58,RM,MID,4
Andy Cannon,CM,England,0.64,0.7,0.57,0.62,0.66,0.61,0.66,0.75,0.66,0.82,0.79,0.65,0.65,0.61,0.71,0.67,0.64,0.61,0.59,0.61,0.54,0.58,CM,MID,6
Marko Capan,CM,Croatia,0.64,0.59,0.44,0.69,0.63,0.5,0.6,0.61,0.58,0.59,0.67,0.67,0.54,0.62,0.65,0.53,0.51,0.49,0.53,0.5,0.42,0.54,CM,MID,2
Frederik Carlsen,CM,Denmark,0.64,0.72,0.61,0.62,0.67,0.57,0.66,0.68,0.75,0.63,0.61,0.69,0.63,0.69,0.68,0.71,0.6,0.56,0.58,0.5,0.62,0.66,CM,MID,6
Wikelman Carmona,RM,Venezuela,0.64,0.8,0.57,0.57,0.69,0.39,0.58,0.82,0.78,0.78,0.8,0.67,0.49,0.59,0.61,0.59,0.34,0.31,0.47,0.38,0.36,0.62,RM,MID,4
Santiago Castañeda,CM,United States,0.64,0.7,0.46,0.6,0.65,0.65,0.6,0.72,0.69,0.68,0.6,0.64,0.66,0.6,0.61,0.71,0.62,0.58,0.69,0.68,0.61,0.53,CM,MID,6
Marco Jair Castillo,RM,Ecuador,0.64,0.79,0.33,0.57,0.63,0.55,0.65,0.8,0.78,0.73,0.41,0.63,0.52,0.66,0.7,0.68,0.57,0.54,0.56,0.54,0.48,0.21,RM,MID,2
Luis Armando Castro,CM,Ecuador,0.64,0.59,0.53,0.66,0.65,0.62,0.6,0.62,0.57,0.52,0.65,0.65,0.63,0.62,0.55,0.58,0.64,0.65,0.67,0.59,0.47,0.67,CM,MID,0
Tomás Castro Ponce,CAM,Argentina,0.64,0.67,0.58,0.62,0.66,0.5,0.65,0.68,0.66,0.71,0.67,0.68,0.59,0.7,0.63,0.65,0.55,0.5,0.47,0.45,0.51,0.67,CAM,MID,6
Bruno Jordão,CM,Portugal,0.64,0.65,0.56,0.63,0.68,0.52,0.61,0.67,0.64,0.69,0.68,0.68,0.64,0.62,0.58,0.66,0.56,0.48,0.45,0.55,0.58,0.63,CM,MID,6
Jurgen Çelhaka,CM,Albania,0.64,0.64,0.51,0.63,0.63,0.59,0.66,0.64,0.64,0.64,0.63,0.67,0.6,0.61,0.8,0.57,0.61,0.6,0.59,0.6,0.45,0.59,CM,MID,6
Felipe Chamorro,CAM,Chile,0.64,0.67,0.57,0.62,0.66,0.37,0.61,0.67,0.67,0.67,0.7,0.68,0.56,0.6,0.71,0.55,0.43,0.41,0.34,0.28,0.43,0.63,CAM,MID,4
Chi Zhongguo,CM,China PR,0.64,0.72,0.56,0.62,0.62,0.63,0.66,0.69,0.74,0.74,0.77,0.62,0.61,0.58,0.86,0.66,0.65,0.6,0.62,0.63,0.6,0.65,CM,MID,6
Alphadjo Cissè,CAM,Italy,0.64,0.77,0.59,0.62,0.67,0.46,0.51,0.81,0.73,0.84,0.82,0.64,0.56,0.53,0.54,0.57,0.45,0.41,0.5,0.43,0.43,0.61,CAM,MID,4
Tim Civeja,CM,Albania,0.64,0.65,0.57,0.63,0.66,0.58,0.65,0.66,0.65,0.68,0.69,0.68,0.62,0.63,0.72,0.66,0.58,0.46,0.59,0.61,0.59,0.61,CM,MID,6
Rezan Corlu,CAM,Denmark,0.64,0.78,0.6,0.61,0.67,0.27,0.57,0.8,0.76,0.82,0.89,0.65,0.62,0.57,0.58,0.58,0.28,0.3,0.25,0.23,0.37,0.6,CAM,MID,4
Jordan Cousins,CDM,Jamaica,0.64,0.69,0.5,0.57,0.63,0.6,0.68,0.68,0.7,0.76,0.74,0.63,0.65,0.67,0.7,0.65,0.61,0.59,0.61,0.6,0.53,0.64,CDM,MID,6
Michael Craig,CDM,Scotland,0.64,0.59,0.37,0.55,0.62,0.61,0.63,0.57,0.6,0.59,0.74,0.63,0.6,0.57,0.72,0.54,0.61,0.6,0.63,0.66,0.49,0.5,CDM,MID,2
Ronan Curtis,LM,Republic of Ireland,0.64,0.74,0.64,0.58,0.64,0.48,0.73,0.73,0.75,0.75,0.62,0.64,0.56,0.68,0.76,0.7,0.5,0.47,0.4,0.52,0.55,0.7,LM,MID,6
Pierre Da Silva,LM,United States,0.64,0.7,0.5,0.62,0.65,0.35,0.59,0.72,0.68,0.77,0.73,0.62,0.66,0.58,0.64,0.6,0.3,0.35,0.3,0.44,0.48,0.59,LM,MID,4
Jasper Dahlhaus,LM,Holland,0.64,0.73,0.58,0.57,0.66,0.31,0.54,0.72,0.74,0.63,0.73,0.69,0.61,0.57,0.65,0.55,0.39,0.3,0.23,0.27,0.42,0.67,LM,MID,4
Muhammed Damar,CAM,Germany,0.64,0.64,0.6,0.63,0.68,0.38,0.54,0.6,0.68,0.63,0.67,0.68,0.59,0.58,0.5,0.55,0.36,0.37,0.4,0.31,0.48,0.62,CAM,MID,4
Nicolás Dávila,CM,Ecuador,0.64,0.64,0.51,0.58,0.66,0.61,0.57,0.64,0.64,0.62,0.78,0.65,0.65,0.55,0.6,0.54,0.62,0.54,0.65,0.65,0.46,0.53,CM,MID,2
Yann-Erik de Lanlay,CM,Norway,0.64,0.82,0.6,0.63,0.66,0.59,0.65,0.8,0.84,0.77,0.74,0.66,0.61,0.61,0.76,0.61,0.61,0.6,0.61,0.63,0.41,0.68,CM,MID,6
Patrickson Delgado,CM,Ecuador,0.64,0.59,0.54,0.56,0.64,0.62,0.63,0.56,0.62,0.53,0.74,0.66,0.64,0.6,0.75,0.55,0.65,0.6,0.62,0.66,0.48,0.52,CM,MID,2
Mamadou Diakhon,RM,France,0.64,0.75,0.59,0.57,0.68,0.32,0.48,0.77,0.74,0.75,0.74,0.65,0.63,0.47,0.49,0.56,0.33,0.3,0.32,0.22,0.49,0.65,RM,MID,4
Finn Jesper Dicke,CDM,Holland,0.64,0.6,0.47,0.58,0.59,0.65,0.63,0.61,0.59,0.54,0.61,0.61,0.58,0.61,0.63,0.63,0.66,0.64,0.68,0.62,0.56,0.41,CDM,MID,2
Paul Digby,CDM,England,0.64,0.42,0.52,0.58,0.56,0.62,0.79,0.45,0.4,0.37,0.52,0.6,0.62,0.84,0.81,0.72,0.63,0.61,0.6,0.61,0.64,0.58,CDM,MID,0
Noah Diliberto,CM,France,0.64,0.67,0.47,0.65,0.68,0.52,0.53,0.68,0.67,0.8,0.76,0.67,0.62,0.48,0.62,0.54,0.55,0.6,0.45,0.55,0.53,0.53,CM,MID,6
Mouhamed Diop,CM,Senegal,0.64,0.69,0.54,0.58,0.66,0.52,0.6,0.7,0.68,0.64,0.56,0.68,0.66,0.57,0.67,0.6,0.53,0.51,0.51,0.55,0.51,0.52,CM,MID,6
Elijah Dixon-Bonner,CM,England,0.64,0.6,0.54,0.62,0.66,0.58,0.6,0.62,0.59,0.74,0.79,0.66,0.6,0.57,0.63,0.55,0.61,0.58,0.56,0.6,0.47,0.56,CM,MID,6
Kyliane Dong,RM,France,0.64,0.71,0.61,0.56,0.68,0.23,0.46,0.75,0.68,0.73,0.66,0.66,0.64,0.45,0.57,0.56,0.17,0.23,0.19,0.23,0.51,0.62,RM,MID,4
Jamie Donley,CAM,England,0.64,0.66,0.6,0.6,0.64,0.35,0.54,0.68,0.65,0.71,0.68,0.64,0.6,0.6,0.54,0.63,0.35,0.29,0.36,0.28,0.54,0.59,CAM,MID,4
Liam Donnelly,CM,Northern Ireland,0.64,0.59,0.65,0.6,0.64,0.64,0.69,0.66,0.53,0.65,0.68,0.66,0.62,0.68,0.68,0.71,0.66,0.65,0.62,0.61,0.64,0.66,CM,MID,0
Moyita,CAM,Spain,0.64,0.72,0.63,0.61,0.66,0.45,0.55,0.74,0.71,0.7,0.76,0.64,0.59,0.57,0.68,0.54,0.5,0.44,0.42,0.46,0.36,0.64,CAM,MID,4
Lucian Dumitriu,CM,Romania,0.64,0.72,0.61,0.63,0.64,0.55,0.68,0.7,0.74,0.76,0.68,0.61,0.64,0.68,0.76,0.68,0.59,0.55,0.55,0.49,0.57,0.73,CM,MID,6
Luca Dürholtz,CM,Germany,0.64,0.64,0.53,0.61,0.67,0.59,0.62,0.65,0.63,0.74,0.76,0.67,0.67,0.54,0.75,0.62,0.59,0.55,0.61,0.58,0.6,0.61,CM,MID,6
George Earthy,CAM,England,0.64,0.67,0.58,0.61,0.67,0.38,0.47,0.67,0.67,0.73,0.78,0.66,0.59,0.44,0.58,0.42,0.4,0.38,0.4,0.31,0.42,0.55,CAM,MID,3
Michael Eberwein,CAM,Germany,0.64,0.71,0.63,0.6,0.64,0.34,0.72,0.65,0.76,0.6,0.44,0.65,0.62,0.79,0.76,0.78,0.32,0.23,0.38,0.2,0.67,0.6,CAM,MID,4
Curtis Edwards,CM,England,0.64,0.47,0.62,0.65,0.64,0.57,0.67,0.47,0.47,0.71,0.72,0.64,0.63,0.62,0.73,0.56,0.59,0.57,0.56,0.56,0.53,0.7,CM,MID,0
Malamine Efekele,RM,France,0.64,0.86,0.63,0.55,0.67,0.19,0.5,0.83,0.88,0.8,0.66,0.64,0.57,0.49,0.5,0.62,0.11,0.16,0.17,0.17,0.52,0.64,RM,MID,4
Thomas Eisfeld,CM,Germany,0.64,0.62,0.65,0.67,0.67,0.41,0.57,0.67,0.57,0.77,0.75,0.67,0.65,0.59,0.65,0.53,0.37,0.28,0.5,0.41,0.42,0.71,CM,MID,4
Xian Emmers,CM,Belgium,0.64,0.7,0.57,0.63,0.65,0.58,0.65,0.72,0.69,0.7,0.7,0.65,0.63,0.62,0.71,0.71,0.61,0.6,0.57,0.54,0.61,0.62,CM,MID,6
Ramón Enríquez,CM,Spain,0.64,0.66,0.61,0.64,0.62,0.58,0.64,0.66,0.66,0.62,0.78,0.61,0.63,0.61,0.73,0.62,0.66,0.65,0.44,0.63,0.54,0.67,CM,MID,6
Romain Esse,RM,England,0.64,0.73,0.53,0.59,0.68,0.47,0.56,0.77,0.7,0.69,0.79,0.68,0.6,0.57,0.53,0.62,0.47,0.44,0.45,0.54,0.45,0.54,RM,MID,4
Sultan Farhan,CDM,Saudi Arabia,0.64,0.63,0.42,0.51,0.57,0.61,0.78,0.6,0.65,0.65,0.72,0.6,0.54,0.77,0.8,0.68,0.62,0.62,0.6,0.64,0.51,0.61,CDM,MID,2
Costantino Favasuli,CM,Italy,0.64,0.61,0.55,0.64,0.64,0.59,0.55,0.63,0.59,0.56,0.67,0.67,0.67,0.52,0.53,0.58,0.61,0.6,0.59,0.59,0.56,0.63,CM,MID,2
Kevin Felida,CDM,Curaçao,0.64,0.64,0.48,0.57,0.61,0.61,0.67,0.63,0.65,0.69,0.74,0.61,0.58,0.66,0.69,0.63,0.63,0.62,0.6,0.63,0.54,0.55,CDM,MID,2
Lewis Fiorini,CM,Scotland,0.64,0.67,0.59,0.6,0.66,0.55,0.59,0.71,0.64,0.73,0.8,0.65,0.63,0.52,0.75,0.56,0.58,0.54,0.52,0.57,0.48,0.58,CM,MID,6
Mariusz Fornalczyk,RM,Poland,0.64,0.88,0.5,0.5,0.71,0.27,0.52,0.9,0.87,0.85,0.82,0.67,0.48,0.47,0.66,0.57,0.25,0.29,0.3,0.16,0.42,0.52,RM,MID,4
Jake Forster-Caskey,CM,England,0.64,0.62,0.6,0.65,0.65,0.57,0.63,0.67,0.57,0.76,0.74,0.64,0.64,0.65,0.59,0.63,0.59,0.58,0.57,0.59,0.5,0.64,CM,MID,6
Antonio Foti,CAM,Cyprus,0.64,0.68,0.6,0.6,0.67,0.52,0.55,0.7,0.66,0.7,0.73,0.68,0.63,0.52,0.63,0.57,0.58,0.54,0.45,0.51,0.53,0.6,CAM,MID,6
Ivan Franjic,CAM,Croatia,0.64,0.68,0.58,0.62,0.65,0.29,0.55,0.69,0.68,0.75,0.73,0.65,0.61,0.58,0.62,0.51,0.32,0.3,0.24,0.28,0.35,0.68,CAM,MID,4
Liam Fraser,CDM,Canada,0.64,0.6,0.35,0.59,0.59,0.61,0.74,0.58,0.62,0.61,0.47,0.64,0.55,0.78,0.64,0.82,0.61,0.54,0.63,0.59,0.63,0.43,CDM,MID,2
Nick Freeman,CM,England,0.64,0.71,0.57,0.62,0.66,0.54,0.59,0.72,0.7,0.72,0.7,0.64,0.64,0.6,0.7,0.61,0.59,0.48,0.5,0.58,0.45,0.62,CM,MID,6
Ethan Galbraith,CAM,Northern Ireland,0.64,0.72,0.59,0.62,0.66,0.61,0.6,0.75,0.69,0.81,0.84,0.64,0.63,0.53,0.73,0.58,0.62,0.61,0.63,0.61,0.49,0.66,CAM,MID,6
Braian Galván,RM,Argentina,0.64,0.79,0.57,0.58,0.68,0.43,0.58,0.82,0.76,0.84,0.87,0.65,0.56,0.56,0.6,0.71,0.39,0.41,0.4,0.46,0.58,0.6,RM,MID,4
Matthew Garbett,CAM,New Zealand,0.64,0.73,0.6,0.61,0.66,0.51,0.66,0.74,0.72,0.75,0.74,0.65,0.61,0.64,0.72,0.67,0.54,0.51,0.46,0.53,0.52,0.63,CAM,MID,6
Naim García,RM,Spain,0.64,0.6,0.63,0.6,0.68,0.33,0.5,0.59,0.61,0.56,0.7,0.72,0.5,0.51,0.59,0.49,0.37,0.26,0.36,0.19,0.45,0.7,RM,MID,3
Timur Gayret,CAM,Germany,0.64,0.69,0.58,0.59,0.66,0.42,0.57,0.71,0.67,0.64,0.71,0.66,0.67,0.55,0.63,0.54,0.43,0.46,0.4,0.45,0.39,0.59,CAM,MID,4
Gelardo,CM,Spain,0.64,0.64,0.56,0.63,0.64,0.51,0.55,0.64,0.64,0.66,0.59,0.69,0.58,0.57,0.63,0.51,0.56,0.4,0.52,0.53,0.41,0.58,CM,MID,2
Tyrique George,LM,England,0.64,0.81,0.62,0.58,0.68,0.32,0.52,0.82,0.8,0.85,0.81,0.66,0.52,0.5,0.6,0.55,0.35,0.25,0.3,0.3,0.38,0.71,LM,MID,4
Alberto Gerbo,CM,Italy,0.64,0.78,0.52,0.63,0.7,0.5,0.62,0.76,0.79,0.82,0.78,0.66,0.6,0.54,0.75,0.56,0.58,0.59,0.32,0.65,0.44,0.67,CM,MID,6
Ion Gheorghe,LM,Romania,0.64,0.84,0.58,0.6,0.64,0.44,0.6,0.87,0.81,0.83,0.8,0.61,0.54,0.53,0.76,0.57,0.47,0.41,0.46,0.43,0.35,0.64,LM,MID,4
Fernando Godoy,CM,Argentina,0.64,0.58,0.55,0.62,0.63,0.64,0.68,0.5,0.64,0.63,0.72,0.68,0.63,0.63,0.7,0.69,0.65,0.64,0.63,0.65,0.59,0.67,CM,MID,0
Luka Gojković,CAM,Serbia,0.64,0.69,0.56,0.64,0.66,0.33,0.54,0.68,0.7,0.73,0.74,0.65,0.57,0.57,0.61,0.52,0.32,0.31,0.35,0.29,0.39,0.55,CAM,MID,4
David Tavares,CM,Cape Verde Islands,0.64,0.72,0.56,0.59,0.67,0.59,0.74,0.75,0.7,0.68,0.74,0.67,0.7,0.77,0.68,0.71,0.62,0.64,0.56,0.6,0.47,0.74,CM,MID,6
Erick Gonzáles,CDM,Peru,0.64,0.59,0.32,0.56,0.52,0.59,0.69,0.59,0.59,0.51,0.49,0.61,0.58,0.72,0.7,0.57,0.63,0.61,0.58,0.61,0.42,0.48,CDM,MID,2
Brian González,RM,Uruguay,0.64,0.75,0.61,0.61,0.65,0.37,0.57,0.75,0.75,0.78,0.72,0.65,0.57,0.54,0.58,0.49,0.32,0.24,0.46,0.41,0.28,0.64,RM,MID,4
David González,CM,Argentina,0.64,0.64,0.54,0.65,0.67,0.48,0.51,0.63,0.64,0.64,0.79,0.68,0.54,0.46,0.6,0.49,0.56,0.47,0.43,0.45,0.49,0.6,CM,MID,2
Nono,CM,Spain,0.64,0.79,0.67,0.66,0.68,0.41,0.59,0.81,0.77,0.91,0.89,0.66,0.66,0.55,0.72,0.74,0.32,0.27,0.4,0.52,0.65,0.75,CM,MID,1
Saulo Guerra,RM,Bolivia,0.64,0.68,0.56,0.62,0.63,0.59,0.59,0.68,0.68,0.63,0.7,0.63,0.55,0.55,0.72,0.52,0.63,0.59,0.58,0.6,0.44,0.55,RM,MID,6
Matthew Guillaumier,CDM,Malta,0.64,0.67,0.59,0.64,0.64,0.6,0.67,0.66,0.67,0.63,0.76,0.63,0.57,0.65,0.8,0.71,0.63,0.55,0.57,0.58,0.68,0.65,CDM,MID,6
Callum Guy,CDM,England,0.64,0.66,0.54,0.63,0.62,0.6,0.68,0.66,0.66,0.77,0.71,0.62,0.6,0.65,0.88,0.63,0.61,0.59,0.6,0.64,0.52,0.58,CDM,MID,6
Ajdin Hasić,RM,Bosnia and Herzegovina,0.64,0.78,0.59,0.61,0.72,0.38,0.41,0.79,0.77,0.9,0.74,0.68,0.52,0.42,0.32,0.51,0.37,0.36,0.46,0.25,0.45,0.68,RM,MID,4
Jessé Hautier,RM,Switzerland,0.64,0.6,0.54,0.6,0.65,0.3,0.55,0.6,0.6,0.62,0.72,0.64,0.61,0.5,0.72,0.57,0.24,0.2,0.33,0.26,0.58,0.49,RM,MID,3
Mark Helm,CAM,England,0.64,0.7,0.6,0.61,0.66,0.5,0.57,0.7,0.7,0.73,0.77,0.64,0.62,0.56,0.62,0.52,0.56,0.54,0.48,0.46,0.4,0.61,CAM,MID,6
José Manuel Hernández,RM,Venezuela,0.64,0.71,0.62,0.61,0.65,0.38,0.59,0.71,0.71,0.7,0.6,0.65,0.55,0.6,0.59,0.67,0.25,0.23,0.44,0.45,0.55,0.67,RM,MID,4
Simen Hestnes,CM,Norway,0.64,0.72,0.52,0.62,0.64,0.54,0.68,0.71,0.72,0.66,0.64,0.64,0.61,0.61,0.89,0.62,0.56,0.56,0.5,0.61,0.48,0.55,CM,MID,6
Joe Hodge,CDM,Republic of Ireland,0.64,0.66,0.53,0.61,0.65,0.59,0.6,0.7,0.62,0.73,0.79,0.65,0.62,0.54,0.64,0.55,0.61,0.6,0.6,0.61,0.48,0.57,CDM,MID,6
Raphael Hofer,CM,Austria,0.64,0.55,0.59,0.67,0.64,0.59,0.68,0.54,0.55,0.66,0.67,0.66,0.62,0.68,0.71,0.59,0.6,0.62,0.62,0.58,0.5,0.71,CM,MID,0
Jonas Hofmann,CM,Germany,0.64,0.68,0.52,0.64,0.65,0.61,0.57,0.67,0.68,0.81,0.82,0.64,0.67,0.45,0.71,0.49,0.61,0.61,0.65,0.63,0.48,0.73,CM,MID,6
Oscar Højlund,CM,Denmark,0.64,0.74,0.56,0.6,0.66,0.61,0.66,0.76,0.72,0.79,0.74,0.64,0.65,0.64,0.69,0.72,0.61,0.62,0.6,0.63,0.56,0.57,CM,MID,6
Odin Thiago Holm,CM,Norway,0.64,0.78,0.55,0.64,0.64,0.55,0.59,0.82,0.75,0.8,0.83,0.62,0.62,0.56,0.63,0.64,0.61,0.59,0.48,0.57,0.47,0.58,CM,MID,6
Isaac Hutchinson,CM,England,0.64,0.72,0.61,0.64,0.66,0.52,0.67,0.74,0.71,0.72,0.75,0.64,0.63,0.65,0.81,0.6,0.55,0.53,0.52,0.5,0.44,0.64,CM,MID,6
Franco Ibarra,CDM,Argentina,0.64,0.67,0.45,0.55,0.59,0.65,0.64,0.68,0.66,0.63,0.68,0.59,0.63,0.58,0.71,0.63,0.68,0.63,0.64,0.65,0.57,0.54,CDM,MID,2
Emirhan İlkhan,CM,Turkey,0.64,0.66,0.58,0.63,0.7,0.5,0.48,0.68,0.64,0.73,0.76,0.68,0.54,0.35,0.67,0.44,0.55,0.5,0.45,0.5,0.49,0.62,CM,MID,6
Aziel Jackson,CAM,United States,0.64,0.77,0.57,0.57,0.71,0.33,0.51,0.79,0.75,0.86,0.82,0.65,0.53,0.58,0.36,0.57,0.4,0.32,0.29,0.3,0.35,0.64,CAM,MID,4
Alexandre Jankewitz,CDM,Switzerland,0.64,0.68,0.57,0.61,0.66,0.58,0.71,0.69,0.67,0.7,0.65,0.65,0.62,0.72,0.76,0.63,0.6,0.58,0.56,0.57,0.57,0.67,CDM,MID,6
Paweł Jaroszyński,LM,Poland,0.64,0.63,0.53,0.63,0.63,0.64,0.71,0.63,0.63,0.64,0.59,0.63,0.62,0.74,0.67,0.72,0.64,0.63,0.64,0.67,0.6,0.51,LM,MID,0
Jauregizar,CM,Spain,0.64,0.6,0.55,0.57,0.62,0.56,0.57,0.55,0.64,0.52,0.68,0.65,0.66,0.58,0.59,0.49,0.65,0.48,0.48,0.65,0.42,0.45,CM,MID,2
Keegan Jelacic,LM,Australia,0.64,0.74,0.57,0.6,0.65,0.54,0.69,0.77,0.71,0.8,0.75,0.62,0.62,0.65,0.77,0.67,0.57,0.56,0.52,0.55,0.49,0.6,LM,MID,6
Fredrik Oldrup Jensen,CDM,Norway,0.64,0.5,0.51,0.57,0.6,0.63,0.7,0.52,0.48,0.62,0.62,0.62,0.61,0.7,0.75,0.63,0.63,0.61,0.64,0.66,0.58,0.62,CDM,MID,0
Filip Jørgensen,CM,Norway,0.64,0.73,0.55,0.6,0.67,0.57,0.64,0.74,0.73,0.81,0.8,0.65,0.64,0.59,0.78,0.65,0.56,0.53,0.57,0.61,0.54,0.57,CM,MID,6
Jorquera,LM,Spain,0.64,0.7,0.53,0.61,0.64,0.28,0.51,0.68,0.71,0.65,0.66,0.64,0.54,0.57,0.57,0.56,0.32,0.25,0.24,0.22,0.45,0.52,LM,MID,3
Sullay Kaikai,RM,Sierra Leone,0.64,0.82,0.61,0.6,0.66,0.48,0.52,0.8,0.84,0.82,0.74,0.63,0.59,0.57,0.51,0.58,0.51,0.52,0.48,0.47,0.39,0.66,RM,MID,4
Sherif Kallaku,CAM,Albania,0.64,0.69,0.6,0.62,0.65,0.36,0.44,0.75,0.64,0.68,0.56,0.64,0.63,0.42,0.49,0.44,0.39,0.28,0.35,0.36,0.37,0.56,CAM,MID,3
Bernard Kamungo,RM,United States,0.64,0.77,0.64,0.54,0.67,0.45,0.48,0.78,0.77,0.64,0.78,0.64,0.52,0.48,0.55,0.62,0.48,0.42,0.42,0.39,0.56,0.66,RM,MID,4
Kang Seong Jin,RM,Korea Republic,0.64,0.8,0.58,0.53,0.67,0.27,0.57,0.81,0.79,0.83,0.64,0.61,0.61,0.61,0.64,0.63,0.26,0.25,0.25,0.24,0.43,0.64,RM,MID,4
Abdoulaye Kanté,CDM,Côte d'Ivoire,0.64,0.63,0.4,0.55,0.6,0.63,0.62,0.68,0.59,0.67,0.68,0.61,0.59,0.59,0.66,0.64,0.68,0.65,0.6,0.63,0.57,0.49,CDM,MID,2
Gregory Karlen,CM,Switzerland,0.64,0.65,0.64,0.63,0.65,0.57,0.65,0.63,0.66,0.63,0.59,0.67,0.63,0.66,0.58,0.69,0.59,0.55,0.56,0.52,0.65,0.67,CM,MID,0
Sander Erik Kartum,CM,Norway,0.64,0.73,0.54,0.64,0.66,0.55,0.64,0.76,0.71,0.76,0.71,0.65,0.6,0.59,0.76,0.66,0.58,0.55,0.54,0.55,0.52,0.6,CM,MID,6
Felix Keidel,CM,Germany,0.64,0.7,0.42,0.63,0.66,0.57,0.59,0.74,0.66,0.76,0.75,0.69,0.66,0.57,0.73,0.66,0.59,0.54,0.58,0.55,0.56,0.53,CM,MID,6
Tidiane Keita,CM,France,0.64,0.7,0.53,0.63,0.64,0.55,0.64,0.75,0.66,0.65,0.69,0.66,0.64,0.63,0.67,0.7,0.59,0.52,0.49,0.57,0.58,0.62,CM,MID,6
Kader Keïta,CDM,Côte d'Ivoire,0.64,0.66,0.44,0.56,0.61,0.61,0.71,0.67,0.66,0.61,0.69,0.6,0.65,0.69,0.8,0.67,0.61,0.58,0.67,0.55,0.55,0.51,CDM,MID,2
Benji Kikanović,LM,United States,0.64,0.87,0.58,0.49,0.64,0.24,0.63,0.88,0.87,0.62,0.64,0.62,0.65,0.71,0.63,0.81,0.23,0.12,0.2,0.19,0.59,0.63,LM,MID,4
Kim Min Hyeok,CDM,Korea Republic,0.64,0.57,0.59,0.6,0.64,0.56,0.73,0.66,0.49,0.63,0.69,0.65,0.61,0.73,0.79,0.68,0.57,0.49,0.57,0.58,0.54,0.62,CDM,MID,0
Kristian Kirkegaard,LM,Denmark,0.64,0.75,0.61,0.61,0.64,0.35,0.56,0.76,0.74,0.78,0.69,0.64,0.6,0.53,0.65,0.53,0.32,0.35,0.38,0.32,0.36,0.63,LM,MID,4
Martin Kobylański,CAM,Poland,0.64,0.61,0.66,0.66,0.66,0.36,0.53,0.66,0.57,0.74,0.81,0.68,0.62,0.58,0.51,0.57,0.36,0.27,0.33,0.41,0.48,0.78,CAM,MID,4
Tobias Koch,CM,Austria,0.64,0.66,0.54,0.61,0.64,0.59,0.73,0.64,0.68,0.67,0.7,0.66,0.6,0.73,0.82,0.67,0.63,0.62,0.56,0.59,0.53,0.56,CM,MID,6
Ozan Can Kökçü,CAM,Azerbaijan,0.64,0.64,0.59,0.65,0.62,0.43,0.5,0.7,0.59,0.55,0.74,0.65,0.58,0.39,0.56,0.46,0.51,0.6,0.38,0.28,0.48,0.65,CAM,MID,3
Niklas Kölle,LM,Germany,0.64,0.8,0.48,0.55,0.62,0.59,0.7,0.82,0.78,0.73,0.77,0.6,0.65,0.69,0.77,0.7,0.6,0.58,0.61,0.6,0.47,0.42,LM,MID,6
Mert Kömür,CAM,Germany,0.64,0.65,0.61,0.59,0.7,0.38,0.51,0.63,0.67,0.71,0.71,0.69,0.6,0.49,0.56,0.49,0.35,0.42,0.43,0.26,0.47,0.69,CAM,MID,4
Morten Ågnes Konradsen,CM,Norway,0.64,0.67,0.57,0.63,0.66,0.61,0.66,0.73,0.62,0.74,0.71,0.66,0.66,0.66,0.74,0.7,0.62,0.6,0.62,0.62,0.56,0.61,CM,MID,6
Emil Kornvig,CM,Denmark,0.64,0.64,0.57,0.62,0.65,0.59,0.65,0.67,0.62,0.63,0.67,0.65,0.67,0.63,0.71,0.63,0.63,0.55,0.57,0.59,0.54,0.64,CM,MID,6
Kreshnik Krasniqi,CM,Kosovo,0.64,0.62,0.57,0.61,0.64,0.59,0.69,0.62,0.62,0.67,0.7,0.65,0.64,0.69,0.77,0.66,0.59,0.56,0.59,0.62,0.55,0.63,CM,MID,0
Luca Kronberger,LM,Austria,0.64,0.69,0.58,0.59,0.62,0.35,0.67,0.69,0.69,0.71,0.63,0.62,0.58,0.69,0.7,0.62,0.36,0.35,0.32,0.31,0.48,0.6,LM,MID,4
Theodore Ku-DiPietro,LM,United States,0.64,0.73,0.59,0.52,0.68,0.35,0.56,0.72,0.73,0.7,0.67,0.68,0.58,0.58,0.65,0.54,0.33,0.28,0.4,0.35,0.35,0.62,LM,MID,4
Daniel Kyerewaa,RM,Germany,0.64,0.79,0.47,0.58,0.7,0.46,0.58,0.79,0.79,0.86,0.85,0.66,0.6,0.55,0.71,0.56,0.49,0.47,0.45,0.48,0.34,0.58,RM,MID,4
Mathis Lachuer,CM,France,0.64,0.8,0.51,0.67,0.71,0.55,0.41,0.81,0.79,0.83,0.86,0.71,0.6,0.43,0.45,0.48,0.66,0.62,0.5,0.5,0.35,0.48,CM,MID,6
Tygo Land,CM,Holland,0.64,0.74,0.53,0.64,0.71,0.53,0.47,0.72,0.75,0.78,0.62,0.74,0.62,0.39,0.57,0.59,0.5,0.55,0.53,0.56,0.5,0.58,CM,MID,6
Antoine Larose,RM,France,0.64,0.72,0.61,0.58,0.67,0.32,0.56,0.69,0.74,0.67,0.68,0.68,0.57,0.58,0.6,0.58,0.28,0.29,0.31,0.32,0.49,0.64,RM,MID,4
Mads Larsen,CM,Denmark,0.64,0.69,0.57,0.61,0.64,0.57,0.48,0.7,0.69,0.74,0.66,0.63,0.67,0.49,0.36,0.58,0.65,0.6,0.43,0.66,0.57,0.56,CM,MID,2
Lee Kang Hyeon,CDM,Korea Republic,0.64,0.61,0.44,0.51,0.57,0.61,0.76,0.65,0.58,0.61,0.62,0.62,0.54,0.8,0.76,0.68,0.63,0.56,0.6,0.66,0.48,0.55,CDM,MID,2
Lee Jae Won,CM,Korea Republic,0.64,0.65,0.57,0.6,0.68,0.56,0.64,0.68,0.63,0.74,0.88,0.67,0.6,0.62,0.78,0.59,0.61,0.51,0.53,0.63,0.45,0.63,CM,MID,6
Tommy Leigh,CAM,England,0.64,0.71,0.63,0.62,0.64,0.53,0.71,0.69,0.72,0.68,0.65,0.63,0.63,0.7,0.83,0.71,0.58,0.52,0.45,0.52,0.6,0.64,CAM,MID,6
Noha Lemina,LM,Gabon,0.64,0.77,0.6,0.58,0.69,0.29,0.53,0.78,0.77,0.8,0.84,0.65,0.58,0.59,0.49,0.58,0.28,0.29,0.28,0.27,0.39,0.7,LM,MID,4
Rubén Lezcano,CM,Paraguay,0.64,0.67,0.52,0.6,0.65,0.56,0.58,0.68,0.67,0.7,0.55,0.67,0.61,0.54,0.7,0.5,0.62,0.54,0.54,0.57,0.43,0.59,CM,MID,6
Li Tixiang,CDM,China PR,0.64,0.66,0.54,0.61,0.63,0.57,0.72,0.62,0.7,0.67,0.74,0.64,0.56,0.69,0.84,0.66,0.59,0.54,0.56,0.59,0.57,0.68,CDM,MID,6
Rai Pablo Lima,CM,Bolivia,0.64,0.66,0.57,0.63,0.65,0.55,0.62,0.67,0.65,0.64,0.7,0.65,0.59,0.6,0.71,0.59,0.63,0.58,0.47,0.55,0.48,0.55,CM,MID,6
Armani Little,CM,England,0.64,0.78,0.61,0.62,0.66,0.58,0.64,0.79,0.77,0.85,0.87,0.62,0.61,0.49,0.81,0.64,0.61,0.57,0.56,0.58,0.58,0.62,CM,MID,6
Liu Yun,RM,China PR,0.64,0.79,0.6,0.6,0.62,0.54,0.62,0.8,0.79,0.85,0.68,0.57,0.64,0.59,0.76,0.6,0.54,0.57,0.57,0.51,0.43,0.61,RM,MID,6
Fran Manzanara,CDM,Spain,0.64,0.64,0.5,0.57,0.63,0.63,0.64,0.62,0.65,0.65,0.64,0.64,0.6,0.65,0.63,0.68,0.63,0.61,0.64,0.63,0.62,0.56,CDM,MID,0
López-Pinto,LM,Spain,0.64,0.67,0.61,0.59,0.65,0.28,0.64,0.65,0.69,0.61,0.64,0.67,0.56,0.67,0.68,0.64,0.28,0.32,0.22,0.23,0.54,0.71,LM,MID,4
Dani Lorenzo,CM,Spain,0.64,0.69,0.52,0.64,0.66,0.6,0.55,0.71,0.68,0.64,0.73,0.67,0.62,0.49,0.56,0.63,0.61,0.67,0.57,0.56,0.64,0.56,CM,MID,6
Victor Loturi,CDM,Canada,0.64,0.69,0.54,0.61,0.68,0.6,0.63,0.65,0.73,0.74,0.83,0.67,0.65,0.62,0.7,0.59,0.63,0.6,0.61,0.6,0.48,0.59,CDM,MID,6
Angelo Lucena,RM,Venezuela,0.64,0.7,0.61,0.62,0.63,0.5,0.51,0.68,0.71,0.57,0.84,0.63,0.65,0.42,0.62,0.48,0.48,0.52,0.4,0.65,0.5,0.68,RM,MID,6
Cristhian Machado,CDM,Bolivia,0.64,0.75,0.44,0.54,0.59,0.61,0.68,0.75,0.75,0.69,0.76,0.67,0.59,0.61,0.8,0.63,0.67,0.62,0.59,0.6,0.48,0.49,CDM,MID,6
Gary Mackay-Steven,LM,Scotland,0.64,0.76,0.58,0.59,0.66,0.36,0.54,0.79,0.74,0.82,0.81,0.64,0.59,0.56,0.55,0.63,0.35,0.33,0.4,0.25,0.47,0.62,LM,MID,4
Abdussalam Magashy,CAM,Nigeria,0.64,0.79,0.6,0.59,0.66,0.6,0.78,0.78,0.79,0.83,0.84,0.63,0.63,0.77,0.83,0.8,0.61,0.6,0.58,0.6,0.59,0.64,CAM,MID,6
Mikkel Maigaard,LM,Denmark,0.64,0.6,0.59,0.65,0.63,0.54,0.66,0.57,0.62,0.66,0.63,0.65,0.61,0.63,0.77,0.63,0.58,0.53,0.49,0.56,0.58,0.61,LM,MID,0
Julián Marchioni,CM,Argentina,0.64,0.55,0.59,0.62,0.62,0.61,0.71,0.47,0.61,0.61,0.59,0.63,0.66,0.77,0.76,0.63,0.62,0.55,0.64,0.6,0.52,0.62,CM,MID,0
Richonell Margaret,RM,Holland,0.64,0.77,0.6,0.56,0.66,0.23,0.65,0.77,0.77,0.82,0.64,0.62,0.58,0.66,0.76,0.7,0.2,0.18,0.21,0.18,0.52,0.65,RM,MID,4
Eman Marković,LM,Norway,0.64,0.77,0.57,0.57,0.66,0.32,0.61,0.79,0.75,0.81,0.76,0.65,0.57,0.6,0.74,0.68,0.29,0.24,0.4,0.21,0.5,0.58,LM,MID,4
Ariel Martínez,CM,Chile,0.64,0.63,0.59,0.66,0.69,0.49,0.63,0.66,0.61,0.79,0.72,0.69,0.57,0.67,0.68,0.56,0.41,0.49,0.52,0.58,0.41,0.7,CM,MID,6
Felipe,CDM,Brazil,0.64,0.47,0.63,0.65,0.65,0.59,0.65,0.54,0.41,0.67,0.7,0.66,0.6,0.61,0.67,0.5,0.61,0.59,0.62,0.6,0.43,0.67,CDM,MID,0
Edoardo Masciangelo,LM,Italy,0.64,0.8,0.54,0.61,0.65,0.6,0.65,0.81,0.8,0.74,0.81,0.64,0.58,0.65,0.66,0.71,0.64,0.59,0.63,0.54,0.51,0.64,LM,MID,6
Jay Matete,CM,England,0.64,0.73,0.55,0.61,0.7,0.62,0.67,0.74,0.73,0.85,0.83,0.65,0.65,0.57,0.75,0.63,0.67,0.65,0.59,0.64,0.52,0.59,CM,MID,6
Aïman Maurer,LM,Morocco,0.64,0.59,0.58,0.63,0.69,0.38,0.44,0.63,0.56,0.59,0.72,0.69,0.63,0.46,0.41,0.48,0.33,0.46,0.41,0.3,0.47,0.67,LM,MID,3
Niklas May,LM,Germany,0.64,0.74,0.48,0.59,0.65,0.62,0.61,0.72,0.76,0.74,0.73,0.63,0.66,0.59,0.69,0.63,0.61,0.57,0.64,0.66,0.51,0.52,LM,MID,6
Danny Mayor,CM,England,0.64,0.62,0.58,0.64,0.66,0.48,0.66,0.65,0.59,0.74,0.73,0.66,0.65,0.65,0.8,0.62,0.52,0.42,0.42,0.51,0.5,0.62,CM,MID,6
Aaron McEneff,CM,Republic of Ireland,0.64,0.66,0.59,0.64,0.65,0.58,0.66,0.67,0.65,0.73,0.7,0.65,0.61,0.65,0.75,0.63,0.62,0.59,0.56,0.58,0.5,0.66,CM,MID,6
Tommy McNamara,CM,United States,0.64,0.46,0.65,0.66,0.65,0.53,0.64,0.5,0.42,0.71,0.67,0.66,0.59,0.67,0.52,0.51,0.6,0.53,0.49,0.56,0.42,0.74,CM,MID,0
Santiago Mederos,LM,Uruguay,0.64,0.72,0.65,0.59,0.69,0.43,0.54,0.72,0.72,0.65,0.7,0.7,0.51,0.56,0.6,0.54,0.48,0.48,0.35,0.48,0.38,0.74,LM,MID,4
Jorge Mendoza,CM,Paraguay,0.64,0.63,0.65,0.66,0.67,0.41,0.58,0.61,0.65,0.67,0.72,0.67,0.55,0.52,0.67,0.55,0.38,0.29,0.4,0.47,0.53,0.61,CM,MID,4
Patrik Mercado,CM,Ecuador,0.64,0.72,0.58,0.57,0.64,0.59,0.56,0.71,0.72,0.54,0.75,0.64,0.63,0.49,0.68,0.48,0.58,0.59,0.62,0.63,0.4,0.63,CM,MID,6
Benji Michel,LM,United States,0.64,0.82,0.64,0.53,0.64,0.22,0.58,0.83,0.82,0.76,0.7,0.64,0.59,0.58,0.63,0.75,0.16,0.16,0.19,0.19,0.65,0.63,LM,MID,4
Alex Mighten,LM,England,0.64,0.78,0.54,0.56,0.71,0.27,0.48,0.87,0.71,0.89,0.83,0.7,0.58,0.49,0.58,0.52,0.34,0.29,0.24,0.2,0.27,0.62,LM,MID,4
Nikola Mileusnić,RM,Australia,0.64,0.87,0.59,0.56,0.63,0.42,0.66,0.84,0.89,0.77,0.72,0.58,0.64,0.67,0.78,0.7,0.45,0.38,0.38,0.45,0.47,0.66,RM,MID,4
Sebastian Milewski,CDM,Poland,0.64,0.71,0.53,0.61,0.64,0.6,0.67,0.69,0.73,0.67,0.74,0.66,0.6,0.65,0.8,0.63,0.61,0.6,0.61,0.61,0.5,0.52,CDM,MID,6
Muzepper Mirahmetjan,CM,China PR,0.64,0.68,0.64,0.65,0.63,0.6,0.76,0.69,0.68,0.74,0.64,0.64,0.59,0.75,0.87,0.75,0.59,0.6,0.6,0.6,0.62,0.72,CM,MID,0
Luke Molyneux,RM,England,0.64,0.82,0.59,0.58,0.63,0.48,0.61,0.84,0.81,0.74,0.74,0.6,0.56,0.58,0.81,0.69,0.48,0.49,0.46,0.49,0.53,0.59,RM,MID,6
Mikey Moore,LM,England,0.64,0.75,0.6,0.6,0.66,0.35,0.51,0.76,0.75,0.74,0.77,0.66,0.56,0.53,0.56,0.62,0.32,0.27,0.38,0.29,0.51,0.62,LM,MID,4
Ryoya Morishita,RM,Japan,0.64,0.71,0.57,0.58,0.66,0.59,0.61,0.74,0.69,0.77,0.81,0.63,0.62,0.56,0.73,0.62,0.63,0.61,0.58,0.6,0.5,0.62,RM,MID,6
Nicola Mosti,CAM,Italy,0.64,0.62,0.52,0.63,0.66,0.42,0.51,0.62,0.62,0.71,0.73,0.68,0.6,0.51,0.58,0.47,0.49,0.39,0.41,0.33,0.42,0.5,CAM,MID,3
Vitinho,CM,Brazil,0.64,0.65,0.64,0.63,0.66,0.53,0.55,0.64,0.66,0.7,0.77,0.63,0.62,0.57,0.63,0.62,0.53,0.55,0.49,0.58,0.56,0.7,CM,MID,6
Mun Ji Hwan,CM,Korea Republic,0.64,0.57,0.47,0.57,0.59,0.64,0.77,0.61,0.54,0.62,0.57,0.66,0.62,0.77,0.81,0.76,0.68,0.59,0.61,0.65,0.67,0.52,CM,MID,0
Romaine Mundle,LM,England,0.64,0.77,0.56,0.57,0.71,0.38,0.55,0.82,0.73,0.78,0.76,0.7,0.54,0.56,0.54,0.6,0.44,0.3,0.39,0.31,0.42,0.61,LM,MID,4
Torben Müsel,CM,Germany,0.64,0.68,0.63,0.61,0.68,0.46,0.67,0.67,0.68,0.68,0.65,0.7,0.67,0.69,0.74,0.7,0.43,0.4,0.43,0.52,0.61,0.64,CM,MID,6
Niclas Nadj,CAM,Germany,0.64,0.69,0.53,0.6,0.67,0.36,0.56,0.74,0.64,0.75,0.77,0.63,0.63,0.58,0.56,0.54,0.39,0.39,0.38,0.28,0.34,0.51,CAM,MID,4
Harrison Neal,CDM,England,0.64,0.43,0.45,0.57,0.56,0.61,0.7,0.39,0.46,0.48,0.52,0.6,0.62,0.66,0.81,0.57,0.62,0.58,0.62,0.6,0.55,0.49,CDM,MID,0
Aaron Nemane,RM,France,0.64,0.89,0.53,0.55,0.66,0.52,0.52,0.9,0.89,0.91,0.91,0.6,0.57,0.34,0.9,0.5,0.53,0.52,0.51,0.54,0.43,0.56,RM,MID,4
Jack Nolan,RM,England,0.64,0.66,0.61,0.61,0.64,0.47,0.68,0.69,0.64,0.72,0.71,0.62,0.6,0.71,0.81,0.6,0.5,0.47,0.48,0.46,0.4,0.64,RM,MID,6
Abdulaziz Noor,RM,Sudan,0.64,0.77,0.56,0.61,0.6,0.3,0.56,0.78,0.77,0.62,0.72,0.59,0.57,0.57,0.56,0.66,0.3,0.28,0.24,0.29,0.53,0.52,RM,MID,4
Gustaf Norlin,LM,Sweden,0.64,0.74,0.56,0.59,0.63,0.37,0.61,0.76,0.72,0.72,0.69,0.63,0.55,0.59,0.77,0.57,0.39,0.25,0.38,0.36,0.38,0.55,LM,MID,4
Conor Noß,CAM,Republic of Ireland,0.64,0.81,0.57,0.59,0.72,0.32,0.49,0.86,0.76,0.78,0.76,0.7,0.55,0.46,0.56,0.59,0.39,0.32,0.21,0.29,0.46,0.65,CAM,MID,4
Richard Nuñez,CDM,Uruguay,0.64,0.62,0.57,0.6,0.55,0.63,0.65,0.62,0.62,0.62,0.51,0.48,0.71,0.66,0.62,0.58,0.68,0.58,0.64,0.65,0.45,0.54,CDM,MID,2
Ethan Nwaneri,CAM,England,0.64,0.68,0.62,0.62,0.67,0.39,0.5,0.71,0.65,0.74,0.78,0.67,0.57,0.51,0.52,0.51,0.35,0.3,0.43,0.4,0.42,0.62,CAM,MID,4
Brandon O'Neill,CM,Australia,0.64,0.56,0.59,0.64,0.62,0.61,0.71,0.61,0.52,0.69,0.75,0.61,0.62,0.67,0.83,0.65,0.61,0.6,0.59,0.65,0.56,0.63,CM,MID,0
Abraham Odoh,LM,England,0.64,0.88,0.58,0.56,0.67,0.47,0.72,0.86,0.9,0.82,0.9,0.63,0.59,0.77,0.61,0.71,0.49,0.44,0.49,0.47,0.37,0.58,LM,MID,4
Ebenezer Ofori,CM,Ghana,0.64,0.71,0.55,0.62,0.67,0.6,0.69,0.74,0.69,0.78,0.79,0.67,0.63,0.65,0.74,0.59,0.63,0.63,0.62,0.62,0.38,0.62,CM,MID,6
Junior Olaitan,CAM,Benin,0.64,0.79,0.66,0.6,0.65,0.53,0.77,0.81,0.77,0.75,0.7,0.62,0.47,0.78,0.75,0.84,0.64,0.5,0.47,0.41,0.6,0.72,CAM,MID,6
Roberto Alves,CDM,Switzerland,0.64,0.75,0.64,0.66,0.66,0.57,0.64,0.76,0.74,0.71,0.7,0.66,0.63,0.58,0.83,0.56,0.62,0.6,0.6,0.55,0.34,0.68,CDM,MID,6
Paweł Olkowski,RM,Poland,0.64,0.66,0.56,0.62,0.64,0.61,0.66,0.65,0.67,0.66,0.64,0.65,0.63,0.69,0.62,0.67,0.64,0.6,0.59,0.61,0.55,0.63,RM,MID,6
Kristian Onsrud,CM,Norway,0.64,0.54,0.61,0.62,0.62,0.58,0.73,0.59,0.5,0.51,0.54,0.65,0.66,0.74,0.79,0.68,0.58,0.52,0.58,0.64,0.56,0.66,CM,MID,0
Arnau Ortiz,LM,Spain,0.64,0.76,0.58,0.59,0.66,0.3,0.48,0.77,0.76,0.73,0.65,0.68,0.53,0.45,0.55,0.58,0.31,0.37,0.28,0.19,0.5,0.61,LM,MID,4
Deji Oshilaja,CDM,England,0.64,0.78,0.52,0.55,0.6,0.63,0.76,0.77,0.78,0.71,0.63,0.6,0.66,0.8,0.71,0.92,0.63,0.62,0.63,0.62,0.63,0.55,CDM,MID,6
Yari Otto,CAM,Germany,0.64,0.7,0.6,0.56,0.66,0.45,0.66,0.73,0.67,0.75,0.74,0.67,0.68,0.59,0.77,0.67,0.43,0.45,0.43,0.44,0.56,0.62,CAM,MID,6
Sami Ouaissa,CAM,Holland,0.64,0.78,0.57,0.59,0.67,0.4,0.58,0.77,0.79,0.69,0.68,0.69,0.64,0.64,0.55,0.61,0.39,0.4,0.42,0.4,0.4,0.58,CAM,MID,4
Aziz Ouattara,CDM,Côte d'Ivoire,0.64,0.61,0.24,0.53,0.61,0.62,0.7,0.51,0.69,0.6,0.56,0.65,0.52,0.72,0.64,0.7,0.66,0.64,0.55,0.61,0.68,0.35,CDM,MID,2
Samuel Oum Gouet,CDM,Cameroon,0.64,0.52,0.53,0.61,0.63,0.61,0.73,0.53,0.51,0.62,0.6,0.64,0.61,0.78,0.72,0.72,0.59,0.59,0.62,0.63,0.64,0.7,CDM,MID,0
Ante Palaversa,CM,Croatia,0.64,0.51,0.65,0.61,0.64,0.62,0.66,0.49,0.53,0.55,0.58,0.67,0.59,0.7,0.61,0.55,0.64,0.58,0.64,0.63,0.47,0.72,CM,MID,0
Matt Palmer,CM,England,0.64,0.76,0.56,0.64,0.66,0.58,0.69,0.77,0.75,0.77,0.78,0.64,0.63,0.64,0.87,0.68,0.61,0.56,0.57,0.61,0.5,0.59,CM,MID,6
Park Se Jin,CM,Korea Republic,0.64,0.66,0.52,0.61,0.67,0.59,0.55,0.67,0.65,0.79,0.79,0.62,0.67,0.47,0.67,0.44,0.64,0.61,0.57,0.62,0.37,0.63,CM,MID,6
Will Patching,CAM,England,0.64,0.59,0.62,0.64,0.64,0.53,0.59,0.64,0.55,0.67,0.55,0.65,0.59,0.6,0.67,0.57,0.57,0.51,0.52,0.51,0.45,0.62,CAM,MID,2
Harry Paton,CM,Canada,0.64,0.71,0.58,0.63,0.66,0.57,0.63,0.69,0.73,0.72,0.77,0.64,0.6,0.54,0.75,0.6,0.6,0.59,0.6,0.5,0.55,0.61,CM,MID,6
Myles Peart-Harris,CM,England,0.64,0.72,0.61,0.63,0.65,0.52,0.71,0.71,0.72,0.7,0.68,0.65,0.6,0.73,0.81,0.77,0.55,0.48,0.45,0.55,0.63,0.61,CM,MID,6
Matti Peltola,CDM,Finland,0.64,0.65,0.35,0.55,0.58,0.66,0.65,0.66,0.64,0.56,0.53,0.6,0.62,0.68,0.69,0.68,0.69,0.64,0.66,0.65,0.58,0.4,CDM,MID,2
Andy Pembélé,RM,France,0.64,0.87,0.53,0.55,0.66,0.33,0.56,0.88,0.86,0.78,0.68,0.63,0.61,0.58,0.56,0.67,0.32,0.3,0.3,0.34,0.45,0.57,RM,MID,4
Nicholas Pennington,CM,Australia,0.64,0.56,0.54,0.62,0.61,0.6,0.69,0.53,0.59,0.56,0.56,0.62,0.61,0.68,0.78,0.59,0.63,0.61,0.57,0.66,0.51,0.52,CM,MID,0
Hamilton Pereira,CDM,Uruguay,0.64,0.63,0.62,0.63,0.64,0.62,0.66,0.64,0.62,0.63,0.66,0.66,0.64,0.69,0.6,0.69,0.59,0.63,0.6,0.71,0.61,0.68,CDM,MID,0
Guillermo Pereira,CAM,Argentina,0.64,0.69,0.56,0.63,0.66,0.43,0.57,0.64,0.73,0.73,0.77,0.66,0.58,0.6,0.57,0.57,0.44,0.48,0.44,0.38,0.46,0.58,CAM,MID,4
Bruninho,CAM,Brazil,0.64,0.71,0.55,0.61,0.7,0.39,0.49,0.72,0.7,0.79,0.76,0.69,0.58,0.44,0.6,0.49,0.41,0.41,0.41,0.3,0.45,0.58,CAM,MID,4
Dylan Perera,CAM,Spain,0.64,0.71,0.56,0.65,0.69,0.48,0.46,0.7,0.71,0.77,0.82,0.66,0.49,0.42,0.54,0.49,0.51,0.57,0.46,0.42,0.51,0.65,CAM,MID,4
Javi Pérez,CDM,Spain,0.64,0.45,0.62,0.58,0.59,0.61,0.69,0.38,0.5,0.37,0.49,0.65,0.61,0.74,0.78,0.64,0.62,0.6,0.6,0.62,0.61,0.66,CDM,MID,0
Nikola Petkovic,CDM,Serbia,0.64,0.61,0.5,0.61,0.62,0.61,0.58,0.61,0.61,0.65,0.58,0.67,0.54,0.56,0.6,0.6,0.63,0.59,0.63,0.59,0.55,0.48,CDM,MID,2
Ignacio Pintos,RM,Uruguay,0.64,0.75,0.59,0.57,0.65,0.53,0.58,0.72,0.77,0.79,0.72,0.64,0.56,0.53,0.7,0.57,0.59,0.55,0.45,0.59,0.49,0.63,RM,MID,6
Reno Piscopo,CAM,Australia,0.64,0.79,0.59,0.61,0.69,0.39,0.56,0.82,0.76,0.87,0.84,0.66,0.61,0.53,0.61,0.62,0.35,0.34,0.4,0.41,0.47,0.64,CAM,MID,4
Manuel Polster,LM,Austria,0.64,0.92,0.61,0.58,0.62,0.34,0.62,0.93,0.92,0.76,0.64,0.6,0.45,0.65,0.71,0.71,0.3,0.25,0.39,0.3,0.45,0.65,LM,MID,4
Dante Polvara,RM,United States,0.64,0.56,0.56,0.62,0.65,0.59,0.73,0.64,0.5,0.54,0.79,0.65,0.67,0.77,0.75,0.77,0.58,0.53,0.57,0.61,0.68,0.68,RM,MID,0
Renzo Rabino,LM,Uruguay,0.64,0.65,0.59,0.6,0.64,0.65,0.66,0.67,0.64,0.7,0.59,0.66,0.63,0.67,0.68,0.61,0.71,0.63,0.64,0.67,0.49,0.62,LM,MID,6
Cornel Râpă,RM,Romania,0.64,0.73,0.55,0.61,0.64,0.58,0.7,0.73,0.73,0.68,0.7,0.64,0.62,0.65,0.86,0.66,0.6,0.58,0.57,0.59,0.5,0.6,RM,MID,6
Rodney Redes,RM,Paraguay,0.64,0.77,0.61,0.62,0.65,0.45,0.55,0.77,0.77,0.73,0.64,0.62,0.56,0.68,0.5,0.6,0.47,0.39,0.56,0.35,0.33,0.57,RM,MID,4
Jake Reeves,CM,England,0.64,0.71,0.56,0.63,0.65,0.57,0.61,0.7,0.71,0.8,0.8,0.64,0.63,0.51,0.8,0.62,0.59,0.54,0.57,0.59,0.48,0.57,CM,MID,6
Alberto Reina,CM,Spain,0.64,0.66,0.55,0.58,0.61,0.53,0.59,0.64,0.68,0.56,0.78,0.62,0.66,0.6,0.62,0.54,0.64,0.48,0.39,0.63,0.43,0.54,CM,MID,2
Samuel Renel,CM,France,0.64,0.71,0.62,0.66,0.69,0.5,0.59,0.75,0.68,0.8,0.72,0.69,0.57,0.58,0.67,0.56,0.56,0.47,0.5,0.48,0.4,0.65,CM,MID,6
Julian Rieckmann,CDM,Germany,0.64,0.65,0.35,0.54,0.55,0.64,0.71,0.54,0.74,0.6,0.64,0.55,0.63,0.72,0.73,0.7,0.67,0.62,0.6,0.65,0.65,0.41,CDM,MID,2
Gonzalo Ríos,RM,Argentina,0.64,0.66,0.58,0.61,0.67,0.34,0.45,0.68,0.64,0.75,0.66,0.67,0.62,0.39,0.62,0.41,0.39,0.34,0.3,0.29,0.43,0.51,RM,MID,3
Maxence Rivera,LM,France,0.64,0.77,0.61,0.58,0.68,0.37,0.42,0.79,0.76,0.82,0.85,0.65,0.6,0.35,0.54,0.49,0.39,0.29,0.34,0.38,0.45,0.65,LM,MID,4
Mauro Rodrigues,RM,Guinea-Bissau,0.64,0.7,0.58,0.6,0.68,0.39,0.51,0.68,0.72,0.65,0.69,0.65,0.6,0.5,0.47,0.53,0.47,0.5,0.36,0.23,0.47,0.68,RM,MID,4
Nicklas Røjkjær,CM,Denmark,0.64,0.7,0.59,0.61,0.63,0.5,0.63,0.71,0.69,0.68,0.74,0.63,0.63,0.63,0.69,0.62,0.62,0.55,0.29,0.62,0.45,0.62,CM,MID,6
Emerson Ruiz,CDM,Venezuela,0.64,0.67,0.39,0.54,0.53,0.65,0.62,0.61,0.72,0.55,0.7,0.57,0.69,0.6,0.61,0.66,0.65,0.6,0.68,0.66,0.62,0.3,CDM,MID,2
David Ruiz,CM,Honduras,0.64,0.68,0.49,0.59,0.68,0.61,0.57,0.69,0.67,0.6,0.64,0.7,0.54,0.53,0.66,0.49,0.66,0.65,0.61,0.6,0.4,0.48,CM,MID,2
Isma Ruiz,CM,Spain,0.64,0.6,0.46,0.6,0.63,0.64,0.59,0.63,0.58,0.6,0.64,0.67,0.7,0.55,0.59,0.57,0.68,0.62,0.65,0.63,0.51,0.59,CM,MID,2
Jon Russell,CM,Jamaica,0.64,0.5,0.59,0.6,0.6,0.63,0.75,0.48,0.52,0.34,0.42,0.66,0.63,0.82,0.66,0.72,0.65,0.63,0.62,0.61,0.63,0.63,CM,MID,0
Stefano Russo,CDM,Germany,0.64,0.6,0.53,0.57,0.61,0.61,0.73,0.61,0.6,0.66,0.69,0.63,0.58,0.72,0.74,0.68,0.63,0.62,0.59,0.61,0.55,0.69,CDM,MID,0
Hakim Sahabo,CDM,Rwanda,0.64,0.67,0.45,0.58,0.61,0.61,0.59,0.65,0.68,0.58,0.6,0.62,0.64,0.58,0.59,0.52,0.63,0.6,0.62,0.66,0.44,0.53,CDM,MID,2
Àlex Sala,CDM,Spain,0.64,0.63,0.47,0.59,0.6,0.62,0.67,0.64,0.62,0.63,0.56,0.61,0.62,0.68,0.64,0.66,0.64,0.63,0.63,0.6,0.56,0.64,CDM,MID,0
Chuki,CAM,Spain,0.64,0.63,0.63,0.59,0.66,0.35,0.37,0.67,0.6,0.74,0.74,0.67,0.47,0.35,0.36,0.38,0.39,0.43,0.33,0.25,0.37,0.64,CAM,MID,3
Mateo Sanabria,LM,Argentina,0.64,0.67,0.54,0.58,0.67,0.26,0.54,0.67,0.67,0.65,0.64,0.68,0.53,0.56,0.69,0.46,0.29,0.31,0.25,0.23,0.24,0.53,LM,MID,3
Yellu Santiago,CDM,Spain,0.64,0.54,0.47,0.56,0.53,0.66,0.58,0.55,0.54,0.6,0.51,0.59,0.65,0.58,0.54,0.62,0.67,0.65,0.66,0.65,0.62,0.59,CDM,MID,2
Gonçalo Sousa,RM,Portugal,0.64,0.72,0.64,0.56,0.65,0.34,0.56,0.73,0.71,0.58,0.56,0.7,0.61,0.59,0.58,0.6,0.35,0.26,0.32,0.33,0.45,0.76,RM,MID,4
Murat Şatin,CAM,Austria,0.64,0.77,0.61,0.59,0.67,0.33,0.48,0.76,0.77,0.79,0.77,0.64,0.61,0.46,0.68,0.5,0.3,0.3,0.25,0.48,0.4,0.64,CAM,MID,4
Charlie Savage,CDM,Wales,0.64,0.58,0.57,0.64,0.63,0.61,0.6,0.6,0.56,0.64,0.55,0.64,0.63,0.59,0.63,0.58,0.63,0.62,0.63,0.61,0.51,0.62,CDM,MID,0
Oscar Schönfelder,RM,Germany,0.64,0.75,0.58,0.59,0.66,0.48,0.57,0.76,0.74,0.7,0.73,0.67,0.58,0.57,0.6,0.58,0.53,0.53,0.41,0.49,0.43,0.61,RM,MID,6
Pascal Schürpf,LM,Switzerland,0.64,0.58,0.64,0.66,0.61,0.61,0.74,0.54,0.61,0.54,0.52,0.63,0.61,0.81,0.71,0.74,0.6,0.57,0.63,0.59,0.64,0.68,LM,MID,0
Anthony Scully,LM,Republic of Ireland,0.64,0.75,0.61,0.58,0.67,0.34,0.53,0.79,0.72,0.89,0.86,0.63,0.59,0.49,0.68,0.56,0.37,0.38,0.33,0.25,0.45,0.6,LM,MID,4
Amar Sejdič,CM,Germany,0.64,0.47,0.59,0.63,0.65,0.59,0.64,0.51,0.43,0.67,0.73,0.68,0.6,0.64,0.66,0.5,0.62,0.54,0.59,0.66,0.41,0.66,CM,MID,0
Nikola Sekulov,CAM,Italy,0.64,0.65,0.61,0.64,0.67,0.46,0.51,0.64,0.65,0.63,0.62,0.71,0.53,0.51,0.62,0.51,0.51,0.48,0.42,0.42,0.46,0.65,CAM,MID,2
Malik Sellouki,RM,France,0.64,0.68,0.61,0.62,0.69,0.47,0.52,0.66,0.7,0.73,0.67,0.7,0.53,0.51,0.59,0.53,0.48,0.43,0.46,0.5,0.48,0.68,RM,MID,4
João Rêgo,CAM,Portugal,0.64,0.66,0.55,0.62,0.7,0.54,0.5,0.64,0.67,0.68,0.66,0.73,0.62,0.44,0.56,0.45,0.64,0.47,0.54,0.47,0.45,0.61,CAM,MID,6
Nelson Sepúlveda,CM,Chile,0.64,0.66,0.59,0.64,0.65,0.51,0.66,0.68,0.65,0.74,0.87,0.66,0.54,0.69,0.67,0.61,0.61,0.58,0.4,0.52,0.46,0.7,CM,MID,6
Zidan Sertdemir,CM,Denmark,0.64,0.68,0.56,0.64,0.67,0.49,0.58,0.67,0.69,0.71,0.67,0.68,0.62,0.6,0.64,0.59,0.59,0.54,0.48,0.32,0.49,0.58,CM,MID,6
Brandon Servania,CDM,United States,0.64,0.68,0.5,0.6,0.65,0.61,0.65,0.67,0.69,0.66,0.66,0.66,0.62,0.64,0.73,0.64,0.64,0.58,0.63,0.59,0.54,0.6,CDM,MID,6
Noah Shamoun,LM,Syria,0.64,0.75,0.55,0.57,0.69,0.38,0.48,0.79,0.72,0.8,0.86,0.68,0.56,0.34,0.72,0.49,0.42,0.43,0.33,0.32,0.45,0.56,LM,MID,4
Aimar Sher,CDM,Sweden,0.64,0.64,0.44,0.59,0.68,0.56,0.65,0.72,0.57,0.84,0.82,0.65,0.64,0.56,0.78,0.54,0.58,0.56,0.58,0.59,0.39,0.51,CDM,MID,6
Omar Sijarić,RM,Montenegro,0.64,0.77,0.54,0.58,0.66,0.43,0.56,0.8,0.74,0.79,0.74,0.63,0.56,0.54,0.64,0.55,0.47,0.46,0.46,0.35,0.39,0.61,RM,MID,4
Gard Simenstad,RM,Norway,0.64,0.74,0.53,0.61,0.61,0.54,0.61,0.75,0.73,0.69,0.62,0.62,0.58,0.52,0.82,0.53,0.58,0.57,0.53,0.52,0.42,0.57,RM,MID,6
Xavier Simons,CDM,England,0.64,0.67,0.49,0.61,0.64,0.61,0.68,0.68,0.66,0.64,0.71,0.63,0.58,0.67,0.69,0.7,0.65,0.63,0.57,0.6,0.61,0.62,CDM,MID,6
Jack Skahan,CM,United States,0.64,0.64,0.47,0.62,0.67,0.48,0.65,0.67,0.61,0.64,0.67,0.7,0.51,0.65,0.78,0.63,0.55,0.55,0.45,0.38,0.51,0.6,CM,MID,6
Naatan Skyttä,CM,Finland,0.64,0.64,0.53,0.65,0.7,0.45,0.48,0.6,0.68,0.66,0.8,0.71,0.57,0.46,0.58,0.44,0.49,0.58,0.45,0.33,0.44,0.56,CM,MID,3
Richard Smallwood,CM,England,0.64,0.51,0.56,0.63,0.6,0.6,0.73,0.5,0.52,0.57,0.67,0.64,0.64,0.69,0.84,0.62,0.62,0.6,0.6,0.6,0.58,0.59,CM,MID,0
Kees Smit,CM,Holland,0.64,0.69,0.53,0.62,0.67,0.59,0.63,0.67,0.71,0.68,0.69,0.68,0.65,0.65,0.64,0.63,0.6,0.58,0.59,0.61,0.52,0.6,CM,MID,6
Brad Smith,LM,Australia,0.64,0.79,0.49,0.61,0.63,0.61,0.64,0.78,0.8,0.75,0.73,0.59,0.61,0.63,0.6,0.68,0.62,0.61,0.64,0.6,0.5,0.52,LM,MID,6
Matt Smith,CM,Wales,0.64,0.7,0.56,0.63,0.68,0.59,0.67,0.71,0.69,0.82,0.82,0.65,0.62,0.65,0.73,0.63,0.6,0.58,0.61,0.59,0.47,0.6,CM,MID,6
Matthew Smith,CM,England,0.64,0.63,0.54,0.6,0.65,0.6,0.6,0.67,0.59,0.71,0.76,0.66,0.62,0.54,0.72,0.54,0.62,0.6,0.61,0.6,0.47,0.59,CM,MID,6
Mads Søndergaard,CM,Denmark,0.64,0.61,0.51,0.62,0.67,0.5,0.44,0.61,0.61,0.62,0.69,0.7,0.65,0.35,0.6,0.36,0.55,0.52,0.5,0.49,0.38,0.59,CM,MID,2
Lucas Soto,CM,Chile,0.64,0.64,0.57,0.59,0.64,0.53,0.61,0.63,0.64,0.65,0.72,0.66,0.62,0.59,0.7,0.48,0.57,0.53,0.54,0.58,0.31,0.64,CM,MID,6
Gabriel Sotomayor,LM,Bolivia,0.64,0.7,0.58,0.57,0.65,0.44,0.61,0.68,0.72,0.8,0.73,0.6,0.66,0.58,0.81,0.57,0.48,0.43,0.44,0.38,0.47,0.56,LM,MID,6
Vasilios Sourlis,CM,Greece,0.64,0.72,0.56,0.61,0.66,0.58,0.67,0.71,0.73,0.62,0.65,0.68,0.66,0.68,0.7,0.67,0.58,0.56,0.58,0.62,0.52,0.6,CM,MID,6
Rafael Brito,CM,Portugal,0.64,0.64,0.57,0.64,0.65,0.61,0.68,0.65,0.64,0.63,0.6,0.67,0.63,0.71,0.64,0.69,0.65,0.62,0.62,0.57,0.55,0.67,CM,MID,0
Peter Stroud,CDM,United States,0.64,0.74,0.42,0.59,0.65,0.62,0.62,0.76,0.72,0.79,0.77,0.66,0.64,0.58,0.7,0.65,0.65,0.62,0.64,0.62,0.5,0.52,CDM,MID,6
Israel Suero Fernández,CAM,Spain,0.64,0.65,0.61,0.63,0.68,0.3,0.46,0.64,0.66,0.85,0.81,0.67,0.55,0.35,0.73,0.35,0.3,0.31,0.34,0.23,0.33,0.58,CAM,MID,3
Martin Šviderský,CDM,Slovakia,0.64,0.66,0.47,0.61,0.62,0.62,0.62,0.66,0.66,0.68,0.6,0.64,0.62,0.59,0.64,0.6,0.65,0.66,0.63,0.59,0.53,0.64,CDM,MID,6
Miłosz Szczepański,CAM,Poland,0.64,0.81,0.56,0.62,0.66,0.36,0.58,0.82,0.8,0.82,0.84,0.65,0.56,0.51,0.71,0.57,0.39,0.4,0.36,0.26,0.43,0.57,CAM,MID,4
Tomoki Takamine,CDM,Japan,0.64,0.59,0.54,0.59,0.63,0.58,0.7,0.6,0.59,0.64,0.66,0.66,0.61,0.71,0.72,0.61,0.64,0.6,0.57,0.58,0.45,0.65,CDM,MID,0
Atomu Tanaka,CAM,Japan,0.64,0.67,0.58,0.62,0.67,0.56,0.6,0.68,0.67,0.87,0.79,0.64,0.61,0.56,0.67,0.6,0.58,0.54,0.57,0.54,0.52,0.64,CAM,MID,6
Adil Taoui,LM,France,0.64,0.69,0.62,0.57,0.68,0.24,0.54,0.7,0.68,0.75,0.72,0.68,0.54,0.57,0.5,0.67,0.19,0.2,0.17,0.25,0.65,0.62,LM,MID,4
Borys Tashchy,CAM,Ukraine,0.64,0.64,0.62,0.61,0.62,0.35,0.75,0.63,0.64,0.58,0.42,0.66,0.66,0.83,0.7,0.78,0.42,0.38,0.18,0.35,0.64,0.64,CAM,MID,0
George Thomas,CAM,Wales,0.64,0.77,0.61,0.62,0.67,0.58,0.62,0.79,0.75,0.85,0.79,0.64,0.61,0.57,0.69,0.66,0.59,0.58,0.59,0.59,0.51,0.61,CAM,MID,6
Titouan Thomas,CM,France,0.64,0.63,0.56,0.62,0.63,0.6,0.67,0.62,0.63,0.65,0.62,0.65,0.62,0.67,0.65,0.68,0.6,0.61,0.61,0.58,0.61,0.65,CM,MID,0
Jens Jakob Thomasen,CM,Denmark,0.64,0.55,0.59,0.62,0.64,0.62,0.64,0.54,0.56,0.65,0.85,0.63,0.61,0.61,0.82,0.54,0.67,0.62,0.63,0.63,0.45,0.67,CM,MID,6
Ben Thompson,CM,England,0.64,0.69,0.59,0.61,0.66,0.61,0.67,0.68,0.69,0.75,0.76,0.65,0.66,0.59,0.73,0.73,0.63,0.64,0.58,0.63,0.58,0.67,CM,MID,6
Louis Thompson,CM,Wales,0.64,0.69,0.52,0.63,0.67,0.64,0.69,0.7,0.69,0.74,0.67,0.66,0.65,0.71,0.57,0.71,0.65,0.63,0.65,0.64,0.55,0.53,CM,MID,6
Liam Thompson,CDM,England,0.64,0.6,0.46,0.61,0.64,0.61,0.53,0.57,0.63,0.65,0.75,0.64,0.64,0.43,0.65,0.46,0.62,0.61,0.59,0.66,0.52,0.58,CDM,MID,2
James Tilley,RM,England,0.64,0.75,0.61,0.59,0.65,0.5,0.52,0.74,0.75,0.85,0.81,0.62,0.59,0.41,0.72,0.42,0.53,0.44,0.52,0.51,0.34,0.6,RM,MID,4
Alex Timossi Andersson,RM,Sweden,0.64,0.86,0.57,0.59,0.64,0.3,0.51,0.84,0.87,0.81,0.86,0.62,0.57,0.45,0.72,0.53,0.33,0.3,0.25,0.27,0.38,0.58,RM,MID,4
Pablo Tomeo,CM,Spain,0.64,0.62,0.54,0.6,0.63,0.62,0.71,0.63,0.62,0.59,0.69,0.64,0.66,0.72,0.71,0.73,0.62,0.6,0.59,0.64,0.66,0.53,CM,MID,0
Oğulcan Ülgün,CDM,Turkey,0.64,0.65,0.53,0.62,0.62,0.59,0.67,0.68,0.63,0.62,0.66,0.66,0.55,0.67,0.68,0.64,0.61,0.6,0.56,0.63,0.51,0.64,CDM,MID,6
Dario Ulrich,RM,Switzerland,0.64,0.67,0.61,0.6,0.65,0.61,0.52,0.66,0.68,0.67,0.69,0.65,0.58,0.49,0.6,0.56,0.6,0.58,0.66,0.61,0.56,0.62,RM,MID,6
Ely Valderrey,LM,Venezuela,0.64,0.72,0.61,0.61,0.62,0.6,0.66,0.72,0.72,0.65,0.75,0.63,0.62,0.71,0.64,0.66,0.65,0.6,0.6,0.6,0.45,0.68,LM,MID,6
Jeisson Vargas,CAM,Chile,0.64,0.65,0.59,0.62,0.68,0.35,0.57,0.68,0.63,0.69,0.79,0.68,0.59,0.63,0.58,0.6,0.39,0.32,0.22,0.43,0.49,0.67,CAM,MID,4
Obed Vargas,CM,Mexico,0.64,0.74,0.42,0.62,0.71,0.55,0.51,0.76,0.73,0.79,0.78,0.69,0.64,0.4,0.64,0.51,0.57,0.48,0.58,0.55,0.48,0.48,CM,MID,6
Harry Vaughan,LM,Republic of Ireland,0.64,0.77,0.55,0.61,0.68,0.41,0.41,0.79,0.76,0.87,0.89,0.64,0.59,0.35,0.58,0.42,0.46,0.39,0.42,0.4,0.29,0.56,LM,MID,4
Josh Vela,CM,England,0.64,0.61,0.59,0.62,0.63,0.61,0.8,0.65,0.57,0.63,0.62,0.64,0.62,0.74,0.85,0.68,0.64,0.61,0.6,0.61,0.53,0.63,CM,MID,0
Jhon Vélez,CM,Colombia,0.64,0.63,0.5,0.61,0.61,0.5,0.66,0.62,0.63,0.5,0.7,0.68,0.67,0.71,0.62,0.63,0.55,0.48,0.4,0.58,0.48,0.5,CM,MID,2
Nishan Velupillay,LM,Australia,0.64,0.92,0.54,0.55,0.68,0.34,0.56,0.93,0.92,0.93,0.67,0.66,0.47,0.67,0.45,0.68,0.35,0.29,0.32,0.35,0.39,0.6,LM,MID,4
Fredy Vera,RM,Paraguay,0.64,0.79,0.59,0.56,0.62,0.38,0.58,0.82,0.77,0.69,0.54,0.59,0.51,0.56,0.79,0.75,0.25,0.26,0.45,0.39,0.68,0.67,RM,MID,4
Matthias Verreth,CAM,Belgium,0.64,0.71,0.62,0.62,0.67,0.37,0.59,0.73,0.69,0.72,0.69,0.65,0.59,0.66,0.65,0.59,0.4,0.35,0.34,0.39,0.38,0.66,CAM,MID,4
Gaute Vetti,CM,Norway,0.64,0.56,0.49,0.61,0.64,0.61,0.64,0.58,0.55,0.67,0.64,0.65,0.62,0.66,0.74,0.57,0.63,0.6,0.6,0.65,0.47,0.55,CM,MID,0
Miki Villar,RM,Spain,0.64,0.78,0.64,0.57,0.65,0.31,0.6,0.74,0.81,0.78,0.6,0.63,0.58,0.56,0.56,0.69,0.3,0.25,0.24,0.28,0.62,0.62,RM,MID,4
Luka Vrbančić,CM,Croatia,0.64,0.71,0.59,0.63,0.7,0.53,0.68,0.67,0.74,0.65,0.73,0.71,0.6,0.65,0.69,0.56,0.57,0.55,0.58,0.46,0.41,0.7,CM,MID,6
Jamie Walker,CAM,Scotland,0.64,0.78,0.6,0.63,0.67,0.53,0.67,0.79,0.78,0.84,0.8,0.65,0.59,0.62,0.64,0.68,0.57,0.54,0.49,0.56,0.5,0.58,CAM,MID,6
Michał Walski,CDM,Poland,0.64,0.75,0.54,0.63,0.66,0.61,0.68,0.74,0.76,0.75,0.82,0.64,0.63,0.68,0.74,0.71,0.67,0.6,0.56,0.62,0.57,0.58,CDM,MID,6
Grant Ward,CM,England,0.64,0.69,0.58,0.64,0.65,0.56,0.64,0.7,0.68,0.69,0.75,0.64,0.64,0.68,0.68,0.65,0.61,0.56,0.5,0.6,0.52,0.64,CM,MID,6
Diego Wayar,CDM,Bolivia,0.64,0.61,0.4,0.58,0.58,0.64,0.51,0.55,0.65,0.6,0.8,0.62,0.62,0.34,0.76,0.45,0.64,0.6,0.68,0.65,0.55,0.52,CDM,MID,2
Jensen Weir,CM,England,0.64,0.67,0.63,0.6,0.64,0.58,0.61,0.66,0.68,0.64,0.63,0.65,0.63,0.56,0.79,0.56,0.63,0.59,0.57,0.55,0.49,0.67,CM,MID,6
David Wheeler,RM,England,0.64,0.77,0.6,0.6,0.63,0.58,0.66,0.76,0.77,0.74,0.72,0.62,0.6,0.69,0.68,0.76,0.58,0.55,0.59,0.57,0.62,0.62,RM,MID,6
Ben Whitfield,RM,England,0.64,0.83,0.6,0.59,0.66,0.49,0.5,0.85,0.81,0.91,0.92,0.6,0.57,0.39,0.71,0.68,0.48,0.46,0.47,0.52,0.56,0.6,RM,MID,4
Ben Wiles,CM,England,0.64,0.44,0.58,0.64,0.65,0.59,0.61,0.48,0.41,0.72,0.78,0.65,0.64,0.63,0.6,0.57,0.6,0.59,0.58,0.6,0.54,0.62,CM,MID,0
Casper Winther,CM,Denmark,0.64,0.63,0.55,0.61,0.67,0.56,0.6,0.65,0.62,0.75,0.73,0.66,0.62,0.54,0.7,0.49,0.59,0.56,0.56,0.57,0.42,0.58,CM,MID,6
Owen Wolff,CDM,United States,0.64,0.72,0.44,0.61,0.67,0.61,0.53,0.71,0.72,0.73,0.77,0.68,0.62,0.42,0.68,0.48,0.64,0.6,0.62,0.61,0.45,0.5,CDM,MID,6
Bartosz Wolski,CDM,Poland,0.64,0.66,0.58,0.64,0.6,0.61,0.7,0.65,0.67,0.62,0.7,0.61,0.61,0.7,0.72,0.62,0.59,0.55,0.68,0.64,0.49,0.6,CDM,MID,6
Ryan Woods,CM,England,0.64,0.64,0.49,0.65,0.67,0.63,0.64,0.66,0.62,0.8,0.84,0.66,0.6,0.57,0.74,0.59,0.65,0.62,0.63,0.65,0.52,0.56,CM,MID,6
Drey Wright,RM,England,0.64,0.79,0.56,0.59,0.63,0.55,0.64,0.8,0.79,0.76,0.68,0.61,0.58,0.64,0.71,0.63,0.6,0.56,0.55,0.53,0.42,0.59,RM,MID,6
Xu Xin,CDM,China PR,0.64,0.69,0.53,0.58,0.63,0.6,0.73,0.65,0.72,0.75,0.71,0.63,0.58,0.75,0.75,0.74,0.58,0.62,0.62,0.59,0.62,0.69,CDM,MID,6
Yan Dinghao,CM,China PR,0.64,0.66,0.55,0.62,0.64,0.54,0.66,0.67,0.66,0.76,0.62,0.63,0.67,0.64,0.8,0.66,0.53,0.46,0.55,0.58,0.55,0.54,CM,MID,6
Aygün Yıldırım,RM,Germany,0.64,0.76,0.62,0.56,0.67,0.23,0.59,0.82,0.71,0.82,0.76,0.64,0.62,0.6,0.67,0.73,0.18,0.12,0.21,0.22,0.57,0.7,RM,MID,4
Saku Ylätupa,CAM,Finland,0.64,0.8,0.57,0.6,0.69,0.28,0.57,0.82,0.78,0.78,0.82,0.66,0.58,0.58,0.71,0.59,0.3,0.25,0.24,0.26,0.36,0.57,CAM,MID,4
Kaina Yoshio,CAM,Japan,0.64,0.75,0.63,0.63,0.66,0.44,0.5,0.74,0.75,0.73,0.78,0.64,0.61,0.42,0.65,0.45,0.5,0.51,0.47,0.26,0.42,0.66,CAM,MID,4
Luka Zahović,CAM,Slovenia,0.64,0.76,0.61,0.58,0.66,0.28,0.52,0.78,0.74,0.8,0.8,0.65,0.6,0.49,0.71,0.66,0.2,0.24,0.33,0.19,0.62,0.65,CAM,MID,4
David Zalzman,CM,Venezuela,0.64,0.67,0.61,0.64,0.64,0.53,0.57,0.67,0.67,0.65,0.58,0.67,0.62,0.55,0.67,0.59,0.58,0.45,0.45,0.62,0.51,0.58,CM,MID,6
Gjivai Zechiël,CM,Holland,0.64,0.75,0.47,0.61,0.7,0.64,0.52,0.76,0.75,0.75,0.6,0.69,0.63,0.46,0.55,0.62,0.68,0.63,0.59,0.66,0.59,0.57,CM,MID,6
Karim Zedadka,LM,France,0.64,0.72,0.53,0.62,0.69,0.58,0.44,0.69,0.74,0.78,0.8,0.7,0.53,0.4,0.41,0.48,0.64,0.59,0.54,0.59,0.51,0.6,LM,MID,6
Ivan Zhelizko,CDM,Ukraine,0.64,0.61,0.45,0.57,0.56,0.63,0.72,0.63,0.6,0.58,0.77,0.58,0.61,0.75,0.69,0.73,0.61,0.62,0.68,0.62,0.61,0.63,CDM,MID,0
Zhong Yihao,LM,China PR,0.64,0.77,0.61,0.56,0.66,0.54,0.74,0.76,0.78,0.84,0.8,0.61,0.62,0.79,0.73,0.82,0.59,0.53,0.48,0.52,0.62,0.64,LM,MID,6
Théo Zidane,CM,France,0.64,0.68,0.63,0.62,0.66,0.5,0.56,0.68,0.68,0.59,0.61,0.67,0.6,0.67,0.59,0.64,0.63,0.56,0.28,0.61,0.5,0.62,CM,MID,6
Baba Adeeko,CM,Republic of Ireland,0.63,0.66,0.47,0.59,0.65,0.58,0.61,0.67,0.65,0.74,0.7,0.64,0.6,0.58,0.74,0.52,0.6,0.56,0.6,0.6,0.41,0.48,CM,MID,2
Mattéo Ahlinvi,CDM,Benin,0.63,0.6,0.55,0.59,0.66,0.58,0.68,0.64,0.57,0.76,0.69,0.64,0.63,0.68,0.68,0.6,0.62,0.56,0.56,0.59,0.47,0.59,CDM,MID,6
Mohammed Al Fehaid,CM,Saudi Arabia,0.63,0.47,0.5,0.57,0.61,0.62,0.71,0.49,0.45,0.65,0.78,0.63,0.65,0.7,0.74,0.62,0.64,0.57,0.6,0.67,0.59,0.55,CM,MID,0
Alaa Al Hajji,CM,Saudi Arabia,0.63,0.66,0.56,0.61,0.64,0.56,0.61,0.67,0.65,0.67,0.68,0.66,0.58,0.62,0.73,0.68,0.57,0.55,0.54,0.57,0.62,0.56,CM,MID,6
Joel Allansson,CM,Sweden,0.63,0.52,0.49,0.64,0.66,0.52,0.61,0.51,0.53,0.68,0.74,0.67,0.64,0.58,0.71,0.44,0.56,0.53,0.54,0.54,0.33,0.55,CM,MID,2
Pedro Álvarez,CDM,Venezuela,0.63,0.71,0.32,0.52,0.52,0.58,0.68,0.67,0.74,0.58,0.65,0.62,0.67,0.67,0.8,0.54,0.59,0.54,0.62,0.62,0.34,0.3,CDM,MID,2
Hugo Álvarez,LM,Spain,0.63,0.65,0.57,0.63,0.63,0.53,0.5,0.65,0.65,0.64,0.6,0.66,0.63,0.52,0.5,0.52,0.58,0.54,0.44,0.6,0.48,0.6,LM,MID,2
Gonzalo Álvez,RM,Argentina,0.63,0.68,0.55,0.61,0.66,0.25,0.39,0.7,0.67,0.74,0.72,0.66,0.58,0.31,0.51,0.38,0.2,0.19,0.25,0.26,0.42,0.64,RM,MID,3
Karoy Anderson,CM,Jamaica,0.63,0.71,0.56,0.6,0.64,0.57,0.68,0.69,0.73,0.72,0.72,0.63,0.63,0.67,0.76,0.67,0.6,0.55,0.55,0.58,0.55,0.61,CM,MID,6
Bill Antonio,RM,Zimbabwe,0.63,0.82,0.56,0.55,0.65,0.41,0.45,0.84,0.8,0.73,0.74,0.65,0.48,0.42,0.54,0.53,0.49,0.41,0.33,0.4,0.45,0.59,RM,MID,4
Brian Anunga,CDM,Cameroon,0.63,0.59,0.4,0.58,0.56,0.58,0.7,0.57,0.6,0.6,0.61,0.64,0.58,0.77,0.64,0.58,0.59,0.6,0.62,0.62,0.37,0.48,CDM,MID,2
Paul Arano,LM,Bolivia,0.63,0.66,0.61,0.54,0.66,0.39,0.65,0.65,0.67,0.71,0.74,0.7,0.63,0.56,0.82,0.56,0.35,0.33,0.39,0.42,0.49,0.59,LM,MID,4
Musa Araz,CM,Switzerland,0.63,0.75,0.6,0.62,0.69,0.45,0.53,0.76,0.74,0.83,0.88,0.66,0.63,0.4,0.75,0.45,0.48,0.44,0.4,0.5,0.39,0.62,CM,MID,4
Maximilian Arfsten,RM,United States,0.63,0.7,0.58,0.56,0.65,0.51,0.6,0.7,0.7,0.64,0.57,0.67,0.53,0.64,0.62,0.63,0.55,0.46,0.5,0.51,0.5,0.58,RM,MID,2
Rocco Ascone,CM,France,0.63,0.68,0.52,0.64,0.68,0.55,0.49,0.71,0.66,0.71,0.71,0.68,0.63,0.46,0.37,0.58,0.58,0.57,0.54,0.52,0.56,0.61,CM,MID,6
Jaider Asprilla,LM,Colombia,0.63,0.6,0.54,0.59,0.63,0.3,0.48,0.59,0.6,0.55,0.63,0.64,0.65,0.5,0.55,0.42,0.3,0.29,0.31,0.27,0.33,0.5,LM,MID,3
Abdullah Ateef,CDM,Saudi Arabia,0.63,0.31,0.46,0.7,0.62,0.61,0.46,0.31,0.31,0.61,0.52,0.67,0.6,0.55,0.3,0.52,0.63,0.58,0.64,0.64,0.47,0.49,CDM,MID,2
Axel Atum,RM,Argentina,0.63,0.7,0.57,0.59,0.66,0.5,0.49,0.71,0.69,0.65,0.71,0.68,0.56,0.44,0.55,0.44,0.52,0.5,0.5,0.5,0.41,0.63,RM,MID,3
Sondre Auklend,CM,Norway,0.63,0.76,0.62,0.61,0.66,0.57,0.67,0.76,0.76,0.76,0.81,0.65,0.57,0.63,0.73,0.71,0.59,0.57,0.55,0.59,0.55,0.65,CM,MID,6
Leon Avdullahu,CDM,Switzerland,0.63,0.59,0.48,0.59,0.59,0.57,0.63,0.64,0.55,0.59,0.56,0.65,0.59,0.62,0.7,0.54,0.58,0.55,0.59,0.59,0.44,0.46,CDM,MID,2
Tobias Bach,LM,Denmark,0.63,0.71,0.61,0.59,0.61,0.54,0.7,0.7,0.72,0.61,0.5,0.63,0.59,0.76,0.65,0.74,0.57,0.56,0.53,0.49,0.58,0.63,LM,MID,0
Esmir Bajraktarevic,CAM,United States,0.63,0.73,0.52,0.56,0.69,0.34,0.56,0.75,0.71,0.73,0.77,0.67,0.56,0.57,0.64,0.54,0.31,0.38,0.39,0.28,0.36,0.57,CAM,MID,4
Tyreeq Bakinson,CM,England,0.63,0.59,0.56,0.58,0.63,0.62,0.73,0.61,0.58,0.63,0.57,0.62,0.63,0.78,0.72,0.74,0.62,0.61,0.62,0.64,0.61,0.68,CM,MID,0
Álex Balboa,CM,Equatorial Guinea,0.63,0.62,0.57,0.56,0.63,0.5,0.6,0.65,0.6,0.58,0.71,0.65,0.63,0.59,0.61,0.56,0.6,0.44,0.36,0.61,0.46,0.5,CM,MID,2
Michael Baldisimo,CDM,Canada,0.63,0.49,0.44,0.66,0.61,0.58,0.55,0.53,0.45,0.72,0.87,0.62,0.55,0.48,0.66,0.45,0.59,0.52,0.64,0.58,0.47,0.64,CDM,MID,2
Andri Fannar Baldursson,CDM,Iceland,0.63,0.52,0.49,0.6,0.63,0.6,0.65,0.59,0.47,0.6,0.63,0.64,0.59,0.68,0.59,0.68,0.63,0.61,0.58,0.59,0.62,0.56,CDM,MID,0
Ahmed Bani,CAM,Romania,0.63,0.75,0.58,0.6,0.66,0.27,0.47,0.76,0.75,0.82,0.81,0.65,0.57,0.34,0.6,0.42,0.34,0.28,0.17,0.26,0.35,0.6,CAM,MID,4
Scott Banks,RM,Scotland,0.63,0.77,0.6,0.59,0.63,0.32,0.56,0.76,0.77,0.65,0.67,0.62,0.55,0.58,0.67,0.63,0.33,0.3,0.29,0.26,0.49,0.62,RM,MID,4
Cristopher Barrera,RM,Chile,0.63,0.76,0.38,0.61,0.63,0.54,0.58,0.77,0.75,0.73,0.66,0.61,0.61,0.55,0.63,0.58,0.62,0.55,0.51,0.52,0.44,0.41,RM,MID,2
Djakaría Barro,CM,Côte d'Ivoire,0.63,0.7,0.52,0.61,0.59,0.59,0.7,0.7,0.7,0.56,0.59,0.6,0.64,0.7,0.73,0.7,0.59,0.62,0.56,0.62,0.59,0.65,CM,MID,0
Josh Benson,CM,England,0.63,0.59,0.57,0.64,0.65,0.6,0.64,0.68,0.52,0.74,0.75,0.65,0.6,0.62,0.7,0.6,0.65,0.55,0.59,0.6,0.49,0.64,CM,MID,6
Théo Berdayes,RM,Switzerland,0.63,0.64,0.6,0.56,0.61,0.21,0.62,0.63,0.64,0.68,0.61,0.59,0.63,0.65,0.79,0.68,0.16,0.14,0.18,0.19,0.6,0.53,RM,MID,4
Sebastian Berhalter,CM,United States,0.63,0.68,0.45,0.6,0.64,0.59,0.64,0.68,0.68,0.79,0.7,0.62,0.67,0.62,0.63,0.59,0.66,0.52,0.6,0.54,0.47,0.56,CM,MID,6
Dino Beširović,CAM,Portugal,0.63,0.64,0.57,0.61,0.64,0.48,0.63,0.62,0.65,0.59,0.7,0.63,0.65,0.64,0.62,0.58,0.45,0.42,0.5,0.53,0.47,0.5,CAM,MID,2
Florian Bianchini,RM,France,0.63,0.85,0.58,0.54,0.67,0.16,0.39,0.86,0.84,0.77,0.75,0.67,0.56,0.42,0.35,0.47,0.13,0.21,0.16,0.12,0.28,0.58,RM,MID,4
Ionuț Biceanu,CM,Romania,0.63,0.66,0.59,0.61,0.62,0.58,0.68,0.66,0.66,0.66,0.72,0.63,0.6,0.7,0.7,0.68,0.6,0.58,0.56,0.57,0.58,0.6,CM,MID,6
Adrian Błąd,RM,Poland,0.63,0.86,0.58,0.5,0.66,0.5,0.54,0.91,0.81,0.91,0.9,0.61,0.61,0.39,0.64,0.62,0.48,0.41,0.4,0.7,0.58,0.63,RM,MID,4
Jakov Blagaić,CAM,Croatia,0.63,0.79,0.62,0.57,0.66,0.37,0.63,0.82,0.77,0.78,0.69,0.64,0.48,0.64,0.63,0.75,0.31,0.42,0.41,0.27,0.58,0.59,CAM,MID,4
Dawid Błanik,LM,Poland,0.63,0.79,0.54,0.59,0.64,0.42,0.63,0.78,0.79,0.77,0.85,0.61,0.56,0.56,0.77,0.66,0.43,0.45,0.35,0.46,0.53,0.56,LM,MID,4
Mathis Bolly,LM,Côte d'Ivoire,0.63,0.89,0.58,0.55,0.65,0.31,0.64,0.9,0.88,0.79,0.78,0.62,0.56,0.74,0.49,0.79,0.26,0.18,0.29,0.36,0.5,0.63,LM,MID,4
Ousseni Bouda,LM,Burkina Faso,0.63,0.73,0.5,0.55,0.7,0.2,0.52,0.74,0.72,0.71,0.71,0.7,0.46,0.61,0.54,0.57,0.2,0.19,0.18,0.17,0.36,0.51,LM,MID,4
Nassim Boujellab,CAM,Morocco,0.63,0.67,0.58,0.59,0.69,0.5,0.53,0.71,0.63,0.77,0.75,0.68,0.57,0.48,0.59,0.53,0.54,0.51,0.55,0.38,0.49,0.63,CAM,MID,6
Arvid Brorsson,CM,Sweden,0.63,0.55,0.51,0.57,0.61,0.63,0.75,0.53,0.57,0.54,0.54,0.62,0.65,0.8,0.75,0.72,0.62,0.6,0.63,0.64,0.62,0.47,CM,MID,0
Liam Burt,LM,Scotland,0.63,0.75,0.56,0.59,0.65,0.36,0.5,0.73,0.76,0.72,0.81,0.64,0.53,0.46,0.59,0.49,0.39,0.37,0.39,0.2,0.44,0.62,LM,MID,4
Justin Butler,LM,United States,0.63,0.85,0.58,0.51,0.64,0.23,0.68,0.79,0.89,0.66,0.69,0.66,0.59,0.8,0.67,0.82,0.11,0.17,0.24,0.25,0.59,0.59,LM,MID,4
Khalid Butti,CDM,United Arab Emirates,0.63,0.61,0.52,0.59,0.59,0.6,0.58,0.62,0.6,0.58,0.62,0.59,0.59,0.5,0.61,0.5,0.61,0.59,0.64,0.61,0.45,0.5,CDM,MID,2
Ross Callachan,CAM,Scotland,0.63,0.56,0.63,0.61,0.63,0.62,0.72,0.6,0.53,0.66,0.66,0.63,0.62,0.69,0.74,0.68,0.63,0.61,0.62,0.6,0.61,0.7,CAM,MID,0
Daniel Camacho,CM,Bolivia,0.63,0.67,0.55,0.59,0.64,0.59,0.57,0.69,0.66,0.58,0.67,0.65,0.58,0.58,0.57,0.57,0.64,0.58,0.57,0.63,0.46,0.58,CM,MID,2
Chem Campbell,CAM,Wales,0.63,0.8,0.6,0.61,0.65,0.41,0.55,0.81,0.79,0.76,0.74,0.64,0.55,0.53,0.57,0.57,0.45,0.43,0.42,0.31,0.42,0.64,CAM,MID,4
Dean Campbell,CDM,Scotland,0.63,0.69,0.53,0.64,0.64,0.57,0.65,0.69,0.69,0.75,0.78,0.63,0.62,0.61,0.82,0.55,0.59,0.54,0.59,0.58,0.42,0.55,CDM,MID,6
Callum Camps,CM,Northern Ireland,0.63,0.67,0.6,0.62,0.64,0.57,0.65,0.69,0.66,0.7,0.74,0.64,0.62,0.66,0.74,0.57,0.59,0.57,0.57,0.6,0.42,0.66,CM,MID,6
Dario Čanađija,CM,Croatia,0.63,0.61,0.53,0.6,0.63,0.61,0.66,0.62,0.61,0.65,0.67,0.65,0.65,0.64,0.65,0.64,0.61,0.6,0.62,0.62,0.56,0.6,CM,MID,0
Alan Cantero,CAM,Argentina,0.63,0.57,0.64,0.57,0.61,0.26,0.62,0.56,0.58,0.61,0.51,0.64,0.61,0.74,0.53,0.71,0.19,0.21,0.25,0.23,0.63,0.65,CAM,MID,4
Christian Cappis,CM,United States,0.63,0.68,0.49,0.61,0.64,0.58,0.66,0.66,0.69,0.64,0.67,0.66,0.66,0.63,0.72,0.65,0.61,0.55,0.55,0.6,0.55,0.52,CM,MID,6
Cristian Carracedo,LM,Spain,0.63,0.71,0.55,0.61,0.64,0.32,0.57,0.69,0.73,0.67,0.66,0.64,0.5,0.64,0.65,0.55,0.33,0.35,0.35,0.21,0.4,0.62,LM,MID,4
Francesco Cassata,CM,Italy,0.63,0.47,0.5,0.65,0.65,0.53,0.6,0.64,0.33,0.61,0.62,0.68,0.64,0.56,0.59,0.47,0.59,0.48,0.58,0.49,0.29,0.55,CM,MID,2
Denil Castillo,CDM,Ecuador,0.63,0.62,0.34,0.57,0.5,0.6,0.69,0.64,0.6,0.5,0.51,0.55,0.64,0.73,0.68,0.63,0.55,0.59,0.7,0.59,0.47,0.44,CDM,MID,2
Jesper Ceesay,CM,Gambia,0.63,0.62,0.45,0.6,0.62,0.61,0.66,0.61,0.62,0.66,0.47,0.66,0.66,0.68,0.68,0.66,0.64,0.6,0.59,0.63,0.58,0.5,CM,MID,0
Piotr Ceglarz,CAM,Poland,0.63,0.64,0.62,0.64,0.61,0.57,0.72,0.66,0.62,0.57,0.64,0.65,0.55,0.73,0.78,0.68,0.55,0.54,0.6,0.58,0.53,0.62,CAM,MID,0
Alfie Chang,CDM,England,0.63,0.64,0.48,0.58,0.62,0.6,0.62,0.66,0.62,0.65,0.71,0.63,0.6,0.59,0.61,0.62,0.61,0.59,0.61,0.58,0.55,0.55,CDM,MID,2
Chen Binbin,LM,China PR,0.63,0.83,0.58,0.58,0.62,0.4,0.67,0.85,0.82,0.82,0.76,0.57,0.55,0.66,0.71,0.76,0.34,0.31,0.45,0.36,0.57,0.62,LM,MID,4
Tio Cipot,CM,Slovenia,0.63,0.63,0.49,0.61,0.67,0.56,0.51,0.7,0.58,0.69,0.76,0.67,0.63,0.42,0.63,0.49,0.58,0.57,0.56,0.55,0.52,0.57,CM,MID,6
Lamine Cissé,LM,France,0.63,0.76,0.54,0.55,0.68,0.22,0.46,0.78,0.74,0.78,0.77,0.67,0.54,0.43,0.58,0.52,0.19,0.17,0.18,0.19,0.49,0.54,LM,MID,4
James Clarke,CAM,Republic of Ireland,0.63,0.72,0.56,0.55,0.67,0.56,0.64,0.76,0.69,0.72,0.65,0.68,0.58,0.58,0.74,0.66,0.56,0.51,0.59,0.57,0.52,0.58,CAM,MID,6
Ethan Coleman,CDM,England,0.63,0.66,0.47,0.56,0.57,0.59,0.75,0.67,0.66,0.57,0.73,0.58,0.57,0.73,0.84,0.68,0.62,0.6,0.59,0.59,0.52,0.56,CDM,MID,2
Brandon Comley,CDM,Montserrat,0.63,0.64,0.5,0.57,0.57,0.6,0.73,0.63,0.65,0.64,0.67,0.56,0.61,0.71,0.76,0.65,0.62,0.59,0.6,0.6,0.51,0.64,CDM,MID,2
Chris Conn-Clarke,CAM,Northern Ireland,0.63,0.73,0.63,0.58,0.64,0.4,0.56,0.75,0.72,0.72,0.74,0.61,0.62,0.53,0.66,0.58,0.37,0.44,0.4,0.38,0.49,0.63,CAM,MID,4
Kamil Conteh,CDM,Sierra Leone,0.63,0.72,0.46,0.56,0.65,0.57,0.72,0.74,0.7,0.82,0.84,0.63,0.57,0.68,0.82,0.61,0.59,0.52,0.58,0.61,0.44,0.57,CDM,MID,6
Ryan Croasdale,CDM,England,0.63,0.64,0.53,0.57,0.64,0.6,0.59,0.67,0.62,0.84,0.9,0.61,0.59,0.45,0.85,0.49,0.62,0.6,0.6,0.62,0.49,0.56,CDM,MID,6
Alexis Cuello,LM,Argentina,0.63,0.87,0.58,0.5,0.69,0.24,0.48,0.83,0.9,0.83,0.86,0.66,0.58,0.42,0.65,0.61,0.21,0.22,0.19,0.2,0.58,0.54,LM,MID,4
Szymon Czyż,CM,Poland,0.63,0.68,0.6,0.63,0.69,0.46,0.65,0.65,0.71,0.74,0.73,0.7,0.59,0.7,0.66,0.64,0.38,0.41,0.49,0.55,0.5,0.66,CM,MID,6
Mateusz Czyżycki,LM,Poland,0.63,0.71,0.62,0.57,0.64,0.54,0.57,0.72,0.7,0.74,0.7,0.61,0.64,0.46,0.77,0.53,0.6,0.53,0.47,0.58,0.49,0.58,LM,MID,6
Louis D'Arrigo,CDM,Australia,0.63,0.71,0.47,0.61,0.62,0.58,0.63,0.68,0.73,0.76,0.75,0.64,0.6,0.62,0.7,0.63,0.59,0.58,0.57,0.62,0.54,0.49,CDM,MID,6
Marian Danciu,RM,Romania,0.63,0.74,0.44,0.56,0.66,0.29,0.47,0.79,0.7,0.8,0.76,0.63,0.57,0.33,0.79,0.4,0.34,0.31,0.28,0.21,0.28,0.4,RM,MID,3
Ronan Darcy,CAM,England,0.63,0.71,0.56,0.6,0.66,0.48,0.6,0.69,0.73,0.77,0.84,0.63,0.58,0.57,0.81,0.57,0.49,0.42,0.49,0.46,0.47,0.58,CAM,MID,6
Quentin Daubin,CM,France,0.63,0.53,0.55,0.61,0.62,0.62,0.8,0.46,0.58,0.59,0.62,0.66,0.55,0.81,0.8,0.71,0.67,0.6,0.59,0.61,0.62,0.6,CM,MID,0
Filipe de Carvalho,LM,Switzerland,0.63,0.72,0.58,0.56,0.67,0.26,0.37,0.75,0.69,0.57,0.78,0.68,0.62,0.34,0.37,0.39,0.36,0.29,0.16,0.19,0.32,0.59,LM,MID,3
Kaj de Rooij,RM,Holland,0.63,0.66,0.54,0.6,0.64,0.31,0.57,0.69,0.63,0.63,0.59,0.67,0.58,0.6,0.53,0.54,0.31,0.3,0.28,0.33,0.41,0.66,RM,MID,4
Vesel Demaku,CM,Austria,0.63,0.55,0.52,0.58,0.67,0.62,0.6,0.57,0.54,0.73,0.8,0.65,0.65,0.57,0.64,0.53,0.65,0.61,0.63,0.64,0.49,0.59,CM,MID,6
Thorben Deters,RM,Germany,0.63,0.68,0.42,0.6,0.67,0.54,0.58,0.67,0.69,0.85,0.83,0.63,0.59,0.5,0.72,0.55,0.5,0.49,0.59,0.56,0.5,0.49,RM,MID,6
Terry Devlin,CM,Northern Ireland,0.63,0.67,0.54,0.61,0.64,0.6,0.69,0.64,0.7,0.68,0.74,0.64,0.63,0.66,0.75,0.66,0.61,0.6,0.59,0.6,0.58,0.61,CM,MID,6
Samba Diallo,LM,Senegal,0.63,0.7,0.59,0.55,0.66,0.22,0.57,0.72,0.69,0.68,0.88,0.64,0.63,0.58,0.59,0.53,0.22,0.26,0.21,0.17,0.34,0.65,LM,MID,4
Kandet Diawara,RM,France,0.63,0.78,0.61,0.52,0.66,0.24,0.5,0.79,0.77,0.75,0.65,0.65,0.61,0.49,0.62,0.6,0.19,0.21,0.22,0.23,0.52,0.72,RM,MID,4
Armando Dobra,LM,Albania,0.63,0.81,0.58,0.57,0.67,0.31,0.51,0.82,0.81,0.91,0.9,0.61,0.57,0.34,0.71,0.45,0.31,0.28,0.32,0.29,0.35,0.6,LM,MID,4
Mario Dorgeles,CM,Côte d'Ivoire,0.63,0.77,0.46,0.61,0.69,0.51,0.5,0.79,0.75,0.78,0.8,0.69,0.59,0.45,0.6,0.5,0.54,0.54,0.52,0.51,0.39,0.55,CM,MID,6
Maïdine Douane,LM,Algeria,0.63,0.64,0.56,0.6,0.67,0.29,0.49,0.65,0.64,0.71,0.7,0.66,0.59,0.48,0.53,0.45,0.33,0.28,0.25,0.22,0.41,0.58,LM,MID,3
Duan Liuyu,CAM,China PR,0.63,0.78,0.54,0.63,0.63,0.4,0.63,0.81,0.75,0.78,0.65,0.61,0.56,0.61,0.71,0.67,0.22,0.21,0.56,0.46,0.48,0.53,CAM,MID,4
Gwion Edwards,RM,Wales,0.63,0.81,0.59,0.59,0.64,0.52,0.48,0.82,0.81,0.83,0.73,0.6,0.6,0.41,0.55,0.56,0.54,0.5,0.53,0.5,0.52,0.6,RM,MID,4
Joachim Eickmayer,CDM,France,0.63,0.67,0.52,0.6,0.61,0.6,0.66,0.68,0.66,0.67,0.67,0.62,0.62,0.63,0.7,0.63,0.63,0.6,0.59,0.6,0.52,0.63,CDM,MID,6
Abu Bekir Ömer El Zein,CM,Germany,0.63,0.67,0.59,0.6,0.68,0.48,0.6,0.72,0.63,0.7,0.72,0.69,0.62,0.58,0.73,0.56,0.5,0.47,0.46,0.5,0.43,0.61,CM,MID,6
Zachary Elbouzedi,RM,Republic of Ireland,0.63,0.89,0.54,0.56,0.62,0.35,0.54,0.9,0.89,0.74,0.62,0.61,0.53,0.57,0.56,0.63,0.35,0.41,0.31,0.33,0.41,0.57,RM,MID,4
Mauro Estol,CM,Uruguay,0.63,0.58,0.64,0.66,0.59,0.55,0.61,0.6,0.56,0.6,0.63,0.6,0.54,0.64,0.65,0.57,0.56,0.63,0.53,0.58,0.46,0.66,CM,MID,2
Jonah Fabisch,CM,Zimbabwe,0.63,0.64,0.58,0.57,0.64,0.59,0.61,0.65,0.64,0.74,0.76,0.63,0.6,0.56,0.74,0.59,0.65,0.58,0.56,0.58,0.52,0.6,CM,MID,6
Alexis Fariña,CAM,Paraguay,0.63,0.66,0.55,0.62,0.65,0.32,0.41,0.65,0.66,0.65,0.65,0.65,0.54,0.34,0.6,0.37,0.32,0.33,0.33,0.25,0.4,0.5,CAM,MID,3
Adrian Fein,CDM,Germany,0.63,0.51,0.57,0.62,0.65,0.61,0.62,0.55,0.47,0.68,0.56,0.68,0.63,0.74,0.39,0.7,0.62,0.6,0.59,0.63,0.62,0.6,CDM,MID,0
Sam Finley,CM,England,0.63,0.54,0.57,0.62,0.65,0.61,0.69,0.55,0.53,0.73,0.87,0.64,0.64,0.61,0.75,0.61,0.64,0.6,0.61,0.61,0.55,0.63,CM,MID,0
John Patrick,CAM,Republic of Ireland,0.63,0.72,0.61,0.52,0.64,0.21,0.56,0.74,0.7,0.62,0.51,0.66,0.64,0.73,0.34,0.74,0.2,0.16,0.17,0.15,0.55,0.55,CAM,MID,4
Freddy Flórez,CDM,Colombia,0.63,0.62,0.46,0.54,0.63,0.59,0.73,0.69,0.56,0.62,0.76,0.64,0.57,0.76,0.67,0.64,0.6,0.57,0.61,0.61,0.44,0.47,CDM,MID,2
Riccardo Fogliata,CM,Italy,0.63,0.69,0.48,0.63,0.64,0.42,0.47,0.68,0.7,0.79,0.79,0.65,0.75,0.37,0.59,0.37,0.41,0.44,0.42,0.47,0.35,0.51,CM,MID,3
Anthony Fontana,CAM,United States,0.63,0.64,0.63,0.61,0.64,0.46,0.59,0.62,0.66,0.7,0.78,0.62,0.58,0.57,0.65,0.61,0.47,0.47,0.38,0.5,0.55,0.68,CAM,MID,6
Ben Fox,CM,England,0.63,0.76,0.6,0.58,0.63,0.59,0.74,0.78,0.75,0.75,0.65,0.63,0.65,0.7,0.88,0.72,0.6,0.59,0.59,0.58,0.53,0.65,CM,MID,6
Marlon Frey,CM,Germany,0.63,0.59,0.49,0.61,0.63,0.62,0.71,0.65,0.54,0.67,0.7,0.64,0.65,0.7,0.75,0.71,0.63,0.62,0.61,0.61,0.64,0.58,CM,MID,0
Matías Galarza,CM,Paraguay,0.63,0.63,0.58,0.63,0.62,0.54,0.48,0.59,0.67,0.51,0.78,0.65,0.6,0.46,0.5,0.49,0.58,0.61,0.48,0.56,0.5,0.62,CM,MID,2
Yimy Gamero,CDM,Peru,0.63,0.58,0.44,0.57,0.52,0.64,0.62,0.59,0.57,0.49,0.72,0.55,0.59,0.61,0.64,0.59,0.66,0.6,0.68,0.63,0.5,0.49,CDM,MID,2
Łukasz Gerstenstein,RM,Poland,0.63,0.75,0.54,0.58,0.62,0.55,0.57,0.72,0.77,0.6,0.6,0.65,0.58,0.63,0.61,0.58,0.58,0.54,0.55,0.56,0.41,0.61,RM,MID,2
Alex Gilbert,LM,Republic of Ireland,0.63,0.66,0.61,0.58,0.64,0.27,0.57,0.67,0.66,0.7,0.67,0.64,0.61,0.56,0.62,0.52,0.28,0.28,0.24,0.22,0.43,0.67,LM,MID,4
Kevin Goden,RM,Germany,0.63,0.87,0.55,0.54,0.63,0.52,0.68,0.84,0.9,0.72,0.67,0.6,0.58,0.69,0.72,0.74,0.56,0.51,0.49,0.51,0.54,0.56,RM,MID,6
Minos Gouras,LM,Germany,0.63,0.77,0.59,0.55,0.68,0.25,0.54,0.86,0.7,0.87,0.85,0.64,0.59,0.49,0.72,0.54,0.23,0.2,0.25,0.27,0.35,0.62,LM,MID,4
Kosta Grozos,CM,Australia,0.63,0.68,0.53,0.64,0.62,0.55,0.69,0.69,0.67,0.76,0.76,0.62,0.61,0.67,0.8,0.61,0.58,0.56,0.51,0.58,0.47,0.6,CM,MID,6
Sinan Gümüş,RM,Turkey,0.63,0.65,0.65,0.64,0.65,0.29,0.57,0.64,0.66,0.66,0.69,0.65,0.55,0.64,0.36,0.66,0.27,0.26,0.27,0.21,0.58,0.73,RM,MID,4
Julian Günther-Schmidt,CAM,Germany,0.63,0.69,0.6,0.59,0.66,0.51,0.74,0.66,0.71,0.7,0.65,0.67,0.66,0.77,0.73,0.76,0.52,0.44,0.48,0.5,0.63,0.65,CAM,MID,6
Viktor Gustafson,CDM,Sweden,0.63,0.57,0.45,0.55,0.59,0.59,0.73,0.53,0.61,0.62,0.69,0.61,0.62,0.77,0.75,0.62,0.61,0.58,0.61,0.61,0.46,0.47,CDM,MID,2
Jesper Gustavsson,CDM,Sweden,0.63,0.57,0.47,0.59,0.59,0.58,0.74,0.5,0.63,0.61,0.79,0.6,0.59,0.75,0.8,0.62,0.57,0.55,0.61,0.6,0.5,0.51,CDM,MID,2
Wojciech Hajda,CAM,Poland,0.63,0.63,0.5,0.54,0.65,0.59,0.73,0.62,0.64,0.76,0.71,0.67,0.63,0.75,0.71,0.64,0.64,0.55,0.58,0.62,0.48,0.4,CAM,MID,6
Ben Halloran,LM,Australia,0.63,0.78,0.58,0.58,0.62,0.41,0.71,0.75,0.8,0.75,0.74,0.59,0.62,0.73,0.7,0.69,0.4,0.34,0.42,0.4,0.49,0.61,LM,MID,4
Han Kyo Won,RM,Korea Republic,0.63,0.74,0.61,0.58,0.65,0.47,0.64,0.75,0.74,0.68,0.71,0.65,0.57,0.62,0.61,0.7,0.41,0.49,0.47,0.51,0.59,0.63,RM,MID,6
Regan Hendry,CM,Scotland,0.63,0.71,0.58,0.64,0.63,0.56,0.64,0.68,0.73,0.76,0.77,0.62,0.61,0.58,0.84,0.6,0.6,0.56,0.54,0.57,0.51,0.61,CM,MID,6
Felipe Hernandez,CM,United States,0.63,0.69,0.58,0.64,0.64,0.56,0.58,0.66,0.71,0.72,0.76,0.65,0.64,0.54,0.69,0.48,0.59,0.54,0.54,0.63,0.39,0.62,CM,MID,6
Scott High,CM,Scotland,0.63,0.71,0.57,0.63,0.64,0.58,0.65,0.72,0.71,0.72,0.69,0.64,0.62,0.64,0.71,0.63,0.62,0.59,0.56,0.6,0.48,0.62,CM,MID,6
Cameron Humphreys,CDM,England,0.63,0.64,0.56,0.64,0.65,0.57,0.63,0.65,0.64,0.69,0.72,0.65,0.62,0.61,0.69,0.58,0.59,0.55,0.59,0.58,0.46,0.58,CDM,MID,6
Kristall Máni Ingason,CAM,Iceland,0.63,0.74,0.57,0.62,0.66,0.45,0.46,0.73,0.74,0.81,0.79,0.64,0.58,0.42,0.61,0.52,0.44,0.43,0.42,0.48,0.53,0.58,CAM,MID,4
Zidane Iqbal,CM,Iraq,0.63,0.68,0.58,0.61,0.7,0.52,0.56,0.68,0.68,0.82,0.81,0.67,0.65,0.54,0.6,0.53,0.56,0.49,0.5,0.52,0.45,0.61,CM,MID,6
Alexandru Ișfan,RM,Romania,0.63,0.75,0.59,0.58,0.63,0.34,0.65,0.74,0.75,0.75,0.63,0.62,0.53,0.68,0.74,0.68,0.3,0.26,0.33,0.36,0.52,0.6,RM,MID,4
Will Jarvis,LM,England,0.63,0.74,0.61,0.58,0.64,0.26,0.52,0.73,0.74,0.7,0.67,0.62,0.48,0.51,0.61,0.59,0.25,0.22,0.23,0.22,0.52,0.63,LM,MID,4
Dany Jean,LM,Haiti,0.63,0.8,0.62,0.52,0.68,0.23,0.52,0.82,0.78,0.78,0.78,0.66,0.6,0.5,0.61,0.64,0.19,0.12,0.23,0.21,0.54,0.68,LM,MID,4
Jekob Abiezer Jeno,CDM,France,0.63,0.56,0.39,0.56,0.57,0.63,0.65,0.5,0.6,0.58,0.64,0.63,0.51,0.68,0.57,0.64,0.67,0.65,0.61,0.62,0.61,0.52,CDM,MID,2
Ryan Johansson,RM,Republic of Ireland,0.63,0.62,0.46,0.61,0.62,0.53,0.58,0.58,0.65,0.54,0.68,0.64,0.63,0.57,0.64,0.52,0.57,0.56,0.49,0.54,0.45,0.51,RM,MID,2
Kelvin John,RM,Tanzania,0.63,0.79,0.61,0.5,0.69,0.24,0.52,0.78,0.8,0.73,0.69,0.67,0.52,0.56,0.56,0.73,0.18,0.17,0.17,0.26,0.67,0.64,RM,MID,4
Thomas Jørgensen,CM,Denmark,0.63,0.65,0.57,0.56,0.61,0.52,0.58,0.64,0.66,0.59,0.61,0.63,0.63,0.55,0.67,0.49,0.59,0.57,0.43,0.61,0.38,0.54,CM,MID,2
Fernando Juárez,CM,Argentina,0.63,0.59,0.44,0.63,0.62,0.58,0.63,0.55,0.63,0.59,0.73,0.66,0.63,0.58,0.67,0.6,0.55,0.57,0.61,0.59,0.59,0.61,CM,MID,2
Elias Kachunga,CAM,Congo DR,0.63,0.72,0.62,0.6,0.65,0.46,0.64,0.72,0.72,0.7,0.73,0.64,0.63,0.67,0.53,0.74,0.53,0.38,0.46,0.3,0.63,0.66,CAM,MID,4
Patrick Kammerbauer,CM,Germany,0.63,0.68,0.52,0.61,0.67,0.57,0.68,0.73,0.64,0.81,0.83,0.67,0.63,0.64,0.73,0.63,0.6,0.58,0.55,0.59,0.45,0.59,CM,MID,6
Bálint Katona,CAM,Hungary,0.63,0.76,0.52,0.62,0.6,0.43,0.51,0.73,0.79,0.68,0.62,0.61,0.64,0.5,0.54,0.55,0.41,0.38,0.45,0.44,0.46,0.58,CAM,MID,4
Bryang Kayo,CM,United States,0.63,0.67,0.5,0.59,0.66,0.59,0.71,0.65,0.68,0.62,0.63,0.67,0.6,0.74,0.7,0.71,0.61,0.57,0.58,0.57,0.58,0.58,CM,MID,0
Sebastian Kerk,CAM,Germany,0.63,0.54,0.66,0.67,0.64,0.34,0.53,0.53,0.54,0.7,0.64,0.63,0.51,0.59,0.5,0.52,0.27,0.32,0.38,0.31,0.48,0.71,CAM,MID,3
Saidou Khan,CDM,Gambia,0.63,0.66,0.52,0.57,0.62,0.57,0.73,0.6,0.7,0.67,0.7,0.61,0.56,0.72,0.79,0.62,0.6,0.58,0.54,0.61,0.49,0.49,CDM,MID,2
Kim Jong Woo,CM,Korea Republic,0.63,0.72,0.6,0.63,0.64,0.54,0.64,0.72,0.72,0.75,0.71,0.65,0.59,0.58,0.83,0.64,0.55,0.52,0.53,0.57,0.54,0.65,CM,MID,6
Kim Ju Kong,CM,Korea Republic,0.63,0.74,0.61,0.61,0.65,0.48,0.65,0.71,0.77,0.72,0.66,0.64,0.67,0.6,0.76,0.68,0.57,0.42,0.33,0.54,0.56,0.6,CM,MID,6
Jeppe Kjær,CAM,Denmark,0.63,0.77,0.53,0.6,0.68,0.38,0.52,0.77,0.77,0.85,0.83,0.66,0.56,0.46,0.64,0.5,0.38,0.36,0.35,0.42,0.38,0.53,CAM,MID,4
Olaf Kobacki,LM,Poland,0.63,0.76,0.57,0.58,0.65,0.44,0.64,0.77,0.75,0.74,0.69,0.69,0.47,0.65,0.66,0.62,0.4,0.4,0.49,0.43,0.42,0.6,LM,MID,4
Raphael Kofler,CDM,Italy,0.63,0.56,0.48,0.56,0.57,0.61,0.74,0.47,0.64,0.64,0.42,0.63,0.56,0.8,0.65,0.68,0.63,0.59,0.62,0.6,0.59,0.63,CDM,MID,0
Tihomir Kostadinov,CAM,North Macedonia,0.63,0.67,0.58,0.63,0.64,0.33,0.54,0.64,0.69,0.66,0.7,0.65,0.57,0.55,0.64,0.49,0.33,0.34,0.35,0.28,0.36,0.58,CAM,MID,3
Rachid Kouda,CM,Italy,0.63,0.83,0.39,0.58,0.66,0.53,0.7,0.81,0.85,0.66,0.6,0.67,0.68,0.7,0.76,0.73,0.58,0.56,0.45,0.56,0.51,0.56,CM,MID,6
Ilias Koutsoupias,CM,Greece,0.63,0.65,0.53,0.58,0.64,0.56,0.7,0.65,0.65,0.54,0.66,0.68,0.57,0.7,0.76,0.68,0.59,0.57,0.53,0.54,0.57,0.6,CM,MID,0
Antoni Kozubal,CM,Poland,0.63,0.68,0.54,0.57,0.63,0.53,0.73,0.75,0.63,0.79,0.56,0.63,0.56,0.68,0.9,0.65,0.58,0.51,0.52,0.53,0.45,0.55,CM,MID,6
David Kruse,CM,Denmark,0.63,0.58,0.59,0.64,0.61,0.56,0.58,0.62,0.55,0.66,0.64,0.64,0.63,0.58,0.7,0.58,0.55,0.51,0.59,0.57,0.5,0.62,CM,MID,2
Sergiy Krykun,LM,Ukraine,0.63,0.84,0.6,0.56,0.63,0.38,0.68,0.83,0.85,0.82,0.71,0.61,0.58,0.72,0.7,0.82,0.29,0.38,0.35,0.43,0.6,0.65,LM,MID,4
Krzysztof Kubica,CDM,Poland,0.63,0.59,0.56,0.55,0.59,0.63,0.68,0.53,0.63,0.54,0.46,0.62,0.6,0.72,0.68,0.71,0.63,0.58,0.62,0.62,0.69,0.65,CDM,MID,0
William Kurtović,CM,Sweden,0.63,0.48,0.57,0.63,0.62,0.59,0.8,0.42,0.53,0.53,0.45,0.65,0.62,0.87,0.75,0.66,0.61,0.58,0.58,0.61,0.54,0.65,CM,MID,0
Youness Lachhab,CDM,Morocco,0.63,0.6,0.44,0.6,0.58,0.6,0.65,0.59,0.6,0.57,0.5,0.66,0.61,0.7,0.57,0.7,0.62,0.6,0.57,0.58,0.69,0.62,CDM,MID,0
Mathis Lambourde,RM,France,0.63,0.78,0.6,0.55,0.65,0.21,0.54,0.79,0.78,0.73,0.65,0.65,0.55,0.63,0.54,0.56,0.21,0.23,0.21,0.18,0.23,0.69,RM,MID,4
Jack Lankester,CAM,England,0.63,0.75,0.59,0.6,0.64,0.43,0.58,0.76,0.75,0.7,0.79,0.61,0.6,0.61,0.61,0.64,0.47,0.42,0.4,0.41,0.47,0.59,CAM,MID,4
Lee Sang Min,CDM,Korea Republic,0.63,0.59,0.47,0.58,0.59,0.59,0.66,0.58,0.59,0.59,0.67,0.64,0.57,0.67,0.68,0.61,0.58,0.53,0.61,0.61,0.54,0.45,CDM,MID,2
Lee Chan Dong,CM,Korea Republic,0.63,0.56,0.58,0.6,0.6,0.65,0.79,0.6,0.53,0.69,0.64,0.62,0.63,0.79,0.78,0.76,0.63,0.65,0.66,0.66,0.65,0.7,CM,MID,0
Maicol León,CM,Chile,0.63,0.65,0.49,0.59,0.65,0.58,0.61,0.65,0.65,0.68,0.67,0.63,0.62,0.61,0.74,0.58,0.64,0.58,0.58,0.55,0.48,0.57,CM,MID,6
Marcin Listkowski,CM,Poland,0.63,0.8,0.59,0.59,0.69,0.48,0.65,0.81,0.79,0.83,0.84,0.65,0.63,0.59,0.8,0.66,0.51,0.44,0.43,0.52,0.49,0.65,CM,MID,6
Klaidi Lolos,CAM,Greece,0.63,0.69,0.6,0.55,0.65,0.51,0.69,0.7,0.68,0.72,0.72,0.63,0.62,0.69,0.74,0.68,0.52,0.44,0.49,0.51,0.56,0.6,CAM,MID,6
Ariel López,CDM,Uruguay,0.63,0.5,0.48,0.55,0.58,0.63,0.7,0.48,0.52,0.52,0.6,0.59,0.6,0.72,0.71,0.68,0.64,0.61,0.61,0.62,0.67,0.54,CDM,MID,0
Luo Senwen,CM,China PR,0.63,0.65,0.61,0.6,0.62,0.58,0.71,0.66,0.65,0.63,0.65,0.62,0.6,0.77,0.72,0.74,0.59,0.52,0.55,0.63,0.59,0.68,CM,MID,0
Ismet Lushaku,CM,Kosovo,0.63,0.68,0.49,0.61,0.63,0.51,0.6,0.69,0.67,0.68,0.76,0.64,0.6,0.58,0.79,0.51,0.5,0.42,0.55,0.56,0.36,0.46,CM,MID,2
Ridwane M'Barki,LM,Belgium,0.63,0.64,0.53,0.6,0.64,0.28,0.41,0.61,0.66,0.5,0.67,0.65,0.55,0.45,0.39,0.41,0.29,0.3,0.31,0.18,0.38,0.5,LM,MID,3
Alex MacDonald,RM,Scotland,0.63,0.7,0.58,0.6,0.64,0.56,0.72,0.71,0.7,0.83,0.86,0.6,0.6,0.72,0.7,0.79,0.57,0.55,0.54,0.58,0.53,0.62,RM,MID,6
Roman Macek,CM,Czech Republic,0.63,0.63,0.56,0.63,0.65,0.59,0.6,0.61,0.65,0.65,0.52,0.68,0.6,0.64,0.58,0.58,0.61,0.59,0.62,0.59,0.48,0.63,CM,MID,2
Tim Maciejewski,RM,Germany,0.63,0.77,0.61,0.55,0.65,0.45,0.57,0.79,0.75,0.73,0.69,0.62,0.64,0.58,0.7,0.58,0.45,0.48,0.44,0.49,0.4,0.71,RM,MID,4
Niilo Mäenpää,CM,Finland,0.63,0.72,0.5,0.62,0.61,0.56,0.66,0.68,0.76,0.67,0.61,0.63,0.68,0.65,0.73,0.69,0.58,0.53,0.53,0.58,0.61,0.54,CM,MID,6
Magunazelaia,CAM,Spain,0.63,0.75,0.64,0.6,0.66,0.46,0.55,0.77,0.73,0.7,0.8,0.64,0.55,0.54,0.58,0.66,0.48,0.54,0.39,0.41,0.58,0.71,CAM,MID,4
Ibrahim Mahnashi,CDM,Saudi Arabia,0.63,0.7,0.44,0.56,0.6,0.59,0.72,0.69,0.7,0.69,0.49,0.65,0.63,0.76,0.7,0.7,0.63,0.6,0.55,0.64,0.52,0.49,CDM,MID,2
Josué Limberth Mamani,CDM,Bolivia,0.63,0.66,0.5,0.56,0.64,0.63,0.5,0.63,0.68,0.6,0.54,0.66,0.62,0.43,0.54,0.47,0.68,0.65,0.61,0.63,0.5,0.53,CDM,MID,2
Liam Mandeville,RM,England,0.63,0.72,0.58,0.61,0.62,0.47,0.61,0.74,0.7,0.69,0.67,0.62,0.59,0.64,0.74,0.67,0.5,0.4,0.46,0.44,0.52,0.61,RM,MID,6
Jérémy Manzorro,CAM,France,0.63,0.67,0.55,0.6,0.67,0.27,0.6,0.79,0.58,0.69,0.8,0.64,0.61,0.58,0.64,0.63,0.15,0.14,0.29,0.37,0.46,0.58,CAM,MID,4
Rai Marchán,CDM,Spain,0.63,0.56,0.31,0.55,0.55,0.63,0.53,0.58,0.55,0.62,0.67,0.59,0.52,0.44,0.74,0.38,0.68,0.65,0.65,0.62,0.4,0.32,CDM,MID,2
Jayson Martínez,RM,Venezuela,0.63,0.7,0.5,0.6,0.65,0.45,0.5,0.69,0.71,0.66,0.78,0.66,0.59,0.49,0.56,0.51,0.45,0.49,0.42,0.44,0.47,0.56,RM,MID,3
Faïz Mattoir,LM,Netherlands,0.63,0.7,0.61,0.58,0.66,0.27,0.46,0.71,0.7,0.7,0.85,0.64,0.54,0.48,0.49,0.53,0.27,0.25,0.22,0.22,0.49,0.72,LM,MID,4
Konrad Matuszewski,LM,Poland,0.63,0.76,0.44,0.6,0.6,0.58,0.65,0.77,0.75,0.6,0.77,0.6,0.59,0.63,0.74,0.66,0.62,0.57,0.58,0.59,0.49,0.5,LM,MID,6
Ethan Mbappé,CM,France,0.63,0.61,0.54,0.65,0.65,0.57,0.49,0.64,0.58,0.66,0.65,0.66,0.59,0.48,0.48,0.52,0.6,0.57,0.56,0.58,0.52,0.64,CM,MID,2
Malick Mbaye,RM,Senegal,0.63,0.82,0.63,0.54,0.63,0.29,0.56,0.83,0.81,0.64,0.79,0.67,0.46,0.57,0.59,0.68,0.26,0.27,0.28,0.22,0.52,0.68,RM,MID,4
James McConnell,CM,England,0.63,0.64,0.5,0.62,0.63,0.57,0.64,0.63,0.65,0.58,0.58,0.65,0.61,0.62,0.65,0.61,0.59,0.56,0.57,0.56,0.53,0.5,CM,MID,2
Patrick McEleney,CAM,Republic of Ireland,0.63,0.53,0.61,0.61,0.67,0.53,0.48,0.5,0.55,0.8,0.67,0.66,0.61,0.56,0.33,0.56,0.55,0.47,0.53,0.51,0.56,0.64,CAM,MID,2
Cameron McGeehan,CM,Northern Ireland,0.63,0.67,0.61,0.59,0.65,0.59,0.74,0.67,0.67,0.73,0.74,0.64,0.62,0.7,0.82,0.68,0.61,0.58,0.58,0.59,0.57,0.68,CM,MID,6
Conor McGrandles,CM,Scotland,0.63,0.65,0.55,0.61,0.61,0.59,0.76,0.64,0.66,0.63,0.58,0.62,0.61,0.72,0.8,0.66,0.62,0.57,0.57,0.61,0.51,0.58,CM,MID,0
Harry McKirdy,RM,England,0.63,0.9,0.58,0.55,0.64,0.32,0.47,0.9,0.9,0.87,0.83,0.6,0.59,0.35,0.54,0.54,0.32,0.35,0.24,0.32,0.48,0.6,RM,MID,4
Filippo Melegoni,CAM,Italy,0.63,0.43,0.54,0.67,0.64,0.57,0.6,0.39,0.47,0.65,0.69,0.65,0.68,0.62,0.65,0.5,0.56,0.58,0.58,0.59,0.49,0.7,CAM,MID,0
Adilson Mendes,LM,Portugal,0.63,0.76,0.6,0.59,0.66,0.31,0.49,0.77,0.75,0.72,0.73,0.65,0.43,0.48,0.6,0.52,0.35,0.33,0.28,0.25,0.42,0.63,LM,MID,4
Rodri Mendoza,CM,Spain,0.63,0.6,0.56,0.56,0.62,0.55,0.56,0.59,0.6,0.59,0.58,0.62,0.63,0.57,0.54,0.53,0.67,0.53,0.43,0.6,0.45,0.5,CM,MID,2
George Merloi,RM,Romania,0.63,0.77,0.55,0.59,0.68,0.37,0.58,0.76,0.77,0.84,0.83,0.67,0.52,0.55,0.65,0.57,0.35,0.32,0.36,0.39,0.42,0.6,RM,MID,4
Cristian Mihai,CDM,Romania,0.63,0.65,0.51,0.6,0.6,0.58,0.65,0.63,0.66,0.59,0.76,0.62,0.57,0.6,0.8,0.63,0.58,0.53,0.59,0.58,0.55,0.55,CDM,MID,2
Noel Milleskog,RM,Sweden,0.63,0.83,0.57,0.52,0.63,0.28,0.51,0.81,0.84,0.78,0.58,0.63,0.54,0.47,0.74,0.51,0.32,0.36,0.25,0.2,0.34,0.54,RM,MID,4
Matías Mir,RM,Uruguay,0.63,0.71,0.55,0.6,0.63,0.62,0.63,0.66,0.75,0.72,0.67,0.6,0.51,0.6,0.67,0.64,0.63,0.64,0.64,0.62,0.55,0.5,RM,MID,6
Iyad Mohamed,CDM,Netherlands,0.63,0.55,0.43,0.55,0.58,0.61,0.66,0.54,0.56,0.56,0.43,0.62,0.58,0.7,0.61,0.6,0.65,0.62,0.62,0.59,0.5,0.55,CDM,MID,2
Thaddäus-Monju Momuluh,RM,Germany,0.63,0.8,0.61,0.55,0.66,0.27,0.49,0.76,0.83,0.73,0.65,0.65,0.52,0.55,0.47,0.57,0.31,0.27,0.25,0.16,0.41,0.71,RM,MID,4
Manuel Mónaco,RM,Argentina,0.63,0.65,0.57,0.62,0.61,0.48,0.54,0.66,0.64,0.54,0.71,0.67,0.54,0.54,0.69,0.48,0.47,0.51,0.47,0.55,0.39,0.6,RM,MID,2
Lisandro Montenegro,CM,Argentina,0.63,0.67,0.56,0.62,0.63,0.54,0.67,0.69,0.65,0.57,0.7,0.63,0.65,0.7,0.68,0.62,0.61,0.57,0.43,0.6,0.47,0.57,CM,MID,6
Moon Min Seo,LM,Korea Republic,0.63,0.64,0.54,0.61,0.62,0.49,0.49,0.62,0.65,0.67,0.52,0.6,0.63,0.4,0.62,0.39,0.57,0.41,0.44,0.54,0.42,0.6,LM,MID,2
Bryn Morris,CDM,England,0.63,0.67,0.59,0.57,0.6,0.59,0.7,0.68,0.66,0.74,0.72,0.59,0.57,0.66,0.86,0.75,0.6,0.59,0.58,0.63,0.55,0.7,CDM,MID,6
Tom Moustier,CM,France,0.63,0.64,0.52,0.61,0.65,0.57,0.63,0.63,0.65,0.59,0.62,0.66,0.65,0.65,0.62,0.66,0.63,0.59,0.55,0.5,0.58,0.62,CM,MID,0
Louis Mouton,CM,France,0.63,0.66,0.43,0.58,0.62,0.58,0.64,0.67,0.65,0.62,0.64,0.66,0.67,0.63,0.68,0.63,0.59,0.59,0.57,0.58,0.53,0.51,CM,MID,2
Christos Mouzakitis,CM,Greece,0.63,0.67,0.54,0.64,0.7,0.51,0.52,0.69,0.65,0.7,0.76,0.69,0.62,0.52,0.5,0.56,0.5,0.53,0.5,0.51,0.5,0.51,CM,MID,6
Marek Mróz,CAM,Poland,0.63,0.74,0.63,0.62,0.63,0.41,0.64,0.75,0.74,0.71,0.66,0.65,0.53,0.64,0.72,0.59,0.44,0.34,0.38,0.44,0.39,0.66,CAM,MID,4
François Mughe,RM,Cameroon,0.63,0.87,0.59,0.56,0.64,0.35,0.55,0.88,0.87,0.82,0.85,0.61,0.57,0.49,0.62,0.64,0.37,0.32,0.3,0.32,0.51,0.66,RM,MID,4
Liridon Mulaj,LM,Switzerland,0.63,0.69,0.59,0.62,0.65,0.31,0.51,0.7,0.69,0.79,0.76,0.62,0.65,0.44,0.66,0.41,0.42,0.37,0.2,0.25,0.39,0.75,LM,MID,4
Iker Muñoz,CM,Spain,0.63,0.6,0.53,0.57,0.62,0.53,0.55,0.54,0.64,0.58,0.68,0.65,0.63,0.53,0.63,0.48,0.6,0.52,0.41,0.64,0.45,0.41,CM,MID,2
Joseph N'Duquidi,CDM,Angola,0.63,0.68,0.47,0.6,0.65,0.61,0.64,0.67,0.69,0.67,0.6,0.65,0.59,0.64,0.63,0.68,0.64,0.63,0.59,0.58,0.6,0.62,CDM,MID,6
Bilal Nadir,CM,Morocco,0.63,0.58,0.52,0.61,0.63,0.57,0.59,0.62,0.54,0.66,0.63,0.65,0.62,0.53,0.68,0.55,0.62,0.53,0.57,0.53,0.53,0.63,CM,MID,2
Abdenego Nankishi,LM,Germany,0.63,0.83,0.52,0.54,0.69,0.29,0.57,0.87,0.8,0.81,0.77,0.64,0.62,0.6,0.63,0.69,0.27,0.19,0.21,0.5,0.3,0.57,LM,MID,4
Johannes Naschberger,CM,Austria,0.63,0.78,0.58,0.6,0.67,0.55,0.55,0.81,0.75,0.81,0.86,0.64,0.6,0.44,0.75,0.49,0.62,0.5,0.53,0.56,0.4,0.6,CM,MID,6
Tomasz Neugebauer,CDM,Poland,0.63,0.66,0.57,0.61,0.58,0.59,0.69,0.67,0.65,0.66,0.69,0.6,0.6,0.68,0.75,0.57,0.58,0.59,0.63,0.62,0.44,0.62,CDM,MID,6
Bilal Njie,LM,Somalia,0.63,0.87,0.58,0.51,0.65,0.27,0.56,0.88,0.86,0.86,0.82,0.62,0.56,0.57,0.64,0.69,0.27,0.25,0.23,0.21,0.5,0.63,LM,MID,4
Béni Nkololo,RM,France,0.63,0.8,0.58,0.57,0.63,0.3,0.6,0.8,0.8,0.64,0.67,0.62,0.58,0.67,0.57,0.62,0.28,0.38,0.3,0.27,0.37,0.59,RM,MID,4
Luizão,CDM,Brazil,0.63,0.69,0.46,0.56,0.59,0.6,0.71,0.67,0.7,0.72,0.63,0.61,0.53,0.71,0.71,0.6,0.63,0.62,0.61,0.62,0.43,0.58,CDM,MID,2
Andreas Oggesen,CM,Denmark,0.63,0.74,0.54,0.61,0.69,0.53,0.59,0.75,0.73,0.8,0.81,0.67,0.64,0.55,0.69,0.56,0.58,0.54,0.52,0.5,0.44,0.56,CM,MID,6
Funso Ojo,CM,Belgium,0.63,0.58,0.57,0.61,0.63,0.6,0.68,0.63,0.53,0.78,0.71,0.64,0.61,0.67,0.72,0.74,0.62,0.57,0.58,0.64,0.56,0.66,CM,MID,0
Andrea Oliveri,RM,Italy,0.63,0.74,0.56,0.62,0.65,0.45,0.44,0.76,0.72,0.71,0.69,0.64,0.6,0.41,0.41,0.54,0.41,0.33,0.46,0.5,0.52,0.6,RM,MID,4
Rasmus Örqvist,CAM,Sweden,0.63,0.68,0.6,0.59,0.64,0.62,0.78,0.7,0.67,0.65,0.66,0.64,0.62,0.81,0.84,0.77,0.64,0.61,0.58,0.65,0.58,0.62,CAM,MID,0
David Ozoh,CDM,England,0.63,0.65,0.53,0.56,0.64,0.6,0.71,0.64,0.65,0.69,0.67,0.63,0.62,0.75,0.6,0.7,0.65,0.63,0.52,0.64,0.55,0.55,CDM,MID,0
Pacheco,CAM,Spain,0.63,0.6,0.58,0.61,0.63,0.58,0.62,0.6,0.6,0.62,0.59,0.67,0.6,0.61,0.64,0.63,0.57,0.57,0.59,0.59,0.58,0.59,CAM,MID,0
Adrion Pajaziti,CDM,Albania,0.63,0.64,0.55,0.62,0.61,0.59,0.64,0.66,0.62,0.64,0.7,0.63,0.58,0.61,0.67,0.65,0.62,0.64,0.55,0.58,0.57,0.63,CDM,MID,6
Federico Paradela,CM,Argentina,0.63,0.68,0.56,0.61,0.67,0.51,0.58,0.67,0.69,0.72,0.73,0.66,0.6,0.59,0.68,0.53,0.53,0.49,0.53,0.5,0.44,0.57,CM,MID,6
Alex Pattison,CM,England,0.63,0.81,0.59,0.61,0.65,0.58,0.71,0.82,0.81,0.84,0.84,0.62,0.62,0.67,0.82,0.82,0.6,0.58,0.55,0.62,0.54,0.6,CM,MID,6
Peng Xinli,CDM,China PR,0.63,0.76,0.61,0.61,0.64,0.61,0.68,0.78,0.74,0.8,0.78,0.61,0.63,0.64,0.76,0.75,0.62,0.57,0.63,0.61,0.6,0.65,CDM,MID,6
Kevin Pereira,LM,Paraguay,0.63,0.7,0.54,0.6,0.68,0.25,0.45,0.69,0.71,0.7,0.72,0.68,0.44,0.49,0.42,0.45,0.26,0.28,0.21,0.23,0.36,0.45,LM,MID,3
Tom Pett,CM,England,0.63,0.52,0.55,0.61,0.64,0.56,0.59,0.55,0.5,0.81,0.8,0.62,0.63,0.47,0.82,0.4,0.61,0.6,0.51,0.63,0.37,0.58,CM,MID,6
Denis-Will Poha,CM,France,0.63,0.65,0.52,0.6,0.64,0.63,0.65,0.71,0.6,0.62,0.7,0.65,0.64,0.6,0.72,0.64,0.64,0.62,0.63,0.67,0.51,0.62,CM,MID,6
Liam Polworth,CM,Scotland,0.63,0.63,0.59,0.66,0.65,0.57,0.62,0.63,0.63,0.65,0.73,0.64,0.59,0.61,0.66,0.6,0.57,0.57,0.59,0.58,0.5,0.6,CM,MID,6
Paris Polykarpou,CDM,Cyprus,0.63,0.63,0.34,0.52,0.56,0.63,0.64,0.64,0.63,0.59,0.65,0.65,0.59,0.59,0.72,0.63,0.65,0.61,0.65,0.6,0.59,0.47,CDM,MID,2
Marcos Portillo,CM,Argentina,0.63,0.72,0.58,0.59,0.66,0.56,0.53,0.73,0.71,0.62,0.75,0.64,0.62,0.43,0.6,0.53,0.64,0.63,0.44,0.6,0.54,0.62,CM,MID,6
Jack Powell,CM,England,0.63,0.62,0.6,0.63,0.64,0.54,0.65,0.59,0.65,0.83,0.79,0.62,0.59,0.61,0.83,0.5,0.58,0.52,0.55,0.54,0.36,0.7,CM,MID,6
Maximiliano Puig,CDM,Argentina,0.63,0.62,0.53,0.61,0.63,0.6,0.59,0.52,0.71,0.67,0.62,0.63,0.58,0.58,0.53,0.55,0.61,0.57,0.62,0.6,0.52,0.59,CDM,MID,2
Leandro Putaro,LM,Germany,0.63,0.75,0.62,0.56,0.64,0.39,0.6,0.77,0.73,0.63,0.7,0.63,0.61,0.65,0.62,0.75,0.38,0.31,0.39,0.35,0.6,0.63,LM,MID,4
Niklas Pyyhtiä,CM,Finland,0.63,0.44,0.57,0.65,0.65,0.52,0.59,0.53,0.37,0.56,0.57,0.68,0.57,0.65,0.52,0.61,0.54,0.52,0.48,0.52,0.56,0.65,CM,MID,0
Ahmed Qasem,CAM,Sweden,0.63,0.7,0.55,0.6,0.66,0.38,0.57,0.72,0.68,0.67,0.72,0.67,0.58,0.6,0.57,0.57,0.36,0.47,0.36,0.4,0.4,0.56,CAM,MID,4
Stephen Quinn,CM,Republic of Ireland,0.63,0.51,0.59,0.64,0.66,0.56,0.63,0.49,0.53,0.85,0.87,0.64,0.65,0.59,0.69,0.54,0.57,0.53,0.54,0.59,0.54,0.62,CM,MID,6
Nelson Quiñónes,LM,Colombia,0.63,0.81,0.53,0.54,0.69,0.38,0.48,0.84,0.79,0.79,0.74,0.67,0.54,0.47,0.45,0.52,0.45,0.23,0.44,0.3,0.34,0.62,LM,MID,4
Junior Quitirna,CAM,Guinea-Bissau,0.63,0.73,0.59,0.6,0.68,0.41,0.44,0.72,0.74,0.86,0.9,0.65,0.61,0.34,0.65,0.45,0.45,0.42,0.39,0.35,0.46,0.65,CAM,MID,4
Eduard Radaslavescu,CM,Romania,0.63,0.74,0.62,0.65,0.64,0.45,0.62,0.75,0.73,0.74,0.78,0.64,0.6,0.62,0.67,0.59,0.45,0.45,0.43,0.49,0.42,0.74,CM,MID,4
Arthur Read,CDM,England,0.63,0.67,0.58,0.64,0.64,0.56,0.68,0.68,0.66,0.74,0.75,0.64,0.6,0.61,0.87,0.55,0.61,0.52,0.56,0.59,0.43,0.65,CDM,MID,6
Maykel Reyes,RM,Ecuador,0.63,0.69,0.56,0.61,0.65,0.61,0.61,0.68,0.7,0.63,0.85,0.62,0.58,0.61,0.61,0.65,0.63,0.64,0.6,0.6,0.55,0.56,RM,MID,6
Erik Ring,LM,Sweden,0.63,0.8,0.54,0.56,0.63,0.33,0.69,0.79,0.81,0.68,0.71,0.64,0.57,0.73,0.7,0.74,0.36,0.31,0.34,0.18,0.52,0.54,LM,MID,4
Thiago,LM,Brazil,0.63,0.76,0.49,0.59,0.66,0.48,0.58,0.77,0.76,0.73,0.8,0.66,0.58,0.56,0.6,0.62,0.47,0.45,0.46,0.52,0.47,0.57,LM,MID,4
Damián,CM,Spain,0.63,0.67,0.5,0.62,0.59,0.62,0.62,0.64,0.69,0.65,0.65,0.63,0.6,0.55,0.72,0.61,0.65,0.62,0.64,0.6,0.55,0.67,CM,MID,6
Leândro,RM,Brazil,0.63,0.55,0.65,0.62,0.7,0.29,0.49,0.55,0.55,0.8,0.8,0.67,0.63,0.57,0.47,0.46,0.31,0.31,0.26,0.24,0.36,0.72,RM,MID,4
Sebastián Ruíz Díaz,LM,Paraguay,0.63,0.69,0.55,0.6,0.63,0.35,0.63,0.67,0.7,0.68,0.83,0.63,0.56,0.6,0.68,0.62,0.24,0.2,0.53,0.2,0.54,0.58,LM,MID,4
Kieran Sadlier,LM,Republic of Ireland,0.63,0.76,0.61,0.58,0.66,0.5,0.64,0.78,0.75,0.73,0.76,0.65,0.59,0.65,0.67,0.7,0.52,0.5,0.48,0.5,0.54,0.69,LM,MID,6
Lucas Sanabria,CDM,Uruguay,0.63,0.57,0.48,0.57,0.62,0.6,0.59,0.55,0.58,0.58,0.67,0.66,0.62,0.57,0.62,0.49,0.6,0.61,0.63,0.62,0.44,0.55,CDM,MID,2
Florent Sanchez,CM,France,0.63,0.65,0.53,0.66,0.66,0.5,0.56,0.64,0.65,0.76,0.77,0.65,0.58,0.59,0.57,0.56,0.5,0.49,0.51,0.48,0.47,0.59,CM,MID,6
Isaías,CDM,Spain,0.63,0.37,0.5,0.61,0.63,0.58,0.69,0.4,0.34,0.73,0.8,0.61,0.59,0.64,0.81,0.53,0.59,0.55,0.58,0.6,0.5,0.57,CDM,MID,0
Will Sands,LM,United States,0.63,0.73,0.49,0.55,0.65,0.57,0.61,0.72,0.73,0.74,0.72,0.63,0.56,0.6,0.74,0.62,0.59,0.57,0.57,0.58,0.47,0.64,LM,MID,6
Jabes Saralegui,CM,Argentina,0.63,0.69,0.55,0.6,0.66,0.56,0.62,0.7,0.69,0.78,0.73,0.65,0.63,0.58,0.67,0.65,0.58,0.53,0.51,0.61,0.59,0.64,CM,MID,6
Antoni Sarcevic,CM,England,0.63,0.47,0.62,0.64,0.64,0.57,0.7,0.44,0.49,0.7,0.68,0.64,0.63,0.73,0.69,0.62,0.58,0.55,0.58,0.55,0.55,0.64,CM,MID,0
Lukas Scepanik,LM,Germany,0.63,0.72,0.59,0.58,0.63,0.54,0.64,0.75,0.7,0.8,0.82,0.6,0.56,0.63,0.69,0.63,0.57,0.56,0.53,0.52,0.46,0.6,LM,MID,6
Sem Scheperman,CDM,Holland,0.63,0.56,0.6,0.6,0.64,0.56,0.73,0.66,0.47,0.63,0.59,0.65,0.62,0.76,0.79,0.64,0.58,0.57,0.52,0.56,0.56,0.64,CDM,MID,0
Frederik Schmahl,CAM,Germany,0.63,0.7,0.6,0.61,0.65,0.38,0.6,0.74,0.67,0.61,0.62,0.67,0.63,0.6,0.67,0.66,0.38,0.41,0.38,0.3,0.52,0.63,CAM,MID,4
Lewis Schouten,CDM,Holland,0.63,0.69,0.47,0.59,0.59,0.6,0.65,0.65,0.72,0.51,0.47,0.67,0.57,0.69,0.59,0.68,0.63,0.58,0.59,0.61,0.58,0.57,CDM,MID,2
Lion Schuster,CDM,Austria,0.63,0.68,0.45,0.58,0.62,0.63,0.61,0.67,0.69,0.7,0.67,0.63,0.61,0.65,0.47,0.71,0.64,0.62,0.61,0.62,0.67,0.56,CDM,MID,2
Julian Schwermann,CDM,Germany,0.63,0.7,0.54,0.55,0.61,0.59,0.79,0.69,0.71,0.67,0.65,0.59,0.65,0.79,0.86,0.75,0.6,0.55,0.6,0.59,0.59,0.59,CDM,MID,0
Erlend Segberg,CDM,Norway,0.63,0.44,0.54,0.61,0.62,0.57,0.71,0.43,0.45,0.61,0.64,0.63,0.62,0.71,0.8,0.55,0.57,0.55,0.6,0.6,0.46,0.64,CDM,MID,0
Luis Sequeira,CAM,Argentina,0.63,0.66,0.57,0.63,0.66,0.38,0.56,0.71,0.62,0.67,0.78,0.66,0.56,0.63,0.52,0.59,0.44,0.41,0.35,0.31,0.44,0.6,CAM,MID,4
Jakub Serafin,CDM,Poland,0.63,0.64,0.49,0.63,0.65,0.58,0.62,0.65,0.64,0.71,0.64,0.65,0.59,0.56,0.75,0.62,0.59,0.55,0.57,0.59,0.56,0.56,CDM,MID,6
Javi Serrano,CDM,Spain,0.63,0.69,0.56,0.58,0.62,0.59,0.65,0.74,0.65,0.58,0.79,0.64,0.6,0.63,0.65,0.66,0.58,0.6,0.6,0.63,0.5,0.56,CDM,MID,6
Jan Shcherbakovski,CAM,Belarus,0.63,0.74,0.51,0.58,0.7,0.34,0.52,0.78,0.7,0.83,0.81,0.68,0.55,0.47,0.71,0.5,0.31,0.32,0.36,0.33,0.37,0.49,CAM,MID,4
Juljan Shehu,CDM,Albania,0.63,0.57,0.51,0.61,0.56,0.62,0.62,0.58,0.56,0.69,0.66,0.61,0.56,0.63,0.59,0.6,0.62,0.6,0.69,0.58,0.54,0.51,CDM,MID,2
Walid Shour,CDM,Lebanon,0.63,0.66,0.52,0.55,0.58,0.6,0.7,0.64,0.68,0.65,0.63,0.57,0.62,0.7,0.68,0.67,0.62,0.62,0.59,0.6,0.56,0.57,CDM,MID,2
Craig Sibbald,CM,Scotland,0.63,0.78,0.58,0.6,0.65,0.57,0.58,0.77,0.79,0.76,0.73,0.63,0.62,0.45,0.8,0.59,0.57,0.55,0.58,0.58,0.54,0.63,CM,MID,6
Scott Sinclair,LM,England,0.63,0.7,0.58,0.59,0.65,0.41,0.6,0.69,0.71,0.71,0.77,0.63,0.6,0.62,0.64,0.63,0.33,0.35,0.46,0.4,0.54,0.62,LM,MID,4
Bipin Singh,LM,India,0.63,0.83,0.6,0.54,0.59,0.26,0.59,0.87,0.8,0.74,0.71,0.57,0.56,0.53,0.82,0.58,0.29,0.24,0.26,0.15,0.38,0.57,LM,MID,4
Michal Sipľak,LM,Slovakia,0.63,0.7,0.45,0.59,0.65,0.59,0.73,0.69,0.71,0.72,0.7,0.63,0.59,0.74,0.72,0.71,0.62,0.58,0.61,0.56,0.55,0.44,LM,MID,6
Stefan Škrbo,LM,Austria,0.63,0.74,0.55,0.57,0.65,0.43,0.57,0.72,0.76,0.74,0.79,0.65,0.52,0.51,0.68,0.55,0.49,0.43,0.45,0.31,0.45,0.57,LM,MID,4
Alistair Smith,CM,England,0.63,0.76,0.59,0.59,0.64,0.57,0.69,0.74,0.78,0.79,0.63,0.63,0.6,0.71,0.78,0.71,0.58,0.56,0.56,0.61,0.52,0.63,CM,MID,6
Hugo Sotelo,CM,Spain,0.63,0.65,0.59,0.59,0.65,0.44,0.54,0.66,0.65,0.6,0.59,0.65,0.72,0.57,0.55,0.51,0.54,0.38,0.22,0.66,0.4,0.51,CM,MID,2
Djibril Soumaré,CDM,Senegal,0.63,0.55,0.48,0.57,0.62,0.62,0.63,0.56,0.54,0.49,0.47,0.62,0.63,0.68,0.54,0.64,0.65,0.64,0.6,0.61,0.59,0.63,CDM,MID,0
Kian Spence,CM,England,0.63,0.69,0.59,0.63,0.65,0.57,0.69,0.68,0.7,0.8,0.78,0.61,0.59,0.58,0.88,0.6,0.6,0.59,0.53,0.6,0.51,0.64,CM,MID,6
Casper Staring,CDM,Holland,0.63,0.65,0.43,0.56,0.56,0.64,0.67,0.68,0.63,0.67,0.62,0.56,0.62,0.7,0.64,0.71,0.65,0.64,0.66,0.62,0.6,0.53,CDM,MID,2
Julian Stark,CM,Germany,0.63,0.63,0.52,0.61,0.66,0.6,0.66,0.64,0.62,0.71,0.7,0.64,0.63,0.67,0.65,0.66,0.64,0.58,0.61,0.58,0.55,0.54,CM,MID,6
Ben Stevenson,CM,England,0.63,0.65,0.6,0.63,0.64,0.59,0.66,0.66,0.64,0.71,0.72,0.64,0.59,0.62,0.74,0.62,0.59,0.57,0.6,0.6,0.52,0.63,CM,MID,6
Ryan Stirk,CDM,Wales,0.63,0.71,0.5,0.59,0.61,0.57,0.7,0.74,0.68,0.71,0.67,0.62,0.6,0.65,0.82,0.64,0.61,0.6,0.55,0.6,0.46,0.59,CDM,MID,6
Oliver Strunz,RM,Austria,0.63,0.7,0.65,0.54,0.66,0.29,0.74,0.66,0.73,0.67,0.66,0.68,0.62,0.79,0.69,0.78,0.21,0.25,0.28,0.24,0.68,0.65,RM,MID,4
Emanuel Taffertshofer,CDM,Germany,0.63,0.49,0.43,0.55,0.61,0.62,0.66,0.47,0.51,0.74,0.76,0.59,0.61,0.65,0.72,0.53,0.63,0.64,0.63,0.63,0.49,0.52,CDM,MID,2
Madih Talal,CAM,France,0.63,0.52,0.59,0.63,0.66,0.51,0.65,0.51,0.53,0.59,0.66,0.67,0.59,0.63,0.74,0.56,0.59,0.54,0.45,0.46,0.5,0.62,CAM,MID,0
Chemsdine Talbi,RM,Belgium,0.63,0.79,0.52,0.57,0.71,0.29,0.4,0.85,0.74,0.83,0.81,0.68,0.43,0.46,0.36,0.52,0.28,0.23,0.31,0.25,0.36,0.54,RM,MID,3
Berkan Taz,CAM,Germany,0.63,0.72,0.54,0.6,0.7,0.31,0.57,0.77,0.68,0.88,0.86,0.66,0.61,0.61,0.62,0.61,0.25,0.25,0.37,0.28,0.43,0.6,CAM,MID,4
Charlie Telfer,CAM,Scotland,0.63,0.75,0.61,0.61,0.67,0.53,0.57,0.74,0.75,0.77,0.8,0.67,0.59,0.56,0.7,0.59,0.5,0.51,0.58,0.54,0.46,0.66,CAM,MID,6
Christian Theoharous,LM,Australia,0.63,0.81,0.58,0.53,0.66,0.31,0.41,0.83,0.79,0.68,0.89,0.61,0.54,0.29,0.62,0.43,0.26,0.24,0.34,0.36,0.33,0.59,LM,MID,3
Curtis Thompson,CM,England,0.63,0.66,0.58,0.59,0.65,0.63,0.73,0.68,0.65,0.79,0.79,0.63,0.63,0.71,0.73,0.73,0.64,0.63,0.62,0.65,0.62,0.59,CM,MID,6
George Thomson,RM,England,0.63,0.69,0.6,0.6,0.63,0.51,0.63,0.7,0.69,0.78,0.76,0.6,0.61,0.59,0.85,0.53,0.55,0.45,0.52,0.53,0.41,0.62,RM,MID,6
Simon Tibbling,LM,Sweden,0.63,0.6,0.53,0.62,0.65,0.5,0.59,0.59,0.6,0.71,0.73,0.65,0.61,0.59,0.65,0.53,0.5,0.45,0.54,0.49,0.45,0.57,LM,MID,2
Al Hassan Touré,RM,Australia,0.63,0.85,0.59,0.56,0.63,0.31,0.68,0.84,0.86,0.71,0.6,0.6,0.52,0.77,0.63,0.79,0.33,0.28,0.27,0.25,0.5,0.66,RM,MID,4
Troncho,RM,Spain,0.63,0.7,0.61,0.6,0.63,0.36,0.53,0.67,0.72,0.52,0.67,0.65,0.58,0.56,0.54,0.56,0.34,0.33,0.36,0.35,0.48,0.68,RM,MID,4
Ryan Tunnicliffe,CDM,England,0.63,0.5,0.57,0.6,0.6,0.6,0.7,0.46,0.54,0.61,0.68,0.59,0.6,0.77,0.55,0.66,0.61,0.58,0.6,0.62,0.56,0.65,CDM,MID,0
Lukas Tursch,CDM,Austria,0.63,0.57,0.56,0.55,0.58,0.62,0.71,0.51,0.62,0.57,0.63,0.59,0.58,0.74,0.65,0.7,0.63,0.6,0.62,0.61,0.67,0.68,CDM,MID,0
Laurin Ulrich,CM,Germany,0.63,0.69,0.59,0.62,0.69,0.49,0.61,0.73,0.66,0.77,0.76,0.68,0.63,0.64,0.62,0.6,0.52,0.38,0.52,0.47,0.44,0.65,CM,MID,6
Franco Vega,CM,Argentina,0.63,0.66,0.47,0.63,0.64,0.5,0.57,0.68,0.64,0.66,0.65,0.65,0.6,0.59,0.58,0.56,0.51,0.55,0.54,0.42,0.45,0.61,CM,MID,2
Robin Velasco,LM,Germany,0.63,0.72,0.55,0.59,0.65,0.3,0.46,0.73,0.71,0.65,0.76,0.64,0.5,0.43,0.48,0.43,0.29,0.3,0.3,0.29,0.37,0.55,LM,MID,3
Jair Tavares,LM,Portugal,0.63,0.9,0.56,0.55,0.63,0.25,0.43,0.91,0.89,0.8,0.64,0.59,0.59,0.34,0.59,0.48,0.29,0.27,0.18,0.22,0.37,0.61,LM,MID,4
Carlo Villanueva,CAM,Chile,0.63,0.68,0.57,0.58,0.64,0.38,0.59,0.68,0.68,0.66,0.6,0.64,0.57,0.63,0.54,0.62,0.38,0.42,0.31,0.41,0.5,0.59,CAM,MID,4
Matty Virtue,CM,England,0.63,0.66,0.57,0.59,0.65,0.61,0.64,0.67,0.66,0.76,0.82,0.64,0.64,0.6,0.7,0.62,0.63,0.62,0.6,0.63,0.54,0.65,CM,MID,6
Emiliano Viveros,RM,Argentina,0.63,0.7,0.48,0.62,0.62,0.57,0.57,0.68,0.71,0.62,0.66,0.59,0.64,0.48,0.66,0.53,0.6,0.59,0.55,0.58,0.52,0.58,RM,MID,2
Patrick Vroegh,CM,Holland,0.63,0.57,0.53,0.61,0.63,0.55,0.61,0.64,0.51,0.68,0.67,0.65,0.63,0.59,0.67,0.56,0.58,0.56,0.55,0.55,0.46,0.64,CM,MID,2
Oliver Wähling,CAM,Germany,0.63,0.68,0.62,0.65,0.64,0.37,0.6,0.71,0.66,0.7,0.71,0.62,0.6,0.65,0.54,0.57,0.37,0.44,0.38,0.35,0.35,0.65,CAM,MID,4
Stephen Wearne,CAM,England,0.63,0.76,0.58,0.6,0.64,0.47,0.63,0.77,0.76,0.71,0.68,0.64,0.57,0.63,0.69,0.71,0.49,0.45,0.46,0.42,0.55,0.61,CAM,MID,6
Joe White,CM,England,0.63,0.65,0.57,0.65,0.63,0.55,0.58,0.66,0.65,0.62,0.65,0.63,0.56,0.63,0.6,0.62,0.58,0.49,0.53,0.56,0.52,0.6,CM,MID,2
Jonny Williams,LM,Wales,0.63,0.63,0.59,0.62,0.66,0.53,0.48,0.63,0.63,0.89,0.8,0.63,0.62,0.34,0.71,0.37,0.56,0.52,0.54,0.53,0.43,0.6,LM,MID,6
Tomasz Wójtowicz,LM,Poland,0.63,0.7,0.52,0.6,0.61,0.39,0.63,0.69,0.71,0.7,0.69,0.6,0.66,0.59,0.81,0.53,0.35,0.39,0.38,0.43,0.41,0.53,LM,MID,4
Krzysztof Wołkowicz,LM,Poland,0.63,0.78,0.56,0.6,0.58,0.53,0.67,0.77,0.78,0.56,0.64,0.56,0.56,0.65,0.75,0.62,0.55,0.53,0.53,0.57,0.43,0.55,LM,MID,2
Yang Mingyang,CM,Switzerland,0.63,0.72,0.48,0.61,0.68,0.53,0.6,0.75,0.7,0.8,0.78,0.66,0.65,0.5,0.75,0.59,0.58,0.56,0.52,0.49,0.5,0.48,CM,MID,6
Rafik Zekhnini,LM,Norway,0.63,0.87,0.54,0.55,0.66,0.3,0.41,0.86,0.87,0.85,0.78,0.63,0.56,0.33,0.53,0.45,0.27,0.3,0.34,0.25,0.33,0.6,LM,MID,4
Dennis Adeniran,CM,England,0.62,0.7,0.57,0.58,0.62,0.62,0.71,0.67,0.73,0.66,0.68,0.63,0.63,0.72,0.67,0.68,0.64,0.61,0.62,0.63,0.54,0.64,CM,MID,6
Lukas Ahrend,CDM,Germany,0.62,0.63,0.4,0.55,0.63,0.61,0.59,0.64,0.63,0.69,0.69,0.64,0.63,0.6,0.59,0.61,0.63,0.58,0.63,0.61,0.54,0.51,CDM,MID,2
Rassambek Akhmatov,CDM,Russia,0.62,0.65,0.43,0.55,0.61,0.59,0.66,0.68,0.62,0.72,0.83,0.61,0.6,0.64,0.66,0.54,0.62,0.59,0.6,0.61,0.38,0.58,CDM,MID,2
Tim Akinola,CDM,England,0.62,0.71,0.5,0.55,0.61,0.58,0.69,0.74,0.68,0.7,0.57,0.59,0.59,0.69,0.69,0.69,0.63,0.68,0.55,0.53,0.53,0.6,CDM,MID,2
Ali Al Asmari,CDM,Saudi Arabia,0.62,0.66,0.56,0.59,0.64,0.57,0.65,0.67,0.66,0.64,0.66,0.67,0.61,0.68,0.65,0.61,0.57,0.55,0.57,0.61,0.49,0.62,CDM,MID,6
Khaled Al Blooshi,CAM,United Arab Emirates,0.62,0.67,0.5,0.6,0.66,0.44,0.49,0.66,0.67,0.74,0.83,0.65,0.57,0.45,0.62,0.42,0.45,0.43,0.46,0.43,0.36,0.47,CAM,MID,3
Khalid Al Ghannam,LM,Saudi Arabia,0.62,0.71,0.53,0.53,0.72,0.29,0.44,0.73,0.7,0.84,0.79,0.68,0.52,0.39,0.61,0.43,0.26,0.31,0.29,0.24,0.43,0.56,LM,MID,3
Fahad Al Rashidi,RM,Saudi Arabia,0.62,0.87,0.58,0.52,0.66,0.39,0.59,0.88,0.86,0.86,0.67,0.63,0.52,0.62,0.59,0.61,0.31,0.25,0.54,0.32,0.46,0.7,RM,MID,4
Paolo Alcocer,CDM,Bolivia,0.62,0.65,0.51,0.55,0.63,0.61,0.63,0.67,0.64,0.59,0.66,0.64,0.53,0.69,0.54,0.62,0.66,0.62,0.6,0.61,0.49,0.58,CDM,MID,2
Iker Almena,RM,Spain,0.62,0.73,0.54,0.56,0.63,0.25,0.46,0.75,0.72,0.75,0.75,0.62,0.57,0.48,0.55,0.47,0.23,0.2,0.27,0.22,0.35,0.55,RM,MID,3
Lucas Ambrogio,LM,Argentina,0.62,0.66,0.63,0.58,0.66,0.32,0.53,0.71,0.61,0.72,0.64,0.66,0.58,0.6,0.46,0.68,0.33,0.3,0.27,0.25,0.57,0.68,LM,MID,4
Simon Amin,CM,Syria,0.62,0.67,0.44,0.6,0.64,0.54,0.64,0.7,0.64,0.73,0.68,0.64,0.6,0.67,0.66,0.55,0.59,0.47,0.55,0.56,0.35,0.46,CM,MID,2
Max Anderson,CM,Scotland,0.62,0.77,0.57,0.6,0.64,0.54,0.69,0.75,0.78,0.78,0.8,0.63,0.57,0.59,0.82,0.61,0.58,0.55,0.54,0.53,0.47,0.62,CM,MID,6
Niclas Anspach,CAM,Germany,0.62,0.7,0.51,0.6,0.63,0.31,0.62,0.69,0.7,0.76,0.73,0.68,0.56,0.67,0.69,0.57,0.33,0.31,0.21,0.36,0.44,0.48,CAM,MID,4
Stredair Appuah,LM,France,0.62,0.67,0.6,0.56,0.68,0.27,0.41,0.66,0.67,0.64,0.68,0.69,0.53,0.47,0.33,0.45,0.29,0.3,0.24,0.18,0.44,0.71,LM,MID,3
Alessandro Arena,RM,Italy,0.62,0.79,0.55,0.56,0.62,0.35,0.51,0.8,0.78,0.65,0.85,0.62,0.5,0.46,0.65,0.49,0.29,0.29,0.4,0.39,0.33,0.58,RM,MID,3
Juan David Arizala,RM,Colombia,0.62,0.82,0.52,0.49,0.64,0.25,0.5,0.81,0.83,0.8,0.65,0.65,0.58,0.47,0.73,0.52,0.3,0.23,0.2,0.19,0.39,0.62,RM,MID,4
Alejandro Azócar,LM,Chile,0.62,0.72,0.59,0.58,0.61,0.22,0.59,0.7,0.73,0.67,0.62,0.65,0.5,0.63,0.56,0.61,0.19,0.15,0.17,0.24,0.49,0.62,LM,MID,4
Ulrich Bapoh,CAM,Germany,0.62,0.72,0.58,0.56,0.65,0.47,0.67,0.73,0.72,0.72,0.76,0.6,0.66,0.75,0.58,0.72,0.37,0.39,0.55,0.51,0.52,0.61,CAM,MID,6
Brian Jepthe Bayeye,RM,Congo DR,0.62,0.76,0.5,0.59,0.6,0.55,0.69,0.78,0.75,0.68,0.68,0.59,0.55,0.67,0.77,0.76,0.58,0.56,0.52,0.52,0.6,0.61,RM,MID,6
Ayman Benarous,CAM,England,0.62,0.72,0.49,0.58,0.68,0.38,0.44,0.76,0.68,0.81,0.81,0.64,0.57,0.42,0.51,0.44,0.4,0.43,0.39,0.33,0.35,0.52,CAM,MID,3
Sofus Berger,CAM,Denmark,0.62,0.72,0.52,0.58,0.65,0.49,0.49,0.73,0.72,0.8,0.75,0.63,0.56,0.47,0.55,0.47,0.54,0.5,0.47,0.48,0.37,0.57,CAM,MID,3
Michele Besaggio,CM,Italy,0.62,0.69,0.6,0.64,0.69,0.5,0.6,0.74,0.65,0.75,0.67,0.7,0.6,0.63,0.59,0.58,0.58,0.57,0.45,0.5,0.38,0.7,CM,MID,6
Jan Biegański,CDM,Poland,0.62,0.61,0.48,0.52,0.55,0.61,0.72,0.59,0.62,0.49,0.58,0.56,0.6,0.72,0.75,0.68,0.62,0.57,0.63,0.58,0.58,0.6,CDM,MID,2
Harrison Biggins,CM,England,0.62,0.54,0.56,0.6,0.63,0.57,0.65,0.54,0.54,0.72,0.75,0.62,0.59,0.64,0.8,0.58,0.59,0.57,0.55,0.58,0.51,0.65,CM,MID,0
Adrian Blake,LM,England,0.62,0.79,0.54,0.52,0.66,0.25,0.41,0.8,0.79,0.61,0.84,0.65,0.6,0.39,0.5,0.44,0.24,0.31,0.24,0.22,0.35,0.64,LM,MID,3
Tom Bloxham,RM,England,0.62,0.77,0.59,0.53,0.61,0.27,0.67,0.74,0.8,0.65,0.39,0.61,0.55,0.75,0.67,0.73,0.26,0.23,0.21,0.27,0.54,0.61,RM,MID,4
Hiram Boateng,CM,England,0.62,0.68,0.6,0.62,0.63,0.58,0.71,0.67,0.69,0.65,0.78,0.61,0.6,0.79,0.67,0.74,0.63,0.58,0.56,0.56,0.57,0.64,CM,MID,6
Raphael Borges Rodrigues,LM,Australia,0.62,0.84,0.52,0.5,0.66,0.35,0.68,0.82,0.85,0.77,0.81,0.59,0.58,0.7,0.71,0.7,0.35,0.32,0.33,0.35,0.48,0.57,LM,MID,4
Ismaïl Bouneb,CAM,France,0.62,0.66,0.52,0.61,0.67,0.38,0.5,0.67,0.65,0.73,0.63,0.67,0.59,0.48,0.57,0.45,0.42,0.36,0.32,0.37,0.43,0.52,CAM,MID,3
Roko Brajković,RM,Croatia,0.62,0.79,0.6,0.52,0.67,0.26,0.6,0.81,0.77,0.8,0.76,0.67,0.52,0.61,0.62,0.71,0.23,0.21,0.24,0.21,0.54,0.59,RM,MID,4
Nathan Buayi-Kiala,CM,France,0.62,0.63,0.54,0.62,0.62,0.59,0.57,0.62,0.64,0.58,0.71,0.64,0.62,0.57,0.57,0.61,0.63,0.59,0.55,0.6,0.58,0.56,CM,MID,2
Valdemar Byskov,LM,Denmark,0.62,0.7,0.51,0.6,0.64,0.39,0.4,0.74,0.67,0.81,0.73,0.62,0.46,0.33,0.51,0.4,0.47,0.45,0.38,0.27,0.38,0.51,LM,MID,3
Jake Cain,CM,England,0.62,0.64,0.57,0.6,0.64,0.58,0.6,0.65,0.64,0.77,0.76,0.64,0.6,0.56,0.64,0.58,0.61,0.55,0.58,0.58,0.52,0.56,CM,MID,6
Joe Caletti,CDM,Australia,0.62,0.6,0.43,0.58,0.64,0.57,0.53,0.69,0.53,0.86,0.86,0.62,0.62,0.38,0.76,0.4,0.6,0.54,0.58,0.59,0.43,0.49,CDM,MID,2
Mamadi Camará,CAM,Guinea-Bissau,0.62,0.73,0.51,0.58,0.65,0.42,0.41,0.75,0.72,0.79,0.83,0.64,0.52,0.33,0.57,0.39,0.45,0.38,0.44,0.39,0.34,0.52,CAM,MID,3
Marco Camus,LM,Spain,0.62,0.69,0.56,0.58,0.63,0.32,0.5,0.67,0.7,0.72,0.65,0.62,0.48,0.41,0.64,0.41,0.35,0.38,0.29,0.25,0.44,0.62,LM,MID,3
Juan Cardozo,CM,Paraguay,0.62,0.61,0.55,0.6,0.64,0.59,0.66,0.55,0.65,0.65,0.59,0.69,0.62,0.7,0.61,0.65,0.59,0.58,0.6,0.6,0.59,0.6,CM,MID,0
Tom Carroll,CM,England,0.62,0.55,0.58,0.65,0.66,0.62,0.51,0.55,0.55,0.8,0.77,0.65,0.64,0.5,0.41,0.54,0.64,0.61,0.62,0.63,0.55,0.59,CM,MID,2
Noa Cervantes,RM,Algeria,0.62,0.68,0.56,0.61,0.65,0.44,0.47,0.69,0.67,0.68,0.7,0.63,0.57,0.4,0.63,0.45,0.52,0.56,0.43,0.27,0.49,0.68,RM,MID,3
Ellis Chapman,CAM,England,0.62,0.66,0.6,0.61,0.62,0.53,0.66,0.67,0.66,0.67,0.63,0.63,0.58,0.68,0.7,0.68,0.55,0.52,0.5,0.51,0.59,0.64,CAM,MID,6
Noah Chilvers,CM,England,0.62,0.79,0.6,0.62,0.64,0.54,0.67,0.81,0.78,0.85,0.84,0.6,0.56,0.57,0.9,0.65,0.57,0.54,0.51,0.56,0.49,0.65,CM,MID,6
Mateusz Cholewiak,LM,Poland,0.62,0.83,0.6,0.55,0.6,0.57,0.68,0.82,0.83,0.71,0.63,0.58,0.6,0.68,0.77,0.76,0.59,0.57,0.58,0.52,0.57,0.7,LM,MID,6
Frederik Christensen,LM,Denmark,0.62,0.69,0.51,0.58,0.61,0.55,0.62,0.71,0.67,0.61,0.73,0.61,0.58,0.62,0.66,0.65,0.58,0.55,0.55,0.54,0.5,0.57,LM,MID,2
Andrei Ciobanu,CAM,Romania,0.62,0.68,0.6,0.63,0.64,0.33,0.53,0.7,0.67,0.72,0.75,0.64,0.55,0.53,0.56,0.6,0.3,0.3,0.3,0.3,0.55,0.72,CAM,MID,4
Thomas Claes,CM,Belgium,0.62,0.63,0.51,0.66,0.65,0.36,0.55,0.59,0.67,0.61,0.57,0.71,0.48,0.61,0.6,0.47,0.42,0.38,0.29,0.4,0.28,0.62,CM,MID,3
Bobby Clark,CM,England,0.62,0.68,0.54,0.62,0.69,0.5,0.56,0.71,0.65,0.7,0.73,0.69,0.63,0.54,0.58,0.56,0.53,0.48,0.49,0.5,0.47,0.56,CM,MID,6
Ollie Clarke,CM,England,0.62,0.65,0.61,0.59,0.62,0.58,0.75,0.62,0.67,0.59,0.76,0.62,0.62,0.74,0.75,0.78,0.61,0.58,0.54,0.6,0.55,0.68,CM,MID,0
Ben Close,CM,England,0.62,0.69,0.6,0.61,0.62,0.58,0.64,0.68,0.69,0.73,0.71,0.63,0.59,0.63,0.76,0.66,0.6,0.58,0.56,0.6,0.55,0.63,CM,MID,6
Ionuţ Coadă,CDM,Romania,0.62,0.61,0.54,0.56,0.59,0.59,0.65,0.62,0.6,0.63,0.64,0.61,0.58,0.65,0.69,0.65,0.61,0.59,0.59,0.58,0.57,0.65,CDM,MID,2
Ryan Colclough,LM,England,0.62,0.72,0.57,0.57,0.63,0.29,0.57,0.73,0.72,0.7,0.71,0.62,0.51,0.61,0.65,0.57,0.27,0.2,0.34,0.23,0.4,0.59,LM,MID,4
Dean Cornelius,CDM,Scotland,0.62,0.73,0.48,0.61,0.63,0.57,0.62,0.77,0.7,0.71,0.73,0.64,0.63,0.61,0.72,0.67,0.57,0.56,0.56,0.61,0.5,0.6,CDM,MID,6
Liam Coyle,CDM,Northern Ireland,0.62,0.61,0.5,0.55,0.62,0.59,0.69,0.6,0.62,0.78,0.84,0.58,0.58,0.62,0.71,0.61,0.62,0.61,0.57,0.6,0.54,0.58,CDM,MID,6
Charlie Crew,CDM,Wales,0.62,0.64,0.33,0.57,0.61,0.57,0.59,0.63,0.64,0.55,0.56,0.67,0.61,0.58,0.59,0.59,0.59,0.57,0.56,0.58,0.54,0.47,CDM,MID,2
Joan Cruz,CAM,Chile,0.62,0.66,0.58,0.6,0.65,0.23,0.42,0.65,0.66,0.68,0.79,0.65,0.51,0.45,0.3,0.4,0.15,0.14,0.28,0.27,0.31,0.72,CAM,MID,3
Víctor Cuellar,CM,Bolivia,0.62,0.65,0.57,0.59,0.6,0.54,0.62,0.63,0.67,0.55,0.7,0.6,0.61,0.6,0.67,0.56,0.52,0.47,0.56,0.63,0.45,0.6,CM,MID,2
Francesco D'Alessio,CM,Italy,0.62,0.63,0.46,0.62,0.64,0.58,0.54,0.61,0.65,0.64,0.72,0.65,0.6,0.48,0.59,0.54,0.6,0.56,0.54,0.64,0.57,0.44,CM,MID,2
Silva,CDM,Brazil,0.62,0.69,0.47,0.6,0.6,0.59,0.63,0.69,0.69,0.65,0.64,0.6,0.59,0.63,0.59,0.66,0.6,0.59,0.58,0.58,0.57,0.66,CDM,MID,2
Matty Daly,CAM,England,0.62,0.65,0.57,0.61,0.63,0.53,0.58,0.67,0.63,0.75,0.7,0.62,0.6,0.51,0.81,0.55,0.57,0.55,0.52,0.49,0.51,0.55,CAM,MID,6
Dawda,RM,Spain,0.62,0.72,0.58,0.6,0.63,0.3,0.53,0.72,0.72,0.72,0.69,0.62,0.51,0.6,0.55,0.57,0.31,0.32,0.33,0.18,0.42,0.67,RM,MID,4
Emmanuel Danso,CDM,Ghana,0.62,0.73,0.39,0.59,0.65,0.58,0.53,0.73,0.73,0.82,0.81,0.64,0.58,0.47,0.66,0.52,0.6,0.59,0.58,0.61,0.45,0.46,CDM,MID,6
Riku Danzaki,RM,Japan,0.62,0.8,0.56,0.56,0.64,0.29,0.53,0.83,0.77,0.78,0.74,0.62,0.54,0.57,0.56,0.59,0.26,0.28,0.31,0.28,0.37,0.55,RM,MID,4
Gabriel David,CM,Romania,0.62,0.72,0.57,0.59,0.65,0.48,0.61,0.73,0.71,0.8,0.8,0.63,0.65,0.57,0.66,0.63,0.51,0.45,0.43,0.52,0.52,0.55,CM,MID,6
Tika de Jonge,LM,Holland,0.62,0.68,0.57,0.62,0.62,0.31,0.42,0.67,0.68,0.55,0.73,0.65,0.47,0.41,0.52,0.44,0.31,0.3,0.32,0.22,0.47,0.63,LM,MID,3
Tibe De Vlieger,CAM,Belgium,0.62,0.67,0.67,0.63,0.64,0.36,0.41,0.65,0.69,0.68,0.56,0.67,0.42,0.48,0.35,0.59,0.33,0.27,0.29,0.4,0.64,0.67,CAM,MID,3
Jacopo Desogus,CAM,Italy,0.62,0.76,0.61,0.58,0.69,0.28,0.49,0.8,0.72,0.82,0.84,0.68,0.54,0.46,0.56,0.52,0.28,0.29,0.24,0.26,0.42,0.68,CAM,MID,4
Dawson Devoy,CM,Republic of Ireland,0.62,0.63,0.54,0.61,0.63,0.56,0.63,0.65,0.61,0.66,0.79,0.63,0.58,0.6,0.73,0.54,0.6,0.57,0.54,0.57,0.44,0.58,CM,MID,6
Alan Di Pippa,CDM,Argentina,0.62,0.63,0.41,0.57,0.56,0.58,0.6,0.61,0.64,0.59,0.69,0.59,0.57,0.56,0.63,0.61,0.66,0.69,0.51,0.53,0.58,0.52,CDM,MID,2
Timothée Dieng,CM,France,0.62,0.52,0.56,0.58,0.59,0.61,0.78,0.49,0.54,0.53,0.47,0.61,0.65,0.82,0.75,0.73,0.64,0.62,0.56,0.62,0.64,0.6,CM,MID,0
Marian Drăghiceanu,CAM,Romania,0.62,0.69,0.55,0.61,0.64,0.29,0.48,0.68,0.7,0.7,0.75,0.62,0.59,0.43,0.62,0.36,0.32,0.31,0.3,0.22,0.25,0.49,CAM,MID,3
Jed Drew,LM,Australia,0.62,0.9,0.53,0.53,0.62,0.4,0.65,0.91,0.9,0.8,0.78,0.56,0.6,0.63,0.74,0.67,0.44,0.39,0.38,0.37,0.44,0.58,LM,MID,4
Olivier Dumont,CM,Belgium,0.62,0.63,0.48,0.65,0.65,0.54,0.55,0.61,0.64,0.73,0.63,0.68,0.58,0.57,0.52,0.58,0.6,0.53,0.49,0.52,0.52,0.61,CM,MID,2
Omar El Sawy,CAM,Romania,0.62,0.8,0.55,0.58,0.67,0.33,0.46,0.8,0.8,0.8,0.72,0.65,0.55,0.4,0.63,0.46,0.38,0.32,0.3,0.26,0.4,0.6,CAM,MID,4
Connor Evans,CM,Wales,0.62,0.74,0.6,0.6,0.64,0.56,0.62,0.72,0.75,0.74,0.73,0.63,0.61,0.6,0.72,0.65,0.57,0.53,0.56,0.56,0.53,0.6,CM,MID,6
Joaquín Fernández,LM,Uruguay,0.62,0.73,0.53,0.59,0.63,0.59,0.52,0.7,0.75,0.66,0.69,0.61,0.47,0.52,0.54,0.53,0.61,0.65,0.56,0.65,0.47,0.41,LM,MID,2
Nick Fichtinger,CM,Holland,0.62,0.61,0.5,0.6,0.63,0.55,0.59,0.66,0.57,0.72,0.67,0.63,0.68,0.58,0.64,0.59,0.5,0.48,0.59,0.62,0.52,0.64,CM,MID,2
Franchesco Flores,CAM,Peru,0.62,0.67,0.59,0.6,0.63,0.37,0.46,0.68,0.67,0.61,0.7,0.61,0.55,0.39,0.58,0.38,0.37,0.41,0.38,0.35,0.37,0.6,CAM,MID,3
Melkamu Frauendorf,RM,Germany,0.62,0.85,0.5,0.53,0.64,0.22,0.48,0.85,0.85,0.7,0.69,0.63,0.56,0.45,0.6,0.5,0.22,0.25,0.19,0.21,0.29,0.55,RM,MID,4
Orrin McKinze Gaines,RM,United States,0.62,0.89,0.55,0.53,0.62,0.26,0.56,0.9,0.89,0.75,0.67,0.61,0.48,0.61,0.62,0.63,0.28,0.24,0.23,0.25,0.34,0.51,RM,MID,4
Gary Gardner,CM,England,0.62,0.49,0.63,0.65,0.6,0.64,0.68,0.48,0.49,0.58,0.53,0.62,0.64,0.71,0.59,0.67,0.63,0.61,0.66,0.65,0.66,0.69,CM,MID,0
Sékou Gassama,CAM,Mali,0.62,0.72,0.55,0.58,0.62,0.34,0.47,0.75,0.7,0.69,0.7,0.59,0.56,0.48,0.46,0.5,0.39,0.44,0.32,0.21,0.43,0.56,CAM,MID,3
Filimon Gerezgiher,RM,Germany,0.62,0.79,0.57,0.56,0.64,0.36,0.61,0.77,0.8,0.67,0.64,0.65,0.56,0.65,0.53,0.69,0.31,0.28,0.34,0.45,0.5,0.6,RM,MID,4
Andrei Gheorghiță,LM,Romania,0.62,0.72,0.57,0.56,0.66,0.33,0.57,0.7,0.74,0.81,0.72,0.66,0.55,0.62,0.57,0.56,0.41,0.28,0.22,0.33,0.43,0.62,LM,MID,4
Alex Gilliead,CM,England,0.62,0.73,0.56,0.58,0.64,0.57,0.73,0.71,0.74,0.75,0.62,0.62,0.61,0.67,0.91,0.75,0.59,0.58,0.58,0.57,0.51,0.55,CM,MID,6
Zak Gilsenan,LM,Republic of Ireland,0.62,0.72,0.53,0.59,0.66,0.41,0.43,0.75,0.69,0.76,0.78,0.64,0.54,0.41,0.52,0.43,0.49,0.52,0.39,0.29,0.38,0.54,LM,MID,3
Romeo Giovannini,CAM,Italy,0.62,0.75,0.62,0.59,0.64,0.36,0.54,0.73,0.77,0.8,0.82,0.64,0.55,0.55,0.58,0.62,0.31,0.29,0.37,0.4,0.51,0.67,CAM,MID,4
Stefano Girelli,CM,Italy,0.62,0.63,0.48,0.57,0.67,0.5,0.46,0.61,0.65,0.77,0.77,0.66,0.68,0.33,0.64,0.34,0.52,0.48,0.52,0.51,0.37,0.45,CM,MID,3
Tidiam Gomis,LM,France,0.62,0.75,0.52,0.54,0.68,0.25,0.49,0.73,0.77,0.76,0.68,0.67,0.46,0.52,0.5,0.48,0.27,0.29,0.22,0.22,0.29,0.59,LM,MID,3
Taras Gomulka,CDM,Australia,0.62,0.65,0.52,0.59,0.59,0.59,0.64,0.63,0.66,0.72,0.67,0.58,0.61,0.61,0.7,0.61,0.61,0.58,0.58,0.61,0.53,0.57,CDM,MID,2
Gori,CM,Spain,0.62,0.73,0.56,0.6,0.66,0.57,0.6,0.74,0.73,0.76,0.8,0.65,0.6,0.59,0.63,0.56,0.59,0.57,0.59,0.59,0.4,0.63,CM,MID,6
Kieran Green,CDM,England,0.62,0.62,0.47,0.51,0.57,0.58,0.72,0.64,0.61,0.58,0.69,0.59,0.62,0.66,0.82,0.6,0.6,0.56,0.58,0.6,0.48,0.56,CDM,MID,2
Liam Grimshaw,CM,England,0.62,0.67,0.54,0.6,0.61,0.59,0.7,0.68,0.67,0.58,0.61,0.62,0.62,0.72,0.77,0.67,0.6,0.6,0.58,0.61,0.5,0.5,CM,MID,2
Guo Hao,CDM,China PR,0.62,0.66,0.39,0.54,0.64,0.58,0.69,0.58,0.73,0.76,0.82,0.6,0.63,0.67,0.79,0.57,0.62,0.58,0.57,0.6,0.46,0.49,CDM,MID,6
Santiago Guzmán,LM,Uruguay,0.62,0.66,0.58,0.62,0.64,0.51,0.6,0.64,0.68,0.67,0.67,0.62,0.5,0.62,0.57,0.64,0.43,0.61,0.55,0.48,0.55,0.55,LM,MID,2
Mohamed Hafid,CAM,Morocco,0.62,0.69,0.56,0.61,0.67,0.57,0.52,0.69,0.69,0.72,0.74,0.65,0.55,0.57,0.41,0.63,0.59,0.59,0.55,0.55,0.55,0.59,CAM,MID,6
Tyrese Hall,CDM,England,0.62,0.69,0.5,0.6,0.65,0.58,0.58,0.7,0.69,0.71,0.78,0.62,0.57,0.59,0.61,0.58,0.61,0.59,0.56,0.6,0.49,0.57,CDM,MID,6
Fredrik Hammar,CM,Sweden,0.62,0.66,0.54,0.58,0.65,0.58,0.71,0.68,0.64,0.69,0.72,0.64,0.66,0.68,0.72,0.57,0.59,0.58,0.64,0.57,0.43,0.5,CM,MID,6
Isak Hansen-Aarøen,CAM,Norway,0.62,0.7,0.5,0.6,0.68,0.47,0.5,0.77,0.65,0.86,0.84,0.64,0.59,0.48,0.6,0.5,0.52,0.46,0.45,0.48,0.38,0.53,CAM,MID,4
Josh Hawkes,LM,England,0.62,0.71,0.61,0.59,0.62,0.35,0.57,0.74,0.69,0.72,0.71,0.6,0.54,0.56,0.71,0.54,0.37,0.32,0.34,0.33,0.38,0.6,LM,MID,4
Ewan Henderson,CAM,Scotland,0.62,0.58,0.57,0.64,0.62,0.47,0.51,0.6,0.57,0.64,0.6,0.64,0.58,0.45,0.63,0.46,0.44,0.41,0.5,0.51,0.47,0.6,CAM,MID,2
Axel Henriksson,CM,Sweden,0.62,0.6,0.57,0.61,0.62,0.52,0.59,0.57,0.63,0.63,0.61,0.62,0.66,0.63,0.47,0.56,0.56,0.52,0.45,0.59,0.46,0.57,CM,MID,2
Armin Hodžić,CDM,Bosnia and Herzegovina,0.62,0.64,0.47,0.58,0.57,0.61,0.67,0.63,0.64,0.64,0.58,0.57,0.6,0.73,0.66,0.73,0.63,0.62,0.61,0.58,0.62,0.57,CDM,MID,2
Yoav Hofmeister,CDM,Israel,0.62,0.63,0.37,0.51,0.59,0.6,0.69,0.65,0.61,0.68,0.7,0.58,0.63,0.7,0.75,0.68,0.6,0.53,0.6,0.66,0.58,0.5,CDM,MID,2
Gavan Holohan,CM,Republic of Ireland,0.62,0.68,0.58,0.59,0.63,0.54,0.68,0.7,0.67,0.75,0.78,0.6,0.62,0.58,0.85,0.69,0.57,0.56,0.49,0.56,0.5,0.58,CM,MID,6
Will Hondermarck,CM,Congo,0.62,0.78,0.53,0.58,0.65,0.59,0.66,0.76,0.8,0.77,0.7,0.6,0.64,0.67,0.68,0.69,0.61,0.56,0.57,0.65,0.51,0.62,CM,MID,6
Cameron Howieson,CM,New Zealand,0.62,0.7,0.59,0.61,0.62,0.54,0.67,0.71,0.7,0.68,0.7,0.63,0.6,0.66,0.71,0.7,0.52,0.47,0.53,0.59,0.56,0.58,CM,MID,6
Dragoș Iancu,LM,Romania,0.62,0.72,0.55,0.58,0.59,0.58,0.57,0.73,0.72,0.67,0.59,0.6,0.58,0.6,0.69,0.61,0.61,0.54,0.6,0.6,0.45,0.54,LM,MID,2
Melih Ibrahimoglu,CM,Turkey,0.62,0.7,0.51,0.59,0.68,0.45,0.55,0.72,0.69,0.7,0.78,0.69,0.56,0.52,0.66,0.51,0.53,0.45,0.38,0.46,0.41,0.57,CM,MID,4
Burak İnce,RM,Turkey,0.62,0.75,0.5,0.55,0.69,0.3,0.51,0.74,0.76,0.78,0.73,0.68,0.58,0.57,0.52,0.55,0.27,0.29,0.31,0.27,0.41,0.48,RM,MID,4
Jesper Isaksen,CM,Norway,0.62,0.69,0.5,0.6,0.61,0.58,0.65,0.71,0.68,0.68,0.69,0.61,0.59,0.61,0.77,0.68,0.6,0.57,0.56,0.6,0.55,0.56,CM,MID,6
Cătălin Itu,CM,Romania,0.62,0.66,0.58,0.58,0.6,0.59,0.71,0.65,0.67,0.64,0.68,0.61,0.6,0.71,0.75,0.62,0.62,0.59,0.6,0.62,0.45,0.65,CM,MID,6
Michael Jacobs,LM,England,0.62,0.62,0.6,0.62,0.65,0.48,0.54,0.65,0.59,0.71,0.74,0.64,0.61,0.52,0.49,0.55,0.52,0.5,0.41,0.49,0.51,0.61,LM,MID,2
Diallang Jaiyesimi,LM,England,0.62,0.91,0.54,0.57,0.63,0.5,0.58,0.91,0.91,0.83,0.71,0.6,0.56,0.65,0.4,0.75,0.52,0.46,0.49,0.5,0.53,0.58,LM,MID,4
Matt Jay,CAM,England,0.62,0.79,0.59,0.6,0.66,0.33,0.48,0.8,0.78,0.92,0.91,0.61,0.57,0.34,0.77,0.55,0.36,0.27,0.3,0.25,0.55,0.63,CAM,MID,4
Dominic Jefferies,CM,Wales,0.62,0.73,0.55,0.6,0.64,0.59,0.7,0.71,0.74,0.72,0.69,0.63,0.6,0.68,0.75,0.71,0.6,0.6,0.55,0.61,0.59,0.62,CM,MID,6
Juan David Jiménez,CDM,Colombia,0.62,0.58,0.41,0.54,0.59,0.6,0.59,0.63,0.54,0.57,0.72,0.63,0.64,0.59,0.68,0.59,0.63,0.56,0.6,0.63,0.53,0.6,CDM,MID,2
Alexandru Jipa,LM,Romania,0.62,0.8,0.5,0.54,0.62,0.5,0.63,0.79,0.81,0.8,0.66,0.6,0.57,0.61,0.75,0.61,0.57,0.52,0.42,0.53,0.42,0.54,LM,MID,6
Levonte Johnson,LM,Canada,0.62,0.73,0.61,0.52,0.64,0.42,0.68,0.75,0.71,0.67,0.68,0.58,0.59,0.71,0.63,0.71,0.31,0.35,0.49,0.49,0.51,0.61,LM,MID,4
James Jones,CM,Scotland,0.62,0.67,0.58,0.6,0.64,0.56,0.64,0.68,0.67,0.82,0.83,0.63,0.62,0.67,0.72,0.56,0.6,0.54,0.57,0.56,0.42,0.59,CM,MID,6
Abdoulaye Kamara,CM,Guinea,0.62,0.67,0.43,0.6,0.67,0.58,0.65,0.66,0.68,0.76,0.73,0.66,0.64,0.68,0.64,0.68,0.65,0.62,0.49,0.58,0.59,0.58,CM,MID,6
Georgios Kanellopoulos,CM,Greece,0.62,0.69,0.55,0.6,0.66,0.46,0.57,0.68,0.69,0.7,0.74,0.66,0.62,0.57,0.67,0.57,0.5,0.47,0.39,0.5,0.48,0.56,CM,MID,6
Kang Yoon Gu,RM,Korea Republic,0.62,0.68,0.49,0.6,0.63,0.35,0.59,0.64,0.72,0.71,0.73,0.56,0.61,0.6,0.59,0.52,0.43,0.42,0.32,0.25,0.37,0.6,RM,MID,3
Kang Sang Yoon,CM,Korea Republic,0.62,0.72,0.51,0.58,0.65,0.53,0.57,0.71,0.72,0.72,0.74,0.62,0.67,0.48,0.72,0.55,0.58,0.54,0.49,0.54,0.5,0.55,CM,MID,6
Markus Seehusen Karlsbakk,LM,Norway,0.62,0.72,0.59,0.57,0.66,0.51,0.59,0.73,0.71,0.83,0.85,0.64,0.55,0.56,0.69,0.59,0.53,0.5,0.49,0.52,0.46,0.6,LM,MID,6
Dennis Kaygin,CAM,Germany,0.62,0.71,0.62,0.63,0.63,0.41,0.57,0.73,0.7,0.66,0.64,0.65,0.55,0.56,0.59,0.65,0.44,0.41,0.33,0.43,0.55,0.64,CAM,MID,4
Jeremy Kelly,LM,United States,0.62,0.75,0.45,0.55,0.63,0.56,0.65,0.77,0.73,0.72,0.73,0.6,0.59,0.62,0.68,0.61,0.61,0.58,0.56,0.55,0.43,0.55,LM,MID,6
Omari Kellyman,CAM,England,0.62,0.64,0.59,0.6,0.65,0.43,0.57,0.63,0.65,0.66,0.67,0.63,0.6,0.56,0.56,0.58,0.43,0.4,0.4,0.42,0.53,0.67,CAM,MID,2
Kristoffer Khazeni,CM,Sweden,0.62,0.79,0.58,0.63,0.67,0.45,0.66,0.82,0.77,0.7,0.69,0.68,0.52,0.69,0.69,0.7,0.45,0.42,0.47,0.42,0.48,0.61,CM,MID,4
Kim Han Gil,RM,Korea Republic,0.62,0.79,0.54,0.5,0.64,0.38,0.66,0.81,0.78,0.71,0.72,0.61,0.54,0.62,0.79,0.7,0.36,0.35,0.36,0.37,0.52,0.55,RM,MID,4
Kim Jun Ho,CDM,Korea Republic,0.62,0.63,0.46,0.57,0.56,0.58,0.58,0.61,0.64,0.55,0.61,0.64,0.62,0.56,0.56,0.49,0.63,0.54,0.57,0.62,0.4,0.66,CDM,MID,2
Kim Jung Min,CM,Korea Republic,0.62,0.56,0.54,0.62,0.6,0.55,0.63,0.59,0.54,0.59,0.51,0.67,0.62,0.67,0.64,0.58,0.59,0.51,0.53,0.57,0.47,0.57,CM,MID,2
Liam Kinsella,CM,Republic of Ireland,0.62,0.66,0.52,0.57,0.63,0.58,0.72,0.72,0.61,0.84,0.88,0.6,0.62,0.61,0.9,0.71,0.63,0.63,0.52,0.64,0.48,0.57,CM,MID,6
Lennart Koerdt,CAM,Germany,0.62,0.58,0.52,0.65,0.65,0.48,0.49,0.61,0.55,0.55,0.68,0.68,0.59,0.5,0.54,0.46,0.51,0.5,0.47,0.44,0.44,0.55,CAM,MID,2
Kortajarena,CM,Spain,0.62,0.61,0.59,0.65,0.64,0.45,0.6,0.54,0.66,0.52,0.68,0.68,0.54,0.61,0.6,0.6,0.46,0.61,0.49,0.25,0.55,0.6,CM,MID,2
Elijah Krahn,CDM,Germany,0.62,0.57,0.39,0.57,0.63,0.59,0.59,0.63,0.52,0.64,0.65,0.66,0.57,0.62,0.53,0.61,0.63,0.55,0.6,0.57,0.52,0.46,CDM,MID,2
Max Kucheriavyi,CM,Ukraine,0.62,0.72,0.57,0.61,0.66,0.57,0.48,0.75,0.69,0.82,0.86,0.63,0.61,0.3,0.68,0.6,0.58,0.56,0.58,0.56,0.56,0.54,CM,MID,6
Roy Kuijpers,RM,Holland,0.62,0.75,0.59,0.57,0.64,0.32,0.49,0.77,0.74,0.73,0.78,0.63,0.53,0.47,0.63,0.62,0.34,0.28,0.25,0.28,0.58,0.65,RM,MID,4
Simen Kvia-Egeskog,CM,Norway,0.62,0.72,0.59,0.59,0.66,0.56,0.67,0.73,0.72,0.79,0.68,0.63,0.59,0.66,0.72,0.73,0.57,0.55,0.53,0.57,0.6,0.67,CM,MID,6
Amine Lachkar,CDM,Holland,0.62,0.6,0.51,0.61,0.59,0.58,0.6,0.59,0.61,0.52,0.48,0.63,0.55,0.62,0.57,0.59,0.61,0.59,0.59,0.54,0.51,0.59,CDM,MID,2
Tobias Lauritsen,CM,Denmark,0.62,0.72,0.57,0.61,0.66,0.56,0.62,0.74,0.7,0.71,0.7,0.66,0.62,0.57,0.62,0.61,0.58,0.59,0.57,0.55,0.49,0.63,CM,MID,6
Lee Seung Mo,CDM,Korea Republic,0.62,0.7,0.57,0.56,0.63,0.56,0.76,0.68,0.72,0.65,0.68,0.65,0.59,0.81,0.74,0.78,0.58,0.53,0.53,0.59,0.6,0.65,CDM,MID,6
Jamie Lennon,CDM,Republic of Ireland,0.62,0.51,0.52,0.59,0.59,0.58,0.72,0.53,0.5,0.62,0.67,0.6,0.58,0.73,0.81,0.63,0.59,0.58,0.58,0.58,0.54,0.59,CDM,MID,0
Aaron Lewis,CM,Wales,0.62,0.65,0.55,0.61,0.64,0.59,0.69,0.65,0.65,0.77,0.7,0.62,0.63,0.62,0.81,0.62,0.63,0.62,0.54,0.61,0.54,0.56,CM,MID,6
Christian Lichtenberger,CAM,Austria,0.62,0.58,0.57,0.62,0.61,0.35,0.48,0.63,0.54,0.61,0.78,0.59,0.62,0.49,0.5,0.43,0.42,0.49,0.32,0.22,0.39,0.48,CAM,MID,3
Sondre Liseth,CAM,Norway,0.62,0.62,0.57,0.58,0.63,0.3,0.65,0.61,0.62,0.6,0.65,0.64,0.63,0.72,0.68,0.71,0.29,0.23,0.27,0.24,0.6,0.58,CAM,MID,4
Chris Long,LM,England,0.62,0.76,0.63,0.52,0.62,0.31,0.65,0.77,0.75,0.68,0.62,0.62,0.62,0.65,0.63,0.75,0.26,0.24,0.29,0.3,0.6,0.66,LM,MID,4
Lucas Fabrizio Lopez,RM,Argentina,0.62,0.68,0.5,0.59,0.61,0.59,0.56,0.66,0.7,0.65,0.61,0.64,0.59,0.57,0.56,0.59,0.64,0.61,0.58,0.55,0.51,0.58,RM,MID,2
Yordi López,CM,Uruguay,0.62,0.59,0.51,0.59,0.63,0.53,0.51,0.63,0.55,0.72,0.74,0.65,0.6,0.43,0.62,0.4,0.66,0.6,0.45,0.47,0.44,0.48,CM,MID,2
Anton Logi Ludviksson,CDM,Iceland,0.62,0.6,0.44,0.57,0.58,0.6,0.64,0.6,0.6,0.63,0.58,0.58,0.61,0.66,0.63,0.67,0.6,0.58,0.6,0.62,0.61,0.55,CDM,MID,2
Andreas Ludwig,CM,Germany,0.62,0.68,0.6,0.62,0.65,0.56,0.66,0.7,0.66,0.77,0.83,0.62,0.63,0.59,0.8,0.64,0.55,0.53,0.58,0.54,0.55,0.7,CM,MID,6
Eros Maddy,RM,Holland,0.62,0.84,0.55,0.52,0.66,0.26,0.48,0.87,0.82,0.79,0.72,0.65,0.6,0.5,0.52,0.55,0.28,0.24,0.24,0.22,0.32,0.61,RM,MID,4
Júlíus Magnússon,CDM,Iceland,0.62,0.66,0.49,0.58,0.59,0.6,0.64,0.65,0.66,0.54,0.67,0.6,0.6,0.67,0.61,0.67,0.61,0.58,0.6,0.58,0.58,0.56,CDM,MID,2
Aldo Maiz,CM,Paraguay,0.62,0.68,0.49,0.62,0.65,0.58,0.55,0.69,0.68,0.75,0.81,0.64,0.59,0.49,0.55,0.58,0.63,0.65,0.51,0.58,0.59,0.63,CM,MID,6
Aaron Malouda,CAM,France,0.62,0.74,0.54,0.57,0.67,0.32,0.44,0.71,0.76,0.67,0.7,0.68,0.54,0.5,0.34,0.48,0.35,0.41,0.34,0.21,0.34,0.61,CAM,MID,3
Alassan,LM,Spain,0.62,0.85,0.58,0.56,0.64,0.35,0.51,0.86,0.85,0.86,0.79,0.61,0.49,0.48,0.58,0.6,0.28,0.29,0.33,0.44,0.48,0.71,LM,MID,4
Hector Manrique,CAM,Venezuela,0.62,0.83,0.49,0.56,0.7,0.33,0.45,0.8,0.86,0.72,0.8,0.7,0.53,0.45,0.5,0.5,0.33,0.34,0.36,0.23,0.38,0.49,CAM,MID,4
Agustín Manzur,CM,Argentina,0.62,0.67,0.52,0.57,0.62,0.59,0.61,0.68,0.66,0.65,0.73,0.64,0.6,0.54,0.71,0.53,0.68,0.59,0.57,0.54,0.47,0.63,CM,MID,6
George Maris,CM,England,0.62,0.68,0.58,0.61,0.62,0.58,0.66,0.67,0.69,0.72,0.68,0.62,0.62,0.65,0.7,0.63,0.58,0.6,0.56,0.63,0.51,0.61,CM,MID,6
Benjamin Markuš,CDM,Slovenia,0.62,0.64,0.39,0.51,0.56,0.62,0.65,0.62,0.65,0.51,0.55,0.59,0.56,0.65,0.67,0.58,0.64,0.61,0.65,0.62,0.47,0.47,CDM,MID,2
Kuryu Matsuki,CM,Japan,0.62,0.66,0.61,0.58,0.61,0.58,0.71,0.68,0.65,0.66,0.68,0.58,0.6,0.72,0.72,0.71,0.63,0.58,0.51,0.6,0.56,0.67,CM,MID,6
Noam Mayoka-Tika,CM,Belgium,0.62,0.58,0.51,0.61,0.6,0.58,0.61,0.56,0.6,0.56,0.66,0.64,0.6,0.66,0.53,0.6,0.64,0.52,0.52,0.61,0.54,0.6,CM,MID,2
Alfie McCalmont,CM,Northern Ireland,0.62,0.65,0.58,0.59,0.66,0.56,0.62,0.68,0.63,0.81,0.91,0.64,0.61,0.58,0.74,0.57,0.57,0.55,0.55,0.6,0.49,0.56,CM,MID,6
George McEachran,CM,England,0.62,0.6,0.45,0.63,0.65,0.57,0.52,0.69,0.53,0.83,0.84,0.64,0.59,0.37,0.73,0.39,0.63,0.59,0.56,0.57,0.41,0.47,CM,MID,2
Dylan McGeouch,CM,Scotland,0.62,0.57,0.53,0.61,0.63,0.59,0.66,0.51,0.61,0.66,0.74,0.64,0.58,0.69,0.66,0.6,0.58,0.58,0.6,0.6,0.54,0.66,CM,MID,0
JJ McKiernan,CAM,Northern Ireland,0.62,0.75,0.59,0.59,0.63,0.44,0.64,0.73,0.77,0.76,0.72,0.61,0.58,0.63,0.68,0.67,0.42,0.55,0.41,0.43,0.54,0.63,CAM,MID,6
Callum McManaman,RM,England,0.62,0.66,0.59,0.59,0.64,0.3,0.6,0.63,0.69,0.8,0.72,0.62,0.56,0.6,0.53,0.51,0.29,0.29,0.3,0.29,0.36,0.63,RM,MID,4
Paul McMullan,RM,Scotland,0.62,0.76,0.52,0.58,0.62,0.27,0.44,0.77,0.75,0.73,0.84,0.6,0.51,0.34,0.76,0.48,0.25,0.23,0.27,0.23,0.45,0.52,RM,MID,3
Andreas Mihaiu,RM,Romania,0.62,0.74,0.55,0.56,0.62,0.21,0.54,0.76,0.72,0.72,0.76,0.62,0.54,0.6,0.62,0.58,0.21,0.22,0.2,0.17,0.35,0.62,RM,MID,4
Stanley Mills,RM,England,0.62,0.69,0.63,0.55,0.65,0.3,0.51,0.71,0.68,0.61,0.68,0.66,0.57,0.54,0.55,0.59,0.32,0.35,0.23,0.27,0.5,0.68,RM,MID,4
Mariano Miño,RM,Argentina,0.62,0.6,0.61,0.62,0.68,0.48,0.36,0.61,0.6,0.54,0.83,0.68,0.56,0.3,0.34,0.42,0.51,0.52,0.5,0.35,0.52,0.68,RM,MID,3
Mo Jae Hyeon,RM,Korea Republic,0.62,0.77,0.61,0.55,0.64,0.22,0.59,0.74,0.8,0.67,0.63,0.59,0.55,0.63,0.59,0.58,0.18,0.12,0.27,0.15,0.38,0.63,RM,MID,4
Yannik Möker,CDM,Germany,0.62,0.73,0.52,0.56,0.6,0.58,0.68,0.76,0.71,0.71,0.83,0.62,0.56,0.67,0.81,0.69,0.58,0.54,0.6,0.6,0.51,0.52,CDM,MID,6
Estivel Moreira,CM,Paraguay,0.62,0.72,0.48,0.61,0.6,0.57,0.57,0.74,0.71,0.66,0.84,0.66,0.55,0.44,0.76,0.49,0.66,0.59,0.46,0.62,0.47,0.63,CM,MID,6
Kieron Morris,LM,England,0.62,0.67,0.6,0.58,0.64,0.53,0.67,0.68,0.67,0.8,0.74,0.61,0.6,0.66,0.75,0.63,0.55,0.5,0.52,0.54,0.5,0.7,LM,MID,6
Jakub Myszor,CAM,Poland,0.62,0.85,0.6,0.57,0.65,0.27,0.53,0.86,0.85,0.79,0.75,0.64,0.54,0.46,0.61,0.53,0.29,0.26,0.24,0.21,0.38,0.63,CAM,MID,4
Shuma Nagamatsu,CAM,Japan,0.62,0.71,0.53,0.6,0.64,0.34,0.47,0.7,0.72,0.75,0.74,0.63,0.55,0.41,0.55,0.37,0.37,0.35,0.31,0.35,0.28,0.51,CAM,MID,3
Oumar Ngom,CM,Mauritania,0.62,0.6,0.48,0.58,0.65,0.61,0.65,0.59,0.61,0.61,0.69,0.67,0.6,0.68,0.63,0.65,0.66,0.63,0.56,0.59,0.58,0.48,CM,MID,2
Aurélien Nguiamba,CM,France,0.62,0.66,0.47,0.59,0.62,0.59,0.67,0.63,0.68,0.76,0.71,0.64,0.63,0.68,0.74,0.6,0.59,0.58,0.58,0.66,0.48,0.53,CM,MID,6
Moses Nyeman,CDM,United States,0.62,0.7,0.4,0.57,0.65,0.58,0.5,0.72,0.68,0.83,0.84,0.64,0.57,0.33,0.75,0.46,0.61,0.58,0.6,0.57,0.49,0.43,CDM,MID,6
Gary O'Neill,CM,Republic of Ireland,0.62,0.51,0.56,0.62,0.6,0.61,0.69,0.52,0.5,0.6,0.64,0.63,0.61,0.67,0.74,0.62,0.61,0.6,0.62,0.62,0.57,0.62,CM,MID,0
Adam O'Reilly,CDM,Republic of Ireland,0.62,0.64,0.46,0.58,0.65,0.56,0.65,0.65,0.64,0.81,0.83,0.65,0.68,0.63,0.73,0.54,0.59,0.51,0.55,0.61,0.4,0.54,CDM,MID,6
Wilmer Odefalk,CM,Sweden,0.62,0.67,0.56,0.59,0.64,0.54,0.58,0.68,0.67,0.73,0.78,0.64,0.59,0.53,0.67,0.54,0.56,0.52,0.51,0.59,0.49,0.58,CM,MID,6
Armstrong Oko-Flex,LM,Republic of Ireland,0.62,0.78,0.59,0.52,0.66,0.26,0.56,0.76,0.79,0.71,0.71,0.66,0.52,0.59,0.59,0.66,0.26,0.21,0.26,0.16,0.52,0.65,LM,MID,4
Justin Omoregie,CDM,Austria,0.62,0.69,0.52,0.6,0.63,0.6,0.61,0.66,0.71,0.59,0.56,0.63,0.6,0.62,0.54,0.68,0.63,0.59,0.58,0.6,0.61,0.57,CDM,MID,2
Sondre Ørjasæter,LM,Norway,0.62,0.77,0.51,0.54,0.66,0.3,0.53,0.75,0.79,0.78,0.68,0.63,0.54,0.53,0.61,0.52,0.32,0.41,0.27,0.22,0.38,0.56,LM,MID,4
Riccardo Pagano,CAM,Italy,0.62,0.55,0.55,0.62,0.64,0.46,0.37,0.53,0.56,0.62,0.71,0.67,0.62,0.35,0.35,0.38,0.53,0.59,0.44,0.29,0.49,0.59,CAM,MID,3
Pierangelo Pagnano,CM,Venezuela,0.62,0.7,0.6,0.59,0.61,0.54,0.52,0.7,0.7,0.7,0.7,0.6,0.6,0.53,0.52,0.5,0.62,0.6,0.5,0.5,0.44,0.63,CM,MID,2
Nicolás Palavecino,LM,Argentina,0.62,0.63,0.61,0.63,0.62,0.46,0.57,0.66,0.61,0.64,0.53,0.67,0.47,0.66,0.52,0.6,0.59,0.57,0.38,0.29,0.49,0.65,LM,MID,2
Jorge Palomino,CDM,Peru,0.62,0.54,0.34,0.5,0.49,0.62,0.65,0.59,0.5,0.48,0.68,0.49,0.63,0.66,0.64,0.52,0.61,0.62,0.66,0.68,0.4,0.4,CDM,MID,2
Ștefan Pănoiu,CAM,Romania,0.62,0.71,0.6,0.6,0.64,0.37,0.59,0.7,0.71,0.73,0.76,0.62,0.58,0.58,0.62,0.6,0.38,0.35,0.35,0.35,0.5,0.69,CAM,MID,4
Isaac Pappoe,CM,Ghana,0.62,0.67,0.5,0.58,0.63,0.58,0.65,0.68,0.67,0.64,0.65,0.63,0.62,0.63,0.66,0.63,0.61,0.58,0.57,0.59,0.54,0.58,CM,MID,2
Park Tae Joon,CM,Korea Republic,0.62,0.72,0.53,0.6,0.64,0.45,0.69,0.71,0.72,0.7,0.81,0.64,0.63,0.65,0.87,0.59,0.47,0.45,0.42,0.47,0.42,0.6,CM,MID,6
Omari Patrick,LM,England,0.62,0.83,0.59,0.53,0.61,0.27,0.68,0.84,0.83,0.68,0.64,0.59,0.58,0.71,0.72,0.79,0.24,0.22,0.19,0.3,0.55,0.6,LM,MID,4
Dominik Pelivan,CDM,Germany,0.62,0.62,0.51,0.57,0.54,0.58,0.74,0.59,0.65,0.64,0.6,0.54,0.61,0.73,0.83,0.64,0.6,0.57,0.56,0.6,0.5,0.7,CDM,MID,0
Ovidiu Perianu,CDM,Romania,0.62,0.72,0.53,0.57,0.63,0.6,0.68,0.73,0.72,0.76,0.73,0.6,0.63,0.68,0.69,0.71,0.63,0.6,0.57,0.59,0.57,0.6,CDM,MID,6
Taylor Perry,CM,England,0.62,0.68,0.56,0.61,0.65,0.5,0.6,0.69,0.68,0.75,0.7,0.63,0.6,0.57,0.7,0.51,0.55,0.48,0.47,0.53,0.39,0.6,CM,MID,6
Gabriele Piccinini,CDM,Italy,0.62,0.65,0.51,0.59,0.61,0.59,0.64,0.66,0.65,0.68,0.64,0.6,0.59,0.67,0.63,0.64,0.63,0.6,0.55,0.6,0.52,0.58,CDM,MID,2
Dylan Pierias,RM,Australia,0.62,0.88,0.49,0.51,0.66,0.5,0.63,0.89,0.87,0.89,0.9,0.61,0.51,0.67,0.65,0.65,0.55,0.51,0.5,0.48,0.36,0.45,RM,MID,4
Dylan Portilla,CM,Chile,0.62,0.66,0.52,0.6,0.64,0.52,0.64,0.65,0.67,0.65,0.67,0.65,0.56,0.68,0.7,0.55,0.55,0.5,0.53,0.53,0.38,0.58,CM,MID,2
Tobías Portillo,LM,Paraguay,0.62,0.72,0.59,0.6,0.61,0.3,0.57,0.74,0.7,0.64,0.73,0.6,0.44,0.55,0.6,0.68,0.32,0.35,0.2,0.23,0.6,0.51,LM,MID,4
Joe Pritchard,CAM,England,0.62,0.72,0.59,0.61,0.65,0.57,0.61,0.74,0.71,0.77,0.81,0.62,0.59,0.58,0.69,0.64,0.58,0.57,0.57,0.56,0.54,0.63,CAM,MID,6
Mateusz Radecki,CAM,Poland,0.62,0.63,0.6,0.59,0.61,0.56,0.68,0.62,0.64,0.6,0.67,0.64,0.62,0.67,0.72,0.65,0.57,0.55,0.56,0.56,0.55,0.65,CAM,MID,0
Adam Radwański,CAM,Poland,0.62,0.72,0.58,0.6,0.63,0.49,0.64,0.71,0.72,0.75,0.72,0.62,0.58,0.57,0.81,0.63,0.47,0.49,0.48,0.53,0.54,0.63,CAM,MID,6
Sidney Raebiger,CM,Germany,0.62,0.68,0.52,0.65,0.66,0.55,0.43,0.71,0.65,0.81,0.82,0.64,0.57,0.34,0.5,0.49,0.58,0.57,0.55,0.51,0.52,0.6,CM,MID,6
Luca Raimund,CAM,Germany,0.62,0.69,0.56,0.61,0.62,0.44,0.54,0.69,0.69,0.55,0.57,0.63,0.61,0.56,0.54,0.59,0.49,0.46,0.44,0.31,0.5,0.61,CAM,MID,2
Lalengmawia Ralte,CM,India,0.62,0.6,0.5,0.55,0.61,0.59,0.72,0.67,0.54,0.65,0.64,0.63,0.57,0.72,0.86,0.64,0.61,0.56,0.58,0.63,0.47,0.45,CM,MID,2
Givairo Read,RM,Holland,0.62,0.81,0.51,0.53,0.62,0.57,0.61,0.8,0.82,0.67,0.73,0.59,0.54,0.58,0.66,0.63,0.64,0.58,0.54,0.57,0.45,0.57,RM,MID,6
Oskar Repka,CDM,Poland,0.62,0.55,0.42,0.48,0.52,0.62,0.72,0.54,0.56,0.55,0.64,0.54,0.63,0.78,0.64,0.72,0.58,0.59,0.66,0.63,0.61,0.58,CDM,MID,2
Paulo Retre,CDM,Australia,0.62,0.4,0.49,0.58,0.6,0.57,0.68,0.45,0.36,0.59,0.56,0.62,0.57,0.67,0.79,0.55,0.59,0.57,0.55,0.58,0.5,0.48,CDM,MID,2
Milan Robberechts,RM,Belgium,0.62,0.7,0.56,0.59,0.63,0.47,0.58,0.69,0.7,0.66,0.65,0.64,0.59,0.57,0.57,0.64,0.52,0.5,0.39,0.43,0.58,0.61,RM,MID,2
Nathan Rodes,CDM,Belgium,0.62,0.54,0.34,0.54,0.5,0.63,0.6,0.57,0.52,0.56,0.58,0.53,0.58,0.6,0.55,0.61,0.66,0.62,0.64,0.6,0.55,0.53,CDM,MID,2
Joel Román,RM,Paraguay,0.62,0.69,0.54,0.59,0.62,0.43,0.48,0.7,0.69,0.62,0.72,0.62,0.55,0.42,0.59,0.4,0.42,0.4,0.57,0.25,0.38,0.59,RM,MID,3
Jordan Rossiter,CDM,England,0.62,0.5,0.5,0.55,0.6,0.6,0.68,0.51,0.49,0.59,0.77,0.61,0.55,0.7,0.63,0.62,0.62,0.6,0.6,0.6,0.55,0.57,CDM,MID,2
Neluț Roșu,CM,Romania,0.62,0.68,0.6,0.63,0.64,0.53,0.62,0.72,0.64,0.73,0.74,0.63,0.6,0.56,0.72,0.55,0.53,0.52,0.53,0.57,0.42,0.65,CM,MID,6
Aaron Rowe,RM,England,0.62,0.84,0.55,0.56,0.62,0.52,0.69,0.86,0.83,0.84,0.77,0.6,0.52,0.66,0.7,0.65,0.56,0.52,0.52,0.51,0.4,0.62,RM,MID,6
Nathan-Dylan Saliba,CM,Canada,0.62,0.63,0.45,0.58,0.69,0.56,0.59,0.68,0.58,0.77,0.73,0.68,0.64,0.58,0.65,0.59,0.59,0.5,0.59,0.53,0.5,0.51,CM,MID,6
Dikeni Salifou,CDM,Togo,0.62,0.54,0.45,0.58,0.58,0.6,0.65,0.54,0.54,0.63,0.5,0.59,0.63,0.68,0.55,0.63,0.64,0.62,0.57,0.58,0.57,0.56,CDM,MID,2
Max Sanders,CM,England,0.62,0.65,0.54,0.61,0.63,0.58,0.65,0.68,0.63,0.81,0.75,0.62,0.59,0.62,0.72,0.59,0.59,0.55,0.58,0.65,0.47,0.58,CM,MID,6
Jonatas Santos,RM,Brazil,0.62,0.82,0.6,0.53,0.65,0.26,0.59,0.79,0.84,0.7,0.75,0.64,0.56,0.65,0.58,0.61,0.21,0.27,0.24,0.28,0.38,0.65,RM,MID,4
Mika Schroers,LM,Germany,0.62,0.66,0.64,0.62,0.63,0.37,0.48,0.66,0.66,0.68,0.72,0.63,0.49,0.47,0.54,0.59,0.28,0.28,0.38,0.4,0.63,0.64,LM,MID,4
Matías Segovia,RM,Paraguay,0.62,0.65,0.56,0.59,0.63,0.23,0.4,0.64,0.66,0.6,0.61,0.64,0.5,0.38,0.54,0.36,0.27,0.28,0.15,0.2,0.36,0.57,RM,MID,3
Shun Shibata,CAM,Japan,0.62,0.69,0.42,0.64,0.63,0.5,0.58,0.7,0.68,0.8,0.62,0.65,0.53,0.59,0.6,0.51,0.54,0.51,0.5,0.5,0.34,0.46,CAM,MID,2
Shola Shoretire,CAM,England,0.62,0.73,0.54,0.57,0.67,0.37,0.54,0.72,0.73,0.84,0.87,0.64,0.59,0.51,0.59,0.59,0.4,0.34,0.32,0.36,0.51,0.53,CAM,MID,4
Matías Silva,CM,Uruguay,0.62,0.56,0.49,0.58,0.61,0.56,0.56,0.57,0.55,0.73,0.69,0.57,0.66,0.44,0.77,0.45,0.55,0.53,0.59,0.58,0.5,0.49,CM,MID,2
Christopher Simon,CDM,Senegal,0.62,0.7,0.52,0.57,0.59,0.57,0.7,0.68,0.71,0.67,0.69,0.6,0.6,0.68,0.77,0.57,0.59,0.55,0.58,0.59,0.42,0.55,CDM,MID,2
Noah Söderberg,CM,Sweden,0.62,0.65,0.49,0.57,0.61,0.56,0.63,0.69,0.62,0.58,0.64,0.64,0.6,0.63,0.74,0.64,0.56,0.52,0.56,0.6,0.54,0.5,CM,MID,2
Sondre Sørløkk,CM,Norway,0.62,0.8,0.56,0.58,0.63,0.57,0.74,0.79,0.81,0.63,0.77,0.64,0.55,0.76,0.78,0.77,0.59,0.55,0.55,0.58,0.52,0.59,CM,MID,6
Matías Sosa,RM,Argentina,0.62,0.69,0.6,0.57,0.64,0.25,0.52,0.68,0.69,0.67,0.64,0.64,0.59,0.62,0.48,0.59,0.25,0.28,0.22,0.18,0.47,0.66,RM,MID,4
Jaushua Sotirio,RM,Australia,0.62,0.9,0.61,0.52,0.58,0.44,0.76,0.91,0.9,0.8,0.75,0.53,0.58,0.77,0.78,0.82,0.48,0.49,0.35,0.46,0.54,0.65,RM,MID,4
Tony Springett,RM,Republic of Ireland,0.62,0.8,0.58,0.56,0.67,0.41,0.53,0.8,0.8,0.83,0.78,0.62,0.65,0.56,0.59,0.57,0.4,0.31,0.46,0.4,0.36,0.7,RM,MID,4
Konrad Stępień,CDM,Poland,0.62,0.61,0.3,0.51,0.47,0.62,0.73,0.63,0.6,0.5,0.55,0.48,0.6,0.76,0.72,0.75,0.63,0.62,0.62,0.62,0.62,0.3,CDM,MID,2
Martín Suárez,CM,Uruguay,0.62,0.65,0.56,0.61,0.61,0.58,0.56,0.62,0.68,0.74,0.63,0.63,0.67,0.5,0.69,0.46,0.59,0.66,0.54,0.64,0.43,0.47,CM,MID,2
Fodé Sylla,CDM,France,0.62,0.57,0.51,0.59,0.6,0.6,0.65,0.51,0.62,0.58,0.49,0.64,0.55,0.7,0.55,0.65,0.65,0.6,0.56,0.6,0.6,0.61,CDM,MID,2
Clayton Taylor,LM,Australia,0.62,0.83,0.58,0.5,0.66,0.36,0.64,0.83,0.83,0.81,0.77,0.61,0.61,0.63,0.69,0.64,0.39,0.37,0.31,0.33,0.44,0.59,LM,MID,4
Anirudh Thapa,CM,India,0.62,0.62,0.52,0.62,0.64,0.56,0.66,0.68,0.57,0.76,0.86,0.63,0.61,0.64,0.76,0.55,0.65,0.53,0.51,0.6,0.41,0.54,CM,MID,6
Conor Thomas,CDM,England,0.62,0.61,0.55,0.56,0.59,0.58,0.75,0.57,0.65,0.61,0.62,0.59,0.59,0.7,0.85,0.65,0.59,0.58,0.55,0.61,0.57,0.57,CDM,MID,0
Kolbeinn Thórdarson,CM,Iceland,0.62,0.66,0.48,0.6,0.58,0.59,0.67,0.67,0.66,0.56,0.69,0.62,0.55,0.66,0.76,0.66,0.62,0.59,0.59,0.58,0.55,0.62,CM,MID,2
Nökkvi Þórisson,LM,Iceland,0.62,0.69,0.65,0.54,0.62,0.28,0.58,0.61,0.76,0.58,0.52,0.65,0.52,0.7,0.5,0.7,0.28,0.26,0.22,0.22,0.64,0.7,LM,MID,4
Demir Ege Tıknaz,CDM,Turkey,0.62,0.66,0.48,0.63,0.67,0.53,0.61,0.63,0.69,0.6,0.46,0.7,0.57,0.61,0.64,0.64,0.5,0.53,0.53,0.54,0.57,0.63,CDM,MID,2
Sebastian Tounekti,LM,Tunisia,0.62,0.75,0.54,0.55,0.65,0.24,0.52,0.76,0.74,0.81,0.79,0.6,0.55,0.55,0.58,0.54,0.22,0.26,0.23,0.25,0.32,0.56,LM,MID,4
Shilow Tracey,RM,England,0.62,0.86,0.54,0.55,0.63,0.42,0.56,0.82,0.9,0.77,0.63,0.6,0.56,0.6,0.51,0.63,0.41,0.4,0.46,0.4,0.43,0.57,RM,MID,4
Rayhaan Tulloch,LM,England,0.62,0.78,0.57,0.54,0.65,0.24,0.57,0.82,0.75,0.78,0.78,0.62,0.54,0.58,0.54,0.71,0.2,0.18,0.23,0.2,0.56,0.58,LM,MID,4
Agustín Villalobos,CM,Argentina,0.62,0.69,0.55,0.64,0.62,0.51,0.58,0.71,0.67,0.73,0.74,0.61,0.6,0.57,0.58,0.55,0.57,0.5,0.49,0.48,0.42,0.72,CM,MID,6
Wang Qiuming,CM,China PR,0.62,0.8,0.54,0.6,0.62,0.52,0.66,0.75,0.84,0.79,0.83,0.64,0.59,0.64,0.79,0.68,0.53,0.42,0.49,0.57,0.54,0.51,CM,MID,6
Wang Haijian,CM,China PR,0.62,0.72,0.57,0.57,0.65,0.61,0.61,0.7,0.73,0.72,0.62,0.65,0.69,0.59,0.63,0.64,0.64,0.6,0.58,0.64,0.57,0.7,CM,MID,6
Ryan Watson,CM,England,0.62,0.63,0.6,0.59,0.63,0.58,0.73,0.6,0.66,0.7,0.68,0.62,0.61,0.73,0.8,0.69,0.59,0.57,0.59,0.57,0.57,0.71,CM,MID,0
Dylan Watts,CM,Republic of Ireland,0.62,0.53,0.55,0.63,0.62,0.56,0.6,0.54,0.53,0.69,0.67,0.63,0.58,0.62,0.64,0.58,0.56,0.5,0.58,0.55,0.54,0.63,CM,MID,2
Caleb Watts,RM,Australia,0.62,0.62,0.56,0.6,0.67,0.51,0.55,0.68,0.57,0.82,0.82,0.64,0.62,0.55,0.64,0.59,0.58,0.59,0.43,0.49,0.53,0.61,RM,MID,6
Moritz Wels,CAM,Austria,0.62,0.68,0.6,0.6,0.63,0.31,0.61,0.69,0.68,0.61,0.6,0.63,0.56,0.61,0.53,0.63,0.29,0.26,0.33,0.23,0.53,0.57,CAM,MID,4
Zain Westbrooke,CM,England,0.62,0.65,0.56,0.62,0.62,0.55,0.67,0.66,0.64,0.75,0.7,0.61,0.59,0.68,0.75,0.64,0.57,0.54,0.55,0.56,0.51,0.51,CM,MID,6
Ben Westermeier,CM,Germany,0.62,0.68,0.42,0.63,0.61,0.52,0.66,0.67,0.68,0.73,0.58,0.69,0.6,0.68,0.73,0.64,0.54,0.52,0.48,0.53,0.51,0.52,CM,MID,2
Shaun Whalley,RM,England,0.62,0.68,0.6,0.58,0.64,0.51,0.54,0.69,0.67,0.79,0.81,0.6,0.62,0.54,0.63,0.6,0.53,0.49,0.45,0.56,0.55,0.64,RM,MID,6
Harvey White,CDM,England,0.62,0.65,0.59,0.64,0.65,0.6,0.55,0.67,0.64,0.72,0.71,0.65,0.61,0.47,0.64,0.56,0.61,0.58,0.59,0.61,0.57,0.64,CDM,MID,6
Yanic Wildschut,LM,Suriname,0.62,0.75,0.61,0.58,0.63,0.48,0.69,0.77,0.74,0.71,0.66,0.6,0.56,0.8,0.54,0.78,0.53,0.46,0.39,0.52,0.53,0.7,LM,MID,6
MJ Williams,CDM,Wales,0.62,0.5,0.45,0.56,0.55,0.61,0.71,0.49,0.51,0.57,0.63,0.56,0.59,0.73,0.69,0.67,0.62,0.6,0.62,0.61,0.6,0.54,CDM,MID,2
Levin Winkler,CM,Switzerland,0.62,0.62,0.48,0.61,0.62,0.61,0.57,0.63,0.62,0.64,0.58,0.64,0.62,0.6,0.53,0.61,0.64,0.61,0.61,0.59,0.53,0.59,CM,MID,2
Norbert Wojtuszek,RM,Poland,0.62,0.75,0.48,0.56,0.64,0.51,0.55,0.79,0.72,0.65,0.7,0.6,0.58,0.58,0.62,0.58,0.54,0.5,0.51,0.53,0.39,0.56,RM,MID,2
Jacob Wright,CDM,England,0.62,0.64,0.52,0.62,0.62,0.57,0.57,0.65,0.63,0.69,0.62,0.64,0.58,0.51,0.64,0.49,0.58,0.56,0.58,0.57,0.55,0.56,CDM,MID,2
Xie Wenneng,RM,China PR,0.62,0.73,0.56,0.56,0.64,0.28,0.55,0.75,0.72,0.68,0.77,0.61,0.6,0.52,0.57,0.51,0.31,0.26,0.3,0.19,0.36,0.56,RM,MID,4
Xu Haoyang,CM,China PR,0.62,0.76,0.56,0.63,0.65,0.55,0.6,0.75,0.76,0.79,0.7,0.62,0.65,0.55,0.71,0.6,0.59,0.53,0.53,0.58,0.47,0.64,CM,MID,6
Yao Junsheng,RM,China PR,0.62,0.71,0.58,0.6,0.63,0.55,0.63,0.72,0.7,0.83,0.82,0.62,0.55,0.59,0.7,0.66,0.46,0.48,0.63,0.59,0.56,0.64,RM,MID,6
Moussa Yeo,CM,Mali,0.62,0.69,0.55,0.64,0.68,0.53,0.43,0.72,0.67,0.82,0.87,0.68,0.58,0.28,0.58,0.38,0.58,0.54,0.5,0.56,0.38,0.58,CM,MID,3
Luke Young,CM,England,0.62,0.51,0.58,0.62,0.63,0.57,0.64,0.54,0.49,0.71,0.78,0.62,0.59,0.58,0.84,0.61,0.58,0.56,0.58,0.58,0.48,0.6,CM,MID,0
Yu Hanchao,LM,China PR,0.62,0.71,0.59,0.6,0.59,0.4,0.62,0.69,0.73,0.54,0.68,0.57,0.55,0.64,0.61,0.67,0.44,0.38,0.31,0.38,0.58,0.6,LM,MID,2
Davor Zdravkovski,CDM,North Macedonia,0.62,0.64,0.45,0.57,0.57,0.6,0.63,0.64,0.64,0.56,0.63,0.59,0.64,0.58,0.71,0.59,0.64,0.62,0.59,0.57,0.53,0.57,CDM,MID,2
Zhang Jiaqi,CDM,China PR,0.62,0.55,0.57,0.52,0.52,0.61,0.79,0.57,0.53,0.54,0.47,0.57,0.58,0.86,0.82,0.79,0.62,0.55,0.57,0.64,0.69,0.65,CDM,MID,0
Zhang Xiaobin,CM,China PR,0.62,0.57,0.55,0.57,0.57,0.58,0.74,0.61,0.54,0.6,0.61,0.61,0.63,0.78,0.76,0.68,0.54,0.53,0.63,0.63,0.51,0.58,CM,MID,0
Zheng Dalun,RM,China PR,0.62,0.79,0.55,0.56,0.66,0.49,0.54,0.8,0.78,0.85,0.83,0.58,0.56,0.43,0.77,0.61,0.49,0.46,0.51,0.43,0.6,0.62,RM,MID,4
Sahal Abdul Samad,CM,India,0.61,0.53,0.51,0.63,0.62,0.55,0.59,0.55,0.52,0.69,0.71,0.55,0.64,0.61,0.57,0.54,0.6,0.49,0.47,0.65,0.46,0.51,CM,MID,2
Mohamed Achi,CM,France,0.61,0.65,0.49,0.61,0.66,0.56,0.5,0.67,0.64,0.71,0.7,0.67,0.53,0.43,0.61,0.39,0.64,0.53,0.51,0.62,0.39,0.59,CM,MID,2
Mo Adams,CDM,England,0.61,0.6,0.48,0.52,0.61,0.61,0.62,0.54,0.65,0.69,0.72,0.61,0.56,0.61,0.58,0.6,0.63,0.63,0.61,0.58,0.56,0.54,CDM,MID,2
Christ Afalna,CAM,Cameroon,0.61,0.68,0.61,0.56,0.6,0.46,0.61,0.69,0.67,0.64,0.61,0.58,0.63,0.6,0.61,0.66,0.48,0.43,0.41,0.44,0.59,0.66,CAM,MID,2
Hussain Al Eissa,LM,Saudi Arabia,0.61,0.83,0.5,0.52,0.65,0.43,0.61,0.83,0.83,0.8,0.91,0.6,0.54,0.56,0.67,0.59,0.45,0.36,0.43,0.44,0.39,0.46,LM,MID,4
Ziyad Al Johani,CM,Saudi Arabia,0.61,0.64,0.44,0.59,0.6,0.59,0.56,0.63,0.64,0.55,0.69,0.63,0.62,0.56,0.61,0.54,0.63,0.55,0.58,0.61,0.47,0.43,CM,MID,2
Nouh Al Mousa,CDM,Saudi Arabia,0.61,0.42,0.52,0.61,0.63,0.59,0.61,0.35,0.47,0.65,0.64,0.63,0.55,0.64,0.66,0.49,0.6,0.59,0.6,0.59,0.48,0.56,CDM,MID,2
Fahad Al Muwallad,LM,Saudi Arabia,0.61,0.84,0.58,0.55,0.6,0.44,0.62,0.82,0.86,0.7,0.61,0.58,0.56,0.62,0.57,0.71,0.3,0.28,0.59,0.45,0.54,0.72,LM,MID,4
Eid Al Muwallad,CDM,Saudi Arabia,0.61,0.66,0.41,0.53,0.55,0.59,0.62,0.65,0.66,0.59,0.64,0.59,0.58,0.62,0.66,0.59,0.59,0.61,0.61,0.58,0.49,0.43,CDM,MID,2
Mohammed Al Qahtani,RM,Saudi Arabia,0.61,0.78,0.5,0.52,0.66,0.29,0.46,0.8,0.77,0.86,0.82,0.6,0.54,0.46,0.59,0.49,0.34,0.32,0.3,0.15,0.36,0.53,RM,MID,3
Abdulrahman Al Safri,CDM,Saudi Arabia,0.61,0.55,0.36,0.57,0.58,0.56,0.67,0.55,0.55,0.56,0.65,0.6,0.55,0.62,0.75,0.58,0.55,0.56,0.56,0.6,0.5,0.45,CDM,MID,2
Khaled Al Samiri,CM,Saudi Arabia,0.61,0.56,0.5,0.6,0.66,0.57,0.6,0.65,0.49,0.74,0.85,0.64,0.57,0.54,0.72,0.56,0.56,0.57,0.6,0.57,0.54,0.5,CM,MID,2
Mohamed Al-Taay,CDM,Iraq,0.61,0.73,0.46,0.52,0.59,0.59,0.69,0.75,0.71,0.77,0.81,0.59,0.53,0.69,0.65,0.66,0.64,0.65,0.55,0.57,0.49,0.69,CDM,MID,6
Edgar Alcañiz,CM,Spain,0.61,0.62,0.53,0.6,0.61,0.54,0.49,0.61,0.63,0.69,0.71,0.62,0.56,0.43,0.59,0.47,0.6,0.55,0.51,0.5,0.54,0.5,CM,MID,2
Agustín Alcaraz,CDM,Argentina,0.61,0.62,0.5,0.58,0.6,0.55,0.61,0.6,0.64,0.61,0.66,0.61,0.58,0.58,0.7,0.55,0.6,0.55,0.52,0.56,0.49,0.49,CDM,MID,2
Will Alves,CAM,England,0.61,0.66,0.53,0.6,0.65,0.45,0.52,0.69,0.64,0.68,0.66,0.63,0.57,0.51,0.53,0.55,0.48,0.44,0.43,0.41,0.5,0.57,CAM,MID,2
Ricardo Alves,CAM,Switzerland,0.61,0.7,0.44,0.59,0.7,0.48,0.44,0.72,0.68,0.71,0.86,0.69,0.58,0.34,0.63,0.45,0.5,0.49,0.46,0.45,0.48,0.54,CAM,MID,3
Nelson Amadin,RM,Holland,0.61,0.74,0.58,0.56,0.62,0.26,0.48,0.72,0.76,0.71,0.61,0.6,0.5,0.57,0.42,0.59,0.3,0.23,0.17,0.25,0.47,0.68,RM,MID,3
Lukáš Ambros,CAM,Czech Republic,0.61,0.68,0.5,0.58,0.66,0.38,0.44,0.69,0.67,0.71,0.65,0.68,0.59,0.43,0.45,0.41,0.38,0.42,0.43,0.28,0.42,0.56,CAM,MID,3
Harry Anderson,RM,England,0.61,0.82,0.54,0.55,0.61,0.5,0.72,0.83,0.81,0.79,0.79,0.56,0.56,0.71,0.74,0.79,0.49,0.52,0.49,0.5,0.57,0.55,RM,MID,6
Ayman Aourir,CAM,Morocco,0.61,0.66,0.54,0.59,0.67,0.42,0.39,0.64,0.67,0.84,0.8,0.65,0.55,0.33,0.47,0.37,0.48,0.47,0.42,0.3,0.44,0.6,CAM,MID,3
Thomas Aquilina,RM,Australia,0.61,0.81,0.45,0.55,0.62,0.53,0.63,0.84,0.78,0.82,0.72,0.59,0.58,0.6,0.75,0.62,0.58,0.56,0.51,0.53,0.4,0.51,RM,MID,6
Telmo Arcanjo,CAM,Cape Verde Islands,0.61,0.69,0.51,0.6,0.64,0.38,0.5,0.68,0.69,0.6,0.62,0.65,0.6,0.61,0.33,0.55,0.36,0.42,0.4,0.35,0.43,0.59,CAM,MID,3
Maleace Asamoah,RM,England,0.61,0.84,0.55,0.48,0.66,0.29,0.56,0.85,0.83,0.75,0.71,0.64,0.53,0.57,0.62,0.68,0.29,0.2,0.27,0.24,0.51,0.55,RM,MID,4
Patric Åslund,CM,Sweden,0.61,0.69,0.61,0.61,0.62,0.39,0.57,0.72,0.67,0.67,0.59,0.65,0.6,0.63,0.58,0.63,0.49,0.47,0.18,0.49,0.48,0.63,CM,MID,4
Anas Bakhat,CAM,Germany,0.61,0.7,0.52,0.57,0.65,0.46,0.64,0.69,0.71,0.77,0.75,0.6,0.59,0.7,0.58,0.57,0.48,0.47,0.44,0.49,0.39,0.56,CAM,MID,2
James Balagizi,CM,England,0.61,0.76,0.61,0.59,0.65,0.46,0.66,0.74,0.77,0.69,0.69,0.62,0.6,0.71,0.67,0.7,0.49,0.39,0.43,0.45,0.5,0.66,CM,MID,6
Ollie Banks,CM,England,0.61,0.53,0.62,0.61,0.57,0.57,0.8,0.54,0.52,0.52,0.49,0.61,0.6,0.82,0.74,0.71,0.59,0.57,0.54,0.57,0.56,0.71,CM,MID,0
Moussa Baradji,CM,France,0.61,0.67,0.51,0.58,0.57,0.56,0.6,0.67,0.67,0.59,0.61,0.58,0.59,0.59,0.63,0.57,0.58,0.56,0.54,0.58,0.48,0.52,CM,MID,2
Cristian Bărbuț,RM,Romania,0.61,0.84,0.56,0.54,0.63,0.3,0.52,0.85,0.83,0.81,0.87,0.59,0.55,0.44,0.58,0.48,0.33,0.32,0.23,0.31,0.36,0.65,RM,MID,4
Abubakr Barry,CM,Gambia,0.61,0.66,0.54,0.6,0.62,0.51,0.72,0.62,0.7,0.71,0.57,0.58,0.62,0.72,0.7,0.66,0.51,0.47,0.48,0.55,0.53,0.59,CM,MID,2
Frederic Baum,CDM,Germany,0.61,0.71,0.52,0.53,0.54,0.62,0.67,0.69,0.72,0.62,0.59,0.52,0.59,0.69,0.63,0.72,0.6,0.57,0.64,0.65,0.64,0.53,CDM,MID,2
Nehuen Benedetti,CM,Argentina,0.61,0.7,0.54,0.59,0.64,0.54,0.61,0.65,0.74,0.59,0.66,0.67,0.59,0.64,0.57,0.65,0.57,0.52,0.53,0.51,0.56,0.63,CM,MID,2
Scot Bennett,CDM,England,0.61,0.37,0.5,0.5,0.51,0.61,0.7,0.34,0.4,0.38,0.46,0.54,0.59,0.7,0.71,0.66,0.6,0.58,0.61,0.64,0.58,0.53,CDM,MID,2
Robbie Benson,CAM,Republic of Ireland,0.61,0.48,0.61,0.62,0.62,0.48,0.56,0.42,0.52,0.66,0.65,0.62,0.6,0.59,0.51,0.47,0.55,0.37,0.45,0.49,0.47,0.63,CAM,MID,2
Parfait Bizoza,CM,Burundi,0.61,0.65,0.54,0.55,0.62,0.62,0.72,0.62,0.68,0.59,0.58,0.64,0.64,0.74,0.75,0.73,0.62,0.58,0.62,0.62,0.65,0.58,CM,MID,0
Thomas Boakye,RM,Ghana,0.61,0.82,0.45,0.54,0.62,0.56,0.64,0.8,0.83,0.76,0.75,0.6,0.52,0.62,0.73,0.62,0.57,0.56,0.6,0.56,0.42,0.54,RM,MID,6
Donny Bogicevic,CAM,Germany,0.61,0.63,0.57,0.55,0.61,0.3,0.61,0.63,0.63,0.59,0.54,0.65,0.6,0.67,0.56,0.55,0.27,0.26,0.32,0.27,0.42,0.62,CAM,MID,3
Hugo Bolin,CAM,Sweden,0.61,0.76,0.58,0.53,0.67,0.37,0.52,0.78,0.74,0.8,0.82,0.64,0.45,0.42,0.74,0.46,0.42,0.47,0.31,0.3,0.4,0.64,CAM,MID,4
Joshua Bolma,LM,Ghana,0.61,0.75,0.57,0.52,0.68,0.21,0.36,0.8,0.71,0.79,0.86,0.65,0.51,0.32,0.52,0.41,0.2,0.24,0.15,0.24,0.33,0.6,LM,MID,3
Ivann Botella,CAM,France,0.61,0.63,0.62,0.56,0.61,0.32,0.63,0.68,0.59,0.65,0.63,0.62,0.59,0.65,0.61,0.7,0.29,0.13,0.31,0.34,0.62,0.65,CAM,MID,4
Théo Bouchlarhem,LM,France,0.61,0.68,0.61,0.6,0.6,0.46,0.48,0.7,0.67,0.7,0.75,0.62,0.57,0.45,0.54,0.49,0.48,0.4,0.44,0.49,0.46,0.65,LM,MID,3
Jascha Brandt,CAM,Germany,0.61,0.77,0.44,0.6,0.64,0.33,0.51,0.75,0.78,0.69,0.69,0.65,0.61,0.5,0.59,0.5,0.28,0.38,0.41,0.25,0.37,0.55,CAM,MID,3
Sammy Braybrooke,CDM,England,0.61,0.62,0.52,0.6,0.63,0.58,0.56,0.61,0.62,0.64,0.64,0.65,0.6,0.55,0.55,0.56,0.61,0.58,0.58,0.57,0.51,0.65,CDM,MID,2
Kian Breckin,CM,England,0.61,0.68,0.57,0.61,0.64,0.49,0.58,0.67,0.68,0.69,0.71,0.65,0.56,0.58,0.66,0.56,0.52,0.44,0.45,0.52,0.48,0.62,CM,MID,6
Yannick Bright,CDM,Italy,0.61,0.7,0.32,0.59,0.59,0.55,0.54,0.71,0.7,0.63,0.55,0.63,0.55,0.48,0.63,0.53,0.57,0.56,0.55,0.57,0.48,0.32,CDM,MID,2
Charlie Brown,RM,England,0.61,0.81,0.56,0.53,0.62,0.31,0.6,0.82,0.81,0.78,0.81,0.58,0.56,0.61,0.62,0.76,0.31,0.22,0.28,0.23,0.6,0.53,RM,MID,4
Keith Buckley,CDM,Republic of Ireland,0.61,0.43,0.54,0.57,0.57,0.59,0.67,0.45,0.41,0.6,0.66,0.57,0.56,0.62,0.76,0.57,0.61,0.58,0.58,0.59,0.55,0.59,CDM,MID,2
Daniel Butterworth,CAM,England,0.61,0.83,0.61,0.51,0.64,0.35,0.59,0.85,0.82,0.75,0.76,0.62,0.61,0.57,0.6,0.68,0.35,0.39,0.32,0.3,0.51,0.63,CAM,MID,4
Enzo Damián Cabrera,CDM,Paraguay,0.61,0.66,0.45,0.58,0.61,0.58,0.62,0.67,0.66,0.65,0.6,0.63,0.53,0.6,0.69,0.59,0.6,0.58,0.6,0.57,0.49,0.6,CDM,MID,2
Cao Yongjing,RM,China PR,0.61,0.82,0.53,0.53,0.6,0.55,0.72,0.8,0.83,0.74,0.65,0.57,0.58,0.74,0.79,0.75,0.54,0.53,0.59,0.55,0.52,0.54,RM,MID,6
Uba Charles,CDM,Nigeria,0.61,0.84,0.47,0.53,0.59,0.6,0.7,0.83,0.85,0.81,0.9,0.57,0.59,0.73,0.64,0.77,0.62,0.6,0.58,0.62,0.54,0.58,CDM,MID,6
Luigi Cherubini,LM,Italy,0.61,0.58,0.59,0.6,0.67,0.27,0.4,0.55,0.6,0.65,0.76,0.67,0.49,0.37,0.42,0.34,0.29,0.31,0.22,0.24,0.39,0.54,LM,MID,3
Liam Chipperfield,CM,Switzerland,0.61,0.7,0.57,0.58,0.64,0.47,0.53,0.7,0.7,0.71,0.68,0.65,0.57,0.55,0.52,0.56,0.56,0.5,0.33,0.51,0.46,0.59,CM,MID,2
Trevor Clarke,LM,Republic of Ireland,0.61,0.79,0.54,0.56,0.61,0.53,0.64,0.8,0.79,0.75,0.69,0.59,0.51,0.61,0.62,0.66,0.56,0.58,0.52,0.5,0.47,0.59,LM,MID,6
Harry Clifton,CM,Wales,0.61,0.72,0.55,0.58,0.62,0.56,0.74,0.75,0.7,0.72,0.71,0.61,0.61,0.64,0.9,0.66,0.57,0.55,0.55,0.58,0.5,0.57,CM,MID,6
Dorin Codrea,CDM,Romania,0.61,0.63,0.51,0.54,0.54,0.63,0.67,0.61,0.64,0.58,0.6,0.52,0.6,0.69,0.67,0.68,0.63,0.6,0.64,0.62,0.6,0.59,CDM,MID,2
Alonso Coello,CM,Spain,0.61,0.61,0.38,0.58,0.65,0.53,0.58,0.58,0.64,0.51,0.72,0.68,0.63,0.68,0.46,0.54,0.53,0.51,0.54,0.58,0.43,0.47,CM,MID,2
Liston Colaço,LM,India,0.61,0.81,0.6,0.53,0.6,0.2,0.58,0.83,0.8,0.71,0.59,0.61,0.49,0.55,0.68,0.64,0.19,0.26,0.15,0.13,0.48,0.7,LM,MID,4
Dara Costelloe,RM,Republic of Ireland,0.61,0.74,0.55,0.55,0.62,0.34,0.64,0.76,0.72,0.64,0.69,0.61,0.55,0.68,0.61,0.7,0.38,0.31,0.36,0.2,0.51,0.59,RM,MID,4
Mark Coyle,CM,Republic of Ireland,0.61,0.59,0.53,0.56,0.6,0.61,0.76,0.64,0.54,0.68,0.65,0.63,0.59,0.75,0.82,0.67,0.63,0.6,0.6,0.64,0.5,0.53,CM,MID,0
Álvaro Cuello,CAM,Argentina,0.61,0.61,0.57,0.64,0.62,0.39,0.6,0.55,0.66,0.63,0.57,0.65,0.55,0.65,0.62,0.56,0.39,0.49,0.43,0.26,0.47,0.66,CAM,MID,2
Eric da Silva Moreira,RM,Germany,0.61,0.75,0.43,0.56,0.63,0.52,0.58,0.78,0.73,0.73,0.66,0.61,0.5,0.61,0.58,0.65,0.6,0.54,0.49,0.48,0.47,0.5,RM,MID,2
Pontus Dahbo,CM,Sweden,0.61,0.76,0.62,0.59,0.68,0.43,0.63,0.78,0.74,0.79,0.79,0.69,0.45,0.59,0.77,0.63,0.54,0.51,0.32,0.38,0.48,0.63,CM,MID,4
Dai Weijun,CM,China PR,0.61,0.72,0.59,0.62,0.66,0.46,0.6,0.72,0.72,0.78,0.76,0.61,0.61,0.6,0.69,0.62,0.48,0.42,0.43,0.49,0.48,0.6,CM,MID,6
Kévin Danois,CM,France,0.61,0.55,0.53,0.6,0.61,0.61,0.5,0.52,0.57,0.5,0.62,0.65,0.58,0.52,0.38,0.54,0.65,0.59,0.59,0.6,0.57,0.55,CM,MID,2
Jordan Davies,CM,Wales,0.61,0.73,0.6,0.61,0.63,0.53,0.58,0.74,0.73,0.79,0.83,0.62,0.59,0.5,0.74,0.55,0.54,0.51,0.53,0.54,0.45,0.64,CM,MID,6
Ryan De Havilland,CDM,England,0.61,0.57,0.44,0.55,0.57,0.59,0.68,0.62,0.53,0.59,0.71,0.58,0.54,0.73,0.67,0.67,0.62,0.58,0.58,0.57,0.54,0.49,CDM,MID,2
Milton Delgado,CDM,Argentina,0.61,0.64,0.35,0.53,0.56,0.61,0.55,0.63,0.65,0.53,0.86,0.52,0.62,0.48,0.65,0.48,0.67,0.64,0.59,0.58,0.47,0.46,CDM,MID,2
Isaías Delpupo,CAM,Argentina,0.61,0.67,0.53,0.61,0.67,0.37,0.54,0.72,0.63,0.72,0.83,0.67,0.46,0.58,0.45,0.54,0.41,0.4,0.32,0.38,0.38,0.53,CAM,MID,3
Aidan Denholm,CM,Scotland,0.61,0.66,0.49,0.61,0.64,0.55,0.49,0.64,0.67,0.74,0.76,0.67,0.45,0.44,0.77,0.39,0.63,0.59,0.56,0.49,0.38,0.57,CM,MID,2
Moussa Diakité,CDM,Mali,0.61,0.62,0.51,0.56,0.55,0.58,0.68,0.55,0.67,0.59,0.58,0.58,0.63,0.71,0.66,0.67,0.59,0.58,0.58,0.58,0.59,0.61,CDM,MID,2
Wiktor Długosz,RM,Poland,0.61,0.8,0.5,0.57,0.61,0.5,0.6,0.82,0.79,0.78,0.7,0.58,0.53,0.58,0.67,0.6,0.49,0.5,0.51,0.54,0.39,0.54,RM,MID,6
Kristijan Dobras,CAM,Austria,0.61,0.72,0.58,0.61,0.65,0.35,0.55,0.74,0.7,0.76,0.78,0.64,0.46,0.58,0.65,0.55,0.35,0.32,0.3,0.44,0.39,0.63,CAM,MID,4
Dawid Drachal,RM,Poland,0.61,0.82,0.55,0.53,0.61,0.28,0.53,0.81,0.83,0.69,0.63,0.62,0.55,0.53,0.68,0.56,0.29,0.33,0.24,0.23,0.41,0.55,RM,MID,4
Jack Earing,CM,England,0.61,0.68,0.58,0.62,0.63,0.54,0.63,0.68,0.68,0.67,0.7,0.63,0.6,0.64,0.64,0.59,0.57,0.51,0.53,0.58,0.45,0.64,CM,MID,6
Blessing Edet,CM,Nigeria,0.61,0.71,0.43,0.55,0.6,0.54,0.62,0.7,0.71,0.56,0.65,0.63,0.67,0.6,0.67,0.7,0.6,0.55,0.44,0.56,0.65,0.48,CM,MID,2
Owura Edwards,LM,England,0.61,0.84,0.53,0.54,0.63,0.32,0.52,0.85,0.84,0.81,0.81,0.59,0.51,0.51,0.61,0.57,0.32,0.31,0.3,0.3,0.42,0.54,LM,MID,4
Tobias Eisenhuth,CDM,Germany,0.61,0.57,0.44,0.6,0.56,0.6,0.69,0.57,0.57,0.6,0.66,0.55,0.53,0.75,0.63,0.68,0.65,0.6,0.62,0.52,0.56,0.58,CDM,MID,2
Noam Emeran,LM,France,0.61,0.77,0.56,0.58,0.62,0.31,0.52,0.79,0.75,0.78,0.7,0.58,0.54,0.52,0.57,0.55,0.29,0.24,0.33,0.3,0.44,0.6,LM,MID,4
Josh Falkingham,CDM,England,0.61,0.51,0.52,0.56,0.6,0.58,0.58,0.52,0.51,0.8,0.82,0.58,0.6,0.45,0.8,0.48,0.61,0.6,0.57,0.62,0.44,0.54,CDM,MID,2
Brandon Fernandes,LM,India,0.61,0.74,0.46,0.6,0.64,0.36,0.55,0.75,0.73,0.79,0.75,0.62,0.5,0.51,0.65,0.57,0.38,0.34,0.38,0.34,0.3,0.52,LM,MID,3
Rafa Santos,CM,Portugal,0.61,0.64,0.49,0.59,0.63,0.57,0.64,0.63,0.64,0.58,0.52,0.69,0.62,0.64,0.64,0.74,0.62,0.57,0.45,0.58,0.71,0.7,CM,MID,0
Jordan Flores,CDM,England,0.61,0.53,0.62,0.62,0.64,0.58,0.61,0.55,0.52,0.74,0.7,0.63,0.6,0.59,0.64,0.56,0.57,0.54,0.59,0.6,0.53,0.68,CDM,MID,0
Tyrese Francois,CM,Australia,0.61,0.67,0.44,0.58,0.67,0.58,0.55,0.72,0.62,0.79,0.79,0.66,0.64,0.5,0.66,0.5,0.55,0.52,0.64,0.64,0.41,0.48,CM,MID,6
Adams Friday,LM,Nigeria,0.61,0.81,0.56,0.52,0.64,0.45,0.53,0.8,0.82,0.76,0.75,0.63,0.57,0.53,0.67,0.59,0.42,0.44,0.51,0.41,0.45,0.59,LM,MID,4
Eugene Frimpong,CM,Ghana,0.61,0.73,0.49,0.61,0.59,0.58,0.62,0.74,0.72,0.73,0.7,0.59,0.58,0.58,0.71,0.67,0.54,0.58,0.59,0.63,0.57,0.54,CM,MID,6
Santi García,CAM,Spain,0.61,0.66,0.56,0.58,0.59,0.38,0.62,0.67,0.66,0.58,0.57,0.57,0.62,0.65,0.57,0.59,0.39,0.43,0.35,0.36,0.45,0.61,CAM,MID,2
Angelo Gattermayer,RM,Austria,0.61,0.75,0.57,0.54,0.64,0.24,0.62,0.74,0.76,0.75,0.72,0.61,0.55,0.64,0.62,0.7,0.18,0.16,0.21,0.23,0.58,0.61,RM,MID,4
Joaquín Gho,RM,Argentina,0.61,0.64,0.6,0.56,0.65,0.32,0.51,0.66,0.63,0.7,0.67,0.66,0.52,0.61,0.34,0.58,0.35,0.32,0.3,0.26,0.45,0.6,RM,MID,3
Dennis Gjengaar,RM,Norway,0.61,0.84,0.5,0.51,0.61,0.51,0.64,0.85,0.83,0.8,0.8,0.6,0.53,0.64,0.69,0.65,0.53,0.51,0.5,0.52,0.44,0.48,RM,MID,6
Ángel González,RM,Paraguay,0.61,0.71,0.51,0.56,0.59,0.39,0.6,0.75,0.68,0.68,0.82,0.56,0.6,0.57,0.7,0.55,0.23,0.22,0.56,0.45,0.4,0.62,RM,MID,4
Matías González,RM,Argentina,0.61,0.66,0.49,0.61,0.64,0.49,0.37,0.68,0.65,0.7,0.82,0.61,0.59,0.35,0.34,0.46,0.52,0.53,0.46,0.53,0.38,0.6,RM,MID,3
Daniel Gore,CM,England,0.61,0.72,0.5,0.6,0.67,0.48,0.54,0.75,0.69,0.8,0.84,0.64,0.63,0.45,0.62,0.44,0.53,0.55,0.47,0.49,0.27,0.56,CM,MID,3
Robbie Gotts,CM,England,0.61,0.76,0.54,0.6,0.64,0.54,0.62,0.77,0.76,0.82,0.84,0.62,0.6,0.58,0.69,0.59,0.57,0.55,0.55,0.53,0.44,0.55,CM,MID,6
Cian Hayes,LM,Republic of Ireland,0.61,0.8,0.53,0.51,0.64,0.25,0.44,0.8,0.8,0.84,0.8,0.6,0.56,0.35,0.68,0.42,0.28,0.29,0.22,0.19,0.33,0.54,LM,MID,3
Daryl Horgan,CAM,Republic of Ireland,0.61,0.8,0.55,0.6,0.66,0.3,0.56,0.81,0.8,0.9,0.9,0.61,0.57,0.55,0.58,0.58,0.23,0.18,0.38,0.32,0.39,0.6,CAM,MID,4
Hu Jinghang,RM,China PR,0.61,0.77,0.57,0.56,0.6,0.34,0.71,0.78,0.77,0.74,0.64,0.55,0.59,0.74,0.7,0.81,0.23,0.2,0.34,0.42,0.62,0.62,RM,MID,4
Bradley Ibrahim,CDM,England,0.61,0.65,0.4,0.59,0.61,0.57,0.64,0.62,0.67,0.69,0.66,0.61,0.57,0.67,0.57,0.63,0.57,0.59,0.56,0.59,0.53,0.52,CDM,MID,2
Yvan Ikia Dimi,LM,France,0.61,0.77,0.59,0.52,0.67,0.19,0.37,0.78,0.76,0.72,0.71,0.69,0.52,0.41,0.38,0.42,0.19,0.22,0.16,0.18,0.29,0.62,LM,MID,3
Jacob Italiano,LM,Australia,0.61,0.75,0.55,0.56,0.67,0.46,0.45,0.79,0.71,0.79,0.77,0.66,0.5,0.42,0.55,0.45,0.57,0.49,0.39,0.41,0.36,0.68,LM,MID,3
Antoni Ivanov,CM,Bulgaria,0.61,0.65,0.56,0.63,0.63,0.52,0.63,0.63,0.67,0.7,0.8,0.62,0.58,0.61,0.65,0.53,0.51,0.51,0.54,0.57,0.44,0.61,CM,MID,6
Jeong Chi In,LM,Korea Republic,0.61,0.77,0.61,0.46,0.65,0.28,0.68,0.76,0.77,0.75,0.61,0.63,0.6,0.76,0.6,0.79,0.17,0.19,0.32,0.27,0.57,0.65,LM,MID,4
Callum Jones,CM,Wales,0.61,0.63,0.54,0.59,0.63,0.57,0.62,0.64,0.62,0.62,0.75,0.62,0.59,0.62,0.62,0.53,0.6,0.55,0.6,0.57,0.42,0.61,CM,MID,2
Patrick Jones,LM,Wales,0.61,0.88,0.53,0.5,0.67,0.29,0.47,0.89,0.88,0.76,0.8,0.66,0.48,0.48,0.5,0.54,0.31,0.33,0.3,0.2,0.35,0.67,LM,MID,4
Luka Jurak,CM,Croatia,0.61,0.68,0.45,0.62,0.65,0.51,0.65,0.69,0.67,0.65,0.59,0.69,0.6,0.6,0.74,0.55,0.58,0.51,0.56,0.39,0.43,0.57,CM,MID,2
Dion Kacuri,CM,Switzerland,0.61,0.69,0.48,0.59,0.64,0.43,0.61,0.66,0.72,0.69,0.51,0.66,0.61,0.72,0.48,0.63,0.48,0.48,0.32,0.48,0.46,0.51,CM,MID,2
Adam Kaied,RM,Sweden,0.61,0.79,0.47,0.56,0.64,0.33,0.49,0.78,0.8,0.74,0.73,0.63,0.52,0.5,0.55,0.53,0.37,0.36,0.31,0.24,0.4,0.53,RM,MID,3
Majed Kanabah,CM,Saudi Arabia,0.61,0.6,0.47,0.6,0.62,0.54,0.6,0.63,0.58,0.62,0.73,0.62,0.59,0.6,0.65,0.52,0.55,0.55,0.55,0.56,0.41,0.5,CM,MID,2
Filip Karbowy,CAM,Poland,0.61,0.6,0.6,0.62,0.6,0.48,0.6,0.59,0.6,0.61,0.68,0.6,0.53,0.62,0.63,0.59,0.51,0.46,0.4,0.54,0.52,0.65,CAM,MID,2
Brandon Kavanagh,RM,Republic of Ireland,0.61,0.6,0.53,0.6,0.63,0.37,0.45,0.58,0.62,0.72,0.65,0.61,0.54,0.34,0.61,0.38,0.45,0.48,0.32,0.21,0.46,0.52,RM,MID,3
Takumu Kawamura,CM,Japan,0.61,0.58,0.61,0.58,0.6,0.58,0.58,0.63,0.54,0.6,0.61,0.63,0.58,0.6,0.56,0.61,0.6,0.57,0.57,0.6,0.54,0.65,CM,MID,2
Kim Yi Seok,CM,Korea Republic,0.61,0.71,0.5,0.58,0.6,0.5,0.52,0.69,0.73,0.73,0.85,0.59,0.59,0.46,0.8,0.44,0.53,0.41,0.49,0.58,0.4,0.49,CM,MID,3
Eli King,CDM,Wales,0.61,0.6,0.48,0.58,0.59,0.57,0.65,0.59,0.61,0.61,0.58,0.6,0.58,0.68,0.66,0.62,0.58,0.55,0.54,0.6,0.54,0.57,CDM,MID,2
Mateusz Kowalczyk,CM,Poland,0.61,0.71,0.59,0.62,0.65,0.42,0.61,0.7,0.72,0.63,0.65,0.67,0.57,0.57,0.71,0.56,0.44,0.4,0.39,0.44,0.45,0.62,CM,MID,4
Ben Krauhaus,RM,England,0.61,0.75,0.56,0.58,0.62,0.48,0.57,0.76,0.74,0.74,0.71,0.58,0.55,0.52,0.68,0.54,0.51,0.42,0.5,0.47,0.43,0.6,RM,MID,4
Rafał Król,CAM,Poland,0.61,0.59,0.58,0.6,0.59,0.35,0.65,0.58,0.59,0.57,0.61,0.63,0.48,0.74,0.59,0.55,0.4,0.41,0.36,0.23,0.35,0.63,CAM,MID,2
Samir Lagsir,LM,Holland,0.61,0.81,0.54,0.53,0.68,0.44,0.56,0.83,0.8,0.73,0.65,0.66,0.52,0.59,0.52,0.56,0.4,0.49,0.52,0.33,0.46,0.64,LM,MID,4
Charlie Lakin,CM,England,0.61,0.7,0.58,0.62,0.63,0.59,0.59,0.69,0.7,0.68,0.69,0.63,0.61,0.63,0.49,0.67,0.59,0.57,0.59,0.59,0.58,0.63,CM,MID,6
George Lapslie,CAM,England,0.61,0.63,0.59,0.59,0.63,0.56,0.65,0.65,0.62,0.73,0.81,0.62,0.6,0.61,0.71,0.74,0.58,0.53,0.53,0.59,0.59,0.65,CAM,MID,6
Lee Sang min,RM,Korea Republic,0.61,0.8,0.5,0.47,0.64,0.43,0.58,0.8,0.8,0.73,0.77,0.57,0.64,0.51,0.7,0.52,0.43,0.38,0.43,0.52,0.34,0.56,RM,MID,4
Ali Loune,CDM,Germany,0.61,0.58,0.48,0.57,0.61,0.58,0.65,0.56,0.59,0.63,0.65,0.62,0.57,0.72,0.54,0.66,0.64,0.61,0.53,0.56,0.55,0.67,CDM,MID,2
Kamil Lukoszek,LM,Poland,0.61,0.73,0.54,0.52,0.63,0.27,0.51,0.73,0.73,0.73,0.74,0.65,0.61,0.5,0.66,0.51,0.3,0.22,0.24,0.22,0.42,0.55,LM,MID,4
Cammy MacPherson,CM,Scotland,0.61,0.68,0.57,0.61,0.62,0.58,0.68,0.7,0.67,0.68,0.69,0.63,0.6,0.6,0.69,0.65,0.6,0.56,0.58,0.58,0.55,0.65,CM,MID,6
Connor Malley,CM,England,0.61,0.59,0.58,0.6,0.6,0.55,0.65,0.56,0.62,0.57,0.55,0.61,0.58,0.63,0.72,0.58,0.55,0.52,0.56,0.57,0.51,0.64,CM,MID,2
Andrei Mărginean,CM,Romania,0.61,0.59,0.58,0.61,0.66,0.5,0.6,0.6,0.58,0.62,0.61,0.65,0.65,0.7,0.45,0.62,0.58,0.55,0.44,0.44,0.5,0.65,CM,MID,2
Darragh Markey,CAM,Republic of Ireland,0.61,0.69,0.48,0.57,0.67,0.4,0.49,0.69,0.69,0.85,0.81,0.61,0.64,0.34,0.9,0.37,0.42,0.38,0.4,0.4,0.4,0.43,CAM,MID,3
Mateusz Marzec,RM,Poland,0.61,0.76,0.56,0.56,0.63,0.25,0.46,0.77,0.75,0.7,0.63,0.62,0.53,0.43,0.48,0.44,0.25,0.32,0.23,0.21,0.33,0.59,RM,MID,3
Boipelo Mashigo,LM,South Africa,0.61,0.78,0.47,0.55,0.65,0.28,0.43,0.76,0.8,0.9,0.84,0.64,0.49,0.35,0.71,0.4,0.3,0.24,0.28,0.26,0.31,0.45,LM,MID,3
Noah Mawene,CM,England,0.61,0.65,0.54,0.58,0.64,0.55,0.59,0.62,0.68,0.67,0.63,0.64,0.6,0.58,0.61,0.5,0.57,0.54,0.57,0.55,0.42,0.56,CM,MID,2
Leandro Maygua,CAM,Bolivia,0.61,0.65,0.52,0.6,0.63,0.46,0.44,0.64,0.66,0.7,0.75,0.61,0.57,0.35,0.74,0.41,0.59,0.6,0.23,0.54,0.47,0.55,CAM,MID,3
Adam Mayor,LM,England,0.61,0.76,0.56,0.51,0.67,0.35,0.53,0.75,0.77,0.85,0.85,0.62,0.54,0.49,0.73,0.54,0.36,0.3,0.35,0.31,0.47,0.57,LM,MID,4
Derek Mazou-Sacko,CM,France,0.61,0.66,0.46,0.57,0.63,0.56,0.62,0.68,0.64,0.65,0.68,0.62,0.58,0.58,0.72,0.64,0.57,0.61,0.55,0.52,0.59,0.58,CM,MID,2
Conor McCormack,CDM,Republic of Ireland,0.61,0.48,0.54,0.57,0.56,0.59,0.63,0.52,0.45,0.62,0.72,0.56,0.56,0.58,0.7,0.55,0.58,0.59,0.61,0.62,0.54,0.6,CDM,MID,2
Luke McCormick,CM,England,0.61,0.72,0.56,0.61,0.63,0.54,0.64,0.74,0.7,0.77,0.71,0.61,0.58,0.62,0.71,0.63,0.58,0.55,0.51,0.55,0.49,0.55,CM,MID,6
Rory McKenzie,LM,Scotland,0.61,0.74,0.53,0.56,0.64,0.5,0.63,0.77,0.72,0.86,0.8,0.6,0.55,0.59,0.72,0.7,0.49,0.42,0.54,0.45,0.59,0.58,LM,MID,6
Josh McPake,LM,Scotland,0.61,0.81,0.53,0.54,0.64,0.25,0.48,0.77,0.84,0.7,0.63,0.62,0.59,0.51,0.47,0.5,0.24,0.31,0.24,0.21,0.3,0.58,LM,MID,3
Tim Meyer,CM,Switzerland,0.61,0.71,0.51,0.58,0.65,0.58,0.62,0.74,0.69,0.69,0.65,0.63,0.6,0.61,0.7,0.66,0.6,0.63,0.56,0.61,0.51,0.54,CM,MID,6
Luca Mihai,CM,Romania,0.61,0.7,0.5,0.59,0.62,0.57,0.64,0.73,0.68,0.65,0.65,0.62,0.6,0.64,0.69,0.66,0.57,0.61,0.58,0.58,0.51,0.54,CM,MID,2
Jay Mingi,CM,England,0.61,0.72,0.51,0.58,0.66,0.58,0.67,0.72,0.72,0.78,0.83,0.64,0.6,0.68,0.65,0.7,0.59,0.57,0.57,0.61,0.55,0.6,CM,MID,6
Víctor Moreno,RM,Spain,0.61,0.63,0.62,0.57,0.63,0.31,0.44,0.64,0.62,0.57,0.65,0.62,0.55,0.45,0.49,0.43,0.34,0.31,0.29,0.24,0.42,0.71,RM,MID,3
Nathan Moriah-Welsh,CM,Guyana,0.61,0.69,0.54,0.59,0.66,0.53,0.63,0.71,0.67,0.84,0.88,0.64,0.61,0.53,0.75,0.56,0.59,0.58,0.49,0.5,0.48,0.63,CM,MID,6
Suheyel Najar,RM,Germany,0.61,0.81,0.54,0.54,0.63,0.27,0.59,0.77,0.85,0.65,0.65,0.61,0.58,0.64,0.57,0.62,0.25,0.29,0.17,0.34,0.43,0.56,RM,MID,4
Ramy Najjarine,LM,Australia,0.61,0.76,0.47,0.56,0.67,0.38,0.46,0.72,0.79,0.67,0.83,0.65,0.53,0.54,0.3,0.51,0.42,0.41,0.34,0.36,0.39,0.5,LM,MID,3
Hampus Näsström,CDM,Sweden,0.61,0.45,0.36,0.5,0.48,0.59,0.74,0.46,0.45,0.43,0.56,0.57,0.56,0.82,0.71,0.71,0.6,0.55,0.6,0.58,0.61,0.56,CDM,MID,2
Aleksander D. Nilsson,CM,Sweden,0.61,0.66,0.52,0.56,0.62,0.52,0.58,0.68,0.65,0.73,0.72,0.63,0.59,0.55,0.71,0.55,0.56,0.5,0.47,0.57,0.46,0.65,CM,MID,6
Tsiki Ntsabeleng,CM,South Africa,0.61,0.72,0.59,0.62,0.67,0.51,0.6,0.69,0.75,0.7,0.79,0.67,0.55,0.6,0.59,0.62,0.62,0.37,0.49,0.46,0.52,0.66,CM,MID,6
Trey Nyoni,CM,England,0.61,0.67,0.52,0.58,0.67,0.5,0.51,0.68,0.66,0.67,0.68,0.68,0.57,0.49,0.55,0.53,0.52,0.45,0.49,0.49,0.5,0.54,CM,MID,2
Tashan Oakley-Boothe,CM,England,0.61,0.68,0.45,0.6,0.62,0.57,0.57,0.67,0.69,0.62,0.52,0.65,0.54,0.56,0.6,0.55,0.63,0.59,0.57,0.54,0.45,0.44,CM,MID,2
Richard Odada,CDM,Kenya,0.61,0.57,0.46,0.54,0.58,0.59,0.65,0.55,0.59,0.59,0.49,0.61,0.6,0.71,0.59,0.64,0.61,0.56,0.6,0.57,0.54,0.48,CDM,MID,2
Niklas Ødegård,CAM,Norway,0.61,0.75,0.57,0.57,0.62,0.52,0.8,0.73,0.77,0.74,0.61,0.62,0.58,0.86,0.79,0.77,0.53,0.47,0.56,0.5,0.5,0.61,CAM,MID,6
Maximilian Oesterhelweg,CAM,Germany,0.61,0.71,0.61,0.6,0.63,0.45,0.58,0.74,0.68,0.7,0.72,0.63,0.59,0.57,0.73,0.6,0.5,0.47,0.48,0.32,0.49,0.73,CAM,MID,4
Michael Olakigbe,LM,England,0.61,0.75,0.6,0.51,0.64,0.34,0.62,0.76,0.74,0.63,0.63,0.64,0.56,0.64,0.63,0.69,0.33,0.31,0.32,0.29,0.53,0.64,LM,MID,4
Bernardo,LM,Australia,0.61,0.81,0.55,0.52,0.66,0.35,0.47,0.86,0.76,0.88,0.82,0.62,0.58,0.41,0.52,0.54,0.38,0.36,0.31,0.32,0.45,0.57,LM,MID,4
Brandur H. Olsen,CM,Faroe Islands,0.61,0.5,0.6,0.63,0.62,0.49,0.63,0.54,0.47,0.69,0.8,0.63,0.55,0.6,0.69,0.57,0.52,0.48,0.44,0.52,0.51,0.65,CM,MID,2
Ramazan Orazov,CM,Kazakhstan,0.61,0.66,0.51,0.56,0.64,0.45,0.53,0.67,0.65,0.52,0.73,0.67,0.63,0.47,0.65,0.49,0.48,0.42,0.38,0.53,0.47,0.54,CM,MID,2
Salah-Eddine Oulad M'Hand,CM,Holland,0.61,0.63,0.58,0.64,0.66,0.53,0.53,0.66,0.6,0.75,0.74,0.66,0.59,0.54,0.48,0.47,0.56,0.48,0.55,0.53,0.38,0.65,CM,MID,6
Maxi Oyedele,CDM,Poland,0.61,0.73,0.54,0.55,0.6,0.6,0.66,0.72,0.74,0.75,0.73,0.56,0.59,0.68,0.66,0.71,0.62,0.58,0.58,0.61,0.58,0.67,CDM,MID,6
Adrián Pacheco,CAM,Bolivia,0.61,0.66,0.54,0.58,0.6,0.49,0.55,0.67,0.65,0.64,0.71,0.63,0.55,0.57,0.59,0.55,0.45,0.46,0.57,0.48,0.46,0.48,CAM,MID,2
Mithat Pala,CDM,Turkey,0.61,0.75,0.43,0.56,0.62,0.57,0.58,0.77,0.74,0.75,0.79,0.58,0.58,0.46,0.81,0.66,0.63,0.6,0.54,0.56,0.5,0.37,CDM,MID,6
Pablo Palacio,RM,Argentina,0.61,0.76,0.55,0.55,0.63,0.31,0.55,0.77,0.75,0.67,0.67,0.61,0.51,0.56,0.65,0.61,0.25,0.37,0.33,0.29,0.45,0.61,RM,MID,4
Matías Palavecino,CAM,Argentina,0.61,0.64,0.53,0.59,0.64,0.44,0.58,0.67,0.61,0.65,0.66,0.66,0.55,0.62,0.63,0.59,0.51,0.48,0.4,0.37,0.47,0.55,CAM,MID,2
Andrei Pandele,CDM,Romania,0.61,0.73,0.47,0.53,0.59,0.59,0.67,0.74,0.73,0.69,0.68,0.6,0.58,0.64,0.73,0.67,0.61,0.58,0.59,0.61,0.53,0.53,CDM,MID,2
Phoenix Patterson,LM,Scotland,0.61,0.82,0.54,0.6,0.62,0.45,0.45,0.8,0.83,0.67,0.77,0.59,0.56,0.45,0.36,0.59,0.46,0.45,0.47,0.38,0.52,0.64,LM,MID,4
Fran Pereira,CDM,Portugal,0.61,0.66,0.41,0.59,0.63,0.54,0.62,0.67,0.66,0.64,0.61,0.65,0.57,0.62,0.69,0.62,0.57,0.59,0.52,0.5,0.51,0.52,CDM,MID,2
Paya Pichkah,CM,Sweden,0.61,0.62,0.58,0.6,0.63,0.57,0.65,0.6,0.63,0.68,0.73,0.63,0.57,0.67,0.65,0.62,0.59,0.56,0.58,0.56,0.52,0.62,CM,MID,6
Marcel Pięczek,LM,Poland,0.61,0.65,0.47,0.61,0.58,0.54,0.64,0.66,0.64,0.57,0.57,0.62,0.55,0.68,0.65,0.56,0.61,0.6,0.51,0.49,0.43,0.4,LM,MID,2
Kevin Piscopo,CAM,Italy,0.61,0.73,0.63,0.52,0.63,0.48,0.66,0.72,0.73,0.52,0.62,0.65,0.6,0.68,0.64,0.71,0.54,0.5,0.41,0.44,0.59,0.7,CAM,MID,6
Markus Poom,CM,Estonia,0.61,0.66,0.56,0.59,0.58,0.57,0.64,0.65,0.66,0.57,0.52,0.6,0.62,0.63,0.74,0.65,0.54,0.54,0.58,0.6,0.55,0.56,CM,MID,2
Darren Pratley,CDM,England,0.61,0.43,0.57,0.6,0.53,0.59,0.63,0.44,0.42,0.47,0.5,0.56,0.58,0.65,0.45,0.59,0.61,0.59,0.57,0.6,0.59,0.58,CDM,MID,2
Adrian Przyborek,RM,Poland,0.61,0.72,0.54,0.54,0.63,0.29,0.53,0.7,0.73,0.76,0.57,0.65,0.6,0.62,0.57,0.53,0.27,0.28,0.31,0.26,0.35,0.55,RM,MID,4
Mehdi Puch,CDM,Algeria,0.61,0.73,0.41,0.56,0.62,0.56,0.57,0.74,0.72,0.81,0.83,0.6,0.56,0.56,0.56,0.49,0.6,0.58,0.59,0.63,0.23,0.56,CDM,MID,2
Florin Purece,CM,Romania,0.61,0.64,0.62,0.64,0.64,0.4,0.59,0.61,0.66,0.7,0.6,0.63,0.62,0.58,0.62,0.47,0.3,0.3,0.5,0.51,0.32,0.64,CM,MID,4
Joshua Putze,CDM,Germany,0.61,0.54,0.48,0.57,0.58,0.57,0.66,0.53,0.54,0.68,0.64,0.6,0.57,0.66,0.64,0.59,0.58,0.55,0.61,0.54,0.53,0.51,CDM,MID,2
Andreas Pyndt,CM,Denmark,0.61,0.76,0.53,0.54,0.61,0.58,0.67,0.8,0.73,0.74,0.73,0.6,0.6,0.68,0.7,0.74,0.6,0.57,0.56,0.59,0.55,0.51,CM,MID,6
Denilzon Ramallo,CM,Bolivia,0.61,0.68,0.44,0.56,0.59,0.57,0.68,0.71,0.65,0.66,0.57,0.64,0.55,0.67,0.72,0.7,0.62,0.53,0.51,0.62,0.57,0.58,CM,MID,2
Connor Randall,CM,England,0.61,0.62,0.48,0.6,0.6,0.61,0.67,0.67,0.58,0.42,0.55,0.63,0.58,0.7,0.6,0.65,0.64,0.64,0.63,0.56,0.53,0.46,CM,MID,2
Tomás Rayer,RM,Argentina,0.61,0.75,0.57,0.53,0.63,0.25,0.5,0.78,0.72,0.71,0.75,0.58,0.51,0.46,0.66,0.51,0.26,0.23,0.23,0.19,0.42,0.6,RM,MID,3
Jeremía Recoba,CAM,Italy,0.61,0.63,0.59,0.57,0.62,0.51,0.58,0.62,0.64,0.67,0.67,0.62,0.55,0.55,0.66,0.49,0.58,0.55,0.55,0.4,0.4,0.67,CAM,MID,2
Will Richmond,LM,United States,0.61,0.7,0.44,0.53,0.67,0.24,0.54,0.72,0.69,0.74,0.68,0.68,0.45,0.61,0.54,0.55,0.27,0.25,0.21,0.19,0.35,0.41,LM,MID,3
Chris Rigg,CM,England,0.61,0.61,0.54,0.6,0.65,0.52,0.57,0.64,0.58,0.77,0.76,0.65,0.59,0.53,0.68,0.51,0.55,0.49,0.54,0.51,0.45,0.53,CM,MID,2
Scott Robertson,CM,Scotland,0.61,0.68,0.53,0.59,0.64,0.56,0.63,0.66,0.7,0.73,0.83,0.63,0.55,0.59,0.68,0.51,0.6,0.59,0.57,0.56,0.39,0.58,CM,MID,6
Ethan Robson,CM,England,0.61,0.63,0.57,0.62,0.63,0.59,0.59,0.65,0.62,0.71,0.69,0.63,0.59,0.63,0.51,0.62,0.59,0.6,0.6,0.58,0.54,0.65,CM,MID,2
Raúl Rocabado,CAM,Bolivia,0.61,0.7,0.47,0.62,0.63,0.49,0.62,0.64,0.75,0.68,0.78,0.63,0.56,0.65,0.61,0.62,0.51,0.61,0.42,0.5,0.5,0.54,CAM,MID,2
Agustín Rodríguez,CAM,Argentina,0.61,0.68,0.43,0.6,0.65,0.4,0.41,0.73,0.63,0.74,0.68,0.65,0.56,0.34,0.54,0.38,0.46,0.49,0.41,0.29,0.33,0.44,CAM,MID,3
Franco Agustín Romero,CDM,Argentina,0.61,0.63,0.5,0.58,0.62,0.56,0.6,0.66,0.6,0.58,0.72,0.64,0.57,0.52,0.71,0.61,0.6,0.64,0.53,0.5,0.6,0.66,CDM,MID,2
Dayle Rooney,LM,Republic of Ireland,0.61,0.69,0.55,0.58,0.59,0.36,0.59,0.7,0.69,0.68,0.6,0.59,0.58,0.59,0.62,0.58,0.41,0.29,0.39,0.22,0.49,0.58,LM,MID,3
Facundo Russo,RM,Argentina,0.61,0.7,0.55,0.56,0.64,0.31,0.46,0.74,0.67,0.7,0.64,0.6,0.52,0.44,0.62,0.45,0.35,0.28,0.27,0.24,0.44,0.65,RM,MID,3
Joe Sbarra,CAM,England,0.61,0.68,0.58,0.56,0.64,0.48,0.58,0.71,0.65,0.89,0.86,0.61,0.62,0.58,0.74,0.6,0.51,0.5,0.43,0.5,0.49,0.57,CAM,MID,6
Benjamín Schamine,CM,Argentina,0.61,0.56,0.49,0.61,0.62,0.47,0.51,0.54,0.57,0.48,0.66,0.67,0.61,0.58,0.43,0.55,0.5,0.52,0.38,0.5,0.51,0.51,CM,MID,2
Danny Schmidt,CAM,Germany,0.61,0.61,0.59,0.56,0.6,0.37,0.61,0.62,0.61,0.6,0.6,0.64,0.51,0.68,0.59,0.67,0.39,0.35,0.33,0.3,0.59,0.58,CAM,MID,2
Oscar Schwartau,CAM,Denmark,0.61,0.73,0.58,0.54,0.67,0.35,0.59,0.76,0.71,0.78,0.74,0.66,0.62,0.62,0.65,0.61,0.35,0.34,0.32,0.36,0.44,0.63,CAM,MID,4
Alexis Segovia,RM,Argentina,0.61,0.76,0.5,0.54,0.66,0.34,0.47,0.78,0.75,0.73,0.76,0.64,0.46,0.43,0.6,0.47,0.36,0.42,0.34,0.2,0.43,0.59,RM,MID,3
André Seruca,CDM,Portugal,0.61,0.53,0.36,0.5,0.54,0.62,0.69,0.52,0.54,0.41,0.43,0.58,0.57,0.78,0.65,0.71,0.63,0.62,0.6,0.61,0.62,0.52,CDM,MID,2
Florent Shehu,RM,Albania,0.61,0.69,0.59,0.6,0.66,0.28,0.52,0.69,0.69,0.73,0.7,0.66,0.46,0.59,0.49,0.6,0.27,0.24,0.26,0.24,0.51,0.7,RM,MID,4
Shen Zigui,LM,Chinese Taipei,0.61,0.78,0.56,0.49,0.64,0.4,0.57,0.78,0.78,0.73,0.84,0.59,0.6,0.58,0.65,0.58,0.52,0.42,0.34,0.28,0.41,0.6,LM,MID,4
Artur Siemaszko,RM,Poland,0.61,0.73,0.58,0.5,0.64,0.31,0.69,0.71,0.75,0.73,0.69,0.64,0.6,0.74,0.7,0.77,0.12,0.15,0.39,0.41,0.6,0.6,RM,MID,4
Robert Silaghi,CAM,Romania,0.61,0.73,0.55,0.58,0.63,0.41,0.61,0.74,0.72,0.74,0.67,0.62,0.61,0.61,0.74,0.58,0.44,0.38,0.37,0.43,0.42,0.54,CAM,MID,4
Facundo Silvestre,CM,Uruguay,0.61,0.6,0.61,0.63,0.61,0.53,0.62,0.6,0.6,0.67,0.59,0.59,0.53,0.64,0.69,0.58,0.57,0.57,0.5,0.51,0.48,0.65,CM,MID,2
Manvir Singh,RM,India,0.61,0.78,0.58,0.52,0.57,0.31,0.73,0.7,0.84,0.61,0.35,0.57,0.59,0.78,0.69,0.77,0.28,0.31,0.24,0.29,0.61,0.6,RM,MID,4
Kacper Smoliński,CM,Poland,0.61,0.64,0.52,0.59,0.63,0.58,0.58,0.64,0.64,0.61,0.8,0.63,0.54,0.56,0.63,0.58,0.61,0.58,0.56,0.6,0.51,0.54,CM,MID,2
Tore André Sørås,CM,Norway,0.61,0.65,0.56,0.58,0.62,0.57,0.7,0.68,0.62,0.6,0.57,0.63,0.6,0.73,0.68,0.72,0.56,0.55,0.58,0.59,0.58,0.63,CM,MID,0
Luka Stankovski,CM,North Macedonia,0.61,0.64,0.53,0.64,0.69,0.47,0.59,0.65,0.63,0.58,0.5,0.74,0.51,0.67,0.55,0.59,0.43,0.45,0.57,0.41,0.46,0.58,CM,MID,2
Mateusz Stępień,RM,Poland,0.61,0.78,0.49,0.55,0.61,0.24,0.53,0.8,0.77,0.68,0.58,0.59,0.5,0.58,0.56,0.56,0.24,0.23,0.22,0.23,0.33,0.52,RM,MID,3
Lennart Stoll,RM,Germany,0.61,0.68,0.5,0.57,0.57,0.58,0.68,0.66,0.7,0.41,0.55,0.61,0.61,0.69,0.74,0.7,0.61,0.54,0.6,0.51,0.62,0.58,RM,MID,2
Mahamadou Susoho,CDM,Spain,0.61,0.62,0.47,0.59,0.62,0.6,0.56,0.63,0.62,0.7,0.67,0.65,0.58,0.56,0.5,0.61,0.61,0.6,0.62,0.58,0.57,0.6,CDM,MID,2
Levi Sutton,CDM,England,0.61,0.78,0.45,0.55,0.6,0.58,0.68,0.79,0.78,0.72,0.71,0.58,0.57,0.65,0.72,0.73,0.59,0.58,0.56,0.58,0.56,0.48,CDM,MID,6
Jonathan Svedberg,CM,Sweden,0.61,0.66,0.48,0.6,0.63,0.59,0.62,0.67,0.66,0.66,0.69,0.65,0.62,0.6,0.62,0.59,0.58,0.51,0.63,0.64,0.49,0.56,CM,MID,2
Tunahan Taşçı,LM,Turkey,0.61,0.76,0.52,0.54,0.64,0.3,0.49,0.75,0.77,0.67,0.76,0.69,0.56,0.47,0.65,0.53,0.29,0.32,0.28,0.23,0.48,0.62,LM,MID,4
Martín Tejón,CAM,Spain,0.61,0.6,0.6,0.6,0.62,0.39,0.52,0.57,0.63,0.71,0.63,0.61,0.47,0.49,0.61,0.47,0.41,0.43,0.39,0.31,0.49,0.61,CAM,MID,3
Jonas Therkelsen,CM,Norway,0.61,0.75,0.54,0.58,0.66,0.58,0.64,0.74,0.76,0.81,0.72,0.65,0.6,0.63,0.68,0.67,0.58,0.57,0.6,0.59,0.53,0.54,CM,MID,6
Jordan Thomas,RM,England,0.61,0.81,0.55,0.54,0.61,0.35,0.55,0.8,0.82,0.74,0.76,0.58,0.57,0.53,0.68,0.56,0.37,0.28,0.34,0.32,0.43,0.57,RM,MID,4
Ross Tierney,CAM,Republic of Ireland,0.61,0.74,0.54,0.59,0.63,0.53,0.62,0.73,0.74,0.74,0.83,0.62,0.59,0.54,0.77,0.53,0.57,0.47,0.48,0.61,0.44,0.52,CAM,MID,6
Callum Timmins,CM,Australia,0.61,0.68,0.6,0.57,0.6,0.56,0.73,0.68,0.68,0.69,0.69,0.58,0.62,0.75,0.74,0.68,0.6,0.59,0.52,0.58,0.5,0.74,CM,MID,6
Hubert Tomalski,LM,Poland,0.61,0.53,0.56,0.61,0.66,0.34,0.72,0.52,0.53,0.75,0.81,0.64,0.5,0.82,0.67,0.59,0.42,0.45,0.23,0.3,0.4,0.6,LM,MID,2
Daniel Trejo,LM,Mexico,0.61,0.66,0.57,0.56,0.67,0.31,0.49,0.68,0.64,0.78,0.82,0.66,0.55,0.49,0.56,0.46,0.3,0.27,0.33,0.26,0.44,0.57,LM,MID,3
Ryan Trevitt,CM,England,0.61,0.62,0.58,0.6,0.65,0.48,0.61,0.66,0.58,0.6,0.7,0.65,0.54,0.62,0.64,0.54,0.5,0.41,0.51,0.45,0.43,0.62,CM,MID,2
Rooney Troya,CDM,Ecuador,0.61,0.68,0.57,0.61,0.61,0.56,0.63,0.67,0.68,0.62,0.72,0.6,0.61,0.62,0.7,0.59,0.58,0.54,0.57,0.55,0.48,0.59,CDM,MID,6
Niko Tsakiris,CAM,United States,0.61,0.68,0.4,0.56,0.68,0.44,0.51,0.69,0.67,0.71,0.73,0.69,0.41,0.59,0.4,0.48,0.42,0.4,0.42,0.58,0.28,0.41,CAM,MID,3
Viktor Tsukanov,CM,Ukraine,0.61,0.64,0.58,0.57,0.61,0.54,0.54,0.63,0.64,0.62,0.78,0.61,0.63,0.5,0.64,0.5,0.59,0.53,0.49,0.56,0.47,0.61,CM,MID,2
Fofin Turay,LM,Holland,0.61,0.79,0.52,0.53,0.65,0.24,0.58,0.78,0.8,0.65,0.66,0.67,0.48,0.65,0.52,0.61,0.28,0.25,0.17,0.23,0.38,0.59,LM,MID,4
Javier Uzeda,CAM,Bolivia,0.61,0.8,0.53,0.57,0.63,0.47,0.54,0.81,0.8,0.61,0.65,0.63,0.56,0.55,0.65,0.64,0.5,0.45,0.44,0.45,0.48,0.55,CAM,MID,4
Tim van de Loo,CDM,Holland,0.61,0.66,0.46,0.58,0.58,0.58,0.59,0.65,0.67,0.66,0.69,0.61,0.61,0.59,0.64,0.55,0.62,0.56,0.59,0.56,0.45,0.59,CDM,MID,2
Sebastián Vargas,LM,Paraguay,0.61,0.72,0.4,0.57,0.63,0.58,0.48,0.73,0.71,0.7,0.75,0.65,0.5,0.5,0.61,0.48,0.58,0.53,0.66,0.63,0.33,0.4,LM,MID,2
Antonio Vergara,CAM,Italy,0.61,0.49,0.58,0.59,0.66,0.35,0.51,0.43,0.54,0.67,0.66,0.64,0.53,0.5,0.58,0.39,0.37,0.42,0.36,0.22,0.44,0.63,CAM,MID,3
Charles Vernam,LM,England,0.61,0.83,0.54,0.56,0.64,0.31,0.53,0.84,0.82,0.91,0.9,0.57,0.55,0.5,0.62,0.65,0.29,0.24,0.26,0.33,0.53,0.56,LM,MID,4
Vladan Vidaković,CDM,Serbia,0.61,0.7,0.4,0.55,0.56,0.61,0.67,0.7,0.7,0.65,0.66,0.56,0.59,0.74,0.65,0.76,0.64,0.6,0.58,0.61,0.64,0.55,CDM,MID,2
Rodrigo Villalba,RM,Paraguay,0.61,0.76,0.48,0.55,0.61,0.42,0.59,0.74,0.77,0.69,0.62,0.57,0.52,0.61,0.62,0.58,0.44,0.46,0.38,0.44,0.42,0.54,RM,MID,3
Sergio Villamíl,CM,Bolivia,0.61,0.62,0.51,0.61,0.62,0.6,0.61,0.61,0.62,0.59,0.69,0.64,0.59,0.59,0.72,0.55,0.62,0.6,0.62,0.58,0.48,0.58,CM,MID,2
Malcolm Viltard,CDM,France,0.61,0.62,0.46,0.54,0.59,0.58,0.62,0.59,0.65,0.63,0.62,0.61,0.6,0.62,0.63,0.62,0.6,0.6,0.58,0.57,0.55,0.49,CDM,MID,2
Rasmus Vinderslev,CDM,Denmark,0.61,0.53,0.41,0.53,0.57,0.56,0.74,0.53,0.53,0.66,0.57,0.59,0.6,0.7,0.84,0.56,0.58,0.52,0.59,0.57,0.46,0.53,CDM,MID,2
Brad Walker,CM,England,0.61,0.65,0.56,0.56,0.62,0.57,0.74,0.64,0.66,0.76,0.73,0.61,0.61,0.75,0.69,0.64,0.59,0.57,0.56,0.61,0.46,0.65,CM,MID,6
Charlie Webster,CAM,England,0.61,0.67,0.54,0.59,0.65,0.47,0.5,0.7,0.65,0.86,0.67,0.61,0.57,0.52,0.5,0.49,0.53,0.47,0.43,0.44,0.43,0.58,CAM,MID,3
Tom White,CDM,England,0.61,0.63,0.53,0.56,0.62,0.57,0.65,0.64,0.63,0.75,0.72,0.61,0.58,0.61,0.68,0.57,0.6,0.57,0.57,0.56,0.45,0.59,CDM,MID,2
Melle Joop Witteveen,CAM,Holland,0.61,0.72,0.53,0.61,0.59,0.45,0.55,0.73,0.72,0.68,0.7,0.6,0.57,0.5,0.63,0.62,0.47,0.46,0.38,0.47,0.56,0.59,CAM,MID,2
Łukasz Wolsztyński,CAM,Poland,0.61,0.61,0.6,0.6,0.62,0.4,0.62,0.58,0.64,0.67,0.69,0.61,0.52,0.71,0.48,0.68,0.31,0.35,0.48,0.34,0.58,0.63,CAM,MID,2
Yang Shiyuan,CDM,China PR,0.61,0.75,0.34,0.52,0.58,0.6,0.68,0.78,0.73,0.8,0.78,0.56,0.57,0.61,0.79,0.68,0.63,0.6,0.6,0.58,0.5,0.41,CDM,MID,2
Yu Je Ho,CM,Korea Republic,0.61,0.55,0.47,0.58,0.61,0.5,0.62,0.56,0.54,0.71,0.71,0.63,0.62,0.58,0.78,0.47,0.46,0.38,0.52,0.63,0.37,0.61,CM,MID,2
Zhang Yuan,CM,China PR,0.61,0.71,0.45,0.57,0.61,0.58,0.69,0.74,0.69,0.75,0.59,0.58,0.64,0.7,0.68,0.76,0.57,0.48,0.57,0.63,0.64,0.55,CM,MID,6
Zhang Yudong,CDM,China PR,0.61,0.7,0.35,0.55,0.6,0.55,0.71,0.69,0.7,0.59,0.67,0.61,0.64,0.71,0.78,0.68,0.59,0.54,0.5,0.57,0.52,0.44,CDM,MID,2
Zhang Yufeng,CM,China PR,0.61,0.62,0.46,0.57,0.6,0.57,0.62,0.61,0.63,0.74,0.58,0.64,0.63,0.62,0.68,0.56,0.59,0.55,0.56,0.64,0.45,0.6,CM,MID,2
Zhong Jinbao,CM,China PR,0.61,0.67,0.53,0.57,0.59,0.58,0.73,0.66,0.67,0.69,0.67,0.58,0.61,0.7,0.88,0.61,0.59,0.47,0.6,0.63,0.47,0.56,CM,MID,6
Zhu Baojie,CM,China PR,0.61,0.68,0.53,0.62,0.65,0.52,0.62,0.61,0.73,0.81,0.82,0.63,0.61,0.6,0.8,0.6,0.52,0.44,0.55,0.53,0.52,0.59,CM,MID,6
Syver Aas,CM,Norway,0.6,0.66,0.46,0.57,0.63,0.54,0.59,0.68,0.64,0.71,0.71,0.63,0.61,0.58,0.64,0.6,0.57,0.52,0.54,0.5,0.53,0.51,CM,MID,2
Azeem Abdulai,CDM,Scotland,0.6,0.55,0.38,0.59,0.6,0.57,0.59,0.58,0.52,0.54,0.58,0.6,0.6,0.61,0.55,0.55,0.59,0.56,0.58,0.57,0.47,0.5,CDM,MID,2
Sabit Abdusalam,CM,China PR,0.6,0.7,0.51,0.56,0.62,0.53,0.59,0.71,0.7,0.71,0.69,0.64,0.63,0.56,0.66,0.54,0.56,0.44,0.48,0.66,0.42,0.64,CM,MID,6
Joe Adams,CAM,England,0.6,0.72,0.55,0.57,0.62,0.46,0.64,0.73,0.72,0.72,0.69,0.6,0.54,0.67,0.7,0.67,0.48,0.39,0.45,0.44,0.52,0.58,CAM,MID,6
Gabriel Aguayo,RM,Paraguay,0.6,0.79,0.56,0.51,0.61,0.38,0.48,0.77,0.8,0.73,0.86,0.57,0.55,0.4,0.59,0.5,0.37,0.4,0.29,0.44,0.49,0.59,RM,MID,3
Lawrence Agyekum,CM,Ghana,0.6,0.76,0.49,0.55,0.7,0.51,0.39,0.8,0.72,0.78,0.79,0.66,0.59,0.33,0.49,0.43,0.57,0.51,0.45,0.57,0.39,0.52,CM,MID,3
Callum Ainley,CAM,England,0.6,0.69,0.54,0.57,0.64,0.54,0.44,0.7,0.68,0.9,0.88,0.59,0.57,0.47,0.37,0.49,0.54,0.53,0.55,0.56,0.45,0.58,CAM,MID,3
Mansour Al Bishi,CM,Saudi Arabia,0.6,0.66,0.48,0.57,0.63,0.48,0.68,0.68,0.64,0.68,0.68,0.64,0.56,0.62,0.79,0.62,0.51,0.45,0.47,0.53,0.36,0.5,CM,MID,2
Abdulrahman Al Dawsari,CM,Saudi Arabia,0.6,0.55,0.38,0.57,0.61,0.55,0.66,0.53,0.57,0.66,0.79,0.61,0.6,0.65,0.7,0.55,0.57,0.53,0.5,0.61,0.49,0.46,CM,MID,2
Hamed Al Ghamdi,CM,Saudi Arabia,0.6,0.68,0.58,0.59,0.68,0.5,0.41,0.69,0.67,0.85,0.92,0.66,0.54,0.33,0.61,0.5,0.55,0.52,0.48,0.47,0.46,0.61,CM,MID,3
Riyadh Al Ibrahim,CAM,Saudi Arabia,0.6,0.64,0.57,0.56,0.63,0.39,0.56,0.65,0.64,0.62,0.69,0.64,0.54,0.59,0.57,0.59,0.37,0.32,0.35,0.47,0.51,0.56,CAM,MID,3
Abdullah Al Joui,LM,Saudi Arabia,0.6,0.7,0.56,0.57,0.62,0.22,0.44,0.71,0.7,0.71,0.79,0.59,0.55,0.41,0.53,0.4,0.25,0.22,0.19,0.18,0.34,0.61,LM,MID,3
Saad Al Nasser,LM,Saudi Arabia,0.6,0.83,0.55,0.47,0.63,0.3,0.64,0.84,0.82,0.77,0.74,0.61,0.48,0.63,0.7,0.55,0.29,0.31,0.29,0.27,0.41,0.58,LM,MID,4
Fahad Al Rashidi,CDM,Saudi Arabia,0.6,0.57,0.52,0.6,0.59,0.56,0.63,0.59,0.55,0.61,0.62,0.62,0.54,0.68,0.63,0.57,0.58,0.55,0.57,0.59,0.46,0.59,CDM,MID,2
Nawaf Al Saadi,RM,Saudi Arabia,0.6,0.75,0.52,0.54,0.64,0.32,0.48,0.76,0.74,0.77,0.82,0.61,0.5,0.44,0.58,0.43,0.38,0.26,0.32,0.27,0.3,0.5,RM,MID,3
Khaled Al Subaie,CM,Saudi Arabia,0.6,0.73,0.55,0.61,0.59,0.52,0.63,0.74,0.73,0.7,0.78,0.59,0.56,0.57,0.76,0.59,0.56,0.57,0.48,0.55,0.45,0.54,CM,MID,6
Ali Al Zaqan,RM,Saudi Arabia,0.6,0.78,0.61,0.54,0.63,0.34,0.6,0.77,0.78,0.77,0.69,0.61,0.5,0.69,0.56,0.73,0.3,0.28,0.34,0.31,0.55,0.7,RM,MID,4
Ethan Alagich,CDM,Australia,0.6,0.66,0.49,0.57,0.59,0.55,0.63,0.65,0.67,0.69,0.69,0.57,0.59,0.62,0.66,0.58,0.58,0.59,0.51,0.56,0.47,0.57,CDM,MID,2
Scott Allardice,CDM,Scotland,0.6,0.38,0.56,0.59,0.56,0.56,0.57,0.4,0.37,0.55,0.61,0.61,0.54,0.57,0.62,0.53,0.57,0.54,0.55,0.58,0.57,0.65,CDM,MID,2
Ruben Alte,CM,Norway,0.6,0.65,0.49,0.59,0.61,0.55,0.57,0.63,0.66,0.64,0.78,0.61,0.55,0.54,0.6,0.58,0.6,0.53,0.53,0.51,0.57,0.57,CM,MID,2
Lorenzo Amatucci,CDM,Italy,0.6,0.56,0.46,0.6,0.63,0.55,0.5,0.62,0.51,0.69,0.78,0.64,0.58,0.42,0.52,0.46,0.59,0.56,0.51,0.55,0.52,0.57,CDM,MID,2
Kofi Jeremy Amoako,CDM,Germany,0.6,0.65,0.47,0.52,0.56,0.59,0.6,0.65,0.65,0.66,0.55,0.58,0.6,0.6,0.57,0.64,0.62,0.62,0.57,0.56,0.57,0.61,CDM,MID,2
Brian Andrada,LM,Argentina,0.6,0.83,0.56,0.52,0.65,0.23,0.4,0.81,0.85,0.9,0.93,0.6,0.55,0.31,0.59,0.53,0.22,0.17,0.2,0.16,0.53,0.6,LM,MID,4
Jude Arthurs,CM,England,0.6,0.71,0.55,0.61,0.61,0.49,0.55,0.68,0.73,0.77,0.79,0.6,0.59,0.51,0.73,0.47,0.54,0.47,0.47,0.51,0.41,0.65,CM,MID,6
Ossama Ashley,CDM,England,0.6,0.69,0.48,0.55,0.59,0.57,0.68,0.67,0.71,0.59,0.66,0.57,0.55,0.7,0.73,0.62,0.59,0.56,0.54,0.61,0.49,0.49,CDM,MID,2
Taha Ayari,LM,Sweden,0.6,0.75,0.54,0.54,0.65,0.27,0.39,0.76,0.74,0.83,0.78,0.63,0.48,0.35,0.52,0.42,0.29,0.33,0.25,0.19,0.38,0.48,LM,MID,3
Onurhan Babuşcu,CAM,Turkey,0.6,0.62,0.61,0.59,0.64,0.28,0.5,0.7,0.56,0.72,0.74,0.62,0.48,0.55,0.36,0.49,0.28,0.29,0.28,0.26,0.35,0.64,CAM,MID,3
Erick,CDM,Brazil,0.6,0.67,0.37,0.58,0.59,0.58,0.56,0.68,0.66,0.56,0.73,0.61,0.56,0.53,0.52,0.56,0.61,0.64,0.55,0.55,0.53,0.52,CDM,MID,2
Edvin Becirovic,LM,Sweden,0.6,0.71,0.56,0.53,0.62,0.27,0.57,0.73,0.69,0.73,0.68,0.6,0.52,0.55,0.56,0.59,0.25,0.26,0.25,0.25,0.48,0.58,LM,MID,3
Yassin Belkhdim,CM,France,0.6,0.51,0.44,0.61,0.61,0.59,0.51,0.55,0.48,0.61,0.68,0.65,0.6,0.53,0.34,0.52,0.63,0.62,0.56,0.6,0.54,0.54,CM,MID,2
Tom Berger,CM,Germany,0.6,0.62,0.47,0.57,0.61,0.57,0.68,0.61,0.63,0.69,0.64,0.6,0.63,0.71,0.63,0.68,0.58,0.59,0.57,0.56,0.55,0.57,CM,MID,2
Medon Berisha,CM,Albania,0.6,0.47,0.47,0.59,0.58,0.59,0.6,0.6,0.36,0.55,0.39,0.63,0.64,0.6,0.52,0.6,0.63,0.6,0.53,0.62,0.54,0.59,CM,MID,2
Gijs Besselink,CDM,Holland,0.6,0.65,0.51,0.55,0.59,0.56,0.58,0.65,0.65,0.63,0.69,0.63,0.56,0.58,0.54,0.62,0.59,0.62,0.53,0.55,0.56,0.69,CDM,MID,2
Bartosz Biedrzycki,LM,Poland,0.6,0.67,0.52,0.59,0.59,0.5,0.58,0.66,0.68,0.62,0.66,0.58,0.54,0.6,0.62,0.53,0.51,0.5,0.52,0.5,0.4,0.55,LM,MID,2
Alejandro Bran,CDM,Costa Rica,0.6,0.63,0.46,0.43,0.6,0.59,0.61,0.64,0.62,0.64,0.74,0.6,0.59,0.58,0.65,0.5,0.63,0.59,0.6,0.58,0.41,0.32,CDM,MID,2
Ethan Brierley,CM,England,0.6,0.67,0.46,0.58,0.63,0.53,0.55,0.68,0.67,0.74,0.83,0.6,0.58,0.51,0.66,0.48,0.53,0.51,0.54,0.56,0.44,0.52,CM,MID,2
Heine Gikling Bruseth,CM,Norway,0.6,0.68,0.47,0.57,0.62,0.52,0.55,0.69,0.68,0.74,0.77,0.61,0.56,0.54,0.59,0.48,0.55,0.48,0.53,0.55,0.4,0.42,CM,MID,2
Adrian Bukowski,CDM,Poland,0.6,0.53,0.38,0.53,0.56,0.57,0.65,0.55,0.52,0.55,0.56,0.59,0.58,0.69,0.61,0.63,0.59,0.61,0.55,0.56,0.55,0.48,CDM,MID,2
Cai Huikang,CDM,China PR,0.6,0.42,0.51,0.51,0.56,0.58,0.77,0.51,0.34,0.55,0.74,0.57,0.53,0.79,0.8,0.72,0.59,0.57,0.57,0.55,0.65,0.59,CDM,MID,0
Davis Camacho,CDM,Ecuador,0.6,0.69,0.49,0.55,0.58,0.61,0.57,0.67,0.7,0.66,0.59,0.58,0.51,0.51,0.65,0.61,0.65,0.54,0.64,0.55,0.61,0.53,CDM,MID,2
Milton Cantero,CM,Argentina,0.6,0.66,0.55,0.57,0.64,0.52,0.51,0.68,0.65,0.69,0.69,0.64,0.56,0.49,0.49,0.53,0.54,0.5,0.46,0.6,0.53,0.57,CM,MID,2
Carlo Casap,CM,Romania,0.6,0.68,0.58,0.63,0.62,0.47,0.6,0.69,0.68,0.69,0.71,0.61,0.58,0.63,0.55,0.6,0.48,0.44,0.44,0.51,0.49,0.57,CM,MID,2
Benjamín Chandía,LM,Chile,0.6,0.76,0.54,0.52,0.62,0.22,0.36,0.77,0.76,0.72,0.65,0.64,0.44,0.29,0.5,0.42,0.2,0.25,0.19,0.15,0.43,0.6,LM,MID,3
Ashley Charles,CDM,Grenada,0.6,0.74,0.47,0.55,0.56,0.57,0.67,0.75,0.73,0.68,0.69,0.56,0.55,0.63,0.73,0.63,0.59,0.58,0.56,0.59,0.46,0.58,CDM,MID,2
Kegs Chauke,CM,South Africa,0.6,0.72,0.52,0.57,0.63,0.55,0.62,0.75,0.7,0.73,0.75,0.61,0.58,0.59,0.69,0.6,0.59,0.55,0.53,0.55,0.46,0.59,CM,MID,6
Ivane Chegra,RM,Algeria,0.6,0.65,0.53,0.56,0.64,0.35,0.45,0.66,0.65,0.66,0.65,0.67,0.4,0.48,0.52,0.44,0.36,0.3,0.38,0.27,0.43,0.63,RM,MID,3
Chen Po Liang,CM,Chinese Taipei,0.6,0.73,0.59,0.61,0.63,0.41,0.59,0.71,0.74,0.74,0.66,0.65,0.61,0.6,0.67,0.53,0.43,0.36,0.44,0.43,0.3,0.68,CM,MID,4
Mohamed Cherif,CDM,Guinea,0.6,0.65,0.35,0.49,0.55,0.6,0.71,0.67,0.64,0.63,0.57,0.59,0.55,0.78,0.6,0.74,0.62,0.59,0.58,0.6,0.58,0.55,CDM,MID,2
Ange Chibozo,CAM,Benin,0.6,0.66,0.6,0.55,0.62,0.22,0.45,0.62,0.69,0.61,0.81,0.56,0.64,0.43,0.6,0.46,0.21,0.16,0.16,0.22,0.52,0.62,CAM,MID,3
Paweł Chrupałła,RM,Poland,0.6,0.65,0.54,0.57,0.6,0.5,0.67,0.62,0.67,0.66,0.62,0.61,0.57,0.74,0.61,0.63,0.52,0.51,0.49,0.5,0.49,0.58,RM,MID,2
Mika Clausen,CAM,Germany,0.6,0.69,0.52,0.55,0.64,0.51,0.48,0.7,0.68,0.72,0.77,0.62,0.57,0.51,0.43,0.46,0.55,0.47,0.55,0.51,0.34,0.55,CAM,MID,3
Seámus Conneely,CDM,Republic of Ireland,0.6,0.35,0.49,0.55,0.57,0.59,0.64,0.36,0.34,0.57,0.68,0.57,0.59,0.67,0.55,0.57,0.61,0.58,0.57,0.6,0.58,0.57,CDM,MID,2
Bambasé Conté,LM,Germany,0.6,0.66,0.58,0.56,0.64,0.29,0.46,0.64,0.67,0.75,0.74,0.62,0.45,0.52,0.41,0.46,0.35,0.28,0.22,0.23,0.41,0.63,LM,MID,3
Ali Coote,CAM,Scotland,0.6,0.73,0.59,0.57,0.63,0.39,0.46,0.74,0.73,0.79,0.79,0.63,0.5,0.41,0.6,0.44,0.41,0.43,0.41,0.27,0.44,0.67,CAM,MID,3
Luca de Meester,RM,Germany,0.6,0.64,0.49,0.54,0.64,0.42,0.5,0.66,0.63,0.85,0.78,0.62,0.61,0.48,0.6,0.49,0.45,0.41,0.39,0.42,0.47,0.53,RM,MID,3
Laurenz Dehl,CAM,Germany,0.6,0.61,0.54,0.58,0.62,0.46,0.54,0.69,0.54,0.68,0.72,0.62,0.49,0.57,0.53,0.56,0.48,0.44,0.5,0.37,0.47,0.52,CAM,MID,2
Ali Demirel,CAM,Turkey,0.6,0.66,0.52,0.56,0.69,0.39,0.5,0.68,0.64,0.67,0.72,0.69,0.55,0.5,0.53,0.47,0.35,0.44,0.45,0.31,0.41,0.63,CAM,MID,3
Justin Devenny,CM,Northern Ireland,0.6,0.64,0.58,0.6,0.59,0.56,0.65,0.6,0.67,0.59,0.62,0.61,0.61,0.65,0.64,0.61,0.59,0.62,0.48,0.6,0.54,0.67,CM,MID,2
Miguel Di Pizio,CAM,Australia,0.6,0.68,0.53,0.55,0.65,0.34,0.54,0.68,0.68,0.66,0.76,0.67,0.46,0.53,0.57,0.47,0.3,0.33,0.35,0.36,0.37,0.57,CAM,MID,3
Tidiane Diallo,LM,France,0.6,0.71,0.51,0.54,0.66,0.25,0.44,0.75,0.68,0.78,0.66,0.63,0.45,0.42,0.57,0.44,0.24,0.19,0.23,0.22,0.42,0.53,LM,MID,3
Sadou Diallo,CDM,England,0.6,0.53,0.49,0.55,0.6,0.57,0.65,0.54,0.53,0.64,0.51,0.61,0.59,0.77,0.45,0.62,0.61,0.55,0.55,0.6,0.47,0.61,CDM,MID,2
Bruno Diaz,CAM,Paraguay,0.6,0.63,0.57,0.61,0.61,0.32,0.46,0.61,0.64,0.62,0.64,0.6,0.48,0.41,0.6,0.37,0.33,0.35,0.36,0.2,0.42,0.55,CAM,MID,3
Ross Docherty,CDM,Scotland,0.6,0.56,0.48,0.52,0.56,0.6,0.59,0.54,0.57,0.61,0.64,0.59,0.59,0.61,0.53,0.57,0.62,0.59,0.6,0.61,0.52,0.55,CDM,MID,2
Dylan Duffy,LM,Republic of Ireland,0.6,0.72,0.52,0.53,0.6,0.44,0.58,0.74,0.71,0.65,0.62,0.61,0.53,0.59,0.61,0.64,0.41,0.42,0.45,0.44,0.53,0.51,LM,MID,2
Soufiane El-Faouzi,CAM,Germany,0.6,0.65,0.52,0.53,0.65,0.4,0.46,0.63,0.66,0.79,0.72,0.62,0.6,0.49,0.4,0.43,0.31,0.38,0.42,0.49,0.41,0.56,CAM,MID,3
Florian Engelhardt,CDM,Germany,0.6,0.67,0.41,0.53,0.62,0.61,0.5,0.67,0.67,0.76,0.75,0.58,0.64,0.49,0.45,0.56,0.63,0.57,0.59,0.63,0.58,0.44,CDM,MID,2
Ali Eren Ersungur,CAM,Turkey,0.6,0.67,0.56,0.6,0.63,0.36,0.56,0.64,0.69,0.62,0.67,0.63,0.56,0.59,0.6,0.62,0.38,0.35,0.33,0.28,0.57,0.6,CAM,MID,4
Gísli Eyjólfsson,CM,Iceland,0.6,0.63,0.51,0.55,0.61,0.51,0.61,0.6,0.65,0.59,0.64,0.62,0.6,0.62,0.62,0.61,0.57,0.55,0.44,0.51,0.54,0.52,CM,MID,2
Lamine Fanne Dabo,CDM,Spain,0.6,0.58,0.4,0.52,0.61,0.57,0.61,0.57,0.58,0.64,0.64,0.6,0.56,0.64,0.59,0.56,0.61,0.62,0.57,0.55,0.47,0.47,CDM,MID,2
Amar Ahmed Fatah,LM,Sweden,0.6,0.73,0.47,0.53,0.64,0.27,0.49,0.71,0.74,0.68,0.64,0.66,0.44,0.53,0.49,0.49,0.3,0.32,0.23,0.24,0.34,0.54,LM,MID,3
Feng Zhuoyi,CM,China PR,0.6,0.57,0.5,0.56,0.62,0.6,0.77,0.44,0.67,0.7,0.64,0.62,0.58,0.81,0.79,0.65,0.6,0.58,0.59,0.63,0.54,0.46,CM,MID,0
Marcelo Fernández,LM,Paraguay,0.6,0.7,0.6,0.51,0.64,0.19,0.51,0.73,0.68,0.64,0.7,0.63,0.52,0.54,0.55,0.59,0.1,0.18,0.19,0.17,0.5,0.58,LM,MID,3
Alin Fică,CM,Romania,0.6,0.68,0.52,0.59,0.61,0.46,0.56,0.69,0.67,0.68,0.71,0.62,0.64,0.52,0.6,0.48,0.48,0.43,0.43,0.5,0.42,0.51,CM,MID,2
Maximilian Fillafer,RM,Austria,0.6,0.69,0.57,0.57,0.6,0.45,0.6,0.68,0.7,0.67,0.59,0.61,0.46,0.63,0.58,0.63,0.48,0.46,0.39,0.44,0.52,0.6,RM,MID,2
Alex Franco,RM,Paraguay,0.6,0.77,0.49,0.55,0.63,0.39,0.51,0.78,0.77,0.73,0.68,0.6,0.46,0.56,0.58,0.54,0.47,0.39,0.39,0.31,0.3,0.51,RM,MID,3
Victor Froholdt,CM,Denmark,0.6,0.74,0.53,0.59,0.62,0.47,0.53,0.73,0.75,0.69,0.69,0.63,0.62,0.51,0.57,0.5,0.48,0.35,0.49,0.54,0.37,0.56,CM,MID,3
Marcel Gąsior,CDM,Poland,0.6,0.61,0.42,0.49,0.52,0.59,0.72,0.59,0.63,0.55,0.64,0.54,0.59,0.74,0.72,0.71,0.61,0.61,0.55,0.59,0.62,0.57,CDM,MID,2
Fryderyk Gerbowski,CM,Poland,0.6,0.65,0.44,0.54,0.59,0.59,0.7,0.66,0.64,0.53,0.66,0.62,0.56,0.68,0.75,0.63,0.6,0.58,0.58,0.61,0.51,0.57,CM,MID,2
Ciaran Gilligan,CM,Republic of Ireland,0.6,0.74,0.48,0.57,0.61,0.57,0.63,0.73,0.75,0.74,0.71,0.61,0.58,0.6,0.73,0.62,0.61,0.59,0.55,0.58,0.49,0.53,CM,MID,6
Jason Gnakpa,CDM,France,0.6,0.63,0.3,0.48,0.5,0.61,0.6,0.64,0.63,0.54,0.68,0.59,0.61,0.67,0.56,0.67,0.64,0.59,0.6,0.59,0.59,0.47,CDM,MID,2
Gu Bin,CM,China PR,0.6,0.57,0.5,0.58,0.63,0.43,0.55,0.65,0.51,0.61,0.8,0.61,0.64,0.59,0.73,0.5,0.4,0.23,0.46,0.53,0.38,0.48,CM,MID,2
Julian Halwachs,CDM,Austria,0.6,0.63,0.57,0.59,0.63,0.56,0.59,0.65,0.61,0.69,0.62,0.64,0.54,0.61,0.58,0.61,0.57,0.55,0.58,0.56,0.5,0.62,CDM,MID,2
Ezequiel Ham,CM,Syria,0.6,0.67,0.53,0.59,0.62,0.54,0.67,0.68,0.67,0.66,0.62,0.63,0.52,0.66,0.73,0.67,0.57,0.5,0.46,0.61,0.56,0.58,CM,MID,2
Abdulelah Hawsawi,CM,Saudi Arabia,0.6,0.68,0.46,0.56,0.69,0.52,0.65,0.66,0.69,0.81,0.82,0.68,0.58,0.69,0.66,0.56,0.56,0.51,0.5,0.54,0.41,0.47,CM,MID,6
Mateo Hernández,CM,Argentina,0.6,0.71,0.46,0.61,0.66,0.51,0.62,0.76,0.67,0.74,0.79,0.62,0.54,0.56,0.78,0.61,0.53,0.52,0.52,0.49,0.45,0.48,CM,MID,6
Alexander Hernández,CM,Uruguay,0.6,0.67,0.55,0.57,0.64,0.47,0.56,0.67,0.67,0.65,0.7,0.61,0.59,0.55,0.6,0.49,0.56,0.55,0.4,0.44,0.38,0.55,CM,MID,2
Jens Hjertø-Dahl,CM,Norway,0.6,0.5,0.54,0.58,0.59,0.59,0.64,0.46,0.53,0.33,0.32,0.66,0.58,0.74,0.53,0.66,0.58,0.57,0.6,0.58,0.6,0.6,CM,MID,0
Corey Hollman,CDM,Australia,0.6,0.71,0.5,0.58,0.63,0.53,0.6,0.69,0.73,0.63,0.68,0.64,0.52,0.56,0.76,0.57,0.58,0.54,0.51,0.51,0.49,0.49,CDM,MID,2
Hu Jiali,CDM,China PR,0.6,0.52,0.41,0.48,0.5,0.58,0.71,0.5,0.53,0.56,0.59,0.44,0.53,0.72,0.74,0.62,0.61,0.53,0.57,0.61,0.54,0.56,CDM,MID,2
Ashley Hunter,LM,England,0.6,0.76,0.56,0.57,0.63,0.47,0.5,0.78,0.75,0.83,0.75,0.58,0.55,0.51,0.49,0.59,0.47,0.44,0.48,0.44,0.49,0.6,LM,MID,4
Kyle Hurst,LM,England,0.6,0.77,0.53,0.53,0.62,0.29,0.51,0.79,0.76,0.76,0.72,0.59,0.56,0.49,0.69,0.5,0.28,0.33,0.32,0.23,0.35,0.55,LM,MID,3
Nathan Huygevelde,CM,Belgium,0.6,0.64,0.48,0.56,0.57,0.47,0.57,0.62,0.66,0.64,0.58,0.64,0.55,0.57,0.58,0.54,0.48,0.56,0.36,0.6,0.45,0.57,CM,MID,2
Luka Hyryläinen,CDM,Finland,0.6,0.55,0.43,0.57,0.58,0.57,0.66,0.57,0.54,0.53,0.37,0.64,0.59,0.78,0.45,0.74,0.6,0.58,0.52,0.54,0.65,0.55,CDM,MID,2
Mehmet Ibrahimi,CAM,Germany,0.6,0.68,0.5,0.55,0.67,0.3,0.36,0.71,0.66,0.7,0.67,0.67,0.48,0.35,0.41,0.4,0.38,0.26,0.25,0.22,0.39,0.52,CAM,MID,3
Stanis Idumbo,CAM,Belgium,0.6,0.72,0.61,0.56,0.62,0.27,0.64,0.68,0.75,0.67,0.71,0.61,0.55,0.71,0.67,0.73,0.15,0.12,0.36,0.2,0.6,0.6,CAM,MID,4
Baptiste Isola,CDM,France,0.6,0.62,0.38,0.54,0.55,0.58,0.62,0.63,0.61,0.54,0.67,0.58,0.55,0.62,0.66,0.61,0.6,0.58,0.57,0.59,0.54,0.49,CDM,MID,2
Imam Jagne,CM,Sweden,0.6,0.68,0.55,0.54,0.65,0.55,0.66,0.67,0.68,0.78,0.59,0.63,0.59,0.68,0.61,0.61,0.57,0.55,0.54,0.58,0.49,0.54,CM,MID,2
Andres Jasson,RM,United States,0.6,0.71,0.47,0.54,0.63,0.41,0.5,0.69,0.73,0.63,0.74,0.64,0.5,0.54,0.57,0.61,0.34,0.36,0.47,0.35,0.59,0.59,RM,MID,3
Jeon Jin Woo,LM,Korea Republic,0.6,0.78,0.56,0.53,0.62,0.33,0.53,0.79,0.78,0.76,0.64,0.54,0.6,0.58,0.53,0.58,0.29,0.26,0.32,0.38,0.42,0.59,LM,MID,4
Jeong Ji Yong,LM,Korea Republic,0.6,0.76,0.55,0.45,0.63,0.28,0.67,0.79,0.73,0.69,0.63,0.62,0.59,0.72,0.71,0.66,0.28,0.22,0.28,0.23,0.42,0.58,LM,MID,4
Ji Eon Hak,CAM,Korea Republic,0.6,0.73,0.57,0.57,0.64,0.38,0.59,0.73,0.73,0.72,0.66,0.63,0.55,0.59,0.7,0.56,0.35,0.33,0.46,0.3,0.43,0.63,CAM,MID,4
Janis Juckel,CM,Germany,0.6,0.64,0.47,0.59,0.61,0.53,0.6,0.67,0.61,0.6,0.66,0.62,0.59,0.61,0.56,0.59,0.55,0.53,0.54,0.52,0.49,0.55,CM,MID,2
Junior Zé,LM,Switzerland,0.6,0.79,0.48,0.5,0.68,0.26,0.52,0.8,0.79,0.77,0.73,0.65,0.5,0.55,0.57,0.56,0.25,0.24,0.26,0.22,0.37,0.58,LM,MID,4
Ali Kabacalman,CDM,Switzerland,0.6,0.53,0.49,0.52,0.54,0.58,0.57,0.54,0.52,0.69,0.74,0.57,0.58,0.47,0.79,0.47,0.54,0.57,0.64,0.59,0.52,0.49,CDM,MID,2
Berat Kalkan,LM,North Macedonia,0.6,0.84,0.54,0.5,0.64,0.31,0.38,0.85,0.83,0.71,0.83,0.6,0.58,0.37,0.46,0.48,0.35,0.27,0.31,0.21,0.44,0.61,LM,MID,3
Jimmy Kaparos,CDM,Holland,0.6,0.64,0.43,0.56,0.59,0.56,0.67,0.62,0.65,0.56,0.56,0.63,0.54,0.74,0.55,0.7,0.61,0.6,0.51,0.55,0.57,0.58,CDM,MID,2
Daniel Kelly,RM,Republic of Ireland,0.6,0.78,0.51,0.52,0.61,0.4,0.46,0.75,0.8,0.62,0.53,0.62,0.56,0.44,0.45,0.52,0.35,0.31,0.42,0.45,0.52,0.55,RM,MID,3
Yunus Emre Konak,CDM,Turkey,0.6,0.6,0.43,0.55,0.54,0.57,0.56,0.6,0.6,0.51,0.65,0.56,0.58,0.51,0.6,0.53,0.56,0.6,0.56,0.62,0.51,0.51,CDM,MID,2
Koo Ja Cheol,CM,Korea Republic,0.6,0.49,0.58,0.63,0.61,0.53,0.56,0.58,0.42,0.53,0.72,0.67,0.59,0.63,0.34,0.62,0.51,0.48,0.52,0.56,0.56,0.59,CM,MID,2
Henri Koudossou,RM,Germany,0.6,0.62,0.5,0.61,0.56,0.48,0.59,0.58,0.65,0.5,0.64,0.55,0.63,0.57,0.54,0.53,0.48,0.43,0.49,0.48,0.48,0.62,RM,MID,2
Kalifa Kujabi,CM,Gambia,0.6,0.65,0.5,0.62,0.54,0.53,0.59,0.68,0.62,0.6,0.59,0.55,0.58,0.53,0.65,0.62,0.56,0.54,0.48,0.49,0.61,0.66,CM,MID,2
Dave Kwakman,CM,Holland,0.6,0.77,0.52,0.56,0.65,0.57,0.6,0.76,0.77,0.71,0.69,0.65,0.59,0.6,0.61,0.67,0.57,0.59,0.58,0.56,0.52,0.62,CM,MID,6
Kian Leavy,CAM,Republic of Ireland,0.6,0.67,0.52,0.59,0.64,0.51,0.57,0.69,0.66,0.68,0.69,0.61,0.53,0.54,0.68,0.54,0.55,0.5,0.47,0.5,0.49,0.56,CAM,MID,2
Marcus Linday,CM,Sweden,0.6,0.6,0.54,0.53,0.6,0.48,0.61,0.62,0.58,0.66,0.68,0.6,0.58,0.56,0.77,0.49,0.56,0.52,0.36,0.57,0.42,0.58,CM,MID,2
Lorenzo Lonardi,CM,Italy,0.6,0.62,0.49,0.57,0.56,0.58,0.71,0.62,0.62,0.54,0.55,0.62,0.51,0.72,0.69,0.72,0.63,0.58,0.52,0.57,0.63,0.68,CM,MID,2
Alessandro Lopane,CM,Australia,0.6,0.69,0.52,0.57,0.65,0.49,0.56,0.72,0.66,0.83,0.78,0.63,0.61,0.5,0.66,0.54,0.53,0.48,0.47,0.49,0.45,0.55,CM,MID,6
Matty Lund,CM,Northern Ireland,0.6,0.51,0.58,0.59,0.6,0.59,0.69,0.52,0.51,0.61,0.66,0.6,0.6,0.71,0.64,0.69,0.6,0.58,0.56,0.58,0.64,0.63,CM,MID,0
JJ Lunney,CM,Republic of Ireland,0.6,0.57,0.55,0.57,0.6,0.57,0.68,0.62,0.52,0.66,0.68,0.6,0.58,0.65,0.83,0.61,0.58,0.54,0.58,0.57,0.5,0.61,CM,MID,2
Othmane Maamma,RM,Morocco,0.6,0.68,0.57,0.52,0.63,0.29,0.65,0.66,0.7,0.62,0.63,0.65,0.51,0.78,0.63,0.7,0.29,0.23,0.24,0.26,0.52,0.61,RM,MID,4
Elias Maluvunu,RM,Switzerland,0.6,0.67,0.52,0.55,0.58,0.41,0.58,0.65,0.68,0.59,0.61,0.6,0.62,0.59,0.58,0.59,0.4,0.52,0.37,0.37,0.51,0.53,RM,MID,2
Max Marie,CAM,Germany,0.6,0.69,0.55,0.6,0.63,0.33,0.53,0.68,0.7,0.71,0.73,0.61,0.58,0.54,0.63,0.49,0.32,0.3,0.39,0.21,0.42,0.59,CAM,MID,3
Keres Masangu,CDM,Belgium,0.6,0.65,0.41,0.52,0.57,0.59,0.67,0.63,0.67,0.62,0.58,0.61,0.43,0.68,0.64,0.69,0.61,0.59,0.57,0.58,0.61,0.54,CDM,MID,2
Iba May,CDM,Germany,0.6,0.63,0.48,0.53,0.59,0.58,0.68,0.62,0.63,0.59,0.62,0.61,0.55,0.73,0.56,0.66,0.61,0.62,0.57,0.57,0.51,0.61,CDM,MID,2
Adam McDonnell,CDM,Republic of Ireland,0.6,0.54,0.52,0.59,0.58,0.54,0.66,0.54,0.54,0.7,0.61,0.59,0.56,0.66,0.73,0.58,0.55,0.54,0.53,0.55,0.5,0.54,CDM,MID,2
Oisín McEntee,CDM,Republic of Ireland,0.6,0.59,0.44,0.53,0.55,0.58,0.71,0.55,0.62,0.46,0.54,0.57,0.57,0.76,0.73,0.7,0.6,0.57,0.57,0.58,0.58,0.54,CDM,MID,2
Sean McGurk,CAM,England,0.6,0.71,0.59,0.58,0.61,0.43,0.53,0.73,0.7,0.7,0.58,0.61,0.63,0.55,0.55,0.59,0.47,0.45,0.41,0.34,0.49,0.59,CAM,MID,4
James McManus,CDM,Republic of Ireland,0.6,0.67,0.48,0.55,0.58,0.56,0.62,0.65,0.68,0.53,0.77,0.58,0.54,0.6,0.66,0.6,0.54,0.52,0.6,0.57,0.5,0.53,CDM,MID,2
Marco Meli,CAM,Italy,0.6,0.58,0.61,0.57,0.65,0.37,0.44,0.63,0.54,0.64,0.58,0.67,0.47,0.45,0.52,0.43,0.34,0.33,0.47,0.23,0.43,0.69,CAM,MID,3
Tomás Mendes,CM,Spain,0.6,0.63,0.54,0.54,0.59,0.5,0.58,0.64,0.62,0.56,0.6,0.61,0.62,0.63,0.53,0.53,0.59,0.45,0.4,0.6,0.41,0.56,CM,MID,2
Chris Merrie,CM,England,0.6,0.64,0.53,0.57,0.59,0.58,0.66,0.64,0.64,0.58,0.72,0.6,0.6,0.65,0.7,0.59,0.6,0.57,0.58,0.61,0.47,0.55,CM,MID,2
Loris Mettler,CM,Switzerland,0.6,0.59,0.54,0.58,0.62,0.51,0.46,0.6,0.58,0.59,0.78,0.6,0.58,0.44,0.56,0.38,0.55,0.42,0.51,0.54,0.43,0.58,CM,MID,2
Leandro Meza,CM,Paraguay,0.6,0.66,0.49,0.55,0.6,0.53,0.66,0.67,0.65,0.6,0.64,0.64,0.48,0.69,0.71,0.65,0.64,0.57,0.4,0.54,0.53,0.54,CM,MID,2
Nicolás Meza,CM,Chile,0.6,0.65,0.44,0.55,0.63,0.55,0.64,0.66,0.64,0.62,0.74,0.65,0.55,0.64,0.72,0.53,0.61,0.58,0.54,0.57,0.37,0.47,CM,MID,2
Bader Monshi,CDM,Saudi Arabia,0.6,0.62,0.44,0.55,0.61,0.57,0.6,0.54,0.68,0.57,0.7,0.63,0.53,0.62,0.56,0.63,0.63,0.61,0.53,0.56,0.46,0.46,CDM,MID,2
Axel Montaña,CAM,Uruguay,0.6,0.7,0.54,0.56,0.65,0.5,0.53,0.67,0.72,0.67,0.78,0.63,0.51,0.56,0.57,0.5,0.54,0.55,0.55,0.37,0.4,0.45,CAM,MID,2
Alan Morinigo,LM,Argentina,0.6,0.63,0.51,0.62,0.63,0.5,0.49,0.66,0.61,0.65,0.8,0.63,0.59,0.5,0.46,0.58,0.59,0.59,0.45,0.36,0.57,0.6,LM,MID,2
Sander Risan Mørk,CM,Norway,0.6,0.65,0.51,0.61,0.61,0.54,0.61,0.67,0.64,0.57,0.63,0.64,0.55,0.68,0.59,0.63,0.55,0.5,0.56,0.51,0.5,0.56,CM,MID,2
Josh Mulligan,CM,Scotland,0.6,0.81,0.57,0.54,0.66,0.57,0.65,0.78,0.83,0.77,0.69,0.65,0.65,0.63,0.7,0.72,0.61,0.58,0.56,0.52,0.56,0.65,CM,MID,6
Leonhard Münst,CM,Germany,0.6,0.56,0.52,0.61,0.6,0.54,0.57,0.55,0.56,0.55,0.64,0.6,0.63,0.61,0.52,0.61,0.55,0.51,0.51,0.56,0.57,0.64,CM,MID,2
Adam Murphy,CM,Republic of Ireland,0.6,0.71,0.54,0.58,0.63,0.52,0.64,0.73,0.7,0.75,0.64,0.63,0.61,0.64,0.67,0.64,0.54,0.51,0.5,0.54,0.49,0.56,CM,MID,6
Fraser Murray,LM,Scotland,0.6,0.68,0.57,0.59,0.6,0.5,0.5,0.67,0.68,0.75,0.73,0.59,0.58,0.48,0.63,0.43,0.5,0.5,0.52,0.56,0.36,0.58,LM,MID,3
Ilyes Najim,LM,France,0.6,0.77,0.56,0.58,0.63,0.31,0.39,0.76,0.78,0.77,0.82,0.6,0.43,0.36,0.51,0.44,0.43,0.38,0.18,0.24,0.42,0.57,LM,MID,3
Nan Song,RM,China PR,0.6,0.61,0.49,0.57,0.59,0.4,0.55,0.6,0.61,0.65,0.82,0.56,0.53,0.41,0.86,0.38,0.4,0.36,0.35,0.48,0.44,0.55,RM,MID,3
Noah Nartey,CM,Denmark,0.6,0.66,0.52,0.57,0.61,0.47,0.57,0.66,0.66,0.54,0.65,0.64,0.62,0.55,0.61,0.51,0.49,0.47,0.43,0.54,0.43,0.57,CM,MID,2
Ionuț Neagu,CDM,Romania,0.6,0.52,0.56,0.57,0.58,0.59,0.61,0.51,0.53,0.64,0.67,0.59,0.59,0.61,0.57,0.62,0.6,0.58,0.58,0.57,0.62,0.66,CDM,MID,2
Josh Neufville,LM,England,0.6,0.78,0.55,0.49,0.6,0.21,0.59,0.75,0.81,0.74,0.64,0.58,0.56,0.66,0.64,0.68,0.16,0.13,0.22,0.16,0.54,0.54,LM,MID,4
Patrick Nuamah,CM,Italy,0.6,0.79,0.57,0.62,0.63,0.56,0.62,0.79,0.79,0.7,0.72,0.62,0.59,0.63,0.56,0.72,0.57,0.56,0.56,0.56,0.56,0.67,CM,MID,6
John O'Sullivan,RM,Republic of Ireland,0.6,0.67,0.57,0.56,0.58,0.53,0.65,0.66,0.67,0.63,0.42,0.59,0.58,0.66,0.63,0.66,0.51,0.52,0.52,0.55,0.55,0.61,RM,MID,2
Jonas Oehmichen,CAM,Germany,0.6,0.68,0.44,0.58,0.64,0.38,0.47,0.69,0.67,0.76,0.74,0.64,0.57,0.44,0.55,0.4,0.38,0.35,0.4,0.35,0.39,0.45,CAM,MID,3
Oh In Pyo,RM,Korea Republic,0.6,0.66,0.56,0.52,0.62,0.35,0.58,0.68,0.65,0.67,0.77,0.59,0.57,0.57,0.69,0.6,0.34,0.31,0.32,0.34,0.53,0.6,RM,MID,4
Giacomo Olzer,CAM,Italy,0.6,0.63,0.57,0.59,0.62,0.34,0.62,0.64,0.62,0.69,0.62,0.63,0.62,0.72,0.52,0.66,0.34,0.34,0.29,0.31,0.5,0.68,CAM,MID,4
Leon Opitz,LM,Germany,0.6,0.67,0.57,0.54,0.6,0.34,0.54,0.73,0.62,0.66,0.66,0.6,0.56,0.58,0.58,0.54,0.46,0.35,0.22,0.3,0.37,0.58,LM,MID,3
Ignacio Pacheco,CDM,Chile,0.6,0.59,0.34,0.53,0.56,0.54,0.63,0.58,0.59,0.55,0.75,0.56,0.56,0.64,0.68,0.51,0.58,0.55,0.53,0.56,0.4,0.44,CDM,MID,2
Kevor Palumets,CM,Estonia,0.6,0.65,0.53,0.59,0.61,0.53,0.67,0.63,0.67,0.64,0.62,0.63,0.57,0.68,0.7,0.69,0.52,0.44,0.54,0.55,0.62,0.58,CM,MID,2
Mats Pannewig,CM,Germany,0.6,0.48,0.53,0.57,0.61,0.52,0.68,0.55,0.42,0.47,0.35,0.67,0.52,0.72,0.65,0.63,0.48,0.59,0.52,0.52,0.52,0.62,CM,MID,2
Felix Paschke,CM,Germany,0.6,0.62,0.43,0.58,0.65,0.45,0.56,0.66,0.59,0.75,0.71,0.66,0.59,0.56,0.67,0.56,0.41,0.46,0.46,0.49,0.49,0.46,CM,MID,2
Sebastian Pasquali,CM,Australia,0.6,0.51,0.5,0.61,0.63,0.55,0.56,0.59,0.45,0.65,0.6,0.68,0.52,0.57,0.55,0.53,0.56,0.52,0.6,0.5,0.46,0.47,CM,MID,2
Mateo Peralta,CM,Uruguay,0.6,0.66,0.61,0.61,0.64,0.47,0.58,0.64,0.67,0.68,0.68,0.64,0.58,0.63,0.55,0.54,0.55,0.54,0.4,0.42,0.44,0.69,CM,MID,2
Marco Perchtold,CDM,Austria,0.6,0.52,0.61,0.55,0.54,0.6,0.63,0.55,0.5,0.36,0.65,0.58,0.57,0.67,0.63,0.63,0.63,0.57,0.61,0.56,0.58,0.86,CDM,MID,0
Simon Power,RM,Republic of Ireland,0.6,0.87,0.5,0.53,0.61,0.29,0.44,0.86,0.87,0.72,0.72,0.56,0.55,0.44,0.54,0.49,0.29,0.2,0.32,0.24,0.38,0.53,RM,MID,3
Ralph Priso,CDM,Canada,0.6,0.63,0.39,0.52,0.57,0.59,0.64,0.65,0.62,0.71,0.8,0.56,0.47,0.69,0.55,0.64,0.61,0.56,0.6,0.6,0.54,0.5,CDM,MID,2
Jeffry Puriël,LM,Holland,0.6,0.67,0.58,0.57,0.61,0.31,0.58,0.65,0.68,0.65,0.51,0.64,0.47,0.68,0.51,0.7,0.28,0.26,0.28,0.28,0.62,0.66,LM,MID,4
Asish Rai,RM,India,0.6,0.72,0.42,0.54,0.6,0.55,0.64,0.71,0.73,0.67,0.61,0.6,0.54,0.58,0.81,0.63,0.57,0.55,0.56,0.56,0.4,0.47,RM,MID,2
Hugo Redón,CM,Spain,0.6,0.61,0.5,0.62,0.63,0.47,0.49,0.64,0.59,0.67,0.69,0.65,0.61,0.48,0.54,0.48,0.52,0.48,0.45,0.42,0.46,0.56,CM,MID,2
Charlie Reilly,LM,Scotland,0.6,0.8,0.62,0.53,0.62,0.31,0.52,0.84,0.77,0.74,0.79,0.61,0.52,0.57,0.48,0.61,0.31,0.23,0.27,0.34,0.44,0.64,LM,MID,4
Axl Ríos,CDM,Chile,0.6,0.59,0.44,0.53,0.56,0.57,0.63,0.56,0.61,0.55,0.6,0.56,0.55,0.62,0.65,0.55,0.6,0.55,0.58,0.56,0.48,0.56,CDM,MID,2
Sascha Risch,LM,Germany,0.6,0.7,0.4,0.58,0.63,0.53,0.55,0.74,0.66,0.82,0.77,0.62,0.48,0.49,0.64,0.48,0.58,0.61,0.49,0.53,0.39,0.4,LM,MID,2
Paulo Riveros,CAM,Paraguay,0.6,0.6,0.56,0.59,0.62,0.42,0.59,0.57,0.63,0.6,0.6,0.65,0.5,0.58,0.62,0.55,0.38,0.4,0.4,0.46,0.5,0.58,CAM,MID,2
Andrea Rizzo Pinna,CM,Italy,0.6,0.65,0.47,0.59,0.62,0.55,0.54,0.64,0.65,0.62,0.78,0.65,0.59,0.53,0.55,0.52,0.6,0.51,0.54,0.56,0.48,0.58,CM,MID,2
Finlay Robertson,CM,Scotland,0.6,0.69,0.54,0.58,0.64,0.52,0.45,0.67,0.7,0.72,0.77,0.65,0.63,0.42,0.45,0.4,0.54,0.49,0.53,0.55,0.42,0.61,CM,MID,3
Jack Roles,CM,Cyprus,0.6,0.67,0.59,0.62,0.63,0.56,0.45,0.68,0.67,0.69,0.71,0.62,0.59,0.47,0.4,0.44,0.57,0.55,0.59,0.58,0.4,0.64,CM,MID,2
Gastón Romano,CM,Argentina,0.6,0.66,0.54,0.63,0.61,0.51,0.58,0.64,0.68,0.6,0.66,0.6,0.55,0.56,0.63,0.57,0.54,0.51,0.49,0.48,0.5,0.56,CM,MID,2
Liam Rose,CDM,Australia,0.6,0.71,0.47,0.54,0.59,0.56,0.68,0.71,0.71,0.74,0.76,0.57,0.59,0.64,0.72,0.65,0.57,0.54,0.57,0.57,0.5,0.56,CDM,MID,2
Oliver Ross,CAM,Denmark,0.6,0.69,0.6,0.54,0.65,0.3,0.57,0.67,0.7,0.64,0.62,0.66,0.57,0.66,0.58,0.6,0.26,0.24,0.29,0.3,0.49,0.65,CAM,MID,4
Tivonge Rushesha,CDM,Zimbabwe,0.6,0.77,0.46,0.57,0.67,0.58,0.54,0.78,0.76,0.85,0.91,0.63,0.55,0.46,0.6,0.59,0.63,0.59,0.54,0.56,0.54,0.59,CDM,MID,6
Juan Salcedo,CM,Paraguay,0.6,0.62,0.4,0.57,0.6,0.55,0.6,0.59,0.64,0.61,0.65,0.62,0.57,0.6,0.63,0.62,0.6,0.55,0.49,0.53,0.58,0.55,CM,MID,2
Adam Saldaña,CDM,United States,0.6,0.54,0.47,0.56,0.61,0.57,0.65,0.55,0.54,0.75,0.71,0.6,0.56,0.67,0.61,0.56,0.58,0.55,0.6,0.55,0.46,0.55,CDM,MID,2
Mathias Dahl Sauer,CM,Denmark,0.6,0.71,0.56,0.57,0.67,0.58,0.55,0.72,0.71,0.72,0.79,0.66,0.6,0.58,0.45,0.66,0.58,0.56,0.59,0.58,0.55,0.55,CM,MID,6
Mathieu Scalet,CDM,France,0.6,0.63,0.53,0.55,0.57,0.54,0.69,0.63,0.63,0.58,0.59,0.57,0.57,0.63,0.86,0.64,0.57,0.51,0.51,0.55,0.56,0.61,CDM,MID,2
Thorsten Schriebl,CM,Austria,0.6,0.64,0.57,0.56,0.61,0.48,0.55,0.6,0.68,0.6,0.7,0.63,0.61,0.49,0.66,0.47,0.57,0.49,0.32,0.6,0.48,0.57,CM,MID,2
Dante Sealy,LM,United States,0.6,0.8,0.56,0.51,0.63,0.19,0.42,0.84,0.77,0.71,0.74,0.63,0.56,0.42,0.52,0.53,0.16,0.15,0.18,0.15,0.46,0.56,LM,MID,3
Djiby Seck,LM,Senegal,0.6,0.72,0.54,0.53,0.65,0.24,0.52,0.7,0.73,0.73,0.7,0.69,0.41,0.58,0.57,0.53,0.25,0.21,0.21,0.18,0.43,0.58,LM,MID,3
Simon Seidl,CM,Austria,0.6,0.66,0.55,0.57,0.61,0.49,0.51,0.64,0.67,0.6,0.75,0.63,0.56,0.53,0.39,0.54,0.58,0.53,0.41,0.47,0.5,0.54,CM,MID,2
Shi Liang,CDM,China PR,0.6,0.55,0.51,0.53,0.6,0.57,0.65,0.58,0.52,0.67,0.71,0.6,0.58,0.62,0.72,0.62,0.57,0.52,0.56,0.61,0.55,0.52,CDM,MID,2
Shin Chang Moo,LM,Korea Republic,0.6,0.64,0.56,0.57,0.62,0.43,0.59,0.64,0.64,0.72,0.86,0.62,0.58,0.52,0.73,0.46,0.36,0.35,0.45,0.56,0.41,0.57,LM,MID,3
Jordan Slew,LM,England,0.6,0.68,0.58,0.52,0.59,0.26,0.65,0.67,0.69,0.66,0.51,0.58,0.61,0.75,0.59,0.71,0.22,0.22,0.21,0.25,0.56,0.58,LM,MID,4
Scott Smith,CM,Wales,0.6,0.61,0.5,0.58,0.6,0.58,0.62,0.62,0.61,0.6,0.83,0.6,0.6,0.62,0.65,0.57,0.6,0.58,0.58,0.58,0.47,0.55,CM,MID,2
Oisin Smyth,CAM,Northern Ireland,0.6,0.65,0.55,0.58,0.62,0.56,0.6,0.63,0.67,0.71,0.73,0.6,0.6,0.64,0.56,0.57,0.54,0.54,0.6,0.6,0.45,0.58,CAM,MID,2
Birnir Snær Ingason,LM,Iceland,0.6,0.69,0.54,0.53,0.59,0.27,0.61,0.68,0.69,0.6,0.55,0.61,0.59,0.66,0.56,0.64,0.24,0.29,0.26,0.2,0.52,0.56,LM,MID,3
Yann Songo'o,CDM,Cameroon,0.6,0.51,0.38,0.51,0.53,0.58,0.77,0.52,0.5,0.6,0.58,0.52,0.59,0.81,0.77,0.7,0.59,0.57,0.58,0.59,0.56,0.52,CDM,MID,2
Aleksandar Stanković,CDM,Serbia,0.6,0.65,0.33,0.52,0.5,0.57,0.58,0.66,0.64,0.53,0.5,0.58,0.62,0.6,0.48,0.54,0.58,0.58,0.59,0.6,0.44,0.44,CDM,MID,2
Harry Steele,CM,Australia,0.6,0.65,0.45,0.58,0.57,0.54,0.61,0.67,0.64,0.63,0.69,0.59,0.63,0.56,0.66,0.56,0.56,0.51,0.52,0.59,0.49,0.52,CM,MID,2
Joel Tabiner,CM,England,0.6,0.71,0.52,0.6,0.64,0.47,0.6,0.72,0.71,0.77,0.73,0.63,0.53,0.58,0.71,0.54,0.52,0.5,0.44,0.44,0.4,0.51,CM,MID,6
Ilias Takidine,RM,Belgium,0.6,0.73,0.49,0.55,0.67,0.23,0.32,0.76,0.71,0.83,0.82,0.65,0.47,0.32,0.35,0.5,0.24,0.22,0.22,0.18,0.37,0.45,RM,MID,3
Ignacio Tapia,CAM,Argentina,0.6,0.57,0.54,0.64,0.63,0.44,0.54,0.62,0.52,0.64,0.8,0.65,0.53,0.64,0.37,0.61,0.51,0.52,0.44,0.28,0.5,0.63,CAM,MID,2
Dragoș Tescan,RM,Romania,0.6,0.73,0.49,0.54,0.61,0.26,0.5,0.72,0.73,0.67,0.71,0.61,0.58,0.53,0.55,0.49,0.3,0.32,0.22,0.19,0.34,0.52,RM,MID,3
Tian Yinong,CDM,China PR,0.6,0.68,0.31,0.5,0.57,0.55,0.72,0.66,0.69,0.69,0.65,0.59,0.57,0.73,0.82,0.71,0.58,0.55,0.52,0.55,0.58,0.56,CDM,MID,2
Félix Tomi,RM,France,0.6,0.68,0.55,0.56,0.61,0.5,0.55,0.7,0.66,0.63,0.72,0.59,0.52,0.5,0.61,0.53,0.51,0.49,0.48,0.52,0.49,0.6,RM,MID,2
Richie Towell,CM,Republic of Ireland,0.6,0.52,0.58,0.63,0.62,0.58,0.59,0.52,0.52,0.73,0.75,0.6,0.62,0.67,0.34,0.55,0.62,0.59,0.57,0.6,0.47,0.63,CM,MID,2
Cem Üstündag,CDM,Austria,0.6,0.68,0.49,0.57,0.65,0.55,0.45,0.71,0.66,0.75,0.86,0.68,0.58,0.32,0.57,0.5,0.6,0.57,0.48,0.57,0.55,0.56,CDM,MID,6
Emiliano Vidart,CDM,Uruguay,0.6,0.62,0.59,0.61,0.57,0.6,0.55,0.64,0.6,0.61,0.59,0.58,0.48,0.59,0.64,0.55,0.68,0.62,0.5,0.68,0.47,0.58,CDM,MID,2
Daouda Weidmann,CM,France,0.6,0.74,0.51,0.58,0.64,0.5,0.49,0.73,0.74,0.72,0.58,0.66,0.54,0.49,0.59,0.56,0.49,0.55,0.49,0.47,0.52,0.62,CM,MID,2
Melker Widell,CM,Sweden,0.6,0.69,0.55,0.57,0.6,0.51,0.63,0.66,0.72,0.68,0.66,0.63,0.6,0.54,0.75,0.56,0.52,0.5,0.51,0.51,0.52,0.61,CM,MID,2
Aaron Wildig,CM,England,0.6,0.55,0.57,0.59,0.61,0.54,0.6,0.59,0.51,0.75,0.75,0.6,0.59,0.62,0.73,0.61,0.58,0.55,0.53,0.52,0.43,0.61,CM,MID,2
Arkadiusz Woźniak,CM,Poland,0.6,0.63,0.6,0.6,0.63,0.58,0.63,0.61,0.65,0.72,0.71,0.6,0.63,0.65,0.62,0.69,0.57,0.54,0.57,0.58,0.68,0.65,CM,MID,6
Yin Hongbo,RM,China PR,0.6,0.61,0.53,0.6,0.6,0.52,0.6,0.6,0.62,0.66,0.69,0.6,0.56,0.57,0.66,0.54,0.5,0.46,0.57,0.52,0.47,0.52,RM,MID,2
Saud Zaidan,CM,Saudi Arabia,0.6,0.69,0.43,0.59,0.65,0.56,0.63,0.7,0.69,0.74,0.83,0.65,0.54,0.61,0.7,0.64,0.57,0.53,0.58,0.61,0.42,0.52,CM,MID,6
Zhang Xiuwei,CM,China PR,0.6,0.8,0.44,0.48,0.67,0.6,0.56,0.81,0.8,0.83,0.75,0.66,0.69,0.4,0.81,0.59,0.64,0.57,0.57,0.6,0.57,0.37,CM,MID,6
Zheng Long,RM,China PR,0.6,0.66,0.55,0.61,0.59,0.48,0.6,0.64,0.68,0.64,0.7,0.59,0.56,0.62,0.55,0.58,0.42,0.37,0.53,0.54,0.47,0.56,RM,MID,2
Joackim Åberg,CDM,Sweden,0.59,0.53,0.47,0.53,0.56,0.55,0.66,0.52,0.54,0.52,0.56,0.58,0.54,0.71,0.64,0.64,0.56,0.54,0.57,0.53,0.55,0.56,CDM,MID,2
Abdulhadi Al Harajin,LM,Saudi Arabia,0.59,0.7,0.53,0.55,0.61,0.25,0.44,0.71,0.7,0.7,0.83,0.58,0.53,0.38,0.56,0.4,0.22,0.24,0.29,0.18,0.37,0.5,LM,MID,3
Nawaf Al Harthi,CM,Saudi Arabia,0.59,0.7,0.44,0.59,0.63,0.48,0.56,0.73,0.67,0.74,0.78,0.63,0.59,0.52,0.73,0.55,0.5,0.41,0.47,0.53,0.46,0.44,CM,MID,2
Awadh Al Nashri,CDM,Saudi Arabia,0.59,0.51,0.31,0.48,0.5,0.58,0.66,0.49,0.53,0.54,0.66,0.51,0.53,0.65,0.66,0.53,0.62,0.57,0.59,0.58,0.46,0.43,CDM,MID,2
Fawaz Al Tryes,LM,Saudi Arabia,0.59,0.75,0.46,0.51,0.63,0.32,0.4,0.77,0.73,0.8,0.82,0.62,0.5,0.37,0.51,0.48,0.23,0.25,0.44,0.23,0.45,0.45,LM,MID,3
Fredderick Alfonso,CM,Paraguay,0.59,0.65,0.42,0.57,0.57,0.51,0.53,0.61,0.68,0.55,0.75,0.6,0.55,0.5,0.56,0.5,0.6,0.51,0.37,0.61,0.48,0.48,CM,MID,2
Nicolás Arévalo,CM,Colombia,0.59,0.68,0.47,0.55,0.54,0.47,0.51,0.67,0.68,0.5,0.74,0.6,0.63,0.45,0.62,0.47,0.55,0.47,0.32,0.56,0.45,0.46,CM,MID,2
Haitham Asiri,LM,Saudi Arabia,0.59,0.8,0.52,0.49,0.6,0.24,0.63,0.78,0.81,0.67,0.71,0.55,0.51,0.59,0.63,0.69,0.22,0.22,0.21,0.17,0.56,0.51,LM,MID,4
Josh Austerfield,CM,England,0.59,0.67,0.45,0.55,0.57,0.56,0.55,0.68,0.67,0.71,0.69,0.56,0.58,0.48,0.72,0.52,0.6,0.56,0.53,0.55,0.52,0.42,CM,MID,2
Sam Austin,CM,England,0.59,0.74,0.57,0.58,0.61,0.49,0.61,0.73,0.75,0.71,0.66,0.59,0.58,0.61,0.7,0.66,0.53,0.44,0.44,0.52,0.53,0.61,CM,MID,6
Barry Baggley,CM,Northern Ireland,0.59,0.65,0.5,0.54,0.62,0.52,0.55,0.66,0.65,0.84,0.87,0.59,0.56,0.49,0.75,0.43,0.56,0.51,0.53,0.53,0.38,0.45,CM,MID,2
Ahmed Bahusayn,CM,Saudi Arabia,0.59,0.64,0.49,0.58,0.6,0.5,0.59,0.68,0.61,0.6,0.68,0.63,0.59,0.56,0.63,0.59,0.52,0.59,0.45,0.49,0.51,0.54,CM,MID,2
Nicolas Bajlicz,CM,Austria,0.59,0.68,0.47,0.58,0.69,0.45,0.46,0.68,0.68,0.76,0.69,0.71,0.54,0.47,0.42,0.43,0.56,0.54,0.44,0.31,0.38,0.54,CM,MID,3
James Ball,CM,England,0.59,0.53,0.58,0.57,0.56,0.56,0.76,0.52,0.54,0.54,0.54,0.59,0.58,0.82,0.71,0.72,0.56,0.52,0.55,0.56,0.59,0.64,CM,MID,0
Ibrahima Sory Bangoura,CDM,Guinea,0.59,0.64,0.35,0.5,0.52,0.57,0.64,0.59,0.68,0.55,0.49,0.59,0.58,0.7,0.55,0.69,0.61,0.59,0.51,0.56,0.65,0.53,CDM,MID,2
Jay Barnett,CDM,Australia,0.59,0.61,0.43,0.55,0.58,0.55,0.56,0.64,0.58,0.71,0.67,0.57,0.58,0.48,0.68,0.43,0.55,0.55,0.57,0.56,0.43,0.51,CDM,MID,2
William Benard,CM,France,0.59,0.65,0.44,0.61,0.59,0.56,0.61,0.65,0.65,0.55,0.72,0.62,0.48,0.57,0.65,0.59,0.62,0.54,0.51,0.56,0.53,0.37,CM,MID,2
Mathéo Bodmer,CDM,France,0.59,0.55,0.47,0.6,0.62,0.54,0.56,0.54,0.55,0.68,0.73,0.62,0.55,0.55,0.61,0.51,0.56,0.51,0.53,0.55,0.49,0.55,CDM,MID,2
Morgan Bokele,LM,Cameroon,0.59,0.7,0.54,0.53,0.61,0.25,0.44,0.72,0.68,0.65,0.67,0.61,0.41,0.44,0.5,0.42,0.25,0.31,0.19,0.25,0.38,0.5,LM,MID,3
Alexander Briedl,CDM,Austria,0.59,0.57,0.32,0.54,0.51,0.57,0.57,0.57,0.57,0.53,0.65,0.52,0.54,0.6,0.49,0.54,0.6,0.59,0.57,0.57,0.47,0.43,CDM,MID,2
George Broadbent,CM,England,0.59,0.66,0.5,0.55,0.58,0.55,0.61,0.66,0.66,0.71,0.68,0.6,0.57,0.6,0.68,0.53,0.57,0.58,0.55,0.58,0.41,0.57,CM,MID,2
Welat Cagro,CM,Belgium,0.59,0.62,0.47,0.59,0.59,0.53,0.65,0.62,0.62,0.59,0.49,0.56,0.56,0.66,0.58,0.68,0.59,0.54,0.45,0.53,0.6,0.65,CM,MID,2
Tudor Călin,CDM,Romania,0.59,0.56,0.41,0.51,0.52,0.59,0.68,0.54,0.58,0.52,0.46,0.57,0.57,0.75,0.61,0.77,0.6,0.58,0.55,0.56,0.71,0.52,CDM,MID,2
Cao Kang,CDM,China PR,0.59,0.63,0.5,0.55,0.55,0.56,0.68,0.61,0.65,0.56,0.54,0.59,0.46,0.72,0.68,0.62,0.63,0.6,0.55,0.49,0.47,0.54,CDM,MID,2
Aldaír Ferreira,CAM,Angola,0.59,0.65,0.54,0.57,0.58,0.47,0.48,0.65,0.65,0.56,0.71,0.6,0.52,0.46,0.48,0.54,0.5,0.47,0.42,0.43,0.56,0.55,CAM,MID,2
Julián Ceballos,LM,Argentina,0.59,0.72,0.47,0.56,0.63,0.38,0.41,0.73,0.71,0.74,0.83,0.61,0.5,0.35,0.57,0.39,0.42,0.39,0.34,0.37,0.37,0.51,LM,MID,3
Miguel Chaiwa,CDM,Zambia,0.59,0.74,0.36,0.5,0.59,0.57,0.68,0.76,0.72,0.73,0.66,0.58,0.61,0.7,0.71,0.74,0.58,0.57,0.58,0.56,0.55,0.53,CDM,MID,2
Choi Woo Jin,LM,Korea Republic,0.59,0.66,0.55,0.5,0.64,0.52,0.54,0.62,0.69,0.67,0.77,0.59,0.62,0.56,0.66,0.53,0.55,0.48,0.51,0.56,0.45,0.58,LM,MID,2
Mirza Cihan,LM,Turkey,0.59,0.67,0.52,0.56,0.63,0.33,0.41,0.64,0.69,0.5,0.79,0.63,0.46,0.4,0.44,0.38,0.37,0.4,0.3,0.24,0.42,0.66,LM,MID,3
Jayden Clarke,CAM,England,0.59,0.75,0.54,0.56,0.62,0.44,0.56,0.76,0.74,0.81,0.73,0.6,0.54,0.55,0.68,0.57,0.47,0.39,0.44,0.43,0.43,0.61,CAM,MID,4
Junior Colina,CAM,Venezuela,0.59,0.67,0.55,0.48,0.64,0.32,0.46,0.65,0.68,0.66,0.75,0.62,0.64,0.5,0.46,0.45,0.33,0.37,0.33,0.24,0.37,0.54,CAM,MID,3
Toby Collyer,CDM,England,0.59,0.65,0.33,0.56,0.58,0.55,0.55,0.67,0.64,0.76,0.78,0.59,0.6,0.54,0.63,0.52,0.55,0.52,0.57,0.6,0.45,0.45,CDM,MID,2
Jacob Davenport,CDM,England,0.59,0.64,0.43,0.59,0.59,0.57,0.55,0.63,0.64,0.68,0.71,0.58,0.56,0.61,0.33,0.6,0.58,0.57,0.56,0.59,0.51,0.59,CDM,MID,2
Kas de Wit,CAM,Holland,0.59,0.69,0.47,0.57,0.64,0.4,0.46,0.69,0.69,0.64,0.74,0.65,0.55,0.45,0.52,0.51,0.47,0.41,0.41,0.24,0.5,0.55,CAM,MID,3
Lukas Demming,CM,Germany,0.59,0.67,0.53,0.56,0.59,0.6,0.6,0.66,0.68,0.57,0.65,0.6,0.63,0.54,0.69,0.56,0.61,0.58,0.62,0.57,0.54,0.57,CM,MID,2
Louis Dennis,RM,England,0.59,0.72,0.55,0.54,0.6,0.44,0.59,0.71,0.73,0.73,0.71,0.55,0.57,0.65,0.6,0.57,0.49,0.39,0.42,0.46,0.38,0.61,RM,MID,2
Samuele Di Benedetto,CDM,Germany,0.59,0.68,0.47,0.57,0.63,0.56,0.55,0.69,0.68,0.77,0.82,0.61,0.58,0.5,0.54,0.56,0.61,0.6,0.51,0.53,0.54,0.57,CDM,MID,2
Jonas Dirkner,CDM,Germany,0.59,0.53,0.38,0.52,0.57,0.59,0.55,0.55,0.52,0.59,0.58,0.6,0.55,0.53,0.56,0.52,0.62,0.6,0.6,0.57,0.53,0.45,CDM,MID,2
Paul Doyle,CDM,Republic of Ireland,0.59,0.47,0.41,0.57,0.58,0.53,0.66,0.52,0.43,0.65,0.58,0.59,0.53,0.67,0.68,0.51,0.61,0.54,0.49,0.53,0.44,0.52,CDM,MID,2
Patryk Dragon,CDM,Germany,0.59,0.58,0.44,0.55,0.53,0.56,0.7,0.59,0.58,0.56,0.57,0.49,0.5,0.81,0.55,0.69,0.61,0.61,0.54,0.53,0.51,0.6,CDM,MID,2
Erik Dueñas,CM,Mexico,0.59,0.72,0.35,0.55,0.69,0.55,0.38,0.72,0.72,0.81,0.94,0.67,0.58,0.3,0.52,0.36,0.64,0.6,0.54,0.52,0.34,0.52,CM,MID,3
Stephen Duke-McKenna,CAM,Guyana,0.59,0.8,0.48,0.58,0.63,0.54,0.43,0.84,0.76,0.81,0.83,0.58,0.57,0.32,0.53,0.56,0.55,0.54,0.53,0.54,0.55,0.55,CAM,MID,3
Sefer Emini,CM,North Macedonia,0.59,0.67,0.58,0.6,0.63,0.38,0.54,0.68,0.67,0.7,0.73,0.63,0.6,0.54,0.58,0.48,0.4,0.39,0.39,0.34,0.4,0.63,CM,MID,3
Noah Engelbreth,CDM,Germany,0.59,0.54,0.33,0.49,0.51,0.61,0.58,0.55,0.54,0.55,0.52,0.53,0.59,0.62,0.49,0.64,0.65,0.65,0.57,0.58,0.62,0.51,CDM,MID,2
Aday Ercan,CDM,Germany,0.59,0.6,0.46,0.48,0.57,0.56,0.66,0.67,0.54,0.61,0.56,0.59,0.56,0.73,0.6,0.6,0.58,0.58,0.58,0.54,0.43,0.51,CDM,MID,2
Marco Essimi,LM,France,0.59,0.75,0.52,0.52,0.61,0.3,0.51,0.77,0.74,0.68,0.65,0.57,0.53,0.54,0.52,0.54,0.33,0.29,0.26,0.25,0.42,0.56,LM,MID,3
Ali Fadal,CM,Ghana,0.59,0.6,0.47,0.58,0.55,0.55,0.56,0.56,0.63,0.6,0.64,0.63,0.57,0.55,0.58,0.6,0.54,0.54,0.54,0.54,0.6,0.6,CM,MID,2
Amin Farouk,CAM,Germany,0.59,0.7,0.49,0.54,0.64,0.35,0.55,0.69,0.7,0.75,0.7,0.64,0.57,0.56,0.53,0.5,0.33,0.35,0.41,0.29,0.39,0.54,CAM,MID,3
Fabio Ferraro,LM,Belgium,0.59,0.68,0.56,0.51,0.66,0.18,0.35,0.67,0.69,0.78,0.74,0.67,0.61,0.35,0.37,0.42,0.17,0.12,0.15,0.13,0.49,0.54,LM,MID,3
Will Fitzgerald,LM,Republic of Ireland,0.59,0.76,0.47,0.52,0.61,0.34,0.55,0.8,0.73,0.71,0.65,0.57,0.52,0.53,0.66,0.55,0.26,0.29,0.45,0.3,0.41,0.49,LM,MID,3
Sam Folarin,RM,England,0.59,0.85,0.6,0.48,0.62,0.38,0.51,0.84,0.86,0.86,0.82,0.6,0.48,0.5,0.67,0.61,0.35,0.38,0.42,0.32,0.47,0.7,RM,MID,4
Sam Foley,CM,Republic of Ireland,0.59,0.4,0.55,0.6,0.6,0.58,0.68,0.46,0.35,0.64,0.7,0.62,0.55,0.75,0.6,0.61,0.6,0.59,0.55,0.59,0.54,0.59,CM,MID,0
Ezequiel Forclaz,CAM,Argentina,0.59,0.6,0.52,0.57,0.65,0.37,0.43,0.58,0.62,0.58,0.74,0.67,0.61,0.44,0.43,0.36,0.35,0.44,0.44,0.25,0.41,0.59,CAM,MID,3
Edward Francis,CM,England,0.59,0.63,0.54,0.56,0.58,0.6,0.65,0.62,0.64,0.56,0.59,0.61,0.58,0.67,0.61,0.62,0.62,0.59,0.6,0.6,0.53,0.56,CM,MID,2
Gan Chao,CM,China PR,0.59,0.79,0.54,0.58,0.6,0.53,0.61,0.77,0.8,0.74,0.75,0.63,0.61,0.59,0.7,0.66,0.57,0.5,0.48,0.57,0.52,0.64,CM,MID,6
Maiken González,LM,Venezuela,0.59,0.72,0.51,0.48,0.67,0.24,0.41,0.72,0.72,0.68,0.76,0.65,0.5,0.42,0.43,0.41,0.25,0.22,0.2,0.21,0.36,0.51,LM,MID,3
Jorge Damián González,RM,Paraguay,0.59,0.7,0.54,0.57,0.61,0.55,0.59,0.7,0.7,0.65,0.61,0.61,0.39,0.58,0.59,0.63,0.54,0.56,0.55,0.54,0.55,0.56,RM,MID,2
Villiam Granath,RM,Sweden,0.59,0.72,0.48,0.57,0.51,0.52,0.72,0.74,0.7,0.5,0.41,0.55,0.58,0.7,0.8,0.72,0.58,0.54,0.45,0.5,0.58,0.58,RM,MID,2
Danny Grant,LM,Republic of Ireland,0.59,0.77,0.53,0.51,0.59,0.42,0.52,0.76,0.78,0.76,0.78,0.55,0.52,0.48,0.67,0.55,0.47,0.42,0.41,0.31,0.49,0.52,LM,MID,3
Jack Henry-Francis,CDM,Republic of Ireland,0.59,0.53,0.43,0.58,0.58,0.53,0.55,0.52,0.54,0.57,0.6,0.6,0.59,0.54,0.58,0.43,0.57,0.53,0.49,0.57,0.42,0.52,CDM,MID,2
Lundrim Hetemi,CM,Albania,0.59,0.68,0.48,0.56,0.63,0.58,0.53,0.69,0.67,0.75,0.76,0.62,0.58,0.49,0.58,0.45,0.62,0.59,0.58,0.6,0.43,0.55,CM,MID,2
Huang Jiahui,CDM,China PR,0.59,0.69,0.35,0.46,0.56,0.58,0.64,0.67,0.71,0.7,0.58,0.58,0.54,0.61,0.71,0.65,0.56,0.55,0.62,0.56,0.57,0.43,CDM,MID,2
Huang Ruifeng,CM,China PR,0.59,0.76,0.44,0.56,0.61,0.53,0.61,0.75,0.76,0.72,0.71,0.64,0.6,0.56,0.7,0.59,0.56,0.53,0.5,0.58,0.46,0.47,CM,MID,2
Harun Ibrahim,CM,Sweden,0.59,0.78,0.5,0.57,0.67,0.54,0.61,0.77,0.78,0.78,0.82,0.66,0.56,0.61,0.61,0.64,0.56,0.54,0.55,0.53,0.45,0.53,CM,MID,6
Tom Iorpenda,CM,England,0.59,0.7,0.49,0.57,0.63,0.51,0.68,0.67,0.72,0.68,0.63,0.64,0.6,0.74,0.65,0.64,0.52,0.49,0.52,0.49,0.47,0.55,CM,MID,2
Luka Janeš,CDM,Germany,0.59,0.59,0.38,0.48,0.53,0.61,0.61,0.56,0.61,0.67,0.63,0.55,0.55,0.63,0.6,0.59,0.61,0.62,0.63,0.63,0.54,0.55,CDM,MID,2
Mylian Jimenez,CDM,Holland,0.59,0.65,0.51,0.55,0.58,0.54,0.58,0.66,0.64,0.52,0.69,0.62,0.59,0.52,0.66,0.52,0.53,0.51,0.57,0.58,0.47,0.6,CDM,MID,2
Carl Johansson,LM,Sweden,0.59,0.7,0.46,0.53,0.61,0.41,0.45,0.71,0.69,0.72,0.77,0.6,0.53,0.38,0.71,0.39,0.39,0.41,0.43,0.43,0.34,0.43,LM,MID,3
Mike Jones,CDM,England,0.59,0.48,0.54,0.6,0.57,0.56,0.62,0.44,0.51,0.68,0.61,0.57,0.58,0.68,0.52,0.52,0.59,0.57,0.55,0.58,0.49,0.61,CDM,MID,2
Alex Juárez,LM,Argentina,0.59,0.64,0.54,0.56,0.6,0.6,0.49,0.65,0.64,0.68,0.56,0.59,0.53,0.47,0.52,0.57,0.63,0.59,0.59,0.59,0.61,0.55,LM,MID,2
Frank Junior Adjei,CM,Ghana,0.59,0.69,0.55,0.58,0.59,0.53,0.57,0.68,0.69,0.63,0.66,0.6,0.58,0.6,0.55,0.54,0.57,0.51,0.49,0.57,0.44,0.58,CM,MID,2
Kim Jun Bum,CM,Korea Republic,0.59,0.7,0.47,0.55,0.63,0.5,0.65,0.73,0.67,0.67,0.75,0.62,0.61,0.63,0.67,0.63,0.53,0.39,0.5,0.5,0.47,0.54,CM,MID,2
Mike Kleijn,CM,Holland,0.59,0.68,0.47,0.61,0.61,0.52,0.5,0.7,0.67,0.7,0.8,0.6,0.58,0.4,0.57,0.53,0.49,0.55,0.48,0.55,0.6,0.64,CM,MID,2
Tim Kloss,CDM,Germany,0.59,0.67,0.32,0.51,0.49,0.58,0.61,0.68,0.66,0.44,0.57,0.62,0.52,0.64,0.65,0.7,0.6,0.59,0.56,0.56,0.63,0.44,CDM,MID,2
Corsin Konietzke,CDM,Switzerland,0.59,0.64,0.35,0.53,0.55,0.56,0.65,0.62,0.65,0.6,0.66,0.54,0.56,0.65,0.65,0.65,0.59,0.58,0.54,0.52,0.56,0.5,CDM,MID,2
Léandre Kuavita,CM,Belgium,0.59,0.62,0.57,0.55,0.63,0.54,0.67,0.62,0.62,0.55,0.65,0.65,0.56,0.71,0.61,0.71,0.54,0.51,0.52,0.53,0.6,0.6,CM,MID,2
Julian Kudala,RM,Germany,0.59,0.77,0.53,0.51,0.6,0.43,0.5,0.78,0.76,0.69,0.66,0.58,0.54,0.55,0.5,0.56,0.42,0.38,0.45,0.48,0.39,0.53,RM,MID,3
Ashique Kuruniyan,LM,India,0.59,0.87,0.51,0.51,0.58,0.45,0.6,0.85,0.88,0.79,0.72,0.55,0.55,0.64,0.61,0.68,0.45,0.44,0.46,0.46,0.45,0.54,LM,MID,4
Lukas Laupheimer,CDM,Germany,0.59,0.64,0.36,0.47,0.62,0.58,0.63,0.67,0.62,0.73,0.76,0.6,0.58,0.62,0.64,0.54,0.6,0.56,0.58,0.63,0.42,0.45,CDM,MID,2
Lee Jun Gyu,CM,Korea Republic,0.59,0.63,0.4,0.56,0.61,0.45,0.51,0.62,0.63,0.73,0.78,0.63,0.62,0.42,0.68,0.42,0.52,0.45,0.34,0.49,0.46,0.49,CM,MID,3
Lin Chuangyi,CM,China PR,0.59,0.66,0.56,0.57,0.59,0.6,0.65,0.69,0.63,0.77,0.7,0.56,0.56,0.64,0.65,0.69,0.63,0.58,0.57,0.61,0.6,0.59,CM,MID,2
Liu Zhurun,LM,China PR,0.59,0.75,0.56,0.48,0.6,0.39,0.55,0.77,0.73,0.72,0.56,0.55,0.6,0.58,0.62,0.62,0.45,0.29,0.33,0.42,0.46,0.56,LM,MID,3
Jeremías Lucco,CAM,Argentina,0.59,0.66,0.47,0.62,0.62,0.46,0.47,0.62,0.69,0.57,0.78,0.61,0.54,0.47,0.48,0.5,0.55,0.59,0.45,0.24,0.52,0.54,CAM,MID,3
Kacper Lukasiak,CAM,Poland,0.59,0.67,0.55,0.57,0.62,0.37,0.55,0.66,0.68,0.6,0.67,0.61,0.56,0.55,0.6,0.5,0.36,0.4,0.37,0.34,0.42,0.56,CAM,MID,3
Marcos Machuca,RM,Paraguay,0.59,0.7,0.46,0.56,0.6,0.34,0.52,0.71,0.69,0.71,0.9,0.55,0.51,0.51,0.6,0.49,0.38,0.31,0.3,0.34,0.38,0.49,RM,MID,3
Jabez Makanda,CAM,Angola,0.59,0.66,0.6,0.54,0.6,0.25,0.56,0.65,0.66,0.63,0.64,0.6,0.56,0.65,0.52,0.66,0.21,0.22,0.22,0.18,0.59,0.63,CAM,MID,4
Dustin Maldonado,LM,Bolivia,0.59,0.62,0.51,0.56,0.59,0.36,0.48,0.64,0.61,0.62,0.62,0.6,0.49,0.49,0.6,0.42,0.42,0.37,0.24,0.44,0.37,0.55,LM,MID,3
Stephen Mallon,LM,Republic of Ireland,0.59,0.64,0.54,0.54,0.6,0.46,0.52,0.65,0.64,0.63,0.6,0.6,0.56,0.5,0.55,0.51,0.47,0.5,0.43,0.44,0.49,0.57,LM,MID,2
Dan Martin,CDM,England,0.59,0.67,0.45,0.53,0.57,0.53,0.66,0.69,0.66,0.62,0.7,0.58,0.56,0.62,0.67,0.55,0.56,0.53,0.52,0.54,0.44,0.47,CDM,MID,2
Marco Ribeiro,CM,Portugal,0.59,0.59,0.5,0.57,0.59,0.57,0.45,0.61,0.58,0.51,0.75,0.61,0.63,0.42,0.38,0.45,0.6,0.6,0.54,0.57,0.5,0.58,CM,MID,2
Ilija Maslarov,CDM,Switzerland,0.59,0.57,0.33,0.52,0.53,0.59,0.55,0.58,0.56,0.58,0.63,0.6,0.6,0.56,0.48,0.53,0.56,0.57,0.63,0.61,0.49,0.45,CDM,MID,2
Sam Mather,LM,England,0.59,0.69,0.53,0.55,0.62,0.35,0.47,0.7,0.69,0.75,0.74,0.61,0.52,0.48,0.48,0.43,0.41,0.34,0.28,0.38,0.34,0.56,LM,MID,3
Callum Maycock,CM,England,0.59,0.67,0.51,0.57,0.59,0.56,0.69,0.65,0.68,0.58,0.65,0.59,0.57,0.69,0.71,0.64,0.59,0.54,0.55,0.54,0.53,0.57,CM,MID,2
Archie Meekison,CM,Scotland,0.59,0.69,0.54,0.58,0.62,0.48,0.53,0.7,0.69,0.68,0.72,0.62,0.56,0.57,0.53,0.56,0.53,0.44,0.42,0.52,0.45,0.55,CM,MID,2
Robert Mišković,CM,Croatia,0.59,0.69,0.53,0.6,0.61,0.47,0.65,0.68,0.69,0.63,0.6,0.63,0.56,0.75,0.6,0.69,0.49,0.48,0.43,0.45,0.54,0.55,CM,MID,2
Omar Mohamedhoesein,CM,Holland,0.59,0.75,0.53,0.59,0.63,0.55,0.49,0.72,0.78,0.75,0.7,0.6,0.58,0.42,0.54,0.47,0.55,0.55,0.56,0.58,0.45,0.6,CM,MID,2
Shakur Mohammed,LM,Ghana,0.59,0.76,0.59,0.53,0.6,0.24,0.49,0.77,0.76,0.67,0.71,0.58,0.47,0.57,0.49,0.65,0.23,0.23,0.19,0.19,0.5,0.6,LM,MID,3
Sean Moore,LM,Republic of Ireland,0.59,0.71,0.54,0.54,0.62,0.29,0.38,0.7,0.71,0.71,0.84,0.6,0.44,0.37,0.45,0.42,0.36,0.28,0.22,0.22,0.45,0.6,LM,MID,3
Niall Morahan,CM,Republic of Ireland,0.59,0.58,0.5,0.57,0.59,0.55,0.61,0.63,0.54,0.69,0.54,0.59,0.53,0.56,0.81,0.55,0.57,0.49,0.56,0.57,0.49,0.51,CM,MID,2
Mauricio Morales,CM,Chile,0.59,0.67,0.47,0.57,0.6,0.52,0.6,0.68,0.67,0.64,0.72,0.63,0.59,0.56,0.71,0.59,0.57,0.52,0.48,0.48,0.52,0.56,CM,MID,2
Shayden Morris,RM,England,0.59,0.81,0.55,0.5,0.62,0.23,0.39,0.81,0.81,0.74,0.72,0.59,0.53,0.38,0.5,0.43,0.27,0.23,0.17,0.24,0.3,0.56,RM,MID,3
Jamie Mullins,CAM,Republic of Ireland,0.59,0.7,0.54,0.51,0.64,0.28,0.4,0.78,0.63,0.72,0.73,0.63,0.55,0.32,0.56,0.41,0.28,0.3,0.3,0.21,0.37,0.54,CAM,MID,3
Halicharan Narzary,LM,India,0.59,0.75,0.54,0.52,0.58,0.34,0.62,0.72,0.78,0.65,0.64,0.57,0.45,0.69,0.71,0.64,0.38,0.21,0.24,0.43,0.45,0.55,LM,MID,3
Christopher Negele,CAM,Germany,0.59,0.67,0.58,0.58,0.63,0.39,0.5,0.67,0.67,0.73,0.75,0.62,0.53,0.46,0.64,0.52,0.38,0.37,0.38,0.35,0.53,0.56,CAM,MID,3
Luc Nieuwenhuijs,LM,Holland,0.59,0.69,0.56,0.56,0.61,0.27,0.5,0.74,0.65,0.68,0.71,0.62,0.52,0.6,0.43,0.62,0.33,0.27,0.22,0.17,0.46,0.57,LM,MID,3
Alex Nolan,RM,Republic of Ireland,0.59,0.73,0.51,0.54,0.6,0.35,0.53,0.74,0.73,0.66,0.55,0.57,0.55,0.49,0.67,0.48,0.39,0.39,0.35,0.24,0.42,0.52,RM,MID,3
Ryan O'Kane,LM,Republic of Ireland,0.59,0.72,0.52,0.51,0.63,0.31,0.44,0.75,0.7,0.8,0.79,0.58,0.47,0.34,0.61,0.4,0.38,0.26,0.29,0.24,0.38,0.52,LM,MID,3
Karl O'Sullivan,RM,Republic of Ireland,0.59,0.81,0.52,0.49,0.63,0.4,0.48,0.84,0.79,0.83,0.75,0.58,0.56,0.45,0.57,0.5,0.39,0.33,0.45,0.41,0.34,0.51,RM,MID,3
Zech Obiero,CM,Kenya,0.59,0.73,0.48,0.56,0.63,0.56,0.56,0.75,0.72,0.8,0.83,0.6,0.58,0.51,0.65,0.56,0.59,0.57,0.55,0.56,0.48,0.5,CM,MID,6
Darren Oldaker,CDM,England,0.59,0.7,0.51,0.58,0.61,0.52,0.63,0.69,0.7,0.71,0.66,0.6,0.57,0.62,0.71,0.62,0.55,0.51,0.49,0.54,0.51,0.62,CDM,MID,2
Christopher Olivier,CM,Austria,0.59,0.71,0.55,0.58,0.61,0.54,0.65,0.69,0.73,0.64,0.66,0.63,0.56,0.67,0.68,0.64,0.55,0.53,0.54,0.55,0.52,0.58,CM,MID,2
Chilohem Onuoha,CAM,Germany,0.59,0.67,0.51,0.57,0.62,0.34,0.55,0.65,0.69,0.61,0.6,0.61,0.59,0.6,0.54,0.52,0.31,0.42,0.35,0.29,0.4,0.5,CAM,MID,3
Tyler Onyango,CM,England,0.59,0.51,0.45,0.57,0.56,0.53,0.75,0.52,0.5,0.34,0.35,0.57,0.58,0.8,0.71,0.7,0.57,0.56,0.44,0.54,0.58,0.63,CM,MID,0
Enock Otoo,CAM,Ghana,0.59,0.78,0.49,0.51,0.58,0.44,0.53,0.76,0.8,0.58,0.61,0.6,0.56,0.51,0.55,0.53,0.44,0.5,0.43,0.46,0.41,0.46,CAM,MID,3
Gabriel Oualengbe,CM,Central African Republic,0.59,0.56,0.49,0.57,0.57,0.58,0.64,0.52,0.59,0.51,0.51,0.62,0.56,0.68,0.6,0.56,0.62,0.54,0.56,0.6,0.49,0.56,CM,MID,2
Daniel Padilla,CM,Venezuela,0.59,0.67,0.52,0.59,0.6,0.45,0.47,0.68,0.66,0.61,0.83,0.58,0.6,0.45,0.57,0.54,0.55,0.55,0.38,0.32,0.55,0.51,CM,MID,3
Gerardo Padrón,CM,Venezuela,0.59,0.68,0.49,0.58,0.64,0.43,0.39,0.62,0.72,0.6,0.92,0.63,0.52,0.28,0.55,0.37,0.55,0.5,0.3,0.38,0.45,0.49,CM,MID,3
Paik Sang Hoon,CM,Korea Republic,0.59,0.61,0.44,0.56,0.65,0.44,0.46,0.58,0.64,0.7,0.8,0.63,0.67,0.45,0.55,0.39,0.54,0.52,0.41,0.34,0.38,0.48,CM,MID,3
Jack Panayotou,CM,United States,0.59,0.61,0.45,0.55,0.69,0.46,0.54,0.6,0.62,0.6,0.7,0.7,0.55,0.59,0.53,0.48,0.52,0.5,0.48,0.38,0.36,0.54,CM,MID,2
Isaiah Parker,LM,United States,0.59,0.81,0.52,0.5,0.63,0.4,0.51,0.81,0.81,0.78,0.74,0.59,0.45,0.55,0.51,0.57,0.48,0.39,0.38,0.34,0.36,0.64,LM,MID,3
Connor Parsons,LM,England,0.59,0.83,0.51,0.55,0.61,0.43,0.43,0.82,0.83,0.77,0.69,0.57,0.46,0.4,0.53,0.51,0.48,0.43,0.45,0.33,0.45,0.53,LM,MID,3
Everson Junior,CAM,France,0.59,0.75,0.53,0.57,0.65,0.21,0.51,0.72,0.77,0.68,0.67,0.65,0.55,0.59,0.5,0.53,0.22,0.21,0.18,0.17,0.34,0.61,CAM,MID,3
Cameron Peupion,RM,Australia,0.59,0.63,0.46,0.6,0.59,0.41,0.49,0.68,0.59,0.58,0.71,0.58,0.55,0.49,0.47,0.56,0.47,0.5,0.39,0.25,0.55,0.52,RM,MID,3
Denis Pfaffenrot,CAM,Germany,0.59,0.69,0.47,0.56,0.64,0.26,0.54,0.68,0.7,0.7,0.71,0.66,0.54,0.55,0.63,0.5,0.22,0.28,0.29,0.22,0.39,0.49,CAM,MID,3
Oscar Priestman,CM,Australia,0.59,0.7,0.42,0.54,0.62,0.55,0.66,0.71,0.69,0.71,0.75,0.64,0.53,0.62,0.73,0.57,0.62,0.59,0.54,0.52,0.41,0.52,CM,MID,2
Jadan Raymond,CAM,Wales,0.59,0.67,0.55,0.57,0.63,0.38,0.48,0.69,0.66,0.69,0.67,0.61,0.54,0.49,0.48,0.46,0.42,0.36,0.4,0.25,0.44,0.58,CAM,MID,3
Bailey Rice,CDM,Scotland,0.59,0.52,0.39,0.56,0.62,0.53,0.54,0.48,0.56,0.65,0.72,0.65,0.59,0.52,0.51,0.48,0.56,0.52,0.52,0.52,0.5,0.52,CDM,MID,2
Jack Robinson,CDM,England,0.59,0.66,0.37,0.55,0.56,0.58,0.64,0.68,0.64,0.61,0.58,0.58,0.58,0.64,0.65,0.66,0.59,0.58,0.58,0.56,0.55,0.4,CDM,MID,2
Paulo Rodríguez,CAM,Peru,0.59,0.65,0.51,0.57,0.58,0.41,0.49,0.66,0.65,0.59,0.5,0.58,0.6,0.49,0.52,0.44,0.4,0.45,0.39,0.41,0.41,0.54,CAM,MID,3
Markus Rusek,CDM,Austria,0.59,0.55,0.41,0.5,0.57,0.57,0.67,0.52,0.57,0.61,0.7,0.58,0.51,0.7,0.59,0.6,0.61,0.57,0.54,0.59,0.54,0.62,CDM,MID,2
Sanel Saljic,CAM,Austria,0.59,0.71,0.54,0.49,0.68,0.34,0.48,0.74,0.68,0.77,0.73,0.67,0.5,0.55,0.37,0.53,0.3,0.41,0.42,0.24,0.38,0.55,CAM,MID,3
Max Sheaf,CM,England,0.59,0.64,0.53,0.59,0.61,0.51,0.6,0.66,0.63,0.73,0.63,0.61,0.58,0.59,0.66,0.56,0.52,0.46,0.55,0.48,0.47,0.58,CM,MID,2
Shi Yan,LM,China PR,0.59,0.75,0.48,0.52,0.61,0.36,0.48,0.74,0.76,0.8,0.85,0.54,0.59,0.42,0.63,0.44,0.38,0.4,0.36,0.26,0.43,0.52,LM,MID,3
Gabriel Sigua,CM,Georgia,0.59,0.67,0.57,0.51,0.59,0.52,0.69,0.68,0.67,0.6,0.59,0.62,0.62,0.76,0.63,0.57,0.57,0.52,0.47,0.55,0.46,0.62,CM,MID,2
Luan Simnica,CDM,Kosovo,0.59,0.61,0.53,0.57,0.61,0.56,0.62,0.62,0.6,0.58,0.63,0.6,0.61,0.61,0.62,0.64,0.59,0.54,0.52,0.55,0.59,0.53,CDM,MID,2
Naorem Mahesh Singh,RM,India,0.59,0.73,0.59,0.55,0.57,0.32,0.55,0.71,0.74,0.69,0.68,0.54,0.52,0.52,0.56,0.65,0.34,0.25,0.22,0.38,0.49,0.53,RM,MID,3
Jeakson Singh Thounaojam,CDM,India,0.59,0.53,0.45,0.52,0.58,0.55,0.73,0.51,0.55,0.61,0.4,0.6,0.51,0.76,0.72,0.68,0.57,0.56,0.54,0.52,0.59,0.51,CDM,MID,2
Xavi Sintes,CDM,Spain,0.59,0.55,0.42,0.55,0.52,0.57,0.63,0.6,0.51,0.42,0.53,0.57,0.56,0.64,0.55,0.68,0.7,0.54,0.48,0.5,0.66,0.56,CDM,MID,2
David Sotelo,CM,Argentina,0.59,0.59,0.49,0.57,0.57,0.54,0.51,0.58,0.6,0.55,0.71,0.57,0.61,0.49,0.6,0.46,0.58,0.55,0.5,0.56,0.47,0.51,CM,MID,2
Nick Stepantsev,LM,Germany,0.59,0.7,0.5,0.56,0.59,0.3,0.56,0.66,0.73,0.5,0.64,0.62,0.47,0.61,0.55,0.61,0.37,0.22,0.25,0.18,0.51,0.63,LM,MID,3
Lawson Sunderland,CM,United States,0.59,0.67,0.44,0.57,0.57,0.53,0.63,0.69,0.66,0.57,0.49,0.57,0.51,0.67,0.63,0.7,0.58,0.58,0.49,0.5,0.47,0.52,CM,MID,2
Kamarai Swyer,CAM,England,0.59,0.67,0.56,0.53,0.63,0.36,0.56,0.68,0.67,0.71,0.61,0.61,0.58,0.61,0.52,0.65,0.34,0.29,0.39,0.28,0.55,0.56,CAM,MID,3
Macaulay Tait,CM,Scotland,0.59,0.66,0.51,0.58,0.63,0.52,0.56,0.71,0.61,0.61,0.81,0.64,0.51,0.46,0.63,0.44,0.6,0.57,0.52,0.46,0.34,0.56,CM,MID,2
Deepak Tangri,CDM,India,0.59,0.64,0.38,0.5,0.51,0.56,0.75,0.68,0.61,0.63,0.49,0.51,0.49,0.75,0.73,0.78,0.58,0.57,0.54,0.55,0.53,0.48,CDM,MID,2
Brad Tapp,CDM,Australia,0.59,0.66,0.44,0.54,0.54,0.56,0.57,0.63,0.68,0.62,0.69,0.6,0.51,0.57,0.56,0.54,0.61,0.59,0.53,0.58,0.46,0.54,CDM,MID,2
Ben Tollitt,LM,England,0.59,0.75,0.53,0.54,0.59,0.44,0.58,0.76,0.74,0.72,0.68,0.56,0.54,0.59,0.65,0.56,0.44,0.41,0.43,0.49,0.38,0.57,LM,MID,3
Abdoulkarim Traore,CDM,Mali,0.59,0.64,0.34,0.52,0.53,0.57,0.55,0.64,0.64,0.54,0.77,0.55,0.61,0.56,0.49,0.54,0.56,0.57,0.61,0.56,0.47,0.41,CDM,MID,2
Dilyimit Tudi,CM,China PR,0.59,0.62,0.44,0.54,0.62,0.54,0.62,0.6,0.63,0.68,0.66,0.6,0.6,0.61,0.74,0.63,0.61,0.56,0.44,0.57,0.56,0.55,CM,MID,2
Bas Van Den Eynden,CDM,Belgium,0.59,0.49,0.46,0.57,0.55,0.54,0.71,0.5,0.49,0.47,0.51,0.58,0.51,0.8,0.61,0.68,0.57,0.56,0.49,0.57,0.55,0.57,CDM,MID,2
Miguel Vegas,CDM,Venezuela,0.59,0.63,0.35,0.53,0.53,0.54,0.47,0.62,0.64,0.53,0.8,0.57,0.59,0.4,0.53,0.37,0.57,0.58,0.51,0.57,0.42,0.42,CDM,MID,2
Santino Vera,CDM,Argentina,0.59,0.74,0.42,0.58,0.62,0.56,0.59,0.77,0.71,0.69,0.69,0.62,0.51,0.64,0.46,0.73,0.56,0.59,0.54,0.58,0.58,0.6,CDM,MID,2
Cătălin Vulturar,CAM,Romania,0.59,0.67,0.51,0.56,0.59,0.5,0.6,0.68,0.67,0.64,0.66,0.6,0.46,0.58,0.64,0.5,0.49,0.53,0.55,0.5,0.38,0.49,CAM,MID,2
Aurel Wagbe,LM,Germany,0.59,0.76,0.41,0.52,0.6,0.49,0.66,0.74,0.78,0.67,0.59,0.59,0.46,0.72,0.6,0.71,0.51,0.48,0.45,0.49,0.51,0.42,LM,MID,2
Wang Zihao,CM,China PR,0.59,0.73,0.42,0.58,0.63,0.47,0.51,0.74,0.72,0.75,0.83,0.58,0.68,0.42,0.62,0.42,0.52,0.42,0.44,0.49,0.39,0.46,CM,MID,3
Wang Jianming,RM,Chinese Taipei,0.59,0.68,0.44,0.54,0.61,0.58,0.67,0.64,0.71,0.69,0.64,0.58,0.58,0.71,0.71,0.58,0.59,0.62,0.62,0.55,0.43,0.46,RM,MID,2
Corey Whitely,LM,England,0.59,0.75,0.56,0.51,0.59,0.3,0.55,0.74,0.75,0.73,0.72,0.55,0.54,0.57,0.73,0.54,0.3,0.26,0.22,0.41,0.37,0.59,LM,MID,3
Kevin Wiethaup,CAM,Germany,0.59,0.71,0.43,0.58,0.64,0.38,0.47,0.71,0.71,0.82,0.86,0.62,0.54,0.46,0.5,0.46,0.44,0.48,0.34,0.29,0.41,0.46,CAM,MID,3
Adam Wikman,CM,Sweden,0.59,0.66,0.48,0.55,0.62,0.56,0.51,0.65,0.67,0.76,0.75,0.61,0.58,0.44,0.6,0.44,0.57,0.54,0.54,0.6,0.49,0.54,CM,MID,2
Lucas Wolf,CAM,Germany,0.59,0.7,0.45,0.53,0.66,0.36,0.37,0.72,0.68,0.79,0.85,0.63,0.52,0.34,0.43,0.39,0.38,0.32,0.38,0.29,0.39,0.38,CAM,MID,3
Harry Wood,CM,England,0.59,0.64,0.54,0.61,0.61,0.52,0.55,0.66,0.63,0.68,0.61,0.62,0.53,0.58,0.6,0.55,0.54,0.54,0.49,0.54,0.47,0.55,CM,MID,2
Alex Woodyard,CDM,England,0.59,0.5,0.53,0.57,0.58,0.58,0.61,0.52,0.49,0.67,0.72,0.57,0.58,0.58,0.66,0.69,0.58,0.57,0.55,0.59,0.62,0.58,CDM,MID,2
Özkan Yiğiter,CDM,Turkey,0.59,0.61,0.46,0.56,0.58,0.54,0.66,0.63,0.6,0.55,0.49,0.63,0.55,0.7,0.53,0.67,0.58,0.55,0.52,0.51,0.56,0.65,CDM,MID,2
Atsushi Zaizen,CAM,Japan,0.59,0.62,0.49,0.54,0.66,0.32,0.38,0.65,0.6,0.77,0.75,0.66,0.61,0.37,0.44,0.34,0.29,0.23,0.38,0.3,0.31,0.53,CAM,MID,3
Eli Adams,LM,Australia,0.58,0.67,0.4,0.51,0.67,0.32,0.54,0.69,0.66,0.8,0.76,0.66,0.48,0.5,0.72,0.45,0.3,0.36,0.35,0.25,0.35,0.47,LM,MID,3
Saleh Al Harthi,RM,Saudi Arabia,0.58,0.71,0.47,0.53,0.58,0.35,0.53,0.72,0.71,0.63,0.69,0.57,0.5,0.55,0.59,0.52,0.34,0.37,0.34,0.33,0.38,0.44,RM,MID,3
Khaled Al Kaabi,RM,Saudi Arabia,0.58,0.75,0.54,0.52,0.59,0.2,0.51,0.77,0.73,0.73,0.74,0.57,0.52,0.54,0.58,0.68,0.19,0.17,0.17,0.15,0.49,0.68,RM,MID,4
Abdulaziz Al Olewah,RM,Saudi Arabia,0.58,0.86,0.42,0.5,0.61,0.33,0.38,0.92,0.81,0.85,0.91,0.55,0.53,0.31,0.53,0.43,0.29,0.24,0.37,0.39,0.28,0.45,RM,MID,3
Sattam Al Rouqi,LM,Saudi Arabia,0.58,0.78,0.5,0.54,0.58,0.25,0.55,0.8,0.77,0.73,0.83,0.57,0.45,0.62,0.52,0.59,0.26,0.24,0.26,0.19,0.35,0.53,LM,MID,3
Marwan Al Sahafi,RM,Saudi Arabia,0.58,0.75,0.46,0.49,0.61,0.35,0.56,0.76,0.75,0.73,0.65,0.6,0.54,0.58,0.6,0.65,0.38,0.38,0.3,0.36,0.39,0.44,RM,MID,3
Ahmed Ashraf,RM,Saudi Arabia,0.58,0.73,0.48,0.53,0.62,0.35,0.51,0.74,0.72,0.8,0.63,0.6,0.48,0.63,0.39,0.59,0.31,0.26,0.46,0.23,0.43,0.51,RM,MID,3
Johan Bakke,CM,Norway,0.58,0.61,0.49,0.57,0.58,0.54,0.45,0.64,0.58,0.66,0.64,0.6,0.56,0.32,0.62,0.43,0.56,0.55,0.49,0.57,0.52,0.48,CM,MID,2
Bartosz Baranowicz,CDM,Poland,0.58,0.62,0.41,0.52,0.53,0.57,0.66,0.6,0.63,0.62,0.76,0.52,0.6,0.7,0.6,0.62,0.54,0.55,0.6,0.59,0.5,0.49,CDM,MID,2
Kailin Barlow,CAM,Republic of Ireland,0.58,0.66,0.54,0.55,0.6,0.48,0.59,0.66,0.66,0.73,0.65,0.58,0.5,0.53,0.64,0.55,0.47,0.42,0.49,0.51,0.5,0.57,CAM,MID,2
Jonas Bauer,RM,Germany,0.58,0.69,0.55,0.5,0.6,0.25,0.5,0.71,0.68,0.67,0.67,0.61,0.51,0.52,0.55,0.49,0.28,0.32,0.18,0.2,0.39,0.61,RM,MID,3
Anton Bäuerle,LM,Germany,0.58,0.63,0.41,0.58,0.6,0.53,0.52,0.62,0.64,0.6,0.58,0.59,0.52,0.53,0.54,0.51,0.55,0.49,0.54,0.5,0.49,0.48,LM,MID,2
Aris Bayindir,CAM,Germany,0.58,0.59,0.54,0.54,0.6,0.32,0.44,0.58,0.6,0.57,0.66,0.58,0.54,0.45,0.44,0.44,0.29,0.33,0.35,0.24,0.46,0.5,CAM,MID,3
Lachlan Bayliss,RM,New Zealand,0.58,0.74,0.55,0.52,0.59,0.4,0.56,0.75,0.73,0.74,0.73,0.56,0.56,0.56,0.6,0.6,0.45,0.43,0.35,0.33,0.48,0.58,RM,MID,3
Daniel Bennie,RM,Australia,0.58,0.73,0.52,0.49,0.62,0.21,0.55,0.74,0.72,0.7,0.7,0.6,0.55,0.63,0.53,0.63,0.1,0.17,0.3,0.14,0.47,0.44,RM,MID,3
Dion Berisha,LM,Kosovo,0.58,0.63,0.49,0.54,0.64,0.32,0.45,0.65,0.62,0.69,0.67,0.63,0.48,0.51,0.41,0.46,0.33,0.37,0.31,0.25,0.4,0.48,LM,MID,3
James Berry,LM,England,0.58,0.78,0.55,0.48,0.61,0.39,0.59,0.76,0.79,0.71,0.69,0.6,0.52,0.57,0.63,0.56,0.38,0.34,0.4,0.42,0.38,0.58,LM,MID,3
Luke Bodnar,CDM,Australia,0.58,0.59,0.38,0.5,0.54,0.55,0.69,0.55,0.62,0.55,0.59,0.54,0.56,0.74,0.69,0.64,0.58,0.56,0.53,0.55,0.52,0.46,CDM,MID,2
Aaron Bolger,CDM,Republic of Ireland,0.58,0.56,0.45,0.56,0.61,0.52,0.59,0.61,0.52,0.65,0.82,0.6,0.57,0.5,0.69,0.45,0.56,0.54,0.53,0.48,0.42,0.52,CDM,MID,2
Rowllin Borges,CDM,India,0.58,0.52,0.41,0.5,0.5,0.57,0.7,0.49,0.54,0.49,0.45,0.51,0.51,0.72,0.74,0.61,0.58,0.54,0.57,0.59,0.53,0.48,CDM,MID,2
Pedro Borges,CAM,Portugal,0.58,0.73,0.5,0.53,0.61,0.48,0.67,0.75,0.72,0.69,0.76,0.6,0.53,0.67,0.68,0.68,0.59,0.54,0.36,0.47,0.51,0.51,CAM,MID,2
Mohamed-Amine Bouchenna,CAM,France,0.58,0.76,0.57,0.48,0.63,0.18,0.37,0.78,0.75,0.71,0.7,0.64,0.45,0.34,0.41,0.39,0.2,0.11,0.15,0.15,0.29,0.56,CAM,MID,3
Evan Caffrey,CM,Republic of Ireland,0.58,0.64,0.55,0.56,0.59,0.54,0.61,0.62,0.65,0.7,0.7,0.59,0.55,0.62,0.66,0.57,0.55,0.5,0.54,0.55,0.48,0.55,CM,MID,2
Jarrod Carluccio,RM,Australia,0.58,0.78,0.5,0.48,0.61,0.42,0.59,0.81,0.76,0.78,0.75,0.58,0.54,0.57,0.66,0.64,0.46,0.42,0.39,0.39,0.46,0.55,RM,MID,4
Joshua Cavallo,LM,Australia,0.58,0.68,0.46,0.56,0.6,0.5,0.55,0.71,0.65,0.77,0.76,0.58,0.51,0.49,0.63,0.48,0.52,0.52,0.47,0.52,0.44,0.54,LM,MID,2
Sidiki Chérif,LM,France,0.58,0.68,0.53,0.52,0.6,0.3,0.51,0.66,0.69,0.59,0.59,0.6,0.39,0.57,0.51,0.55,0.32,0.27,0.27,0.26,0.47,0.63,LM,MID,3
Radosław Cielemęcki,CAM,Poland,0.58,0.68,0.48,0.57,0.59,0.46,0.57,0.68,0.68,0.72,0.75,0.59,0.56,0.5,0.68,0.51,0.5,0.43,0.41,0.49,0.47,0.57,CAM,MID,2
Fredy Colmán,RM,Paraguay,0.58,0.76,0.53,0.53,0.6,0.4,0.56,0.77,0.76,0.69,0.71,0.59,0.38,0.55,0.65,0.54,0.3,0.49,0.5,0.39,0.35,0.69,RM,MID,3
Wilfred Correa,CAM,Venezuela,0.58,0.7,0.45,0.51,0.61,0.41,0.46,0.71,0.7,0.73,0.84,0.55,0.67,0.34,0.62,0.39,0.44,0.56,0.32,0.42,0.42,0.49,CAM,MID,3
Trae Coyle,LM,England,0.58,0.74,0.52,0.54,0.6,0.21,0.57,0.74,0.74,0.75,0.75,0.58,0.52,0.65,0.6,0.54,0.27,0.22,0.15,0.18,0.27,0.58,LM,MID,3
Jez Davies,CM,England,0.58,0.7,0.52,0.57,0.59,0.54,0.61,0.68,0.72,0.63,0.69,0.6,0.58,0.59,0.65,0.63,0.54,0.56,0.52,0.54,0.55,0.6,CM,MID,2
William Dávila,CAM,Colombia,0.58,0.63,0.42,0.56,0.58,0.34,0.42,0.6,0.66,0.58,0.75,0.61,0.58,0.42,0.48,0.36,0.36,0.38,0.35,0.25,0.4,0.45,CAM,MID,3
Gary Deegan,CDM,Republic of Ireland,0.58,0.3,0.42,0.51,0.5,0.56,0.67,0.3,0.3,0.42,0.64,0.52,0.53,0.67,0.63,0.47,0.57,0.55,0.57,0.6,0.46,0.54,CDM,MID,2
Dramane Diarra,LM,Mali,0.58,0.73,0.59,0.46,0.58,0.25,0.47,0.75,0.72,0.61,0.52,0.56,0.58,0.45,0.6,0.62,0.24,0.2,0.19,0.2,0.63,0.67,LM,MID,3
Matt Dibley-Dias,CM,New Zealand,0.58,0.68,0.58,0.59,0.63,0.53,0.54,0.67,0.69,0.77,0.83,0.6,0.56,0.5,0.52,0.51,0.51,0.51,0.54,0.58,0.47,0.63,CM,MID,6
Ronald Donkor,CM,Mali,0.58,0.63,0.35,0.56,0.65,0.52,0.54,0.62,0.63,0.59,0.77,0.64,0.59,0.47,0.6,0.46,0.58,0.53,0.5,0.5,0.46,0.52,CM,MID,2
Stephen Dooley,CM,Northern Ireland,0.58,0.54,0.54,0.57,0.57,0.54,0.54,0.55,0.54,0.64,0.63,0.57,0.6,0.59,0.6,0.48,0.56,0.53,0.54,0.57,0.43,0.53,CM,MID,2
Andrei Dorobanțu,CM,Romania,0.58,0.65,0.48,0.56,0.59,0.53,0.58,0.66,0.64,0.66,0.67,0.59,0.56,0.57,0.64,0.56,0.56,0.51,0.5,0.58,0.49,0.55,CM,MID,2
Sam Durrant,LM,Sri Lanka,0.58,0.68,0.49,0.51,0.61,0.42,0.65,0.66,0.69,0.71,0.78,0.59,0.49,0.66,0.74,0.55,0.44,0.4,0.41,0.42,0.42,0.54,LM,MID,2
Guiry Egny,CM,France,0.58,0.63,0.5,0.58,0.58,0.52,0.53,0.62,0.64,0.55,0.64,0.6,0.61,0.55,0.53,0.48,0.59,0.47,0.48,0.56,0.39,0.54,CM,MID,2
Emmanuel Essiam,CM,Ghana,0.58,0.71,0.48,0.53,0.62,0.55,0.68,0.7,0.72,0.64,0.62,0.59,0.54,0.7,0.72,0.65,0.59,0.55,0.54,0.52,0.52,0.6,CM,MID,2
Kieron Evans,CAM,Wales,0.58,0.73,0.52,0.52,0.6,0.35,0.5,0.75,0.72,0.81,0.78,0.59,0.56,0.49,0.58,0.48,0.31,0.37,0.43,0.28,0.39,0.54,CAM,MID,3
Shane Farrell,RM,Republic of Ireland,0.58,0.67,0.52,0.56,0.59,0.51,0.62,0.68,0.67,0.72,0.55,0.58,0.51,0.62,0.62,0.59,0.53,0.48,0.49,0.51,0.49,0.56,RM,MID,2
Feng Gang,CM,China PR,0.58,0.78,0.48,0.58,0.6,0.55,0.5,0.8,0.77,0.79,0.81,0.6,0.56,0.4,0.64,0.51,0.57,0.5,0.54,0.6,0.49,0.62,CM,MID,6
Raynier Fernandes,CM,India,0.58,0.67,0.5,0.54,0.6,0.5,0.59,0.68,0.67,0.65,0.74,0.61,0.62,0.6,0.62,0.53,0.54,0.36,0.49,0.6,0.39,0.43,CM,MID,2
Ryan Finnigan,CM,England,0.58,0.66,0.52,0.58,0.61,0.49,0.6,0.69,0.63,0.66,0.68,0.61,0.54,0.55,0.67,0.59,0.51,0.48,0.46,0.51,0.53,0.65,CM,MID,2
Ibrahim Fofana,CM,Côte d'Ivoire,0.58,0.63,0.53,0.56,0.59,0.56,0.59,0.64,0.62,0.57,0.68,0.59,0.58,0.6,0.57,0.67,0.62,0.65,0.49,0.48,0.62,0.55,CM,MID,2
Gao Huaze,LM,China PR,0.58,0.73,0.55,0.51,0.59,0.49,0.63,0.76,0.71,0.76,0.8,0.55,0.53,0.6,0.77,0.68,0.56,0.52,0.42,0.44,0.54,0.55,LM,MID,6
Antoine Gauthier,CM,France,0.58,0.63,0.55,0.6,0.62,0.46,0.54,0.66,0.61,0.63,0.69,0.6,0.57,0.55,0.55,0.61,0.49,0.55,0.41,0.39,0.55,0.55,CM,MID,2
Brahim Ghalidi,LM,Belgium,0.58,0.74,0.51,0.5,0.63,0.22,0.33,0.76,0.72,0.79,0.79,0.59,0.44,0.29,0.49,0.35,0.28,0.22,0.18,0.2,0.24,0.53,LM,MID,3
Fred Gnalega,CDM,Côte d'Ivoire,0.58,0.54,0.41,0.56,0.63,0.57,0.42,0.57,0.52,0.53,0.64,0.68,0.48,0.42,0.39,0.35,0.65,0.63,0.56,0.51,0.42,0.48,CDM,MID,2
Ryan Graydon,RM,Republic of Ireland,0.58,0.67,0.52,0.54,0.58,0.32,0.51,0.65,0.69,0.62,0.51,0.57,0.54,0.6,0.5,0.53,0.41,0.32,0.24,0.22,0.44,0.51,RM,MID,3
Harvey Griffiths,CDM,England,0.58,0.54,0.51,0.54,0.54,0.55,0.64,0.51,0.56,0.54,0.48,0.53,0.58,0.66,0.56,0.64,0.57,0.55,0.52,0.55,0.61,0.58,CDM,MID,2
Matthew Grimaldi,LM,Australia,0.58,0.69,0.54,0.52,0.6,0.39,0.59,0.68,0.69,0.63,0.68,0.59,0.5,0.64,0.55,0.63,0.34,0.36,0.35,0.45,0.52,0.57,LM,MID,3
Eggert Aron Gudmundsson,CAM,Iceland,0.58,0.65,0.55,0.54,0.59,0.41,0.61,0.64,0.66,0.58,0.73,0.59,0.56,0.6,0.64,0.57,0.43,0.39,0.41,0.35,0.47,0.56,CAM,MID,2
Berke Gürbüz,LM,Turkey,0.58,0.65,0.46,0.54,0.63,0.33,0.5,0.61,0.69,0.63,0.78,0.65,0.49,0.52,0.53,0.46,0.41,0.42,0.27,0.2,0.43,0.61,LM,MID,3
Jad Hakiki,CM,Republic of Ireland,0.58,0.66,0.46,0.56,0.65,0.49,0.49,0.67,0.65,0.73,0.75,0.63,0.58,0.42,0.55,0.43,0.52,0.43,0.49,0.49,0.47,0.49,CM,MID,3
Pronay Halder,CDM,India,0.58,0.38,0.49,0.51,0.54,0.55,0.73,0.43,0.34,0.53,0.48,0.55,0.49,0.76,0.63,0.62,0.54,0.51,0.56,0.55,0.54,0.57,CDM,MID,2
Han Jong Mu,CM,Korea Republic,0.58,0.53,0.45,0.56,0.63,0.42,0.61,0.55,0.52,0.7,0.71,0.58,0.57,0.59,0.76,0.47,0.48,0.36,0.39,0.43,0.4,0.53,CM,MID,2
Naif Hazazi,CDM,Saudi Arabia,0.58,0.33,0.46,0.52,0.51,0.57,0.69,0.32,0.34,0.6,0.4,0.54,0.5,0.73,0.62,0.68,0.58,0.57,0.58,0.55,0.58,0.6,CDM,MID,2
David Hurley,CAM,Republic of Ireland,0.58,0.63,0.46,0.56,0.58,0.43,0.61,0.64,0.62,0.66,0.61,0.59,0.48,0.54,0.8,0.47,0.45,0.43,0.35,0.51,0.43,0.56,CAM,MID,2
Hwang Do Yun,CM,Korea Republic,0.58,0.65,0.45,0.58,0.58,0.48,0.61,0.62,0.68,0.63,0.58,0.59,0.56,0.57,0.71,0.47,0.52,0.47,0.46,0.53,0.35,0.44,CM,MID,2
Emmanuel Iwe,LM,Nigeria,0.58,0.8,0.55,0.49,0.6,0.32,0.53,0.82,0.79,0.76,0.78,0.58,0.47,0.53,0.62,0.57,0.34,0.29,0.31,0.25,0.43,0.57,LM,MID,3
Lucas Kåhed,CM,Sweden,0.58,0.73,0.5,0.55,0.67,0.48,0.39,0.74,0.72,0.83,0.86,0.66,0.57,0.34,0.52,0.4,0.52,0.44,0.43,0.54,0.42,0.49,CM,MID,3
Rafiq Khaleel,CAM,Morocco,0.58,0.75,0.48,0.54,0.61,0.32,0.43,0.79,0.72,0.75,0.75,0.64,0.47,0.4,0.55,0.43,0.32,0.39,0.33,0.28,0.34,0.49,CAM,MID,3
Nelson Khumbeni,CDM,England,0.58,0.66,0.42,0.52,0.57,0.55,0.56,0.67,0.66,0.71,0.76,0.56,0.55,0.54,0.64,0.53,0.59,0.56,0.54,0.55,0.48,0.48,CDM,MID,2
Sebastian Koch,CAM,Denmark,0.58,0.87,0.56,0.52,0.62,0.32,0.54,0.89,0.85,0.7,0.7,0.6,0.55,0.5,0.56,0.7,0.35,0.22,0.26,0.28,0.57,0.62,CAM,MID,4
Gideon Kodua,RM,England,0.58,0.74,0.51,0.53,0.61,0.29,0.42,0.71,0.76,0.68,0.7,0.6,0.47,0.38,0.51,0.4,0.27,0.23,0.35,0.22,0.41,0.61,RM,MID,3
Nurettin Korkmaz,LM,Turkey,0.58,0.68,0.56,0.53,0.62,0.3,0.4,0.66,0.69,0.59,0.77,0.63,0.41,0.42,0.43,0.38,0.36,0.29,0.29,0.19,0.41,0.67,LM,MID,3
Szymon Krawczyk,RM,Poland,0.58,0.71,0.54,0.53,0.58,0.35,0.58,0.72,0.7,0.67,0.69,0.56,0.43,0.6,0.59,0.53,0.27,0.32,0.43,0.38,0.31,0.58,RM,MID,3
Danylo Krevsun,CAM,Ukraine,0.58,0.75,0.43,0.53,0.63,0.41,0.44,0.8,0.71,0.83,0.87,0.65,0.56,0.43,0.48,0.46,0.41,0.48,0.39,0.39,0.39,0.42,CAM,MID,3
Joshua Krüger,CDM,Germany,0.58,0.64,0.37,0.51,0.58,0.58,0.51,0.62,0.65,0.68,0.75,0.58,0.59,0.47,0.54,0.53,0.59,0.56,0.57,0.58,0.55,0.52,CDM,MID,2
Nandha Kumar Sekar,LM,India,0.58,0.78,0.55,0.51,0.55,0.26,0.65,0.83,0.74,0.69,0.72,0.53,0.49,0.63,0.64,0.63,0.25,0.26,0.26,0.21,0.41,0.54,LM,MID,3
Oskar Lachowicz,CAM,Poland,0.58,0.64,0.5,0.55,0.6,0.33,0.46,0.66,0.63,0.67,0.57,0.61,0.54,0.43,0.52,0.39,0.32,0.43,0.25,0.35,0.44,0.55,CAM,MID,3
Jakub Lewicki,LM,Poland,0.58,0.64,0.44,0.56,0.57,0.52,0.57,0.65,0.63,0.62,0.7,0.56,0.52,0.54,0.64,0.51,0.57,0.54,0.5,0.51,0.45,0.4,LM,MID,2
Paul Lewis,CAM,England,0.58,0.62,0.56,0.56,0.58,0.53,0.66,0.56,0.66,0.67,0.67,0.58,0.56,0.69,0.56,0.61,0.51,0.49,0.54,0.55,0.54,0.58,CAM,MID,2
Myles Lewis-Skelly,CM,England,0.58,0.63,0.48,0.58,0.61,0.52,0.59,0.65,0.62,0.63,0.66,0.62,0.56,0.59,0.57,0.59,0.55,0.56,0.48,0.5,0.54,0.51,CM,MID,2
Jakub Lis,CDM,Poland,0.58,0.67,0.42,0.54,0.57,0.55,0.58,0.66,0.68,0.59,0.74,0.58,0.54,0.57,0.63,0.5,0.56,0.56,0.57,0.56,0.42,0.5,CDM,MID,2
Long Wei,CDM,China PR,0.58,0.54,0.31,0.51,0.53,0.55,0.65,0.43,0.63,0.68,0.63,0.53,0.52,0.61,0.78,0.56,0.56,0.55,0.54,0.53,0.56,0.45,CDM,MID,2
Matéo Loubatières,CM,France,0.58,0.68,0.57,0.59,0.6,0.51,0.39,0.71,0.65,0.69,0.74,0.61,0.54,0.35,0.43,0.44,0.55,0.5,0.52,0.48,0.45,0.59,CM,MID,3
Rayan Lutin,CM,Netherlands,0.58,0.7,0.47,0.56,0.7,0.47,0.39,0.73,0.68,0.83,0.91,0.67,0.5,0.33,0.41,0.36,0.55,0.52,0.42,0.48,0.29,0.52,CM,MID,3
Ma Xingyu,CM,China PR,0.58,0.57,0.43,0.53,0.58,0.55,0.62,0.61,0.54,0.59,0.59,0.58,0.55,0.63,0.65,0.57,0.57,0.55,0.53,0.58,0.47,0.54,CM,MID,2
Harvey Macadam,CM,England,0.58,0.6,0.53,0.55,0.58,0.55,0.7,0.55,0.64,0.51,0.52,0.6,0.57,0.78,0.69,0.7,0.57,0.55,0.53,0.52,0.57,0.63,CM,MID,2
Maeng Seong Ung,CM,Korea Republic,0.58,0.58,0.4,0.59,0.55,0.55,0.56,0.62,0.55,0.52,0.67,0.61,0.53,0.49,0.64,0.47,0.61,0.54,0.51,0.57,0.45,0.48,CM,MID,2
Juan Magallanes,CM,Bolivia,0.58,0.68,0.39,0.57,0.6,0.52,0.58,0.7,0.67,0.61,0.75,0.63,0.55,0.53,0.66,0.53,0.54,0.48,0.48,0.6,0.48,0.54,CM,MID,2
Johan Manzambi,CM,Switzerland,0.58,0.69,0.45,0.56,0.62,0.55,0.61,0.67,0.7,0.71,0.7,0.61,0.61,0.64,0.6,0.63,0.56,0.52,0.59,0.49,0.53,0.54,CM,MID,2
Loïs Martins,CM,Portugal,0.58,0.65,0.49,0.55,0.58,0.47,0.52,0.64,0.65,0.57,0.73,0.6,0.53,0.47,0.59,0.43,0.53,0.64,0.38,0.45,0.44,0.5,CM,MID,2
Naif Masoud,CDM,Saudi Arabia,0.58,0.59,0.32,0.52,0.49,0.58,0.56,0.58,0.59,0.57,0.72,0.51,0.6,0.58,0.5,0.53,0.62,0.59,0.56,0.57,0.48,0.43,CDM,MID,2
Ed McCarthy,LM,Republic of Ireland,0.58,0.66,0.52,0.52,0.58,0.48,0.66,0.64,0.67,0.54,0.67,0.56,0.49,0.6,0.82,0.5,0.52,0.48,0.45,0.51,0.36,0.52,LM,MID,2
Jason McClelland,RM,Republic of Ireland,0.58,0.63,0.55,0.56,0.58,0.52,0.56,0.64,0.63,0.69,0.63,0.57,0.54,0.51,0.66,0.54,0.5,0.49,0.56,0.5,0.51,0.6,RM,MID,2
Ben McCormack,CAM,Republic of Ireland,0.58,0.68,0.52,0.58,0.6,0.47,0.52,0.68,0.68,0.75,0.74,0.56,0.5,0.51,0.57,0.58,0.51,0.5,0.42,0.44,0.56,0.53,CAM,MID,2
Declan McDaid,LM,Scotland,0.58,0.74,0.52,0.53,0.59,0.41,0.59,0.7,0.77,0.71,0.76,0.55,0.54,0.59,0.61,0.57,0.44,0.45,0.4,0.34,0.47,0.61,LM,MID,3
Rowan McDonald,CDM,England,0.58,0.64,0.43,0.51,0.56,0.55,0.65,0.66,0.63,0.63,0.66,0.54,0.52,0.64,0.71,0.62,0.57,0.52,0.54,0.58,0.51,0.49,CDM,MID,2
Ryan McLean,LM,England,0.58,0.77,0.52,0.5,0.57,0.23,0.59,0.75,0.79,0.6,0.67,0.56,0.48,0.58,0.62,0.54,0.24,0.22,0.23,0.17,0.37,0.52,LM,MID,3
Jack Milne,CDM,Scotland,0.58,0.56,0.37,0.55,0.53,0.58,0.59,0.52,0.59,0.5,0.37,0.54,0.57,0.64,0.49,0.57,0.6,0.58,0.58,0.55,0.53,0.46,CDM,MID,2
Antonio Molina,LM,Spain,0.58,0.69,0.55,0.55,0.59,0.34,0.52,0.68,0.69,0.58,0.78,0.57,0.49,0.56,0.54,0.51,0.38,0.34,0.34,0.22,0.44,0.58,LM,MID,3
Pascal Müller,CM,Austria,0.58,0.59,0.53,0.58,0.6,0.54,0.56,0.66,0.53,0.69,0.73,0.64,0.51,0.5,0.57,0.51,0.56,0.54,0.53,0.56,0.48,0.6,CM,MID,2
Philipp Müller,CDM,Germany,0.58,0.68,0.39,0.55,0.53,0.54,0.58,0.68,0.68,0.66,0.7,0.64,0.53,0.58,0.59,0.6,0.57,0.59,0.49,0.55,0.53,0.52,CDM,MID,2
Montell Ndikom,CAM,Germany,0.58,0.69,0.54,0.53,0.64,0.32,0.5,0.71,0.68,0.65,0.7,0.64,0.49,0.53,0.49,0.49,0.3,0.4,0.35,0.26,0.35,0.65,CAM,MID,3
Serge Ngoma,RM,United States,0.58,0.9,0.47,0.47,0.62,0.38,0.57,0.9,0.9,0.87,0.7,0.58,0.39,0.59,0.61,0.62,0.38,0.34,0.38,0.38,0.37,0.52,RM,MID,4
Darragh Nugent,CM,Republic of Ireland,0.58,0.55,0.55,0.57,0.56,0.57,0.64,0.54,0.55,0.54,0.54,0.57,0.57,0.63,0.65,0.61,0.61,0.54,0.53,0.56,0.58,0.56,CM,MID,2
Filip Olsson,CM,Sweden,0.58,0.71,0.51,0.56,0.58,0.49,0.61,0.7,0.71,0.59,0.65,0.58,0.55,0.64,0.6,0.56,0.55,0.52,0.45,0.49,0.44,0.57,CM,MID,2
Lewis Orford,CDM,England,0.58,0.61,0.43,0.58,0.57,0.5,0.6,0.6,0.62,0.58,0.63,0.58,0.55,0.59,0.64,0.53,0.55,0.51,0.47,0.5,0.45,0.5,CDM,MID,2
Manuel Osifo,CDM,Belgium,0.58,0.78,0.26,0.49,0.58,0.58,0.62,0.76,0.79,0.67,0.69,0.56,0.47,0.65,0.58,0.73,0.6,0.56,0.57,0.56,0.57,0.36,CDM,MID,2
Haqi Osman,LM,Ghana,0.58,0.77,0.56,0.56,0.58,0.3,0.35,0.78,0.76,0.57,0.79,0.62,0.39,0.37,0.33,0.48,0.32,0.28,0.26,0.24,0.47,0.69,LM,MID,3
Daniel Pantschenko,CDM,Germany,0.58,0.67,0.37,0.53,0.57,0.56,0.52,0.68,0.67,0.61,0.72,0.55,0.6,0.49,0.53,0.53,0.57,0.53,0.55,0.58,0.53,0.49,CDM,MID,2
Antony Papadopoulos,CM,England,0.58,0.71,0.53,0.57,0.6,0.53,0.61,0.69,0.73,0.64,0.67,0.59,0.56,0.63,0.63,0.55,0.54,0.53,0.54,0.53,0.44,0.53,CM,MID,2
Jordi Paulina,CAM,Holland,0.58,0.74,0.44,0.57,0.6,0.36,0.63,0.77,0.71,0.67,0.71,0.58,0.53,0.73,0.58,0.66,0.33,0.34,0.37,0.38,0.43,0.52,CAM,MID,3
Adam Petersson,CM,Sweden,0.58,0.61,0.53,0.54,0.61,0.54,0.57,0.55,0.65,0.72,0.74,0.6,0.56,0.57,0.61,0.51,0.56,0.54,0.55,0.56,0.45,0.52,CM,MID,2
Marco Pledl,RM,Germany,0.58,0.7,0.52,0.56,0.57,0.4,0.48,0.74,0.66,0.75,0.8,0.56,0.51,0.41,0.53,0.41,0.46,0.41,0.36,0.4,0.36,0.57,RM,MID,3
Finlay Pollock,CAM,Scotland,0.58,0.67,0.46,0.55,0.62,0.4,0.47,0.71,0.63,0.64,0.69,0.63,0.51,0.45,0.54,0.46,0.48,0.5,0.34,0.29,0.42,0.5,CAM,MID,3
Vlad Prejmerean,CM,Romania,0.58,0.64,0.43,0.55,0.59,0.53,0.59,0.62,0.66,0.6,0.65,0.6,0.6,0.58,0.64,0.57,0.54,0.49,0.56,0.51,0.5,0.51,CM,MID,2
Lilian Raillot,CDM,France,0.58,0.63,0.4,0.53,0.57,0.55,0.64,0.61,0.64,0.63,0.54,0.55,0.6,0.71,0.49,0.66,0.58,0.59,0.49,0.56,0.54,0.56,CDM,MID,2
Leo Ramirez-Espain,CDM,England,0.58,0.52,0.49,0.59,0.6,0.54,0.54,0.51,0.53,0.56,0.54,0.63,0.55,0.56,0.5,0.53,0.57,0.54,0.53,0.53,0.53,0.48,CDM,MID,2
Arlind Rexhepi,LM,Albania,0.58,0.68,0.52,0.52,0.63,0.26,0.43,0.72,0.64,0.83,0.86,0.6,0.4,0.39,0.59,0.37,0.22,0.23,0.28,0.3,0.29,0.55,LM,MID,3
Jairo Reyes,CDM,Ecuador,0.58,0.71,0.36,0.55,0.57,0.55,0.64,0.72,0.7,0.6,0.6,0.52,0.48,0.63,0.67,0.72,0.53,0.49,0.55,0.56,0.6,0.49,CDM,MID,2
Rico Richards,LM,England,0.58,0.68,0.51,0.52,0.62,0.26,0.45,0.72,0.64,0.62,0.72,0.6,0.48,0.45,0.54,0.45,0.29,0.33,0.22,0.18,0.37,0.53,LM,MID,3
Santiago Rollano,RM,Uruguay,0.58,0.71,0.54,0.51,0.6,0.29,0.49,0.67,0.75,0.67,0.79,0.55,0.48,0.52,0.63,0.44,0.26,0.35,0.29,0.28,0.32,0.53,RM,MID,3
Abundance Salaou,CDM,Côte d'Ivoire,0.58,0.63,0.27,0.51,0.55,0.54,0.59,0.65,0.62,0.61,0.6,0.6,0.54,0.64,0.54,0.54,0.53,0.51,0.58,0.56,0.42,0.44,CDM,MID,2
Dino Salihovic,CM,Sweden,0.58,0.67,0.4,0.55,0.59,0.51,0.62,0.65,0.68,0.71,0.72,0.6,0.56,0.62,0.66,0.58,0.56,0.5,0.45,0.56,0.48,0.44,CM,MID,2
Sverre Hakami Sandal,CM,Norway,0.58,0.64,0.49,0.57,0.57,0.45,0.61,0.62,0.65,0.55,0.35,0.6,0.56,0.63,0.62,0.6,0.48,0.46,0.36,0.5,0.5,0.52,CM,MID,2
Nicholas Scardina,LM,United States,0.58,0.69,0.46,0.52,0.62,0.26,0.42,0.69,0.69,0.68,0.74,0.6,0.38,0.35,0.65,0.35,0.29,0.24,0.26,0.18,0.36,0.47,LM,MID,3
Maximilian Scharfetter,CAM,Austria,0.58,0.74,0.54,0.52,0.57,0.39,0.52,0.75,0.73,0.49,0.68,0.64,0.5,0.48,0.57,0.53,0.34,0.37,0.4,0.39,0.48,0.56,CAM,MID,3
Sandro Schendl,RM,Austria,0.58,0.77,0.47,0.53,0.62,0.51,0.53,0.76,0.77,0.81,0.82,0.59,0.49,0.46,0.54,0.48,0.54,0.52,0.49,0.54,0.37,0.54,RM,MID,3
Udanta Singh,RM,India,0.58,0.85,0.52,0.49,0.58,0.32,0.61,0.84,0.86,0.78,0.71,0.55,0.47,0.61,0.65,0.72,0.32,0.31,0.24,0.35,0.54,0.58,RM,MID,4
Suresh Singh Wangjam,CM,India,0.58,0.82,0.39,0.52,0.58,0.54,0.75,0.85,0.79,0.85,0.77,0.55,0.57,0.7,0.9,0.57,0.61,0.48,0.48,0.6,0.4,0.47,CM,MID,6
Connor Smith,CM,Scotland,0.58,0.63,0.56,0.62,0.62,0.38,0.4,0.64,0.63,0.48,0.66,0.6,0.45,0.35,0.53,0.35,0.47,0.45,0.34,0.25,0.4,0.57,CM,MID,3
Elias Sebastian Solberg,RM,Norway,0.58,0.72,0.47,0.55,0.64,0.35,0.44,0.73,0.72,0.79,0.62,0.63,0.41,0.42,0.54,0.43,0.4,0.38,0.28,0.32,0.42,0.48,RM,MID,3
Yahya Sunbul,LM,Saudi Arabia,0.58,0.75,0.48,0.51,0.6,0.4,0.6,0.72,0.78,0.66,0.71,0.6,0.45,0.66,0.61,0.59,0.43,0.3,0.5,0.25,0.43,0.56,LM,MID,3
Omar Taylor-Clarke,CDM,Wales,0.58,0.69,0.48,0.54,0.61,0.54,0.56,0.71,0.67,0.73,0.81,0.61,0.51,0.57,0.55,0.52,0.58,0.56,0.56,0.55,0.35,0.55,CDM,MID,2
Rodrigo Teliz,CM,Uruguay,0.58,0.66,0.58,0.54,0.63,0.57,0.5,0.65,0.66,0.65,0.69,0.61,0.5,0.44,0.58,0.38,0.64,0.6,0.5,0.63,0.38,0.63,CM,MID,2
El Mami Tetah,LM,Mauritania,0.58,0.71,0.48,0.52,0.63,0.33,0.43,0.74,0.68,0.56,0.87,0.63,0.48,0.39,0.53,0.46,0.34,0.47,0.27,0.26,0.47,0.54,LM,MID,3
Mike Themsen,CM,Denmark,0.58,0.66,0.46,0.55,0.63,0.42,0.54,0.67,0.65,0.63,0.7,0.65,0.58,0.48,0.56,0.48,0.46,0.47,0.33,0.46,0.46,0.6,CM,MID,3
Mihai Toma,CM,Romania,0.58,0.69,0.54,0.59,0.58,0.47,0.53,0.67,0.71,0.71,0.66,0.58,0.53,0.51,0.55,0.46,0.54,0.44,0.42,0.49,0.4,0.54,CM,MID,3
Mathis Touho,LM,France,0.58,0.72,0.59,0.51,0.61,0.35,0.48,0.74,0.71,0.61,0.64,0.62,0.44,0.5,0.5,0.55,0.4,0.4,0.3,0.25,0.45,0.7,LM,MID,3
Jasper Van Oudenhove,CM,Belgium,0.58,0.65,0.43,0.57,0.53,0.53,0.52,0.65,0.65,0.55,0.7,0.53,0.58,0.45,0.61,0.5,0.55,0.49,0.53,0.55,0.5,0.55,CM,MID,2
Jakob Vester,CM,Denmark,0.58,0.71,0.48,0.53,0.64,0.52,0.5,0.72,0.7,0.69,0.64,0.65,0.58,0.43,0.57,0.43,0.56,0.52,0.49,0.56,0.42,0.5,CM,MID,2
Charlie Wellens,CM,England,0.58,0.64,0.54,0.57,0.58,0.54,0.59,0.66,0.63,0.7,0.76,0.6,0.62,0.57,0.67,0.51,0.58,0.49,0.56,0.53,0.43,0.61,CM,MID,2
Will Wilson,LM,Australia,0.58,0.7,0.55,0.55,0.56,0.5,0.61,0.69,0.7,0.65,0.7,0.54,0.59,0.58,0.66,0.56,0.54,0.55,0.45,0.52,0.46,0.7,LM,MID,2
Max Woltman,CAM,England,0.58,0.66,0.54,0.51,0.61,0.21,0.46,0.67,0.65,0.65,0.65,0.62,0.57,0.49,0.5,0.52,0.19,0.18,0.15,0.19,0.51,0.54,CAM,MID,3
Philipp Wydra,CM,Austria,0.58,0.63,0.46,0.54,0.6,0.49,0.53,0.62,0.63,0.52,0.66,0.64,0.56,0.55,0.5,0.49,0.51,0.51,0.46,0.51,0.42,0.46,CM,MID,2
Bilal Yalçınkaya,CAM,Germany,0.58,0.68,0.54,0.54,0.62,0.32,0.45,0.67,0.69,0.7,0.72,0.6,0.49,0.47,0.48,0.42,0.3,0.33,0.34,0.26,0.38,0.58,CAM,MID,3
Yang Chaosheng,RM,China PR,0.58,0.81,0.53,0.46,0.61,0.45,0.53,0.82,0.81,0.84,0.76,0.6,0.49,0.57,0.64,0.64,0.46,0.43,0.43,0.48,0.46,0.56,RM,MID,4
Ephraim Yeboah,RM,Italy,0.58,0.82,0.53,0.48,0.58,0.18,0.4,0.83,0.82,0.68,0.68,0.55,0.5,0.36,0.51,0.55,0.12,0.14,0.15,0.13,0.54,0.45,RM,MID,3
Oğuzhan Efe Yılmaz,CDM,Turkey,0.58,0.58,0.4,0.55,0.57,0.54,0.51,0.61,0.56,0.58,0.51,0.6,0.6,0.46,0.53,0.5,0.6,0.66,0.47,0.48,0.54,0.57,CDM,MID,2
Yoon Min Ho,CAM,Korea Republic,0.58,0.65,0.53,0.52,0.62,0.32,0.42,0.64,0.65,0.78,0.82,0.58,0.48,0.33,0.58,0.32,0.36,0.31,0.33,0.22,0.33,0.61,CAM,MID,3
Jonny Yull,CM,Australia,0.58,0.69,0.49,0.59,0.64,0.46,0.57,0.72,0.66,0.83,0.76,0.62,0.56,0.54,0.66,0.5,0.48,0.45,0.45,0.5,0.39,0.56,CM,MID,3
Desmond Acquah,CAM,Belgium,0.57,0.66,0.49,0.55,0.57,0.39,0.44,0.67,0.65,0.58,0.7,0.59,0.55,0.37,0.51,0.45,0.35,0.42,0.31,0.46,0.53,0.58,CAM,MID,3
Hamza Yiğit Akman,CM,Turkey,0.57,0.73,0.51,0.55,0.7,0.47,0.41,0.78,0.69,0.76,0.87,0.66,0.5,0.33,0.52,0.47,0.51,0.47,0.47,0.41,0.46,0.57,CM,MID,3
Yahya Al Najai,RM,Saudi Arabia,0.57,0.78,0.51,0.51,0.58,0.28,0.53,0.76,0.79,0.64,0.76,0.58,0.49,0.59,0.51,0.56,0.3,0.21,0.25,0.26,0.38,0.52,RM,MID,3
Farha Al Shamrani,CM,Saudi Arabia,0.57,0.66,0.42,0.54,0.59,0.53,0.52,0.67,0.65,0.72,0.86,0.61,0.57,0.47,0.53,0.41,0.58,0.53,0.5,0.59,0.34,0.41,CM,MID,3
Abdihakin Ali,CM,Sweden,0.57,0.64,0.47,0.53,0.61,0.48,0.5,0.63,0.65,0.75,0.78,0.61,0.52,0.42,0.64,0.37,0.52,0.48,0.39,0.56,0.43,0.5,CM,MID,3
Oliver Amby,CDM,Denmark,0.57,0.66,0.41,0.54,0.51,0.56,0.55,0.65,0.67,0.62,0.69,0.55,0.55,0.51,0.58,0.5,0.59,0.56,0.57,0.53,0.45,0.56,CDM,MID,2
Victor Andersson,LM,Sweden,0.57,0.74,0.5,0.53,0.63,0.23,0.34,0.75,0.74,0.82,0.81,0.62,0.38,0.34,0.35,0.36,0.28,0.23,0.18,0.2,0.29,0.46,LM,MID,3
Kai Andrews,CM,Wales,0.57,0.74,0.56,0.54,0.58,0.54,0.59,0.72,0.76,0.58,0.77,0.6,0.47,0.61,0.59,0.68,0.57,0.53,0.51,0.55,0.55,0.6,CM,MID,2
Cameron Antwi,CDM,England,0.57,0.63,0.37,0.51,0.57,0.54,0.62,0.6,0.65,0.65,0.7,0.59,0.51,0.68,0.56,0.58,0.52,0.5,0.58,0.54,0.48,0.46,CDM,MID,2
Alexander Aoraha,CM,Iraq,0.57,0.65,0.44,0.57,0.63,0.46,0.52,0.68,0.63,0.71,0.69,0.64,0.51,0.47,0.61,0.48,0.44,0.46,0.42,0.53,0.48,0.48,CM,MID,3
Isaac Asante,CAM,Ghana,0.57,0.7,0.48,0.49,0.64,0.32,0.49,0.68,0.72,0.64,0.59,0.66,0.48,0.57,0.48,0.51,0.28,0.31,0.32,0.31,0.42,0.41,CAM,MID,3
Ludvig Begby,LM,Norway,0.57,0.65,0.47,0.55,0.56,0.26,0.44,0.69,0.62,0.47,0.84,0.58,0.47,0.42,0.48,0.37,0.31,0.23,0.27,0.16,0.35,0.52,LM,MID,3
Valentin Borcea,CAM,Romania,0.57,0.68,0.51,0.5,0.58,0.43,0.57,0.67,0.69,0.65,0.64,0.58,0.55,0.61,0.62,0.58,0.5,0.42,0.34,0.43,0.49,0.49,CAM,MID,2
Vincent Borden,CDM,United States,0.57,0.59,0.24,0.42,0.48,0.58,0.61,0.52,0.64,0.51,0.43,0.54,0.53,0.66,0.65,0.58,0.61,0.58,0.56,0.59,0.54,0.33,CDM,MID,2
Ryan Brennan,CM,Republic of Ireland,0.57,0.43,0.57,0.56,0.56,0.53,0.61,0.4,0.46,0.53,0.57,0.59,0.57,0.64,0.5,0.59,0.54,0.51,0.52,0.51,0.61,0.55,CM,MID,2
Daniel Bunk,CAM,Germany,0.57,0.63,0.44,0.57,0.61,0.33,0.33,0.6,0.65,0.76,0.81,0.59,0.52,0.31,0.34,0.31,0.3,0.28,0.42,0.25,0.37,0.46,CAM,MID,3
Brandon Cambridge,CM,United States,0.57,0.67,0.35,0.54,0.61,0.49,0.59,0.65,0.68,0.58,0.57,0.65,0.55,0.62,0.61,0.58,0.52,0.52,0.49,0.42,0.48,0.42,CM,MID,2
Josué Castillo,CDM,Bolivia,0.57,0.61,0.39,0.51,0.57,0.54,0.56,0.6,0.61,0.57,0.6,0.59,0.55,0.52,0.68,0.49,0.55,0.52,0.58,0.52,0.46,0.45,CDM,MID,2
Theo Chapman,CAM,England,0.57,0.75,0.52,0.53,0.6,0.33,0.48,0.77,0.74,0.83,0.8,0.54,0.53,0.46,0.58,0.48,0.37,0.25,0.28,0.33,0.39,0.52,CAM,MID,3
Chen Jie,CDM,China PR,0.57,0.55,0.43,0.49,0.56,0.56,0.72,0.56,0.55,0.64,0.72,0.57,0.49,0.74,0.79,0.67,0.55,0.53,0.57,0.56,0.55,0.45,CDM,MID,2
Cristian Chira,CM,Romania,0.57,0.63,0.53,0.58,0.58,0.49,0.57,0.64,0.62,0.6,0.63,0.58,0.52,0.56,0.6,0.54,0.5,0.47,0.49,0.48,0.46,0.51,CM,MID,2
Samy Chouchane,CDM,Tunisia,0.57,0.61,0.44,0.54,0.58,0.56,0.55,0.62,0.6,0.59,0.65,0.6,0.54,0.55,0.5,0.6,0.59,0.59,0.53,0.54,0.56,0.54,CDM,MID,2
Fin Conchie,CM,New Zealand,0.57,0.66,0.45,0.58,0.57,0.52,0.72,0.7,0.62,0.7,0.79,0.56,0.57,0.74,0.69,0.61,0.58,0.55,0.48,0.5,0.43,0.56,CM,MID,2
Kamil Cybulski,CM,Poland,0.57,0.66,0.5,0.58,0.56,0.5,0.53,0.65,0.66,0.6,0.6,0.55,0.51,0.49,0.58,0.51,0.55,0.54,0.44,0.48,0.51,0.53,CM,MID,2
Bajung Darboe,CM,United States,0.57,0.55,0.39,0.52,0.58,0.49,0.54,0.6,0.51,0.58,0.64,0.64,0.43,0.49,0.65,0.47,0.6,0.55,0.4,0.42,0.48,0.54,CM,MID,2
Warren Davis,LM,Republic of Ireland,0.57,0.69,0.47,0.49,0.59,0.25,0.51,0.68,0.69,0.67,0.59,0.55,0.48,0.53,0.59,0.55,0.25,0.22,0.21,0.2,0.5,0.47,LM,MID,3
Aodh Dervin,CM,Republic of Ireland,0.57,0.6,0.5,0.53,0.59,0.55,0.65,0.6,0.6,0.71,0.68,0.58,0.57,0.58,0.78,0.57,0.54,0.52,0.55,0.62,0.51,0.55,CM,MID,2
Romelle Donovan,RM,England,0.57,0.79,0.46,0.49,0.64,0.29,0.45,0.8,0.79,0.86,0.86,0.58,0.46,0.42,0.53,0.45,0.32,0.26,0.28,0.23,0.39,0.46,RM,MID,3
Jacob Dowse,LM,Australia,0.57,0.65,0.54,0.58,0.55,0.44,0.65,0.58,0.71,0.63,0.62,0.53,0.53,0.8,0.36,0.68,0.45,0.42,0.43,0.43,0.51,0.57,LM,MID,2
Yaya Dukuly,LM,Australia,0.57,0.85,0.45,0.47,0.61,0.31,0.54,0.86,0.84,0.79,0.73,0.57,0.54,0.59,0.51,0.61,0.33,0.31,0.27,0.3,0.38,0.5,LM,MID,3
Luke Duzel,CM,Australia,0.57,0.66,0.49,0.58,0.59,0.48,0.62,0.65,0.66,0.68,0.7,0.58,0.54,0.64,0.62,0.54,0.5,0.48,0.46,0.49,0.44,0.55,CM,MID,2
Hayrullah Erkip,LM,Turkey,0.57,0.63,0.56,0.54,0.6,0.34,0.44,0.6,0.65,0.5,0.65,0.62,0.39,0.45,0.49,0.45,0.39,0.39,0.33,0.19,0.47,0.63,LM,MID,3
Aaron Essel,CDM,Ghana,0.57,0.66,0.43,0.48,0.54,0.55,0.68,0.65,0.66,0.68,0.75,0.52,0.56,0.71,0.6,0.66,0.59,0.61,0.51,0.52,0.52,0.5,CDM,MID,2
Justin Ferizaj,CM,Republic of Ireland,0.57,0.66,0.5,0.55,0.59,0.49,0.55,0.61,0.7,0.64,0.65,0.59,0.53,0.48,0.7,0.41,0.46,0.45,0.54,0.51,0.41,0.5,CM,MID,2
Robert Filip,CM,Romania,0.57,0.67,0.5,0.57,0.56,0.49,0.64,0.62,0.71,0.54,0.72,0.59,0.57,0.65,0.7,0.62,0.52,0.48,0.42,0.53,0.53,0.58,CM,MID,2
Nick Firmino,CAM,Brazil,0.57,0.59,0.48,0.54,0.61,0.35,0.49,0.67,0.52,0.65,0.67,0.6,0.52,0.47,0.53,0.42,0.32,0.4,0.3,0.44,0.4,0.42,CAM,MID,3
Ajani Fortune,CM,Trinidad and Tobago,0.57,0.62,0.42,0.55,0.54,0.43,0.55,0.65,0.59,0.57,0.65,0.6,0.57,0.56,0.57,0.54,0.5,0.5,0.34,0.42,0.48,0.51,CM,MID,2
Franciszek Franczak,RM,Poland,0.57,0.71,0.48,0.53,0.62,0.45,0.42,0.74,0.69,0.75,0.93,0.59,0.4,0.31,0.57,0.38,0.49,0.5,0.42,0.42,0.4,0.56,RM,MID,3
Gabriel Gheorghe,CAM,Romania,0.57,0.76,0.43,0.51,0.63,0.37,0.51,0.78,0.74,0.8,0.7,0.63,0.5,0.48,0.52,0.47,0.44,0.38,0.31,0.36,0.32,0.5,CAM,MID,3
Juan José Giménez,RM,Paraguay,0.57,0.72,0.49,0.51,0.61,0.27,0.49,0.73,0.72,0.75,0.79,0.6,0.37,0.42,0.64,0.41,0.27,0.39,0.24,0.18,0.38,0.57,RM,MID,3
Chafik Gourichy,CAM,France,0.57,0.84,0.5,0.51,0.65,0.4,0.44,0.83,0.84,0.78,0.74,0.66,0.5,0.41,0.46,0.52,0.43,0.39,0.36,0.37,0.47,0.53,CAM,MID,3
Victor Emanuel Halvorsen,CM,Norway,0.57,0.57,0.5,0.54,0.57,0.55,0.6,0.57,0.57,0.64,0.54,0.57,0.57,0.59,0.63,0.59,0.56,0.54,0.53,0.58,0.56,0.57,CM,MID,2
Rinto Hanashiro,CAM,Japan,0.57,0.67,0.49,0.52,0.62,0.33,0.44,0.7,0.65,0.73,0.9,0.58,0.62,0.47,0.38,0.42,0.27,0.38,0.39,0.26,0.37,0.52,CAM,MID,3
Calvin Harris,LM,England,0.57,0.67,0.54,0.48,0.6,0.33,0.56,0.69,0.65,0.68,0.6,0.6,0.45,0.61,0.56,0.62,0.36,0.32,0.29,0.26,0.51,0.56,LM,MID,3
Fenton Heard,CAM,England,0.57,0.72,0.51,0.57,0.6,0.42,0.53,0.73,0.72,0.76,0.77,0.56,0.52,0.53,0.6,0.52,0.46,0.4,0.38,0.44,0.44,0.51,CAM,MID,3
Selmin Hodza,RM,Switzerland,0.57,0.64,0.47,0.54,0.57,0.52,0.49,0.62,0.66,0.65,0.71,0.59,0.57,0.42,0.55,0.45,0.51,0.48,0.55,0.51,0.53,0.58,RM,MID,2
Matúš Holíček,LM,Slovakia,0.57,0.74,0.47,0.5,0.6,0.31,0.53,0.76,0.72,0.71,0.79,0.59,0.54,0.56,0.63,0.56,0.29,0.23,0.36,0.25,0.39,0.48,LM,MID,3
Alexandru Irimia,CM,Romania,0.57,0.7,0.47,0.56,0.62,0.43,0.48,0.72,0.69,0.75,0.77,0.61,0.55,0.4,0.53,0.39,0.47,0.41,0.41,0.42,0.36,0.48,CM,MID,3
Jiang Zilei,RM,China PR,0.57,0.75,0.48,0.49,0.6,0.39,0.59,0.74,0.76,0.79,0.69,0.53,0.5,0.61,0.63,0.62,0.34,0.36,0.44,0.38,0.48,0.51,RM,MID,3
Simon Joachims,RM,Germany,0.57,0.69,0.5,0.53,0.53,0.3,0.53,0.7,0.68,0.51,0.55,0.56,0.49,0.55,0.61,0.51,0.27,0.29,0.28,0.33,0.44,0.52,RM,MID,3
Daniel Job,RM,Nigeria,0.57,0.78,0.48,0.49,0.57,0.25,0.54,0.77,0.78,0.62,0.77,0.56,0.48,0.54,0.55,0.54,0.22,0.27,0.21,0.25,0.41,0.52,RM,MID,3
Jung Han Min,LM,Korea Republic,0.57,0.68,0.59,0.45,0.59,0.27,0.57,0.65,0.7,0.57,0.55,0.58,0.5,0.61,0.61,0.61,0.21,0.22,0.29,0.22,0.53,0.65,LM,MID,3
Robin Kalem,RM,Germany,0.57,0.73,0.52,0.52,0.58,0.27,0.53,0.75,0.72,0.69,0.68,0.57,0.4,0.58,0.62,0.55,0.28,0.28,0.22,0.25,0.42,0.55,RM,MID,3
Jardell Kanga,CAM,Sweden,0.57,0.69,0.53,0.55,0.59,0.32,0.56,0.71,0.68,0.62,0.83,0.58,0.55,0.56,0.57,0.51,0.28,0.31,0.37,0.31,0.34,0.53,CAM,MID,3
Brandon Khela,CAM,England,0.57,0.6,0.48,0.57,0.58,0.47,0.55,0.67,0.55,0.62,0.65,0.6,0.57,0.55,0.52,0.5,0.46,0.48,0.46,0.5,0.44,0.51,CAM,MID,2
Evan Khouri,CDM,England,0.57,0.72,0.44,0.53,0.57,0.53,0.61,0.71,0.72,0.71,0.67,0.55,0.56,0.52,0.69,0.5,0.55,0.52,0.5,0.58,0.42,0.47,CDM,MID,2
Kim Dong Jin,CM,Korea Republic,0.57,0.49,0.48,0.54,0.57,0.54,0.6,0.49,0.49,0.57,0.49,0.59,0.56,0.59,0.66,0.49,0.58,0.56,0.49,0.57,0.47,0.49,CM,MID,2
Marcel Krajewski,RM,Poland,0.57,0.66,0.45,0.51,0.58,0.5,0.56,0.68,0.64,0.62,0.61,0.57,0.55,0.56,0.58,0.55,0.52,0.47,0.48,0.51,0.48,0.57,RM,MID,2
Oliver Larraz,CDM,United States,0.57,0.57,0.42,0.54,0.6,0.52,0.5,0.62,0.53,0.61,0.74,0.64,0.5,0.49,0.55,0.4,0.57,0.5,0.53,0.53,0.36,0.48,CDM,MID,2
Lewis Leigh,CM,England,0.57,0.64,0.41,0.56,0.61,0.52,0.5,0.67,0.62,0.71,0.79,0.61,0.52,0.32,0.63,0.33,0.55,0.62,0.51,0.52,0.36,0.51,CM,MID,3
Alexander Leuthard,LM,Germany,0.57,0.7,0.45,0.55,0.57,0.31,0.49,0.69,0.7,0.65,0.78,0.56,0.47,0.52,0.55,0.48,0.29,0.31,0.31,0.29,0.44,0.51,LM,MID,3
Pablo Luján,RM,Bolivia,0.57,0.73,0.46,0.52,0.56,0.41,0.51,0.74,0.73,0.68,0.79,0.52,0.53,0.49,0.58,0.53,0.42,0.46,0.38,0.36,0.49,0.52,RM,MID,3
Mada,CAM,Spain,0.57,0.58,0.44,0.64,0.6,0.47,0.5,0.51,0.63,0.56,0.65,0.66,0.54,0.55,0.41,0.55,0.51,0.56,0.46,0.33,0.55,0.58,CAM,MID,2
Robbie Mahon,LM,Republic of Ireland,0.57,0.66,0.53,0.48,0.58,0.24,0.42,0.67,0.65,0.61,0.61,0.55,0.6,0.4,0.58,0.37,0.24,0.23,0.25,0.16,0.39,0.61,LM,MID,3
Scott McGill,CM,Scotland,0.57,0.71,0.47,0.56,0.59,0.52,0.56,0.72,0.7,0.68,0.71,0.62,0.55,0.57,0.51,0.63,0.54,0.52,0.5,0.53,0.53,0.56,CM,MID,2
Cole McKinnon,CM,Scotland,0.57,0.69,0.54,0.54,0.58,0.53,0.63,0.66,0.72,0.69,0.64,0.58,0.58,0.65,0.6,0.66,0.53,0.49,0.54,0.51,0.56,0.56,CM,MID,2
Brian McManus,CM,Republic of Ireland,0.57,0.54,0.5,0.56,0.58,0.53,0.59,0.57,0.51,0.61,0.67,0.58,0.55,0.57,0.64,0.55,0.53,0.5,0.54,0.54,0.52,0.54,CM,MID,2
Dean McMenamy,CM,Republic of Ireland,0.57,0.65,0.49,0.54,0.56,0.54,0.65,0.68,0.63,0.63,0.68,0.56,0.61,0.65,0.69,0.59,0.56,0.51,0.56,0.53,0.47,0.58,CM,MID,2
Zoran Mitrov,CAM,Romania,0.57,0.73,0.52,0.53,0.6,0.37,0.5,0.71,0.74,0.67,0.49,0.63,0.49,0.52,0.55,0.5,0.36,0.3,0.39,0.36,0.41,0.57,CAM,MID,3
Fabian Monge,CDM,Australia,0.57,0.74,0.48,0.51,0.61,0.54,0.56,0.77,0.72,0.7,0.79,0.62,0.52,0.51,0.61,0.53,0.58,0.55,0.55,0.52,0.41,0.58,CDM,MID,2
Santiago Morales,CAM,United States,0.57,0.64,0.43,0.55,0.6,0.35,0.45,0.66,0.63,0.7,0.63,0.56,0.42,0.45,0.44,0.41,0.39,0.38,0.32,0.28,0.39,0.42,CAM,MID,3
Ivan Nikolov,CM,North Macedonia,0.57,0.68,0.38,0.56,0.63,0.49,0.61,0.69,0.68,0.7,0.72,0.64,0.55,0.6,0.62,0.58,0.46,0.45,0.52,0.53,0.47,0.5,CM,MID,2
Conan Noonan,CM,Republic of Ireland,0.57,0.65,0.49,0.6,0.58,0.5,0.51,0.66,0.64,0.66,0.58,0.6,0.53,0.5,0.6,0.54,0.5,0.44,0.52,0.48,0.51,0.45,CM,MID,2
Trent Ostler,RM,Australia,0.57,0.64,0.55,0.51,0.58,0.5,0.58,0.63,0.65,0.68,0.64,0.59,0.53,0.61,0.61,0.57,0.56,0.52,0.48,0.42,0.49,0.59,RM,MID,2
Ștefan Pacionel,CM,Romania,0.57,0.66,0.5,0.55,0.61,0.51,0.58,0.67,0.66,0.67,0.68,0.6,0.54,0.54,0.65,0.52,0.53,0.49,0.48,0.55,0.47,0.58,CM,MID,2
Harry Pell,CM,England,0.57,0.47,0.58,0.58,0.54,0.55,0.71,0.48,0.46,0.31,0.34,0.6,0.55,0.8,0.53,0.62,0.57,0.55,0.51,0.54,0.65,0.7,CM,MID,0
Rahul Praveen,RM,India,0.57,0.89,0.52,0.46,0.58,0.37,0.52,0.89,0.89,0.76,0.9,0.56,0.42,0.41,0.54,0.63,0.43,0.42,0.36,0.23,0.47,0.55,RM,MID,3
Stefan Radosavljevic,LM,Faroe Islands,0.57,0.75,0.55,0.48,0.57,0.28,0.7,0.78,0.73,0.77,0.74,0.54,0.58,0.75,0.75,0.75,0.23,0.2,0.35,0.19,0.52,0.58,LM,MID,4
Vinit Rai,CDM,India,0.57,0.49,0.53,0.54,0.5,0.53,0.7,0.46,0.52,0.5,0.48,0.53,0.45,0.71,0.8,0.71,0.54,0.51,0.52,0.52,0.55,0.6,CDM,MID,2
Kiban Rai,CAM,Wales,0.57,0.79,0.52,0.54,0.6,0.42,0.45,0.78,0.8,0.75,0.77,0.58,0.53,0.44,0.54,0.59,0.43,0.39,0.4,0.42,0.46,0.52,CAM,MID,3
Filip Rejczyk,CM,Poland,0.57,0.64,0.46,0.56,0.52,0.53,0.68,0.64,0.64,0.56,0.66,0.54,0.49,0.72,0.67,0.59,0.56,0.52,0.51,0.55,0.44,0.57,CM,MID,2
Alwande Roaldsøy,CM,Norway,0.57,0.63,0.48,0.56,0.58,0.54,0.63,0.68,0.58,0.6,0.57,0.6,0.51,0.64,0.6,0.67,0.56,0.52,0.56,0.46,0.58,0.59,CM,MID,2
Benjamin Rosenberger,RM,Austria,0.57,0.67,0.41,0.54,0.57,0.48,0.57,0.77,0.59,0.58,0.75,0.57,0.55,0.56,0.62,0.62,0.54,0.47,0.33,0.62,0.48,0.42,RM,MID,2
Paul Rothrock,RM,United States,0.57,0.68,0.46,0.53,0.57,0.29,0.53,0.69,0.68,0.68,0.71,0.54,0.57,0.47,0.53,0.5,0.28,0.2,0.32,0.29,0.34,0.48,RM,MID,3
Dominic Sadi,LM,England,0.57,0.68,0.56,0.52,0.6,0.31,0.49,0.75,0.62,0.75,0.8,0.58,0.47,0.54,0.43,0.6,0.35,0.37,0.23,0.21,0.52,0.64,LM,MID,3
Lauge Sandgrav,CM,Denmark,0.57,0.6,0.54,0.55,0.58,0.51,0.49,0.62,0.58,0.65,0.62,0.58,0.58,0.52,0.42,0.53,0.52,0.48,0.49,0.54,0.5,0.58,CM,MID,2
Simon Schierack,CM,Germany,0.57,0.64,0.51,0.54,0.58,0.58,0.66,0.63,0.65,0.6,0.57,0.57,0.6,0.7,0.62,0.69,0.6,0.57,0.57,0.55,0.6,0.54,CM,MID,2
Efe-Kaan Sihlaroglu,CM,Germany,0.57,0.64,0.48,0.56,0.59,0.5,0.51,0.69,0.6,0.84,0.77,0.56,0.5,0.5,0.5,0.51,0.55,0.49,0.42,0.54,0.47,0.49,CM,MID,3
Vikram Singh,RM,India,0.57,0.78,0.54,0.49,0.57,0.24,0.49,0.79,0.78,0.71,0.74,0.56,0.51,0.53,0.54,0.54,0.23,0.23,0.19,0.24,0.4,0.57,RM,MID,3
Adrian Skogmar,CM,Sweden,0.57,0.64,0.42,0.53,0.68,0.48,0.64,0.65,0.63,0.8,0.91,0.66,0.61,0.57,0.73,0.58,0.48,0.51,0.44,0.5,0.53,0.51,CM,MID,6
Rei Tachikawa,CM,Japan,0.57,0.61,0.54,0.54,0.59,0.46,0.62,0.66,0.56,0.67,0.61,0.61,0.49,0.64,0.63,0.68,0.48,0.5,0.42,0.48,0.48,0.61,CM,MID,2
Tristan Teuchy,LM,Belgium,0.57,0.69,0.36,0.55,0.63,0.46,0.38,0.75,0.64,0.78,0.88,0.62,0.51,0.29,0.53,0.36,0.55,0.47,0.45,0.38,0.32,0.4,LM,MID,3
Alfie Tuck,CDM,Wales,0.57,0.62,0.33,0.52,0.52,0.53,0.61,0.6,0.64,0.57,0.66,0.55,0.54,0.64,0.58,0.57,0.57,0.52,0.5,0.54,0.48,0.43,CDM,MID,2
Wojciech Urbański,CAM,Poland,0.57,0.61,0.53,0.56,0.55,0.4,0.53,0.59,0.63,0.54,0.59,0.55,0.49,0.58,0.51,0.57,0.48,0.46,0.33,0.3,0.53,0.52,CAM,MID,2
Suhair Vadakkepeedika,RM,India,0.57,0.68,0.52,0.5,0.58,0.31,0.67,0.65,0.7,0.64,0.67,0.57,0.48,0.72,0.68,0.7,0.23,0.23,0.32,0.32,0.56,0.54,RM,MID,3
Jordi Valadon,CDM,Australia,0.57,0.6,0.5,0.54,0.6,0.51,0.42,0.56,0.63,0.61,0.76,0.61,0.62,0.39,0.43,0.3,0.56,0.49,0.54,0.53,0.29,0.55,CDM,MID,3
Farik Ventura,CM,Peru,0.57,0.58,0.42,0.6,0.58,0.45,0.5,0.59,0.58,0.6,0.5,0.59,0.59,0.49,0.55,0.45,0.48,0.46,0.39,0.48,0.46,0.44,CM,MID,2
Wang Yu,CDM,China PR,0.57,0.63,0.38,0.5,0.53,0.5,0.63,0.6,0.65,0.63,0.72,0.58,0.59,0.6,0.75,0.55,0.49,0.5,0.48,0.57,0.46,0.46,CDM,MID,2
Patrick Weber,CM,Switzerland,0.57,0.67,0.5,0.55,0.59,0.46,0.57,0.65,0.69,0.6,0.63,0.59,0.58,0.59,0.54,0.59,0.53,0.46,0.35,0.5,0.52,0.54,CM,MID,2
Sam Woods,CDM,England,0.57,0.5,0.36,0.48,0.51,0.56,0.65,0.48,0.52,0.44,0.47,0.53,0.55,0.71,0.56,0.6,0.57,0.56,0.56,0.56,0.54,0.49,CDM,MID,2
Florian Wustinger,CDM,Austria,0.57,0.66,0.37,0.52,0.61,0.54,0.55,0.69,0.64,0.8,0.83,0.6,0.48,0.56,0.49,0.51,0.61,0.59,0.51,0.52,0.44,0.52,CDM,MID,2
Xu Junmin,CAM,China PR,0.57,0.64,0.48,0.55,0.6,0.31,0.57,0.65,0.64,0.78,0.59,0.62,0.57,0.56,0.7,0.48,0.35,0.34,0.24,0.33,0.36,0.5,CAM,MID,3
Yang Yilin,LM,China PR,0.57,0.59,0.42,0.56,0.57,0.39,0.54,0.56,0.61,0.69,0.64,0.47,0.53,0.49,0.77,0.37,0.48,0.49,0.32,0.33,0.32,0.52,LM,MID,3
Yao Xuchen,RM,China PR,0.57,0.64,0.46,0.52,0.58,0.42,0.54,0.64,0.64,0.7,0.79,0.53,0.57,0.53,0.56,0.51,0.43,0.47,0.38,0.42,0.48,0.48,RM,MID,3
Kai Yearn,CAM,England,0.57,0.7,0.51,0.54,0.58,0.44,0.51,0.69,0.71,0.62,0.76,0.57,0.49,0.51,0.57,0.46,0.46,0.43,0.43,0.43,0.39,0.5,CAM,MID,3
Elton Yeboah,CM,Belgium,0.57,0.64,0.47,0.54,0.53,0.53,0.63,0.66,0.62,0.6,0.58,0.55,0.55,0.67,0.58,0.59,0.63,0.61,0.38,0.6,0.47,0.51,CM,MID,2
Kadan Young,LM,England,0.57,0.66,0.61,0.53,0.58,0.35,0.4,0.7,0.62,0.58,0.75,0.58,0.45,0.42,0.36,0.4,0.4,0.4,0.3,0.3,0.44,0.74,LM,MID,3
Zhang Huachen,CM,China PR,0.57,0.7,0.45,0.56,0.58,0.56,0.63,0.71,0.7,0.8,0.75,0.6,0.58,0.61,0.69,0.62,0.57,0.56,0.58,0.55,0.49,0.52,CM,MID,2
Zhou Dadi,LM,China PR,0.57,0.69,0.49,0.52,0.59,0.42,0.62,0.62,0.75,0.81,0.78,0.56,0.61,0.71,0.54,0.62,0.37,0.38,0.41,0.49,0.49,0.5,LM,MID,2
Zhou Junchen,LM,China PR,0.57,0.79,0.49,0.47,0.59,0.23,0.5,0.78,0.8,0.82,0.79,0.53,0.6,0.53,0.59,0.54,0.15,0.12,0.26,0.26,0.42,0.48,LM,MID,3
Haliq Ablahan,CM,China PR,0.56,0.69,0.42,0.54,0.62,0.47,0.63,0.7,0.69,0.71,0.55,0.58,0.6,0.65,0.65,0.6,0.48,0.48,0.48,0.46,0.46,0.43,CM,MID,2
Hassan Abu Sharara,CAM,Saudi Arabia,0.56,0.69,0.43,0.55,0.61,0.27,0.37,0.71,0.68,0.74,0.75,0.58,0.55,0.31,0.53,0.35,0.16,0.23,0.32,0.34,0.34,0.47,CAM,MID,3
Thamer Al Ali,LM,Saudi Arabia,0.56,0.76,0.52,0.48,0.58,0.25,0.51,0.74,0.78,0.68,0.83,0.55,0.47,0.51,0.6,0.59,0.23,0.18,0.2,0.27,0.53,0.58,LM,MID,3
Firas Al Ghamdi,RM,Saudi Arabia,0.56,0.73,0.48,0.51,0.54,0.48,0.55,0.72,0.74,0.57,0.76,0.54,0.54,0.56,0.55,0.58,0.5,0.45,0.48,0.49,0.45,0.51,RM,MID,2
Mohammed Al Yami,CDM,Saudi Arabia,0.56,0.7,0.33,0.45,0.51,0.56,0.68,0.63,0.75,0.59,0.51,0.49,0.49,0.64,0.72,0.66,0.6,0.6,0.52,0.58,0.45,0.41,CDM,MID,2
José Alipaz,LM,Bolivia,0.56,0.72,0.48,0.52,0.55,0.46,0.55,0.74,0.7,0.68,0.68,0.51,0.52,0.53,0.6,0.55,0.5,0.46,0.38,0.51,0.46,0.57,LM,MID,2
Zishim Bawa,LM,Nigeria,0.56,0.7,0.53,0.47,0.56,0.22,0.54,0.71,0.7,0.6,0.57,0.54,0.48,0.53,0.61,0.58,0.17,0.14,0.2,0.22,0.51,0.53,LM,MID,3
Alfie Bendle,CDM,England,0.56,0.62,0.4,0.5,0.59,0.52,0.59,0.64,0.6,0.69,0.76,0.59,0.54,0.6,0.62,0.56,0.52,0.5,0.53,0.52,0.46,0.48,CDM,MID,2
Lukas Björklund,CM,Sweden,0.56,0.68,0.45,0.57,0.6,0.37,0.59,0.7,0.67,0.64,0.62,0.63,0.54,0.62,0.59,0.54,0.36,0.42,0.35,0.39,0.41,0.59,CM,MID,3
Rhys Bozinovski,CDM,Australia,0.56,0.79,0.43,0.5,0.6,0.5,0.57,0.79,0.79,0.82,0.7,0.6,0.54,0.58,0.66,0.56,0.57,0.52,0.47,0.5,0.37,0.45,CDM,MID,2
Keanu Brandt,LM,Germany,0.56,0.67,0.38,0.52,0.59,0.53,0.48,0.71,0.64,0.68,0.7,0.58,0.52,0.41,0.55,0.41,0.57,0.51,0.5,0.56,0.41,0.55,LM,MID,3
Alan Bród,CAM,Poland,0.56,0.63,0.43,0.55,0.55,0.28,0.45,0.65,0.62,0.7,0.58,0.55,0.5,0.45,0.49,0.38,0.27,0.3,0.31,0.2,0.32,0.52,CAM,MID,3
Frederik Carstensen,RM,Denmark,0.56,0.68,0.49,0.51,0.58,0.22,0.43,0.69,0.68,0.68,0.62,0.6,0.49,0.43,0.5,0.39,0.2,0.2,0.2,0.18,0.41,0.55,RM,MID,3
Carmine Chiappetta,LM,Switzerland,0.56,0.73,0.52,0.48,0.59,0.17,0.43,0.75,0.71,0.76,0.73,0.58,0.49,0.43,0.5,0.51,0.12,0.15,0.17,0.11,0.5,0.51,LM,MID,3
Rocco Coyle,CM,England,0.56,0.63,0.44,0.56,0.56,0.47,0.57,0.6,0.66,0.66,0.68,0.56,0.55,0.58,0.67,0.49,0.52,0.45,0.42,0.48,0.43,0.51,CM,MID,2
Clemilson Da Silva,CM,Bolivia,0.56,0.64,0.52,0.55,0.58,0.49,0.57,0.65,0.64,0.55,0.65,0.58,0.55,0.55,0.6,0.57,0.55,0.51,0.38,0.57,0.5,0.55,CM,MID,2
Kasper Davidsen,CDM,Denmark,0.56,0.62,0.36,0.48,0.53,0.53,0.54,0.62,0.62,0.55,0.57,0.55,0.58,0.51,0.58,0.45,0.54,0.56,0.53,0.54,0.44,0.48,CDM,MID,2
Nevio Di Giusto,CAM,Switzerland,0.56,0.71,0.51,0.54,0.57,0.52,0.43,0.71,0.71,0.72,0.64,0.57,0.49,0.35,0.5,0.47,0.53,0.54,0.51,0.52,0.51,0.55,CAM,MID,3
Hamza El Dahri,CAM,Holland,0.56,0.66,0.43,0.49,0.63,0.32,0.58,0.65,0.66,0.67,0.7,0.64,0.5,0.62,0.54,0.53,0.3,0.33,0.32,0.27,0.43,0.55,CAM,MID,3
Nouri El Harmazi,CAM,Holland,0.56,0.58,0.49,0.55,0.56,0.48,0.54,0.65,0.52,0.62,0.66,0.59,0.58,0.47,0.61,0.54,0.53,0.56,0.41,0.41,0.56,0.56,CAM,MID,2
Kristian Fletcher,LM,United States,0.56,0.73,0.57,0.46,0.59,0.25,0.52,0.72,0.74,0.71,0.59,0.6,0.54,0.6,0.45,0.55,0.25,0.24,0.24,0.22,0.38,0.58,LM,MID,3
Adam Foley,RM,Republic of Ireland,0.56,0.59,0.57,0.5,0.54,0.44,0.58,0.56,0.62,0.5,0.5,0.55,0.49,0.57,0.58,0.59,0.43,0.39,0.45,0.39,0.59,0.59,RM,MID,2
Aimar Govea,LM,Ecuador,0.56,0.66,0.49,0.48,0.61,0.18,0.38,0.69,0.64,0.78,0.8,0.55,0.52,0.33,0.52,0.3,0.17,0.19,0.18,0.17,0.23,0.53,LM,MID,3
Max Grüger,CDM,Germany,0.56,0.63,0.35,0.48,0.54,0.57,0.55,0.64,0.63,0.58,0.67,0.56,0.53,0.51,0.52,0.54,0.58,0.56,0.6,0.56,0.52,0.44,CDM,MID,2
Owen Hampson,CM,Wales,0.56,0.66,0.48,0.56,0.57,0.48,0.61,0.67,0.66,0.68,0.69,0.57,0.55,0.65,0.6,0.58,0.53,0.5,0.4,0.52,0.45,0.55,CM,MID,2
Carlos Harvey,CDM,Panama,0.56,0.53,0.42,0.52,0.54,0.51,0.61,0.56,0.5,0.6,0.7,0.54,0.5,0.64,0.56,0.56,0.51,0.52,0.5,0.52,0.49,0.48,CDM,MID,2
He Zhenyu,RM,China PR,0.56,0.78,0.54,0.48,0.57,0.33,0.6,0.79,0.77,0.76,0.69,0.54,0.48,0.72,0.52,0.64,0.36,0.31,0.24,0.4,0.36,0.66,RM,MID,3
Benjamin Hemcke,RM,Germany,0.56,0.64,0.42,0.5,0.58,0.51,0.57,0.64,0.64,0.63,0.62,0.57,0.59,0.61,0.59,0.57,0.54,0.47,0.52,0.49,0.47,0.5,RM,MID,2
Alex Henderson,CAM,England,0.56,0.7,0.49,0.55,0.57,0.45,0.67,0.68,0.71,0.69,0.66,0.55,0.53,0.69,0.7,0.61,0.48,0.43,0.41,0.45,0.49,0.55,CAM,MID,2
Jackson Hopkins,CAM,United States,0.56,0.65,0.38,0.55,0.58,0.38,0.6,0.67,0.64,0.57,0.56,0.62,0.58,0.62,0.64,0.53,0.36,0.36,0.36,0.42,0.42,0.48,CAM,MID,2
Wilfred George Igor,CM,Nigeria,0.56,0.64,0.48,0.52,0.54,0.48,0.57,0.62,0.65,0.54,0.65,0.55,0.57,0.57,0.62,0.57,0.55,0.54,0.35,0.53,0.51,0.54,CM,MID,2
Sander Håvik Innvær,RM,Norway,0.56,0.66,0.51,0.5,0.57,0.31,0.55,0.65,0.66,0.6,0.65,0.58,0.47,0.62,0.51,0.51,0.29,0.29,0.34,0.3,0.36,0.56,RM,MID,3
Jang Si Young,RM,Korea Republic,0.56,0.69,0.5,0.46,0.59,0.27,0.47,0.68,0.69,0.63,0.72,0.53,0.58,0.55,0.43,0.48,0.28,0.22,0.26,0.27,0.35,0.53,RM,MID,3
Tim Janisch,RM,Germany,0.56,0.69,0.52,0.48,0.59,0.24,0.47,0.72,0.66,0.75,0.55,0.59,0.43,0.5,0.59,0.49,0.25,0.23,0.21,0.21,0.39,0.52,RM,MID,3
Zan Jevsenak,CDM,Slovenia,0.56,0.59,0.34,0.52,0.53,0.53,0.63,0.56,0.61,0.59,0.44,0.56,0.56,0.74,0.47,0.6,0.51,0.58,0.59,0.48,0.47,0.52,CDM,MID,2
Ji Shengpan,RM,China PR,0.56,0.71,0.5,0.48,0.57,0.37,0.57,0.7,0.71,0.61,0.59,0.56,0.5,0.59,0.56,0.52,0.38,0.4,0.32,0.37,0.42,0.48,RM,MID,3
Jiang Ning,CM,China PR,0.56,0.36,0.54,0.59,0.59,0.47,0.51,0.34,0.37,0.58,0.73,0.61,0.52,0.54,0.45,0.41,0.53,0.35,0.44,0.48,0.48,0.54,CM,MID,2
Jung Ji Hoon,LM,Korea Republic,0.56,0.63,0.51,0.46,0.61,0.22,0.42,0.59,0.66,0.67,0.58,0.57,0.51,0.38,0.57,0.32,0.19,0.16,0.18,0.26,0.36,0.46,LM,MID,3
Panagiotis Kattirtzis,CM,Cyprus,0.56,0.63,0.41,0.54,0.6,0.47,0.55,0.64,0.62,0.65,0.77,0.61,0.5,0.53,0.58,0.46,0.47,0.44,0.48,0.49,0.41,0.49,CM,MID,2
Dara Keane,CDM,Republic of Ireland,0.56,0.66,0.49,0.51,0.58,0.52,0.66,0.61,0.7,0.74,0.63,0.55,0.5,0.65,0.77,0.61,0.54,0.45,0.51,0.52,0.53,0.45,CDM,MID,2
Martin Kern,CM,Hungary,0.56,0.65,0.38,0.56,0.59,0.48,0.51,0.63,0.66,0.55,0.73,0.6,0.62,0.49,0.57,0.47,0.46,0.43,0.48,0.51,0.48,0.44,CM,MID,2
Lalthathanga Khawlhring,CM,India,0.56,0.57,0.44,0.55,0.6,0.51,0.63,0.64,0.51,0.68,0.88,0.6,0.51,0.65,0.64,0.63,0.53,0.46,0.49,0.6,0.42,0.48,CM,MID,2
Kim Dae Woo,CM,Korea Republic,0.56,0.6,0.41,0.53,0.58,0.54,0.7,0.57,0.62,0.65,0.64,0.58,0.57,0.71,0.72,0.55,0.54,0.5,0.6,0.53,0.42,0.56,CM,MID,2
Kim Gyu Hyeong,CAM,Korea Republic,0.56,0.65,0.52,0.5,0.59,0.35,0.42,0.63,0.66,0.76,0.88,0.53,0.57,0.36,0.52,0.4,0.27,0.36,0.44,0.27,0.49,0.55,CAM,MID,3
Jakub Konstantyn,LM,Poland,0.56,0.72,0.57,0.53,0.56,0.24,0.47,0.73,0.71,0.71,0.74,0.56,0.38,0.56,0.42,0.54,0.22,0.21,0.26,0.16,0.43,0.62,LM,MID,3
Ritwik Kumar Das,LM,India,0.56,0.67,0.5,0.52,0.55,0.42,0.6,0.64,0.7,0.69,0.69,0.5,0.45,0.63,0.65,0.57,0.42,0.38,0.43,0.39,0.47,0.54,LM,MID,2
Anderson Leguizamón,LM,Paraguay,0.56,0.69,0.49,0.48,0.62,0.21,0.46,0.71,0.68,0.73,0.65,0.58,0.44,0.55,0.43,0.5,0.2,0.23,0.2,0.18,0.32,0.55,LM,MID,3
Li Yongjia,CDM,China PR,0.56,0.66,0.38,0.55,0.55,0.5,0.54,0.65,0.66,0.65,0.61,0.54,0.51,0.5,0.67,0.46,0.5,0.5,0.47,0.59,0.43,0.45,CDM,MID,2
Liu Yue,LM,China PR,0.56,0.76,0.5,0.5,0.56,0.35,0.44,0.74,0.78,0.81,0.81,0.48,0.62,0.41,0.62,0.39,0.36,0.22,0.49,0.2,0.33,0.46,LM,MID,3
Rubén López,CM,Spain,0.56,0.62,0.43,0.57,0.57,0.57,0.56,0.63,0.62,0.52,0.74,0.56,0.58,0.52,0.53,0.61,0.55,0.67,0.53,0.56,0.64,0.6,CM,MID,2
Rafael Lubach,CM,Germany,0.56,0.67,0.5,0.56,0.63,0.5,0.57,0.69,0.66,0.76,0.81,0.62,0.55,0.59,0.63,0.6,0.48,0.51,0.48,0.54,0.52,0.52,CM,MID,2
Mohammed Mahzari,CM,Saudi Arabia,0.56,0.78,0.42,0.52,0.58,0.49,0.63,0.8,0.76,0.68,0.68,0.56,0.58,0.58,0.7,0.57,0.55,0.54,0.43,0.54,0.38,0.48,CM,MID,2
Marco Mannhardt,CM,Germany,0.56,0.53,0.54,0.54,0.59,0.52,0.53,0.54,0.53,0.7,0.67,0.6,0.55,0.51,0.54,0.47,0.52,0.54,0.55,0.49,0.49,0.61,CM,MID,2
Glan Martins,CDM,India,0.56,0.61,0.48,0.53,0.55,0.5,0.67,0.65,0.58,0.63,0.55,0.56,0.43,0.74,0.71,0.58,0.47,0.47,0.52,0.55,0.41,0.6,CDM,MID,2
Glenn McConnell,CAM,Republic of Ireland,0.56,0.6,0.49,0.54,0.58,0.44,0.51,0.63,0.58,0.72,0.79,0.54,0.54,0.5,0.43,0.44,0.48,0.47,0.4,0.43,0.4,0.46,CAM,MID,3
Hazem Mohammed,RM,United Arab Emirates,0.56,0.67,0.45,0.52,0.61,0.34,0.61,0.66,0.67,0.64,0.72,0.62,0.45,0.67,0.56,0.6,0.31,0.35,0.3,0.36,0.49,0.46,RM,MID,3
Thoiba Singh Moirangthem,CDM,India,0.56,0.56,0.39,0.47,0.51,0.52,0.72,0.49,0.62,0.63,0.68,0.5,0.45,0.72,0.75,0.66,0.54,0.5,0.52,0.54,0.46,0.42,CDM,MID,2
Mohammed Naif,LM,Saudi Arabia,0.56,0.73,0.49,0.52,0.55,0.31,0.5,0.75,0.72,0.6,0.69,0.53,0.49,0.53,0.51,0.51,0.3,0.28,0.29,0.32,0.42,0.49,LM,MID,3
Maurice Nugent,CDM,Republic of Ireland,0.56,0.52,0.31,0.45,0.49,0.58,0.64,0.49,0.54,0.56,0.66,0.5,0.54,0.64,0.68,0.63,0.58,0.56,0.56,0.57,0.63,0.33,CDM,MID,2
Niall O'Keeffe,CDM,Republic of Ireland,0.56,0.63,0.5,0.54,0.56,0.53,0.62,0.65,0.61,0.69,0.73,0.55,0.55,0.62,0.6,0.58,0.54,0.52,0.55,0.51,0.48,0.55,CDM,MID,2
Koen Oostenbrink,CDM,Holland,0.56,0.5,0.42,0.51,0.45,0.55,0.57,0.51,0.49,0.37,0.48,0.55,0.39,0.6,0.63,0.51,0.54,0.53,0.55,0.6,0.45,0.51,CDM,MID,2
Mohamed Oukhattou,CAM,Holland,0.56,0.69,0.45,0.5,0.66,0.29,0.38,0.67,0.71,0.78,0.62,0.64,0.53,0.38,0.37,0.36,0.28,0.22,0.24,0.36,0.41,0.54,CAM,MID,3
Timothy Noor Ouma,CAM,Kenya,0.56,0.75,0.45,0.55,0.56,0.38,0.63,0.77,0.73,0.64,0.53,0.59,0.45,0.65,0.65,0.69,0.4,0.38,0.32,0.38,0.51,0.53,CAM,MID,2
Emil Özkan,CM,Sweden,0.56,0.62,0.5,0.53,0.6,0.53,0.52,0.64,0.6,0.78,0.71,0.59,0.51,0.52,0.49,0.5,0.55,0.52,0.53,0.56,0.45,0.55,CM,MID,2
Park Kyu Min,RM,Korea Republic,0.56,0.66,0.51,0.46,0.59,0.23,0.52,0.59,0.71,0.73,0.55,0.56,0.56,0.57,0.57,0.46,0.25,0.26,0.19,0.16,0.38,0.55,RM,MID,3
Christie Pattisson,RM,England,0.56,0.65,0.49,0.52,0.58,0.33,0.56,0.68,0.63,0.63,0.64,0.59,0.48,0.57,0.6,0.51,0.31,0.25,0.35,0.32,0.42,0.51,RM,MID,3
Laurits Raun Pedersen,CM,Denmark,0.56,0.72,0.36,0.57,0.59,0.48,0.57,0.71,0.73,0.59,0.54,0.64,0.54,0.6,0.47,0.6,0.49,0.5,0.46,0.49,0.46,0.51,CM,MID,2
Adrián Peña,CAM,Bolivia,0.56,0.62,0.58,0.58,0.53,0.44,0.53,0.58,0.65,0.55,0.68,0.49,0.49,0.53,0.55,0.52,0.4,0.53,0.4,0.45,0.53,0.6,CAM,MID,2
Kristian Popović,CDM,Australia,0.56,0.63,0.43,0.52,0.54,0.52,0.65,0.58,0.67,0.64,0.62,0.54,0.52,0.7,0.63,0.57,0.54,0.52,0.51,0.52,0.47,0.49,CDM,MID,2
Ramhlunchhunga Ramhlunchhunga,LM,India,0.56,0.7,0.41,0.51,0.58,0.39,0.45,0.69,0.7,0.68,0.77,0.55,0.54,0.38,0.64,0.37,0.42,0.36,0.43,0.31,0.41,0.43,LM,MID,3
Jake Richards,CM,England,0.56,0.72,0.49,0.55,0.58,0.52,0.51,0.73,0.71,0.71,0.74,0.56,0.57,0.49,0.55,0.52,0.54,0.5,0.52,0.52,0.48,0.5,CM,MID,2
Luca Ross,RM,Scotland,0.56,0.8,0.52,0.49,0.55,0.24,0.38,0.79,0.8,0.54,0.72,0.52,0.5,0.39,0.41,0.42,0.27,0.31,0.19,0.18,0.34,0.62,RM,MID,3
Ruan Yang,RM,China PR,0.56,0.67,0.54,0.48,0.59,0.35,0.51,0.7,0.65,0.69,0.74,0.57,0.47,0.48,0.63,0.52,0.34,0.44,0.32,0.3,0.5,0.59,RM,MID,3
Noah Rupp,CM,Switzerland,0.56,0.59,0.49,0.58,0.58,0.48,0.5,0.63,0.55,0.64,0.61,0.61,0.58,0.58,0.35,0.58,0.56,0.57,0.41,0.4,0.54,0.57,CM,MID,2
Santiago Santacruz,CM,Colombia,0.56,0.63,0.43,0.5,0.58,0.45,0.52,0.67,0.6,0.56,0.75,0.63,0.63,0.47,0.58,0.47,0.52,0.4,0.38,0.48,0.45,0.49,CM,MID,2
Aron Sasu,LM,Norway,0.56,0.7,0.47,0.5,0.56,0.33,0.55,0.7,0.7,0.61,0.62,0.55,0.48,0.59,0.55,0.65,0.3,0.37,0.36,0.24,0.46,0.5,LM,MID,3
Jack Senga,CDM,Belgium,0.56,0.54,0.37,0.45,0.53,0.55,0.66,0.55,0.53,0.44,0.58,0.53,0.53,0.66,0.66,0.62,0.56,0.56,0.53,0.55,0.55,0.38,CDM,MID,2
Hitesh Sharma,CM,India,0.56,0.7,0.46,0.53,0.59,0.52,0.63,0.69,0.71,0.74,0.68,0.58,0.55,0.6,0.73,0.58,0.52,0.51,0.52,0.53,0.46,0.48,CM,MID,2
Boris Singh,RM,India,0.56,0.75,0.46,0.51,0.57,0.49,0.46,0.78,0.73,0.7,0.91,0.53,0.47,0.35,0.63,0.56,0.54,0.52,0.45,0.5,0.45,0.47,RM,MID,3
Raf Smekens,CM,Belgium,0.56,0.63,0.44,0.51,0.57,0.53,0.43,0.61,0.64,0.6,0.82,0.62,0.58,0.31,0.58,0.38,0.54,0.5,0.54,0.55,0.49,0.56,CM,MID,3
Taylor Steven,RM,Scotland,0.56,0.78,0.52,0.49,0.56,0.22,0.45,0.81,0.75,0.82,0.8,0.53,0.55,0.4,0.55,0.46,0.19,0.2,0.2,0.18,0.42,0.53,RM,MID,3
Miłosz Strzeboński,CAM,Poland,0.56,0.6,0.41,0.56,0.57,0.4,0.48,0.58,0.62,0.65,0.64,0.6,0.49,0.54,0.39,0.49,0.45,0.5,0.41,0.24,0.47,0.51,CAM,MID,3
Kian Taylor,CM,England,0.56,0.65,0.45,0.55,0.59,0.5,0.55,0.65,0.65,0.72,0.73,0.56,0.55,0.52,0.56,0.54,0.54,0.53,0.44,0.53,0.51,0.52,CM,MID,2
Yusuf Wardak,CAM,Germany,0.56,0.66,0.47,0.52,0.61,0.27,0.46,0.69,0.63,0.74,0.78,0.58,0.42,0.47,0.48,0.39,0.29,0.24,0.28,0.24,0.29,0.51,CAM,MID,3
Mitchell Wassenne,RM,Chile,0.56,0.71,0.42,0.47,0.62,0.17,0.49,0.73,0.7,0.7,0.75,0.59,0.48,0.52,0.56,0.47,0.15,0.18,0.15,0.17,0.32,0.45,RM,MID,3
Charlie Whitaker,CAM,England,0.56,0.63,0.55,0.51,0.59,0.37,0.49,0.65,0.62,0.7,0.67,0.58,0.48,0.52,0.46,0.46,0.43,0.46,0.33,0.28,0.41,0.54,CAM,MID,3
Kai Whitmore,CM,Wales,0.56,0.64,0.5,0.54,0.58,0.47,0.62,0.66,0.63,0.62,0.56,0.58,0.56,0.63,0.69,0.53,0.48,0.41,0.48,0.5,0.41,0.54,CM,MID,2
Bachirou Yameogo,CDM,Burkina Faso,0.56,0.58,0.35,0.47,0.51,0.55,0.74,0.57,0.58,0.56,0.39,0.52,0.49,0.89,0.56,0.76,0.63,0.61,0.47,0.49,0.59,0.46,CDM,MID,2
Noah Yannick,CDM,Cameroon,0.56,0.55,0.35,0.49,0.54,0.56,0.55,0.56,0.55,0.57,0.68,0.58,0.47,0.58,0.45,0.52,0.54,0.56,0.58,0.57,0.49,0.48,CDM,MID,2
Jack Young,CM,England,0.56,0.62,0.47,0.57,0.6,0.49,0.44,0.73,0.53,0.83,0.82,0.56,0.53,0.32,0.6,0.38,0.55,0.53,0.45,0.48,0.41,0.56,CM,MID,3
Zhao Yingjie,CM,China PR,0.56,0.65,0.55,0.52,0.52,0.53,0.66,0.62,0.68,0.67,0.72,0.55,0.59,0.64,0.77,0.57,0.51,0.47,0.56,0.58,0.47,0.69,CM,MID,2
Albin Ahlstrand,CM,Sweden,0.55,0.63,0.52,0.51,0.58,0.42,0.5,0.61,0.64,0.74,0.51,0.57,0.51,0.5,0.58,0.43,0.49,0.47,0.34,0.42,0.4,0.55,CM,MID,3
Sultan Al Akouz,LM,Saudi Arabia,0.55,0.68,0.46,0.52,0.54,0.31,0.45,0.66,0.69,0.57,0.7,0.53,0.48,0.48,0.5,0.4,0.34,0.24,0.32,0.29,0.33,0.49,LM,MID,3
Mohammed Al Aqeel,CM,Saudi Arabia,0.55,0.61,0.37,0.55,0.56,0.54,0.55,0.59,0.62,0.55,0.65,0.57,0.55,0.56,0.6,0.52,0.53,0.54,0.55,0.55,0.47,0.45,CM,MID,2
Mohammed Al Aqel,RM,Saudi Arabia,0.55,0.71,0.52,0.46,0.57,0.24,0.54,0.72,0.7,0.58,0.63,0.57,0.52,0.57,0.55,0.62,0.22,0.19,0.19,0.21,0.51,0.5,RM,MID,3
Abdulrahman Al Enazi,CM,Saudi Arabia,0.55,0.67,0.35,0.55,0.6,0.47,0.56,0.69,0.65,0.69,0.81,0.62,0.51,0.5,0.69,0.55,0.49,0.48,0.44,0.53,0.4,0.41,CM,MID,2
Abdulaziz Al Hotailah,CAM,Saudi Arabia,0.55,0.68,0.49,0.52,0.57,0.35,0.5,0.67,0.68,0.6,0.7,0.56,0.5,0.49,0.55,0.43,0.34,0.37,0.35,0.33,0.42,0.48,CAM,MID,3
Yaseen Al Zubaidi,LM,Saudi Arabia,0.55,0.66,0.43,0.5,0.57,0.28,0.39,0.64,0.68,0.66,0.75,0.55,0.49,0.38,0.45,0.33,0.29,0.26,0.26,0.27,0.34,0.45,LM,MID,3
Isak Alemayehu,CM,Sweden,0.55,0.67,0.48,0.51,0.64,0.41,0.52,0.7,0.65,0.72,0.72,0.64,0.46,0.47,0.65,0.51,0.43,0.45,0.36,0.37,0.51,0.52,CM,MID,3
Matías Alvarado,RM,Chile,0.55,0.66,0.53,0.43,0.59,0.22,0.47,0.69,0.64,0.6,0.68,0.56,0.39,0.53,0.5,0.45,0.2,0.26,0.19,0.21,0.34,0.49,RM,MID,3
Enzo Andrén,CAM,Sweden,0.55,0.62,0.47,0.52,0.56,0.35,0.53,0.63,0.62,0.56,0.75,0.56,0.55,0.52,0.51,0.45,0.37,0.41,0.29,0.36,0.41,0.51,CAM,MID,3
Ethon Archer,CAM,England,0.55,0.85,0.44,0.48,0.63,0.29,0.53,0.88,0.82,0.84,0.83,0.59,0.54,0.53,0.69,0.55,0.31,0.31,0.32,0.21,0.32,0.51,CAM,MID,4
Ahmedin Avdic,CAM,Switzerland,0.55,0.64,0.54,0.53,0.56,0.39,0.48,0.62,0.65,0.55,0.65,0.56,0.54,0.51,0.5,0.45,0.32,0.35,0.49,0.33,0.43,0.57,CAM,MID,3
Moritz Bangerter,CDM,Germany,0.55,0.65,0.41,0.54,0.52,0.49,0.6,0.66,0.64,0.51,0.48,0.59,0.51,0.68,0.57,0.59,0.5,0.53,0.47,0.5,0.46,0.46,CDM,MID,2
Vincy Barretto,RM,India,0.55,0.9,0.46,0.48,0.56,0.24,0.47,0.88,0.91,0.71,0.74,0.54,0.4,0.54,0.39,0.56,0.25,0.26,0.25,0.17,0.33,0.47,RM,MID,3
Mario Butros,CM,Sweden,0.55,0.55,0.45,0.51,0.57,0.42,0.57,0.54,0.56,0.61,0.64,0.56,0.58,0.54,0.64,0.51,0.41,0.48,0.32,0.5,0.52,0.56,CM,MID,2
Ayush Chhetri,CDM,India,0.55,0.54,0.44,0.5,0.56,0.49,0.6,0.51,0.56,0.65,0.69,0.56,0.51,0.61,0.64,0.47,0.55,0.54,0.48,0.43,0.43,0.53,CDM,MID,2
Adam Chojecki,CDM,Poland,0.55,0.63,0.37,0.52,0.53,0.52,0.56,0.64,0.62,0.6,0.65,0.55,0.48,0.55,0.62,0.53,0.55,0.52,0.52,0.51,0.47,0.52,CDM,MID,2
Makan Winkle Chothe,CAM,India,0.55,0.72,0.46,0.52,0.6,0.21,0.38,0.86,0.61,0.77,0.76,0.58,0.41,0.36,0.34,0.44,0.22,0.2,0.16,0.21,0.33,0.48,CAM,MID,3
Farukh Choudhary,LM,India,0.55,0.74,0.46,0.51,0.55,0.39,0.58,0.78,0.71,0.84,0.66,0.51,0.5,0.59,0.48,0.72,0.44,0.42,0.31,0.37,0.49,0.44,LM,MID,3
Joel Colwill,CM,Wales,0.55,0.56,0.45,0.54,0.58,0.52,0.5,0.58,0.55,0.57,0.57,0.61,0.53,0.51,0.5,0.51,0.55,0.53,0.49,0.5,0.5,0.48,CM,MID,2
Cameron Congreve,CM,Wales,0.55,0.63,0.49,0.55,0.61,0.45,0.51,0.62,0.63,0.61,0.63,0.61,0.56,0.54,0.55,0.44,0.45,0.42,0.46,0.51,0.37,0.55,CM,MID,2
Michel Dammeier,CDM,Germany,0.55,0.57,0.36,0.51,0.51,0.52,0.6,0.58,0.56,0.52,0.53,0.49,0.56,0.62,0.61,0.55,0.56,0.52,0.49,0.52,0.49,0.48,CDM,MID,2
Antoine De Bodt,CM,Belgium,0.55,0.59,0.41,0.56,0.53,0.54,0.49,0.55,0.62,0.56,0.68,0.53,0.52,0.46,0.48,0.47,0.54,0.52,0.56,0.52,0.52,0.47,CM,MID,2
Emir Derviskadic,CDM,Norway,0.55,0.67,0.45,0.49,0.55,0.52,0.57,0.66,0.67,0.6,0.8,0.51,0.56,0.53,0.61,0.51,0.53,0.58,0.51,0.52,0.46,0.58,CDM,MID,2
James Edmondson,CDM,England,0.55,0.68,0.44,0.52,0.55,0.5,0.55,0.69,0.67,0.68,0.71,0.54,0.55,0.51,0.63,0.52,0.53,0.5,0.46,0.51,0.48,0.51,CDM,MID,2
Gustav Fraulo,CM,Denmark,0.55,0.67,0.43,0.53,0.52,0.47,0.58,0.66,0.67,0.59,0.63,0.56,0.51,0.61,0.55,0.53,0.52,0.47,0.39,0.52,0.44,0.49,CM,MID,2
Oisin Gallagher,CM,Republic of Ireland,0.55,0.59,0.43,0.54,0.55,0.51,0.61,0.63,0.56,0.55,0.54,0.57,0.55,0.65,0.61,0.61,0.54,0.45,0.48,0.51,0.52,0.47,CM,MID,2
Christian Gammelgaard,RM,Denmark,0.55,0.74,0.51,0.5,0.57,0.36,0.5,0.74,0.74,0.72,0.7,0.55,0.46,0.5,0.54,0.49,0.34,0.28,0.38,0.38,0.39,0.54,RM,MID,3
Konstantin Gerhardt,CM,Germany,0.55,0.64,0.45,0.59,0.55,0.48,0.47,0.65,0.64,0.55,0.75,0.57,0.53,0.47,0.46,0.42,0.51,0.48,0.48,0.46,0.44,0.46,CM,MID,3
Parthib Gogoi,RM,India,0.55,0.8,0.5,0.46,0.56,0.25,0.52,0.78,0.81,0.64,0.59,0.55,0.4,0.54,0.55,0.63,0.23,0.25,0.2,0.26,0.4,0.48,RM,MID,3
Dani González,CM,Spain,0.55,0.66,0.44,0.56,0.59,0.43,0.51,0.65,0.67,0.72,0.73,0.6,0.52,0.49,0.58,0.51,0.5,0.55,0.42,0.26,0.51,0.53,CM,MID,3
Ben Hatton,CAM,England,0.55,0.68,0.47,0.52,0.56,0.5,0.49,0.69,0.67,0.7,0.72,0.54,0.54,0.45,0.56,0.47,0.5,0.52,0.51,0.47,0.48,0.45,CAM,MID,3
Karim Hüneburg,CM,Germany,0.55,0.68,0.43,0.52,0.58,0.49,0.68,0.68,0.68,0.68,0.64,0.6,0.55,0.73,0.63,0.67,0.51,0.49,0.47,0.48,0.51,0.57,CM,MID,2
Aniket Jadhav,LM,India,0.55,0.81,0.51,0.46,0.55,0.28,0.66,0.79,0.82,0.73,0.67,0.53,0.52,0.69,0.58,0.62,0.26,0.3,0.22,0.3,0.41,0.55,LM,MID,3
Jakub Jezierski,CAM,Poland,0.55,0.62,0.49,0.53,0.56,0.4,0.49,0.55,0.67,0.52,0.57,0.58,0.52,0.57,0.37,0.5,0.45,0.54,0.35,0.3,0.46,0.5,CAM,MID,3
August Karlin,CDM,Sweden,0.55,0.57,0.4,0.5,0.62,0.48,0.57,0.63,0.52,0.73,0.76,0.63,0.52,0.53,0.62,0.5,0.5,0.49,0.45,0.48,0.46,0.52,CDM,MID,2
John Klein,RM,United States,0.55,0.64,0.53,0.51,0.59,0.26,0.38,0.71,0.58,0.82,0.77,0.55,0.35,0.34,0.53,0.37,0.27,0.26,0.26,0.19,0.38,0.58,RM,MID,3
Olaf Korczakowski,LM,Poland,0.55,0.68,0.49,0.51,0.56,0.28,0.48,0.68,0.68,0.56,0.7,0.55,0.48,0.54,0.5,0.45,0.27,0.24,0.3,0.23,0.35,0.54,LM,MID,3
Johan Kury,RM,Switzerland,0.55,0.71,0.52,0.47,0.6,0.19,0.48,0.71,0.71,0.76,0.71,0.56,0.45,0.49,0.48,0.46,0.17,0.15,0.16,0.19,0.41,0.59,RM,MID,3
Lee Seung Won,CM,Korea Republic,0.55,0.57,0.42,0.57,0.59,0.44,0.48,0.55,0.58,0.54,0.66,0.59,0.56,0.43,0.54,0.33,0.46,0.48,0.4,0.46,0.39,0.46,CM,MID,3
Li Ning,CM,China PR,0.55,0.7,0.41,0.5,0.6,0.46,0.59,0.7,0.7,0.72,0.68,0.56,0.59,0.6,0.65,0.52,0.48,0.5,0.42,0.53,0.37,0.39,CM,MID,2
Liu Xinyu,RM,China PR,0.55,0.65,0.51,0.49,0.55,0.34,0.67,0.62,0.68,0.61,0.68,0.51,0.55,0.71,0.7,0.68,0.37,0.32,0.23,0.34,0.55,0.54,RM,MID,2
Alfons Lohake,CM,Sweden,0.55,0.56,0.45,0.51,0.57,0.44,0.56,0.53,0.59,0.61,0.67,0.57,0.55,0.54,0.62,0.47,0.46,0.43,0.41,0.43,0.47,0.53,CM,MID,2
Diamant Lokaj,CM,Kosovo,0.55,0.69,0.42,0.49,0.57,0.52,0.61,0.65,0.73,0.69,0.68,0.56,0.57,0.62,0.71,0.67,0.52,0.55,0.47,0.53,0.6,0.33,CM,MID,2
Lu Yongtao,CAM,China PR,0.55,0.64,0.54,0.48,0.56,0.44,0.63,0.64,0.64,0.58,0.65,0.55,0.49,0.71,0.65,0.65,0.44,0.42,0.45,0.38,0.5,0.52,CAM,MID,2
Ronan Maher,CAM,Republic of Ireland,0.55,0.75,0.5,0.52,0.59,0.35,0.44,0.79,0.71,0.85,0.87,0.57,0.45,0.35,0.6,0.41,0.43,0.42,0.32,0.24,0.38,0.53,CAM,MID,3
Gustavo Marecos,CM,Paraguay,0.55,0.58,0.39,0.51,0.59,0.5,0.5,0.62,0.55,0.6,0.75,0.61,0.58,0.47,0.55,0.45,0.54,0.51,0.43,0.58,0.46,0.45,CM,MID,2
Cristian Martínez,CM,Paraguay,0.55,0.64,0.42,0.57,0.51,0.44,0.6,0.62,0.65,0.61,0.61,0.52,0.54,0.59,0.63,0.61,0.42,0.48,0.39,0.47,0.56,0.49,CM,MID,2
Ninthoi Meetei,RM,India,0.55,0.86,0.42,0.47,0.55,0.29,0.46,0.9,0.82,0.8,0.79,0.5,0.5,0.5,0.43,0.64,0.28,0.27,0.25,0.35,0.32,0.43,RM,MID,3
Marcus Melchior,CM,Norway,0.55,0.57,0.45,0.51,0.58,0.47,0.5,0.55,0.58,0.61,0.78,0.56,0.55,0.43,0.63,0.34,0.48,0.51,0.42,0.52,0.44,0.53,CM,MID,3
Max Meyer,LM,Germany,0.55,0.72,0.45,0.51,0.58,0.28,0.47,0.73,0.71,0.78,0.8,0.54,0.51,0.49,0.51,0.47,0.26,0.22,0.23,0.34,0.41,0.53,LM,MID,3
Araphat Mohammed,CM,Ghana,0.55,0.68,0.35,0.53,0.61,0.46,0.6,0.67,0.68,0.66,0.72,0.62,0.53,0.64,0.55,0.62,0.52,0.5,0.39,0.41,0.51,0.48,CM,MID,2
Amín Molinas,CM,Paraguay,0.55,0.63,0.43,0.52,0.56,0.41,0.48,0.62,0.63,0.57,0.7,0.6,0.54,0.48,0.58,0.39,0.45,0.42,0.35,0.44,0.36,0.45,CM,MID,3
Rudi Molotnikov,CAM,Scotland,0.55,0.67,0.5,0.53,0.57,0.34,0.5,0.68,0.66,0.67,0.68,0.54,0.55,0.5,0.52,0.46,0.32,0.3,0.39,0.29,0.42,0.53,CAM,MID,3
Pierrick Moulin,CAM,Switzerland,0.55,0.61,0.42,0.58,0.56,0.38,0.45,0.52,0.68,0.51,0.65,0.59,0.51,0.49,0.4,0.37,0.47,0.47,0.36,0.21,0.4,0.52,CAM,MID,3
Adam Nhaili,CAM,Belgium,0.55,0.62,0.56,0.47,0.63,0.19,0.44,0.71,0.54,0.68,0.78,0.59,0.48,0.52,0.32,0.49,0.15,0.11,0.15,0.22,0.41,0.63,CAM,MID,3
Nolan Norris,CM,United States,0.55,0.64,0.56,0.5,0.59,0.51,0.5,0.61,0.67,0.6,0.71,0.58,0.59,0.44,0.58,0.41,0.56,0.5,0.44,0.55,0.48,0.53,CM,MID,2
Arne Hopland Ødegård,CM,Norway,0.55,0.59,0.44,0.52,0.58,0.44,0.64,0.6,0.59,0.66,0.67,0.59,0.52,0.7,0.63,0.58,0.46,0.46,0.38,0.47,0.45,0.58,CM,MID,2
Nickson Okosun,LM,Republic of Ireland,0.55,0.74,0.51,0.47,0.53,0.31,0.59,0.73,0.75,0.51,0.43,0.56,0.41,0.66,0.48,0.67,0.28,0.27,0.29,0.29,0.54,0.55,LM,MID,3
Muhammet Ali Özbaskıcı,CAM,Turkey,0.55,0.64,0.46,0.54,0.57,0.46,0.47,0.62,0.65,0.54,0.8,0.53,0.6,0.42,0.5,0.48,0.48,0.52,0.41,0.42,0.56,0.6,CAM,MID,3
Isaiah Parente,CAM,United States,0.55,0.56,0.43,0.57,0.61,0.45,0.43,0.63,0.5,0.68,0.76,0.6,0.45,0.5,0.37,0.44,0.51,0.42,0.41,0.44,0.4,0.53,CAM,MID,3
Nick Pariano,CAM,United States,0.55,0.62,0.41,0.6,0.58,0.35,0.46,0.63,0.61,0.7,0.85,0.57,0.46,0.42,0.56,0.36,0.36,0.49,0.33,0.26,0.4,0.4,CAM,MID,3
Sebastian Quirk,CM,England,0.55,0.7,0.52,0.56,0.61,0.51,0.53,0.7,0.7,0.79,0.72,0.58,0.53,0.51,0.56,0.52,0.55,0.47,0.52,0.48,0.49,0.59,CM,MID,2
Ben Radcliffe,CM,England,0.55,0.64,0.45,0.51,0.54,0.55,0.65,0.66,0.63,0.63,0.58,0.54,0.56,0.67,0.68,0.63,0.56,0.53,0.55,0.53,0.53,0.53,CM,MID,2
Oliver Ramis,CDM,Chile,0.55,0.63,0.35,0.49,0.5,0.51,0.52,0.62,0.64,0.59,0.78,0.5,0.49,0.46,0.6,0.4,0.55,0.47,0.48,0.55,0.39,0.48,CDM,MID,2
Princeton Rebello,CDM,India,0.55,0.53,0.43,0.53,0.59,0.5,0.6,0.48,0.57,0.66,0.78,0.57,0.46,0.61,0.65,0.5,0.52,0.51,0.5,0.49,0.45,0.44,CDM,MID,2
Alberto Risco,CAM,Spain,0.55,0.6,0.43,0.57,0.55,0.38,0.43,0.56,0.63,0.47,0.7,0.55,0.56,0.44,0.37,0.33,0.47,0.46,0.34,0.29,0.37,0.55,CAM,MID,3
Darren Robinson,CM,Northern Ireland,0.55,0.61,0.42,0.52,0.59,0.56,0.56,0.58,0.63,0.6,0.62,0.62,0.6,0.53,0.56,0.52,0.57,0.58,0.53,0.58,0.53,0.58,CM,MID,2
Rilwanu Sarki,RM,Nigeria,0.55,0.73,0.46,0.48,0.58,0.23,0.36,0.73,0.73,0.62,0.76,0.63,0.42,0.32,0.52,0.35,0.27,0.23,0.21,0.16,0.32,0.53,RM,MID,3
Alex Servian,CAM,Paraguay,0.55,0.65,0.47,0.51,0.57,0.41,0.38,0.63,0.66,0.51,0.81,0.59,0.57,0.31,0.58,0.29,0.46,0.38,0.38,0.45,0.31,0.46,CAM,MID,3
Sol Sidibé,CM,England,0.55,0.77,0.52,0.54,0.57,0.47,0.6,0.75,0.79,0.74,0.71,0.53,0.54,0.6,0.6,0.57,0.51,0.45,0.44,0.48,0.42,0.66,CM,MID,2
Jitendra Singh,CDM,India,0.55,0.76,0.42,0.5,0.55,0.53,0.64,0.69,0.81,0.77,0.73,0.53,0.48,0.71,0.47,0.67,0.52,0.53,0.52,0.55,0.5,0.47,CDM,MID,2
Jakub Snopczyński,CAM,Poland,0.55,0.72,0.47,0.5,0.61,0.33,0.34,0.73,0.71,0.72,0.76,0.58,0.56,0.34,0.31,0.39,0.33,0.34,0.32,0.28,0.42,0.55,CAM,MID,3
Simone Stroscio,CDM,Switzerland,0.55,0.61,0.41,0.5,0.51,0.53,0.51,0.64,0.59,0.55,0.72,0.5,0.55,0.48,0.51,0.5,0.54,0.55,0.53,0.52,0.52,0.51,CDM,MID,2
Jithin Subran,LM,India,0.55,0.77,0.48,0.49,0.55,0.33,0.54,0.76,0.78,0.67,0.71,0.54,0.44,0.59,0.61,0.56,0.36,0.35,0.26,0.37,0.38,0.47,LM,MID,3
Ellis Taylor,LM,England,0.55,0.72,0.47,0.49,0.55,0.43,0.46,0.74,0.71,0.72,0.6,0.54,0.47,0.48,0.54,0.44,0.47,0.42,0.45,0.4,0.33,0.54,LM,MID,3
Dylan Teves,RM,United States,0.55,0.65,0.55,0.48,0.55,0.44,0.46,0.67,0.63,0.63,0.71,0.53,0.5,0.4,0.57,0.41,0.46,0.43,0.46,0.4,0.45,0.59,RM,MID,3
Redeem Tlang,RM,India,0.55,0.74,0.45,0.48,0.55,0.29,0.55,0.71,0.76,0.72,0.69,0.54,0.49,0.53,0.69,0.49,0.35,0.21,0.29,0.2,0.38,0.52,RM,MID,3
Cheveyo Tsawa,CAM,Switzerland,0.55,0.62,0.41,0.59,0.55,0.45,0.48,0.6,0.63,0.48,0.68,0.56,0.46,0.48,0.48,0.46,0.51,0.5,0.4,0.38,0.48,0.48,CAM,MID,3
Emre Uzun,CM,Turkey,0.55,0.57,0.54,0.57,0.62,0.43,0.41,0.55,0.59,0.6,0.73,0.6,0.46,0.39,0.45,0.38,0.46,0.53,0.46,0.25,0.49,0.6,CM,MID,3
Christie Ward,CAM,England,0.55,0.7,0.53,0.54,0.56,0.52,0.54,0.69,0.71,0.6,0.74,0.54,0.51,0.6,0.58,0.66,0.53,0.48,0.51,0.49,0.58,0.6,CAM,MID,2
Fabian Wilfinger,CM,Austria,0.55,0.67,0.43,0.52,0.56,0.53,0.6,0.66,0.67,0.66,0.65,0.57,0.53,0.6,0.59,0.56,0.57,0.55,0.48,0.55,0.45,0.55,CM,MID,2
Nathan Wood,LM,Wales,0.55,0.68,0.51,0.52,0.54,0.39,0.55,0.67,0.68,0.63,0.62,0.53,0.53,0.58,0.57,0.58,0.4,0.3,0.38,0.36,0.5,0.54,LM,MID,3
Xu Yang,LM,China PR,0.55,0.54,0.55,0.55,0.57,0.57,0.55,0.55,0.54,0.5,0.81,0.52,0.56,0.63,0.34,0.49,0.6,0.52,0.61,0.58,0.42,0.58,LM,MID,2
Yoon Suk Ju,CDM,Korea Republic,0.55,0.56,0.38,0.52,0.51,0.53,0.54,0.57,0.55,0.6,0.68,0.55,0.51,0.57,0.52,0.55,0.55,0.51,0.52,0.55,0.51,0.45,CDM,MID,2
Marcus Younis,RM,Australia,0.55,0.75,0.46,0.44,0.64,0.32,0.51,0.77,0.74,0.78,0.77,0.62,0.47,0.54,0.48,0.53,0.33,0.28,0.28,0.36,0.41,0.51,RM,MID,3
Abudulam Abdurasul,RM,China PR,0.54,0.73,0.4,0.49,0.57,0.38,0.53,0.76,0.7,0.65,0.76,0.55,0.45,0.58,0.55,0.55,0.46,0.48,0.35,0.24,0.38,0.45,RM,MID,3
Omar Al Jadaani,LM,Saudi Arabia,0.54,0.68,0.52,0.47,0.56,0.26,0.39,0.71,0.65,0.72,0.82,0.5,0.48,0.32,0.52,0.36,0.29,0.29,0.25,0.17,0.39,0.59,LM,MID,3
Sharafi Al Saleem,CDM,Saudi Arabia,0.54,0.64,0.31,0.5,0.55,0.52,0.53,0.67,0.62,0.59,0.72,0.56,0.5,0.49,0.62,0.43,0.53,0.5,0.52,0.53,0.44,0.34,CDM,MID,2
César Álvarez,CM,Peru,0.54,0.6,0.43,0.54,0.56,0.38,0.42,0.6,0.6,0.61,0.74,0.57,0.55,0.42,0.44,0.35,0.42,0.41,0.32,0.38,0.42,0.44,CM,MID,3
Martin Alvsaker,RM,Norway,0.54,0.66,0.53,0.47,0.53,0.23,0.51,0.63,0.69,0.6,0.61,0.51,0.52,0.56,0.52,0.48,0.21,0.22,0.19,0.21,0.41,0.58,RM,MID,3
Nathan Amanatidis,LM,Australia,0.54,0.76,0.49,0.43,0.6,0.26,0.5,0.78,0.74,0.7,0.73,0.6,0.34,0.58,0.35,0.56,0.29,0.28,0.2,0.21,0.39,0.56,LM,MID,3
Joel Anasmo,LM,Australia,0.54,0.74,0.5,0.48,0.51,0.25,0.56,0.73,0.75,0.53,0.43,0.56,0.34,0.63,0.56,0.57,0.24,0.23,0.23,0.21,0.4,0.57,LM,MID,3
Hugo Andersson Mella,CAM,Sweden,0.54,0.59,0.48,0.47,0.55,0.41,0.51,0.58,0.59,0.58,0.72,0.55,0.53,0.49,0.54,0.45,0.41,0.39,0.38,0.42,0.48,0.51,CAM,MID,3
Emil Benny,CAM,India,0.54,0.68,0.45,0.55,0.56,0.42,0.58,0.67,0.69,0.64,0.76,0.56,0.44,0.57,0.68,0.5,0.46,0.49,0.34,0.42,0.43,0.47,CAM,MID,3
Oskar Boesen,CM,Denmark,0.54,0.65,0.44,0.52,0.59,0.44,0.57,0.64,0.65,0.65,0.67,0.6,0.54,0.62,0.54,0.56,0.44,0.42,0.45,0.41,0.45,0.45,CM,MID,2
Muhammed Canazlar,CM,Austria,0.54,0.61,0.43,0.56,0.61,0.36,0.45,0.61,0.61,0.57,0.75,0.6,0.5,0.47,0.43,0.4,0.34,0.48,0.38,0.25,0.41,0.53,CM,MID,3
Nicolás Cárcamo,CM,Chile,0.54,0.6,0.43,0.52,0.5,0.45,0.63,0.58,0.62,0.55,0.51,0.53,0.48,0.66,0.65,0.5,0.53,0.5,0.38,0.44,0.39,0.46,CM,MID,2
Yiğit Emre Çeltik,CM,Turkey,0.54,0.67,0.46,0.52,0.61,0.44,0.48,0.68,0.66,0.72,0.81,0.56,0.5,0.39,0.57,0.36,0.42,0.43,0.46,0.44,0.41,0.6,CM,MID,3
Chen Keqiang,LM,China PR,0.54,0.56,0.52,0.5,0.56,0.44,0.58,0.53,0.58,0.61,0.62,0.55,0.58,0.61,0.55,0.53,0.42,0.45,0.42,0.49,0.48,0.56,LM,MID,2
Chen Chunxin,CM,China PR,0.54,0.72,0.4,0.54,0.57,0.49,0.56,0.76,0.68,0.73,0.71,0.56,0.53,0.55,0.67,0.6,0.48,0.46,0.48,0.53,0.47,0.5,CM,MID,2
Joel Cotterill,CM,Wales,0.54,0.57,0.43,0.54,0.53,0.47,0.54,0.62,0.53,0.56,0.65,0.52,0.54,0.53,0.53,0.5,0.48,0.45,0.49,0.44,0.49,0.63,CM,MID,2
Abdulkarim Darisi,RM,Saudi Arabia,0.54,0.65,0.38,0.5,0.54,0.39,0.55,0.67,0.64,0.52,0.66,0.53,0.5,0.61,0.5,0.53,0.39,0.35,0.38,0.4,0.42,0.42,RM,MID,3
Sourav Das,CDM,India,0.54,0.42,0.36,0.49,0.52,0.48,0.68,0.41,0.43,0.64,0.72,0.51,0.51,0.67,0.69,0.5,0.46,0.48,0.51,0.45,0.48,0.44,CDM,MID,2
Nassim El Ouarti,CDM,Germany,0.54,0.56,0.46,0.51,0.53,0.52,0.58,0.53,0.59,0.63,0.56,0.54,0.49,0.62,0.51,0.53,0.52,0.49,0.54,0.51,0.48,0.53,CDM,MID,2
Luis Engelns,CAM,Germany,0.54,0.65,0.5,0.51,0.54,0.43,0.43,0.65,0.65,0.63,0.64,0.51,0.48,0.44,0.45,0.36,0.46,0.43,0.42,0.43,0.37,0.49,CAM,MID,3
Filip Gustafsson,CDM,Sweden,0.54,0.53,0.35,0.49,0.54,0.53,0.53,0.52,0.54,0.57,0.63,0.55,0.54,0.58,0.41,0.53,0.56,0.55,0.51,0.52,0.52,0.47,CDM,MID,2
Taha Habroune,CAM,United States,0.54,0.63,0.44,0.53,0.59,0.5,0.48,0.65,0.61,0.7,0.64,0.59,0.5,0.49,0.5,0.42,0.48,0.46,0.52,0.54,0.43,0.5,CAM,MID,3
Nawaf Hazazi,RM,Saudi Arabia,0.54,0.79,0.45,0.46,0.59,0.23,0.43,0.78,0.79,0.82,0.81,0.55,0.39,0.39,0.56,0.49,0.2,0.24,0.29,0.16,0.31,0.47,RM,MID,3
Alexander Hidalgo,CAM,Peru,0.54,0.7,0.46,0.49,0.54,0.24,0.42,0.67,0.72,0.56,0.69,0.54,0.55,0.45,0.44,0.4,0.24,0.23,0.23,0.2,0.36,0.39,CAM,MID,3
Oliver Højer,CM,Denmark,0.54,0.73,0.51,0.54,0.57,0.39,0.41,0.75,0.72,0.7,0.7,0.58,0.55,0.35,0.49,0.38,0.41,0.4,0.38,0.39,0.36,0.53,CM,MID,3
William Kallenbach,RM,Germany,0.54,0.68,0.49,0.45,0.57,0.32,0.46,0.69,0.68,0.62,0.74,0.57,0.56,0.44,0.46,0.37,0.25,0.29,0.33,0.38,0.37,0.56,RM,MID,3
Kim Han Seo,CM,Korea Republic,0.54,0.69,0.39,0.51,0.58,0.49,0.57,0.7,0.68,0.72,0.72,0.58,0.52,0.57,0.62,0.51,0.5,0.45,0.5,0.51,0.42,0.45,CM,MID,2
Samba Koné,CDM,Côte d'Ivoire,0.54,0.59,0.35,0.51,0.51,0.52,0.6,0.62,0.56,0.58,0.55,0.51,0.54,0.67,0.5,0.65,0.54,0.57,0.49,0.48,0.55,0.53,CDM,MID,2
Rohit Kumar,CDM,India,0.54,0.43,0.44,0.49,0.55,0.5,0.65,0.33,0.52,0.65,0.51,0.56,0.5,0.69,0.6,0.58,0.5,0.49,0.5,0.52,0.49,0.52,CDM,MID,2
Jerry Lawrence,CM,England,0.54,0.69,0.45,0.52,0.57,0.45,0.47,0.72,0.67,0.71,0.72,0.58,0.53,0.46,0.53,0.55,0.5,0.42,0.41,0.46,0.42,0.49,CM,MID,3
Alex Lindelöv,CM,Sweden,0.54,0.58,0.46,0.51,0.55,0.48,0.58,0.62,0.54,0.6,0.56,0.56,0.57,0.59,0.64,0.57,0.51,0.5,0.38,0.56,0.52,0.55,CM,MID,2
Ben Lloyd,CAM,Wales,0.54,0.54,0.46,0.51,0.62,0.3,0.36,0.56,0.53,0.63,0.69,0.62,0.48,0.36,0.35,0.29,0.29,0.34,0.33,0.23,0.35,0.49,CAM,MID,3
Favian Loyola,CM,United States,0.54,0.68,0.42,0.56,0.61,0.35,0.46,0.66,0.69,0.57,0.72,0.6,0.54,0.45,0.52,0.38,0.41,0.38,0.37,0.24,0.32,0.47,CM,MID,3
Benjamin Mazzeo,RM,Australia,0.54,0.75,0.45,0.45,0.55,0.33,0.51,0.78,0.72,0.77,0.66,0.49,0.53,0.46,0.58,0.53,0.35,0.3,0.29,0.3,0.46,0.5,RM,MID,3
Law McCabe,CAM,England,0.54,0.72,0.46,0.53,0.56,0.39,0.52,0.73,0.71,0.71,0.77,0.55,0.48,0.53,0.61,0.5,0.43,0.37,0.36,0.39,0.4,0.51,CAM,MID,3
Liam Möller,CAM,Finland,0.54,0.73,0.48,0.51,0.56,0.34,0.45,0.74,0.72,0.7,0.75,0.58,0.56,0.42,0.51,0.39,0.34,0.32,0.36,0.29,0.35,0.54,CAM,MID,3
Isaac Moore,CM,England,0.54,0.67,0.4,0.51,0.53,0.46,0.6,0.66,0.68,0.54,0.61,0.49,0.58,0.58,0.62,0.55,0.4,0.46,0.44,0.55,0.48,0.59,CM,MID,2
Kitt Nelson,CAM,England,0.54,0.65,0.46,0.52,0.59,0.35,0.36,0.68,0.63,0.81,0.86,0.56,0.43,0.32,0.45,0.31,0.38,0.33,0.3,0.39,0.3,0.47,CAM,MID,3
Matthew O'Brien,CM,Republic of Ireland,0.54,0.61,0.53,0.54,0.55,0.51,0.6,0.61,0.61,0.64,0.62,0.53,0.52,0.62,0.53,0.59,0.53,0.48,0.48,0.52,0.5,0.54,CM,MID,2
William Osnes-Ringen,CAM,Norway,0.54,0.62,0.47,0.52,0.59,0.38,0.54,0.6,0.63,0.68,0.68,0.58,0.48,0.54,0.58,0.49,0.38,0.36,0.36,0.38,0.45,0.54,CAM,MID,3
Nicolas Popescu,CM,Romania,0.54,0.69,0.4,0.52,0.58,0.52,0.55,0.66,0.72,0.73,0.53,0.55,0.52,0.55,0.57,0.49,0.57,0.52,0.51,0.48,0.44,0.55,CM,MID,2
Brooklyn Raines,CM,United States,0.54,0.72,0.44,0.5,0.58,0.48,0.44,0.73,0.72,0.57,0.75,0.57,0.55,0.34,0.57,0.39,0.46,0.48,0.5,0.5,0.43,0.53,CM,MID,3
Jayesh Rane,CDM,India,0.54,0.66,0.5,0.53,0.6,0.48,0.63,0.62,0.69,0.81,0.68,0.55,0.5,0.68,0.72,0.52,0.43,0.49,0.54,0.49,0.37,0.56,CDM,MID,2
Brian Romero,RM,United States,0.54,0.67,0.47,0.48,0.57,0.23,0.37,0.66,0.68,0.56,0.81,0.54,0.42,0.37,0.41,0.33,0.28,0.28,0.16,0.15,0.35,0.6,RM,MID,3
Raul Rotund,CM,Romania,0.54,0.64,0.46,0.59,0.55,0.38,0.51,0.64,0.64,0.65,0.7,0.56,0.55,0.54,0.55,0.44,0.4,0.47,0.39,0.3,0.38,0.55,CM,MID,3
Yannis Ryter,CM,Switzerland,0.54,0.59,0.55,0.51,0.54,0.52,0.49,0.58,0.59,0.57,0.68,0.54,0.58,0.48,0.45,0.44,0.59,0.5,0.5,0.5,0.46,0.56,CM,MID,2
Ture Sandberg,CM,Sweden,0.54,0.56,0.45,0.49,0.55,0.45,0.59,0.59,0.54,0.56,0.65,0.57,0.52,0.58,0.63,0.53,0.47,0.46,0.39,0.48,0.49,0.5,CM,MID,2
Matthew Scarcella,CM,Australia,0.54,0.64,0.44,0.51,0.62,0.46,0.4,0.58,0.69,0.56,0.77,0.64,0.52,0.46,0.32,0.39,0.54,0.51,0.41,0.42,0.42,0.54,CM,MID,3
Christian Schmidt,CAM,Germany,0.54,0.47,0.59,0.44,0.56,0.24,0.63,0.55,0.4,0.56,0.48,0.58,0.48,0.72,0.55,0.7,0.16,0.18,0.22,0.24,0.62,0.62,CAM,MID,2
Jiteshwor Singh,CDM,India,0.54,0.37,0.37,0.48,0.55,0.5,0.47,0.33,0.41,0.59,0.7,0.55,0.56,0.43,0.48,0.34,0.51,0.5,0.51,0.52,0.4,0.47,CDM,MID,2
Harrison Sohna,CM,England,0.54,0.66,0.4,0.53,0.58,0.49,0.54,0.69,0.64,0.79,0.73,0.55,0.49,0.48,0.66,0.43,0.48,0.46,0.51,0.52,0.42,0.46,CM,MID,3
Sima Suso,CDM,Germany,0.54,0.61,0.37,0.5,0.53,0.51,0.62,0.63,0.59,0.53,0.48,0.53,0.55,0.71,0.49,0.69,0.53,0.54,0.46,0.5,0.56,0.56,CDM,MID,2
Luis Toomey,CAM,New Zealand,0.54,0.6,0.47,0.54,0.56,0.4,0.6,0.63,0.58,0.52,0.63,0.55,0.5,0.63,0.72,0.5,0.38,0.38,0.4,0.44,0.36,0.43,CAM,MID,2
Felipe Valencia,RM,United States,0.54,0.7,0.51,0.45,0.59,0.23,0.32,0.7,0.7,0.77,0.78,0.55,0.49,0.34,0.32,0.33,0.2,0.22,0.21,0.24,0.34,0.56,RM,MID,3
Wu Wei,CM,China PR,0.54,0.62,0.47,0.5,0.54,0.54,0.69,0.63,0.61,0.62,0.59,0.55,0.5,0.73,0.77,0.57,0.55,0.51,0.54,0.58,0.42,0.6,CM,MID,2
Rhys Youlley,CAM,Australia,0.54,0.65,0.5,0.51,0.57,0.4,0.48,0.7,0.61,0.74,0.74,0.54,0.5,0.47,0.55,0.42,0.42,0.42,0.36,0.41,0.39,0.58,CAM,MID,3
Merdanjan Abduklim,LM,China PR,0.53,0.7,0.47,0.51,0.49,0.23,0.49,0.68,0.71,0.55,0.78,0.49,0.37,0.56,0.54,0.46,0.25,0.23,0.21,0.2,0.32,0.57,LM,MID,3
Joel Anker,CAM,England,0.53,0.63,0.47,0.54,0.54,0.38,0.39,0.64,0.62,0.66,0.81,0.52,0.47,0.35,0.46,0.32,0.47,0.44,0.33,0.31,0.37,0.49,CAM,MID,3
Leon Augustine,RM,India,0.53,0.8,0.42,0.47,0.53,0.26,0.52,0.79,0.81,0.65,0.74,0.5,0.35,0.57,0.56,0.54,0.26,0.28,0.26,0.22,0.32,0.45,RM,MID,3
Luca Nicolae Banu,CDM,Romania,0.53,0.52,0.39,0.48,0.51,0.52,0.54,0.51,0.53,0.58,0.64,0.5,0.56,0.57,0.54,0.49,0.56,0.52,0.5,0.49,0.49,0.42,CDM,MID,2
Stephen Bolma,CM,Ghana,0.53,0.58,0.38,0.52,0.57,0.47,0.45,0.59,0.58,0.62,0.44,0.58,0.4,0.45,0.48,0.36,0.5,0.46,0.48,0.5,0.34,0.36,CM,MID,3
Isak Brusberg,CM,Sweden,0.53,0.6,0.51,0.5,0.55,0.31,0.6,0.59,0.61,0.59,0.56,0.56,0.49,0.62,0.59,0.63,0.38,0.32,0.22,0.21,0.59,0.48,CM,MID,3
Noel Caliskan,CM,Germany,0.53,0.59,0.4,0.52,0.55,0.51,0.55,0.57,0.6,0.6,0.64,0.56,0.54,0.54,0.54,0.43,0.6,0.45,0.46,0.49,0.44,0.52,CM,MID,2
Pietro Candelari,CM,Italy,0.53,0.55,0.44,0.52,0.58,0.47,0.46,0.56,0.54,0.58,0.57,0.57,0.58,0.44,0.46,0.39,0.48,0.49,0.41,0.52,0.48,0.53,CM,MID,2
Victor Cespedes,LM,Paraguay,0.53,0.68,0.57,0.45,0.56,0.23,0.49,0.71,0.65,0.65,0.71,0.58,0.35,0.51,0.51,0.49,0.24,0.22,0.15,0.21,0.44,0.68,LM,MID,3
Charlie Cummins,CM,Republic of Ireland,0.53,0.62,0.41,0.51,0.53,0.47,0.66,0.63,0.61,0.6,0.58,0.51,0.51,0.71,0.61,0.62,0.51,0.47,0.39,0.54,0.49,0.52,CM,MID,2
Herbert Endeley,RM,United States,0.53,0.74,0.52,0.45,0.54,0.31,0.52,0.74,0.74,0.61,0.66,0.52,0.49,0.58,0.48,0.54,0.35,0.37,0.28,0.2,0.4,0.58,RM,MID,3
Baran Ali Gezek,CAM,Turkey,0.53,0.46,0.46,0.54,0.59,0.43,0.41,0.55,0.38,0.57,0.72,0.6,0.43,0.39,0.47,0.32,0.49,0.48,0.39,0.38,0.44,0.49,CAM,MID,3
Lalrinliana Hnamte,LM,India,0.53,0.56,0.43,0.48,0.55,0.43,0.66,0.54,0.58,0.6,0.61,0.55,0.52,0.62,0.73,0.57,0.4,0.43,0.44,0.49,0.41,0.46,LM,MID,2
Bailey Hobson,CAM,England,0.53,0.69,0.43,0.51,0.53,0.4,0.56,0.7,0.68,0.63,0.65,0.52,0.43,0.54,0.61,0.47,0.42,0.41,0.39,0.37,0.41,0.45,CAM,MID,3
Hong Jae Seok,CDM,Korea Republic,0.53,0.51,0.37,0.44,0.46,0.52,0.63,0.54,0.49,0.41,0.42,0.46,0.49,0.71,0.55,0.62,0.55,0.49,0.48,0.53,0.53,0.39,CDM,MID,2
Mohammed Irshad,CDM,India,0.53,0.5,0.42,0.47,0.5,0.49,0.77,0.52,0.49,0.59,0.65,0.5,0.42,0.83,0.72,0.68,0.49,0.49,0.47,0.49,0.52,0.45,CDM,MID,2
Sigge Jansson,CDM,Sweden,0.53,0.58,0.33,0.51,0.54,0.5,0.49,0.6,0.57,0.54,0.62,0.54,0.53,0.49,0.44,0.5,0.55,0.51,0.44,0.48,0.54,0.4,CDM,MID,2
Adam Kardaś,CDM,Poland,0.53,0.64,0.49,0.56,0.6,0.44,0.54,0.68,0.61,0.7,0.67,0.6,0.51,0.51,0.63,0.46,0.41,0.46,0.45,0.44,0.43,0.54,CDM,MID,3
Jonas Karner,CAM,Austria,0.53,0.6,0.46,0.51,0.57,0.31,0.46,0.55,0.64,0.51,0.75,0.56,0.56,0.47,0.47,0.36,0.29,0.42,0.33,0.24,0.37,0.57,CAM,MID,3
Imran Khan,LM,India,0.53,0.64,0.45,0.5,0.55,0.49,0.53,0.68,0.6,0.66,0.66,0.55,0.55,0.51,0.5,0.51,0.54,0.52,0.43,0.48,0.47,0.45,LM,MID,2
Kim Jeong Hyun,CAM,Korea Republic,0.53,0.62,0.48,0.5,0.57,0.35,0.51,0.61,0.63,0.61,0.63,0.58,0.56,0.52,0.54,0.42,0.36,0.32,0.38,0.32,0.35,0.53,CAM,MID,3
Niilo Kujasalo,CM,Finland,0.53,0.62,0.45,0.49,0.52,0.44,0.56,0.61,0.63,0.56,0.63,0.52,0.54,0.56,0.59,0.53,0.48,0.41,0.37,0.48,0.48,0.52,CM,MID,2
Patryk Kusztal,LM,Poland,0.53,0.65,0.56,0.45,0.57,0.2,0.47,0.68,0.63,0.56,0.73,0.54,0.47,0.49,0.54,0.42,0.19,0.16,0.15,0.18,0.41,0.54,LM,MID,3
Saurav Mandal,RM,India,0.53,0.75,0.46,0.49,0.52,0.3,0.56,0.78,0.72,0.67,0.7,0.48,0.43,0.6,0.64,0.56,0.31,0.31,0.28,0.31,0.31,0.5,RM,MID,3
Ben McCrystal,LM,Scotland,0.53,0.72,0.41,0.48,0.55,0.26,0.44,0.75,0.7,0.62,0.67,0.53,0.4,0.42,0.54,0.4,0.28,0.27,0.28,0.16,0.37,0.47,LM,MID,3
Muhammed Nemil,CAM,India,0.53,0.73,0.41,0.51,0.55,0.35,0.55,0.77,0.69,0.78,0.69,0.53,0.46,0.55,0.65,0.55,0.43,0.4,0.35,0.2,0.4,0.46,CAM,MID,3
Sydie Peck,CM,Wales,0.53,0.69,0.46,0.53,0.56,0.49,0.54,0.68,0.69,0.73,0.75,0.55,0.46,0.5,0.6,0.5,0.54,0.5,0.42,0.51,0.47,0.55,CM,MID,3
Arran Pettifer,CM,England,0.53,0.62,0.45,0.53,0.56,0.4,0.48,0.6,0.64,0.63,0.72,0.56,0.52,0.47,0.53,0.45,0.35,0.44,0.42,0.4,0.48,0.53,CM,MID,3
Diego Alonso Plaza,CM,Chile,0.53,0.62,0.43,0.52,0.52,0.4,0.46,0.62,0.62,0.57,0.62,0.55,0.52,0.36,0.59,0.38,0.41,0.45,0.33,0.4,0.48,0.51,CM,MID,3
Mobashir Rahman,CM,India,0.53,0.63,0.48,0.5,0.55,0.48,0.69,0.67,0.59,0.68,0.66,0.55,0.55,0.66,0.62,0.68,0.5,0.45,0.44,0.52,0.45,0.53,CM,MID,2
Lalchhanhima Sailo,CDM,India,0.53,0.61,0.39,0.47,0.54,0.52,0.45,0.63,0.6,0.54,0.91,0.56,0.57,0.42,0.43,0.44,0.54,0.49,0.55,0.45,0.53,0.46,CDM,MID,3
Rio Shipston,CM,England,0.53,0.63,0.45,0.51,0.56,0.48,0.55,0.59,0.67,0.66,0.73,0.58,0.5,0.52,0.6,0.48,0.49,0.52,0.47,0.44,0.49,0.56,CM,MID,2
Almoatasim Siddiq,RM,Saudi Arabia,0.53,0.78,0.41,0.47,0.58,0.23,0.39,0.81,0.76,0.83,0.81,0.52,0.43,0.37,0.44,0.41,0.22,0.29,0.25,0.17,0.3,0.42,RM,MID,3
Tobias Sommer,CDM,Denmark,0.53,0.46,0.36,0.47,0.52,0.51,0.61,0.53,0.41,0.5,0.56,0.55,0.45,0.68,0.53,0.58,0.55,0.51,0.51,0.46,0.52,0.47,CDM,MID,2
Song Chang Seok,CAM,Korea Republic,0.53,0.65,0.5,0.43,0.56,0.37,0.62,0.62,0.67,0.58,0.6,0.56,0.47,0.66,0.63,0.68,0.34,0.38,0.35,0.3,0.6,0.48,CAM,MID,2
Tao Qianglong,RM,China PR,0.53,0.65,0.52,0.42,0.6,0.32,0.51,0.66,0.65,0.82,0.76,0.53,0.49,0.59,0.55,0.54,0.28,0.18,0.26,0.45,0.45,0.52,RM,MID,3
Sahil Tavora,CDM,India,0.53,0.67,0.49,0.51,0.49,0.49,0.66,0.69,0.65,0.62,0.68,0.48,0.5,0.7,0.62,0.56,0.49,0.49,0.5,0.49,0.43,0.5,CDM,MID,2
Oscar Thorn,RM,England,0.53,0.8,0.49,0.42,0.54,0.41,0.54,0.8,0.8,0.67,0.76,0.5,0.47,0.62,0.59,0.65,0.44,0.41,0.39,0.39,0.45,0.5,RM,MID,3
Piotr Urbanski,CAM,Poland,0.53,0.63,0.39,0.57,0.55,0.39,0.57,0.56,0.69,0.55,0.65,0.58,0.51,0.69,0.48,0.51,0.42,0.49,0.42,0.24,0.41,0.46,CAM,MID,2
Kamiel Van de Perre,CM,Belgium,0.53,0.73,0.39,0.52,0.59,0.41,0.42,0.74,0.72,0.78,0.85,0.56,0.53,0.35,0.53,0.36,0.37,0.4,0.42,0.49,0.32,0.56,CM,MID,3
Gabe Wadsworth,CM,England,0.53,0.71,0.44,0.5,0.55,0.41,0.66,0.72,0.71,0.71,0.73,0.54,0.52,0.65,0.71,0.57,0.46,0.42,0.36,0.39,0.41,0.5,CM,MID,2
Harry Whitwell,CM,England,0.53,0.65,0.46,0.54,0.54,0.47,0.56,0.63,0.66,0.68,0.65,0.54,0.51,0.58,0.63,0.49,0.52,0.45,0.44,0.48,0.43,0.52,CM,MID,2
Theo Williams,RM,England,0.53,0.75,0.48,0.43,0.57,0.39,0.49,0.76,0.74,0.71,0.69,0.52,0.48,0.55,0.5,0.56,0.4,0.33,0.38,0.37,0.44,0.53,RM,MID,3
Kyrell Wilson,RM,England,0.53,0.75,0.45,0.42,0.57,0.23,0.44,0.77,0.73,0.72,0.73,0.54,0.46,0.35,0.52,0.37,0.21,0.23,0.23,0.22,0.27,0.47,RM,MID,3
Deniz Zeitler,LM,Germany,0.53,0.7,0.44,0.51,0.51,0.3,0.47,0.67,0.72,0.56,0.71,0.58,0.41,0.49,0.52,0.39,0.36,0.33,0.21,0.31,0.32,0.52,LM,MID,3
Emmanuel Agyemang,CAM,Ghana,0.52,0.61,0.44,0.5,0.59,0.32,0.51,0.61,0.61,0.52,0.65,0.59,0.49,0.55,0.49,0.45,0.3,0.42,0.33,0.25,0.36,0.57,CAM,MID,3
Nasser Al Bishi,CAM,Saudi Arabia,0.52,0.67,0.41,0.52,0.55,0.34,0.45,0.61,0.72,0.55,0.81,0.54,0.53,0.55,0.33,0.44,0.34,0.36,0.4,0.24,0.33,0.47,CAM,MID,3
Wilmer Andersson,CM,Sweden,0.52,0.55,0.47,0.48,0.52,0.41,0.56,0.58,0.53,0.55,0.65,0.53,0.53,0.55,0.59,0.51,0.45,0.46,0.32,0.41,0.49,0.53,CM,MID,2
Wahengbam Angousana,CM,India,0.52,0.56,0.37,0.48,0.53,0.47,0.57,0.54,0.58,0.64,0.71,0.54,0.5,0.46,0.8,0.46,0.46,0.45,0.45,0.53,0.43,0.38,CM,MID,2
Rhys Bartley,CM,Republic of Ireland,0.52,0.63,0.46,0.51,0.55,0.51,0.55,0.63,0.63,0.6,0.57,0.55,0.51,0.57,0.49,0.56,0.52,0.5,0.5,0.53,0.5,0.52,CM,MID,2
Mads Bomholt,CM,Denmark,0.52,0.62,0.41,0.49,0.51,0.48,0.53,0.64,0.6,0.52,0.65,0.59,0.56,0.47,0.64,0.45,0.46,0.44,0.5,0.49,0.46,0.51,CM,MID,2
Andy Breuer,CM,Germany,0.52,0.65,0.42,0.51,0.61,0.42,0.42,0.65,0.65,0.82,0.85,0.59,0.58,0.36,0.52,0.39,0.5,0.45,0.39,0.28,0.47,0.45,CM,MID,3
Jaxon Brown,CDM,England,0.52,0.67,0.33,0.47,0.49,0.48,0.6,0.68,0.66,0.67,0.71,0.49,0.47,0.63,0.65,0.53,0.52,0.48,0.46,0.49,0.43,0.44,CDM,MID,2
Fin Cartwright,CAM,England,0.52,0.66,0.44,0.51,0.54,0.42,0.61,0.64,0.68,0.7,0.67,0.53,0.49,0.6,0.66,0.56,0.45,0.41,0.39,0.42,0.47,0.52,CAM,MID,2
Emin Durakovic,LM,Australia,0.52,0.63,0.5,0.49,0.53,0.4,0.42,0.66,0.6,0.71,0.63,0.51,0.47,0.35,0.53,0.31,0.44,0.39,0.38,0.42,0.34,0.55,LM,MID,3
Danish Farooq Bhat,CM,India,0.52,0.61,0.53,0.52,0.56,0.39,0.61,0.63,0.6,0.63,0.56,0.56,0.49,0.69,0.59,0.67,0.41,0.32,0.34,0.35,0.59,0.5,CM,MID,2
Alex Ferguson,CM,Scotland,0.52,0.66,0.47,0.49,0.55,0.47,0.51,0.64,0.68,0.71,0.61,0.54,0.5,0.45,0.62,0.49,0.47,0.5,0.46,0.42,0.53,0.58,CM,MID,2
Almar Gjerd Grindhaug,CM,Norway,0.52,0.59,0.43,0.51,0.56,0.47,0.56,0.58,0.59,0.64,0.67,0.55,0.51,0.58,0.54,0.46,0.49,0.46,0.48,0.47,0.41,0.49,CM,MID,2
Lind Hajdari,CAM,Austria,0.52,0.66,0.47,0.48,0.58,0.3,0.47,0.69,0.64,0.72,0.71,0.56,0.36,0.57,0.33,0.5,0.22,0.19,0.35,0.33,0.43,0.45,CAM,MID,3
Nawaf Hawsawi,CDM,Saudi Arabia,0.52,0.65,0.4,0.47,0.53,0.48,0.56,0.67,0.63,0.56,0.7,0.53,0.5,0.55,0.6,0.53,0.5,0.49,0.48,0.48,0.45,0.5,CDM,MID,2
Sota Kitahara,CM,United States,0.52,0.64,0.4,0.53,0.56,0.49,0.5,0.65,0.64,0.64,0.73,0.56,0.59,0.49,0.54,0.41,0.49,0.48,0.49,0.52,0.4,0.44,CM,MID,2
Freddy Lallawmawma,CDM,India,0.52,0.56,0.4,0.46,0.51,0.48,0.62,0.49,0.61,0.58,0.75,0.5,0.52,0.58,0.75,0.48,0.52,0.52,0.44,0.45,0.49,0.46,CDM,MID,2
Lee Seung Joon,RM,Korea Republic,0.52,0.63,0.42,0.48,0.54,0.29,0.49,0.63,0.63,0.68,0.7,0.51,0.43,0.46,0.58,0.37,0.28,0.26,0.33,0.24,0.34,0.56,RM,MID,3
Mihăiță Lemnaru,CM,Romania,0.52,0.62,0.36,0.5,0.55,0.47,0.54,0.61,0.63,0.61,0.64,0.56,0.5,0.55,0.57,0.46,0.48,0.44,0.47,0.49,0.4,0.48,CM,MID,2
Gallagher Lennon,CM,Northern Ireland,0.52,0.62,0.38,0.51,0.5,0.44,0.52,0.63,0.62,0.52,0.85,0.5,0.5,0.46,0.63,0.45,0.45,0.5,0.43,0.42,0.46,0.55,CM,MID,3
Liu Chaoyang,CAM,China PR,0.52,0.65,0.43,0.44,0.55,0.44,0.56,0.66,0.64,0.6,0.58,0.56,0.53,0.57,0.53,0.58,0.45,0.46,0.43,0.4,0.52,0.43,CAM,MID,2
Paris Lock,LM,England,0.52,0.66,0.46,0.43,0.57,0.28,0.46,0.66,0.66,0.53,0.7,0.53,0.4,0.45,0.55,0.38,0.3,0.31,0.28,0.2,0.34,0.53,LM,MID,3
Samuel James Lyngdoh Kynshi,CM,India,0.52,0.61,0.49,0.49,0.52,0.49,0.6,0.68,0.55,0.52,0.66,0.52,0.51,0.62,0.57,0.58,0.53,0.51,0.45,0.48,0.48,0.54,CM,MID,2
Theo Mawene,CAM,England,0.52,0.67,0.4,0.49,0.54,0.51,0.58,0.64,0.7,0.68,0.65,0.54,0.52,0.6,0.63,0.56,0.53,0.51,0.5,0.52,0.46,0.42,CAM,MID,2
Harry McHugh,CM,England,0.52,0.73,0.44,0.54,0.56,0.4,0.47,0.72,0.74,0.72,0.68,0.54,0.52,0.45,0.53,0.43,0.4,0.4,0.44,0.36,0.38,0.47,CM,MID,3
Donay O'Brien-Brady,CAM,England,0.52,0.75,0.46,0.48,0.56,0.3,0.47,0.71,0.78,0.71,0.68,0.53,0.5,0.48,0.52,0.43,0.3,0.33,0.3,0.27,0.35,0.47,CAM,MID,3
Lewis O'Donnell,CM,Scotland,0.52,0.62,0.41,0.51,0.55,0.5,0.5,0.61,0.63,0.62,0.69,0.57,0.54,0.48,0.47,0.48,0.52,0.58,0.44,0.49,0.51,0.49,CM,MID,2
Park Chae Jun,RM,Korea Republic,0.52,0.59,0.45,0.47,0.56,0.23,0.4,0.56,0.61,0.64,0.72,0.53,0.42,0.38,0.51,0.28,0.23,0.21,0.2,0.23,0.33,0.44,RM,MID,3
Nikhil Prabhu,CDM,India,0.52,0.5,0.38,0.44,0.5,0.52,0.63,0.48,0.52,0.47,0.6,0.52,0.4,0.74,0.54,0.67,0.57,0.56,0.48,0.49,0.49,0.42,CDM,MID,2
Paul Ramfangzauva,CDM,India,0.52,0.5,0.34,0.48,0.5,0.47,0.69,0.44,0.54,0.6,0.59,0.49,0.48,0.71,0.68,0.59,0.47,0.46,0.48,0.49,0.44,0.49,CDM,MID,2
Lalliansanga Renthlei,CDM,India,0.52,0.61,0.31,0.47,0.44,0.46,0.71,0.6,0.61,0.53,0.59,0.41,0.5,0.71,0.76,0.61,0.48,0.46,0.43,0.44,0.49,0.42,CDM,MID,2
Caleb Roberts,CAM,England,0.52,0.61,0.42,0.5,0.55,0.34,0.46,0.59,0.63,0.56,0.68,0.57,0.52,0.53,0.34,0.43,0.31,0.42,0.39,0.2,0.44,0.53,CAM,MID,3
Tarik Scott,LM,United States,0.52,0.73,0.44,0.45,0.54,0.34,0.44,0.73,0.73,0.73,0.66,0.53,0.4,0.44,0.49,0.4,0.38,0.33,0.33,0.28,0.39,0.49,LM,MID,3
Ricky John Shabong,CDM,India,0.52,0.45,0.36,0.43,0.48,0.49,0.64,0.34,0.54,0.52,0.67,0.48,0.48,0.64,0.73,0.42,0.51,0.51,0.47,0.49,0.43,0.45,CDM,MID,2
Son Seung Beom,LM,Korea Republic,0.52,0.66,0.45,0.48,0.53,0.25,0.59,0.65,0.66,0.64,0.68,0.48,0.42,0.61,0.62,0.49,0.25,0.24,0.22,0.25,0.34,0.55,LM,MID,3
Ioan Tolea,CM,Romania,0.52,0.67,0.44,0.53,0.55,0.51,0.56,0.68,0.66,0.63,0.62,0.53,0.52,0.53,0.62,0.54,0.52,0.51,0.5,0.53,0.5,0.56,CM,MID,2
Amidou Traore,CM,Côte d'Ivoire,0.52,0.62,0.44,0.5,0.54,0.51,0.55,0.59,0.64,0.59,0.61,0.52,0.53,0.58,0.54,0.55,0.52,0.5,0.51,0.49,0.5,0.53,CM,MID,2
Lewis Trickett,LM,Northern Ireland,0.52,0.75,0.49,0.43,0.55,0.3,0.44,0.76,0.75,0.73,0.72,0.5,0.48,0.39,0.58,0.4,0.35,0.23,0.3,0.26,0.34,0.52,LM,MID,3
Callum Tripp,CM,England,0.52,0.69,0.39,0.49,0.54,0.47,0.64,0.65,0.72,0.68,0.59,0.54,0.55,0.69,0.63,0.59,0.5,0.44,0.46,0.47,0.46,0.45,CM,MID,2
Gerardo Valenzuela,CAM,United States,0.52,0.69,0.45,0.5,0.5,0.39,0.53,0.7,0.68,0.56,0.6,0.45,0.55,0.52,0.54,0.46,0.42,0.39,0.36,0.4,0.4,0.49,CAM,MID,3
Morgan Williams,CM,Wales,0.52,0.67,0.46,0.49,0.53,0.46,0.6,0.66,0.68,0.64,0.59,0.52,0.49,0.61,0.62,0.52,0.51,0.45,0.44,0.44,0.44,0.54,CM,MID,2
Zheng Xuejian,CM,China PR,0.52,0.62,0.4,0.52,0.55,0.52,0.65,0.64,0.6,0.59,0.55,0.58,0.48,0.71,0.59,0.62,0.54,0.52,0.52,0.53,0.48,0.42,CM,MID,2
Abdulrahman Al Hamyani,CAM,Saudi Arabia,0.51,0.64,0.39,0.47,0.54,0.42,0.44,0.64,0.64,0.57,0.77,0.52,0.51,0.42,0.4,0.35,0.43,0.38,0.41,0.42,0.41,0.45,CAM,MID,3
Ayman Fallatah,CDM,Saudi Arabia,0.51,0.54,0.33,0.46,0.49,0.5,0.55,0.55,0.54,0.56,0.64,0.51,0.52,0.62,0.39,0.53,0.52,0.47,0.48,0.51,0.46,0.41,CDM,MID,2
Danny Flores,CM,United States,0.51,0.64,0.4,0.52,0.56,0.39,0.44,0.65,0.63,0.63,0.78,0.56,0.46,0.44,0.5,0.35,0.4,0.39,0.45,0.3,0.38,0.45,CM,MID,3
Wayne Frederick,CAM,Trinidad and Tobago,0.51,0.65,0.47,0.44,0.56,0.32,0.43,0.61,0.68,0.53,0.66,0.56,0.46,0.44,0.42,0.33,0.33,0.31,0.37,0.23,0.35,0.49,CAM,MID,3
Vanlalpeka Guite,CM,India,0.51,0.55,0.38,0.5,0.5,0.41,0.46,0.53,0.57,0.49,0.45,0.53,0.53,0.41,0.45,0.3,0.42,0.44,0.39,0.41,0.4,0.5,CM,MID,3
David Hicks,CM,England,0.51,0.59,0.42,0.49,0.52,0.45,0.47,0.57,0.6,0.58,0.69,0.52,0.52,0.44,0.54,0.32,0.46,0.44,0.44,0.47,0.39,0.4,CM,MID,3
Jo Jun Hyeon,CAM,Korea Republic,0.51,0.58,0.42,0.47,0.51,0.4,0.56,0.56,0.6,0.58,0.57,0.47,0.53,0.62,0.54,0.49,0.42,0.39,0.38,0.39,0.43,0.51,CAM,MID,2
Wataru Kamijo,CDM,Australia,0.51,0.66,0.39,0.48,0.52,0.46,0.37,0.68,0.65,0.75,0.79,0.56,0.56,0.34,0.3,0.32,0.54,0.52,0.43,0.41,0.38,0.39,CDM,MID,3
Kang Young Suk,CDM,Korea Republic,0.51,0.55,0.32,0.46,0.49,0.49,0.51,0.53,0.56,0.63,0.78,0.46,0.51,0.48,0.56,0.35,0.53,0.46,0.48,0.5,0.38,0.44,CDM,MID,2
Kim Hyun Seo,CM,Korea Republic,0.51,0.68,0.39,0.51,0.56,0.32,0.49,0.7,0.67,0.65,0.73,0.57,0.52,0.45,0.58,0.39,0.44,0.33,0.24,0.25,0.34,0.47,CM,MID,3
Bego Kujrakovic,CDM,Austria,0.51,0.64,0.35,0.5,0.5,0.5,0.52,0.65,0.64,0.66,0.67,0.52,0.34,0.57,0.34,0.57,0.56,0.54,0.47,0.45,0.5,0.46,CDM,MID,2
Lee Yun Geon,CDM,Korea Republic,0.51,0.66,0.38,0.47,0.48,0.48,0.57,0.62,0.7,0.58,0.69,0.41,0.53,0.57,0.64,0.53,0.45,0.46,0.5,0.49,0.47,0.52,CDM,MID,2
Oskar Leśniak,LM,Poland,0.51,0.61,0.43,0.46,0.58,0.34,0.38,0.53,0.68,0.57,0.72,0.56,0.48,0.4,0.31,0.28,0.31,0.39,0.39,0.26,0.36,0.52,LM,MID,3
Brandon Liggett,CM,England,0.51,0.7,0.41,0.49,0.55,0.43,0.57,0.77,0.64,0.79,0.83,0.5,0.53,0.49,0.67,0.57,0.47,0.41,0.37,0.43,0.5,0.54,CM,MID,3
Jakub Niemczyk,LM,Poland,0.51,0.72,0.46,0.42,0.54,0.17,0.48,0.73,0.72,0.68,0.7,0.5,0.44,0.53,0.5,0.54,0.14,0.18,0.15,0.12,0.45,0.5,LM,MID,3
Naorem Nongdamba,LM,India,0.51,0.69,0.47,0.45,0.51,0.31,0.56,0.65,0.72,0.64,0.68,0.5,0.38,0.61,0.53,0.51,0.34,0.34,0.25,0.3,0.41,0.5,LM,MID,3
Tyron Owusu,CM,Switzerland,0.51,0.6,0.33,0.51,0.51,0.52,0.55,0.64,0.57,0.59,0.61,0.49,0.55,0.56,0.51,0.57,0.51,0.59,0.48,0.54,0.53,0.44,CM,MID,2
Park Jang Han Gyeol,CAM,Korea Republic,0.51,0.63,0.4,0.54,0.51,0.29,0.43,0.58,0.67,0.59,0.7,0.56,0.45,0.38,0.54,0.27,0.29,0.32,0.28,0.29,0.29,0.44,CAM,MID,3
Malik Pinto,CM,United States,0.51,0.57,0.4,0.51,0.53,0.5,0.56,0.63,0.52,0.61,0.61,0.53,0.52,0.59,0.5,0.54,0.52,0.53,0.48,0.5,0.49,0.42,CM,MID,2
Nelson Prenner,CAM,Austria,0.51,0.68,0.39,0.5,0.5,0.43,0.57,0.67,0.69,0.51,0.63,0.47,0.49,0.57,0.62,0.5,0.45,0.51,0.4,0.39,0.44,0.56,CAM,MID,2
Sheikh Sahil,CDM,India,0.51,0.46,0.36,0.45,0.5,0.46,0.67,0.56,0.37,0.65,0.68,0.48,0.43,0.66,0.69,0.55,0.4,0.53,0.49,0.48,0.48,0.41,CDM,MID,2
Mohammed Sanan,CAM,India,0.51,0.65,0.57,0.44,0.53,0.23,0.44,0.64,0.65,0.61,0.53,0.54,0.4,0.44,0.52,0.36,0.26,0.28,0.15,0.18,0.44,0.57,CAM,MID,3
Phalguni Singh,CAM,India,0.51,0.72,0.42,0.47,0.51,0.49,0.68,0.8,0.66,0.51,0.42,0.51,0.52,0.62,0.75,0.61,0.49,0.45,0.51,0.53,0.43,0.41,CAM,MID,2
Lucas Dantas,CM,Brazil,0.51,0.62,0.4,0.52,0.47,0.42,0.56,0.64,0.6,0.55,0.51,0.47,0.52,0.54,0.63,0.5,0.41,0.46,0.37,0.46,0.47,0.51,CM,MID,2
Fabian Talladira,CM,Australia,0.51,0.64,0.43,0.5,0.54,0.44,0.51,0.66,0.62,0.71,0.67,0.52,0.48,0.48,0.58,0.39,0.47,0.46,0.42,0.46,0.36,0.49,CM,MID,3
Freddy Willcox,CM,England,0.51,0.66,0.4,0.5,0.56,0.42,0.45,0.65,0.67,0.64,0.75,0.57,0.48,0.41,0.55,0.35,0.43,0.48,0.41,0.38,0.44,0.53,CM,MID,3
Xia Xiaoxi,LM,China PR,0.51,0.64,0.37,0.46,0.51,0.41,0.46,0.68,0.61,0.57,0.91,0.48,0.51,0.33,0.64,0.38,0.38,0.47,0.38,0.44,0.45,0.45,LM,MID,3
Ahn Hyeok Ju,LM,Korea Republic,0.5,0.57,0.38,0.51,0.52,0.35,0.45,0.55,0.58,0.61,0.7,0.53,0.45,0.48,0.4,0.37,0.39,0.45,0.32,0.26,0.42,0.42,LM,MID,3
Faisal Al Sibyani,CDM,Saudi Arabia,0.5,0.59,0.28,0.46,0.5,0.49,0.46,0.6,0.59,0.56,0.75,0.51,0.48,0.49,0.36,0.4,0.51,0.48,0.47,0.5,0.44,0.38,CDM,MID,3
Anas Al Zahrani,CAM,Saudi Arabia,0.5,0.66,0.42,0.48,0.54,0.27,0.39,0.69,0.63,0.7,0.76,0.54,0.42,0.37,0.43,0.41,0.26,0.3,0.3,0.2,0.3,0.46,CAM,MID,3
Andreas Bakeng-Rogne,CM,Norway,0.5,0.72,0.38,0.48,0.53,0.49,0.49,0.7,0.74,0.65,0.62,0.56,0.51,0.41,0.58,0.41,0.48,0.47,0.49,0.53,0.48,0.42,CM,MID,3
Nikhil Barla,RM,India,0.5,0.66,0.5,0.43,0.5,0.43,0.55,0.67,0.65,0.52,0.72,0.5,0.5,0.61,0.56,0.52,0.47,0.45,0.54,0.2,0.44,0.47,RM,MID,3
Gabriel Billington,CM,England,0.5,0.66,0.43,0.47,0.53,0.49,0.6,0.68,0.65,0.71,0.74,0.5,0.51,0.63,0.6,0.62,0.46,0.47,0.51,0.48,0.54,0.49,CM,MID,2
Connor Cook,CM,England,0.5,0.67,0.4,0.5,0.51,0.43,0.5,0.68,0.67,0.66,0.68,0.5,0.49,0.5,0.57,0.43,0.48,0.41,0.39,0.44,0.38,0.44,CM,MID,3
Anton Dworzak,CM,England,0.5,0.64,0.46,0.49,0.5,0.44,0.55,0.62,0.65,0.63,0.67,0.5,0.49,0.66,0.43,0.57,0.48,0.43,0.38,0.44,0.47,0.54,CM,MID,2
Lalremtluanga Fanai,CDM,India,0.5,0.63,0.34,0.43,0.47,0.44,0.55,0.68,0.58,0.56,0.54,0.48,0.55,0.5,0.66,0.49,0.4,0.45,0.47,0.44,0.46,0.45,CDM,MID,2
Hong Sung Moo,CM,Korea Republic,0.5,0.53,0.36,0.47,0.51,0.47,0.58,0.5,0.55,0.63,0.75,0.53,0.45,0.57,0.65,0.51,0.52,0.53,0.41,0.46,0.5,0.45,CM,MID,2
Michael Hutter,CM,Austria,0.5,0.64,0.37,0.49,0.5,0.42,0.52,0.61,0.67,0.56,0.53,0.53,0.47,0.49,0.59,0.48,0.44,0.48,0.36,0.39,0.51,0.5,CM,MID,2
Jia Feifan,CM,China PR,0.5,0.66,0.39,0.5,0.49,0.45,0.56,0.66,0.66,0.64,0.56,0.5,0.5,0.56,0.56,0.48,0.49,0.46,0.4,0.46,0.42,0.45,CM,MID,2
Kang Do Uk,CAM,Korea Republic,0.5,0.58,0.43,0.47,0.55,0.31,0.42,0.55,0.61,0.59,0.7,0.52,0.46,0.45,0.42,0.34,0.29,0.38,0.33,0.26,0.36,0.46,CAM,MID,3
Jeorgio Kocevski,CM,United States,0.5,0.63,0.4,0.52,0.49,0.41,0.59,0.61,0.65,0.57,0.56,0.49,0.49,0.63,0.57,0.56,0.42,0.43,0.38,0.41,0.49,0.52,CM,MID,2
Min Young Lee,CM,Korea DPR,0.5,0.63,0.4,0.48,0.52,0.4,0.52,0.63,0.63,0.53,0.69,0.52,0.54,0.5,0.55,0.51,0.39,0.47,0.35,0.41,0.5,0.59,CM,MID,3
Lee Yo Seb,CDM,Korea Republic,0.5,0.61,0.35,0.49,0.46,0.44,0.51,0.6,0.61,0.52,0.55,0.46,0.49,0.48,0.51,0.47,0.46,0.52,0.38,0.42,0.5,0.42,CDM,MID,2
Cristian Licsandru,CM,Romania,0.5,0.63,0.38,0.5,0.49,0.52,0.52,0.61,0.64,0.58,0.69,0.5,0.48,0.52,0.47,0.51,0.55,0.54,0.48,0.52,0.5,0.43,CM,MID,2
Owen Lunt,CM,England,0.5,0.65,0.39,0.47,0.5,0.42,0.47,0.66,0.64,0.57,0.7,0.47,0.52,0.4,0.54,0.39,0.45,0.46,0.38,0.4,0.46,0.5,CM,MID,3
Callum McCay,CDM,Northern Ireland,0.5,0.55,0.35,0.41,0.46,0.48,0.59,0.53,0.57,0.5,0.34,0.49,0.52,0.66,0.5,0.48,0.5,0.48,0.48,0.49,0.42,0.47,CDM,MID,2
Sean Moore,CDM,Republic of Ireland,0.5,0.63,0.4,0.44,0.52,0.45,0.51,0.63,0.63,0.53,0.53,0.54,0.53,0.52,0.46,0.43,0.48,0.51,0.42,0.44,0.42,0.45,CDM,MID,2
Harry O'Connor,CAM,Republic of Ireland,0.5,0.65,0.39,0.46,0.57,0.35,0.4,0.64,0.66,0.71,0.71,0.53,0.48,0.32,0.55,0.4,0.32,0.37,0.32,0.41,0.37,0.41,CAM,MID,3
Sergio Oregel,CM,United States,0.5,0.64,0.4,0.51,0.55,0.34,0.44,0.61,0.67,0.65,0.78,0.5,0.54,0.43,0.54,0.32,0.35,0.43,0.32,0.29,0.35,0.54,CM,MID,3
Charlie Osborne,CDM,England,0.5,0.62,0.45,0.42,0.49,0.53,0.54,0.6,0.64,0.55,0.57,0.51,0.53,0.56,0.5,0.56,0.48,0.5,0.55,0.57,0.53,0.43,CDM,MID,2
Abduhelil Osmanjan,CM,China PR,0.5,0.7,0.39,0.49,0.51,0.38,0.5,0.7,0.7,0.55,0.77,0.51,0.51,0.42,0.62,0.36,0.4,0.42,0.33,0.4,0.4,0.49,CM,MID,3
Oliver Patrick,CM,England,0.5,0.65,0.52,0.48,0.5,0.44,0.52,0.67,0.63,0.61,0.68,0.5,0.48,0.52,0.57,0.45,0.43,0.41,0.45,0.44,0.42,0.55,CM,MID,3
Jaylan Pearman,CAM,Australia,0.5,0.59,0.41,0.51,0.51,0.4,0.43,0.57,0.6,0.58,0.74,0.53,0.49,0.47,0.33,0.37,0.38,0.47,0.48,0.25,0.41,0.47,CAM,MID,3
Ashis Pradhan,CM,India,0.5,0.58,0.44,0.51,0.49,0.47,0.53,0.63,0.54,0.5,0.5,0.53,0.54,0.55,0.45,0.47,0.49,0.5,0.44,0.47,0.42,0.46,CM,MID,2
Jonathan Shore,CM,United States,0.5,0.57,0.45,0.48,0.52,0.42,0.46,0.52,0.61,0.58,0.79,0.53,0.51,0.41,0.58,0.29,0.44,0.42,0.39,0.46,0.41,0.5,CM,MID,3
Maheson Singh,CM,India,0.5,0.58,0.4,0.45,0.54,0.48,0.5,0.62,0.55,0.59,0.89,0.53,0.5,0.44,0.58,0.39,0.48,0.48,0.49,0.49,0.46,0.46,CM,MID,3
Kyle White,CM,England,0.5,0.55,0.38,0.47,0.51,0.49,0.55,0.57,0.54,0.57,0.57,0.49,0.49,0.52,0.61,0.46,0.48,0.5,0.47,0.53,0.45,0.47,CM,MID,2
Zhang Tao,RM,China PR,0.5,0.6,0.42,0.4,0.54,0.5,0.55,0.63,0.58,0.71,0.7,0.53,0.48,0.55,0.59,0.47,0.48,0.5,0.55,0.51,0.42,0.4,RM,MID,2
Bader Al Mutairi,CM,Saudi Arabia,0.49,0.64,0.35,0.48,0.52,0.48,0.44,0.64,0.64,0.52,0.76,0.53,0.52,0.43,0.45,0.34,0.51,0.46,0.48,0.49,0.41,0.44,CM,MID,3
An Chi Woo,CM,Korea Republic,0.49,0.56,0.41,0.49,0.53,0.38,0.51,0.55,0.57,0.61,0.52,0.55,0.51,0.55,0.44,0.41,0.45,0.34,0.32,0.38,0.34,0.48,CM,MID,3
Harry Ashfield,CM,Wales,0.49,0.62,0.37,0.47,0.51,0.41,0.52,0.63,0.62,0.6,0.6,0.51,0.49,0.54,0.54,0.44,0.43,0.41,0.39,0.41,0.44,0.46,CM,MID,3
Bae Soo Min,CM,Korea Republic,0.49,0.61,0.42,0.46,0.49,0.45,0.59,0.62,0.61,0.55,0.61,0.48,0.5,0.58,0.6,0.48,0.5,0.38,0.42,0.45,0.43,0.5,CM,MID,2
Javier Casas Jr.,CM,United States,0.49,0.56,0.43,0.51,0.54,0.37,0.38,0.53,0.59,0.7,0.82,0.53,0.48,0.42,0.33,0.28,0.41,0.48,0.37,0.25,0.37,0.52,CM,MID,3
Du Zhixuan,CM,China PR,0.49,0.5,0.36,0.48,0.46,0.46,0.6,0.57,0.44,0.46,0.54,0.48,0.46,0.68,0.48,0.51,0.5,0.51,0.38,0.49,0.43,0.44,CM,MID,2
Heo Dong Min,CDM,Korea Republic,0.49,0.58,0.32,0.44,0.45,0.45,0.58,0.61,0.56,0.58,0.57,0.46,0.53,0.65,0.52,0.51,0.49,0.46,0.42,0.44,0.43,0.41,CDM,MID,2
Kang Hyun Je,CM,Korea Republic,0.49,0.52,0.4,0.5,0.54,0.31,0.56,0.53,0.51,0.46,0.58,0.56,0.51,0.65,0.5,0.45,0.36,0.3,0.31,0.22,0.32,0.48,CM,MID,3
Kim Min Sub,CM,Korea Republic,0.49,0.6,0.44,0.49,0.55,0.36,0.44,0.61,0.59,0.62,0.78,0.59,0.48,0.48,0.42,0.37,0.33,0.38,0.42,0.29,0.37,0.5,CM,MID,3
Kim Jae Min,CM,Korea Republic,0.49,0.54,0.39,0.48,0.48,0.41,0.53,0.52,0.56,0.6,0.61,0.51,0.51,0.53,0.57,0.38,0.49,0.35,0.39,0.35,0.38,0.46,CM,MID,3
Liu Yujie,CM,China PR,0.49,0.64,0.4,0.46,0.5,0.43,0.46,0.65,0.63,0.58,0.8,0.5,0.5,0.35,0.63,0.37,0.48,0.46,0.4,0.38,0.45,0.5,CM,MID,3
Liu Weicheng,CM,China PR,0.49,0.59,0.37,0.48,0.47,0.49,0.58,0.58,0.59,0.58,0.75,0.49,0.48,0.61,0.52,0.49,0.5,0.51,0.48,0.51,0.44,0.43,CM,MID,2
Lu Zhiyuan,CDM,China PR,0.49,0.55,0.38,0.44,0.46,0.48,0.54,0.59,0.52,0.56,0.54,0.45,0.51,0.6,0.5,0.53,0.54,0.5,0.46,0.42,0.46,0.44,CDM,MID,2
Franklin Nazareth,CDM,India,0.49,0.46,0.32,0.45,0.46,0.45,0.55,0.36,0.55,0.51,0.66,0.43,0.51,0.59,0.45,0.43,0.47,0.52,0.42,0.44,0.46,0.46,CDM,MID,2
Macarton Louis Nickson,CM,India,0.49,0.68,0.5,0.47,0.51,0.44,0.41,0.7,0.66,0.59,0.52,0.53,0.35,0.34,0.53,0.3,0.51,0.41,0.41,0.47,0.32,0.52,CM,MID,3
Luke O'Donnell,CM,Republic of Ireland,0.49,0.63,0.34,0.47,0.53,0.44,0.5,0.62,0.63,0.55,0.64,0.52,0.51,0.46,0.52,0.39,0.46,0.44,0.4,0.49,0.44,0.48,CM,MID,3
Bekey Oram,CAM,India,0.49,0.6,0.37,0.46,0.52,0.3,0.39,0.53,0.66,0.58,0.5,0.54,0.52,0.34,0.46,0.27,0.34,0.31,0.26,0.29,0.31,0.48,CAM,MID,3
Park Jae Hyun,LM,Korea Republic,0.49,0.62,0.37,0.4,0.49,0.44,0.57,0.61,0.62,0.6,0.62,0.43,0.56,0.56,0.62,0.46,0.46,0.46,0.42,0.46,0.4,0.4,LM,MID,2
Harsh Patre,CDM,India,0.49,0.53,0.37,0.43,0.45,0.47,0.51,0.54,0.52,0.55,0.7,0.43,0.48,0.44,0.6,0.36,0.5,0.54,0.39,0.49,0.46,0.45,CDM,MID,2
Tomas Pondeca,CAM,United States,0.49,0.59,0.39,0.48,0.54,0.31,0.53,0.56,0.62,0.52,0.71,0.5,0.46,0.65,0.38,0.45,0.32,0.38,0.33,0.21,0.3,0.47,CAM,MID,3
Son Seung Min,CM,Korea Republic,0.49,0.55,0.42,0.49,0.51,0.42,0.42,0.57,0.53,0.61,0.66,0.52,0.51,0.45,0.39,0.36,0.42,0.48,0.39,0.45,0.42,0.52,CM,MID,3
Sun Xuelong,CM,China PR,0.49,0.68,0.41,0.5,0.52,0.4,0.46,0.68,0.68,0.71,0.6,0.52,0.45,0.4,0.54,0.39,0.4,0.4,0.38,0.41,0.45,0.42,CM,MID,3
Abhishek Suryavanshi,CM,India,0.49,0.54,0.44,0.5,0.53,0.36,0.42,0.55,0.53,0.65,0.72,0.52,0.54,0.43,0.41,0.4,0.4,0.41,0.33,0.29,0.38,0.49,CM,MID,3
Alejandro Urzua,CM,United States,0.49,0.62,0.38,0.46,0.47,0.46,0.52,0.61,0.63,0.55,0.55,0.48,0.51,0.5,0.57,0.47,0.43,0.48,0.45,0.5,0.46,0.48,CM,MID,2
Chen Xuhuang,CDM,China PR,0.48,0.56,0.36,0.44,0.48,0.47,0.47,0.55,0.56,0.58,0.73,0.45,0.49,0.44,0.53,0.36,0.49,0.5,0.44,0.49,0.45,0.42,CDM,MID,3
Choi Min Ki,CM,Korea Republic,0.48,0.65,0.38,0.47,0.48,0.39,0.56,0.62,0.67,0.6,0.66,0.49,0.46,0.52,0.61,0.48,0.41,0.44,0.31,0.4,0.46,0.53,CM,MID,3
Billy Gilmore,CM,Republic of Ireland,0.48,0.65,0.37,0.45,0.48,0.41,0.53,0.66,0.64,0.5,0.56,0.47,0.5,0.47,0.63,0.46,0.44,0.45,0.34,0.4,0.49,0.51,CM,MID,3
Min Ji Hoon,CAM,Korea Republic,0.48,0.61,0.34,0.51,0.51,0.33,0.43,0.55,0.65,0.53,0.77,0.5,0.43,0.46,0.4,0.35,0.37,0.4,0.31,0.25,0.4,0.4,CAM,MID,3
Wei Zhiwei,RM,China PR,0.48,0.64,0.45,0.46,0.47,0.25,0.4,0.65,0.64,0.61,0.7,0.44,0.3,0.43,0.45,0.33,0.27,0.27,0.21,0.22,0.39,0.53,RM,MID,3
Wu Lei,CDM,China PR,0.48,0.59,0.37,0.47,0.45,0.45,0.63,0.64,0.54,0.55,0.53,0.4,0.48,0.72,0.55,0.56,0.4,0.49,0.52,0.4,0.41,0.52,CDM,MID,2
Zhang Xingliang,RM,China PR,0.48,0.59,0.47,0.45,0.5,0.23,0.4,0.56,0.62,0.62,0.79,0.5,0.32,0.38,0.53,0.27,0.26,0.3,0.19,0.15,0.35,0.51,RM,MID,3
Zhou Jianyan,CM,China PR,0.48,0.58,0.34,0.44,0.51,0.44,0.4,0.55,0.6,0.72,0.92,0.51,0.56,0.31,0.57,0.27,0.48,0.46,0.42,0.45,0.32,0.34,CM,MID,3
Fredy Chawngthansanga,CAM,India,0.47,0.62,0.4,0.45,0.49,0.32,0.46,0.67,0.57,0.79,0.84,0.49,0.43,0.35,0.58,0.4,0.32,0.29,0.31,0.34,0.35,0.39,CAM,MID,3
Lalchungnunga Chhangte,CM,India,0.47,0.66,0.37,0.45,0.48,0.43,0.53,0.63,0.68,0.65,0.81,0.47,0.4,0.49,0.61,0.39,0.47,0.47,0.42,0.36,0.43,0.48,CM,MID,3
Hwang Seo Ung,CAM,Korea Republic,0.47,0.57,0.36,0.43,0.56,0.32,0.47,0.53,0.6,0.58,0.62,0.56,0.5,0.56,0.38,0.39,0.31,0.38,0.32,0.29,0.32,0.44,CAM,MID,3
Jo In Jung,CM,Korea Republic,0.47,0.65,0.37,0.46,0.47,0.42,0.59,0.64,0.66,0.58,0.58,0.41,0.55,0.6,0.62,0.55,0.44,0.49,0.38,0.37,0.47,0.47,CM,MID,2
Isaiah Jones,CM,Sierra Leone,0.47,0.75,0.31,0.43,0.49,0.49,0.49,0.76,0.74,0.66,0.62,0.47,0.52,0.46,0.51,0.46,0.48,0.49,0.51,0.52,0.41,0.45,CM,MID,3
Kang Gyo Hoon,CM,Korea Republic,0.47,0.53,0.35,0.45,0.46,0.43,0.54,0.54,0.53,0.52,0.62,0.46,0.5,0.57,0.53,0.42,0.48,0.37,0.39,0.48,0.4,0.3,CM,MID,2
Kim Dong Min,CDM,Korea Republic,0.47,0.52,0.34,0.43,0.49,0.45,0.43,0.54,0.5,0.61,0.67,0.49,0.5,0.4,0.45,0.29,0.46,0.48,0.45,0.42,0.44,0.46,CDM,MID,3
Kim Se Hoon,CM,Korea Republic,0.47,0.63,0.36,0.47,0.48,0.37,0.42,0.64,0.63,0.61,0.77,0.44,0.5,0.35,0.52,0.36,0.37,0.4,0.33,0.38,0.46,0.54,CM,MID,3
Liao Rongxiang,CM,China PR,0.47,0.66,0.37,0.47,0.48,0.4,0.51,0.67,0.65,0.65,0.81,0.42,0.45,0.44,0.61,0.4,0.42,0.44,0.32,0.44,0.48,0.53,CM,MID,3
Min Zixi,CM,China PR,0.47,0.61,0.38,0.43,0.5,0.4,0.44,0.62,0.6,0.71,0.76,0.48,0.5,0.33,0.61,0.35,0.38,0.44,0.38,0.42,0.46,0.52,CM,MID,3
Ning Fangze,CM,China PR,0.47,0.5,0.37,0.45,0.46,0.38,0.45,0.49,0.5,0.52,0.66,0.44,0.48,0.37,0.56,0.31,0.4,0.43,0.32,0.37,0.46,0.44,CM,MID,3
Park Hyung Woo,RM,Korea Republic,0.47,0.6,0.39,0.4,0.52,0.2,0.4,0.61,0.6,0.63,0.71,0.46,0.38,0.4,0.45,0.27,0.21,0.2,0.21,0.16,0.26,0.4,RM,MID,3
Park Jin Hong,CM,Korea Republic,0.47,0.65,0.36,0.43,0.47,0.36,0.58,0.68,0.62,0.51,0.63,0.49,0.53,0.58,0.6,0.53,0.36,0.43,0.32,0.36,0.45,0.49,CM,MID,3
Engson Singh,CAM,India,0.47,0.31,0.45,0.47,0.52,0.34,0.45,0.32,0.31,0.64,0.68,0.5,0.32,0.36,0.65,0.27,0.39,0.4,0.33,0.23,0.37,0.48,CAM,MID,3
Ousmane Sylla,CM,Senegal,0.47,0.67,0.38,0.46,0.45,0.4,0.55,0.66,0.67,0.59,0.71,0.42,0.46,0.53,0.56,0.49,0.41,0.47,0.36,0.37,0.47,0.5,CM,MID,3
Won Hui Do,CM,Korea Republic,0.47,0.66,0.35,0.46,0.46,0.41,0.64,0.69,0.63,0.54,0.59,0.43,0.46,0.68,0.65,0.6,0.42,0.49,0.34,0.42,0.49,0.52,CM,MID,2
Wu Yuhang,CDM,China PR,0.47,0.56,0.34,0.43,0.45,0.43,0.54,0.51,0.6,0.57,0.6,0.42,0.45,0.57,0.49,0.42,0.45,0.51,0.4,0.43,0.42,0.4,CDM,MID,2
